variant_name,epoch,round_id,round_pos,instance_id,instance_occurrence,lr,train_loss,train_rollout_cmax,current_objective,train_time_sec,eval_time_sec,cycle_time_sec,running_cb,running_ca
industrial_changeover,3,1,3,Order3,1,9.996000000000001e-05,0.41505540162324905,1277.0,1426.0,11.638670206069946,1.1102972030639648,12.748967409133911,1426.0,1426.0
industrial_changeover,8,2,3,Order3,2,9.986000000000001e-05,0.17906007915735245,1331.0,1426.0,14.08279800415039,1.0833592414855957,15.166157245635986,1426.0,1426.0
industrial_changeover,13,3,3,Order3,3,9.976000000000001e-05,0.2706396356225014,1348.0,1305.0,14.076659917831421,1.0869243144989014,15.163584232330322,1305.0,1385.6666666666667
industrial_changeover,18,4,3,Order3,4,9.966e-05,0.16345349326729774,1266.0,1330.0,14.22871470451355,1.082345962524414,15.311060667037964,1305.0,1371.75
industrial_changeover,23,5,3,Order3,5,9.956e-05,0.1506110355257988,1242.0,1330.0,14.14263129234314,1.076131820678711,15.21876311302185,1305.0,1363.4
industrial_changeover,28,6,3,Order3,6,9.946000000000001e-05,0.5348489582538605,1530.0,1330.0,14.113556385040283,1.0724871158599854,15.186043500900269,1305.0,1357.8333333333333
industrial_changeover,33,7,3,Order3,7,9.936000000000001e-05,0.19256870448589325,1349.0,1246.0,14.605130195617676,1.087963342666626,15.693093538284302,1246.0,1341.857142857143
industrial_changeover,38,8,3,Order3,8,9.926000000000001e-05,0.1905820034444332,1302.0,1246.0,14.422414779663086,1.078733205795288,15.501147985458374,1246.0,1329.875
industrial_changeover,43,9,3,Order3,9,9.916e-05,0.23372889682650566,1331.0,1241.0,14.083215475082397,1.082759141921997,15.165974617004395,1241.0,1320.0
industrial_changeover,48,10,3,Order3,10,9.906e-05,0.24910663440823555,1346.0,1216.0,14.190485954284668,1.0850191116333008,15.275505065917969,1216.0,1309.6
industrial_changeover,53,11,3,Order3,11,9.896000000000001e-05,0.19970766827464104,1301.0,1241.0,14.211426734924316,1.1184489727020264,15.329875707626343,1216.0,1303.3636363636363
industrial_changeover,58,12,3,Order3,12,9.886000000000001e-05,0.21424278244376183,1281.0,1241.0,14.036187648773193,1.0795223712921143,15.115710020065308,1216.0,1298.1666666666667
industrial_changeover,63,13,3,Order3,13,9.876000000000001e-05,0.3727906495332718,1509.0,1241.0,14.523838996887207,1.0728747844696045,15.596713781356812,1216.0,1293.7692307692307
industrial_changeover,68,14,3,Order3,14,9.866000000000001e-05,0.29828690737485886,1422.0,1434.0,14.798039197921753,1.1655609607696533,15.963600158691406,1216.0,1303.7857142857142
industrial_changeover,73,15,3,Order3,15,9.856e-05,0.20922359824180603,1348.0,1246.0,14.580533504486084,1.1055200099945068,15.68605351448059,1216.0,1299.9333333333334
industrial_changeover,78,16,3,Order3,16,9.846e-05,0.30304616689682007,1405.0,1350.0,16.054393529891968,1.1306416988372803,17.185035228729248,1216.0,1303.0625
industrial_changeover,83,17,3,Order3,17,9.836000000000001e-05,0.18139787018299103,1381.0,1348.0,14.824455261230469,1.1359162330627441,15.960371494293213,1216.0,1305.7058823529412
industrial_changeover,88,18,3,Order3,18,9.826000000000001e-05,0.29211242496967316,1434.0,1350.0,14.943866968154907,1.2220394611358643,16.16590642929077,1216.0,1308.1666666666667
industrial_changeover,93,19,3,Order3,19,9.816000000000001e-05,0.06274598184973001,1213.0,1350.0,15.063368797302246,1.119645595550537,16.183014392852783,1216.0,1310.3684210526317
industrial_changeover,98,20,3,Order3,20,9.806e-05,0.06325357221066952,1266.0,1350.0,14.603219270706177,1.107853889465332,15.711073160171509,1216.0,1312.35
industrial_changeover,103,21,3,Order3,21,9.796e-05,0.1478581391274929,1319.0,1350.0,14.347849130630493,1.0971119403839111,15.444961071014404,1216.0,1314.142857142857
industrial_changeover,108,22,3,Order3,22,9.786e-05,0.16948063671588898,1302.0,1398.0,14.458262205123901,1.1334466934204102,15.591708898544312,1216.0,1317.9545454545455
industrial_changeover,113,23,3,Order3,23,9.776000000000001e-05,0.16951647028326988,1405.0,1398.0,14.565651416778564,1.1016976833343506,15.667349100112915,1216.0,1321.4347826086957
industrial_changeover,118,24,3,Order3,24,9.766000000000001e-05,0.13018935918807983,1235.0,1397.0,14.353192567825317,1.0974366664886475,15.450629234313965,1216.0,1324.5833333333333
industrial_changeover,123,25,3,Order3,25,9.756000000000001e-05,0.23181990534067154,1434.0,1350.0,14.279844999313354,1.1194484233856201,15.399293422698975,1216.0,1325.6
industrial_changeover,128,26,3,Order3,26,9.746e-05,0.14755553752183914,1335.0,1384.0,14.533933639526367,1.1235296726226807,15.657463312149048,1216.0,1327.8461538461538
industrial_changeover,133,27,3,Order3,27,9.736e-05,0.208866648375988,1422.0,1384.0,14.268308162689209,1.0846498012542725,15.352957963943481,1216.0,1329.9259259259259
industrial_changeover,138,28,3,Order3,28,9.726e-05,0.07261146046221256,1244.0,1397.0,14.494570970535278,1.0978946685791016,15.59246563911438,1216.0,1332.3214285714287
industrial_changeover,143,29,3,Order3,29,9.716000000000001e-05,-0.005542140454053879,1246.0,1457.0,14.238824844360352,1.098463535308838,15.33728837966919,1216.0,1336.6206896551723
industrial_changeover,148,30,3,Order3,30,9.706000000000001e-05,0.14194868132472038,1302.0,1457.0,14.277579069137573,1.175628900527954,15.453207969665527,1216.0,1340.6333333333334
industrial_changeover,153,31,3,Order3,31,9.696000000000001e-05,0.03094275016337633,1235.0,1457.0,14.582302331924438,1.1198720932006836,15.702174425125122,1216.0,1344.3870967741937
industrial_changeover,158,32,3,Order3,32,9.686e-05,0.11783631518483162,1301.0,1384.0,14.43949031829834,1.0827648639678955,15.522255182266235,1216.0,1345.625
industrial_changeover,163,33,3,Order3,33,9.676e-05,0.11758405342698097,1337.0,1457.0,14.50271224975586,1.1061062812805176,15.608818531036377,1216.0,1349.0
industrial_changeover,168,34,3,Order3,34,9.666e-05,0.06953037343919277,1242.0,1457.0,14.442827939987183,1.10282564163208,15.545653581619263,1216.0,1352.1764705882354
industrial_changeover,173,35,3,Order3,35,9.656000000000001e-05,-0.040549030527472496,1241.0,1457.0,14.19360065460205,1.0843455791473389,15.27794623374939,1216.0,1355.1714285714286
industrial_changeover,178,36,3,Order3,36,9.646000000000001e-05,0.07638442143797874,1245.0,1457.0,14.233344554901123,1.0799212455749512,15.313265800476074,1216.0,1358.0
industrial_changeover,183,37,3,Order3,37,9.636e-05,0.11105841398239136,1346.0,1384.0,14.52406120300293,1.0933277606964111,15.61738896369934,1216.0,1358.7027027027027
industrial_changeover,188,38,3,Order3,38,9.626e-05,0.015292016556486487,1277.0,1346.0,14.257861852645874,1.0920844078063965,15.34994626045227,1216.0,1358.3684210526317
industrial_changeover,193,39,3,Order3,39,9.616e-05,0.05958643741905689,1277.0,1346.0,14.314666748046875,1.0855565071105957,15.40022325515747,1216.0,1358.051282051282
industrial_changeover,198,40,3,Order3,40,9.606000000000001e-05,0.009748935932293534,1227.0,1346.0,14.438386678695679,1.1053252220153809,15.54371190071106,1216.0,1357.75
industrial_changeover,203,41,3,Order3,41,9.596000000000001e-05,0.08479086495935917,1227.0,1346.0,14.443667888641357,1.1311872005462646,15.574855089187622,1216.0,1357.4634146341464
industrial_changeover,208,42,3,Order3,42,9.586000000000001e-05,0.20027802884578705,1422.0,1346.0,14.575852155685425,1.1022331714630127,15.678085327148438,1216.0,1357.1904761904761
industrial_changeover,213,43,3,Order3,43,9.576e-05,0.07756754569709301,1370.0,1346.0,14.52595591545105,1.0631773471832275,15.589133262634277,1216.0,1356.9302325581396
industrial_changeover,218,44,3,Order3,44,9.566e-05,0.013930347049608827,1301.0,1346.0,14.518474817276001,1.1252524852752686,15.64372730255127,1216.0,1356.6818181818182
industrial_changeover,223,45,3,Order3,45,9.556e-05,0.08163246884942055,1275.0,1384.0,14.676359415054321,1.133329153060913,15.809688568115234,1216.0,1357.2888888888888
industrial_changeover,228,46,3,Order3,46,9.546000000000001e-05,0.23719384148716927,1426.0,1384.0,14.407468318939209,1.1128194332122803,15.52028775215149,1216.0,1357.8695652173913
industrial_changeover,233,47,3,Order3,47,9.536000000000001e-05,0.07897419854998589,1381.0,1384.0,14.665550470352173,1.0948154926300049,15.760365962982178,1216.0,1358.4255319148936
industrial_changeover,238,48,3,Order3,48,9.526e-05,0.02136852592229843,1279.0,1384.0,14.629477977752686,1.111391305923462,15.740869283676147,1216.0,1358.9583333333333
industrial_changeover,243,49,3,Order3,49,9.516e-05,0.10854344815015793,1352.0,1384.0,14.428740739822388,1.1510634422302246,15.579804182052612,1216.0,1359.469387755102
industrial_changeover,248,50,3,Order3,50,9.506e-05,0.09279499761760235,1277.0,1384.0,14.080474615097046,1.1358144283294678,15.216289043426514,1216.0,1359.96
industrial_changeover,253,51,3,Order3,51,9.496e-05,0.026839070953428745,1331.0,1384.0,14.224795818328857,1.0969164371490479,15.321712255477905,1216.0,1360.4313725490197
industrial_changeover,258,52,3,Order3,52,9.486000000000001e-05,0.2147853970527649,1422.0,1384.0,14.302112817764282,1.1082372665405273,15.41035008430481,1216.0,1360.8846153846155
industrial_changeover,263,53,3,Order3,53,9.476000000000001e-05,0.06388022750616074,1423.0,1416.0,14.650362253189087,1.0595815181732178,15.709943771362305,1216.0,1361.9245283018868
industrial_changeover,268,54,3,Order3,54,9.466e-05,0.042405170388519764,1301.0,1350.0,14.602195024490356,1.0953094959259033,15.69750452041626,1216.0,1361.7037037037037
industrial_changeover,273,55,3,Order3,55,9.456e-05,0.0858810730278492,1380.0,1349.0,14.28570294380188,1.1002833843231201,15.385986328125,1216.0,1361.4727272727273
industrial_changeover,278,56,3,Order3,56,9.446e-05,0.14472313970327377,1406.0,1349.0,14.659640789031982,1.1204063892364502,15.780047178268433,1216.0,1361.25
industrial_changeover,283,57,3,Order3,57,9.436e-05,-0.07684611156582832,1245.0,1444.0,14.317223072052002,1.0954694747924805,15.412692546844482,1216.0,1362.701754385965
industrial_changeover,288,58,3,Order3,58,9.426000000000001e-05,-0.030976813286542892,1188.0,1444.0,14.191182851791382,1.1067547798156738,15.297937631607056,1216.0,1364.103448275862
industrial_changeover,293,59,3,Order3,59,9.416e-05,0.16488325968384743,1444.0,1444.0,14.361406803131104,1.0987346172332764,15.46014142036438,1216.0,1365.457627118644
industrial_changeover,298,60,3,Order3,60,9.406e-05,0.027091174386441708,1228.0,1349.0,14.3856840133667,1.101804256439209,15.487488269805908,1216.0,1365.1833333333334
industrial_changeover,303,61,3,Order3,61,9.396e-05,0.10815864615142345,1435.0,1350.0,14.246717929840088,1.0823612213134766,15.329079151153564,1216.0,1364.9344262295083
industrial_changeover,308,62,3,Order3,62,9.386e-05,0.09199610911309719,1294.0,1416.0,14.216517210006714,1.1018502712249756,15.31836748123169,1216.0,1365.758064516129
industrial_changeover,313,63,3,Order3,63,9.376e-05,0.03351037949323654,1398.0,1350.0,14.32164716720581,1.1117157936096191,15.43336296081543,1216.0,1365.5079365079366
industrial_changeover,318,64,3,Order3,64,9.366000000000001e-05,0.09375912323594093,1316.0,1359.0,14.076914072036743,1.108461618423462,15.185375690460205,1216.0,1365.40625
industrial_changeover,323,65,3,Order3,65,9.356e-05,-0.014968296745792031,1251.0,1416.0,14.224186897277832,1.0881261825561523,15.312313079833984,1216.0,1366.1846153846154
industrial_changeover,328,66,3,Order3,66,9.346e-05,0.09332371316850185,1303.0,1416.0,14.434417247772217,1.0962498188018799,15.530667066574097,1216.0,1366.939393939394
industrial_changeover,333,67,3,Order3,67,9.336e-05,0.014278883580118418,1302.0,1349.0,14.576604127883911,1.1376519203186035,15.714256048202515,1216.0,1366.6716417910447
industrial_changeover,338,68,3,Order3,68,9.326e-05,0.1556413285434246,1425.0,1349.0,14.35181736946106,1.0848181247711182,15.436635494232178,1216.0,1366.4117647058824
industrial_changeover,343,69,3,Order3,69,9.316000000000001e-05,0.013272786512970924,1228.0,1384.0,14.351091146469116,1.1124277114868164,15.463518857955933,1216.0,1366.6666666666667
industrial_changeover,348,70,3,Order3,70,9.306000000000001e-05,-0.043498300947248936,1241.0,1263.0,14.63138747215271,1.1603283882141113,15.791715860366821,1216.0,1365.1857142857143
industrial_changeover,353,71,3,Order3,71,9.296e-05,0.01556800166144967,1235.0,1263.0,14.477286100387573,1.1010968685150146,15.578382968902588,1216.0,1363.7464788732395
industrial_changeover,358,72,3,Order3,72,9.286e-05,0.01730612339451909,1339.0,1263.0,14.627445220947266,1.1037514209747314,15.731196641921997,1216.0,1362.3472222222222
industrial_changeover,363,73,3,Order3,73,9.276e-05,0.1530628241598606,1397.0,1263.0,14.392684936523438,1.091198444366455,15.483883380889893,1216.0,1360.986301369863
industrial_changeover,368,74,3,Order3,74,9.266e-05,0.07927507720887661,1386.0,1263.0,14.420110702514648,1.1040732860565186,15.524183988571167,1216.0,1359.662162162162
industrial_changeover,373,75,3,Order3,75,9.256000000000001e-05,0.08926060236990452,1291.0,1263.0,14.509510040283203,1.1119089126586914,15.621418952941895,1216.0,1358.3733333333332
industrial_changeover,378,76,3,Order3,76,9.246e-05,-0.04437450785189867,1274.0,1368.0,14.3348867893219,1.1106858253479004,15.4455726146698,1216.0,1358.5
industrial_changeover,383,77,3,Order3,77,9.236e-05,0.08971413411200047,1349.0,1368.0,14.305453300476074,1.0884668827056885,15.393920183181763,1216.0,1358.6233766233765
industrial_changeover,388,78,3,Order3,78,9.226e-05,0.026008056476712227,1235.0,1368.0,14.402524948120117,1.1064186096191406,15.508943557739258,1216.0,1358.7435897435898
industrial_changeover,393,79,3,Order3,79,9.216e-05,0.04879256337881088,1313.0,1305.0,14.43015170097351,1.1163551807403564,15.546506881713867,1216.0,1358.0632911392406
industrial_changeover,398,80,3,Order3,80,9.206e-05,-0.05129300244152546,1265.0,1330.0,14.403114080429077,1.0877881050109863,15.490902185440063,1216.0,1357.7125
industrial_changeover,403,81,3,Order3,81,9.196000000000001e-05,-0.0026731807738542557,1265.0,1251.0,14.420465230941772,1.100569486618042,15.521034717559814,1216.0,1356.3950617283951
industrial_changeover,408,82,3,Order3,82,9.186e-05,0.03423986490815878,1298.0,1247.0,14.805192470550537,1.132739543914795,15.937932014465332,1216.0,1355.060975609756
industrial_changeover,413,83,3,Order3,83,9.176e-05,0.00017624584143050015,1276.0,1269.0,14.415520906448364,1.1242728233337402,15.539793729782104,1216.0,1354.0240963855422
industrial_changeover,418,84,3,Order3,84,9.166e-05,0.06054386775940657,1320.0,1175.0,14.658532619476318,1.1220393180847168,15.780571937561035,1175.0,1351.892857142857
industrial_changeover,423,85,3,Order3,85,9.156e-05,0.03587094694375992,1293.0,1175.0,14.472071170806885,1.1197407245635986,15.591811895370483,1175.0,1349.8117647058823
industrial_changeover,428,86,3,Order3,86,9.146e-05,0.2443561926484108,1461.0,1182.0,14.203830480575562,1.0989139080047607,15.302744388580322,1175.0,1347.860465116279
industrial_changeover,433,87,3,Order3,87,9.136e-05,0.02023619506508112,1379.0,1182.0,14.41565752029419,1.1027271747589111,15.5183846950531,1175.0,1345.9540229885058
industrial_changeover,438,88,3,Order3,88,9.126e-05,0.13903243094682693,1423.0,1182.0,14.450369358062744,1.0484545230865479,15.498823881149292,1175.0,1344.090909090909
industrial_changeover,443,89,3,Order3,89,9.116e-05,-0.0021249723504297435,1380.0,1182.0,14.346235990524292,1.0814406871795654,15.427676677703857,1175.0,1342.2696629213483
industrial_changeover,448,90,3,Order3,90,9.106e-05,0.0598554527387023,1349.0,1169.0,14.305867910385132,1.090735912322998,15.39660382270813,1169.0,1340.3444444444444
industrial_changeover,453,91,3,Order3,91,9.096e-05,-0.06127752084285021,1208.0,1169.0,14.221808910369873,1.1459519863128662,15.36776089668274,1169.0,1338.4615384615386
industrial_changeover,458,92,3,Order3,92,9.086e-05,-0.021324284840375185,1294.0,1175.0,14.257583618164062,1.1069774627685547,15.364561080932617,1169.0,1336.6847826086957
industrial_changeover,463,93,3,Order3,93,9.076e-05,-0.014150100527331233,1208.0,1175.0,14.23766827583313,1.1092443466186523,15.346912622451782,1169.0,1334.9462365591398
industrial_changeover,468,94,3,Order3,94,9.066e-05,-0.08293776959180832,1301.0,1175.0,14.46992540359497,1.090768575668335,15.560693979263306,1169.0,1333.2446808510638
industrial_changeover,473,95,3,Order3,95,9.056e-05,0.10862618871033192,1342.0,1175.0,14.281521081924438,1.076667308807373,15.358188390731812,1169.0,1331.578947368421
industrial_changeover,478,96,3,Order3,96,9.046e-05,0.0017174895328935236,1345.0,1169.0,14.473856687545776,1.1518714427947998,15.625728130340576,1169.0,1329.8854166666667
industrial_changeover,483,97,3,Order3,97,9.036e-05,0.06040113791823387,1302.0,1169.0,14.48223614692688,1.1199448108673096,15.60218095779419,1169.0,1328.2268041237114
industrial_changeover,488,98,3,Order3,98,9.026e-05,-0.09475039876997471,1169.0,1169.0,14.690767049789429,1.108555555343628,15.799322605133057,1169.0,1326.6020408163265
industrial_changeover,493,99,3,Order3,99,9.016e-05,0.13257357478141785,1444.0,1169.0,14.244157791137695,1.1141936779022217,15.358351469039917,1169.0,1325.010101010101
industrial_changeover,498,100,3,Order3,100,9.006e-05,0.08685086667537689,1301.0,1169.0,14.312603235244751,1.1225676536560059,15.435170888900757,1169.0,1323.45
industrial_changeover,503,101,3,Order3,101,8.996e-05,-0.024201813619583845,1244.0,1169.0,14.785902261734009,1.1527252197265625,15.938627481460571,1169.0,1321.920792079208
industrial_changeover,508,102,3,Order3,102,8.986e-05,0.030714894644916058,1276.0,1169.0,14.738373517990112,1.1275341510772705,15.865907669067383,1169.0,1320.421568627451
industrial_changeover,513,103,3,Order3,103,8.976e-05,-0.06440833397209644,1208.0,1169.0,14.890401601791382,1.1543588638305664,16.04476046562195,1169.0,1318.9514563106795
industrial_changeover,518,104,3,Order3,104,8.966e-05,0.1375933215022087,1424.0,1169.0,14.52733588218689,1.1514256000518799,15.67876148223877,1169.0,1317.5096153846155
industrial_changeover,523,105,3,Order3,105,8.956e-05,0.05431866925209761,1277.0,1243.0,14.349358081817627,1.0901973247528076,15.439555406570435,1169.0,1316.8
industrial_changeover,528,106,3,Order3,106,8.946000000000001e-05,-0.01600786717608571,1298.0,1213.0,14.404489040374756,1.1521005630493164,15.556589603424072,1169.0,1315.8207547169811
industrial_changeover,533,107,3,Order3,107,8.936e-05,0.024994890671223402,1281.0,1213.0,14.635950088500977,1.147019386291504,15.78296947479248,1169.0,1314.8598130841121
industrial_changeover,538,108,3,Order3,108,8.926000000000001e-05,0.026974120642989874,1320.0,1175.0,14.446254014968872,1.055854320526123,15.502108335494995,1169.0,1313.5648148148148
industrial_changeover,543,109,3,Order3,109,8.916e-05,0.00857995287515223,1302.0,1169.0,14.420969009399414,1.1341636180877686,15.555132627487183,1169.0,1312.2385321100917
industrial_changeover,548,110,3,Order3,110,8.906e-05,0.006094146170653403,1251.0,1213.0,14.269428730010986,1.0928590297698975,15.362287759780884,1169.0,1311.3363636363636
industrial_changeover,553,111,3,Order3,111,8.896e-05,-0.022800436709076166,1189.0,1213.0,14.523442029953003,1.1168313026428223,15.640273332595825,1169.0,1310.4504504504505
industrial_changeover,558,112,3,Order3,112,8.886000000000001e-05,0.06637982092797756,1279.0,1213.0,14.234509706497192,1.0903563499450684,15.32486605644226,1169.0,1309.580357142857
industrial_changeover,563,113,3,Order3,113,8.876e-05,-0.02978322049602866,1239.0,1213.0,14.19828724861145,1.1138184070587158,15.312105655670166,1169.0,1308.725663716814
industrial_changeover,568,114,3,Order3,114,8.866000000000001e-05,0.06922710314393044,1277.0,1213.0,14.186574935913086,1.0770723819732666,15.263647317886353,1169.0,1307.8859649122808
industrial_changeover,573,115,3,Order3,115,8.855999999999999e-05,0.05930578615516424,1293.0,1169.0,14.295536756515503,1.0809686183929443,15.376505374908447,1169.0,1306.6782608695653
industrial_changeover,578,116,3,Order3,116,8.846e-05,-0.06873109564185143,1251.0,1169.0,14.197192192077637,1.0754380226135254,15.272630214691162,1169.0,1305.4913793103449
industrial_changeover,583,117,3,Order3,117,8.836e-05,-0.0037384231691248715,1245.0,1169.0,14.205835103988647,1.0887842178344727,15.29461932182312,1169.0,1304.3247863247864
industrial_changeover,588,118,3,Order3,118,8.826000000000001e-05,0.07361449301242828,1293.0,1169.0,14.139694929122925,1.081101894378662,15.220796823501587,1169.0,1303.177966101695
industrial_changeover,593,119,3,Order3,119,8.816e-05,0.04574707057327032,1279.0,1169.0,14.069886922836304,1.08024001121521,15.150126934051514,1169.0,1302.0504201680671
industrial_changeover,598,120,3,Order3,120,8.806000000000001e-05,0.0732307881116867,1372.0,1169.0,14.251482009887695,1.0839383602142334,15.335420370101929,1169.0,1300.9416666666666
industrial_changeover,603,121,3,Order3,121,8.796e-05,0.14937645196914673,1422.0,1169.0,14.2232825756073,1.1072206497192383,15.330503225326538,1169.0,1299.8512396694214
industrial_changeover,608,122,3,Order3,122,8.786e-05,-0.0355495885014534,1265.0,1169.0,14.021956443786621,1.0849344730377197,15.10689091682434,1169.0,1298.77868852459
industrial_changeover,613,123,3,Order3,123,8.776000000000001e-05,-0.07446657121181488,1302.0,1169.0,14.174891948699951,1.0857205390930176,15.260612487792969,1169.0,1297.7235772357724
industrial_changeover,618,124,3,Order3,124,8.766000000000001e-05,0.11935672722756863,1304.0,1169.0,14.130281448364258,1.0800905227661133,15.210371971130371,1169.0,1296.6854838709678
industrial_changeover,623,125,3,Order3,125,8.756000000000001e-05,-0.02264462411403656,1301.0,1231.0,14.155611753463745,1.0780909061431885,15.233702659606934,1169.0,1296.16
industrial_changeover,628,126,3,Order3,126,8.746e-05,0.0688638724386692,1301.0,1169.0,14.21677565574646,1.1047735214233398,15.3215491771698,1169.0,1295.1507936507937
industrial_changeover,633,127,3,Order3,127,8.736e-05,-0.01240345393307507,1251.0,1169.0,14.10860824584961,1.0751073360443115,15.183715581893921,1169.0,1294.1574803149606
industrial_changeover,638,128,3,Order3,128,8.726000000000001e-05,0.11468923836946487,1423.0,1169.0,14.123080253601074,1.0868425369262695,15.209922790527344,1169.0,1293.1796875
industrial_changeover,643,129,3,Order3,129,8.716000000000001e-05,0.005310408654622734,1240.0,1169.0,14.238056898117065,1.0914864540100098,15.329543352127075,1169.0,1292.2170542635658
industrial_changeover,648,130,3,Order3,130,8.706000000000001e-05,-0.04015285801142454,1293.0,1169.0,14.190180540084839,1.0880317687988281,15.278212308883667,1169.0,1291.2692307692307
industrial_changeover,653,131,3,Order3,131,8.696000000000001e-05,0.03428168687969446,1292.0,1169.0,14.271610975265503,1.0825231075286865,15.35413408279419,1169.0,1290.3358778625955
industrial_changeover,658,132,3,Order3,132,8.686e-05,0.005576630006544292,1228.0,1169.0,14.221297025680542,1.1294796466827393,15.350776672363281,1169.0,1289.4166666666667
industrial_changeover,663,133,3,Order3,133,8.676e-05,0.06028819363564253,1302.0,1169.0,14.004545450210571,1.0774078369140625,15.081953287124634,1169.0,1288.5112781954888
industrial_changeover,668,134,3,Order3,134,8.666000000000001e-05,0.12539810501039028,1425.0,1196.0,14.226238489151001,1.0784382820129395,15.30467677116394,1169.0,1287.8208955223881
industrial_changeover,673,135,3,Order3,135,8.656000000000001e-05,-0.05942917987704277,1298.0,1196.0,14.108243227005005,1.0875389575958252,15.19578218460083,1169.0,1287.1407407407407
industrial_changeover,678,136,3,Order3,136,8.646000000000001e-05,0.07794740051031113,1303.0,1169.0,14.194462299346924,1.0849437713623047,15.279406070709229,1169.0,1286.2720588235295
industrial_changeover,683,137,3,Order3,137,8.636e-05,0.011919103097170591,1298.0,1196.0,14.234711170196533,1.0929207801818848,15.327631950378418,1169.0,1285.6131386861314
industrial_changeover,688,138,3,Order3,138,8.626e-05,0.12112099677324295,1424.0,1196.0,14.060105323791504,1.0863053798675537,15.146410703659058,1169.0,1284.963768115942
industrial_changeover,693,139,3,Order3,139,8.616e-05,0.12956148013472557,1422.0,1196.0,14.284895896911621,1.074364423751831,15.359260320663452,1169.0,1284.3237410071943
industrial_changeover,698,140,3,Order3,140,8.606000000000001e-05,-0.029635068029165268,1265.0,1196.0,14.17201852798462,1.0892736911773682,15.261292219161987,1169.0,1283.692857142857
industrial_changeover,703,141,3,Order3,141,8.596000000000001e-05,-0.013104110956192017,1302.0,1196.0,14.188425302505493,1.124821424484253,15.313246726989746,1169.0,1283.0709219858156
industrial_changeover,708,142,3,Order3,142,8.586000000000001e-05,0.10787376947700977,1405.0,1231.0,14.362498998641968,1.121081829071045,15.483580827713013,1169.0,1282.7042253521126
industrial_changeover,713,143,3,Order3,143,8.576e-05,-0.046812829561531544,1214.0,1196.0,14.000952243804932,1.0965521335601807,15.097504377365112,1169.0,1282.097902097902
industrial_changeover,718,144,3,Order3,144,8.566e-05,0.010629213182255626,1279.0,1196.0,14.25320029258728,1.0762226581573486,15.329422950744629,1169.0,1281.5
industrial_changeover,723,145,3,Order3,145,8.556e-05,-0.0012890539364889264,1244.0,1196.0,14.178029775619507,1.096304178237915,15.274333953857422,1169.0,1280.9103448275862
industrial_changeover,728,146,3,Order3,146,8.546000000000001e-05,-0.05809427611529827,1248.0,1196.0,14.10024905204773,1.0771002769470215,15.177349328994751,1169.0,1280.3287671232877
industrial_changeover,733,147,3,Order3,147,8.536000000000001e-05,0.03198033198714256,1275.0,1196.0,14.188485860824585,1.0791406631469727,15.267626523971558,1169.0,1279.7551020408164
industrial_changeover,738,148,3,Order3,148,8.526000000000001e-05,0.052712153643369675,1422.0,1196.0,14.160160541534424,1.0880160331726074,15.248176574707031,1169.0,1279.1891891891892
industrial_changeover,743,149,3,Order3,149,8.516e-05,-0.007237369427457452,1227.0,1196.0,14.218439817428589,1.0828611850738525,15.301301002502441,1169.0,1278.6308724832215
industrial_changeover,748,150,3,Order3,150,8.506e-05,-0.03037703176960349,1274.0,1196.0,14.21906042098999,1.0939602851867676,15.313020706176758,1169.0,1278.08
industrial_changeover,753,151,3,Order3,151,8.496e-05,0.07087302207946777,1318.0,1196.0,14.070626020431519,1.0961616039276123,15.16678762435913,1169.0,1277.5364238410596
industrial_changeover,758,152,3,Order3,152,8.486000000000001e-05,0.0034749378100968897,1246.0,1196.0,14.138466358184814,1.551339864730835,15.68980622291565,1169.0,1277.0
industrial_changeover,763,153,3,Order3,153,8.476000000000001e-05,-0.05535836983472109,1282.0,1196.0,14.017801284790039,1.0865728855133057,15.104374170303345,1169.0,1276.4705882352941
industrial_changeover,768,154,3,Order3,154,8.466e-05,0.01677077217027545,1276.0,1169.0,14.228739500045776,1.0987520217895508,15.327491521835327,1169.0,1275.7727272727273
industrial_changeover,773,155,3,Order3,155,8.456e-05,0.06582513079047203,1265.0,1169.0,14.17286229133606,1.081939697265625,15.254801988601685,1169.0,1275.0838709677419
industrial_changeover,778,156,3,Order3,156,8.446e-05,-0.005434931023046374,1300.0,1196.0,14.156846523284912,1.0855131149291992,15.242359638214111,1169.0,1274.576923076923
industrial_changeover,783,157,3,Order3,157,8.436000000000001e-05,-0.09545415453612804,1208.0,1169.0,14.148946285247803,1.0882959365844727,15.237242221832275,1169.0,1273.904458598726
industrial_changeover,788,158,3,Order3,158,8.426000000000001e-05,0.01906485576182604,1302.0,1169.0,14.229593753814697,1.0949912071228027,15.3245849609375,1169.0,1273.240506329114
industrial_changeover,793,159,3,Order3,159,8.416000000000001e-05,0.0411019055172801,1251.0,1169.0,14.217329263687134,1.075895071029663,15.293224334716797,1169.0,1272.5849056603774
industrial_changeover,798,160,3,Order3,160,8.406e-05,0.004699682584032416,1304.0,1196.0,14.093292713165283,1.1118216514587402,15.205114364624023,1169.0,1272.10625
industrial_changeover,803,161,3,Order3,161,8.396e-05,0.09639810398221016,1328.0,1169.0,14.318251609802246,1.0966541767120361,15.414905786514282,1169.0,1271.4658385093169
industrial_changeover,808,162,3,Order3,162,8.386e-05,0.21045802161097527,1491.0,1169.0,14.085069417953491,1.0805034637451172,15.165572881698608,1169.0,1270.8333333333333
industrial_changeover,813,163,3,Order3,163,8.376000000000001e-05,-0.011347156018018723,1244.0,1169.0,14.163291692733765,1.0755915641784668,15.238883256912231,1169.0,1270.2085889570553
industrial_changeover,818,164,3,Order3,164,8.366000000000001e-05,-0.05699343793094158,1252.0,1196.0,14.39319920539856,1.1007721424102783,15.493971347808838,1169.0,1269.7560975609756
industrial_changeover,823,165,3,Order3,165,8.356e-05,-0.028215921949595213,1227.0,1196.0,13.999744892120361,1.0739305019378662,15.073675394058228,1169.0,1269.3090909090909
industrial_changeover,828,166,3,Order3,166,8.346e-05,0.024850814137607813,1281.0,1196.0,14.193942546844482,1.0833115577697754,15.277254104614258,1169.0,1268.867469879518
industrial_changeover,833,167,3,Order3,167,8.336e-05,-0.07370572164654732,1246.0,1169.0,14.126403331756592,1.0747144222259521,15.201117753982544,1169.0,1268.2694610778442
industrial_changeover,838,168,3,Order3,168,8.326e-05,0.06794091872870922,1304.0,1169.0,14.182493925094604,1.0853824615478516,15.267876386642456,1169.0,1267.6785714285713
industrial_changeover,843,169,3,Order3,169,8.316000000000001e-05,0.11669282987713814,1342.0,1169.0,14.257914781570435,1.089510440826416,15.34742522239685,1169.0,1267.094674556213
industrial_changeover,848,170,3,Order3,170,8.306000000000001e-05,-0.06975650414824486,1208.0,1169.0,14.23330044746399,1.0919163227081299,15.32521677017212,1169.0,1266.5176470588235
industrial_changeover,853,171,3,Order3,171,8.296e-05,0.020065004471689463,1302.0,1169.0,14.077084302902222,1.072321891784668,15.14940619468689,1169.0,1265.9473684210527
industrial_changeover,858,172,3,Order3,172,8.286e-05,-0.02548364782705903,1235.0,1169.0,14.095104694366455,1.0830297470092773,15.178134441375732,1169.0,1265.3837209302326
industrial_changeover,863,173,3,Order3,173,8.276e-05,0.12133205123245716,1348.0,1169.0,14.22044563293457,1.0794882774353027,15.299933910369873,1169.0,1264.8265895953757
industrial_changeover,868,174,3,Order3,174,8.266e-05,0.0016085845709312707,1381.0,1169.0,14.227947235107422,1.0883431434631348,15.316290378570557,1169.0,1264.2758620689656
industrial_changeover,873,175,3,Order3,175,8.256000000000001e-05,0.14707301557064056,1444.0,1169.0,14.063127517700195,1.0831737518310547,15.14630126953125,1169.0,1263.7314285714285
industrial_changeover,878,176,3,Order3,176,8.246e-05,0.062236519530415535,1310.0,1169.0,14.290837287902832,1.090742588043213,15.381579875946045,1169.0,1263.1931818181818
industrial_changeover,883,177,3,Order3,177,8.236e-05,-0.13597122207283974,1245.0,1169.0,14.19426679611206,1.1537368297576904,15.348003625869751,1169.0,1262.6610169491526
industrial_changeover,888,178,3,Order3,178,8.226e-05,0.016267613042145967,1235.0,1169.0,14.06120491027832,1.0999958515167236,15.161200761795044,1169.0,1262.1348314606741
industrial_changeover,893,179,3,Order3,179,8.216e-05,-0.03892449103295803,1278.0,1169.0,14.168071031570435,1.084456205368042,15.252527236938477,1169.0,1261.6145251396647
industrial_changeover,898,180,3,Order3,180,8.206e-05,0.11783443205058575,1301.0,1169.0,14.160131931304932,1.100229263305664,15.260361194610596,1169.0,1261.1
industrial_changeover,903,181,3,Order3,181,8.196000000000001e-05,-0.07944868691265583,1169.0,1169.0,14.164367437362671,1.0812792778015137,15.245646715164185,1169.0,1260.5911602209944
industrial_changeover,908,182,3,Order3,182,8.186e-05,-0.004210636019706726,1319.0,1169.0,14.095953702926636,1.084291696548462,15.180245399475098,1169.0,1260.0879120879122
industrial_changeover,913,183,3,Order3,183,8.176e-05,0.04227554798126221,1293.0,1169.0,14.204477071762085,1.091710090637207,15.296187162399292,1169.0,1259.5901639344263
industrial_changeover,918,184,3,Order3,184,8.166e-05,0.007617316674441099,1281.0,1169.0,14.05133318901062,1.0934102535247803,15.1447434425354,1169.0,1259.0978260869565
industrial_changeover,923,185,3,Order3,185,8.156e-05,-0.020997419953346252,1251.0,1169.0,14.188862562179565,1.0865905284881592,15.275453090667725,1169.0,1258.6108108108108
industrial_changeover,928,186,3,Order3,186,8.146000000000001e-05,-0.018160054460167885,1251.0,1169.0,14.095109939575195,1.1263470649719238,15.22145700454712,1169.0,1258.1290322580646
industrial_changeover,933,187,3,Order3,187,8.136000000000001e-05,0.0028923028148710728,1251.0,1169.0,14.10632586479187,1.1065173149108887,15.212843179702759,1169.0,1257.6524064171124
industrial_changeover,938,188,3,Order3,188,8.126e-05,0.11973794549703598,1406.0,1169.0,14.253329992294312,1.08811354637146,15.341443538665771,1169.0,1257.1808510638298
industrial_changeover,943,189,3,Order3,189,8.116e-05,-0.047179860062897205,1211.0,1196.0,14.307134628295898,1.093489646911621,15.40062427520752,1169.0,1256.857142857143
industrial_changeover,948,190,3,Order3,190,8.106e-05,0.09166830405592918,1331.0,1169.0,14.07248067855835,1.0744421482086182,15.146922826766968,1169.0,1256.3947368421052
industrial_changeover,953,191,3,Order3,191,8.096e-05,0.05058647785335779,1310.0,1169.0,14.228460550308228,1.0755529403686523,15.30401349067688,1169.0,1255.9371727748692
industrial_changeover,958,192,3,Order3,192,8.086000000000001e-05,-0.0009837762045208365,1265.0,1169.0,14.277868747711182,1.079716682434082,15.357585430145264,1169.0,1255.484375
industrial_changeover,963,193,3,Order3,193,8.076e-05,-0.033586191944777966,1292.0,1169.0,13.953299522399902,1.0769734382629395,15.030272960662842,1169.0,1255.0362694300518
industrial_changeover,968,194,3,Order3,194,8.066e-05,0.07806066982448101,1293.0,1169.0,14.110958814620972,1.0887460708618164,15.199704885482788,1169.0,1254.5927835051546
industrial_changeover,973,195,3,Order3,195,8.056e-05,-0.031257690861821175,1244.0,1169.0,14.157288074493408,1.0888266563415527,15.246114730834961,1169.0,1254.1538461538462
industrial_changeover,978,196,3,Order3,196,8.046e-05,0.012312185252085328,1246.0,1169.0,14.1931631565094,1.0694169998168945,15.262580156326294,1169.0,1253.719387755102
industrial_changeover,983,197,3,Order3,197,8.036e-05,0.01106037455610931,1279.0,1169.0,14.223613023757935,1.0765743255615234,15.300187349319458,1169.0,1253.2893401015228
industrial_changeover,988,198,3,Order3,198,8.026000000000001e-05,0.06347493827342987,1327.0,1169.0,14.06270146369934,1.105165719985962,15.167867183685303,1169.0,1252.8636363636363
industrial_changeover,993,199,3,Order3,199,8.016e-05,-0.003349842329043895,1304.0,1169.0,14.359461545944214,1.0922129154205322,15.451674461364746,1169.0,1252.4422110552764
industrial_changeover,998,200,3,Order3,200,8.006e-05,0.02765209646895528,1208.0,1169.0,14.11643362045288,1.0836424827575684,15.20007610321045,1169.0,1252.025
industrial_changeover,1003,201,3,Order3,201,7.996e-05,-0.017636595759540796,1293.0,1169.0,14.242004632949829,1.0884521007537842,15.330456733703613,1169.0,1251.6119402985075
industrial_changeover,1008,202,3,Order3,202,7.986e-05,0.060943457297980785,1330.0,1169.0,14.28497576713562,1.1036367416381836,15.388612508773804,1169.0,1251.2029702970297
industrial_changeover,1013,203,3,Order3,203,7.976e-05,0.0195096293464303,1349.0,1169.0,14.222066402435303,1.0920348167419434,15.314101219177246,1169.0,1250.7980295566501
industrial_changeover,1018,204,3,Order3,204,7.966e-05,0.04205203801393509,1426.0,1169.0,14.184613943099976,1.0737528800964355,15.258366823196411,1169.0,1250.3970588235295
industrial_changeover,1023,205,3,Order3,205,7.956e-05,0.05033703614026308,1228.0,1169.0,14.266736030578613,1.0970005989074707,15.363736629486084,1169.0,1250.0
industrial_changeover,1028,206,3,Order3,206,7.946e-05,-0.12205690145492554,1169.0,1169.0,14.124698877334595,1.0813214778900146,15.20602035522461,1169.0,1249.606796116505
industrial_changeover,1033,207,3,Order3,207,7.936e-05,0.0736854299902916,1265.0,1169.0,14.094219207763672,1.0890965461730957,15.183315753936768,1169.0,1249.2173913043478
industrial_changeover,1038,208,3,Order3,208,7.926e-05,0.1705508753657341,1444.0,1169.0,14.249137878417969,1.0851507186889648,15.334288597106934,1169.0,1248.8317307692307
industrial_changeover,1043,209,3,Order3,209,7.916e-05,0.1521276868879795,1426.0,1169.0,14.135546922683716,1.087559700012207,15.223106622695923,1169.0,1248.4497607655503
industrial_changeover,1048,210,3,Order3,210,7.906e-05,-0.07623519375920296,1216.0,1169.0,14.276650428771973,1.0789484977722168,15.35559892654419,1169.0,1248.0714285714287
industrial_changeover,1053,211,3,Order3,211,7.896e-05,-0.016174702905118465,1242.0,1169.0,14.246120691299438,1.0840492248535156,15.330169916152954,1169.0,1247.696682464455
industrial_changeover,1058,212,3,Order3,212,7.886e-05,-0.07612692378461361,1246.0,1169.0,14.151131868362427,1.0803024768829346,15.231434345245361,1169.0,1247.3254716981132
industrial_changeover,1063,213,3,Order3,213,7.876e-05,-0.025672075804322958,1247.0,1169.0,14.199077606201172,1.0849003791809082,15.28397798538208,1169.0,1246.9577464788733
industrial_changeover,1068,214,3,Order3,214,7.866e-05,0.003963706316426396,1235.0,1169.0,14.066007375717163,1.081686019897461,15.147693395614624,1169.0,1246.5934579439252
industrial_changeover,1073,215,3,Order3,215,7.856000000000001e-05,-0.02746776444837451,1182.0,1169.0,14.339126586914062,1.0697507858276367,15.4088773727417,1169.0,1246.2325581395348
industrial_changeover,1078,216,3,Order3,216,7.846e-05,0.09591698460280895,1340.0,1169.0,14.083023309707642,1.0893104076385498,15.172333717346191,1169.0,1245.875
industrial_changeover,1083,217,3,Order3,217,7.836e-05,-0.005681653507053852,1235.0,1169.0,14.133625745773315,1.0905134677886963,15.224139213562012,1169.0,1245.520737327189
industrial_changeover,1088,218,3,Order3,218,7.826e-05,0.0251576853916049,1265.0,1169.0,14.351087808609009,1.1460597515106201,15.497147560119629,1169.0,1245.1697247706422
industrial_changeover,1093,219,3,Order3,219,7.816e-05,-0.03183342143893242,1246.0,1169.0,14.087064266204834,1.0793774127960205,15.166441679000854,1169.0,1244.8219178082193
industrial_changeover,1098,220,3,Order3,220,7.806e-05,0.022516511846333742,1293.0,1169.0,14.199666976928711,1.0868303775787354,15.286497354507446,1169.0,1244.4772727272727
industrial_changeover,1103,221,3,Order3,221,7.796e-05,-0.06313123553991318,1241.0,1169.0,14.22713589668274,1.0957145690917969,15.322850465774536,1169.0,1244.1357466063348
industrial_changeover,1108,222,3,Order3,222,7.786e-05,0.17710106819868088,1379.0,1169.0,14.151093482971191,1.0791642665863037,15.230257749557495,1169.0,1243.7972972972973
industrial_changeover,1113,223,3,Order3,223,7.776000000000001e-05,-0.0136815020814538,1281.0,1169.0,14.200428485870361,1.077012538909912,15.277441024780273,1169.0,1243.4618834080718
industrial_changeover,1118,224,3,Order3,224,7.766e-05,-0.04524694662541151,1273.0,1169.0,14.198711395263672,1.0901196002960205,15.288830995559692,1169.0,1243.1294642857142
industrial_changeover,1123,225,3,Order3,225,7.756000000000001e-05,0.03831149637699127,1228.0,1169.0,14.142538785934448,1.0848109722137451,15.227349758148193,1169.0,1242.8
industrial_changeover,1128,226,3,Order3,226,7.746e-05,-0.037745630368590355,1245.0,1169.0,14.279123544692993,1.0855743885040283,15.364697933197021,1169.0,1242.4734513274336
industrial_changeover,1133,227,3,Order3,227,7.736e-05,0.009886948624625802,1251.0,1169.0,14.085010766983032,1.0761380195617676,15.1611487865448,1169.0,1242.1497797356828
industrial_changeover,1138,228,3,Order3,228,7.726e-05,0.024703401140868664,1301.0,1169.0,14.136003732681274,1.088024377822876,15.22402811050415,1169.0,1241.828947368421
industrial_changeover,1143,229,3,Order3,229,7.716000000000001e-05,-0.026394969783723354,1208.0,1169.0,14.165086507797241,1.0867323875427246,15.251818895339966,1169.0,1241.5109170305677
industrial_changeover,1148,230,3,Order3,230,7.706e-05,0.055379713885486126,1302.0,1169.0,14.176218032836914,1.0858216285705566,15.26203966140747,1169.0,1241.195652173913
industrial_changeover,1153,231,3,Order3,231,7.696000000000001e-05,-0.031311513390392065,1222.0,1169.0,14.186717987060547,1.0767276287078857,15.263445615768433,1169.0,1240.8831168831168
industrial_changeover,1158,232,3,Order3,232,7.685999999999999e-05,0.013717567548155785,1298.0,1169.0,14.120104551315308,1.0737347602844238,15.193839311599731,1169.0,1240.573275862069
industrial_changeover,1163,233,3,Order3,233,7.676e-05,0.03785718139261007,1279.0,1169.0,14.110388040542603,1.0760200023651123,15.186408042907715,1169.0,1240.266094420601
industrial_changeover,1168,234,3,Order3,234,7.666e-05,-0.14614786207675934,1157.0,1169.0,14.307788133621216,1.0877714157104492,15.395559549331665,1169.0,1239.9615384615386
industrial_changeover,1173,235,3,Order3,235,7.656000000000001e-05,0.1239378210157156,1300.0,1169.0,14.238797903060913,1.091667890548706,15.33046579360962,1169.0,1239.659574468085
industrial_changeover,1178,236,3,Order3,236,7.646e-05,-0.07503870688378811,1241.0,1169.0,14.212718725204468,1.0851771831512451,15.297895908355713,1169.0,1239.3601694915253
industrial_changeover,1183,237,3,Order3,237,7.636000000000001e-05,0.24045894294977188,1472.0,1169.0,14.705400943756104,1.1759617328643799,15.881362676620483,1169.0,1239.0632911392406
industrial_changeover,1188,238,3,Order3,238,7.625999999999999e-05,0.08103448338806629,1388.0,1169.0,14.489420890808105,1.107172966003418,15.596593856811523,1169.0,1238.7689075630253
industrial_changeover,1193,239,3,Order3,239,7.616e-05,-0.018999076914042234,1216.0,1169.0,14.5419442653656,1.1387999057769775,15.680744171142578,1169.0,1238.4769874476988
industrial_changeover,1198,240,3,Order3,240,7.606e-05,-0.046493444591760635,1233.0,1169.0,14.763474702835083,1.1427063941955566,15.90618109703064,1169.0,1238.1875
industrial_changeover,1203,241,3,Order3,241,7.596000000000001e-05,-0.03458442818373442,1243.0,1169.0,14.553969860076904,1.1257331371307373,15.679702997207642,1169.0,1237.9004149377593
industrial_changeover,1208,242,3,Order3,242,7.586e-05,-0.04384955484420061,1189.0,1169.0,14.913419961929321,1.1387455463409424,16.052165508270264,1169.0,1237.6157024793388
industrial_changeover,1213,243,3,Order3,243,7.576e-05,-0.02215230092406273,1208.0,1169.0,14.71113634109497,1.1309847831726074,15.842121124267578,1169.0,1237.3333333333333
industrial_changeover,1218,244,3,Order3,244,7.566e-05,-0.003231031179893762,1246.0,1169.0,14.592411279678345,1.1373186111450195,15.729729890823364,1169.0,1237.0532786885246
industrial_changeover,1223,245,3,Order3,245,7.556000000000002e-05,0.006787516409531236,1208.0,1169.0,14.526735067367554,1.1123676300048828,15.639102697372437,1169.0,1236.7755102040817
industrial_changeover,1228,246,3,Order3,246,7.546e-05,-0.0618955260142684,1213.0,1169.0,14.611957788467407,1.1149070262908936,15.7268648147583,1169.0,1236.5
industrial_changeover,1233,247,3,Order3,247,7.536000000000001e-05,0.08613989502191544,1279.0,1169.0,14.5207998752594,1.0910019874572754,15.611801862716675,1169.0,1236.2267206477734
industrial_changeover,1238,248,3,Order3,248,7.526e-05,0.0540825966745615,1281.0,1169.0,14.328162670135498,1.1063232421875,15.434485912322998,1169.0,1235.9556451612902
industrial_changeover,1243,249,3,Order3,249,7.516e-05,0.004040373605675995,1301.0,1169.0,14.560505628585815,1.1189002990722656,15.679405927658081,1169.0,1235.686746987952
industrial_changeover,1248,250,3,Order3,250,7.506e-05,-0.05062099825590849,1266.0,1169.0,14.227652072906494,1.071342945098877,15.298995018005371,1169.0,1235.42
industrial_changeover,1253,251,3,Order3,251,7.496000000000001e-05,-0.0069529470056295395,1175.0,1169.0,14.082960605621338,1.0867266654968262,15.169687271118164,1169.0,1235.1553784860557
industrial_changeover,1258,252,3,Order3,252,7.486e-05,-0.01895985286682844,1300.0,1169.0,14.336602926254272,1.0885388851165771,15.42514181137085,1169.0,1234.892857142857
industrial_changeover,1263,253,3,Order3,253,7.476000000000001e-05,0.01671678200364113,1169.0,1169.0,14.401455163955688,1.084388256072998,15.485843420028687,1169.0,1234.6324110671937
industrial_changeover,1268,254,3,Order3,254,7.466e-05,0.0024714544997550547,1235.0,1169.0,14.539990186691284,1.140134334564209,15.680124521255493,1169.0,1234.3740157480315
industrial_changeover,1273,255,3,Order3,255,7.456e-05,0.11520761996507645,1301.0,1169.0,14.403131484985352,1.0882899761199951,15.491421461105347,1169.0,1234.1176470588234
industrial_changeover,1278,256,3,Order3,256,7.446e-05,-0.0023147216415964067,1244.0,1169.0,14.128019332885742,1.0822396278381348,15.210258960723877,1169.0,1233.86328125
industrial_changeover,1283,257,3,Order3,257,7.436000000000001e-05,0.08560368604958057,1300.0,1169.0,14.199045658111572,1.0936155319213867,15.292661190032959,1169.0,1233.6108949416343
industrial_changeover,1288,258,3,Order3,258,7.426e-05,0.004031439078971744,1277.0,1169.0,14.214703559875488,1.0888350009918213,15.30353856086731,1169.0,1233.360465116279
industrial_changeover,1293,259,3,Order3,259,7.416000000000001e-05,0.005710928817279637,1298.0,1169.0,14.111003398895264,1.0902259349822998,15.201229333877563,1169.0,1233.111969111969
industrial_changeover,1298,260,3,Order3,260,7.405999999999999e-05,0.0515335975214839,1279.0,1169.0,14.169082403182983,1.0754790306091309,15.244561433792114,1169.0,1232.8653846153845
industrial_changeover,1303,261,3,Order3,261,7.396e-05,0.05333620123565197,1331.0,1169.0,14.017202854156494,1.1172382831573486,15.134441137313843,1169.0,1232.6206896551723
industrial_changeover,1308,262,3,Order3,262,7.386e-05,-0.13334916532039642,1169.0,1169.0,14.36412787437439,1.0934574604034424,15.457585334777832,1169.0,1232.3778625954199
industrial_changeover,1313,263,3,Order3,263,7.376000000000001e-05,-0.05161449406296015,1177.0,1169.0,14.204627275466919,1.0785703659057617,15.28319764137268,1169.0,1232.1368821292776
industrial_changeover,1318,264,3,Order3,264,7.366e-05,-0.0728822723031044,1208.0,1169.0,14.099385261535645,1.0845532417297363,15.18393850326538,1169.0,1231.8977272727273
industrial_changeover,1323,265,3,Order3,265,7.356000000000001e-05,0.11419926397502422,1300.0,1169.0,14.365274429321289,1.0900025367736816,15.45527696609497,1169.0,1231.6603773584907
industrial_changeover,1328,266,3,Order3,266,7.345999999999999e-05,-0.013467638287693262,1242.0,1169.0,14.12338662147522,1.091299295425415,15.214685916900635,1169.0,1231.4248120300751
industrial_changeover,1333,267,3,Order3,267,7.336e-05,-0.008974575204774737,1208.0,1169.0,14.240960359573364,1.0809264183044434,15.321886777877808,1169.0,1231.191011235955
industrial_changeover,1338,268,3,Order3,268,7.326e-05,-0.06491018459200859,1169.0,1169.0,14.215965032577515,1.12839674949646,15.344361782073975,1169.0,1230.9589552238806
industrial_changeover,1343,269,3,Order3,269,7.316000000000001e-05,-0.01530982623808086,1197.0,1169.0,14.204224348068237,1.082479476928711,15.286703824996948,1169.0,1230.728624535316
industrial_changeover,1348,270,3,Order3,270,7.306000000000001e-05,-0.027504897210747004,1208.0,1169.0,14.198215007781982,1.078094720840454,15.276309728622437,1169.0,1230.5
industrial_changeover,1353,271,3,Order3,271,7.296e-05,0.05464889109134674,1281.0,1169.0,14.203663110733032,1.0768218040466309,15.280484914779663,1169.0,1230.2730627306273
industrial_changeover,1358,272,3,Order3,272,7.286e-05,-0.05154744628816843,1169.0,1169.0,14.207084894180298,1.0737733840942383,15.280858278274536,1169.0,1230.047794117647
industrial_changeover,1363,273,3,Order3,273,7.276e-05,0.1370430625975132,1423.0,1169.0,14.262244701385498,1.128373384475708,15.390618085861206,1169.0,1229.8241758241759
industrial_changeover,1368,274,3,Order3,274,7.266000000000001e-05,0.021435947623103857,1251.0,1169.0,14.222478866577148,1.0854556560516357,15.307934522628784,1169.0,1229.602189781022
industrial_changeover,1373,275,3,Order3,275,7.256000000000001e-05,-0.04585587698966265,1196.0,1169.0,14.250701904296875,1.0736641883850098,15.324366092681885,1169.0,1229.3818181818183
industrial_changeover,1378,276,3,Order3,276,7.246000000000001e-05,0.01116122119128704,1279.0,1169.0,14.109498500823975,1.0809009075164795,15.190399408340454,1169.0,1229.1630434782608
industrial_changeover,1383,277,3,Order3,277,7.236e-05,-0.05581978429108858,1169.0,1169.0,14.232854127883911,1.0828003883361816,15.315654516220093,1169.0,1228.9458483754513
industrial_changeover,1388,278,3,Order3,278,7.226e-05,0.024091441184282303,1208.0,1169.0,14.199792385101318,1.1387362480163574,15.338528633117676,1169.0,1228.730215827338
industrial_changeover,1393,279,3,Order3,279,7.216e-05,-0.02024690993130207,1169.0,1169.0,14.138736009597778,1.1185336112976074,15.257269620895386,1169.0,1228.516129032258
industrial_changeover,1398,280,3,Order3,280,7.206000000000001e-05,-0.037476638332009315,1208.0,1169.0,14.237560987472534,1.0853071212768555,15.32286810874939,1169.0,1228.3035714285713
industrial_changeover,1403,281,3,Order3,281,7.196000000000001e-05,-0.02033456927165389,1196.0,1169.0,14.366414308547974,1.098914623260498,15.465328931808472,1169.0,1228.0925266903914
industrial_changeover,1408,282,3,Order3,282,7.186e-05,0.015468184370547533,1216.0,1169.0,14.12800145149231,1.080103874206543,15.208105325698853,1169.0,1227.8829787234042
industrial_changeover,1413,283,3,Order3,283,7.176e-05,0.041238424368202686,1298.0,1169.0,14.211150646209717,1.0725791454315186,15.283729791641235,1169.0,1227.6749116607773
industrial_changeover,1418,284,3,Order3,284,7.166e-05,-0.02600211836397648,1175.0,1169.0,14.361697435379028,1.0971965789794922,15.45889401435852,1169.0,1227.468309859155
industrial_changeover,1423,285,3,Order3,285,7.156e-05,0.06883800588548183,1318.0,1169.0,14.132832765579224,1.0890586376190186,15.221891403198242,1169.0,1227.2631578947369
industrial_changeover,1428,286,3,Order3,286,7.146000000000001e-05,-0.06078320648521185,1182.0,1169.0,14.239599466323853,1.0882554054260254,15.327854871749878,1169.0,1227.0594405594406
industrial_changeover,1433,287,3,Order3,287,7.136000000000001e-05,0.038897584192454815,1281.0,1169.0,14.129387617111206,1.0970304012298584,15.226418018341064,1169.0,1226.857142857143
industrial_changeover,1438,288,3,Order3,288,7.126e-05,-0.023038472048938274,1175.0,1169.0,14.14391565322876,1.0811240673065186,15.225039720535278,1169.0,1226.65625
industrial_changeover,1443,289,3,Order3,289,7.116e-05,-0.06388968974351883,1169.0,1169.0,14.212393760681152,1.095823049545288,15.30821681022644,1169.0,1226.4567474048442
industrial_changeover,1448,290,3,Order3,290,7.106e-05,0.10758171789348125,1281.0,1169.0,14.237035751342773,1.0953400135040283,15.332375764846802,1169.0,1226.2586206896551
industrial_changeover,1453,291,3,Order3,291,7.096e-05,-0.013557254103943706,1169.0,1169.0,14.181525945663452,1.0815389156341553,15.263064861297607,1169.0,1226.0618556701031
industrial_changeover,1458,292,3,Order3,292,7.086000000000001e-05,0.012712599476799369,1263.0,1169.0,14.217161893844604,1.093031883239746,15.31019377708435,1169.0,1225.8664383561643
industrial_changeover,1463,293,3,Order3,293,7.076000000000001e-05,0.06430116668343544,1265.0,1169.0,14.107980728149414,1.0902674198150635,15.198248147964478,1169.0,1225.6723549488054
industrial_changeover,1468,294,3,Order3,294,7.066e-05,-0.06164336111396551,1180.0,1169.0,14.158353567123413,1.0712051391601562,15.22955870628357,1169.0,1225.4795918367347
industrial_changeover,1473,295,3,Order3,295,7.056e-05,-0.0076145235216245055,1196.0,1169.0,14.254658937454224,1.0803472995758057,15.33500623703003,1169.0,1225.2881355932204
industrial_changeover,1478,296,3,Order3,296,7.046e-05,-0.02697002561762929,1213.0,1169.0,14.100770711898804,1.085792064666748,15.186562776565552,1169.0,1225.097972972973
industrial_changeover,1483,297,3,Order3,297,7.036e-05,0.00034555992169771343,1228.0,1169.0,14.141123533248901,1.0810346603393555,15.222158193588257,1169.0,1224.909090909091
industrial_changeover,1488,298,3,Order3,298,7.026000000000001e-05,-0.04492144752293825,1169.0,1169.0,14.251903772354126,1.0837030410766602,15.335606813430786,1169.0,1224.721476510067
industrial_changeover,1493,299,3,Order3,299,7.016e-05,0.0645875334739685,1300.0,1169.0,14.152096509933472,1.0779409408569336,15.230037450790405,1169.0,1224.5351170568563
industrial_changeover,1498,300,3,Order3,300,7.006e-05,-0.02785423118621111,1186.0,1169.0,14.43599796295166,1.1289501190185547,15.564948081970215,1169.0,1224.35
industrial_changeover,1503,301,3,Order3,301,6.996e-05,-0.04954003170132637,1196.0,1169.0,14.2569580078125,1.0901157855987549,15.347073793411255,1169.0,1224.1661129568106
industrial_changeover,1508,302,3,Order3,302,6.986e-05,0.04037632420659065,1197.0,1169.0,14.280953168869019,1.0964367389678955,15.377389907836914,1169.0,1223.9834437086092
industrial_changeover,1513,303,3,Order3,303,6.976000000000001e-05,-0.07523843459784985,1169.0,1169.0,14.336795330047607,1.0920114517211914,15.428806781768799,1169.0,1223.8019801980197
industrial_changeover,1518,304,3,Order3,304,6.966000000000001e-05,0.017042456194758415,1208.0,1169.0,14.057473421096802,1.0702130794525146,15.127686500549316,1169.0,1223.6217105263158
industrial_changeover,1523,305,3,Order3,305,6.956e-05,0.01997532695531845,1242.0,1169.0,14.268948078155518,1.0791797637939453,15.348127841949463,1169.0,1223.4426229508197
industrial_changeover,1528,306,3,Order3,306,6.946e-05,0.03987518697977066,1244.0,1169.0,14.155124187469482,1.0977296829223633,15.252853870391846,1169.0,1223.264705882353
industrial_changeover,1533,307,3,Order3,307,6.936e-05,0.024547248147428036,1298.0,1169.0,14.133904218673706,1.1048884391784668,15.238792657852173,1169.0,1223.0879478827362
industrial_changeover,1538,308,3,Order3,308,6.926e-05,0.045319290831685066,1214.0,1169.0,14.031874179840088,1.1534979343414307,15.185372114181519,1169.0,1222.9123376623377
industrial_changeover,1543,309,3,Order3,309,6.916000000000001e-05,0.005053571425378323,1214.0,1169.0,14.194521427154541,1.0830695629119873,15.277590990066528,1169.0,1222.7378640776699
industrial_changeover,1548,310,3,Order3,310,6.906e-05,-0.01115382183343172,1242.0,1169.0,14.179891347885132,1.0824179649353027,15.262309312820435,1169.0,1222.5645161290322
industrial_changeover,1553,311,3,Order3,311,6.896e-05,0.0515449782833457,1278.0,1169.0,14.25529408454895,1.0831353664398193,15.33842945098877,1169.0,1222.3922829581993
industrial_changeover,1558,312,3,Order3,312,6.886e-05,-0.03249241132289171,1169.0,1169.0,14.218758344650269,1.0803916454315186,15.299149990081787,1169.0,1222.2211538461538
industrial_changeover,1563,313,3,Order3,313,6.876e-05,-0.01666385168209672,1213.0,1169.0,14.022449970245361,1.0716209411621094,15.09407091140747,1169.0,1222.0511182108626
industrial_changeover,1568,314,3,Order3,314,6.866e-05,0.06774036027491093,1265.0,1169.0,14.246122360229492,1.0787348747253418,15.324857234954834,1169.0,1221.8821656050955
industrial_changeover,1573,315,3,Order3,315,6.856000000000001e-05,0.03438194375485182,1242.0,1169.0,14.299164772033691,1.0868141651153564,15.385978937149048,1169.0,1221.7142857142858
industrial_changeover,1578,316,3,Order3,316,6.846e-05,-0.008641439722850919,1228.0,1169.0,14.078568458557129,1.07334566116333,15.151914119720459,1169.0,1221.5474683544303
industrial_changeover,1583,317,3,Order3,317,6.836e-05,-0.019612925127148628,1213.0,1169.0,14.163156986236572,1.0789573192596436,15.242114305496216,1169.0,1221.3817034700317
industrial_changeover,1588,318,3,Order3,318,6.826e-05,-0.03194896876811981,1196.0,1169.0,14.14211130142212,1.0868556499481201,15.22896695137024,1169.0,1221.2169811320755
industrial_changeover,1593,319,3,Order3,319,6.816e-05,0.0005589381471509114,1235.0,1169.0,14.218267440795898,1.158289909362793,15.376557350158691,1169.0,1221.0532915360502
industrial_changeover,1598,320,3,Order3,320,6.806e-05,0.04593151528388262,1293.0,1169.0,14.147150754928589,1.082214593887329,15.229365348815918,1169.0,1220.890625
industrial_changeover,1603,321,3,Order3,321,6.796e-05,0.035279485397040844,1281.0,1169.0,14.146697759628296,1.0977046489715576,15.244402408599854,1169.0,1220.728971962617
industrial_changeover,1608,322,3,Order3,322,6.786e-05,-0.04579276032745838,1195.0,1169.0,14.414745569229126,1.1055488586425781,15.520294427871704,1169.0,1220.5683229813665
industrial_changeover,1613,323,3,Order3,323,6.776e-05,-0.05542351212352514,1186.0,1169.0,14.095949649810791,1.146007776260376,15.241957426071167,1169.0,1220.40866873065
industrial_changeover,1618,324,3,Order3,324,6.766e-05,0.010116539895534515,1213.0,1169.0,14.191218614578247,1.0864558219909668,15.277674436569214,1169.0,1220.25
industrial_changeover,1623,325,3,Order3,325,6.756e-05,-0.02058017672970891,1169.0,1169.0,14.276622533798218,1.092677116394043,15.36929965019226,1169.0,1220.0923076923077
industrial_changeover,1628,326,3,Order3,326,6.746e-05,-0.03745555691421032,1169.0,1169.0,14.043954849243164,1.079840898513794,15.123795747756958,1169.0,1219.935582822086
industrial_changeover,1633,327,3,Order3,327,6.736e-05,-0.01602463750168681,1196.0,1169.0,14.245369672775269,1.0928363800048828,15.338206052780151,1169.0,1219.7798165137615
industrial_changeover,1638,328,3,Order3,328,6.726e-05,-0.01004969235509634,1169.0,1169.0,14.291721820831299,1.0784671306610107,15.37018895149231,1169.0,1219.625
industrial_changeover,1643,329,3,Order3,329,6.716e-05,-0.04019424691796303,1169.0,1169.0,14.07191252708435,1.081033706665039,15.15294623374939,1169.0,1219.471124620061
industrial_changeover,1648,330,3,Order3,330,6.706e-05,0.026385406497865915,1169.0,1169.0,14.435977935791016,1.0904912948608398,15.526469230651855,1169.0,1219.3181818181818
industrial_changeover,1653,331,3,Order3,331,6.696e-05,-0.019157123751938343,1175.0,1169.0,14.255926609039307,1.0915656089782715,15.347492218017578,1169.0,1219.166163141994
industrial_changeover,1658,332,3,Order3,332,6.686000000000001e-05,0.03583457972854376,1213.0,1169.0,14.149827480316162,1.0920264720916748,15.241853952407837,1169.0,1219.0150602409637
industrial_changeover,1663,333,3,Order3,333,6.676e-05,-0.019955316092818975,1228.0,1169.0,14.238493919372559,1.0796997547149658,15.318193674087524,1169.0,1218.8648648648648
industrial_changeover,1668,334,3,Order3,334,6.666000000000002e-05,-0.02465509995818138,1196.0,1169.0,14.145635843276978,1.0895359516143799,15.235171794891357,1169.0,1218.7155688622754
industrial_changeover,1673,335,3,Order3,335,6.656e-05,-2.1359010133892298e-06,1235.0,1169.0,14.213728189468384,1.08339524269104,15.297123432159424,1169.0,1218.5671641791046
industrial_changeover,1678,336,3,Order3,336,6.646000000000001e-05,0.014762944541871548,1245.0,1169.0,14.195528984069824,1.091820240020752,15.287349224090576,1169.0,1218.419642857143
industrial_changeover,1683,337,3,Order3,337,6.636e-05,-0.01130786957219243,1180.0,1169.0,14.116874694824219,1.0834226608276367,15.200297355651855,1169.0,1218.272997032641
industrial_changeover,1688,338,3,Order3,338,6.626e-05,0.089737419039011,1300.0,1169.0,14.412451982498169,1.0845236778259277,15.496975660324097,1169.0,1218.1272189349113
industrial_changeover,1693,339,3,Order3,339,6.616e-05,-0.03624792769551277,1175.0,1169.0,14.156733751296997,1.0879831314086914,15.244716882705688,1169.0,1217.9823008849557
industrial_changeover,1698,340,3,Order3,340,6.606000000000001e-05,-0.047920617274940014,1184.0,1169.0,14.278295755386353,1.092627763748169,15.370923519134521,1169.0,1217.8382352941176
industrial_changeover,1703,341,3,Order3,341,6.596e-05,0.10294844768941402,1300.0,1169.0,14.397918462753296,1.0943756103515625,15.492294073104858,1169.0,1217.6950146627566
industrial_changeover,1708,342,3,Order3,342,6.586000000000001e-05,0.049222744069993496,1300.0,1169.0,14.120904207229614,1.0838654041290283,15.204769611358643,1169.0,1217.5526315789473
industrial_changeover,1713,343,3,Order3,343,6.576e-05,-0.08108203299343586,1169.0,1169.0,14.255450963973999,1.0702252388000488,15.325676202774048,1169.0,1217.4110787172012
industrial_changeover,1718,344,3,Order3,344,6.566e-05,0.0682678185403347,1281.0,1169.0,14.298405170440674,1.100468397140503,15.398873567581177,1169.0,1217.2703488372092
industrial_changeover,1723,345,3,Order3,345,6.556e-05,0.055017332546412945,1279.0,1169.0,14.152573347091675,1.0861835479736328,15.238756895065308,1169.0,1217.1304347826087
industrial_changeover,1728,346,3,Order3,346,6.546000000000001e-05,-0.029161243699491024,1242.0,1169.0,14.232973575592041,1.080052137374878,15.313025712966919,1169.0,1216.9913294797689
industrial_changeover,1733,347,3,Order3,347,6.536e-05,-0.034173889085650444,1157.0,1169.0,14.197855234146118,1.0761675834655762,15.274022817611694,1169.0,1216.8530259365994
industrial_changeover,1738,348,3,Order3,348,6.526000000000001e-05,-0.08609904907643795,1175.0,1169.0,14.212922811508179,1.082643747329712,15.29556655883789,1169.0,1216.7155172413793
industrial_changeover,1743,349,3,Order3,349,6.515999999999999e-05,0.03127229260280728,1213.0,1169.0,14.267748594284058,1.083831548690796,15.351580142974854,1169.0,1216.5787965616046
industrial_changeover,1748,350,3,Order3,350,6.506e-05,-0.0343255503103137,1169.0,1169.0,14.115179538726807,1.0977978706359863,15.212977409362793,1169.0,1216.442857142857
industrial_changeover,1753,351,3,Order3,351,6.496e-05,0.005621442222036421,1197.0,1169.0,14.153008460998535,1.084672212600708,15.237680673599243,1169.0,1216.3076923076924
industrial_changeover,1758,352,3,Order3,352,6.486000000000001e-05,-0.020099202636629343,1180.0,1169.0,14.239288806915283,1.0730321407318115,15.312320947647095,1169.0,1216.1732954545455
industrial_changeover,1763,353,3,Order3,353,6.476e-05,0.017404820304363966,1197.0,1169.0,14.210928678512573,1.0916993618011475,15.30262804031372,1169.0,1216.039660056657
industrial_changeover,1768,354,3,Order3,354,6.466000000000001e-05,-0.02562361303716898,1169.0,1169.0,14.174660444259644,1.0878620147705078,15.262522459030151,1169.0,1215.906779661017
industrial_changeover,1773,355,3,Order3,355,6.455999999999999e-05,0.04400800261646509,1236.0,1169.0,14.208544492721558,1.1219825744628906,15.330527067184448,1169.0,1215.774647887324
industrial_changeover,1778,356,3,Order3,356,6.446e-05,-0.008713583694770932,1208.0,1169.0,14.173852920532227,1.0734062194824219,15.247259140014648,1169.0,1215.6432584269662
industrial_changeover,1783,357,3,Order3,357,6.436e-05,-0.03298037592321634,1169.0,1169.0,14.374557256698608,1.07981276512146,15.454370021820068,1169.0,1215.5126050420167
industrial_changeover,1788,358,3,Order3,358,6.426000000000001e-05,0.05278511717915535,1225.0,1169.0,14.190056324005127,1.0917422771453857,15.281798601150513,1169.0,1215.3826815642458
industrial_changeover,1793,359,3,Order3,359,6.416e-05,-0.03638013172894716,1169.0,1169.0,14.202890157699585,1.0915718078613281,15.294461965560913,1169.0,1215.2534818941504
industrial_changeover,1798,360,3,Order3,360,6.406e-05,-0.021479341201484203,1169.0,1169.0,14.528863668441772,1.1020758152008057,15.630939483642578,1169.0,1215.125
industrial_changeover,1803,361,3,Order3,361,6.396e-05,-0.02148710284382105,1169.0,1169.0,14.120451927185059,1.083038091659546,15.203490018844604,1169.0,1214.9972299168976
industrial_changeover,1808,362,3,Order3,362,6.386000000000002e-05,0.13437750563025475,1300.0,1169.0,14.277668714523315,1.0927166938781738,15.37038540840149,1169.0,1214.8701657458564
industrial_changeover,1813,363,3,Order3,363,6.376e-05,-0.05082669481635094,1208.0,1169.0,14.10330319404602,1.095752477645874,15.199055671691895,1169.0,1214.7438016528927
industrial_changeover,1818,364,3,Order3,364,6.366000000000001e-05,0.04607180040329695,1235.0,1169.0,6.874209642410278,0.46873021125793457,7.342939853668213,1169.0,1214.618131868132
industrial_changeover,1823,365,3,Order3,365,6.356e-05,0.07457317598164082,1293.0,1169.0,5.673879146575928,0.45116519927978516,6.125044345855713,1169.0,1214.4931506849316
industrial_changeover,1828,366,3,Order3,366,6.346e-05,0.023731315042823553,1227.0,1169.0,5.530313968658447,0.43874406814575195,5.969058036804199,1169.0,1214.3688524590164
industrial_changeover,1833,367,3,Order3,367,6.336e-05,0.015150547260418534,1281.0,1169.0,5.707531929016113,0.46840572357177734,6.175937652587891,1169.0,1214.2452316076294
industrial_changeover,1838,368,3,Order3,368,6.326000000000001e-05,-0.028352017048746347,1175.0,1169.0,5.877553224563599,0.4980952739715576,6.375648498535156,1169.0,1214.1222826086957
industrial_changeover,1843,369,3,Order3,369,6.316e-05,-0.004242297320161015,1233.0,1169.0,5.679661750793457,0.45046496391296387,6.130126714706421,1169.0,1214.0
industrial_changeover,1848,370,3,Order3,370,6.306000000000001e-05,0.036850656382739544,1279.0,1169.0,5.568696737289429,0.4508085250854492,6.019505262374878,1169.0,1213.8783783783783
industrial_changeover,1853,371,3,Order3,371,6.296e-05,0.00230099557666108,1175.0,1169.0,5.621859073638916,0.4487619400024414,6.070621013641357,1169.0,1213.7574123989218
industrial_changeover,1858,372,3,Order3,372,6.286e-05,0.008279078174382448,1228.0,1169.0,5.711203098297119,0.46007537841796875,6.171278476715088,1169.0,1213.6370967741937
industrial_changeover,1863,373,3,Order3,373,6.276e-05,0.11377132497727871,1293.0,1169.0,5.768837928771973,0.4967834949493408,6.2656214237213135,1169.0,1213.5174262734583
industrial_changeover,1868,374,3,Order3,374,6.266000000000001e-05,-0.08762631937861443,1196.0,1169.0,5.7259063720703125,0.43946027755737305,6.1653666496276855,1169.0,1213.3983957219252
industrial_changeover,1873,375,3,Order3,375,6.256e-05,0.03361915796995163,1213.0,1169.0,5.773250579833984,0.45964741706848145,6.232897996902466,1169.0,1213.28
industrial_changeover,1878,376,3,Order3,376,6.246000000000001e-05,-0.024437053129076958,1169.0,1169.0,5.687575578689575,0.4541969299316406,6.141772508621216,1169.0,1213.162234042553
industrial_changeover,1883,377,3,Order3,377,6.235999999999999e-05,0.04272584244608879,1291.0,1169.0,5.724514484405518,0.4587094783782959,6.1832239627838135,1169.0,1213.0450928381963
industrial_changeover,1888,378,3,Order3,378,6.226e-05,-0.01242613373324275,1208.0,1169.0,5.527022123336792,0.4360051155090332,5.963027238845825,1169.0,1212.9285714285713
industrial_changeover,1893,379,3,Order3,379,6.216e-05,-0.06257469579577446,1169.0,1169.0,5.822674989700317,0.4624643325805664,6.285139322280884,1169.0,1212.8126649076517
industrial_changeover,1898,380,3,Order3,380,6.206000000000001e-05,-0.039417365565896034,1169.0,1169.0,5.920770645141602,0.4497392177581787,6.37050986289978,1169.0,1212.6973684210527
industrial_changeover,1903,381,3,Order3,381,6.196e-05,0.05256442911922932,1242.0,1169.0,5.652610778808594,0.47730255126953125,6.129913330078125,1169.0,1212.5826771653544
industrial_changeover,1908,382,3,Order3,382,6.186000000000001e-05,0.029715762939304113,1228.0,1169.0,5.641175985336304,0.43224644660949707,6.073422431945801,1169.0,1212.4685863874345
industrial_changeover,1913,383,3,Order3,383,6.175999999999999e-05,-0.04143129754811525,1180.0,1169.0,5.703377962112427,0.4349360466003418,6.1383140087127686,1169.0,1212.3550913838121
industrial_changeover,1918,384,3,Order3,384,6.166e-05,0.0020621270523406565,1234.0,1169.0,5.877444267272949,0.5007932186126709,6.37823748588562,1169.0,1212.2421875
industrial_changeover,1923,385,3,Order3,385,6.156e-05,-0.015192285180091858,1196.0,1169.0,5.823087692260742,0.476118803024292,6.299206495285034,1169.0,1212.1298701298701
industrial_changeover,1928,386,3,Order3,386,6.146000000000001e-05,0.05212213005870581,1265.0,1169.0,5.769845962524414,0.46032285690307617,6.23016881942749,1169.0,1212.018134715026
industrial_changeover,1933,387,3,Order3,387,6.136e-05,-0.03191025648266077,1184.0,1169.0,5.946871280670166,0.4647390842437744,6.41161036491394,1169.0,1211.906976744186
industrial_changeover,1938,388,3,Order3,388,6.126e-05,0.002437512797769159,1245.0,1169.0,5.639365911483765,0.44428443908691406,6.083650350570679,1169.0,1211.7963917525774
industrial_changeover,1943,389,3,Order3,389,6.115999999999999e-05,0.05454434920102358,1265.0,1169.0,5.658619165420532,0.4454684257507324,6.104087591171265,1169.0,1211.6863753213368
industrial_changeover,1948,390,3,Order3,390,6.106e-05,0.010969500755891204,1175.0,1169.0,5.660946846008301,0.46003007888793945,6.12097692489624,1169.0,1211.576923076923
industrial_changeover,1953,391,3,Order3,391,6.095999999999999e-05,0.055392494425177574,1300.0,1169.0,5.885533332824707,0.4685966968536377,6.354130029678345,1169.0,1211.468030690537
industrial_changeover,1958,392,3,Order3,392,6.0860000000000003e-05,0.027527074329555035,1216.0,1169.0,5.643397569656372,0.4366428852081299,6.080040454864502,1169.0,1211.359693877551
industrial_changeover,1963,393,3,Order3,393,6.0759999999999994e-05,-0.010983804007992148,1196.0,1169.0,5.751561880111694,0.4743189811706543,6.225880861282349,1169.0,1211.2519083969466
industrial_changeover,1968,394,3,Order3,394,6.0660000000000005e-05,0.004927179426886141,1196.0,1169.0,5.642181873321533,0.4475827217102051,6.089764595031738,1169.0,1211.1446700507615
industrial_changeover,1973,395,3,Order3,395,6.056e-05,-0.0320535721257329,1196.0,1169.0,5.937539339065552,0.4557762145996094,6.393315553665161,1169.0,1211.0379746835442
industrial_changeover,1978,396,3,Order3,396,6.046000000000001e-05,-0.005263151018880308,1244.0,1169.0,6.007249355316162,0.47870779037475586,6.485957145690918,1169.0,1210.9318181818182
industrial_changeover,1983,397,3,Order3,397,6.0360000000000005e-05,0.004473390756174922,1227.0,1169.0,5.707165241241455,0.46817851066589355,6.175343751907349,1169.0,1210.8261964735516
industrial_changeover,1988,398,3,Order3,398,6.026e-05,0.017293632496148348,1208.0,1169.0,5.9754157066345215,0.4706864356994629,6.446102142333984,1169.0,1210.7211055276382
industrial_changeover,1993,399,3,Order3,399,6.016000000000001e-05,0.036573038436472416,1246.0,1169.0,5.596731901168823,0.4433128833770752,6.040044784545898,1169.0,1210.6165413533834
industrial_changeover,1998,400,3,Order3,400,6.0060000000000004e-05,-0.06366872787475586,1177.0,1169.0,5.5665013790130615,0.44081807136535645,6.007319450378418,1169.0,1210.5125
industrial_changeover,2003,401,3,Order3,401,5.996e-05,0.003157708386424929,1182.0,1169.0,5.59868049621582,0.4676096439361572,6.0662901401519775,1169.0,1210.4089775561097
industrial_changeover,2008,402,3,Order3,402,5.9860000000000006e-05,0.009708461351692677,1228.0,1169.0,5.800707578659058,0.48662662506103516,6.287334203720093,1169.0,1210.3059701492537
industrial_changeover,2013,403,3,Order3,403,5.9760000000000004e-05,0.03300164546817541,1246.0,1169.0,6.164860725402832,0.4823930263519287,6.647253751754761,1169.0,1210.2034739454095
industrial_changeover,2018,404,3,Order3,404,5.966000000000001e-05,-0.04456016980111599,1175.0,1169.0,5.641455888748169,0.4437382221221924,6.085194110870361,1169.0,1210.101485148515
industrial_changeover,2023,405,3,Order3,405,5.9560000000000006e-05,0.08502167463302612,1300.0,1169.0,5.750726938247681,0.4536292552947998,6.2043561935424805,1169.0,1210.0
industrial_changeover,2028,406,3,Order3,406,5.946e-05,0.051603724248707294,1246.0,1169.0,5.710687160491943,0.4448709487915039,6.155558109283447,1169.0,1209.8990147783252
industrial_changeover,2033,407,3,Order3,407,5.936000000000001e-05,-0.07691283151507378,1177.0,1169.0,5.744237899780273,0.46526622772216797,6.209504127502441,1169.0,1209.7985257985258
industrial_changeover,2038,408,3,Order3,408,5.9260000000000005e-05,-0.03464325424283743,1182.0,1169.0,5.899417161941528,0.45145726203918457,6.350874423980713,1169.0,1209.6985294117646
industrial_changeover,2043,409,3,Order3,409,5.916e-05,0.05258935783058405,1245.0,1169.0,5.846569061279297,0.46767282485961914,6.314241886138916,1169.0,1209.59902200489
industrial_changeover,2048,410,3,Order3,410,5.906000000000001e-05,-0.020885515492409468,1175.0,1169.0,6.077010631561279,0.4624159336090088,6.539426565170288,1169.0,1209.5
industrial_changeover,2053,411,3,Order3,411,5.8960000000000005e-05,0.03173537086695433,1213.0,1169.0,5.553252935409546,0.4653449058532715,6.018597841262817,1169.0,1209.4014598540145
industrial_changeover,2058,412,3,Order3,412,5.886e-05,-0.008339994587004185,1180.0,1169.0,5.575517892837524,0.45215463638305664,6.027672529220581,1169.0,1209.3033980582525
industrial_changeover,2063,413,3,Order3,413,5.876000000000001e-05,-0.03583539929240942,1169.0,1169.0,5.428732395172119,0.43420863151550293,5.862941026687622,1169.0,1209.2058111380145
industrial_changeover,2068,414,3,Order3,414,5.8660000000000004e-05,-0.06012255512177944,1169.0,1169.0,5.852761507034302,0.4411327838897705,6.293894290924072,1169.0,1209.108695652174
industrial_changeover,2073,415,3,Order3,415,5.856e-05,-0.0032311794348061085,1180.0,1169.0,5.770421504974365,0.47363948822021484,6.24406099319458,1169.0,1209.012048192771
industrial_changeover,2078,416,3,Order3,416,5.8460000000000006e-05,0.01216198317706585,1169.0,1169.0,5.694064617156982,0.4506680965423584,6.144732713699341,1169.0,1208.9158653846155
industrial_changeover,2083,417,3,Order3,417,5.8360000000000004e-05,0.03354284726083279,1279.0,1169.0,5.771482229232788,0.4754033088684082,6.246885538101196,1169.0,1208.820143884892
industrial_changeover,2088,418,3,Order3,418,5.826e-05,-0.01855886774137616,1197.0,1169.0,5.720098972320557,0.44739508628845215,6.167494058609009,1169.0,1208.7248803827752
industrial_changeover,2093,419,3,Order3,419,5.8160000000000006e-05,-0.00453298888169229,1184.0,1169.0,5.9603941440582275,0.4596822261810303,6.420076370239258,1169.0,1208.6300715990453
industrial_changeover,2098,420,3,Order3,420,5.806e-05,0.017647443804889917,1213.0,1169.0,5.8333470821380615,0.44701147079467773,6.280358552932739,1169.0,1208.5357142857142
industrial_changeover,2103,421,3,Order3,421,5.796e-05,0.02106870338320732,1246.0,1169.0,5.8838419914245605,0.45122265815734863,6.335064649581909,1169.0,1208.4418052256533
industrial_changeover,2108,422,3,Order3,422,5.7860000000000005e-05,-0.023625335656106472,1169.0,1169.0,5.713843584060669,0.466571569442749,6.180415153503418,1169.0,1208.3483412322275
industrial_changeover,2113,423,3,Order3,423,5.776e-05,0.05726483557373285,1310.0,1169.0,5.653249979019165,0.44354772567749023,6.096797704696655,1169.0,1208.2553191489362
industrial_changeover,2118,424,3,Order3,424,5.766e-05,0.042343326844275,1231.0,1169.0,5.6288158893585205,0.4444770812988281,6.073292970657349,1169.0,1208.1627358490566
industrial_changeover,2123,425,3,Order3,425,5.7560000000000005e-05,-0.031106116715818644,1182.0,1169.0,5.760516405105591,0.5110852718353271,6.271601676940918,1169.0,1208.070588235294
industrial_changeover,2128,426,3,Order3,426,5.746e-05,-0.07660061866044998,1175.0,1169.0,5.75917387008667,0.4526650905609131,6.211838960647583,1169.0,1207.9788732394366
industrial_changeover,2133,427,3,Order3,427,5.736e-05,-0.019748262129724026,1177.0,1169.0,5.585607290267944,0.44501805305480957,6.030625343322754,1169.0,1207.887587822014
industrial_changeover,2138,428,3,Order3,428,5.7260000000000004e-05,0.038964967243373394,1222.0,1169.0,5.808830499649048,0.45733118057250977,6.266161680221558,1169.0,1207.7967289719627
industrial_changeover,2143,429,3,Order3,429,5.716e-05,-0.0065355064580217,1186.0,1169.0,5.734692096710205,0.4713428020477295,6.206034898757935,1169.0,1207.7062937062938
industrial_changeover,2148,430,3,Order3,430,5.706e-05,0.1078045666217804,1281.0,1169.0,5.921254396438599,0.5014805793762207,6.422734975814819,1169.0,1207.6162790697674
industrial_changeover,2153,431,3,Order3,431,5.6960000000000004e-05,-0.03033136995509267,1175.0,1169.0,5.792138338088989,0.4732816219329834,6.265419960021973,1169.0,1207.5266821345708
industrial_changeover,2158,432,3,Order3,432,5.686e-05,-0.005805027554742992,1227.0,1169.0,5.763084650039673,0.45099711418151855,6.214081764221191,1169.0,1207.4375
industrial_changeover,2163,433,3,Order3,433,5.6760000000000005e-05,0.0020569016342051327,1196.0,1169.0,5.94823431968689,0.4687964916229248,6.4170308113098145,1169.0,1207.3487297921479
industrial_changeover,2168,434,3,Order3,434,5.666e-05,0.06364662759006023,1281.0,1169.0,5.590787887573242,0.4317357540130615,6.022523641586304,1169.0,1207.2603686635944
industrial_changeover,2173,435,3,Order3,435,5.656e-05,-0.025936654768884182,1169.0,1169.0,5.5807881355285645,0.4343245029449463,6.015112638473511,1169.0,1207.1724137931035
industrial_changeover,2178,436,3,Order3,436,5.6460000000000005e-05,-0.0048678567400202155,1265.0,1169.0,5.525862455368042,0.44492626190185547,5.9707887172698975,1169.0,1207.084862385321
industrial_changeover,2183,437,3,Order3,437,5.636e-05,-0.04787358269095421,1175.0,1169.0,5.661422252655029,0.46280765533447266,6.124229907989502,1169.0,1206.9977116704806
industrial_changeover,2188,438,3,Order3,438,5.626e-05,0.06366444379091263,1281.0,1169.0,5.897102355957031,0.45452094078063965,6.351623296737671,1169.0,1206.9109589041095
industrial_changeover,2193,439,3,Order3,439,5.6160000000000004e-05,-0.06333738937973976,1169.0,1169.0,5.737772464752197,0.480365514755249,6.218137979507446,1169.0,1206.8246013667426
industrial_changeover,2198,440,3,Order3,440,5.606e-05,-0.019928641617298126,1169.0,1169.0,5.773184299468994,0.46425652503967285,6.237440824508667,1169.0,1206.7386363636363
industrial_changeover,2203,441,3,Order3,441,5.596e-05,0.06292824540287256,1281.0,1169.0,5.723597526550293,0.4674975872039795,6.1910951137542725,1169.0,1206.6530612244899
industrial_changeover,2208,442,3,Order3,442,5.5860000000000004e-05,-0.023998090531677008,1208.0,1169.0,5.800387144088745,0.4747309684753418,6.275118112564087,1169.0,1206.5678733031675
industrial_changeover,2213,443,3,Order3,443,5.576e-05,-0.006340708932839334,1169.0,1169.0,5.7188122272491455,0.451369047164917,6.1701812744140625,1169.0,1206.4830699774266
industrial_changeover,2218,444,3,Order3,444,5.566e-05,-0.0574480090290308,1175.0,1169.0,5.7433977127075195,0.5066015720367432,6.249999284744263,1169.0,1206.3986486486488
industrial_changeover,2223,445,3,Order3,445,5.556e-05,-0.013464514398947358,1175.0,1169.0,6.038436651229858,0.48467063903808594,6.523107290267944,1169.0,1206.314606741573
industrial_changeover,2228,446,3,Order3,446,5.546e-05,-0.027174348942935467,1175.0,1169.0,5.719222068786621,0.43869495391845703,6.157917022705078,1169.0,1206.2309417040358
industrial_changeover,2233,447,3,Order3,447,5.536e-05,0.013375804526731372,1169.0,1169.0,5.620692491531372,0.46129393577575684,6.081986427307129,1169.0,1206.1476510067114
industrial_changeover,2238,448,3,Order3,448,5.526e-05,0.0414818087592721,1235.0,1169.0,5.447923183441162,0.43166279792785645,5.8795859813690186,1169.0,1206.064732142857
industrial_changeover,2243,449,3,Order3,449,5.516e-05,-0.051283691078424454,1169.0,1169.0,5.7628493309021,0.459575891494751,6.222425222396851,1169.0,1205.9821826280624
industrial_changeover,2248,450,3,Order3,450,5.506e-05,0.06803184188902378,1213.0,1169.0,6.137328863143921,0.4801137447357178,6.617442607879639,1169.0,1205.9
industrial_changeover,2253,451,3,Order3,451,5.496e-05,-0.05766273755580187,1169.0,1169.0,5.5896618366241455,0.44134068489074707,6.031002521514893,1169.0,1205.8181818181818
industrial_changeover,2258,452,3,Order3,452,5.486e-05,0.018122260458767414,1169.0,1169.0,5.6972410678863525,0.44092392921447754,6.13816499710083,1169.0,1205.736725663717
industrial_changeover,2263,453,3,Order3,453,5.476e-05,-0.01029628375545144,1169.0,1169.0,5.613006114959717,0.4353647232055664,6.048370838165283,1169.0,1205.6556291390727
industrial_changeover,2268,454,3,Order3,454,5.466e-05,0.00840961467474699,1169.0,1169.0,5.826586723327637,0.44750046730041504,6.274087190628052,1169.0,1205.5748898678414
industrial_changeover,2273,455,3,Order3,455,5.456e-05,0.03666513040661812,1213.0,1169.0,5.677871465682983,0.47279834747314453,6.150669813156128,1169.0,1205.4945054945056
industrial_changeover,2278,456,3,Order3,456,5.446e-05,-0.012384715024381876,1196.0,1169.0,5.753350496292114,0.46959638595581055,6.222946882247925,1169.0,1205.4144736842106
industrial_changeover,2283,457,3,Order3,457,5.436000000000001e-05,-0.0015959317679516971,1175.0,1169.0,5.927569150924683,0.4387364387512207,6.366305589675903,1169.0,1205.3347921225384
industrial_changeover,2288,458,3,Order3,458,5.426e-05,-0.047631680965423584,1169.0,1169.0,5.687248945236206,0.4377586841583252,6.125007629394531,1169.0,1205.2554585152839
industrial_changeover,2293,459,3,Order3,459,5.416000000000001e-05,-0.01661060145124793,1169.0,1169.0,5.584730625152588,0.43116331100463867,6.015893936157227,1169.0,1205.1764705882354
industrial_changeover,2298,460,3,Order3,460,5.406e-05,0.01726314751431346,1213.0,1169.0,5.651155710220337,0.46718668937683105,6.118342399597168,1169.0,1205.0978260869565
industrial_changeover,2303,461,3,Order3,461,5.396000000000001e-05,0.04789351299405098,1235.0,1169.0,5.613621473312378,0.44150781631469727,6.055129289627075,1169.0,1205.0195227765726
industrial_changeover,2308,462,3,Order3,462,5.386e-05,0.027077059727162123,1180.0,1169.0,5.867582082748413,0.4399135112762451,6.307495594024658,1169.0,1204.9415584415585
industrial_changeover,2313,463,3,Order3,463,5.376000000000001e-05,0.03690225724130869,1265.0,1169.0,5.692311525344849,0.44197678565979004,6.134288311004639,1169.0,1204.8639308855293
industrial_changeover,2318,464,3,Order3,464,5.366e-05,-0.04058917798101902,1175.0,1169.0,5.629516839981079,0.4599792957305908,6.08949613571167,1169.0,1204.7866379310344
industrial_changeover,2323,465,3,Order3,465,5.356000000000001e-05,0.027856795117259026,1196.0,1169.0,5.81632399559021,0.4463076591491699,6.26263165473938,1169.0,1204.7096774193549
industrial_changeover,2328,466,3,Order3,466,5.346e-05,0.04309376981109381,1231.0,1169.0,5.672697305679321,0.44850754737854004,6.121204853057861,1169.0,1204.6330472103004
industrial_changeover,2333,467,3,Order3,467,5.336000000000001e-05,-0.021056851372122765,1175.0,1169.0,5.884535074234009,0.46930766105651855,6.353842735290527,1169.0,1204.556745182013
industrial_changeover,2338,468,3,Order3,468,5.326e-05,-0.03407824691385031,1180.0,1169.0,6.083604335784912,0.4577980041503906,6.541402339935303,1169.0,1204.4807692307693
industrial_changeover,2343,469,3,Order3,469,5.316000000000001e-05,-0.015202452661469579,1169.0,1169.0,5.716052532196045,0.4597439765930176,6.1757965087890625,1169.0,1204.4051172707889
industrial_changeover,2348,470,3,Order3,470,5.306e-05,-0.01668737269937992,1169.0,1169.0,5.751931667327881,0.4448268413543701,6.196758508682251,1169.0,1204.3297872340424
industrial_changeover,2353,471,3,Order3,471,5.296000000000001e-05,0.001112714468035847,1169.0,1169.0,5.485710144042969,0.4406859874725342,5.926396131515503,1169.0,1204.2547770700637
industrial_changeover,2358,472,3,Order3,472,5.286e-05,-0.002478616137523204,1169.0,1169.0,5.7667460441589355,0.47930312156677246,6.246049165725708,1169.0,1204.1800847457628
industrial_changeover,2363,473,3,Order3,473,5.276000000000001e-05,0.028924524784088135,1214.0,1169.0,5.9091010093688965,0.49331116676330566,6.402412176132202,1169.0,1204.105708245243
industrial_changeover,2368,474,3,Order3,474,5.266e-05,-0.0029019263456575572,1195.0,1169.0,5.575442552566528,0.4569528102874756,6.032395362854004,1169.0,1204.0316455696202
industrial_changeover,2373,475,3,Order3,475,5.256000000000001e-05,-0.002196157176513225,1197.0,1169.0,5.667602777481079,0.45119547843933105,6.11879825592041,1169.0,1203.957894736842
industrial_changeover,2378,476,3,Order3,476,5.2459999999999996e-05,0.024333338253200054,1180.0,1169.0,5.688679456710815,0.4549906253814697,6.143670082092285,1169.0,1203.8844537815125
industrial_changeover,2383,477,3,Order3,477,5.236000000000001e-05,-0.02500142576172948,1175.0,1169.0,5.779190301895142,0.4509096145629883,6.23009991645813,1169.0,1203.811320754717
industrial_changeover,2388,478,3,Order3,478,5.226e-05,0.05423945188522339,1245.0,1169.0,5.815857648849487,0.4717724323272705,6.287630081176758,1169.0,1203.7384937238494
industrial_changeover,2393,479,3,Order3,479,5.216000000000001e-05,0.0020342040224932134,1230.0,1169.0,5.75749659538269,0.47779083251953125,6.235287427902222,1169.0,1203.6659707724425
industrial_changeover,2398,480,3,Order3,480,5.206e-05,-0.02124672243371606,1169.0,1169.0,5.885178804397583,0.4759817123413086,6.361160516738892,1169.0,1203.59375
industrial_changeover,2403,481,3,Order3,481,5.196000000000001e-05,0.028159974608570337,1216.0,1169.0,5.5750648975372314,0.4426724910736084,6.01773738861084,1169.0,1203.5218295218294
industrial_changeover,2408,482,3,Order3,482,5.1859999999999995e-05,0.03233012743294239,1213.0,1169.0,5.73361873626709,0.44863200187683105,6.182250738143921,1169.0,1203.4502074688796
industrial_changeover,2413,483,3,Order3,483,5.1760000000000006e-05,-0.040554434061050415,1169.0,1169.0,5.561406850814819,0.43791818618774414,5.9993250370025635,1169.0,1203.3788819875776
industrial_changeover,2418,484,3,Order3,484,5.166e-05,0.059760941192507744,1234.0,1169.0,5.710353851318359,0.4555668830871582,6.165920734405518,1169.0,1203.3078512396694
industrial_changeover,2423,485,3,Order3,485,5.156000000000001e-05,-0.08026408404111862,1169.0,1169.0,5.643272876739502,0.48226213455200195,6.125535011291504,1169.0,1203.2371134020618
industrial_changeover,2428,486,3,Order3,486,5.146e-05,0.032728442922234535,1213.0,1169.0,5.617281675338745,0.46196889877319336,6.0792505741119385,1169.0,1203.1666666666667
industrial_changeover,2433,487,3,Order3,487,5.136000000000001e-05,-0.01049444661475718,1169.0,1169.0,5.6385698318481445,0.45858216285705566,6.0971519947052,1169.0,1203.0965092402464
industrial_changeover,2438,488,3,Order3,488,5.1259999999999994e-05,-0.023152425419539213,1169.0,1169.0,5.610568523406982,0.46346282958984375,6.074031352996826,1169.0,1203.0266393442623
industrial_changeover,2443,489,3,Order3,489,5.1160000000000005e-05,-0.013559546787291765,1197.0,1169.0,5.7563934326171875,0.45244884490966797,6.2088422775268555,1169.0,1202.9570552147238
industrial_changeover,2448,490,3,Order3,490,5.1059999999999996e-05,-0.031189654488116503,1169.0,1169.0,5.924640893936157,0.47697877883911133,6.4016196727752686,1169.0,1202.8877551020407
industrial_changeover,2453,491,3,Order3,491,5.096000000000001e-05,0.023216724395751953,1213.0,1169.0,5.9548561573028564,0.46047449111938477,6.415330648422241,1169.0,1202.8187372708758
industrial_changeover,2458,492,3,Order3,492,5.086e-05,-0.0035373855498619378,1213.0,1169.0,5.910360097885132,0.46723294258117676,6.377593040466309,1169.0,1202.75
industrial_changeover,2463,493,3,Order3,493,5.076000000000001e-05,0.024188656359910965,1216.0,1169.0,5.661741256713867,0.44898056983947754,6.110721826553345,1169.0,1202.6815415821502
industrial_changeover,2468,494,3,Order3,494,5.066e-05,0.0011130705825053155,1196.0,1169.0,5.663569450378418,0.44278860092163086,6.106358051300049,1169.0,1202.6133603238866
industrial_changeover,2473,495,3,Order3,495,5.056000000000001e-05,-0.022499080281704664,1175.0,1169.0,5.560028553009033,0.4335334300994873,5.9935619831085205,1169.0,1202.5454545454545
industrial_changeover,2478,496,3,Order3,496,5.0459999999999995e-05,0.021072703413665295,1208.0,1169.0,5.601837873458862,0.45718932151794434,6.059027194976807,1169.0,1202.4778225806451
industrial_changeover,2483,497,3,Order3,497,5.0360000000000006e-05,-0.03790146950632334,1169.0,1169.0,6.142001628875732,0.4527747631072998,6.594776391983032,1169.0,1202.4104627766599
industrial_changeover,2488,498,3,Order3,498,5.0259999999999997e-05,0.0100850451271981,1169.0,1169.0,5.669933319091797,0.4465751647949219,6.116508483886719,1169.0,1202.3433734939758
industrial_changeover,2493,499,3,Order3,499,5.016000000000001e-05,0.011586156906560063,1198.0,1169.0,5.682081937789917,0.46308183670043945,6.1451637744903564,1169.0,1202.2765531062125
industrial_changeover,2498,500,3,Order3,500,5.006e-05,-0.011622653342783451,1169.0,1169.0,5.78799843788147,0.4600508213043213,6.248049259185791,1169.0,1202.21
industrial_changeover,2503,501,3,Order3,501,4.996000000000001e-05,-0.02860249439254403,1196.0,1169.0,5.8121490478515625,0.4538748264312744,6.266023874282837,1169.0,1202.1437125748503
industrial_changeover,2508,502,3,Order3,502,4.986000000000001e-05,-0.024728518910706043,1175.0,1169.0,5.816373825073242,0.4589061737060547,6.275279998779297,1169.0,1202.0776892430279
industrial_changeover,2513,503,3,Order3,503,4.9760000000000005e-05,0.01083826762624085,1169.0,1169.0,5.794159889221191,0.48476362228393555,6.278923511505127,1169.0,1202.0119284294235
industrial_changeover,2518,504,3,Order3,504,4.966000000000001e-05,0.021056795027107,1208.0,1169.0,5.650782823562622,0.4615750312805176,6.11235785484314,1169.0,1201.9464285714287
industrial_changeover,2523,505,3,Order3,505,4.9560000000000007e-05,-0.011223087087273598,1169.0,1169.0,5.6763153076171875,0.4336676597595215,6.109982967376709,1169.0,1201.881188118812
industrial_changeover,2528,506,3,Order3,506,4.9460000000000004e-05,0.004389025620184839,1207.0,1169.0,5.552875280380249,0.4275639057159424,5.980439186096191,1169.0,1201.8162055335968
industrial_changeover,2533,507,3,Order3,507,4.936000000000001e-05,-0.0014500907273031771,1169.0,1169.0,6.009842395782471,0.454176664352417,6.464019060134888,1169.0,1201.7514792899408
industrial_changeover,2538,508,3,Order3,508,4.9260000000000006e-05,-0.0033487394102849066,1182.0,1169.0,5.78853440284729,0.4856417179107666,6.274176120758057,1169.0,1201.6870078740158
industrial_changeover,2543,509,3,Order3,509,4.9160000000000004e-05,-0.015094263711944222,1180.0,1169.0,5.654455900192261,0.4402425289154053,6.094698429107666,1169.0,1201.62278978389
industrial_changeover,2548,510,3,Order3,510,4.906000000000001e-05,0.018367007840424776,1207.0,1169.0,5.812538146972656,0.46205663681030273,6.274594783782959,1169.0,1201.5588235294117
industrial_changeover,2553,511,3,Order3,511,4.8960000000000006e-05,0.001723736320855096,1196.0,1169.0,5.664383888244629,0.46361589431762695,6.127999782562256,1169.0,1201.495107632094
industrial_changeover,2558,512,3,Order3,512,4.886e-05,0.0027646125527098775,1180.0,1169.0,5.81840181350708,0.4670107364654541,6.285412549972534,1169.0,1201.431640625
industrial_changeover,2563,513,3,Order3,513,4.876000000000001e-05,-0.006018618703819811,1197.0,1169.0,5.9697394371032715,0.4873631000518799,6.457102537155151,1169.0,1201.3684210526317
industrial_changeover,2568,514,3,Order3,514,4.8660000000000005e-05,0.039442237466573715,1196.0,1169.0,5.791000604629517,0.4450099468231201,6.236010551452637,1169.0,1201.3054474708172
industrial_changeover,2573,515,3,Order3,515,4.856e-05,-0.06089974753558636,1169.0,1169.0,5.93390965461731,0.4617424011230469,6.3956520557403564,1169.0,1201.2427184466019
industrial_changeover,2578,516,3,Order3,516,4.846000000000001e-05,0.03402148652821779,1213.0,1169.0,5.52573823928833,0.4537332057952881,5.979471445083618,1169.0,1201.1802325581396
industrial_changeover,2583,517,3,Order3,517,4.8360000000000005e-05,0.018783350475132465,1208.0,1169.0,5.569372653961182,0.4503903388977051,6.019762992858887,1169.0,1201.1179883945842
industrial_changeover,2588,518,3,Order3,518,4.826e-05,0.003812669194303453,1196.0,1169.0,5.608664035797119,0.4347538948059082,6.043417930603027,1169.0,1201.0559845559847
industrial_changeover,2593,519,3,Order3,519,4.8160000000000006e-05,0.002762022486422211,1175.0,1169.0,5.833700656890869,0.44717931747436523,6.280879974365234,1169.0,1200.9942196531792
industrial_changeover,2598,520,3,Order3,520,4.8060000000000004e-05,0.03505072742700577,1231.0,1169.0,5.840518474578857,0.48511719703674316,6.325635671615601,1169.0,1200.9326923076924
industrial_changeover,2603,521,3,Order3,521,4.796e-05,0.037739179097115993,1216.0,1169.0,5.658356189727783,0.4456160068511963,6.1039721965789795,1169.0,1200.8714011516315
industrial_changeover,2608,522,3,Order3,522,4.7860000000000006e-05,-0.03349605295807123,1169.0,1169.0,5.712311267852783,0.45256876945495605,6.164880037307739,1169.0,1200.8103448275863
industrial_changeover,2613,523,3,Order3,523,4.7760000000000004e-05,0.045512146316468716,1232.0,1169.0,5.7584593296051025,0.4643712043762207,6.222830533981323,1169.0,1200.7495219885277
industrial_changeover,2618,524,3,Order3,524,4.766000000000001e-05,0.026500010397285223,1242.0,1169.0,5.707224369049072,0.45544910430908203,6.162673473358154,1169.0,1200.6889312977098
industrial_changeover,2623,525,3,Order3,525,4.7560000000000005e-05,0.01045057037845254,1197.0,1169.0,5.613664388656616,0.4475409984588623,6.0612053871154785,1169.0,1200.6285714285714
industrial_changeover,2628,526,3,Order3,526,4.746e-05,-0.056250808760523796,1182.0,1169.0,5.701595783233643,0.45919227600097656,6.160788059234619,1169.0,1200.5684410646388
industrial_changeover,2633,527,3,Order3,527,4.736000000000001e-05,-0.011108461767435074,1175.0,1169.0,5.7845659255981445,0.46416711807250977,6.248733043670654,1169.0,1200.5085388994307
industrial_changeover,2638,528,3,Order3,528,4.7260000000000005e-05,-0.033443805761635303,1169.0,1169.0,5.641724586486816,0.47606325149536133,6.117787837982178,1169.0,1200.4488636363637
industrial_changeover,2643,529,3,Order3,529,4.716e-05,0.0815192200243473,1265.0,1169.0,5.7255330085754395,0.44019460678100586,6.165727615356445,1169.0,1200.389413988658
industrial_changeover,2648,530,3,Order3,530,4.706000000000001e-05,0.006353170494548976,1242.0,1169.0,5.563883066177368,0.44343137741088867,6.007314443588257,1169.0,1200.3301886792453
industrial_changeover,2653,531,3,Order3,531,4.6960000000000004e-05,-0.048367565497756004,1169.0,1169.0,5.790587663650513,0.4617605209350586,6.252348184585571,1169.0,1200.2711864406779
industrial_changeover,2658,532,3,Order3,532,4.686e-05,-0.009730922058224678,1197.0,1169.0,5.789066314697266,0.4618978500366211,6.250964164733887,1169.0,1200.2124060150377
industrial_changeover,2663,533,3,Order3,533,4.6760000000000006e-05,0.015473913634195924,1197.0,1169.0,5.6908745765686035,0.4446218013763428,6.135496377944946,1169.0,1200.1538461538462
industrial_changeover,2668,534,3,Order3,534,4.6660000000000004e-05,-0.013927650405094028,1182.0,1169.0,5.725965738296509,0.4731626510620117,6.1991283893585205,1169.0,1200.0955056179776
industrial_changeover,2673,535,3,Order3,535,4.656e-05,-0.007095400593243539,1169.0,1169.0,5.7681884765625,0.447613000869751,6.215801477432251,1169.0,1200.03738317757
industrial_changeover,2678,536,3,Order3,536,4.6460000000000006e-05,-0.06269684713333845,1169.0,1169.0,5.735421180725098,0.4598548412322998,6.1952760219573975,1169.0,1199.9794776119404
industrial_changeover,2683,537,3,Order3,537,4.636e-05,0.04327063914388418,1195.0,1169.0,5.685175895690918,0.4525797367095947,6.137755632400513,1169.0,1199.9217877094973
industrial_changeover,2688,538,3,Order3,538,4.626e-05,-0.03826773166656494,1169.0,1169.0,5.691922903060913,0.46104884147644043,6.1529717445373535,1169.0,1199.864312267658
industrial_changeover,2693,539,3,Order3,539,4.6160000000000005e-05,-0.013667745748534799,1169.0,1169.0,5.786160707473755,0.44203710556030273,6.228197813034058,1169.0,1199.8070500927645
industrial_changeover,2698,540,3,Order3,540,4.606e-05,0.00045083006261847913,1169.0,1169.0,5.651982545852661,0.44722509384155273,6.099207639694214,1169.0,1199.75
industrial_changeover,2703,541,3,Order3,541,4.596e-05,0.008546412456780672,1196.0,1169.0,5.586995601654053,0.43552184104919434,6.022517442703247,1169.0,1199.6931608133086
industrial_changeover,2708,542,3,Order3,542,4.5860000000000005e-05,-0.0008204765763366595,1175.0,1169.0,5.479320049285889,0.45081233978271484,5.9301323890686035,1169.0,1199.6365313653137
industrial_changeover,2713,543,3,Order3,543,4.576e-05,0.0014956622326280922,1175.0,1169.0,5.923389911651611,0.4528472423553467,6.376237154006958,1169.0,1199.5801104972375
industrial_changeover,2718,544,3,Order3,544,4.566e-05,0.020455846097320318,1214.0,1169.0,5.7261035442352295,0.4436075687408447,6.169711112976074,1169.0,1199.5238970588234
industrial_changeover,2723,545,3,Order3,545,4.5560000000000004e-05,-0.018077725544571877,1169.0,1169.0,5.685694932937622,0.44173550605773926,6.127430438995361,1169.0,1199.467889908257
industrial_changeover,2728,546,3,Order3,546,4.546e-05,-0.01222139922901988,1184.0,1169.0,5.798486232757568,0.4400162696838379,6.238502502441406,1169.0,1199.4120879120878
industrial_changeover,2733,547,3,Order3,547,4.536e-05,0.006859980640001595,1169.0,1169.0,5.821807146072388,0.45571446418762207,6.27752161026001,1169.0,1199.3564899451553
industrial_changeover,2738,548,3,Order3,548,4.5260000000000004e-05,-0.007059068069793284,1169.0,1169.0,5.678685426712036,0.4618041515350342,6.14048957824707,1169.0,1199.301094890511
industrial_changeover,2743,549,3,Order3,549,4.516e-05,0.053582146763801575,1196.0,1169.0,5.637109279632568,0.4479365348815918,6.08504581451416,1169.0,1199.2459016393443
industrial_changeover,2748,550,3,Order3,550,4.506e-05,0.013050869572907686,1196.0,1169.0,5.916640996932983,0.48726773262023926,6.403908729553223,1169.0,1199.1909090909091
industrial_changeover,2753,551,3,Order3,551,4.496e-05,-0.01587543124333024,1175.0,1169.0,5.527453184127808,0.47432518005371094,6.0017783641815186,1169.0,1199.13611615245
industrial_changeover,2758,552,3,Order3,552,4.486e-05,-0.008817449677735567,1169.0,1169.0,5.5870397090911865,0.4422285556793213,6.029268264770508,1169.0,1199.0815217391305
industrial_changeover,2763,553,3,Order3,553,4.4760000000000005e-05,-0.03108855662867427,1169.0,1169.0,5.475466728210449,0.434826135635376,5.910292863845825,1169.0,1199.0271247739602
industrial_changeover,2768,554,3,Order3,554,4.466e-05,-0.01805829955264926,1184.0,1169.0,5.929483890533447,0.4821352958679199,6.411619186401367,1169.0,1198.9729241877255
industrial_changeover,2773,555,3,Order3,555,4.456e-05,0.035640970803797245,1228.0,1169.0,5.820688962936401,0.5194013118743896,6.340090274810791,1169.0,1198.918918918919
industrial_changeover,2778,556,3,Order3,556,4.4460000000000005e-05,-0.010837741894647479,1169.0,1169.0,5.560997247695923,0.4639582633972168,6.02495551109314,1169.0,1198.8651079136691
industrial_changeover,2783,557,3,Order3,557,4.436e-05,0.006631092284806073,1197.0,1169.0,5.796998739242554,0.4523470401763916,6.249345779418945,1169.0,1198.8114901256733
industrial_changeover,2788,558,3,Order3,558,4.426e-05,0.05399566516280174,1228.0,1169.0,5.576622009277344,0.4425539970397949,6.019176006317139,1169.0,1198.758064516129
industrial_changeover,2793,559,3,Order3,559,4.4160000000000004e-05,-0.03023955738171935,1169.0,1169.0,5.788164138793945,0.4800717830657959,6.268235921859741,1169.0,1198.7048300536674
industrial_changeover,2798,560,3,Order3,560,4.406e-05,-0.050338334403932095,1175.0,1169.0,5.659761190414429,0.45198583602905273,6.1117470264434814,1169.0,1198.6517857142858
industrial_changeover,2803,561,3,Order3,561,4.396e-05,0.01440913020633161,1196.0,1169.0,5.849443435668945,0.4561305046081543,6.3055739402771,1169.0,1198.5989304812833
industrial_changeover,2808,562,3,Order3,562,4.3860000000000004e-05,0.0015693418099544942,1169.0,1169.0,5.753954648971558,0.45346903800964355,6.207423686981201,1169.0,1198.5462633451957
industrial_changeover,2813,563,3,Order3,563,4.376e-05,0.0016945845272857696,1213.0,1169.0,5.553009510040283,0.44831323623657227,6.0013227462768555,1169.0,1198.49378330373
industrial_changeover,2818,564,3,Order3,564,4.366e-05,0.010485480772331357,1175.0,1169.0,5.573099374771118,0.4409029483795166,6.014002323150635,1169.0,1198.4414893617022
industrial_changeover,2823,565,3,Order3,565,4.356e-05,-0.03821316733956337,1175.0,1169.0,5.510011911392212,0.4388456344604492,5.948857545852661,1169.0,1198.3893805309735
industrial_changeover,2828,566,3,Order3,566,4.346e-05,0.09572381898760796,1293.0,1169.0,6.059685945510864,0.4781837463378906,6.537869691848755,1169.0,1198.3374558303888
industrial_changeover,2833,567,3,Order3,567,4.336e-05,-0.0011812952579930425,1182.0,1169.0,5.779520511627197,0.46874141693115234,6.24826192855835,1169.0,1198.2857142857142
industrial_changeover,2838,568,3,Order3,568,4.326e-05,-0.004691136069595814,1213.0,1169.0,5.573544263839722,0.4553055763244629,6.028849840164185,1169.0,1198.2341549295775
industrial_changeover,2843,569,3,Order3,569,4.316e-05,0.03980105184018612,1232.0,1169.0,5.6221959590911865,0.43730759620666504,6.059503555297852,1169.0,1198.182776801406
industrial_changeover,2848,570,3,Order3,570,4.306e-05,-0.02364469924941659,1169.0,1169.0,5.607778549194336,0.4511690139770508,6.058947563171387,1169.0,1198.1315789473683
industrial_changeover,2853,571,3,Order3,571,4.296e-05,-0.02089808788150549,1169.0,1169.0,5.875278949737549,0.46585917472839355,6.341138124465942,1169.0,1198.0805604203151
industrial_changeover,2858,572,3,Order3,572,4.286e-05,-0.03654999099671841,1169.0,1169.0,5.847434043884277,0.449737548828125,6.297171592712402,1169.0,1198.0297202797203
industrial_changeover,2863,573,3,Order3,573,4.276e-05,0.016935919411480427,1196.0,1169.0,5.716559171676636,0.4422895908355713,6.158848762512207,1169.0,1197.9790575916231
industrial_changeover,2868,574,3,Order3,574,4.266e-05,0.005821937695145607,1186.0,1169.0,5.987325191497803,0.4638488292694092,6.451174020767212,1169.0,1197.9285714285713
industrial_changeover,2873,575,3,Order3,575,4.256e-05,-0.009446116629987955,1169.0,1169.0,5.528072357177734,0.4591104984283447,5.987182855606079,1169.0,1197.878260869565
industrial_changeover,2878,576,3,Order3,576,4.246e-05,0.048258024267852306,1197.0,1169.0,5.7127602100372314,0.445202112197876,6.157962322235107,1169.0,1197.828125
industrial_changeover,2883,577,3,Order3,577,4.236e-05,0.011217003455385566,1196.0,1169.0,5.582879304885864,0.4345855712890625,6.017464876174927,1169.0,1197.7781629116118
industrial_changeover,2888,578,3,Order3,578,4.226e-05,-0.027490952517837286,1169.0,1169.0,5.824234485626221,0.4446594715118408,6.2688939571380615,1169.0,1197.7283737024222
industrial_changeover,2893,579,3,Order3,579,4.2159999999999996e-05,-0.01992232957854867,1169.0,1169.0,5.7266130447387695,0.48240113258361816,6.209014177322388,1169.0,1197.678756476684
industrial_changeover,2898,580,3,Order3,580,4.206e-05,0.03887732978910208,1213.0,1169.0,5.553129434585571,0.4437839984893799,5.996913433074951,1169.0,1197.6293103448277
industrial_changeover,2903,581,3,Order3,581,4.196e-05,-0.010637855855748057,1169.0,1169.0,5.660411596298218,0.45081663131713867,6.1112282276153564,1169.0,1197.5800344234078
industrial_changeover,2908,582,3,Order3,582,4.186e-05,-0.008919522631913424,1175.0,1169.0,5.716190576553345,0.43654847145080566,6.15273904800415,1169.0,1197.5309278350514
industrial_changeover,2913,583,3,Order3,583,4.176e-05,-0.025838952511548996,1169.0,1169.0,5.716286659240723,0.4651458263397217,6.181432485580444,1169.0,1197.4819897084049
industrial_changeover,2918,584,3,Order3,584,4.166e-05,0.01870660576969385,1196.0,1169.0,5.6981728076934814,0.44307446479797363,6.141247272491455,1169.0,1197.4332191780823
industrial_changeover,2923,585,3,Order3,585,4.156e-05,-0.05178409535437822,1169.0,1169.0,5.80823278427124,0.4781608581542969,6.286393642425537,1169.0,1197.3846153846155
industrial_changeover,2928,586,3,Order3,586,4.146e-05,0.043701253831386566,1196.0,1169.0,5.705770015716553,0.42865514755249023,6.134425163269043,1169.0,1197.3361774744028
industrial_changeover,2933,587,3,Order3,587,4.136e-05,-0.041382499039173126,1175.0,1169.0,5.662563800811768,0.4500892162322998,6.112653017044067,1169.0,1197.2879045996592
industrial_changeover,2938,588,3,Order3,588,4.126e-05,0.03335376176983118,1195.0,1169.0,5.580006837844849,0.4351470470428467,6.015153884887695,1169.0,1197.2397959183672
industrial_changeover,2943,589,3,Order3,589,4.116e-05,0.005404779105447233,1196.0,1169.0,5.590593576431274,0.4872097969055176,6.077803373336792,1169.0,1197.1918505942276
industrial_changeover,2948,590,3,Order3,590,4.1059999999999997e-05,-0.008348402101546526,1169.0,1169.0,5.942896366119385,0.45998311042785645,6.402879476547241,1169.0,1197.1440677966102
industrial_changeover,2953,591,3,Order3,591,4.096e-05,-0.004002850968390703,1169.0,1169.0,5.641332626342773,0.4527733325958252,6.094105958938599,1169.0,1197.0964467005076
industrial_changeover,2958,592,3,Order3,592,4.086e-05,5.526192398974672e-05,1169.0,1169.0,5.672757863998413,0.42975425720214844,6.1025121212005615,1169.0,1197.0489864864865
industrial_changeover,2963,593,3,Order3,593,4.0759999999999996e-05,-0.02337908511981368,1169.0,1169.0,5.745837450027466,0.4590935707092285,6.204931020736694,1169.0,1197.0016863406408
industrial_changeover,2968,594,3,Order3,594,4.066e-05,0.025757867377251387,1186.0,1169.0,5.7658851146698,0.4604792594909668,6.226364374160767,1169.0,1196.9545454545455
industrial_changeover,2973,595,3,Order3,595,4.056e-05,-0.013934355229139328,1175.0,1169.0,5.980736494064331,0.48525309562683105,6.465989589691162,1169.0,1196.90756302521
industrial_changeover,2978,596,3,Order3,596,4.0459999999999995e-05,0.04379981569945812,1213.0,1169.0,5.891204357147217,0.4711334705352783,6.362337827682495,1169.0,1196.8607382550335
industrial_changeover,2983,597,3,Order3,597,4.036e-05,-0.006864165770821273,1186.0,1169.0,5.900120258331299,0.45121335983276367,6.3513336181640625,1169.0,1196.8140703517588
industrial_changeover,2988,598,3,Order3,598,4.026e-05,-0.014303236734122038,1169.0,1169.0,5.638279914855957,0.4626734256744385,6.1009533405303955,1169.0,1196.767558528428
industrial_changeover,2993,599,3,Order3,599,4.0159999999999995e-05,-0.015523554990068078,1175.0,1169.0,5.5874950885772705,0.44557642936706543,6.033071517944336,1169.0,1196.721202003339
industrial_changeover,2998,600,3,Order3,600,4.006e-05,-0.01659479597583413,1175.0,1169.0,5.601470947265625,0.43826746940612793,6.039738416671753,1169.0,1196.675
industrial_changeover,3003,601,3,Order3,601,3.996e-05,-0.002662767714355141,1169.0,1169.0,5.71833610534668,0.471698522567749,6.190034627914429,1169.0,1196.6289517470882
industrial_changeover,3008,602,3,Order3,602,3.9859999999999994e-05,-0.0019836402498185635,1169.0,1169.0,5.786624431610107,0.46260881423950195,6.249233245849609,1169.0,1196.5830564784053
industrial_changeover,3013,603,3,Order3,603,3.976e-05,-0.01195225608535111,1169.0,1169.0,5.716583490371704,0.43620848655700684,6.152791976928711,1169.0,1196.5373134328358
industrial_changeover,3018,604,3,Order3,604,3.9659999999999996e-05,0.005247127381153405,1169.0,1169.0,5.623443126678467,0.4609947204589844,6.084437847137451,1169.0,1196.4917218543046
industrial_changeover,3023,605,3,Order3,605,3.9559999999999994e-05,-0.014667435549199581,1169.0,1169.0,5.640292406082153,0.43901658058166504,6.079308986663818,1169.0,1196.4462809917356
industrial_changeover,3028,606,3,Order3,606,3.946e-05,0.027451705653220415,1197.0,1169.0,5.810796737670898,0.44803357124328613,6.258830308914185,1169.0,1196.40099009901
industrial_changeover,3033,607,3,Order3,607,3.9359999999999996e-05,0.0112003767862916,1197.0,1169.0,5.840451002120972,0.46202540397644043,6.302476406097412,1169.0,1196.355848434926
industrial_changeover,3038,608,3,Order3,608,3.9259999999999993e-05,-0.026826480869203806,1169.0,1169.0,5.8161139488220215,0.47403454780578613,6.290148496627808,1169.0,1196.310855263158
industrial_changeover,3043,609,3,Order3,609,3.916e-05,-0.004337789840064943,1169.0,1169.0,5.871604919433594,0.5045576095581055,6.376162528991699,1169.0,1196.2660098522167
industrial_changeover,3048,610,3,Order3,610,3.9059999999999995e-05,-0.0050726900808513165,1169.0,1169.0,5.629253149032593,0.44205522537231445,6.071308374404907,1169.0,1196.22131147541
industrial_changeover,3053,611,3,Order3,611,3.896e-05,-0.027994357980787754,1169.0,1169.0,5.6566221714019775,0.4451751708984375,6.101797342300415,1169.0,1196.1767594108019
industrial_changeover,3058,612,3,Order3,612,3.886e-05,0.019168897531926632,1208.0,1169.0,5.515761137008667,0.4291820526123047,5.944943189620972,1169.0,1196.1323529411766
industrial_changeover,3063,613,3,Order3,613,3.8759999999999995e-05,0.044709281995892525,1214.0,1169.0,5.706670045852661,0.47045254707336426,6.177122592926025,1169.0,1196.0880913539968
industrial_changeover,3068,614,3,Order3,614,3.8660000000000006e-05,-0.026294760406017303,1180.0,1169.0,5.756220102310181,0.49410486221313477,6.250324964523315,1169.0,1196.043973941368
industrial_changeover,3073,615,3,Order3,615,3.856000000000001e-05,0.01509675639681518,1175.0,1169.0,5.683996677398682,0.4499626159667969,6.1339592933654785,1169.0,1196.0
industrial_changeover,3078,616,3,Order3,616,3.846000000000001e-05,0.018918421119451523,1169.0,1169.0,5.771172285079956,0.46575212478637695,6.236924409866333,1169.0,1195.9561688311687
industrial_changeover,3083,617,3,Order3,617,3.8360000000000005e-05,0.005084661999717355,1182.0,1169.0,5.877901077270508,0.4599165916442871,6.337817668914795,1169.0,1195.9124797406807
industrial_changeover,3088,618,3,Order3,618,3.826000000000001e-05,-0.024093173444271088,1213.0,1169.0,5.874125242233276,0.4713430404663086,6.345468282699585,1169.0,1195.868932038835
industrial_changeover,3093,619,3,Order3,619,3.816000000000001e-05,0.057079349644482136,1186.0,1169.0,5.97783088684082,0.47948265075683594,6.457313537597656,1169.0,1195.8255250403877
industrial_changeover,3098,620,3,Order3,620,3.8060000000000005e-05,-0.014721565181389451,1182.0,1169.0,5.941164970397949,0.4875063896179199,6.428671360015869,1169.0,1195.782258064516
industrial_changeover,3103,621,3,Order3,621,3.796000000000001e-05,0.009218736551702023,1169.0,1169.0,5.680663585662842,0.4516329765319824,6.132296562194824,1169.0,1195.7391304347825
industrial_changeover,3108,622,3,Order3,622,3.786000000000001e-05,0.009186954936012626,1186.0,1169.0,5.58466649055481,0.4538547992706299,6.0385212898254395,1169.0,1195.6961414790997
industrial_changeover,3113,623,3,Order3,623,3.7760000000000004e-05,0.042395999655127525,1213.0,1169.0,5.48730993270874,0.44539809226989746,5.932708024978638,1169.0,1195.653290529695
industrial_changeover,3118,624,3,Order3,624,3.766000000000001e-05,0.00415707950014621,1169.0,1169.0,5.531195402145386,0.4507002830505371,5.981895685195923,1169.0,1195.610576923077
industrial_changeover,3123,625,3,Order3,625,3.7560000000000006e-05,0.01953172218054533,1182.0,1169.0,5.740320920944214,0.4981536865234375,6.238474607467651,1169.0,1195.568
industrial_changeover,3128,626,3,Order3,626,3.7460000000000004e-05,0.03146658744663,1213.0,1169.0,5.643493413925171,0.4626946449279785,6.106188058853149,1169.0,1195.5255591054313
industrial_changeover,3133,627,3,Order3,627,3.736000000000001e-05,0.03664094768464565,1213.0,1169.0,5.715440511703491,0.45742297172546387,6.172863483428955,1169.0,1195.4832535885168
industrial_changeover,3138,628,3,Order3,628,3.7260000000000006e-05,0.0102789425291121,1196.0,1169.0,5.791787147521973,0.47066402435302734,6.262451171875,1169.0,1195.4410828025477
industrial_changeover,3143,629,3,Order3,629,3.716e-05,-0.03376717958599329,1169.0,1169.0,5.771594524383545,0.45660948753356934,6.228204011917114,1169.0,1195.3990461049284
industrial_changeover,3148,630,3,Order3,630,3.706000000000001e-05,-0.016001601703464985,1175.0,1169.0,5.913166522979736,0.4880657196044922,6.4012322425842285,1169.0,1195.357142857143
industrial_changeover,3153,631,3,Order3,631,3.6960000000000005e-05,0.005299108102917671,1182.0,1169.0,5.867870807647705,0.44861459732055664,6.316485404968262,1169.0,1195.3153724247227
industrial_changeover,3158,632,3,Order3,632,3.686e-05,0.034394046291708946,1235.0,1169.0,5.8579630851745605,0.450634241104126,6.3085973262786865,1169.0,1195.2737341772151
industrial_changeover,3163,633,3,Order3,633,3.676000000000001e-05,0.012863507494330406,1180.0,1169.0,5.624671936035156,0.4415926933288574,6.066264629364014,1169.0,1195.2322274881517
industrial_changeover,3168,634,3,Order3,634,3.6660000000000005e-05,0.006179962889291346,1196.0,1169.0,5.6905481815338135,0.4479234218597412,6.138471603393555,1169.0,1195.1908517350157
industrial_changeover,3173,635,3,Order3,635,3.656e-05,0.023415408562868834,1197.0,1169.0,5.432733774185181,0.4363100528717041,5.869043827056885,1169.0,1195.1496062992126
industrial_changeover,3178,636,3,Order3,636,3.646000000000001e-05,-0.001797003991669044,1196.0,1169.0,5.603423833847046,0.4605374336242676,6.0639612674713135,1169.0,1195.1084905660377
industrial_changeover,3183,637,3,Order3,637,3.6360000000000004e-05,-0.016246287152171135,1169.0,1169.0,5.848871946334839,0.48366808891296387,6.332540035247803,1169.0,1195.0675039246469
industrial_changeover,3188,638,3,Order3,638,3.626e-05,0.011282562743872404,1213.0,1169.0,5.717458486557007,0.46014928817749023,6.177607774734497,1169.0,1195.026645768025
industrial_changeover,3193,639,3,Order3,639,3.6160000000000006e-05,0.010478366632014513,1182.0,1169.0,5.7600579261779785,0.4701728820800781,6.230230808258057,1169.0,1194.9859154929577
industrial_changeover,3198,640,3,Order3,640,3.6060000000000004e-05,-0.029595263302326202,1169.0,1169.0,5.87905216217041,0.4664034843444824,6.345455646514893,1169.0,1194.9453125
industrial_changeover,3203,641,3,Order3,641,3.596000000000001e-05,0.01300145615823567,1175.0,1169.0,5.930124759674072,0.4697239398956299,6.399848699569702,1169.0,1194.9048361934476
industrial_changeover,3208,642,3,Order3,642,3.5860000000000006e-05,-0.005461697117425501,1182.0,1169.0,5.915352821350098,0.46602368354797363,6.381376504898071,1169.0,1194.8644859813085
industrial_changeover,3213,643,3,Order3,643,3.576e-05,-0.017043305560946465,1169.0,1169.0,5.792925596237183,0.45639967918395996,6.249325275421143,1169.0,1194.8242612752722
industrial_changeover,3218,644,3,Order3,644,3.566000000000001e-05,0.003756465099286288,1169.0,1169.0,5.892319917678833,0.46166396141052246,6.3539838790893555,1169.0,1194.7841614906831
industrial_changeover,3223,645,3,Order3,645,3.5560000000000005e-05,-0.0003913372929673642,1182.0,1169.0,5.555561065673828,0.45745205879211426,6.013013124465942,1169.0,1194.7441860465117
industrial_changeover,3228,646,3,Order3,646,3.546e-05,0.025683917105197906,1213.0,1169.0,5.611812353134155,0.4286534786224365,6.040465831756592,1169.0,1194.7043343653252
industrial_changeover,3233,647,3,Order3,647,3.536000000000001e-05,0.006039914675056934,1184.0,1169.0,5.434840440750122,0.44136929512023926,5.876209735870361,1169.0,1194.6646058732613
industrial_changeover,3238,648,3,Order3,648,3.5260000000000005e-05,-0.025259297341108322,1169.0,1169.0,5.732876777648926,0.4738903045654297,6.2067670822143555,1169.0,1194.625
industrial_changeover,3243,649,3,Order3,649,3.516e-05,-0.0034679955570027232,1175.0,1169.0,5.696569919586182,0.4572110176086426,6.153780937194824,1169.0,1194.5855161787365
industrial_changeover,3248,650,3,Order3,650,3.5060000000000007e-05,0.0043177136685699224,1169.0,1169.0,5.733255386352539,0.4598658084869385,6.1931211948394775,1169.0,1194.5461538461539
industrial_changeover,3253,651,3,Order3,651,3.4960000000000004e-05,0.019704889971762896,1196.0,1169.0,5.8166117668151855,0.4643738269805908,6.280985593795776,1169.0,1194.5069124423962
industrial_changeover,3258,652,3,Order3,652,3.486e-05,0.0006034857651684433,1175.0,1169.0,5.7584216594696045,0.43822574615478516,6.19664740562439,1169.0,1194.467791411043
industrial_changeover,3263,653,3,Order3,653,3.4760000000000006e-05,0.043053668923676014,1196.0,1169.0,5.9087073802948,0.4578993320465088,6.366606712341309,1169.0,1194.4287901990813
industrial_changeover,3268,654,3,Order3,654,3.4660000000000004e-05,0.018155924510210752,1196.0,1169.0,5.882636547088623,0.4398763179779053,6.322512865066528,1169.0,1194.3899082568807
industrial_changeover,3273,655,3,Order3,655,3.456e-05,0.035476441495120525,1213.0,1169.0,5.814041376113892,0.44568610191345215,6.259727478027344,1169.0,1194.351145038168
industrial_changeover,3278,656,3,Order3,656,3.4460000000000005e-05,-0.018841714598238468,1169.0,1169.0,5.641238212585449,0.43864965438842773,6.079887866973877,1169.0,1194.3125
industrial_changeover,3283,657,3,Order3,657,3.436e-05,-0.012437894940376282,1169.0,1169.0,5.675214052200317,0.4487597942352295,6.123973846435547,1169.0,1194.2739726027398
industrial_changeover,3288,658,3,Order3,658,3.426e-05,-0.0002520546258892864,1175.0,1169.0,5.691091775894165,0.44910550117492676,6.140197277069092,1169.0,1194.2355623100304
industrial_changeover,3293,659,3,Order3,659,3.4160000000000005e-05,0.02434881078079343,1175.0,1169.0,5.609827041625977,0.4837932586669922,6.093620300292969,1169.0,1194.1972685887708
industrial_changeover,3298,660,3,Order3,660,3.406e-05,0.005879254080355167,1197.0,1169.0,5.696305990219116,0.4954507350921631,6.191756725311279,1169.0,1194.159090909091
industrial_changeover,3303,661,3,Order3,661,3.396e-05,0.02501941379159689,1196.0,1169.0,5.80343222618103,0.4503300189971924,6.253762245178223,1169.0,1194.1210287443268
industrial_changeover,3308,662,3,Order3,662,3.3860000000000004e-05,-0.020342028234153986,1169.0,1169.0,5.949742078781128,0.45751404762268066,6.407256126403809,1169.0,1194.083081570997
industrial_changeover,3313,663,3,Order3,663,3.376e-05,-0.013141059083864093,1169.0,1169.0,5.699467897415161,0.45447468757629395,6.153942584991455,1169.0,1194.0452488687783
industrial_changeover,3318,664,3,Order3,664,3.366e-05,0.014488789485767484,1182.0,1169.0,6.038239240646362,0.4794454574584961,6.517684698104858,1169.0,1194.007530120482
industrial_changeover,3323,665,3,Order3,665,3.3560000000000004e-05,-0.030452987644821405,1169.0,1169.0,5.977453231811523,0.48790502548217773,6.465358257293701,1169.0,1193.96992481203
industrial_changeover,3328,666,3,Order3,666,3.346e-05,0.0032765267533250153,1169.0,1169.0,6.105576515197754,0.4659004211425781,6.571476936340332,1169.0,1193.9324324324325
industrial_changeover,3333,667,3,Order3,667,3.336e-05,0.005964052281342447,1196.0,1169.0,5.971687078475952,0.4552316665649414,6.4269187450408936,1169.0,1193.8950524737631
industrial_changeover,3338,668,3,Order3,668,3.3260000000000003e-05,0.00961009762249887,1175.0,1169.0,5.661029100418091,0.45954251289367676,6.120571613311768,1169.0,1193.8577844311378
industrial_changeover,3343,669,3,Order3,669,3.316e-05,-0.03358645178377628,1169.0,1169.0,5.553170442581177,0.46193575859069824,6.015106201171875,1169.0,1193.8206278026905
industrial_changeover,3348,670,3,Order3,670,3.3060000000000005e-05,-0.0022146188421174884,1169.0,1169.0,5.454034328460693,0.45009493827819824,5.904129266738892,1169.0,1193.7835820895523
industrial_changeover,3353,671,3,Order3,671,3.296e-05,-0.008015254279598594,1169.0,1169.0,5.5594635009765625,0.4671177864074707,6.026581287384033,1169.0,1193.746646795827
industrial_changeover,3358,672,3,Order3,672,3.286e-05,0.024889273568987846,1169.0,1169.0,5.7477867603302,0.43929100036621094,6.187077760696411,1169.0,1193.7098214285713
industrial_changeover,3363,673,3,Order3,673,3.2760000000000005e-05,0.004912986420094967,1184.0,1169.0,5.557942628860474,0.4535641670227051,6.011506795883179,1169.0,1193.673105497771
industrial_changeover,3368,674,3,Order3,674,3.266e-05,-0.004899091320112348,1169.0,1169.0,5.698620319366455,0.4570465087890625,6.155666828155518,1169.0,1193.6364985163204
industrial_changeover,3373,675,3,Order3,675,3.256e-05,-0.014254115056246519,1180.0,1169.0,5.688914775848389,0.45472049713134766,6.143635272979736,1169.0,1193.6
industrial_changeover,3378,676,3,Order3,676,3.2460000000000004e-05,-0.0014921660185791552,1169.0,1169.0,5.699728488922119,0.4572327136993408,6.15696120262146,1169.0,1193.5636094674555
industrial_changeover,3383,677,3,Order3,677,3.236e-05,0.027346964459866285,1186.0,1169.0,5.837767124176025,0.4602644443511963,6.298031568527222,1169.0,1193.5273264401771
industrial_changeover,3388,678,3,Order3,678,3.226e-05,-0.0062234848737716675,1182.0,1169.0,5.883268356323242,0.4579002857208252,6.341168642044067,1169.0,1193.4911504424779
industrial_changeover,3393,679,3,Order3,679,3.2160000000000004e-05,-0.0065054327715188265,1169.0,1169.0,5.979856729507446,0.4833412170410156,6.463197946548462,1169.0,1193.4550810014728
industrial_changeover,3398,680,3,Order3,680,3.206e-05,0.011108752805739641,1169.0,1169.0,5.64303731918335,0.43256163597106934,6.075598955154419,1169.0,1193.4191176470588
industrial_changeover,3403,681,3,Order3,681,3.196e-05,-0.016125076450407505,1169.0,1169.0,5.637739419937134,0.452739953994751,6.090479373931885,1169.0,1193.3832599118944
industrial_changeover,3408,682,3,Order3,682,3.186e-05,0.01572223426774144,1169.0,1169.0,5.537418842315674,0.43910694122314453,5.976525783538818,1169.0,1193.3475073313782
industrial_changeover,3413,683,3,Order3,683,3.176e-05,-0.006783081335015595,1169.0,1169.0,5.551163196563721,0.42906880378723145,5.980232000350952,1169.0,1193.311859443631
industrial_changeover,3418,684,3,Order3,684,3.166e-05,0.016295534558594227,1169.0,1169.0,5.698559999465942,0.49265408515930176,6.191214084625244,1169.0,1193.2763157894738
industrial_changeover,3423,685,3,Order3,685,3.156e-05,-0.009780912660062313,1169.0,1169.0,5.580657005310059,0.44037318229675293,6.0210301876068115,1169.0,1193.2408759124087
industrial_changeover,3428,686,3,Order3,686,3.146e-05,-0.013623055769130588,1169.0,1169.0,5.748155117034912,0.4569525718688965,6.205107688903809,1169.0,1193.2055393586006
industrial_changeover,3433,687,3,Order3,687,3.136e-05,0.018543765880167484,1169.0,1169.0,5.663543462753296,0.4396240711212158,6.103167533874512,1169.0,1193.1703056768558
industrial_changeover,3438,688,3,Order3,688,3.126e-05,0.01694101933389902,1197.0,1169.0,5.901376962661743,0.48769307136535645,6.3890700340271,1169.0,1193.1351744186047
industrial_changeover,3443,689,3,Order3,689,3.116e-05,-0.006900490145199001,1169.0,1169.0,5.806921720504761,0.4569685459136963,6.263890266418457,1169.0,1193.100145137881
industrial_changeover,3448,690,3,Order3,690,3.106e-05,0.028401007875800133,1182.0,1169.0,5.817492246627808,0.46978187561035156,6.287274122238159,1169.0,1193.0652173913043
industrial_changeover,3453,691,3,Order3,691,3.096e-05,-0.029894490726292133,1169.0,1169.0,5.567691326141357,0.4559659957885742,6.023657321929932,1169.0,1193.0303907380608
industrial_changeover,3458,692,3,Order3,692,3.086e-05,-0.012950248783454299,1180.0,1169.0,5.593823671340942,0.43878769874572754,6.03261137008667,1169.0,1192.9956647398844
industrial_changeover,3463,693,3,Order3,693,3.076e-05,0.018877025693655014,1182.0,1169.0,5.559046745300293,0.42867231369018555,5.9877190589904785,1169.0,1192.9610389610389
industrial_changeover,3468,694,3,Order3,694,3.066e-05,0.03919725492596626,1213.0,1169.0,5.776492357254028,0.4811849594116211,6.257677316665649,1169.0,1192.9265129682997
industrial_changeover,3473,695,3,Order3,695,3.056e-05,-0.007974632550030947,1169.0,1169.0,6.058876991271973,0.4949612617492676,6.55383825302124,1169.0,1192.8920863309352
industrial_changeover,3478,696,3,Order3,696,3.046e-05,0.02974990103393793,1196.0,1169.0,5.7082061767578125,0.43979692459106445,6.148003101348877,1169.0,1192.8577586206898
industrial_changeover,3483,697,3,Order3,697,3.036e-05,-0.034275878220796585,1169.0,1169.0,5.7274463176727295,0.45183706283569336,6.179283380508423,1169.0,1192.8235294117646
industrial_changeover,3488,698,3,Order3,698,3.0259999999999998e-05,-0.008112565148621798,1169.0,1169.0,5.682870626449585,0.4539189338684082,6.136789560317993,1169.0,1192.7893982808023
industrial_changeover,3493,699,3,Order3,699,3.016e-05,-0.008104333886876702,1169.0,1169.0,5.808220624923706,0.4393172264099121,6.247537851333618,1169.0,1192.755364806867
industrial_changeover,3498,700,3,Order3,700,3.006e-05,0.007800116436555982,1175.0,1169.0,5.825766563415527,0.4577291011810303,6.283495664596558,1169.0,1192.7214285714285
industrial_changeover,3503,701,3,Order3,701,2.9959999999999998e-05,-0.00013060073979431763,1169.0,1169.0,5.684347629547119,0.4588470458984375,6.143194675445557,1169.0,1192.6875891583452
industrial_changeover,3508,702,3,Order3,702,2.986e-05,-0.008320016553625464,1169.0,1169.0,6.075411081314087,0.47214484214782715,6.547555923461914,1169.0,1192.6538461538462
industrial_changeover,3513,703,3,Order3,703,2.976e-05,0.0023262150934897363,1169.0,1169.0,5.637317657470703,0.4519927501678467,6.08931040763855,1169.0,1192.620199146515
industrial_changeover,3518,704,3,Order3,704,2.9659999999999997e-05,-0.0016847774968482554,1169.0,1169.0,5.7631120681762695,0.4400160312652588,6.203128099441528,1169.0,1192.5866477272727
industrial_changeover,3523,705,3,Order3,705,2.9559999999999998e-05,0.017531696241348982,1182.0,1169.0,5.4678955078125,0.44931507110595703,5.917210578918457,1169.0,1192.5531914893618
industrial_changeover,3528,706,3,Order3,706,2.946e-05,0.014650058466941118,1182.0,1169.0,5.843772888183594,0.4744701385498047,6.318243026733398,1169.0,1192.5198300283287
industrial_changeover,3533,707,3,Order3,707,2.936e-05,-0.009841621620580554,1169.0,1169.0,5.583754777908325,0.5069239139556885,6.090678691864014,1169.0,1192.4865629420085
industrial_changeover,3538,708,3,Order3,708,2.9259999999999998e-05,0.0014528556785080582,1169.0,1169.0,5.615329027175903,0.4549076557159424,6.070236682891846,1169.0,1192.4533898305085
industrial_changeover,3543,709,3,Order3,709,2.916e-05,-0.017811014782637358,1180.0,1169.0,5.7012951374053955,0.4602482318878174,6.161543369293213,1169.0,1192.420310296192
industrial_changeover,3548,710,3,Order3,710,2.906e-05,0.004523941315710545,1175.0,1169.0,5.606891393661499,0.4512171745300293,6.058108568191528,1169.0,1192.387323943662
industrial_changeover,3553,711,3,Order3,711,2.8959999999999997e-05,-0.0016214234055951238,1169.0,1169.0,5.780843734741211,0.4641249179840088,6.24496865272522,1169.0,1192.3544303797469
industrial_changeover,3558,712,3,Order3,712,2.8859999999999998e-05,-0.01477617840282619,1169.0,1169.0,5.772040605545044,0.45804357528686523,6.230084180831909,1169.0,1192.3216292134832
industrial_changeover,3563,713,3,Order3,713,2.876e-05,-0.004485788871534169,1169.0,1169.0,5.800246953964233,0.46110105514526367,6.261348009109497,1169.0,1192.288920056101
industrial_changeover,3568,714,3,Order3,714,2.8659999999999997e-05,0.008572445251047611,1169.0,1169.0,5.972030878067017,0.48487162590026855,6.456902503967285,1169.0,1192.2563025210084
industrial_changeover,3573,715,3,Order3,715,2.8559999999999998e-05,-0.00514991267118603,1175.0,1169.0,5.650561094284058,0.4428684711456299,6.0934295654296875,1169.0,1192.2237762237762
industrial_changeover,3578,716,3,Order3,716,2.846e-05,-0.002073883602861315,1175.0,1169.0,5.753157377243042,0.4411163330078125,6.1942737102508545,1169.0,1192.191340782123
industrial_changeover,3583,717,3,Order3,717,2.8359999999999996e-05,-0.0027593611157499254,1169.0,1169.0,5.52570104598999,0.4374392032623291,5.963140249252319,1169.0,1192.1589958158995
industrial_changeover,3588,718,3,Order3,718,2.8259999999999997e-05,-1.5271842130459845e-05,1182.0,1169.0,6.026232957839966,0.4803178310394287,6.5065507888793945,1169.0,1192.1267409470752
industrial_changeover,3593,719,3,Order3,719,2.8159999999999998e-05,0.0038591406191699207,1169.0,1169.0,5.892813205718994,0.46156954765319824,6.354382753372192,1169.0,1192.0945757997217
industrial_changeover,3598,720,3,Order3,720,2.806e-05,0.004620529129169881,1169.0,1169.0,5.531671047210693,0.4367644786834717,5.968435525894165,1169.0,1192.0625
industrial_changeover,3603,721,3,Order3,721,2.7959999999999997e-05,0.01271143346093595,1196.0,1169.0,5.682016372680664,0.45233845710754395,6.134354829788208,1169.0,1192.0305131761443
industrial_changeover,3608,722,3,Order3,722,2.7859999999999998e-05,-0.01747794495895505,1169.0,1169.0,5.660350561141968,0.4533219337463379,6.113672494888306,1169.0,1191.9986149584488
industrial_changeover,3613,723,3,Order3,723,2.776e-05,0.012367903022095561,1169.0,1169.0,5.696226119995117,0.44638657569885254,6.14261269569397,1169.0,1191.966804979253
industrial_changeover,3618,724,3,Order3,724,2.7659999999999996e-05,-0.02503696270287037,1169.0,1169.0,5.81890606880188,0.4642035961151123,6.283109664916992,1169.0,1191.9350828729282
industrial_changeover,3623,725,3,Order3,725,2.7559999999999997e-05,0.03605356067419052,1169.0,1169.0,5.784134149551392,0.4801318645477295,6.264266014099121,1169.0,1191.903448275862
industrial_changeover,3628,726,3,Order3,726,2.7459999999999998e-05,-0.018450400326400995,1169.0,1169.0,5.593724012374878,0.4361226558685303,6.029846668243408,1169.0,1191.8719008264463
industrial_changeover,3633,727,3,Order3,727,2.7359999999999996e-05,0.03311890363693237,1180.0,1169.0,5.761137247085571,0.4344351291656494,6.195572376251221,1169.0,1191.8404401650619
industrial_changeover,3638,728,3,Order3,728,2.7259999999999997e-05,-0.02828667126595974,1175.0,1169.0,5.733787536621094,0.42897796630859375,6.1627655029296875,1169.0,1191.809065934066
industrial_changeover,3643,729,3,Order3,729,2.7159999999999997e-05,0.037377770990133286,1182.0,1169.0,6.098468542098999,0.480832576751709,6.579301118850708,1169.0,1191.7777777777778
industrial_changeover,3648,730,3,Order3,730,2.7059999999999995e-05,-0.01366973645053804,1175.0,1169.0,5.7108378410339355,0.47705888748168945,6.187896728515625,1169.0,1191.7465753424658
industrial_changeover,3653,731,3,Order3,731,2.6959999999999996e-05,-0.02355510275810957,1169.0,1169.0,5.680065155029297,0.4464097023010254,6.126474857330322,1169.0,1191.7154582763337
industrial_changeover,3658,732,3,Order3,732,2.6859999999999997e-05,0.002822269219905138,1169.0,1169.0,5.788475751876831,0.45751142501831055,6.245987176895142,1169.0,1191.6844262295083
industrial_changeover,3663,733,3,Order3,733,2.6759999999999995e-05,0.010197962168604136,1198.0,1169.0,5.783664226531982,0.45080089569091797,6.2344651222229,1169.0,1191.6534788540246
industrial_changeover,3668,734,3,Order3,734,2.6659999999999995e-05,0.010311920661479235,1169.0,1169.0,5.7977941036224365,0.462432861328125,6.2602269649505615,1169.0,1191.6226158038148
industrial_changeover,3673,735,3,Order3,735,2.6559999999999996e-05,-0.02201093826442957,1169.0,1169.0,5.757099151611328,0.4683706760406494,6.2254698276519775,1169.0,1191.591836734694
industrial_changeover,3678,736,3,Order3,736,2.6459999999999997e-05,0.025675547774881124,1182.0,1169.0,5.914031744003296,0.4685018062591553,6.382533550262451,1169.0,1191.5611413043478
industrial_changeover,3683,737,3,Order3,737,2.6359999999999995e-05,0.0015707187412772328,1175.0,1169.0,5.981461763381958,0.47104978561401367,6.452511548995972,1169.0,1191.5305291723203
industrial_changeover,3688,738,3,Order3,738,2.6259999999999996e-05,-0.00963424309156835,1169.0,1169.0,5.556183576583862,0.43450140953063965,5.990684986114502,1169.0,1191.5
industrial_changeover,3693,739,3,Order3,739,2.6160000000000007e-05,0.01034738915041089,1169.0,1169.0,5.676339149475098,0.44509291648864746,6.121432065963745,1169.0,1191.4695534506088
industrial_changeover,3698,740,3,Order3,740,2.6060000000000008e-05,0.007976704509928823,1169.0,1169.0,5.4962708950042725,0.4351334571838379,5.93140435218811,1169.0,1191.4391891891892
industrial_changeover,3703,741,3,Order3,741,2.5960000000000006e-05,-0.019589387346059084,1169.0,1169.0,5.93993353843689,0.43066954612731934,6.370603084564209,1169.0,1191.408906882591
industrial_changeover,3708,742,3,Order3,742,2.5860000000000007e-05,0.037415278144180775,1197.0,1169.0,5.88282322883606,0.4768409729003906,6.35966420173645,1169.0,1191.378706199461
industrial_changeover,3713,743,3,Order3,743,2.5760000000000007e-05,-0.023318225983530283,1182.0,1169.0,5.68562650680542,0.47390294075012207,6.159529447555542,1169.0,1191.3485868102289
industrial_changeover,3718,744,3,Order3,744,2.5660000000000005e-05,0.013805390102788806,1175.0,1169.0,5.774194717407227,0.45401453971862793,6.2282092571258545,1169.0,1191.3185483870968
industrial_changeover,3723,745,3,Order3,745,2.5560000000000006e-05,0.01982913352549076,1169.0,1169.0,5.776301383972168,0.44621920585632324,6.222520589828491,1169.0,1191.288590604027
industrial_changeover,3728,746,3,Order3,746,2.5460000000000007e-05,-0.005489664035849273,1182.0,1169.0,5.70974063873291,0.4523897171020508,6.162130355834961,1169.0,1191.2587131367293
industrial_changeover,3733,747,3,Order3,747,2.5360000000000005e-05,-0.0008081369305728003,1169.0,1169.0,5.780109882354736,0.47222042083740234,6.252330303192139,1169.0,1191.2289156626507
industrial_changeover,3738,748,3,Order3,748,2.5260000000000005e-05,-0.019075097516179085,1169.0,1169.0,5.758975982666016,0.45708346366882324,6.216059446334839,1169.0,1191.1991978609626
industrial_changeover,3743,749,3,Order3,749,2.5160000000000006e-05,0.0011541217972990125,1169.0,1169.0,5.866274833679199,0.45366740226745605,6.319942235946655,1169.0,1191.1695594125501
industrial_changeover,3748,750,3,Order3,750,2.5060000000000004e-05,-0.010244576493278146,1175.0,1169.0,5.6262757778167725,0.4609994888305664,6.087275266647339,1169.0,1191.14
industrial_changeover,3753,751,3,Order3,751,2.4960000000000005e-05,-0.012050042627379298,1169.0,1169.0,5.690641403198242,0.45223355293273926,6.1428749561309814,1169.0,1191.1105193075898
industrial_changeover,3758,752,3,Order3,752,2.4860000000000006e-05,0.018151743803173304,1175.0,1169.0,5.435672283172607,0.449552059173584,5.885224342346191,1169.0,1191.0811170212767
industrial_changeover,3763,753,3,Order3,753,2.4760000000000007e-05,0.04476132523268461,1233.0,1169.0,5.845603942871094,0.4439699649810791,6.289573907852173,1169.0,1191.0517928286852
industrial_changeover,3768,754,3,Order3,754,2.4660000000000004e-05,-0.003264954430051148,1169.0,1169.0,6.088208436965942,0.457775354385376,6.545983791351318,1169.0,1191.022546419098
industrial_changeover,3773,755,3,Order3,755,2.4560000000000005e-05,-0.012186767067760229,1182.0,1169.0,5.636882066726685,0.4514286518096924,6.088310718536377,1169.0,1190.9933774834437
industrial_changeover,3778,756,3,Order3,756,2.4460000000000006e-05,0.012320926412940025,1182.0,1169.0,5.767068147659302,0.4591085910797119,6.226176738739014,1169.0,1190.9642857142858
industrial_changeover,3783,757,3,Order3,757,2.4360000000000004e-05,-0.0027714772731997073,1169.0,1169.0,5.754782676696777,0.47707676887512207,6.231859445571899,1169.0,1190.9352708058125
industrial_changeover,3788,758,3,Order3,758,2.4260000000000005e-05,0.020274991169571877,1175.0,1169.0,5.916353940963745,0.4803504943847656,6.396704435348511,1169.0,1190.9063324538258
industrial_changeover,3793,759,3,Order3,759,2.4160000000000006e-05,0.0010630455799400806,1169.0,1169.0,5.890174865722656,0.500908613204956,6.391083478927612,1169.0,1190.8774703557312
industrial_changeover,3798,760,3,Order3,760,2.4060000000000003e-05,0.0075891707092523575,1180.0,1169.0,5.75864577293396,0.44918298721313477,6.207828760147095,1169.0,1190.8486842105262
industrial_changeover,3803,761,3,Order3,761,2.3960000000000004e-05,-0.013384583406150341,1182.0,1169.0,5.720196962356567,0.45036983489990234,6.17056679725647,1169.0,1190.819973718791
industrial_changeover,3808,762,3,Order3,762,2.3860000000000005e-05,0.035343813709914684,1213.0,1169.0,5.729489326477051,0.43024349212646484,6.159732818603516,1169.0,1190.791338582677
industrial_changeover,3813,763,3,Order3,763,2.3760000000000003e-05,-0.02013138262555003,1169.0,1169.0,5.502358675003052,0.4367406368255615,5.939099311828613,1169.0,1190.7627785058978
industrial_changeover,3818,764,3,Order3,764,2.3660000000000004e-05,-0.00369509618030861,1175.0,1169.0,5.657645225524902,0.44066715240478516,6.0983123779296875,1169.0,1190.7342931937173
industrial_changeover,3823,765,3,Order3,765,2.3560000000000005e-05,-0.0036684447550214827,1169.0,1169.0,5.817024230957031,0.4822120666503906,6.299236297607422,1169.0,1190.7058823529412
industrial_changeover,3828,766,3,Order3,766,2.3460000000000006e-05,-0.01152039016596973,1169.0,1169.0,5.7129435539245605,0.4449489116668701,6.157892465591431,1169.0,1190.677545691906
industrial_changeover,3833,767,3,Order3,767,2.3360000000000003e-05,-0.0007212485652416945,1169.0,1169.0,5.862260580062866,0.4599432945251465,6.322203874588013,1169.0,1190.6492829204694
industrial_changeover,3838,768,3,Order3,768,2.3260000000000004e-05,0.006160905584692955,1169.0,1169.0,5.676843643188477,0.45552873611450195,6.1323723793029785,1169.0,1190.62109375
industrial_changeover,3843,769,3,Order3,769,2.3160000000000005e-05,0.025977148674428463,1213.0,1169.0,5.839156150817871,0.4536881446838379,6.292844295501709,1169.0,1190.592977893368
industrial_changeover,3848,770,3,Order3,770,2.3060000000000003e-05,-0.0073509663343429565,1169.0,1169.0,5.949988603591919,0.4831733703613281,6.433161973953247,1169.0,1190.564935064935
industrial_changeover,3853,771,3,Order3,771,2.2960000000000004e-05,0.010686897207051516,1169.0,1169.0,5.787333250045776,0.4707767963409424,6.258110046386719,1169.0,1190.5369649805448
industrial_changeover,3858,772,3,Order3,772,2.2860000000000005e-05,-0.001017716305796057,1184.0,1169.0,6.080842018127441,0.47334814071655273,6.554190158843994,1169.0,1190.509067357513
industrial_changeover,3863,773,3,Order3,773,2.2760000000000002e-05,0.005005880841054022,1169.0,1169.0,5.667593479156494,0.4512765407562256,6.11887001991272,1169.0,1190.4812419146183
industrial_changeover,3868,774,3,Order3,774,2.2660000000000003e-05,-0.004689195309765637,1169.0,1169.0,5.728753089904785,0.44420909881591797,6.172962188720703,1169.0,1190.453488372093
industrial_changeover,3873,775,3,Order3,775,2.2560000000000004e-05,-0.007987875724211335,1169.0,1169.0,5.481790542602539,0.42611193656921387,5.907902479171753,1169.0,1190.425806451613
industrial_changeover,3878,776,3,Order3,776,2.2460000000000002e-05,0.0030880223494023085,1184.0,1169.0,5.661423206329346,0.469651460647583,6.131074666976929,1169.0,1190.3981958762886
industrial_changeover,3883,777,3,Order3,777,2.2360000000000003e-05,0.005700207548215985,1169.0,1169.0,5.596038341522217,0.44897961616516113,6.045017957687378,1169.0,1190.3706563706564
industrial_changeover,3888,778,3,Order3,778,2.2260000000000004e-05,-0.001418269530404359,1169.0,1169.0,5.676086664199829,0.4441087245941162,6.120195388793945,1169.0,1190.3431876606685
industrial_changeover,3893,779,3,Order3,779,2.2160000000000005e-05,0.009255070006474853,1175.0,1169.0,5.755234241485596,0.4538602828979492,6.209094524383545,1169.0,1190.3157894736842
industrial_changeover,3898,780,3,Order3,780,2.2060000000000002e-05,-0.014244715217500925,1169.0,1169.0,5.707993745803833,0.4566822052001953,6.164675951004028,1169.0,1190.2884615384614
industrial_changeover,3903,781,3,Order3,781,2.1960000000000003e-05,0.01961025921627879,1197.0,1169.0,5.78282904624939,0.4776139259338379,6.2604429721832275,1169.0,1190.2612035851473
industrial_changeover,3908,782,3,Order3,782,2.1860000000000004e-05,0.006241228198632598,1175.0,1169.0,5.6788170337677,0.4567253589630127,6.135542392730713,1169.0,1190.2340153452685
industrial_changeover,3913,783,3,Order3,783,2.1760000000000002e-05,-0.011951264925301075,1180.0,1169.0,5.754793882369995,0.4399399757385254,6.1947338581085205,1169.0,1190.2068965517242
industrial_changeover,3918,784,3,Order3,784,2.1660000000000003e-05,0.026206054724752903,1182.0,1169.0,5.7470362186431885,0.45415616035461426,6.201192378997803,1169.0,1190.1798469387754
industrial_changeover,3923,785,3,Order3,785,2.1560000000000004e-05,-0.016114039812237024,1169.0,1169.0,5.697056531906128,0.4422445297241211,6.139301061630249,1169.0,1190.1528662420383
industrial_changeover,3928,786,3,Order3,786,2.146e-05,0.0013682317803613842,1169.0,1169.0,5.6221723556518555,0.44595885276794434,6.0681312084198,1169.0,1190.1259541984732
industrial_changeover,3933,787,3,Order3,787,2.1360000000000002e-05,-0.014938150299713016,1169.0,1169.0,5.576803684234619,0.4325907230377197,6.009394407272339,1169.0,1190.0991105463786
industrial_changeover,3938,788,3,Order3,788,2.1260000000000003e-05,0.01010880246758461,1169.0,1169.0,5.58650541305542,0.46938347816467285,6.055888891220093,1169.0,1190.0723350253807
industrial_changeover,3943,789,3,Order3,789,2.116e-05,-0.034577191807329655,1169.0,1169.0,5.6281023025512695,0.4663534164428711,6.094455718994141,1169.0,1190.045627376426
industrial_changeover,3948,790,3,Order3,790,2.106e-05,0.035847024992108345,1196.0,1169.0,5.6932213306427,0.4760630130767822,6.169284343719482,1169.0,1190.0189873417721
industrial_changeover,3953,791,3,Order3,791,2.0960000000000003e-05,-0.01245676213875413,1182.0,1169.0,5.6552510261535645,0.4572148323059082,6.112465858459473,1169.0,1189.992414664981
industrial_changeover,3958,792,3,Order3,792,2.086e-05,0.0175428562797606,1175.0,1169.0,5.6875505447387695,0.4489748477935791,6.136525392532349,1169.0,1189.965909090909
industrial_changeover,3963,793,3,Order3,793,2.076e-05,-0.040794639848172665,1169.0,1169.0,5.891432285308838,0.45905637741088867,6.350488662719727,1169.0,1189.9394703657
industrial_changeover,3968,794,3,Order3,794,2.0660000000000002e-05,-0.028649271931499243,1169.0,1169.0,5.715206861495972,0.4493675231933594,6.164574384689331,1169.0,1189.9130982367758
industrial_changeover,3973,795,3,Order3,795,2.0560000000000003e-05,0.010435916250571609,1175.0,1169.0,5.724395513534546,0.4948093891143799,6.219204902648926,1169.0,1189.8867924528302
industrial_changeover,3978,796,3,Order3,796,2.046e-05,0.020378782879561186,1182.0,1169.0,5.727613210678101,0.44547438621520996,6.1730875968933105,1169.0,1189.860552763819
industrial_changeover,3983,797,3,Order3,797,2.036e-05,-0.01949214469641447,1169.0,1169.0,5.63213038444519,0.44028162956237793,6.072412014007568,1169.0,1189.8343789209537
industrial_changeover,3988,798,3,Order3,798,2.0260000000000003e-05,-0.008490372216328979,1169.0,1169.0,5.508765459060669,0.435899019241333,5.944664478302002,1169.0,1189.8082706766918
industrial_changeover,3993,799,3,Order3,799,2.016e-05,0.009943730430677533,1175.0,1169.0,5.713382244110107,0.4598357677459717,6.173218011856079,1169.0,1189.7822277847308
industrial_changeover,3998,800,3,Order3,800,2.006e-05,-0.015118804527446628,1169.0,1169.0,5.67837381362915,0.4761629104614258,6.154536724090576,1169.0,1189.75625
industrial_changeover,4003,801,3,Order3,801,1.9960000000000002e-05,0.030694520100951195,1196.0,1169.0,5.607341051101685,0.4637722969055176,6.071113348007202,1169.0,1189.7303370786517
industrial_changeover,4008,802,3,Order3,802,1.986e-05,0.01746082678437233,1197.0,1169.0,5.699950933456421,0.44765233993530273,6.147603273391724,1169.0,1189.7044887780548
industrial_changeover,4013,803,3,Order3,803,1.976e-05,-0.012367436196655035,1169.0,1169.0,5.670888423919678,0.45610785484313965,6.126996278762817,1169.0,1189.6787048567871
industrial_changeover,4018,804,3,Order3,804,1.966e-05,0.008390601258724928,1208.0,1169.0,5.678314447402954,0.45340561866760254,6.131720066070557,1169.0,1189.652985074627
industrial_changeover,4023,805,3,Order3,805,1.956e-05,0.006471872795373201,1182.0,1169.0,5.782170057296753,0.4573395252227783,6.239509582519531,1169.0,1189.6273291925465
industrial_changeover,4028,806,3,Order3,806,1.946e-05,0.02618138352409005,1196.0,1169.0,5.828505039215088,0.5126628875732422,6.34116792678833,1169.0,1189.6017369727047
industrial_changeover,4033,807,3,Order3,807,1.936e-05,-0.02487282734364271,1196.0,1169.0,6.025287628173828,0.4731142520904541,6.498401880264282,1169.0,1189.5762081784387
industrial_changeover,4038,808,3,Order3,808,1.9260000000000002e-05,0.02086900221183896,1197.0,1169.0,5.678231239318848,0.4634263515472412,6.141657590866089,1169.0,1189.5507425742574
industrial_changeover,4043,809,3,Order3,809,1.916e-05,-0.021663918159902096,1169.0,1169.0,5.6043171882629395,0.43854832649230957,6.042865514755249,1169.0,1189.5253399258343
industrial_changeover,4048,810,3,Order3,810,1.906e-05,-0.01496333652175963,1169.0,1169.0,5.5948264598846436,0.44045281410217285,6.035279273986816,1169.0,1189.5
industrial_changeover,4053,811,3,Order3,811,1.896e-05,0.009121299255639315,1182.0,1169.0,5.662036418914795,0.4528017044067383,6.114838123321533,1169.0,1189.474722564735
industrial_changeover,4058,812,3,Order3,812,1.886e-05,0.013411501189693809,1196.0,1169.0,5.835771083831787,0.49176979064941406,6.327540874481201,1169.0,1189.4495073891626
industrial_changeover,4063,813,3,Order3,813,1.876e-05,-0.008301075082272291,1169.0,1169.0,5.631428241729736,0.4407927989959717,6.072221040725708,1169.0,1189.4243542435424
industrial_changeover,4068,814,3,Order3,814,1.866e-05,0.022043026983737946,1213.0,1169.0,5.741162300109863,0.44902467727661133,6.190186977386475,1169.0,1189.3992628992628
industrial_changeover,4073,815,3,Order3,815,1.856e-05,-0.020413312129676342,1169.0,1169.0,5.587239980697632,0.45281028747558594,6.040050268173218,1169.0,1189.3742331288342
industrial_changeover,4078,816,3,Order3,816,1.846e-05,-0.005405153497122228,1169.0,1169.0,5.7620861530303955,0.44171929359436035,6.203805446624756,1169.0,1189.3492647058824
industrial_changeover,4083,817,3,Order3,817,1.836e-05,0.00900174304842949,1175.0,1169.0,5.727338552474976,0.44617795944213867,6.173516511917114,1169.0,1189.3243574051407
industrial_changeover,4088,818,3,Order3,818,1.8259999999999998e-05,0.05676024500280619,1232.0,1169.0,5.744137525558472,0.4547898769378662,6.198927402496338,1169.0,1189.299511002445
industrial_changeover,4093,819,3,Order3,819,1.816e-05,0.016857535112649202,1213.0,1169.0,5.8061769008636475,0.4576888084411621,6.26386570930481,1169.0,1189.2747252747254
industrial_changeover,4098,820,3,Order3,820,1.806e-05,-0.012355607701465487,1169.0,1169.0,5.553989410400391,0.4543633460998535,6.008352756500244,1169.0,1189.25
industrial_changeover,4103,821,3,Order3,821,1.7959999999999997e-05,-0.019581455271691084,1175.0,1169.0,5.670926809310913,0.45037293434143066,6.121299743652344,1169.0,1189.2253349573691
industrial_changeover,4108,822,3,Order3,822,1.786e-05,-0.0035365837975405157,1175.0,1169.0,5.600750207901001,0.43216967582702637,6.032919883728027,1169.0,1189.2007299270074
industrial_changeover,4113,823,3,Order3,823,1.776e-05,-0.02027354994788766,1175.0,1169.0,5.66630744934082,0.4837639331817627,6.150071382522583,1169.0,1189.176184690158
industrial_changeover,4118,824,3,Order3,824,1.766e-05,-0.01515204505994916,1169.0,1169.0,5.877635955810547,0.49581098556518555,6.373446941375732,1169.0,1189.1516990291261
industrial_changeover,4123,825,3,Order3,825,1.7559999999999998e-05,0.0002767110272543505,1169.0,1169.0,5.647538423538208,0.4606971740722656,6.108235597610474,1169.0,1189.1272727272728
industrial_changeover,4128,826,3,Order3,826,1.746e-05,0.009254324482753873,1175.0,1169.0,5.710464954376221,0.4440724849700928,6.1545374393463135,1169.0,1189.1029055690074
industrial_changeover,4133,827,3,Order3,827,1.736e-05,-0.003833084541838616,1169.0,1169.0,5.589582681655884,0.4455997943878174,6.035182476043701,1169.0,1189.0785973397824
industrial_changeover,4138,828,3,Order3,828,1.7259999999999997e-05,-0.004537201952189207,1169.0,1169.0,5.722511291503906,0.4424479007720947,6.164959192276001,1169.0,1189.054347826087
industrial_changeover,4143,829,3,Order3,829,1.716e-05,-0.03053476521745324,1169.0,1169.0,5.788241624832153,0.4777350425720215,6.265976667404175,1169.0,1189.0301568154403
industrial_changeover,4148,830,3,Order3,830,1.706e-05,0.006184161058627069,1196.0,1169.0,5.913752555847168,0.4987814426422119,6.41253399848938,1169.0,1189.0060240963855
industrial_changeover,4153,831,3,Order3,831,1.6959999999999997e-05,-0.008604558650404215,1169.0,1169.0,5.783294677734375,0.4678914546966553,6.25118613243103,1169.0,1188.9819494584838
industrial_changeover,4158,832,3,Order3,832,1.6859999999999998e-05,0.014942995505407453,1182.0,1169.0,5.680990695953369,0.43679356575012207,6.117784261703491,1169.0,1188.9579326923076
industrial_changeover,4163,833,3,Order3,833,1.676e-05,-0.028289790265262127,1169.0,1169.0,5.656073331832886,0.44413256645202637,6.100205898284912,1169.0,1188.9339735894357
industrial_changeover,4168,834,3,Order3,834,1.6659999999999996e-05,0.010495377937331796,1169.0,1169.0,5.640300750732422,0.46745753288269043,6.107758283615112,1169.0,1188.910071942446
industrial_changeover,4173,835,3,Order3,835,1.6559999999999997e-05,0.059799330309033394,1232.0,1169.0,5.967613220214844,0.487074613571167,6.454687833786011,1169.0,1188.88622754491
industrial_changeover,4178,836,3,Order3,836,1.6459999999999998e-05,-0.017531472258269787,1169.0,1169.0,5.557255983352661,0.4398770332336426,5.997133016586304,1169.0,1188.8624401913876
industrial_changeover,4183,837,3,Order3,837,1.636e-05,0.018368831370025873,1196.0,1169.0,5.611021518707275,0.4632885456085205,6.074310064315796,1169.0,1188.8387096774193
industrial_changeover,4188,838,3,Order3,838,1.6259999999999997e-05,-0.009863412473350763,1175.0,1169.0,5.73004674911499,0.44590115547180176,6.175947904586792,1169.0,1188.8150357995228
industrial_changeover,4193,839,3,Order3,839,1.6159999999999998e-05,-0.006478064693510532,1169.0,1169.0,5.778314828872681,0.452085018157959,6.23039984703064,1169.0,1188.7914183551848
industrial_changeover,4198,840,3,Order3,840,1.606e-05,-0.03534003160893917,1175.0,1169.0,5.9416821002960205,0.4587099552154541,6.400392055511475,1169.0,1188.767857142857
industrial_changeover,4203,841,3,Order3,841,1.5959999999999996e-05,0.002973849361296743,1169.0,1169.0,5.874738931655884,0.4533829689025879,6.328121900558472,1169.0,1188.74435196195
industrial_changeover,4208,842,3,Order3,842,1.5859999999999997e-05,0.053066535852849483,1228.0,1169.0,5.791431188583374,0.4714014530181885,6.2628326416015625,1169.0,1188.7209026128266
industrial_changeover,4213,843,3,Order3,843,1.5759999999999998e-05,-0.019285323563963175,1169.0,1169.0,5.595573425292969,0.44303226470947266,6.038605690002441,1169.0,1188.6975088967972
industrial_changeover,4218,844,3,Order3,844,1.5659999999999996e-05,0.027054911013692617,1213.0,1169.0,5.605567932128906,0.4590132236480713,6.0645811557769775,1169.0,1188.6741706161138
industrial_changeover,4223,845,3,Order3,845,1.5559999999999997e-05,-0.019136678893119097,1169.0,1169.0,5.3956990242004395,0.43567872047424316,5.831377744674683,1169.0,1188.6508875739646
industrial_changeover,4228,846,3,Order3,846,1.5459999999999998e-05,-0.014843355398625135,1169.0,1169.0,5.656616449356079,0.48216772079467773,6.138784170150757,1169.0,1188.627659574468
industrial_changeover,4233,847,3,Order3,847,1.5359999999999995e-05,-0.0018462856533005834,1184.0,1169.0,5.669132232666016,0.49155592918395996,6.160688161849976,1169.0,1188.6044864226683
industrial_changeover,4238,848,3,Order3,848,1.5259999999999996e-05,-0.0028040179749950767,1169.0,1169.0,5.628265142440796,0.43581295013427734,6.064078092575073,1169.0,1188.5813679245282
industrial_changeover,4243,849,3,Order3,849,1.5159999999999997e-05,-0.016604775097221136,1169.0,1169.0,5.723559379577637,0.4538142681121826,6.177373647689819,1169.0,1188.5583038869258
industrial_changeover,4248,850,3,Order3,850,1.5059999999999996e-05,0.03927841875702143,1213.0,1169.0,5.600360870361328,0.4543766975402832,6.054737567901611,1169.0,1188.535294117647
industrial_changeover,4253,851,3,Order3,851,1.4959999999999996e-05,-0.03069001017138362,1169.0,1169.0,5.774662017822266,0.4502263069152832,6.224888324737549,1169.0,1188.5123384253818
industrial_changeover,4258,852,3,Order3,852,1.4859999999999997e-05,-0.011526945512741804,1169.0,1169.0,6.021122455596924,0.5029196739196777,6.524042129516602,1169.0,1188.4894366197184
industrial_changeover,4263,853,3,Order3,853,1.4759999999999996e-05,-0.01445427443832159,1169.0,1169.0,5.891171216964722,0.4541175365447998,6.3452887535095215,1169.0,1188.4665885111372
industrial_changeover,4268,854,3,Order3,854,1.4659999999999995e-05,-0.01203324319794774,1169.0,1169.0,5.9265077114105225,0.4743630886077881,6.4008708000183105,1169.0,1188.443793911007
industrial_changeover,4273,855,3,Order3,855,1.4559999999999996e-05,-0.003189679409842938,1169.0,1169.0,5.707659006118774,0.45181727409362793,6.159476280212402,1169.0,1188.421052631579
industrial_changeover,4278,856,3,Order3,856,1.4459999999999995e-05,0.005362767959013581,1169.0,1169.0,5.623380184173584,0.4467191696166992,6.070099353790283,1169.0,1188.3983644859813
industrial_changeover,4283,857,3,Order3,857,1.4359999999999996e-05,-0.010383806889876723,1169.0,1169.0,5.5625176429748535,0.44478869438171387,6.007306337356567,1169.0,1188.3757292882146
industrial_changeover,4288,858,3,Order3,858,1.4259999999999996e-05,0.020870026666671038,1196.0,1169.0,5.71631121635437,0.45557594299316406,6.171887159347534,1169.0,1188.3531468531469
industrial_changeover,4293,859,3,Order3,859,1.4159999999999995e-05,0.009231451665982604,1184.0,1169.0,5.822815418243408,0.4873082637786865,6.310123682022095,1169.0,1188.3306169965076
industrial_changeover,4298,860,3,Order3,860,1.4059999999999996e-05,-0.010545705212280154,1169.0,1169.0,5.840818166732788,0.48537230491638184,6.32619047164917,1169.0,1188.3081395348838
industrial_changeover,4303,861,3,Order3,861,1.3959999999999995e-05,0.0022210583556443453,1169.0,1169.0,5.836548805236816,0.4732053279876709,6.309754133224487,1169.0,1188.2857142857142
industrial_changeover,4308,862,3,Order3,862,1.3859999999999996e-05,0.03745749779045582,1213.0,1169.0,5.752237558364868,0.47103190422058105,6.223269462585449,1169.0,1188.2633410672854
industrial_changeover,4313,863,3,Order3,863,1.3759999999999995e-05,-0.019575240090489388,1169.0,1169.0,5.756057977676392,0.46598172187805176,6.222039699554443,1169.0,1188.2410196987253
industrial_changeover,4318,864,3,Order3,864,1.3660000000000006e-05,0.0008271763217635453,1175.0,1169.0,5.766117095947266,0.44652533531188965,6.212642431259155,1169.0,1188.21875
industrial_changeover,4323,865,3,Order3,865,1.3560000000000006e-05,0.028986113611608744,1213.0,1169.0,5.876945734024048,0.4670243263244629,6.343970060348511,1169.0,1188.1965317919075
industrial_changeover,4328,866,3,Order3,866,1.3460000000000007e-05,-0.023033539298921824,1175.0,1169.0,5.596970081329346,0.4521780014038086,6.049148082733154,1169.0,1188.174364896074
industrial_changeover,4333,867,3,Order3,867,1.3360000000000006e-05,-0.025562012568116188,1169.0,1169.0,5.730703592300415,0.4382309913635254,6.16893458366394,1169.0,1188.152249134948
industrial_changeover,4338,868,3,Order3,868,1.3260000000000005e-05,-0.015622136881574988,1169.0,1169.0,5.6432204246521,0.4243769645690918,6.067597389221191,1169.0,1188.1301843317972
industrial_changeover,4343,869,3,Order3,869,1.3160000000000006e-05,-0.007042608107440174,1169.0,1169.0,5.904044151306152,0.46689462661743164,6.370938777923584,1169.0,1188.108170310702
industrial_changeover,4348,870,3,Order3,870,1.3060000000000005e-05,-0.0026284342166036367,1175.0,1169.0,5.804559707641602,0.49683165550231934,6.301391363143921,1169.0,1188.0862068965516
industrial_changeover,4353,871,3,Order3,871,1.2960000000000005e-05,-0.008813976077362895,1169.0,1169.0,5.72844934463501,0.45243310928344727,6.180882453918457,1169.0,1188.0642939150403
industrial_changeover,4358,872,3,Order3,872,1.2860000000000006e-05,0.01181471487507224,1196.0,1169.0,5.753831148147583,0.47405290603637695,6.22788405418396,1169.0,1188.0424311926606
industrial_changeover,4363,873,3,Order3,873,1.2760000000000005e-05,0.0075119780376553535,1196.0,1169.0,5.727622032165527,0.4475975036621094,6.175219535827637,1169.0,1188.020618556701
industrial_changeover,4368,874,3,Order3,874,1.2660000000000006e-05,0.0006498343136627227,1197.0,1169.0,5.88484787940979,0.48425841331481934,6.369106292724609,1169.0,1187.9988558352402
industrial_changeover,4373,875,3,Order3,875,1.2560000000000005e-05,0.0049169345293194056,1169.0,1169.0,5.862677097320557,0.4994950294494629,6.3621721267700195,1169.0,1187.9771428571428
industrial_changeover,4378,876,3,Order3,876,1.2460000000000004e-05,0.026251227594912052,1196.0,1169.0,5.84429407119751,0.4437980651855469,6.288092136383057,1169.0,1187.9554794520548
industrial_changeover,4383,877,3,Order3,877,1.2360000000000005e-05,-0.014843738172203302,1169.0,1169.0,5.953142166137695,0.460216760635376,6.413358926773071,1169.0,1187.933865450399
industrial_changeover,4388,878,3,Order3,878,1.2260000000000005e-05,-0.006211160565726459,1169.0,1169.0,5.774890422821045,0.43976879119873047,6.214659214019775,1169.0,1187.9123006833713
industrial_changeover,4393,879,3,Order3,879,1.2160000000000006e-05,0.015110646840184927,1197.0,1169.0,5.5627121925354,0.4484672546386719,6.011179447174072,1169.0,1187.8907849829352
industrial_changeover,4398,880,3,Order3,880,1.2060000000000005e-05,-0.01902204565703869,1175.0,1169.0,5.533203840255737,0.4340629577636719,5.967266798019409,1169.0,1187.8693181818182
industrial_changeover,4403,881,3,Order3,881,1.1960000000000004e-05,-0.013821402564644814,1169.0,1169.0,6.012812852859497,0.47385096549987793,6.486663818359375,1169.0,1187.8479001135074
industrial_changeover,4408,882,3,Order3,882,1.1860000000000005e-05,-0.01790324179455638,1169.0,1169.0,5.759916067123413,0.5247035026550293,6.284619569778442,1169.0,1187.8265306122448
industrial_changeover,4413,883,3,Order3,883,1.1760000000000004e-05,-0.012887355871498585,1169.0,1169.0,5.830609083175659,0.45359158515930176,6.284200668334961,1169.0,1187.8052095130238
industrial_changeover,4418,884,3,Order3,884,1.1660000000000004e-05,-0.007710245787166059,1169.0,1169.0,5.610548734664917,0.454235315322876,6.064784049987793,1169.0,1187.7839366515836
industrial_changeover,4423,885,3,Order3,885,1.1560000000000005e-05,0.023138913791626692,1195.0,1169.0,5.805718898773193,0.46815967559814453,6.273878574371338,1169.0,1187.7627118644068
industrial_changeover,4428,886,3,Order3,886,1.1460000000000004e-05,-0.005979110253974795,1169.0,1169.0,5.954744338989258,0.4620857238769531,6.416830062866211,1169.0,1187.7415349887133
industrial_changeover,4433,887,3,Order3,887,1.1360000000000005e-05,-4.252768849255517e-05,1169.0,1169.0,5.786893606185913,0.4787769317626953,6.265670537948608,1169.0,1187.7204058624577
industrial_changeover,4438,888,3,Order3,888,1.1260000000000004e-05,-0.01649659452959895,1169.0,1169.0,5.930465221405029,0.45174241065979004,6.382207632064819,1169.0,1187.6993243243244
industrial_changeover,4443,889,3,Order3,889,1.1160000000000003e-05,-0.007589229615405202,1175.0,1169.0,5.920638084411621,0.46132588386535645,6.3819639682769775,1169.0,1187.6782902137234
industrial_changeover,4448,890,3,Order3,890,1.1060000000000004e-05,0.05155211687088013,1213.0,1169.0,5.607914686203003,0.4362916946411133,6.044206380844116,1169.0,1187.6573033707866
industrial_changeover,4453,891,3,Order3,891,1.0960000000000003e-05,-0.010561834322288632,1175.0,1169.0,5.635482549667358,0.4383699893951416,6.0738525390625,1169.0,1187.6363636363637
industrial_changeover,4458,892,3,Order3,892,1.0860000000000003e-05,0.005780205363407731,1169.0,1169.0,5.5509865283966064,0.47306060791015625,6.024047136306763,1169.0,1187.615470852018
industrial_changeover,4463,893,3,Order3,893,1.0760000000000004e-05,-0.008476298535242677,1169.0,1169.0,5.877316951751709,0.4620065689086914,6.3393235206604,1169.0,1187.5946248600223
industrial_changeover,4468,894,3,Order3,894,1.0660000000000003e-05,-0.01670673443004489,1169.0,1169.0,5.791925668716431,0.4899933338165283,6.281919002532959,1169.0,1187.5738255033557
industrial_changeover,4473,895,3,Order3,895,1.0560000000000004e-05,-0.002864584152121097,1169.0,1169.0,5.713880300521851,0.4581272602081299,6.1720075607299805,1169.0,1187.5530726256984
industrial_changeover,4478,896,3,Order3,896,1.0460000000000003e-05,-0.0042194664711132646,1169.0,1169.0,5.787748575210571,0.4520144462585449,6.239763021469116,1169.0,1187.5323660714287
industrial_changeover,4483,897,3,Order3,897,1.0360000000000002e-05,-0.004958967445418239,1169.0,1169.0,5.821279048919678,0.4524397850036621,6.27371883392334,1169.0,1187.5117056856188
industrial_changeover,4488,898,3,Order3,898,1.0260000000000003e-05,-0.00882046902552247,1169.0,1169.0,5.88223671913147,0.4718785285949707,6.35411524772644,1169.0,1187.491091314031
industrial_changeover,4493,899,3,Order3,899,1.0160000000000003e-05,-0.006699603865854442,1169.0,1169.0,5.763461589813232,0.4668004512786865,6.230262041091919,1169.0,1187.4705228031146
industrial_changeover,4498,900,3,Order3,900,1.0060000000000002e-05,0.004478550748899579,1175.0,1169.0,5.978638410568237,0.45238614082336426,6.431024551391602,1169.0,1187.45
industrial_changeover,4503,901,3,Order3,901,1e-05,-0.005056701367720962,1175.0,1169.0,5.520292282104492,0.44326043128967285,5.963552713394165,1169.0,1187.4295227524972
industrial_changeover,4508,902,3,Order3,902,1e-05,-0.01715080253779888,1169.0,1169.0,5.610144138336182,0.4563920497894287,6.06653618812561,1169.0,1187.409090909091
industrial_changeover,4513,903,3,Order3,903,1e-05,0.007834515301510692,1197.0,1169.0,5.549289226531982,0.4360949993133545,5.985384225845337,1169.0,1187.3887043189368
industrial_changeover,4518,904,3,Order3,904,1e-05,-0.007263113395310938,1175.0,1169.0,5.8926682472229,0.4584343433380127,6.351102590560913,1169.0,1187.3683628318583
industrial_changeover,4523,905,3,Order3,905,1e-05,-0.012078797211870551,1169.0,1169.0,5.732051849365234,0.44336438179016113,6.1754162311553955,1169.0,1187.3480662983425
industrial_changeover,4528,906,3,Order3,906,1e-05,-0.017156905960291624,1169.0,1169.0,5.532703399658203,0.4463779926300049,5.979081392288208,1169.0,1187.3278145695365
industrial_changeover,4533,907,3,Order3,907,1e-05,-0.019501376897096634,1169.0,1169.0,5.742246150970459,0.47228312492370605,6.214529275894165,1169.0,1187.3076074972437
industrial_changeover,4538,908,3,Order3,908,1e-05,0.02698188740760088,1196.0,1169.0,5.702422857284546,0.44285011291503906,6.145272970199585,1169.0,1187.2874449339206
industrial_changeover,4543,909,3,Order3,909,1e-05,-0.02415657276287675,1169.0,1169.0,5.667477369308472,0.4632422924041748,6.1307196617126465,1169.0,1187.2673267326732
industrial_changeover,4548,910,3,Order3,910,1e-05,-0.0050492038717493415,1169.0,1169.0,5.747206926345825,0.4479687213897705,6.195175647735596,1169.0,1187.2472527472528
industrial_changeover,4553,911,3,Order3,911,1e-05,0.07647019997239113,1232.0,1169.0,5.696770906448364,0.4490633010864258,6.14583420753479,1169.0,1187.2272228320528
industrial_changeover,4558,912,3,Order3,912,1e-05,0.01997833466157317,1208.0,1169.0,5.968742847442627,0.44980788230895996,6.418550729751587,1169.0,1187.2072368421052
industrial_changeover,4563,913,3,Order3,913,1e-05,-0.01538211340084672,1169.0,1169.0,5.6025519371032715,0.44663572311401367,6.049187660217285,1169.0,1187.1872946330777
industrial_changeover,4568,914,3,Order3,914,1e-05,-0.017531607765704393,1169.0,1169.0,5.720685243606567,0.4544222354888916,6.175107479095459,1169.0,1187.167396061269
industrial_changeover,4573,915,3,Order3,915,1e-05,0.02335202507674694,1213.0,1169.0,5.539250373840332,0.4326188564300537,5.971869230270386,1169.0,1187.1475409836066
industrial_changeover,4578,916,3,Order3,916,1e-05,0.019966856576502323,1213.0,1169.0,5.647006034851074,0.4848968982696533,6.1319029331207275,1169.0,1187.127729257642
industrial_changeover,4583,917,3,Order3,917,1e-05,-0.03271498158574104,1169.0,1169.0,6.11029577255249,0.5005536079406738,6.610849380493164,1169.0,1187.1079607415486
industrial_changeover,4588,918,3,Order3,918,1e-05,0.012925541959702969,1197.0,1169.0,5.616181373596191,0.44437146186828613,6.0605528354644775,1169.0,1187.0882352941176
industrial_changeover,4593,919,3,Order3,919,1e-05,-0.006569314515218139,1180.0,1169.0,5.688410758972168,0.4545931816101074,6.143003940582275,1169.0,1187.068552774755
industrial_changeover,4598,920,3,Order3,920,1e-05,-0.0022881290642544627,1184.0,1169.0,5.714735984802246,0.4340958595275879,6.148831844329834,1169.0,1187.0489130434783
industrial_changeover,4603,921,3,Order3,921,1e-05,0.010487772291526198,1197.0,1169.0,5.704291105270386,0.44724178314208984,6.151532888412476,1169.0,1187.029315960912
industrial_changeover,4608,922,3,Order3,922,1e-05,-0.017116799019277096,1169.0,1169.0,5.72865891456604,0.4655139446258545,6.1941728591918945,1169.0,1187.0097613882863
industrial_changeover,4613,923,3,Order3,923,1e-05,0.015468301717191935,1196.0,1169.0,5.791808843612671,0.4815685749053955,6.273377418518066,1169.0,1186.9902491874323
industrial_changeover,4618,924,3,Order3,924,1e-05,-0.014103209832683206,1169.0,1169.0,5.8442888259887695,0.4355587959289551,6.279847621917725,1169.0,1186.9707792207791
industrial_changeover,4623,925,3,Order3,925,1e-05,-0.008642883272841573,1169.0,1169.0,5.662108421325684,0.46106886863708496,6.1231772899627686,1169.0,1186.9513513513514
industrial_changeover,4628,926,3,Order3,926,1e-05,0.021339132450520992,1196.0,1169.0,5.575206518173218,0.4487123489379883,6.023918867111206,1169.0,1186.9319654427645
industrial_changeover,4633,927,3,Order3,927,1e-05,-0.021809258963912725,1169.0,1169.0,5.848083019256592,0.4760103225708008,6.324093341827393,1169.0,1186.9126213592233
industrial_changeover,4638,928,3,Order3,928,1e-05,-0.002793302701320499,1169.0,1169.0,5.634286165237427,0.48603367805480957,6.120319843292236,1169.0,1186.8933189655172
industrial_changeover,4643,929,3,Order3,929,1e-05,0.027609471697360277,1196.0,1169.0,5.657073736190796,0.44338369369506836,6.100457429885864,1169.0,1186.8740581270183
industrial_changeover,4648,930,3,Order3,930,1e-05,-0.017797917127609253,1169.0,1169.0,5.666227340698242,0.43802499771118164,6.104252338409424,1169.0,1186.8548387096773
industrial_changeover,4653,931,3,Order3,931,1e-05,-0.033126916736364365,1169.0,1169.0,5.610517263412476,0.4422264099121094,6.052743673324585,1169.0,1186.8356605800216
industrial_changeover,4658,932,3,Order3,932,1e-05,-0.016420466359704733,1169.0,1169.0,5.721017122268677,0.4569387435913086,6.177955865859985,1169.0,1186.8165236051502
industrial_changeover,4663,933,3,Order3,933,1e-05,0.005304836784489453,1169.0,1169.0,5.726166725158691,0.4681282043457031,6.1942949295043945,1169.0,1186.7974276527332
industrial_changeover,4668,934,3,Order3,934,1e-05,-0.0026343900244683027,1175.0,1169.0,5.737788200378418,0.44800281524658203,6.185791015625,1169.0,1186.7783725910065
industrial_changeover,4673,935,3,Order3,935,1e-05,0.0019212007755413651,1175.0,1169.0,5.863847970962524,0.47823023796081543,6.34207820892334,1169.0,1186.75935828877
industrial_changeover,4678,936,3,Order3,936,1e-05,0.012832109816372395,1182.0,1169.0,5.602754354476929,0.4572567939758301,6.060011148452759,1169.0,1186.7403846153845
industrial_changeover,4683,937,3,Order3,937,1e-05,-0.0005719424516428262,1169.0,1169.0,5.533810377120972,0.44022631645202637,5.974036693572998,1169.0,1186.7214514407683
industrial_changeover,4688,938,3,Order3,938,1e-05,0.006467730039730668,1169.0,1169.0,5.584731340408325,0.43108105659484863,6.015812397003174,1169.0,1186.7025586353946
industrial_changeover,4693,939,3,Order3,939,1e-05,-0.002046857145614922,1169.0,1169.0,5.7943434715271,0.4612281322479248,6.255571603775024,1169.0,1186.6837060702876
industrial_changeover,4698,940,3,Order3,940,1e-05,-0.009198501007631421,1169.0,1169.0,6.265651226043701,0.4876384735107422,6.753289699554443,1169.0,1186.6648936170213
industrial_changeover,4703,941,3,Order3,941,1e-05,-0.002537656342610717,1169.0,1169.0,5.742255449295044,0.4712061882019043,6.213461637496948,1169.0,1186.6461211477151
industrial_changeover,4708,942,3,Order3,942,1e-05,0.0057418562937527895,1184.0,1169.0,5.591464281082153,0.441875696182251,6.033339977264404,1169.0,1186.6273885350317
industrial_changeover,4713,943,3,Order3,943,1e-05,-0.01245177024975419,1169.0,1169.0,5.8269641399383545,0.4515058994293213,6.278470039367676,1169.0,1186.608695652174
industrial_changeover,4718,944,3,Order3,944,1e-05,-0.006178382434882224,1169.0,1169.0,5.8659844398498535,0.453352689743042,6.3193371295928955,1169.0,1186.5900423728813
industrial_changeover,4723,945,3,Order3,945,1e-05,0.0048963368171826005,1180.0,1169.0,5.824808597564697,0.46468257904052734,6.289491176605225,1169.0,1186.5714285714287
industrial_changeover,4728,946,3,Order3,946,1e-05,0.02307758154347539,1196.0,1169.0,5.760515213012695,0.45841073989868164,6.218925952911377,1169.0,1186.5528541226215
industrial_changeover,4733,947,3,Order3,947,1e-05,0.0017694790149107575,1182.0,1169.0,6.072956562042236,0.46652817726135254,6.539484739303589,1169.0,1186.5343189017951
industrial_changeover,4738,948,3,Order3,948,1e-05,0.03801702614873648,1213.0,1169.0,5.600842237472534,0.4368126392364502,6.037654876708984,1169.0,1186.51582278481
industrial_changeover,4743,949,3,Order3,949,1e-05,-0.01666866848245263,1175.0,1169.0,5.607174873352051,0.4456157684326172,6.052790641784668,1169.0,1186.4973656480506
industrial_changeover,4748,950,3,Order3,950,1e-05,0.019904446322470903,1196.0,1169.0,5.540188789367676,0.48308873176574707,6.023277521133423,1169.0,1186.4789473684211
industrial_changeover,4753,951,3,Order3,951,1e-05,-0.021387304179370403,1169.0,1169.0,5.750725030899048,0.46286630630493164,6.2135913372039795,1169.0,1186.4605678233438
industrial_changeover,4758,952,3,Order3,952,1e-05,-0.01140151615254581,1169.0,1169.0,5.744704723358154,0.4593629837036133,6.204067707061768,1169.0,1186.4422268907563
industrial_changeover,4763,953,3,Order3,953,1e-05,-0.0017697858274914324,1180.0,1169.0,5.5896315574646,0.44617223739624023,6.03580379486084,1169.0,1186.423924449108
industrial_changeover,4768,954,3,Order3,954,1e-05,-0.021549046505242586,1169.0,1169.0,5.692596435546875,0.4523959159851074,6.144992351531982,1169.0,1186.4056603773586
industrial_changeover,4773,955,3,Order3,955,1e-05,-0.0014177704870235175,1169.0,1169.0,5.777209997177124,0.4540224075317383,6.231232404708862,1169.0,1186.3874345549739
industrial_changeover,4778,956,3,Order3,956,1e-05,-0.006480391253717244,1169.0,1169.0,5.797356367111206,0.4576914310455322,6.255047798156738,1169.0,1186.3692468619247
industrial_changeover,4783,957,3,Order3,957,1e-05,0.023813203908503056,1196.0,1169.0,5.859889507293701,0.4542684555053711,6.314157962799072,1169.0,1186.3510971786834
industrial_changeover,4788,958,3,Order3,958,1e-05,-0.00989618175663054,1169.0,1169.0,5.80922794342041,0.4549529552459717,6.264180898666382,1169.0,1186.3329853862213
industrial_changeover,4793,959,3,Order3,959,1e-05,-0.0038056738558225334,1175.0,1169.0,5.929257154464722,0.43541932106018066,6.364676475524902,1169.0,1186.3149113660063
industrial_changeover,4798,960,3,Order3,960,1e-05,0.015178876230493188,1196.0,1169.0,5.5968849658966064,0.4364597797393799,6.033344745635986,1169.0,1186.296875
industrial_changeover,4803,961,3,Order3,961,1e-05,-0.0073377222288399935,1196.0,1169.0,5.580116271972656,0.43792057037353516,6.018036842346191,1169.0,1186.2788761706556
industrial_changeover,4808,962,3,Order3,962,1e-05,-0.010306078707799315,1169.0,1169.0,5.565635442733765,0.4717519283294678,6.037387371063232,1169.0,1186.2609147609148
industrial_changeover,4813,963,3,Order3,963,1e-05,0.03522936347872019,1213.0,1169.0,5.801191806793213,0.48084092140197754,6.28203272819519,1169.0,1186.2429906542056
industrial_changeover,4818,964,3,Order3,964,1e-05,-0.025777784176170826,1169.0,1169.0,5.7253806591033936,0.44222068786621094,6.1676013469696045,1169.0,1186.22510373444
industrial_changeover,4823,965,3,Order3,965,1e-05,0.019579011481255293,1196.0,1169.0,5.75078272819519,0.44103074073791504,6.1918134689331055,1169.0,1186.2072538860104
industrial_changeover,4828,966,3,Order3,966,1e-05,-0.018024819437414408,1169.0,1169.0,5.917328596115112,0.4523310661315918,6.369659662246704,1169.0,1186.1894409937888
industrial_changeover,4833,967,3,Order3,967,1e-05,0.024434230756014585,1198.0,1169.0,6.054423809051514,0.4580535888671875,6.512477397918701,1169.0,1186.171664943123
industrial_changeover,4838,968,3,Order3,968,1e-05,-0.021477898582816124,1169.0,1169.0,5.862975835800171,0.47177743911743164,6.3347532749176025,1169.0,1186.1539256198348
industrial_changeover,4843,969,3,Order3,969,1e-05,-0.03191183786839247,1169.0,1169.0,5.844096422195435,0.47577810287475586,6.31987452507019,1169.0,1186.1362229102167
industrial_changeover,4848,970,3,Order3,970,1e-05,0.07058323547244072,1246.0,1169.0,5.952877044677734,0.4549827575683594,6.407859802246094,1169.0,1186.118556701031
industrial_changeover,4853,971,3,Order3,971,1e-05,-0.026044165715575218,1169.0,1169.0,5.6262595653533936,0.44253110885620117,6.068790674209595,1169.0,1186.1009268795058
industrial_changeover,4858,972,3,Order3,972,1e-05,0.0008021106914384291,1175.0,1169.0,5.549283981323242,0.4471449851989746,5.996428966522217,1169.0,1186.0833333333333
industrial_changeover,4863,973,3,Order3,973,1e-05,-0.006858850712887943,1169.0,1169.0,5.424323320388794,0.43062639236450195,5.854949712753296,1169.0,1186.065775950668
industrial_changeover,4868,974,3,Order3,974,1e-05,-0.018802044447511435,1169.0,1169.0,5.892225503921509,0.445162296295166,6.337387800216675,1169.0,1186.0482546201233
industrial_changeover,4873,975,3,Order3,975,1e-05,0.02546867774799466,1213.0,1169.0,5.718174695968628,0.46394777297973633,6.182122468948364,1169.0,1186.0307692307692
industrial_changeover,4878,976,3,Order3,976,1e-05,-0.02085684798657894,1169.0,1169.0,5.661485910415649,0.44498109817504883,6.106467008590698,1169.0,1186.013319672131
industrial_changeover,4883,977,3,Order3,977,1e-05,-0.014292962150648236,1169.0,1169.0,5.7361626625061035,0.4668595790863037,6.203022241592407,1169.0,1185.9959058341863
industrial_changeover,4888,978,3,Order3,978,1e-05,0.0006262727983994409,1175.0,1169.0,5.724657297134399,0.4660799503326416,6.190737247467041,1169.0,1185.978527607362
industrial_changeover,4893,979,3,Order3,979,1e-05,0.0026910152519121766,1184.0,1169.0,5.709787607192993,0.4555704593658447,6.165358066558838,1169.0,1185.9611848825332
industrial_changeover,4898,980,3,Order3,980,1e-05,-0.0047729372745379806,1184.0,1169.0,5.802204132080078,0.46748781204223633,6.2696919441223145,1169.0,1185.9438775510205
industrial_changeover,4903,981,3,Order3,981,1e-05,-0.01677190698683262,1169.0,1169.0,5.663272142410278,0.4396662712097168,6.102938413619995,1169.0,1185.926605504587
industrial_changeover,4908,982,3,Order3,982,1e-05,0.007335328962653875,1196.0,1169.0,5.926381826400757,0.46210527420043945,6.388487100601196,1169.0,1185.9093686354379
industrial_changeover,4913,983,3,Order3,983,1e-05,0.0026979250251315534,1186.0,1169.0,5.565906524658203,0.4757075309753418,6.041614055633545,1169.0,1185.8921668362157
industrial_changeover,4918,984,3,Order3,984,1e-05,0.025644125416874886,1196.0,1169.0,5.580806493759155,0.457106351852417,6.037912845611572,1169.0,1185.875
industrial_changeover,4923,985,3,Order3,985,1e-05,0.0414338568225503,1232.0,1169.0,5.535781383514404,0.439272403717041,5.975053787231445,1169.0,1185.8578680203045
industrial_changeover,4928,986,3,Order3,986,1e-05,-0.02658339822664857,1169.0,1169.0,5.5841076374053955,0.4826526641845703,6.066760301589966,1169.0,1185.840770791075
industrial_changeover,4933,987,3,Order3,987,1e-05,-0.01671584602445364,1169.0,1169.0,6.0220043659210205,0.47040700912475586,6.492411375045776,1169.0,1185.823708206687
industrial_changeover,4938,988,3,Order3,988,1e-05,-0.016875213012099266,1169.0,1169.0,5.608079195022583,0.44616007804870605,6.054239273071289,1169.0,1185.8066801619434
industrial_changeover,4943,989,3,Order3,989,1e-05,0.05903681647032499,1241.0,1169.0,5.7585227489471436,0.47353625297546387,6.232059001922607,1169.0,1185.789686552073
industrial_changeover,4948,990,3,Order3,990,1e-05,-0.022901681251823902,1169.0,1169.0,5.794568061828613,0.4661884307861328,6.260756492614746,1169.0,1185.7727272727273
industrial_changeover,4953,991,3,Order3,991,1e-05,-0.010474096052348614,1169.0,1169.0,5.771637678146362,0.47260308265686035,6.244240760803223,1169.0,1185.7558022199798
industrial_changeover,4958,992,3,Order3,992,1e-05,-0.0031206615967676044,1169.0,1169.0,5.9409568309783936,0.49762868881225586,6.438585519790649,1169.0,1185.7389112903227
industrial_changeover,4963,993,3,Order3,993,1e-05,-0.004370413022115827,1175.0,1169.0,5.873371124267578,0.48381757736206055,6.357188701629639,1169.0,1185.7220543806648
industrial_changeover,4968,994,3,Order3,994,1e-05,-0.0009022196900332347,1196.0,1169.0,5.6581995487213135,0.4582998752593994,6.116499423980713,1169.0,1185.70523138833
industrial_changeover,4973,995,3,Order3,995,1e-05,-0.008311437210068107,1175.0,1169.0,5.559536695480347,0.4873695373535156,6.046906232833862,1169.0,1185.6884422110552
industrial_changeover,4978,996,3,Order3,996,1e-05,-0.014800546457991004,1175.0,1169.0,5.55308198928833,0.4326498508453369,5.985731840133667,1169.0,1185.671686746988
industrial_changeover,4983,997,3,Order3,997,1e-05,-0.01925415452569723,1169.0,1169.0,5.809303283691406,0.4741196632385254,6.283422946929932,1169.0,1185.654964894684
industrial_changeover,4988,998,3,Order3,998,1e-05,-0.02433812851086259,1169.0,1169.0,5.883013725280762,0.46664929389953613,6.349663019180298,1169.0,1185.6382765531062
industrial_changeover,4993,999,3,Order3,999,1e-05,0.0023232949315570295,1180.0,1169.0,5.755577564239502,0.4488551616668701,6.204432725906372,1169.0,1185.6216216216217
industrial_changeover,4998,1000,3,Order3,1000,1e-05,0.003574198402930051,1197.0,1169.0,5.66820764541626,0.4567842483520508,6.1249918937683105,1169.0,1185.605
