variant_name,epoch,round_id,round_pos,instance_id,instance_occurrence,lr,train_loss,train_rollout_cmax,current_objective,train_time_sec,eval_time_sec,cycle_time_sec,running_cb,running_ca
ablation_no_reward_scale,1,1,1,P1,1,0.0001,0.2284427471458912,6780.0,7671.0,19.39111089706421,0.8485524654388428,20.23966336250305,7671.0,7671.0
ablation_no_reward_scale,2,1,2,P2,1,9.995833333333334e-05,0.05997665971517563,9778.0,9862.0,16.700444221496582,1.0438158512115479,17.74426007270813,9862.0,9862.0
ablation_no_reward_scale,3,1,3,P3,1,9.991666666666666e-05,-0.03769058198668063,6528.0,7694.0,16.945384979248047,1.8261795043945312,18.771564483642578,7694.0,7694.0
ablation_no_reward_scale,4,1,4,P4,1,9.9875e-05,-0.07315307855606079,3859.0,5909.0,22.29086399078369,1.3870646953582764,23.677928686141968,5909.0,5909.0
ablation_no_reward_scale,5,1,5,P5,1,9.983333333333334e-05,-0.002835246967151761,4988.0,5854.0,23.967066764831543,1.49009108543396,25.457157850265503,5854.0,5854.0
ablation_no_reward_scale,6,1,6,P6,1,9.979166666666668e-05,0.0566200902685523,4997.0,4586.0,24.379544973373413,1.5855700969696045,25.965115070343018,4586.0,4586.0
ablation_no_reward_scale,7,1,7,P7,1,9.975000000000001e-05,0.01944324024952948,6560.0,7640.0,36.67989444732666,2.3221590518951416,39.0020534992218,7640.0,7640.0
ablation_no_reward_scale,8,1,8,P8,1,9.970833333333334e-05,0.015217968262732029,6470.0,5840.0,32.4832239151001,2.012648582458496,34.495872497558594,5840.0,5840.0
ablation_no_reward_scale,9,1,9,P9,1,9.966666666666667e-05,-0.006236413086298853,6254.0,5500.0,30.53643035888672,1.9209508895874023,32.45738124847412,5500.0,5500.0
ablation_no_reward_scale,10,1,10,P10,1,9.9625e-05,-0.010947183473035693,6372.0,6952.0,19.880910634994507,1.2848832607269287,21.165793895721436,6952.0,6952.0
ablation_no_reward_scale,11,1,11,P11,1,9.958333333333335e-05,-0.05444868840277195,11434.0,13167.0,37.49995565414429,2.464869499206543,39.96482515335083,13167.0,13167.0
ablation_no_reward_scale,12,1,12,P12,1,9.954166666666667e-05,0.016078298329375684,12563.0,17221.0,44.22077918052673,2.841726303100586,47.06250548362732,17221.0,17221.0
ablation_no_reward_scale,13,1,13,P13,1,9.95e-05,0.014806149789365008,22800.0,25982.0,102.35464549064636,7.322990417480469,109.67763590812683,25982.0,25982.0
ablation_no_reward_scale,14,1,14,P14,1,9.945833333333334e-05,-0.011876675707753748,24034.0,27797.0,103.52735614776611,7.494494915008545,111.02185106277466,27797.0,27797.0
ablation_no_reward_scale,15,1,15,P15,1,9.941666666666667e-05,-0.0021361459912441205,21470.0,23974.0,107.48287630081177,7.759589672088623,115.24246597290039,23974.0,23974.0
ablation_no_reward_scale,16,1,16,P16,1,9.9375e-05,-0.007118971110321582,24922.0,28480.0,132.07324051856995,9.557185649871826,141.63042616844177,28480.0,28480.0
ablation_no_reward_scale,17,1,17,P17,1,9.933333333333334e-05,-0.0067300688591785725,23208.0,26087.0,132.58837389945984,9.761937618255615,142.35031151771545,26087.0,26087.0
ablation_no_reward_scale,18,1,18,P18,1,9.929166666666668e-05,-0.010590585367754101,22540.0,24691.0,123.7975823879242,9.077164649963379,132.87474703788757,24691.0,24691.0
ablation_no_reward_scale,19,1,19,P19,1,9.925000000000001e-05,0.00476281299488619,24144.0,30431.0,125.5965895652771,9.751766443252563,135.34835600852966,30431.0,30431.0
ablation_no_reward_scale,20,1,20,P20,1,9.920833333333334e-05,0.01932901912368834,24373.0,31180.0,135.764901638031,10.344741344451904,146.1096429824829,31180.0,31180.0
ablation_no_reward_scale,21,1,21,P21,1,9.916666666666667e-05,0.005937026115134358,28603.0,34491.0,141.9536645412445,11.00868558883667,152.96235013008118,34491.0,34491.0
ablation_no_reward_scale,22,1,22,P22,1,9.9125e-05,-0.012053398042917251,25999.0,31043.0,141.17877578735352,10.829872608184814,152.00864839553833,31043.0,31043.0
ablation_no_reward_scale,23,1,23,P23,1,9.908333333333333e-05,0.004677310694075588,37752.0,44828.0,187.5276472568512,14.265403270721436,201.79305052757263,44828.0,44828.0
ablation_no_reward_scale,24,1,24,P24,1,9.904166666666667e-05,-0.0012401760730426758,27371.0,33181.0,127.83152270317078,9.732306241989136,137.5638289451599,33181.0,33181.0
ablation_no_reward_scale,25,2,1,P1,2,9.900000000000001e-05,0.028367798659019172,6572.0,7540.0,30.62722897529602,1.9720828533172607,32.59931182861328,7540.0,7605.5
ablation_no_reward_scale,26,2,2,P2,2,9.895833333333334e-05,0.01462023938074708,9992.0,9304.0,38.56947588920593,2.511406660079956,41.08088254928589,9304.0,9583.0
ablation_no_reward_scale,27,2,3,P3,2,9.891666666666667e-05,0.027032766258344054,6892.0,6195.0,27.819902420043945,1.7340476512908936,29.55395007133484,6195.0,6944.5
ablation_no_reward_scale,28,2,4,P4,2,9.8875e-05,-0.03432614356279373,3858.0,4605.0,21.70159935951233,1.3949744701385498,23.09657382965088,4605.0,5257.0
ablation_no_reward_scale,29,2,5,P5,2,9.883333333333333e-05,-0.06462307646870613,4474.0,5140.0,24.153932094573975,1.538663625717163,25.692595720291138,5140.0,5497.0
ablation_no_reward_scale,30,2,6,P6,2,9.879166666666666e-05,0.11572264321148396,5087.0,4797.0,24.788010120391846,1.5905439853668213,26.378554105758667,4586.0,4691.5
ablation_no_reward_scale,31,2,7,P7,2,9.875000000000002e-05,0.08699749689549208,7030.0,7310.0,36.282429218292236,2.31319522857666,38.5956244468689,7310.0,7475.0
ablation_no_reward_scale,32,2,8,P8,2,9.870833333333334e-05,-0.05160719063133001,6727.0,6928.0,32.180349588394165,2.022091865539551,34.202441453933716,5840.0,6384.0
ablation_no_reward_scale,33,2,9,P9,2,9.866666666666668e-05,0.02523662825115025,6110.0,5917.0,30.285056352615356,1.9291527271270752,32.21420907974243,5500.0,5708.5
ablation_no_reward_scale,34,2,10,P10,2,9.8625e-05,-0.06331609189510345,6372.0,7360.0,19.30929708480835,1.2612769603729248,20.570574045181274,6952.0,7156.0
ablation_no_reward_scale,35,2,11,P11,2,9.858333333333334e-05,-0.06033478071913123,11479.0,12952.0,36.96160936355591,2.417480945587158,39.379090309143066,12952.0,13059.5
ablation_no_reward_scale,36,2,12,P12,2,9.854166666666667e-05,0.05119838286191225,13076.0,17221.0,44.160747051239014,2.9012985229492188,47.06204557418823,17221.0,17221.0
ablation_no_reward_scale,37,2,13,P13,2,9.850000000000001e-05,0.020298631337936968,23290.0,26038.0,102.10962128639221,7.383520841598511,109.49314212799072,25982.0,26010.0
ablation_no_reward_scale,38,2,14,P14,2,9.845833333333335e-05,-0.01530871749855578,23474.0,28675.0,103.35002326965332,7.482439041137695,110.83246231079102,27797.0,28236.0
ablation_no_reward_scale,39,2,15,P15,2,9.841666666666667e-05,-0.0048207209983957,20800.0,25402.0,107.98492407798767,7.802856683731079,115.78778076171875,23974.0,24688.0
ablation_no_reward_scale,40,2,16,P16,2,9.8375e-05,0.002835123919066973,24907.0,27910.0,130.75756072998047,9.73454236984253,140.492103099823,27910.0,28195.0
ablation_no_reward_scale,41,2,17,P17,2,9.833333333333333e-05,-0.008795521897263825,23189.0,25811.0,132.19784498214722,9.755708694458008,141.95355367660522,25811.0,25949.0
ablation_no_reward_scale,42,2,18,P18,2,9.829166666666667e-05,-0.001357435539830476,22249.0,26734.0,127.3493378162384,9.131243228912354,136.48058104515076,24691.0,25712.5
ablation_no_reward_scale,43,2,19,P19,2,9.825e-05,0.017348228301852942,24360.0,30350.0,125.0823621749878,9.704789400100708,134.7871515750885,30350.0,30390.5
ablation_no_reward_scale,44,2,20,P20,2,9.820833333333334e-05,0.011712375306524336,25701.0,25522.0,136.32782316207886,10.282436609268188,146.61025977134705,25522.0,28351.0
ablation_no_reward_scale,45,2,21,P21,2,9.816666666666668e-05,0.0040713249472901225,26999.0,26214.0,141.29375886917114,11.106691598892212,152.40045046806335,26214.0,30352.5
ablation_no_reward_scale,46,2,22,P22,2,9.8125e-05,0.0005794425087515265,26043.0,26748.0,141.20164942741394,11.12706208229065,152.3287115097046,26748.0,28895.5
ablation_no_reward_scale,47,2,23,P23,2,9.808333333333334e-05,0.00980850011442921,38665.0,44158.0,189.99529480934143,14.8178551197052,204.81314992904663,44158.0,44493.0
ablation_no_reward_scale,48,2,24,P24,2,9.804166666666667e-05,0.00054289688996505,26821.0,30629.0,128.19706869125366,10.04343295097351,138.24050164222717,30629.0,31905.0
ablation_no_reward_scale,49,3,1,P1,3,9.8e-05,0.024531476898118854,7322.0,7672.0,30.379607677459717,1.955167293548584,32.3347749710083,7540.0,7627.666666666667
ablation_no_reward_scale,50,3,2,P2,3,9.795833333333335e-05,-0.04559507314115763,9992.0,9015.0,38.08740305900574,2.5021722316741943,40.58957529067993,9015.0,9393.666666666666
ablation_no_reward_scale,51,3,3,P3,3,9.791666666666667e-05,0.042378393933176994,6530.0,6270.0,27.787916660308838,1.8137388229370117,29.60165548324585,6195.0,6719.666666666667
ablation_no_reward_scale,52,3,4,P4,3,9.787500000000001e-05,-0.04049251414835453,3796.0,4521.0,21.805472135543823,1.395005226135254,23.200477361679077,4521.0,5011.666666666667
ablation_no_reward_scale,53,3,5,P5,3,9.783333333333333e-05,0.012830589897930622,4968.0,4782.0,24.009931564331055,1.5326800346374512,25.542611598968506,4782.0,5258.666666666667
ablation_no_reward_scale,54,3,6,P6,3,9.779166666666667e-05,0.05829914938658476,4941.0,4470.0,24.42944073677063,1.6106514930725098,26.04009222984314,4470.0,4617.666666666667
ablation_no_reward_scale,55,3,7,P7,3,9.775e-05,0.03709562122821808,6100.0,6620.0,36.52008390426636,2.4396450519561768,38.959728956222534,6620.0,7190.0
ablation_no_reward_scale,56,3,8,P8,3,9.770833333333334e-05,0.004782939737197012,6488.0,7507.0,32.363624572753906,2.121426582336426,34.48505115509033,5840.0,6758.333333333333
ablation_no_reward_scale,57,3,9,P9,3,9.766666666666668e-05,-0.005680480622686446,5960.0,6067.0,30.155837774276733,1.9677879810333252,32.12362575531006,5500.0,5828.0
ablation_no_reward_scale,58,3,10,P10,3,9.7625e-05,-0.11711905710399151,6236.0,5922.0,19.405092239379883,1.259110450744629,20.66420269012451,5922.0,6744.666666666667
ablation_no_reward_scale,59,3,11,P11,3,9.758333333333334e-05,-0.051152747590094805,11676.0,11525.0,36.754295110702515,2.450443744659424,39.20473885536194,11525.0,12548.0
ablation_no_reward_scale,60,3,12,P12,3,9.754166666666667e-05,0.08735730312764645,13307.0,13188.0,44.103538036346436,2.876680850982666,46.9802188873291,13188.0,15876.666666666666
ablation_no_reward_scale,61,3,13,P13,3,9.75e-05,0.022779738530516624,22800.0,21375.0,103.16044569015503,7.5595128536224365,110.71995854377747,21375.0,24465.0
ablation_no_reward_scale,62,3,14,P14,3,9.745833333333334e-05,-0.021416232804767787,23376.0,23355.0,103.54933786392212,7.680923223495483,111.2302610874176,23355.0,26609.0
ablation_no_reward_scale,63,3,15,P15,3,9.741666666666667e-05,0.005753098947025137,21490.0,21317.0,108.67311382293701,7.880556106567383,116.5536699295044,21317.0,23564.333333333332
ablation_no_reward_scale,64,3,16,P16,3,9.737500000000001e-05,-0.00641128106508404,24536.0,21457.0,129.59104919433594,9.809021234512329,139.40007042884827,21457.0,25949.0
ablation_no_reward_scale,65,3,17,P17,3,9.733333333333335e-05,-0.003299755189800635,23783.0,22666.0,132.43076252937317,9.866288900375366,142.29705142974854,22666.0,24854.666666666668
ablation_no_reward_scale,66,3,18,P18,3,9.729166666666667e-05,0.0017002318942104465,23343.0,21734.0,123.6374044418335,9.24697470664978,132.88437914848328,21734.0,24386.333333333332
ablation_no_reward_scale,67,3,19,P19,3,9.725e-05,0.007374845561571419,25340.0,24321.0,125.36024117469788,9.810023546218872,135.17026472091675,24321.0,28367.333333333332
ablation_no_reward_scale,68,3,20,P20,3,9.720833333333333e-05,0.006334578024689108,25202.0,24800.0,135.9593608379364,10.560660600662231,146.52002143859863,24800.0,27167.333333333332
ablation_no_reward_scale,69,3,21,P21,3,9.716666666666667e-05,0.003883467655396089,27375.0,25176.0,141.8753535747528,11.153205156326294,153.0285587310791,25176.0,28627.0
ablation_no_reward_scale,70,3,22,P22,3,9.7125e-05,-0.0041768034687265755,26216.0,25255.0,142.56296014785767,11.08336067199707,153.64632081985474,25255.0,27682.0
ablation_no_reward_scale,71,3,23,P23,3,9.708333333333334e-05,0.008829075643526656,37781.0,36188.0,189.37707805633545,14.576202154159546,203.953280210495,36188.0,41724.666666666664
ablation_no_reward_scale,72,3,24,P24,3,9.704166666666668e-05,0.002779530963744037,27225.0,26429.0,128.1074514389038,10.062967300415039,138.17041873931885,26429.0,30079.666666666668
ablation_no_reward_scale,73,4,1,P1,4,9.7e-05,0.008383159409277141,7052.0,6846.0,30.568668603897095,1.987074613571167,32.55574321746826,6846.0,7432.25
ablation_no_reward_scale,74,4,2,P2,4,9.695833333333334e-05,-0.028797457925975323,9995.0,8496.0,38.473331689834595,2.504399299621582,40.97773098945618,8496.0,9169.25
ablation_no_reward_scale,75,4,3,P3,4,9.691666666666667e-05,0.01615834259428084,6530.0,5877.0,27.651353120803833,1.79398775100708,29.445340871810913,5877.0,6509.0
ablation_no_reward_scale,76,4,4,P4,4,9.687500000000001e-05,0.028037508483976126,3912.0,3924.0,21.834696054458618,1.3928072452545166,23.227503299713135,3924.0,4739.75
ablation_no_reward_scale,77,4,5,P5,4,9.683333333333335e-05,-0.017404345329850912,4825.0,4560.0,23.738563060760498,1.5682260990142822,25.30678915977478,4560.0,5084.0
ablation_no_reward_scale,78,4,6,P6,4,9.679166666666667e-05,0.031213129870593548,4903.0,4345.0,24.64293360710144,1.5955379009246826,26.238471508026123,4345.0,4549.5
ablation_no_reward_scale,79,4,7,P7,4,9.675000000000001e-05,0.06085264915600419,6977.0,6470.0,36.227476596832275,2.361431121826172,38.58890771865845,6470.0,7010.0
ablation_no_reward_scale,80,4,8,P8,4,9.670833333333333e-05,-0.03066398366354406,6740.0,5737.0,32.27317833900452,2.063420295715332,34.33659863471985,5737.0,6503.0
ablation_no_reward_scale,81,4,9,P9,4,9.666666666666667e-05,-0.027739333221688867,5723.0,5387.0,30.729275226593018,2.01350474357605,32.74277997016907,5387.0,5717.75
ablation_no_reward_scale,82,4,10,P10,4,9.6625e-05,-0.04330316744744778,6522.0,5700.0,19.61542248725891,1.2615845203399658,20.877007007598877,5700.0,6483.5
ablation_no_reward_scale,83,4,11,P11,4,9.658333333333334e-05,-0.0588527824729681,11496.0,11389.0,37.065627336502075,2.422987461090088,39.48861479759216,11389.0,12258.25
ablation_no_reward_scale,84,4,12,P12,4,9.654166666666668e-05,0.035136669874191284,12880.0,12798.0,44.263367652893066,2.9466631412506104,47.21003079414368,12798.0,15107.0
ablation_no_reward_scale,85,4,13,P13,4,9.65e-05,0.055670665577054024,23045.0,20585.0,102.2509355545044,7.681777477264404,109.9327130317688,20585.0,23495.0
ablation_no_reward_scale,86,4,14,P14,4,9.645833333333334e-05,-0.029301204369403422,24260.0,22654.0,104.18475794792175,7.741016387939453,111.9257743358612,22654.0,25620.25
ablation_no_reward_scale,87,4,15,P15,4,9.641666666666666e-05,0.005307718209223822,22240.0,20476.0,107.90901327133179,7.959048509597778,115.86806178092957,20476.0,22792.25
ablation_no_reward_scale,88,4,16,P16,4,9.6375e-05,-0.014416656130924821,24935.0,21284.0,130.8515923023224,9.926331043243408,140.7779233455658,21284.0,24782.75
ablation_no_reward_scale,89,4,17,P17,4,9.633333333333335e-05,-0.007921996875666082,23428.0,21649.0,132.80129218101501,9.934876441955566,142.73616862297058,21649.0,24053.25
ablation_no_reward_scale,90,4,18,P18,4,9.629166666666667e-05,-0.0025047399889444933,22384.0,21291.0,122.69468116760254,9.241155624389648,131.9358367919922,21291.0,23612.5
ablation_no_reward_scale,91,4,19,P19,4,9.625000000000001e-05,0.015924240089952947,25105.0,24186.0,126.46664571762085,9.770089864730835,136.23673558235168,24186.0,27322.0
ablation_no_reward_scale,92,4,20,P20,4,9.620833333333333e-05,0.0035330696642631664,24570.0,22566.0,136.54284834861755,10.52435564994812,147.06720399856567,22566.0,26017.0
ablation_no_reward_scale,93,4,21,P21,4,9.616666666666667e-05,0.013431870425119997,27145.0,24587.0,142.0160312652588,11.132147073745728,153.14817833900452,24587.0,27617.0
ablation_no_reward_scale,94,4,22,P22,4,9.6125e-05,-0.005888074869289994,25390.0,24345.0,142.61202955245972,11.138623714447021,153.75065326690674,24345.0,26847.75
ablation_no_reward_scale,95,4,23,P23,4,9.608333333333334e-05,0.009897724692044514,37866.0,35553.0,188.75221490859985,14.927873134613037,203.6800880432129,35553.0,40181.75
ablation_no_reward_scale,96,4,24,P24,4,9.604166666666668e-05,-0.001475348899839446,26561.0,25926.0,127.98590636253357,10.366323947906494,138.35223031044006,25926.0,29041.25
ablation_no_reward_scale,97,5,1,P1,5,9.6e-05,-0.009919141884893179,6744.0,6884.0,30.575576305389404,1.9793527126312256,32.55492901802063,6846.0,7322.6
ablation_no_reward_scale,98,5,2,P2,5,9.595833333333334e-05,-0.004262854476110078,9781.0,8752.0,38.302738189697266,2.5214576721191406,40.824195861816406,8496.0,9085.8
ablation_no_reward_scale,99,5,3,P3,5,9.591666666666668e-05,0.008350485353730619,6330.0,5900.0,28.127548933029175,1.8346638679504395,29.962212800979614,5877.0,6387.2
ablation_no_reward_scale,100,5,4,P4,5,9.5875e-05,0.005949259037151933,3906.0,4074.0,21.57050323486328,1.3987395763397217,22.969242811203003,3924.0,4606.6
ablation_no_reward_scale,101,5,5,P5,5,9.583333333333334e-05,0.03652650956064463,4895.0,4404.0,23.7006676197052,1.542978286743164,25.243645906448364,4404.0,4948.0
ablation_no_reward_scale,102,5,6,P6,5,9.579166666666667e-05,0.03903908561915159,4933.0,4305.0,24.636144399642944,1.591829776763916,26.22797417640686,4305.0,4500.6
ablation_no_reward_scale,103,5,7,P7,5,9.575000000000001e-05,0.04168813629075885,6590.0,6130.0,36.40572953224182,2.3660199642181396,38.77174949645996,6130.0,6834.0
ablation_no_reward_scale,104,5,8,P8,5,9.570833333333333e-05,-0.025758282281458378,6475.0,5807.0,32.44664549827576,2.0778229236602783,34.524468421936035,5737.0,6363.8
ablation_no_reward_scale,105,5,9,P9,5,9.566666666666667e-05,-0.017213328916113824,5587.0,5436.0,30.45095658302307,1.96160888671875,32.41256546974182,5387.0,5661.4
ablation_no_reward_scale,106,5,10,P10,5,9.562500000000001e-05,-0.06198685895651579,6462.0,5710.0,19.615874528884888,1.2662420272827148,20.882116556167603,5700.0,6328.8
ablation_no_reward_scale,107,5,11,P11,5,9.558333333333333e-05,-0.04345545172691345,11434.0,11389.0,37.61048340797424,2.4273293018341064,40.03781270980835,11389.0,12084.4
ablation_no_reward_scale,108,5,12,P12,5,9.554166666666667e-05,0.04037352837622166,12686.0,12847.0,43.51459813117981,2.909428596496582,46.42402672767639,12798.0,14655.0
ablation_no_reward_scale,109,5,13,P13,5,9.55e-05,0.04775248165242374,23535.0,21329.0,101.74769759178162,7.603032827377319,109.35073041915894,20585.0,23061.8
ablation_no_reward_scale,110,5,14,P14,5,9.545833333333334e-05,-0.029213447007350624,24176.0,23362.0,103.43533492088318,7.653627634048462,111.08896255493164,22654.0,25168.6
ablation_no_reward_scale,111,5,15,P15,5,9.541666666666668e-05,0.0028318390614003874,21525.0,20658.0,107.71249794960022,7.998443841934204,115.71094179153442,20476.0,22365.4
ablation_no_reward_scale,112,5,16,P16,5,9.5375e-05,-0.0034133456007111817,25408.0,21855.0,130.66298055648804,9.9292311668396,140.59221172332764,21284.0,24197.2
ablation_no_reward_scale,113,5,17,P17,5,9.533333333333334e-05,-0.00933641588781029,23046.0,22641.0,132.86176371574402,9.983516216278076,142.8452799320221,21649.0,23770.8
ablation_no_reward_scale,114,5,18,P18,5,9.529166666666667e-05,0.0019480861927149817,23220.0,21214.0,124.54103779792786,9.238239765167236,133.7792775630951,21214.0,23132.8
ablation_no_reward_scale,115,5,19,P19,5,9.525000000000001e-05,0.01561669516377151,24985.0,24115.0,125.72914385795593,9.861128091812134,135.59027194976807,24115.0,26680.6
ablation_no_reward_scale,116,5,20,P20,5,9.520833333333333e-05,0.0024588363827206194,24164.0,22633.0,135.37120819091797,10.535133123397827,145.9063413143158,22566.0,25340.2
ablation_no_reward_scale,117,5,21,P21,5,9.516666666666667e-05,0.013346508890390397,27556.0,24986.0,142.47844743728638,10.982690811157227,153.4611382484436,24587.0,27090.8
ablation_no_reward_scale,118,5,22,P22,5,9.512500000000001e-05,-0.003322417728486471,25759.0,25579.0,140.91430759429932,11.198234796524048,152.11254239082336,24345.0,26594.0
ablation_no_reward_scale,119,5,23,P23,5,9.508333333333333e-05,0.005846295268773767,37287.0,36192.0,189.69661903381348,14.677571296691895,204.37419033050537,35553.0,39383.8
ablation_no_reward_scale,120,5,24,P24,5,9.504166666666667e-05,0.0014915584964910523,26843.0,25944.0,128.6429102420807,10.128675937652588,138.77158617973328,25926.0,28421.8
ablation_no_reward_scale,121,6,1,P1,6,9.5e-05,-0.0001085815456463024,7072.0,6764.0,30.59357237815857,1.9690217971801758,32.562594175338745,6764.0,7229.5
ablation_no_reward_scale,122,6,2,P2,6,9.495833333333334e-05,-0.02193353371694684,9778.0,8498.0,38.60772490501404,2.527238368988037,41.134963274002075,8496.0,8987.833333333334
ablation_no_reward_scale,123,6,3,P3,6,9.491666666666668e-05,0.03433661337476224,6709.0,6431.0,27.90558934211731,1.7934768199920654,29.699066162109375,5877.0,6394.5
ablation_no_reward_scale,124,6,4,P4,6,9.4875e-05,-0.0344106238335371,3800.0,4273.0,21.786524295806885,1.410179853439331,23.196704149246216,3924.0,4551.0
ablation_no_reward_scale,125,6,5,P5,6,9.483333333333334e-05,-0.007109561352990568,4596.0,4502.0,23.783165454864502,1.568328619003296,25.351494073867798,4404.0,4873.666666666667
ablation_no_reward_scale,126,6,6,P6,6,9.479166666666666e-05,0.08510372415184975,4897.0,4340.0,25.33579158782959,1.6206786632537842,26.956470251083374,4305.0,4473.833333333333
ablation_no_reward_scale,127,6,7,P7,6,9.475e-05,0.08164630737155676,7320.0,6400.0,36.002336263656616,2.33571195602417,38.338048219680786,6130.0,6761.666666666667
ablation_no_reward_scale,128,6,8,P8,6,9.470833333333334e-05,-0.059711883775889874,6572.0,5897.0,31.990416049957275,2.0627949237823486,34.053210973739624,5737.0,6286.0
ablation_no_reward_scale,129,6,9,P9,6,9.466666666666667e-05,0.007784327608533204,5821.0,5467.0,30.53495955467224,1.9469733238220215,32.48193287849426,5387.0,5629.0
ablation_no_reward_scale,130,6,10,P10,6,9.462500000000001e-05,-0.07084055617451668,6372.0,5687.0,19.302760362625122,1.2673468589782715,20.570107221603394,5687.0,6221.833333333333
ablation_no_reward_scale,131,6,11,P11,6,9.458333333333333e-05,-0.0634248647838831,11372.0,11389.0,37.223175287246704,2.436887502670288,39.66006278991699,11389.0,11968.5
ablation_no_reward_scale,132,6,12,P12,6,9.454166666666667e-05,0.04100461956113577,13010.0,13079.0,43.91445207595825,2.9164788722991943,46.830930948257446,12798.0,14392.333333333334
ablation_no_reward_scale,133,6,13,P13,6,9.449999999999999e-05,0.04991993750445545,22555.0,22219.0,103.41050434112549,7.613661050796509,111.024165391922,20585.0,22921.333333333332
ablation_no_reward_scale,134,6,14,P14,6,9.445833333333334e-05,-0.026591850211843848,22857.0,24306.0,103.4667637348175,7.837485313415527,111.30424904823303,22654.0,25024.833333333332
ablation_no_reward_scale,135,6,15,P15,6,9.441666666666668e-05,0.008882912545232102,21720.0,20555.0,108.01135230064392,7.935081243515015,115.94643354415894,20476.0,22063.666666666668
ablation_no_reward_scale,136,6,16,P16,6,9.4375e-05,-0.0171948894392699,24707.0,21996.0,132.05222511291504,9.882211208343506,141.93443632125854,21284.0,23830.333333333332
ablation_no_reward_scale,137,6,17,P17,6,9.433333333333334e-05,-0.004914913279935718,21932.0,22563.0,130.7386395931244,10.006193161010742,140.74483275413513,21649.0,23569.5
ablation_no_reward_scale,138,6,18,P18,6,9.429166666666666e-05,0.006188415247015655,22180.0,21194.0,123.44144010543823,9.333157539367676,132.7745976448059,21194.0,22809.666666666668
ablation_no_reward_scale,139,6,19,P19,6,9.425e-05,0.01910557122901082,24755.0,24287.0,125.83469724655151,9.745343446731567,135.58004069328308,24115.0,26281.666666666668
ablation_no_reward_scale,140,6,20,P20,6,9.420833333333334e-05,-0.011442310642451048,24077.0,22844.0,136.06675148010254,10.43990159034729,146.50665307044983,22566.0,24924.166666666668
ablation_no_reward_scale,141,6,21,P21,6,9.416666666666667e-05,0.01116963909007609,27252.0,24691.0,141.86610460281372,11.097912788391113,152.96401739120483,24587.0,26690.833333333332
ablation_no_reward_scale,142,6,22,P22,6,9.412500000000001e-05,-0.00603413840290159,25565.0,24555.0,142.1152901649475,11.117382287979126,153.23267245292664,24345.0,26254.166666666668
ablation_no_reward_scale,143,6,23,P23,6,9.408333333333333e-05,0.004704823745019634,35228.0,35482.0,190.211261510849,14.581386089324951,204.79264760017395,35482.0,38733.5
ablation_no_reward_scale,144,6,24,P24,6,9.404166666666667e-05,0.0062379755894653496,26151.0,26558.0,129.17278122901917,10.157480001449585,139.33026123046875,25926.0,28111.166666666668
ablation_no_reward_scale,145,7,1,P1,7,9.4e-05,-0.029908445896580815,6612.0,7184.0,30.4855694770813,1.9849069118499756,32.470476388931274,6764.0,7223.0
ablation_no_reward_scale,146,7,2,P2,7,9.395833333333333e-05,0.011153897037729621,9995.0,8484.0,38.26763653755188,2.4963691234588623,40.76400566101074,8484.0,8915.857142857143
ablation_no_reward_scale,147,7,3,P3,7,9.391666666666668e-05,0.039929838851094246,6775.0,7159.0,27.84189200401306,1.8217957019805908,29.663687705993652,5877.0,6503.714285714285
ablation_no_reward_scale,148,7,4,P4,7,9.3875e-05,-0.018837408162653446,4027.0,4141.0,21.949947118759155,1.414689540863037,23.364636659622192,3924.0,4492.428571428572
ablation_no_reward_scale,149,7,5,P5,7,9.383333333333334e-05,-0.025422412436455488,4591.0,4367.0,24.020016193389893,1.5529804229736328,25.572996616363525,4367.0,4801.285714285715
ablation_no_reward_scale,150,7,6,P6,7,9.379166666666667e-05,0.004845030372962356,4657.0,4287.0,24.623863458633423,1.618549108505249,26.242412567138672,4287.0,4447.142857142857
ablation_no_reward_scale,151,7,7,P7,7,9.375e-05,0.05081833992153406,6320.0,6415.0,36.81909489631653,2.3083620071411133,39.12745690345764,6130.0,6712.142857142857
ablation_no_reward_scale,152,7,8,P8,7,9.370833333333334e-05,0.03201939910650253,6917.0,8187.0,32.006247758865356,2.0976099967956543,34.10385775566101,5737.0,6557.571428571428
ablation_no_reward_scale,153,7,9,P9,7,9.366666666666668e-05,-0.04650282533839345,6203.0,7277.0,30.481358289718628,1.9537477493286133,32.43510603904724,5387.0,5864.428571428572
ablation_no_reward_scale,154,7,10,P10,7,9.362500000000001e-05,-0.048687596805393696,6072.0,5730.0,19.287347078323364,1.2719974517822266,20.55934453010559,5687.0,6151.571428571428
ablation_no_reward_scale,155,7,11,P11,7,9.358333333333334e-05,-0.03506606910377741,11553.0,11507.0,37.1586971282959,2.4283745288848877,39.587071657180786,11389.0,11902.57142857143
ablation_no_reward_scale,156,7,12,P12,7,9.354166666666667e-05,0.018425322603434324,12931.0,13144.0,43.85798931121826,2.9147112369537354,46.772700548172,12798.0,14214.0
ablation_no_reward_scale,157,7,13,P13,7,9.350000000000001e-05,0.03077830176334828,21330.0,20850.0,104.01761221885681,7.656630992889404,111.67424321174622,20585.0,22625.428571428572
ablation_no_reward_scale,158,7,14,P14,7,9.345833333333333e-05,-0.009505736321443692,23800.0,23858.0,103.66357278823853,7.6041343212127686,111.2677071094513,22654.0,24858.14285714286
ablation_no_reward_scale,159,7,15,P15,7,9.341666666666667e-05,-0.010861030197702348,21106.0,20157.0,107.80751776695251,7.993501663208008,115.80101943016052,20157.0,21791.285714285714
ablation_no_reward_scale,160,7,16,P16,7,9.3375e-05,-0.007312387856654823,22649.0,21475.0,131.793719291687,9.849815607070923,141.64353489875793,21284.0,23493.85714285714
ablation_no_reward_scale,161,7,17,P17,7,9.333333333333334e-05,0.00020078745437785984,21827.0,21798.0,132.8469593524933,9.87065076828003,142.71761012077332,21649.0,23316.428571428572
ablation_no_reward_scale,162,7,18,P18,7,9.329166666666667e-05,0.002055669059336651,21736.0,20616.0,123.35605669021606,9.21492052078247,132.57097721099854,20616.0,22496.285714285714
ablation_no_reward_scale,163,7,19,P19,7,9.325e-05,0.011165797850117088,23808.0,23863.0,127.75306057929993,9.781891345977783,137.5349519252777,23863.0,25936.14285714286
ablation_no_reward_scale,164,7,20,P20,7,9.320833333333334e-05,-0.004879056464415043,24090.0,22559.0,135.98436546325684,10.57468843460083,146.55905389785767,22559.0,24586.285714285714
ablation_no_reward_scale,165,7,21,P21,7,9.316666666666666e-05,0.011906938534229994,28024.0,24572.0,142.0183207988739,11.1206533908844,153.1389741897583,24572.0,26388.14285714286
ablation_no_reward_scale,166,7,22,P22,7,9.3125e-05,-0.014481560094282031,24672.0,23482.0,144.46243262290955,11.081803321838379,155.54423594474792,23482.0,25858.14285714286
ablation_no_reward_scale,167,7,23,P23,7,9.308333333333334e-05,0.008635901064345879,34721.0,36820.0,190.22579503059387,14.659584760665894,204.88537979125977,35482.0,38460.142857142855
ablation_no_reward_scale,168,7,24,P24,7,9.304166666666667e-05,0.005730230500921607,26269.0,24583.0,129.73486995697021,10.10441279411316,139.83928275108337,24583.0,27607.14285714286
ablation_no_reward_scale,169,8,1,P1,8,9.3e-05,-0.002864471149223391,6572.0,6604.0,30.6291024684906,1.980851173400879,32.60995364189148,6604.0,7145.625
ablation_no_reward_scale,170,8,2,P2,8,9.295833333333333e-05,0.03050453681498766,10206.0,8980.0,38.730355978012085,2.5355236530303955,41.26587963104248,8484.0,8923.875
ablation_no_reward_scale,171,8,3,P3,8,9.291666666666667e-05,0.02229116187663749,7269.0,7159.0,28.03064775466919,1.7943191528320312,29.82496690750122,5877.0,6585.625
ablation_no_reward_scale,172,8,4,P4,8,9.2875e-05,-0.03230192046612501,4138.0,4003.0,21.951871871948242,1.401045560836792,23.352917432785034,3924.0,4431.25
ablation_no_reward_scale,173,8,5,P5,8,9.283333333333334e-05,-0.03944132290780544,4562.0,4362.0,23.956350803375244,1.567051649093628,25.523402452468872,4362.0,4746.375
ablation_no_reward_scale,174,8,6,P6,8,9.279166666666668e-05,-0.0020209448703099042,4214.0,4283.0,25.267539024353027,1.6180424690246582,26.885581493377686,4283.0,4426.625
ablation_no_reward_scale,175,8,7,P7,8,9.275e-05,0.08655926771461964,6157.0,7087.0,36.40108370780945,2.3417608737945557,38.742844581604004,6130.0,6759.0
ablation_no_reward_scale,176,8,8,P8,8,9.270833333333334e-05,0.04361219936981797,7308.0,6177.0,32.57555413246155,2.068086862564087,34.643640995025635,5737.0,6510.0
ablation_no_reward_scale,177,8,9,P9,8,9.266666666666666e-05,-0.06779268197715282,6063.0,7067.0,30.830716133117676,1.9582719802856445,32.78898811340332,5387.0,6014.75
ablation_no_reward_scale,178,8,10,P10,8,9.2625e-05,-0.037044404074549675,5908.0,5730.0,20.044355154037476,1.2975060939788818,21.341861248016357,5687.0,6098.875
ablation_no_reward_scale,179,8,11,P11,8,9.258333333333334e-05,0.011444379691965878,11389.0,11490.0,37.0730926990509,2.439263343811035,39.51235604286194,11389.0,11851.0
ablation_no_reward_scale,180,8,12,P12,8,9.254166666666668e-05,0.01210425014141947,12686.0,12487.0,43.76923608779907,2.9101452827453613,46.679381370544434,12487.0,13998.125
ablation_no_reward_scale,181,8,13,P13,8,9.250000000000001e-05,-0.007202471315395087,20840.0,20010.0,104.18372368812561,7.634616851806641,111.81834053993225,20010.0,22298.5
ablation_no_reward_scale,182,8,14,P14,8,9.245833333333334e-05,0.006943657295778394,23443.0,23222.0,104.67918562889099,7.585339546203613,112.2645251750946,22654.0,24653.625
ablation_no_reward_scale,183,8,15,P15,8,9.241666666666667e-05,-0.0016849712592375,20738.0,20180.0,108.0818223953247,7.937938690185547,116.01976108551025,20157.0,21589.875
ablation_no_reward_scale,184,8,16,P16,8,9.2375e-05,-0.01102896425873041,21698.0,20945.0,131.48960185050964,9.804503440856934,141.29410529136658,20945.0,23175.25
ablation_no_reward_scale,185,8,17,P17,8,9.233333333333333e-05,0.00491082469234243,21788.0,21724.0,132.91806387901306,9.978095293045044,142.8961591720581,21649.0,23117.375
ablation_no_reward_scale,186,8,18,P18,8,9.229166666666667e-05,-0.005765694857109338,20784.0,21178.0,122.79989171028137,9.25722599029541,132.05711770057678,20616.0,22331.5
ablation_no_reward_scale,187,8,19,P19,8,9.225e-05,0.00901886923238635,24063.0,23938.0,127.0461974143982,9.737676620483398,136.7838740348816,23863.0,25686.375
ablation_no_reward_scale,188,8,20,P20,8,9.220833333333334e-05,0.0002736049809755059,23493.0,22226.0,135.7512719631195,10.50398325920105,146.25525522232056,22226.0,24291.25
ablation_no_reward_scale,189,8,21,P21,8,9.216666666666667e-05,0.001335008213936817,25748.0,23931.0,142.97372150421143,11.048027276992798,154.02174878120422,23931.0,26081.0
ablation_no_reward_scale,190,8,22,P22,8,9.2125e-05,-0.0008526890625944362,24803.0,22997.0,143.66880440711975,11.254421472549438,154.9232258796692,22997.0,25500.5
ablation_no_reward_scale,191,8,23,P23,8,9.208333333333334e-05,0.002416565229525856,34100.0,35620.0,189.92547059059143,14.669986724853516,204.59545731544495,35482.0,38105.125
ablation_no_reward_scale,192,8,24,P24,8,9.204166666666668e-05,0.0009508840783382766,25000.0,24097.0,129.32509994506836,10.175339698791504,139.50043964385986,24097.0,27168.375
ablation_no_reward_scale,193,9,1,P1,9,9.200000000000001e-05,0.009295350930187851,6632.0,6044.0,30.120285511016846,1.9744765758514404,32.094762086868286,6044.0,7023.222222222223
ablation_no_reward_scale,194,9,2,P2,9,9.195833333333334e-05,-0.02437589503824711,8922.0,8524.0,38.628302335739136,2.519026756286621,41.14732909202576,8484.0,8879.444444444445
ablation_no_reward_scale,195,9,3,P3,9,9.191666666666667e-05,0.03729967982508242,6545.0,7172.0,27.67661166191101,1.8125967979431152,29.489208459854126,5877.0,6650.777777777777
ablation_no_reward_scale,196,9,4,P4,9,9.1875e-05,0.021473072469234467,3991.0,3933.0,22.421711206436157,1.438997745513916,23.860708951950073,3924.0,4375.888888888889
ablation_no_reward_scale,197,9,5,P5,9,9.183333333333333e-05,-0.022706026677042246,4501.0,4352.0,24.06228470802307,1.535552978515625,25.597837686538696,4352.0,4702.555555555556
ablation_no_reward_scale,198,9,6,P6,9,9.179166666666667e-05,-0.029332385398447514,4123.0,4183.0,24.954360485076904,1.5824425220489502,26.536803007125854,4183.0,4399.555555555556
ablation_no_reward_scale,199,9,7,P7,9,9.175000000000001e-05,0.025182253448292613,6053.0,6122.0,36.30254578590393,2.3074750900268555,38.610020875930786,6122.0,6688.222222222223
ablation_no_reward_scale,200,9,8,P8,9,9.170833333333334e-05,0.014582417905330658,5987.0,6194.0,32.48811960220337,2.0594725608825684,34.54759216308594,5737.0,6474.888888888889
ablation_no_reward_scale,201,9,9,P9,9,9.166666666666667e-05,-0.01761705765966326,5888.0,5924.0,30.33501100540161,1.930715799331665,32.265726804733276,5387.0,6004.666666666667
ablation_no_reward_scale,202,9,10,P10,9,9.1625e-05,-0.04405005555599928,5858.0,5658.0,19.5148024559021,1.287318229675293,20.802120685577393,5658.0,6049.888888888889
ablation_no_reward_scale,203,9,11,P11,9,9.158333333333333e-05,-0.03116458747535944,11372.0,11490.0,37.64945888519287,2.4612226486206055,40.11068153381348,11389.0,11810.888888888889
ablation_no_reward_scale,204,9,12,P12,9,9.154166666666666e-05,0.013820218504406512,12481.0,12479.0,44.31319570541382,2.9081435203552246,47.22133922576904,12479.0,13829.333333333334
ablation_no_reward_scale,205,9,13,P13,9,9.15e-05,0.02461826812941581,20350.0,19622.0,102.9597589969635,7.59063458442688,110.55039358139038,19622.0,22001.11111111111
ablation_no_reward_scale,206,9,14,P14,9,9.145833333333334e-05,-0.0073908921622205526,23283.0,22806.0,105.00855708122253,7.643342733383179,112.65189981460571,22654.0,24448.333333333332
ablation_no_reward_scale,207,9,15,P15,9,9.141666666666668e-05,-0.004565893876133487,20661.0,20141.0,107.85769057273865,7.931539297103882,115.78922986984253,20141.0,21428.88888888889
ablation_no_reward_scale,208,9,16,P16,9,9.137500000000001e-05,-0.0028025924228131773,21981.0,20697.0,131.61738348007202,9.845228672027588,141.4626121520996,20697.0,22899.88888888889
ablation_no_reward_scale,209,9,17,P17,9,9.133333333333334e-05,2.424112244625576e-05,21754.0,21613.0,131.81059741973877,9.954766511917114,141.76536393165588,21613.0,22950.222222222223
ablation_no_reward_scale,210,9,18,P18,9,9.129166666666667e-05,-0.0035024865035666155,20630.0,20742.0,124.24879813194275,9.194630146026611,133.44342827796936,20616.0,22154.88888888889
ablation_no_reward_scale,211,9,19,P19,9,9.125e-05,0.011439515324309469,24288.0,23728.0,127.14634299278259,9.79192852973938,136.93827152252197,23728.0,25468.777777777777
ablation_no_reward_scale,212,9,20,P20,9,9.120833333333335e-05,-0.004567491449415683,24030.0,22533.0,135.4441659450531,10.50931191444397,145.95347785949707,22226.0,24095.88888888889
ablation_no_reward_scale,213,9,21,P21,9,9.116666666666667e-05,0.0011178725129866508,25281.0,24174.0,143.78112292289734,11.037956953048706,154.81907987594604,23931.0,25869.11111111111
ablation_no_reward_scale,214,9,22,P22,9,9.1125e-05,-0.0014313180465251208,24339.0,23430.0,142.87976360321045,11.176769971847534,154.05653357505798,22997.0,25270.444444444445
ablation_no_reward_scale,215,9,23,P23,9,9.108333333333334e-05,0.003409850369540176,33751.0,36820.0,188.63796949386597,14.638198375701904,203.27616786956787,35482.0,37962.333333333336
ablation_no_reward_scale,216,9,24,P24,9,9.104166666666667e-05,0.0025450907967751847,25302.0,24120.0,130.69485473632812,10.108402252197266,140.8032569885254,24097.0,26829.666666666668
ablation_no_reward_scale,217,10,1,P1,10,9.1e-05,-0.013040155172348022,6464.0,6604.0,30.286581993103027,1.9690136909484863,32.255595684051514,6044.0,6981.3
ablation_no_reward_scale,218,10,2,P2,10,9.095833333333334e-05,0.002087667045998387,8922.0,8374.0,38.59161114692688,2.531423568725586,41.123034715652466,8374.0,8828.9
ablation_no_reward_scale,219,10,3,P3,10,9.091666666666668e-05,0.022864822298288345,6530.0,7172.0,27.831851959228516,1.8041796684265137,29.63603162765503,5877.0,6702.9
ablation_no_reward_scale,220,10,4,P4,10,9.0875e-05,0.025799016002565622,4069.0,3833.0,22.04751491546631,1.4366321563720703,23.48414707183838,3833.0,4321.6
ablation_no_reward_scale,221,10,5,P5,10,9.083333333333334e-05,0.0007006773957982659,4631.0,4482.0,24.314722776412964,1.551539659500122,25.866262435913086,4352.0,4680.5
ablation_no_reward_scale,222,10,6,P6,10,9.079166666666667e-05,-0.013086679391562939,4253.0,4183.0,25.39394450187683,1.6384027004241943,27.032347202301025,4183.0,4377.9
ablation_no_reward_scale,223,10,7,P7,10,9.075e-05,-0.010260959388688207,5920.0,6104.0,36.59733533859253,2.3035991191864014,38.90093445777893,6104.0,6629.8
ablation_no_reward_scale,224,10,8,P8,10,9.070833333333333e-05,0.012642343062907457,6019.0,6267.0,32.22957944869995,2.0439038276672363,34.27348327636719,5737.0,6454.1
ablation_no_reward_scale,225,10,9,P9,10,9.066666666666667e-05,0.012599147506989539,5823.0,5916.0,30.71465539932251,1.9377946853637695,32.65245008468628,5387.0,5995.8
ablation_no_reward_scale,226,10,10,P10,10,9.062500000000001e-05,-0.05513121001422405,5810.0,5730.0,19.47568130493164,1.2724673748016357,20.748148679733276,5658.0,6017.9
ablation_no_reward_scale,227,10,11,P11,10,9.058333333333334e-05,-0.035231140442192554,11661.0,11620.0,37.600525856018066,2.501096725463867,40.101622581481934,11389.0,11791.8
ablation_no_reward_scale,228,10,12,P12,10,9.054166666666667e-05,0.005279176228214055,12284.0,12491.0,44.254817724227905,2.9270737171173096,47.181891441345215,12479.0,13695.5
ablation_no_reward_scale,229,10,13,P13,10,9.05e-05,0.027629369287751615,20595.0,19978.0,103.99514770507812,7.59711480140686,111.59226250648499,19622.0,21798.8
ablation_no_reward_scale,230,10,14,P14,10,9.045833333333333e-05,-0.007087173464242369,22969.0,22806.0,105.30723190307617,7.643633127212524,112.9508650302887,22654.0,24284.1
ablation_no_reward_scale,231,10,15,P15,10,9.041666666666668e-05,-0.010453990253154188,20422.0,20224.0,108.07861924171448,7.876642465591431,115.95526170730591,20141.0,21308.4
ablation_no_reward_scale,232,10,16,P16,10,9.037500000000001e-05,0.003305143862962723,21984.0,20866.0,130.79729747772217,9.8178071975708,140.61510467529297,20697.0,22696.5
ablation_no_reward_scale,233,10,17,P17,10,9.033333333333334e-05,-0.004926032247021794,21685.0,21922.0,132.26063799858093,9.883408308029175,142.1440463066101,21613.0,22847.4
ablation_no_reward_scale,234,10,18,P18,10,9.029166666666667e-05,0.0036183558870106934,20794.0,20696.0,124.0781798362732,9.248048543930054,133.32622838020325,20616.0,22009.0
ablation_no_reward_scale,235,10,19,P19,10,9.025e-05,0.010093044559471308,24840.0,24402.0,127.04448223114014,9.802130460739136,136.84661269187927,23728.0,25362.1
ablation_no_reward_scale,236,10,20,P20,10,9.020833333333334e-05,-0.0069575955159962176,23883.0,22603.0,135.45831513404846,10.421696424484253,145.88001155853271,22226.0,23946.6
ablation_no_reward_scale,237,10,21,P21,10,9.016666666666667e-05,0.002615467621944845,25306.0,24437.0,142.9347333908081,11.00046968460083,153.93520307540894,23931.0,25725.9
ablation_no_reward_scale,238,10,22,P22,10,9.012500000000001e-05,-0.000168382260017097,24600.0,23542.0,142.82705688476562,11.198410987854004,154.02546787261963,22997.0,25097.6
ablation_no_reward_scale,239,10,23,P23,10,9.008333333333335e-05,0.0007270386798024577,34192.0,36997.0,189.57934617996216,14.53635287284851,204.11569905281067,35482.0,37865.8
ablation_no_reward_scale,240,10,24,P24,10,9.004166666666667e-05,0.0035438541905023157,25385.0,24363.0,130.25793552398682,10.092682123184204,140.35061764717102,24097.0,26583.0
ablation_no_reward_scale,241,11,1,P1,11,9e-05,-0.023764277691952884,6592.0,6339.0,30.491004705429077,1.9755191802978516,32.46652388572693,6044.0,6922.909090909091
ablation_no_reward_scale,242,11,2,P2,11,8.995833333333333e-05,0.007556879369076341,9136.0,9180.0,38.61897325515747,2.4891958236694336,41.108169078826904,8374.0,8860.818181818182
ablation_no_reward_scale,243,11,3,P3,11,8.991666666666667e-05,0.034171491279266775,6720.0,7172.0,27.80335569381714,1.8149187564849854,29.618274450302124,5877.0,6745.545454545455
ablation_no_reward_scale,244,11,4,P4,11,8.9875e-05,-0.025379768572747707,3868.0,3907.0,21.71423864364624,1.4046003818511963,23.118839025497437,3833.0,4283.909090909091
ablation_no_reward_scale,245,11,5,P5,11,8.983333333333334e-05,0.017978956922888756,4602.0,4507.0,24.327273845672607,1.544954776763916,25.872228622436523,4352.0,4664.727272727273
ablation_no_reward_scale,246,11,6,P6,11,8.979166666666668e-05,-0.004756547277793288,4219.0,4303.0,24.954992055892944,1.6096360683441162,26.56462812423706,4183.0,4371.090909090909
ablation_no_reward_scale,247,11,7,P7,11,8.975e-05,-0.005105714255478233,6017.0,7087.0,35.96826791763306,2.3301031589508057,38.29837107658386,6104.0,6671.363636363636
ablation_no_reward_scale,248,11,8,P8,11,8.970833333333334e-05,0.055862927343696356,6644.0,8444.0,32.350589752197266,2.0708892345428467,34.42147898674011,5737.0,6635.0
ablation_no_reward_scale,249,11,9,P9,11,8.966666666666667e-05,-0.03391908365301788,6341.0,7544.0,30.949092388153076,1.961592435836792,32.91068482398987,5387.0,6136.545454545455
ablation_no_reward_scale,250,11,10,P10,11,8.962500000000001e-05,-0.014738385332748294,6044.0,5744.0,19.24761390686035,1.2555298805236816,20.503143787384033,5658.0,5993.0
ablation_no_reward_scale,251,11,11,P11,11,8.958333333333335e-05,-0.03474412392824888,11372.0,11750.0,37.094613552093506,2.4458677768707275,39.54048132896423,11389.0,11788.0
ablation_no_reward_scale,252,11,12,P12,11,8.954166666666667e-05,0.010362384025938809,12698.0,12406.0,44.19911742210388,2.9291908740997314,47.12830829620361,12406.0,13578.272727272728
ablation_no_reward_scale,253,11,13,P13,11,8.950000000000001e-05,0.021031824056990445,20350.0,20104.0,104.36620259284973,7.634679317474365,112.0008819103241,19622.0,21644.727272727272
ablation_no_reward_scale,254,11,14,P14,11,8.945833333333333e-05,-0.005842687445692718,23014.0,22671.0,104.20293164253235,7.6674816608428955,111.87041330337524,22654.0,24137.454545454544
ablation_no_reward_scale,255,11,15,P15,11,8.941666666666667e-05,-0.004256123487721197,20661.0,20468.0,107.91675639152527,8.127374410629272,116.04413080215454,20141.0,21232.0
ablation_no_reward_scale,256,11,16,P16,11,8.9375e-05,0.005469605361577123,22119.0,20833.0,131.33848452568054,9.946253061294556,141.2847375869751,20697.0,22527.090909090908
ablation_no_reward_scale,257,11,17,P17,11,8.933333333333334e-05,-0.0018738148122793064,22263.0,21443.0,133.42899322509766,9.879692554473877,143.30868577957153,21443.0,22719.727272727272
ablation_no_reward_scale,258,11,18,P18,11,8.929166666666668e-05,-0.0044193430745508525,20917.0,20781.0,123.95148515701294,9.249199390411377,133.20068454742432,20616.0,21897.363636363636
ablation_no_reward_scale,259,11,19,P19,11,8.925e-05,0.01085053535643965,24469.0,24538.0,127.09563326835632,9.78489065170288,136.8805239200592,23728.0,25287.18181818182
ablation_no_reward_scale,260,11,20,P20,11,8.920833333333334e-05,-0.0021025448986620177,24653.0,22468.0,135.4172375202179,10.467016220092773,145.88425374031067,22226.0,23812.18181818182
ablation_no_reward_scale,261,11,21,P21,11,8.916666666666666e-05,-0.0007155101469834335,25601.0,24525.0,143.8966383934021,11.12956690788269,155.0262053012848,23931.0,25616.727272727272
ablation_no_reward_scale,262,11,22,P22,11,8.9125e-05,0.0004460930736968294,25090.0,23281.0,143.46172332763672,11.068540573120117,154.53026390075684,22997.0,24932.454545454544
ablation_no_reward_scale,263,11,23,P23,11,8.908333333333333e-05,0.0003424706140192159,34085.0,36997.0,188.74524688720703,14.757830142974854,203.50307703018188,35482.0,37786.818181818184
ablation_no_reward_scale,264,11,24,P24,11,8.904166666666667e-05,0.0024025336955673994,25124.0,24194.0,128.4373743534088,10.06035566329956,138.49773001670837,24097.0,26365.81818181818
ablation_no_reward_scale,265,12,1,P1,12,8.900000000000001e-05,-0.01781247730832547,6239.0,6239.0,30.519782781600952,2.001659631729126,32.52144241333008,6044.0,6865.916666666667
ablation_no_reward_scale,266,12,2,P2,12,8.895833333333335e-05,0.04175827885046601,9992.0,8966.0,38.27350974082947,2.5056471824645996,40.77915692329407,8374.0,8869.583333333334
ablation_no_reward_scale,267,12,3,P3,12,8.891666666666667e-05,0.03329231473617256,7094.0,7246.0,28.233692169189453,1.8333487510681152,30.06704092025757,5877.0,6787.25
ablation_no_reward_scale,268,12,4,P4,12,8.8875e-05,-0.06857351586222649,3868.0,3828.0,22.043164014816284,1.4151153564453125,23.458279371261597,3828.0,4245.916666666667
ablation_no_reward_scale,269,12,5,P5,12,8.883333333333333e-05,-0.06419294327497482,4441.0,4367.0,23.855209827423096,1.5399816036224365,25.395191431045532,4352.0,4639.916666666667
ablation_no_reward_scale,270,12,6,P6,12,8.879166666666668e-05,0.007050755433738232,4282.0,4127.0,25.061825037002563,1.611246109008789,26.673071146011353,4127.0,4350.75
ablation_no_reward_scale,271,12,7,P7,12,8.875e-05,0.04916457599028945,5809.0,6037.0,36.27568006515503,2.309584140777588,38.58526420593262,6037.0,6618.5
ablation_no_reward_scale,272,12,8,P8,12,8.870833333333334e-05,0.013257044833153486,6061.0,6141.0,31.889851093292236,2.0381739139556885,33.928025007247925,5737.0,6593.833333333333
ablation_no_reward_scale,273,12,9,P9,12,8.866666666666668e-05,-0.01635246176738292,5692.0,5922.0,30.611579656600952,1.9317190647125244,32.54329872131348,5387.0,6118.666666666667
ablation_no_reward_scale,274,12,10,P10,12,8.8625e-05,-0.008277506334707141,5744.0,5684.0,19.500325441360474,1.2727887630462646,20.77311420440674,5658.0,5967.25
ablation_no_reward_scale,275,12,11,P11,12,8.858333333333334e-05,-0.012011611368507147,11389.0,11751.0,37.288477182388306,2.4152963161468506,39.703773498535156,11389.0,11784.916666666666
ablation_no_reward_scale,276,12,12,P12,12,8.854166666666667e-05,0.0016205025676754303,12109.0,12234.0,44.2787024974823,2.938678741455078,47.21738123893738,12234.0,13466.25
ablation_no_reward_scale,277,12,13,P13,12,8.850000000000001e-05,0.013701715040951967,20113.0,19740.0,104.14813089370728,7.618271350860596,111.76640224456787,19622.0,21486.0
ablation_no_reward_scale,278,12,14,P14,12,8.845833333333333e-05,-0.0011606147854763549,22627.0,22821.0,104.46335959434509,7.614351511001587,112.07771110534668,22654.0,24027.75
ablation_no_reward_scale,279,12,15,P15,12,8.841666666666667e-05,-0.0059660408878698945,20310.0,20066.0,108.31420946121216,7.924592018127441,116.2388014793396,20066.0,21134.833333333332
ablation_no_reward_scale,280,12,16,P16,12,8.837500000000001e-05,0.004988666879944504,21555.0,20801.0,131.6550681591034,9.806966781616211,141.4620349407196,20697.0,22383.25
ablation_no_reward_scale,281,12,17,P17,12,8.833333333333333e-05,-0.0005226043744187336,21650.0,21249.0,132.03674387931824,9.974306106567383,142.01104998588562,21249.0,22597.166666666668
ablation_no_reward_scale,282,12,18,P18,12,8.829166666666667e-05,-0.0046588887111283835,20554.0,20664.0,122.93459177017212,9.145693063735962,132.08028483390808,20616.0,21794.583333333332
ablation_no_reward_scale,283,12,19,P19,12,8.825e-05,0.007861598278395832,24019.0,24575.0,126.8808331489563,9.920379877090454,136.80121302604675,23728.0,25227.833333333332
ablation_no_reward_scale,284,12,20,P20,12,8.820833333333334e-05,-0.002956807005102746,23507.0,22833.0,136.07354307174683,10.455186605453491,146.52872967720032,22226.0,23730.583333333332
ablation_no_reward_scale,285,12,21,P21,12,8.816666666666668e-05,0.002044584768009372,25230.0,23984.0,144.35121703147888,11.077156066894531,155.4283730983734,23931.0,25480.666666666668
ablation_no_reward_scale,286,12,22,P22,12,8.8125e-05,-0.0036139762261882423,23878.0,23313.0,142.6087305545807,11.169243812561035,153.77797436714172,22997.0,24797.5
ablation_no_reward_scale,287,12,23,P23,12,8.808333333333334e-05,0.004290985118132085,34160.0,36697.0,190.4690682888031,14.648833274841309,205.1179015636444,35482.0,37696.0
ablation_no_reward_scale,288,12,24,P24,12,8.804166666666666e-05,0.0008679038044647313,24905.0,23923.0,130.4752037525177,9.996243238449097,140.4714469909668,23923.0,26162.25
ablation_no_reward_scale,289,13,1,P1,13,8.800000000000001e-05,0.0030094301255303435,6432.0,6091.0,30.533745765686035,1.961592197418213,32.49533796310425,6044.0,6806.307692307692
ablation_no_reward_scale,290,13,2,P2,13,8.795833333333335e-05,-0.0016637167791486718,9139.0,8966.0,38.33067488670349,2.506138801574707,40.8368136882782,8374.0,8877.0
ablation_no_reward_scale,291,13,3,P3,13,8.791666666666667e-05,0.04516999004408717,7081.0,7386.0,28.028553247451782,1.813307523727417,29.8418607711792,5877.0,6833.307692307692
ablation_no_reward_scale,292,13,4,P4,13,8.787500000000001e-05,-0.02694137440994382,3841.0,3833.0,22.12355065345764,1.4164752960205078,23.54002594947815,3828.0,4214.153846153846
ablation_no_reward_scale,293,13,5,P5,13,8.783333333333333e-05,-0.01575322262942791,4501.0,4437.0,24.243309497833252,1.592118740081787,25.83542823791504,4352.0,4624.307692307692
ablation_no_reward_scale,294,13,6,P6,13,8.779166666666667e-05,-0.014444384025409818,4247.0,4137.0,25.45338463783264,1.6017718315124512,27.055156469345093,4127.0,4334.307692307692
ablation_no_reward_scale,295,13,7,P7,13,8.775e-05,-0.009103012562263757,5915.0,6133.0,35.950899839401245,2.3129982948303223,38.26389813423157,6037.0,6581.153846153846
ablation_no_reward_scale,296,13,8,P8,13,8.770833333333334e-05,0.030968769686296582,6148.0,6038.0,31.842633962631226,2.0275838375091553,33.87021780014038,5737.0,6551.076923076923
ablation_no_reward_scale,297,13,9,P9,13,8.766666666666668e-05,-0.012098542763851583,5696.0,5876.0,30.399841785430908,1.9355442523956299,32.33538603782654,5387.0,6100.0
ablation_no_reward_scale,298,13,10,P10,13,8.7625e-05,-0.029343276284635067,5848.0,5457.0,19.468404293060303,1.2509675025939941,20.719371795654297,5457.0,5928.0
ablation_no_reward_scale,299,13,11,P11,13,8.758333333333334e-05,-0.023782114731147885,11372.0,11880.0,37.09604835510254,2.464970827102661,39.5610191822052,11389.0,11792.23076923077
ablation_no_reward_scale,300,13,12,P12,13,8.754166666666666e-05,0.013694213354028761,12524.0,12035.0,44.87826132774353,3.0016262531280518,47.87988758087158,12035.0,13356.153846153846
ablation_no_reward_scale,301,13,13,P13,13,8.75e-05,0.012453778472263366,20127.0,20123.0,103.42799806594849,7.656915187835693,111.08491325378418,19622.0,21381.153846153848
ablation_no_reward_scale,302,13,14,P14,13,8.745833333333334e-05,-0.003146704751998186,22657.0,22338.0,104.65838027000427,7.615449905395508,112.27383017539978,22338.0,23897.76923076923
ablation_no_reward_scale,303,13,15,P15,13,8.741666666666667e-05,-0.005220018094405532,20431.0,20340.0,108.1254734992981,7.908937692642212,116.03441119194031,20066.0,21073.69230769231
ablation_no_reward_scale,304,13,16,P16,13,8.737500000000001e-05,0.002527512243250385,21528.0,20684.0,131.94380378723145,9.956504583358765,141.9003083705902,20684.0,22252.53846153846
ablation_no_reward_scale,305,13,17,P17,13,8.733333333333333e-05,-0.0019921788516512606,21348.0,21572.0,132.98874855041504,9.929736375808716,142.91848492622375,21249.0,22518.30769230769
ablation_no_reward_scale,306,13,18,P18,13,8.729166666666667e-05,-0.0011426566343288869,20763.0,20912.0,123.84917950630188,9.229902029037476,133.07908153533936,20616.0,21726.69230769231
ablation_no_reward_scale,307,13,19,P19,13,8.725e-05,0.009203330241143703,24849.0,23963.0,126.54430723190308,9.858725547790527,136.4030327796936,23728.0,25130.53846153846
ablation_no_reward_scale,308,13,20,P20,13,8.720833333333333e-05,-0.006099965167231857,23590.0,22658.0,135.27367568016052,10.479060649871826,145.75273633003235,22226.0,23648.076923076922
ablation_no_reward_scale,309,13,21,P21,13,8.716666666666668e-05,0.001725834936951287,24830.0,23978.0,144.283695936203,11.191609382629395,155.4753053188324,23931.0,25365.076923076922
ablation_no_reward_scale,310,13,22,P22,13,8.7125e-05,-0.0024096217297483236,24088.0,23290.0,142.82204794883728,11.113458633422852,153.93550658226013,22997.0,24681.53846153846
ablation_no_reward_scale,311,13,23,P23,13,8.708333333333334e-05,0.0037031471957951517,34102.0,36847.0,188.4412076473236,14.646371841430664,203.08757948875427,35482.0,37630.692307692305
ablation_no_reward_scale,312,13,24,P24,13,8.704166666666666e-05,0.000312813172058668,24684.0,23963.0,130.2718243598938,10.10016942024231,140.3719937801361,23923.0,25993.076923076922
ablation_no_reward_scale,313,14,1,P1,14,8.7e-05,0.003599288102122955,6530.0,6044.0,30.16293239593506,1.963301181793213,32.12623357772827,6044.0,6751.857142857143
ablation_no_reward_scale,314,14,2,P2,14,8.695833333333334e-05,-0.005930991494096816,8708.0,8466.0,38.514267921447754,2.4979584217071533,41.01222634315491,8374.0,8847.642857142857
ablation_no_reward_scale,315,14,3,P3,14,8.691666666666667e-05,0.026508808601647615,6795.0,7172.0,28.136404991149902,1.784752368927002,29.921157360076904,5877.0,6857.5
ablation_no_reward_scale,316,14,4,P4,14,8.687500000000001e-05,0.016555188689380884,3878.0,3775.0,22.19190526008606,1.4210803508758545,23.612985610961914,3775.0,4182.785714285715
ablation_no_reward_scale,317,14,5,P5,14,8.683333333333335e-05,-0.006310971453785896,4392.0,4262.0,24.26501774787903,1.5528404712677002,25.81785821914673,4262.0,4598.428571428572
ablation_no_reward_scale,318,14,6,P6,14,8.679166666666667e-05,-0.003982221009209752,4377.0,4297.0,25.008646726608276,1.6043570041656494,26.613003730773926,4127.0,4331.642857142857
ablation_no_reward_scale,319,14,7,P7,14,8.675e-05,-0.008188416308257729,5900.0,6052.0,37.21805739402771,2.3585093021392822,39.57656669616699,6037.0,6543.357142857143
ablation_no_reward_scale,320,14,8,P8,14,8.670833333333333e-05,0.008806328289210796,5947.0,6108.0,32.333404779434204,2.0289974212646484,34.36240220069885,5737.0,6519.428571428572
ablation_no_reward_scale,321,14,9,P9,14,8.666666666666667e-05,0.010980564286001027,5693.0,5865.0,30.188395738601685,1.9123525619506836,32.10074830055237,5387.0,6083.214285714285
ablation_no_reward_scale,322,14,10,P10,14,8.6625e-05,-0.06423896178603172,5608.0,5557.0,19.117568492889404,1.2850923538208008,20.402660846710205,5457.0,5901.5
ablation_no_reward_scale,323,14,11,P11,14,8.658333333333334e-05,-0.032648642314597964,11372.0,11880.0,36.910216331481934,2.435980796813965,39.3461971282959,11389.0,11798.5
ablation_no_reward_scale,324,14,12,P12,14,8.654166666666668e-05,0.010320323635824025,12198.0,12193.0,44.25042247772217,2.922865152359009,47.17328763008118,12035.0,13273.07142857143
ablation_no_reward_scale,325,14,13,P13,14,8.65e-05,0.018900859053246677,19842.0,19931.0,103.83288979530334,7.534760475158691,111.36765027046204,19622.0,21277.571428571428
ablation_no_reward_scale,326,14,14,P14,14,8.645833333333334e-05,-0.002406181674814434,22563.0,22663.0,104.08921217918396,7.624009847640991,111.71322202682495,22338.0,23809.571428571428
ablation_no_reward_scale,327,14,15,P15,14,8.641666666666666e-05,-0.007013391121290624,20262.0,20403.0,108.30983471870422,7.906121015548706,116.21595573425293,20066.0,21025.785714285714
ablation_no_reward_scale,328,14,16,P16,14,8.637500000000001e-05,0.00439816607395187,21615.0,20933.0,130.73445892333984,9.874387979507446,140.6088469028473,20684.0,22158.285714285714
ablation_no_reward_scale,329,14,17,P17,14,8.633333333333334e-05,-0.0030259103572461755,21428.0,21444.0,132.92945837974548,9.872344732284546,142.80180311203003,21249.0,22441.571428571428
ablation_no_reward_scale,330,14,18,P18,14,8.629166666666667e-05,-0.00042586621129885315,20563.0,20934.0,122.32170867919922,9.21541166305542,131.53712034225464,20616.0,21670.071428571428
ablation_no_reward_scale,331,14,19,P19,14,8.625000000000001e-05,0.012806770065799356,25330.0,24644.0,126.68704557418823,9.799413681030273,136.4864592552185,23728.0,25095.785714285714
ablation_no_reward_scale,332,14,20,P20,14,8.620833333333333e-05,-0.010030601499602198,23968.0,22677.0,136.1333703994751,10.50068736076355,146.63405776023865,22226.0,23578.714285714286
ablation_no_reward_scale,333,14,21,P21,14,8.616666666666667e-05,0.001630751158518251,24780.0,23965.0,143.47422671318054,11.091067790985107,154.56529450416565,23931.0,25265.071428571428
ablation_no_reward_scale,334,14,22,P22,14,8.6125e-05,0.00020335002773208544,24748.0,23149.0,142.5414776802063,11.120198488235474,153.66167616844177,22997.0,24572.071428571428
ablation_no_reward_scale,335,14,23,P23,14,8.608333333333334e-05,0.000572600718961829,33758.0,37120.0,188.94511651992798,14.585710763931274,203.53082728385925,35482.0,37594.21428571428
ablation_no_reward_scale,336,14,24,P24,14,8.604166666666667e-05,0.0036969522421713918,24880.0,24106.0,129.68061327934265,10.285070180892944,139.9656834602356,23923.0,25858.285714285714
ablation_no_reward_scale,337,15,1,P1,15,8.6e-05,-0.008258955320343375,6324.0,6184.0,30.342223405838013,2.001542568206787,32.3437659740448,6044.0,6714.0
ablation_no_reward_scale,338,15,2,P2,15,8.595833333333334e-05,-0.006619233347009867,8708.0,8752.0,38.69879603385925,2.5270962715148926,41.225892305374146,8374.0,8841.266666666666
ablation_no_reward_scale,339,15,3,P3,15,8.591666666666666e-05,0.03347049793228507,6720.0,7236.0,27.707552433013916,1.8244237899780273,29.531976222991943,5877.0,6882.733333333334
ablation_no_reward_scale,340,15,4,P4,15,8.5875e-05,-0.003027101280167699,3735.0,3765.0,21.923439741134644,1.4136126041412354,23.33705234527588,3765.0,4154.933333333333
ablation_no_reward_scale,341,15,5,P5,15,8.583333333333334e-05,-0.011564404238015413,4394.0,4342.0,24.220160961151123,1.5454680919647217,25.765629053115845,4262.0,4581.333333333333
ablation_no_reward_scale,342,15,6,P6,15,8.579166666666667e-05,-0.007036867551505566,4147.0,4128.0,24.93859076499939,1.6079792976379395,26.54657006263733,4127.0,4318.066666666667
ablation_no_reward_scale,343,15,7,P7,15,8.575000000000001e-05,-0.01157915685325861,5820.0,6117.0,36.27196931838989,2.3122875690460205,38.58425688743591,6037.0,6514.933333333333
ablation_no_reward_scale,344,15,8,P8,15,8.570833333333333e-05,0.028450143057852983,6030.0,6148.0,32.150405406951904,2.0445337295532227,34.19493913650513,5737.0,6494.666666666667
ablation_no_reward_scale,345,15,9,P9,15,8.566666666666667e-05,0.0031304199364967644,5883.0,5876.0,30.144344568252563,1.9599013328552246,32.10424590110779,5387.0,6069.4
ablation_no_reward_scale,346,15,10,P10,15,8.5625e-05,-0.03602537792176008,5663.0,5577.0,19.749568462371826,1.271730899810791,21.021299362182617,5457.0,5879.866666666667
ablation_no_reward_scale,347,15,11,P11,15,8.558333333333333e-05,-0.022012828150764108,11372.0,11750.0,37.322277784347534,2.4513750076293945,39.77365279197693,11389.0,11795.266666666666
ablation_no_reward_scale,348,15,12,P12,15,8.554166666666668e-05,0.006792052881792188,12441.0,12493.0,43.94324064254761,2.939615249633789,46.8828558921814,12035.0,13221.066666666668
ablation_no_reward_scale,349,15,13,P13,15,8.55e-05,0.01442904572468251,19947.0,20079.0,103.68317914009094,7.5747880935668945,111.25796723365784,19622.0,21197.666666666668
ablation_no_reward_scale,350,15,14,P14,15,8.545833333333334e-05,0.0017012167872962891,22775.0,22708.0,103.72109055519104,7.551334857940674,111.27242541313171,22338.0,23736.133333333335
ablation_no_reward_scale,351,15,15,P15,15,8.541666666666666e-05,-0.010874556668568403,20374.0,20304.0,108.88869166374207,7.985795736312866,116.87448740005493,20066.0,20977.666666666668
ablation_no_reward_scale,352,15,16,P16,15,8.5375e-05,0.006619060365483165,21638.0,20969.0,131.31769323349,9.918649911880493,141.23634314537048,20684.0,22079.0
ablation_no_reward_scale,353,15,17,P17,15,8.533333333333334e-05,-0.0023915489728096873,21777.0,21956.0,131.96016788482666,9.984496593475342,141.944664478302,21249.0,22409.2
ablation_no_reward_scale,354,15,18,P18,15,8.529166666666668e-05,-0.0013132139967638068,20743.0,20889.0,123.10646080970764,9.326118469238281,132.43257927894592,20616.0,21618.0
ablation_no_reward_scale,355,15,19,P19,15,8.525000000000001e-05,0.009153281524777412,24791.0,24604.0,126.49369072914124,9.690268516540527,136.18395924568176,23728.0,25063.0
ablation_no_reward_scale,356,15,20,P20,15,8.520833333333334e-05,-0.007308334414847195,23733.0,22766.0,135.06985592842102,10.49920654296875,145.56906247138977,22226.0,23524.533333333333
ablation_no_reward_scale,357,15,21,P21,15,8.516666666666667e-05,0.002436398209829349,24883.0,23914.0,144.3040370941162,11.199104309082031,155.50314140319824,23914.0,25175.0
ablation_no_reward_scale,358,15,22,P22,15,8.512500000000001e-05,-0.0017357436459860764,23893.0,23264.0,143.01505517959595,11.247596502304077,154.26265168190002,22997.0,24484.866666666665
ablation_no_reward_scale,359,15,23,P23,15,8.508333333333333e-05,0.0015136842869521519,33168.0,36847.0,189.1317584514618,14.642823934555054,203.77458238601685,35482.0,37544.4
ablation_no_reward_scale,360,15,24,P24,15,8.504166666666667e-05,0.0032882242172490805,24501.0,23903.0,129.5228786468506,10.051022052764893,139.57390069961548,23903.0,25727.933333333334
ablation_no_reward_scale,361,16,1,P1,16,8.5e-05,-0.00586612697225064,6184.0,6239.0,30.30117130279541,1.9705581665039062,32.271729469299316,6044.0,6684.3125
ablation_no_reward_scale,362,16,2,P2,16,8.495833333333334e-05,0.010108443791978061,8922.0,8752.0,38.59280586242676,2.543400287628174,41.13620615005493,8374.0,8835.6875
ablation_no_reward_scale,363,16,3,P3,16,8.491666666666667e-05,0.02610473637469113,6934.0,7163.0,27.753947496414185,1.80855131149292,29.562498807907104,5877.0,6900.25
ablation_no_reward_scale,364,16,4,P4,16,8.4875e-05,-0.035872952081263065,3813.0,3865.0,22.265472888946533,1.426110029220581,23.691582918167114,3765.0,4136.8125
ablation_no_reward_scale,365,16,5,P5,16,8.483333333333334e-05,-0.009948481572791934,4389.0,4322.0,24.35843062400818,1.5519294738769531,25.910360097885132,4262.0,4565.125
ablation_no_reward_scale,366,16,6,P6,16,8.479166666666666e-05,0.026834037620574236,4197.0,4137.0,25.118233680725098,1.6033978462219238,26.72163152694702,4127.0,4306.75
ablation_no_reward_scale,367,16,7,P7,16,8.475000000000001e-05,0.019528286065906286,5876.0,6152.0,35.80739402770996,2.2832748889923096,38.09066891670227,6037.0,6492.25
ablation_no_reward_scale,368,16,8,P8,16,8.470833333333334e-05,0.005822846957016736,6121.0,6160.0,31.796376705169678,2.0498671531677246,33.8462438583374,5737.0,6473.75
ablation_no_reward_scale,369,16,9,P9,16,8.466666666666667e-05,-0.004785934492247179,5783.0,5989.0,30.287450075149536,1.9301948547363281,32.217644929885864,5387.0,6064.375
ablation_no_reward_scale,370,16,10,P10,16,8.4625e-05,-0.08464659377932549,5568.0,5580.0,19.503337860107422,1.2683765888214111,20.771714448928833,5457.0,5861.125
ablation_no_reward_scale,371,16,11,P11,16,8.458333333333333e-05,-0.014153774245642126,11620.0,11490.0,36.9162654876709,2.4407260417938232,39.35699152946472,11389.0,11776.1875
ablation_no_reward_scale,372,16,12,P12,16,8.454166666666667e-05,0.03916572639718652,12562.0,12324.0,44.79588794708252,2.8995094299316406,47.69539737701416,12035.0,13165.0
ablation_no_reward_scale,373,16,13,P13,16,8.450000000000001e-05,-0.005477084894664586,19883.0,19984.0,103.64820504188538,7.584464073181152,111.23266911506653,19622.0,21121.8125
ablation_no_reward_scale,374,16,14,P14,16,8.445833333333334e-05,0.0012167867052994552,22762.0,22280.0,103.4008800983429,7.695345640182495,111.09622573852539,22280.0,23645.125
ablation_no_reward_scale,375,16,15,P15,16,8.441666666666668e-05,0.00205052185083332,20389.0,20336.0,107.21396613121033,8.032350063323975,115.2463161945343,20066.0,20937.5625
ablation_no_reward_scale,376,16,16,P16,16,8.4375e-05,0.0020055335884535453,21614.0,21134.0,131.28324174880981,9.856090068817139,141.13933181762695,20684.0,22019.9375
ablation_no_reward_scale,377,16,17,P17,16,8.433333333333333e-05,-0.0019726475497009234,21484.0,21696.0,130.87325716018677,9.918318748474121,140.7915759086609,21249.0,22364.625
ablation_no_reward_scale,378,16,18,P18,16,8.429166666666666e-05,-0.005403573496732861,20451.0,20673.0,122.77299165725708,9.234444856643677,132.00743651390076,20616.0,21558.9375
ablation_no_reward_scale,379,16,19,P19,16,8.425e-05,0.007987041701562702,24220.0,24371.0,125.80788373947144,9.858947515487671,135.6668312549591,23728.0,25019.75
ablation_no_reward_scale,380,16,20,P20,16,8.420833333333334e-05,-0.004279349220450967,23188.0,22426.0,136.70975255966187,10.500673532485962,147.21042609214783,22226.0,23455.875
ablation_no_reward_scale,381,16,21,P21,16,8.416666666666668e-05,0.0005706800875486806,24260.0,23988.0,144.6154375076294,11.129005670547485,155.74444317817688,23914.0,25100.8125
ablation_no_reward_scale,382,16,22,P22,16,8.412500000000001e-05,0.00264961847133236,23879.0,23233.0,142.1736545562744,11.096906185150146,153.27056074142456,22997.0,24406.625
ablation_no_reward_scale,383,16,23,P23,16,8.408333333333334e-05,0.0019052857073152804,34733.0,36847.0,187.5383656024933,14.657614469528198,202.19598007202148,35482.0,37500.8125
ablation_no_reward_scale,384,16,24,P24,16,8.404166666666667e-05,-0.003834129887400195,24420.0,23975.0,129.76818871498108,10.013331651687622,139.7815203666687,23903.0,25618.375
ablation_no_reward_scale,385,17,1,P1,17,8.4e-05,-0.001310250416281633,6375.0,6324.0,30.2852840423584,1.9536547660827637,32.23893880844116,6044.0,6663.117647058823
ablation_no_reward_scale,386,17,2,P2,17,8.395833333333333e-05,-0.004125258652493358,8708.0,8752.0,38.190696477890015,2.5197086334228516,40.710405111312866,8374.0,8830.764705882353
ablation_no_reward_scale,387,17,3,P3,17,8.391666666666667e-05,0.02751292008906603,6731.0,7163.0,28.160227298736572,1.84248685836792,30.002714157104492,5877.0,6915.705882352941
ablation_no_reward_scale,388,17,4,P4,17,8.3875e-05,-0.018798309843987226,3794.0,3835.0,22.202449798583984,1.4229981899261475,23.625447988510132,3765.0,4119.058823529412
ablation_no_reward_scale,389,17,5,P5,17,8.383333333333334e-05,-0.017674632370471954,4282.0,4237.0,24.378333568572998,1.5690264701843262,25.947360038757324,4237.0,4545.823529411765
ablation_no_reward_scale,390,17,6,P6,17,8.379166666666667e-05,-0.0028907007072120905,4114.0,4137.0,25.315541744232178,1.6132731437683105,26.92881488800049,4127.0,4296.764705882353
ablation_no_reward_scale,391,17,7,P7,17,8.375e-05,0.027981299674138427,5871.0,6150.0,36.14717650413513,2.3571014404296875,38.50427794456482,6037.0,6472.117647058823
ablation_no_reward_scale,392,17,8,P8,17,8.370833333333334e-05,-0.00848910229979083,5785.0,5961.0,31.87947106361389,2.0268666744232178,33.90633773803711,5737.0,6443.588235294118
ablation_no_reward_scale,393,17,9,P9,17,8.366666666666668e-05,0.011047091975342482,5753.0,5876.0,30.20238733291626,1.919480562210083,32.12186789512634,5387.0,6053.294117647059
ablation_no_reward_scale,394,17,10,P10,17,8.3625e-05,-0.049944065511226654,5650.0,5535.0,19.19493317604065,1.2719733715057373,20.466906547546387,5457.0,5841.941176470588
ablation_no_reward_scale,395,17,11,P11,17,8.358333333333334e-05,-0.027497329050675035,11571.0,11434.0,36.93920707702637,2.4371163845062256,39.37632346153259,11389.0,11756.058823529413
ablation_no_reward_scale,396,17,12,P12,17,8.354166666666667e-05,0.022937895264476538,12622.0,12301.0,44.19307279586792,2.9518685340881348,47.144941329956055,12035.0,13114.176470588236
ablation_no_reward_scale,397,17,13,P13,17,8.35e-05,0.008648150746012107,19696.0,19946.0,103.7080557346344,7.600243091583252,111.30829882621765,19622.0,21052.647058823528
ablation_no_reward_scale,398,17,14,P14,17,8.345833333333333e-05,0.0012178887918707915,22869.0,22678.0,103.44503927230835,7.602391719818115,111.04743099212646,22280.0,23588.235294117647
ablation_no_reward_scale,399,17,15,P15,17,8.341666666666667e-05,-0.007429051271174103,20278.0,19951.0,107.94754767417908,7.920471668243408,115.86801934242249,19951.0,20879.529411764706
ablation_no_reward_scale,400,17,16,P16,17,8.337500000000001e-05,0.001294364023488015,21362.0,20804.0,130.64729285240173,9.757360458374023,140.40465331077576,20684.0,21948.41176470588
ablation_no_reward_scale,401,17,17,P17,17,8.333333333333334e-05,-0.0017777039669454099,21343.0,21696.0,132.0835883617401,9.892914772033691,141.9765031337738,21249.0,22325.29411764706
ablation_no_reward_scale,402,17,18,P18,17,8.329166666666667e-05,-0.00019171480744262226,20548.0,20581.0,123.29954409599304,9.277063608169556,132.5766077041626,20581.0,21501.41176470588
ablation_no_reward_scale,403,17,19,P19,17,8.325e-05,0.007679588976316154,24310.0,24269.0,126.83233714103699,9.766557455062866,136.59889459609985,23728.0,24975.58823529412
ablation_no_reward_scale,404,17,20,P20,17,8.320833333333333e-05,-0.008208239288069307,22835.0,22361.0,135.3811011314392,10.554345846176147,145.93544697761536,22226.0,23391.470588235294
ablation_no_reward_scale,405,17,21,P21,17,8.316666666666666e-05,0.005402519251219928,24363.0,23904.0,143.55312705039978,11.099646091461182,154.65277314186096,23904.0,25030.41176470588
ablation_no_reward_scale,406,17,22,P22,17,8.312500000000001e-05,-0.0012538100716483313,24138.0,23079.0,142.0074427127838,11.100956678390503,153.10839939117432,22997.0,24328.529411764706
ablation_no_reward_scale,407,17,23,P23,17,8.308333333333334e-05,0.0032709550079224364,33778.0,36697.0,188.91118669509888,14.638197660446167,203.54938435554504,35482.0,37453.529411764706
ablation_no_reward_scale,408,17,24,P24,17,8.304166666666667e-05,0.0015367392799817026,24422.0,23775.0,127.95757460594177,10.041032791137695,137.99860739707947,23775.0,25509.941176470587
ablation_no_reward_scale,409,18,1,P1,18,8.3e-05,-0.01124113705009222,6215.0,6239.0,30.42391014099121,1.9657001495361328,32.389610290527344,6044.0,6639.555555555556
ablation_no_reward_scale,410,18,2,P2,18,8.295833333333333e-05,0.009954245178960264,8925.0,8698.0,38.840736627578735,2.573760986328125,41.41449761390686,8374.0,8823.388888888889
ablation_no_reward_scale,411,18,3,P3,18,8.291666666666666e-05,0.03439570846967399,6958.0,7246.0,27.852169036865234,1.8069753646850586,29.659144401550293,5877.0,6934.055555555556
ablation_no_reward_scale,412,18,4,P4,18,8.287500000000001e-05,-0.021560618188232183,3838.0,3803.0,22.092984437942505,1.4250714778900146,23.51805591583252,3765.0,4101.5
ablation_no_reward_scale,413,18,5,P5,18,8.283333333333335e-05,-0.022687426302582026,4367.0,4237.0,24.364914655685425,1.542891502380371,25.907806158065796,4237.0,4528.666666666667
ablation_no_reward_scale,414,18,6,P6,18,8.279166666666667e-05,-0.006958127720281482,4193.0,4177.0,25.198634147644043,1.6125373840332031,26.811171531677246,4127.0,4290.111111111111
ablation_no_reward_scale,415,18,7,P7,18,8.275e-05,0.010930165532045066,5917.0,6140.0,36.09333848953247,2.3242931365966797,38.41763162612915,6037.0,6453.666666666667
ablation_no_reward_scale,416,18,8,P8,18,8.270833333333334e-05,0.022126882802695036,6058.0,6108.0,31.70700764656067,2.0349807739257812,33.74198842048645,5737.0,6424.944444444444
ablation_no_reward_scale,417,18,9,P9,18,8.266666666666667e-05,-0.012779473443515599,5781.0,5865.0,30.454309940338135,1.9680190086364746,32.42232894897461,5387.0,6042.833333333333
ablation_no_reward_scale,418,18,10,P10,18,8.2625e-05,-0.058473220095038414,5548.0,5580.0,19.6144597530365,1.257354974746704,20.871814727783203,5457.0,5827.388888888889
ablation_no_reward_scale,419,18,11,P11,18,8.258333333333334e-05,-0.006745551130734384,11573.0,11490.0,36.68625283241272,2.399322271347046,39.085575103759766,11389.0,11741.277777777777
ablation_no_reward_scale,420,18,12,P12,18,8.254166666666668e-05,0.01211147103458643,12346.0,12101.0,44.355560302734375,2.915271759033203,47.27083206176758,12035.0,13057.888888888889
ablation_no_reward_scale,421,18,13,P13,18,8.25e-05,0.013757710170466453,19615.0,20098.0,103.40747833251953,7.555636167526245,110.96311450004578,19622.0,20999.61111111111
ablation_no_reward_scale,422,18,14,P14,18,8.245833333333334e-05,-0.002175060541048879,22168.0,22501.0,103.42945599555969,7.5668768882751465,110.99633288383484,22280.0,23527.833333333332
ablation_no_reward_scale,423,18,15,P15,18,8.241666666666667e-05,-0.002496750157661154,20253.0,20303.0,107.66207647323608,7.9205029010772705,115.58257937431335,19951.0,20847.5
ablation_no_reward_scale,424,18,16,P16,18,8.2375e-05,0.000929247076419415,20973.0,20683.0,131.5254681110382,9.778241872787476,141.30370998382568,20683.0,21878.11111111111
ablation_no_reward_scale,425,18,17,P17,18,8.233333333333333e-05,0.0011681109652272425,21298.0,21696.0,131.96271204948425,10.031009912490845,141.9937219619751,21249.0,22290.333333333332
ablation_no_reward_scale,426,18,18,P18,18,8.229166666666667e-05,-0.003932748979423195,20418.0,20540.0,122.49332523345947,9.288344383239746,131.78166961669922,20540.0,21448.0
ablation_no_reward_scale,427,18,19,P19,18,8.225000000000001e-05,0.010028923070058227,24611.0,24525.0,127.50499415397644,9.784301042556763,137.2892951965332,23728.0,24950.555555555555
ablation_no_reward_scale,428,18,20,P20,18,8.220833333333333e-05,-0.008005797350779175,23206.0,22671.0,135.44136571884155,10.468309164047241,145.9096748828888,22226.0,23351.444444444445
ablation_no_reward_scale,429,18,21,P21,18,8.216666666666667e-05,0.0034793481521774084,24605.0,23671.0,143.41825771331787,11.079112768173218,154.4973704814911,23671.0,24954.88888888889
ablation_no_reward_scale,430,18,22,P22,18,8.2125e-05,-0.001957646144728642,24069.0,23189.0,143.00079822540283,11.216998100280762,154.2177963256836,22997.0,24265.222222222223
ablation_no_reward_scale,431,18,23,P23,18,8.208333333333334e-05,0.0042431912401558036,34747.0,36847.0,187.1344711780548,14.677639722824097,201.8121109008789,35482.0,37419.833333333336
ablation_no_reward_scale,432,18,24,P24,18,8.204166666666668e-05,-0.0018661736903595738,24369.0,24207.0,128.69456243515015,10.05606985092163,138.75063228607178,23775.0,25437.555555555555
ablation_no_reward_scale,433,19,1,P1,19,8.200000000000001e-05,-0.0167824033414945,6184.0,6218.0,30.334699869155884,1.9823048114776611,32.317004680633545,6044.0,6617.368421052632
ablation_no_reward_scale,434,19,2,P2,19,8.195833333333334e-05,0.01273590070195496,8922.0,8966.0,38.318368911743164,2.509223461151123,40.82759237289429,8374.0,8830.894736842105
ablation_no_reward_scale,435,19,3,P3,19,8.191666666666666e-05,0.02973362966440618,6760.0,7190.0,28.002387046813965,1.813020944595337,29.8154079914093,5877.0,6947.526315789473
ablation_no_reward_scale,436,19,4,P4,19,8.1875e-05,-0.0032186766038648784,3866.0,3831.0,22.286824464797974,1.4368748664855957,23.72369933128357,3765.0,4087.2631578947367
ablation_no_reward_scale,437,19,5,P5,19,8.183333333333333e-05,-0.012059008702635765,4347.0,4467.0,24.184001207351685,1.538153886795044,25.72215509414673,4237.0,4525.421052631579
ablation_no_reward_scale,438,19,6,P6,19,8.179166666666667e-05,-0.010066831717267632,4184.0,4197.0,25.05442476272583,1.6050879955291748,26.659512758255005,4127.0,4285.210526315789
ablation_no_reward_scale,439,19,7,P7,19,8.175000000000001e-05,0.010046161769423634,6117.0,6081.0,36.06905794143677,2.337188243865967,38.406246185302734,6037.0,6434.0526315789475
ablation_no_reward_scale,440,19,8,P8,19,8.170833333333335e-05,0.016043350682593882,6321.0,6104.0,32.14358472824097,2.0457634925842285,34.189348220825195,5737.0,6408.0526315789475
ablation_no_reward_scale,441,19,9,P9,19,8.166666666666667e-05,-0.019271143712103367,5850.0,5876.0,30.260782957077026,1.9323408603668213,32.19312381744385,5387.0,6034.0526315789475
ablation_no_reward_scale,442,19,10,P10,19,8.1625e-05,-0.03027172526344657,5732.0,5457.0,19.298227548599243,1.271207571029663,20.569435119628906,5457.0,5807.894736842105
ablation_no_reward_scale,443,19,11,P11,19,8.158333333333333e-05,-0.024788389448076487,11598.0,11620.0,36.87099242210388,2.4502620697021484,39.32125449180603,11389.0,11734.894736842105
ablation_no_reward_scale,444,19,12,P12,19,8.154166666666667e-05,0.010355129023082554,12238.0,12348.0,44.70022392272949,2.901027202606201,47.60125112533569,12035.0,13020.526315789473
ablation_no_reward_scale,445,19,13,P13,19,8.15e-05,0.028398097958415747,20579.0,19991.0,102.71062994003296,7.566525459289551,110.27715539932251,19622.0,20946.526315789473
ablation_no_reward_scale,446,19,14,P14,19,8.145833333333334e-05,-0.01221569610061124,22609.0,22353.0,104.64247918128967,7.727125883102417,112.36960506439209,22280.0,23466.0
ablation_no_reward_scale,447,19,15,P15,19,8.141666666666668e-05,-0.002198780744947726,20299.0,20522.0,106.82789087295532,7.922938585281372,114.7508294582367,19951.0,20830.36842105263
ablation_no_reward_scale,448,19,16,P16,19,8.1375e-05,0.002827101113507524,21265.0,20672.0,131.11689257621765,9.863364934921265,140.98025751113892,20672.0,21814.63157894737
ablation_no_reward_scale,449,19,17,P17,19,8.133333333333334e-05,0.0009222177744959481,21431.0,21734.0,131.7408890724182,9.948790550231934,141.68967962265015,21249.0,22261.052631578947
ablation_no_reward_scale,450,19,18,P18,19,8.129166666666667e-05,-0.0038567742449231446,20609.0,20700.0,123.48337507247925,9.235503435134888,132.71887850761414,20540.0,21408.63157894737
ablation_no_reward_scale,451,19,19,P19,19,8.125000000000001e-05,0.010019786935299636,24499.0,24216.0,127.00990915298462,9.818238019943237,136.82814717292786,23728.0,24911.894736842107
ablation_no_reward_scale,452,19,20,P20,19,8.120833333333333e-05,-0.006706521590240299,23356.0,22628.0,135.52750539779663,10.475862503051758,146.0033679008484,22226.0,23313.36842105263
ablation_no_reward_scale,453,19,21,P21,19,8.116666666666667e-05,0.003543062973767519,24995.0,23808.0,144.3844449520111,11.121020317077637,155.50546526908875,23671.0,24894.526315789473
ablation_no_reward_scale,454,19,22,P22,19,8.112500000000001e-05,-0.0026167131873080507,24136.0,23255.0,142.47977375984192,11.123236656188965,153.60301041603088,22997.0,24212.052631578947
ablation_no_reward_scale,455,19,23,P23,19,8.108333333333333e-05,0.004097950994037092,34744.0,36997.0,187.46359968185425,14.665271759033203,202.12887144088745,35482.0,37397.57894736842
ablation_no_reward_scale,456,19,24,P24,19,8.104166666666667e-05,-0.0024853028502548114,24176.0,24148.0,129.0014922618866,10.063323974609375,139.06481623649597,23775.0,25369.684210526317
ablation_no_reward_scale,457,20,1,P1,20,8.1e-05,0.008327575633302331,6564.0,6226.0,30.410316228866577,1.9719882011413574,32.382304430007935,6044.0,6597.8
ablation_no_reward_scale,458,20,2,P2,20,8.095833333333334e-05,-0.006888459960464388,8938.0,8752.0,38.235865116119385,2.505617618560791,40.741482734680176,8374.0,8826.95
ablation_no_reward_scale,459,20,3,P3,20,8.091666666666668e-05,0.014677470782771707,6750.0,7373.0,27.86840033531189,1.8064076900482178,29.674808025360107,5877.0,6968.8
ablation_no_reward_scale,460,20,4,P4,20,8.0875e-05,-0.0024367048172280192,3863.0,3768.0,22.086414337158203,1.423271894454956,23.50968623161316,3765.0,4071.3
ablation_no_reward_scale,461,20,5,P5,20,8.083333333333334e-05,-0.0006060887826606631,4317.0,4322.0,24.50016975402832,1.5551226139068604,26.05529236793518,4237.0,4515.25
ablation_no_reward_scale,462,20,6,P6,20,8.079166666666666e-05,-0.0032920996309258044,4153.0,4122.0,25.145750999450684,1.650996446609497,26.79674744606018,4122.0,4277.05
ablation_no_reward_scale,463,20,7,P7,20,8.075e-05,0.0003459974359429907,6004.0,6115.0,36.588305711746216,2.3533029556274414,38.94160866737366,6037.0,6418.1
ablation_no_reward_scale,464,20,8,P8,20,8.070833333333335e-05,0.011618875083513558,5882.0,6086.0,31.745071172714233,1.9300665855407715,33.675137758255005,5737.0,6391.95
ablation_no_reward_scale,465,20,9,P9,20,8.066666666666667e-05,0.012601740832906216,5929.0,5836.0,30.16741156578064,1.9268603324890137,32.09427189826965,5387.0,6024.15
ablation_no_reward_scale,466,20,10,P10,20,8.062500000000001e-05,-0.050549608655273914,5659.0,5588.0,19.54032278060913,1.2786548137664795,20.81897759437561,5457.0,5796.9
ablation_no_reward_scale,467,20,11,P11,20,8.058333333333335e-05,-0.023906936636194587,11570.0,11620.0,37.04761528968811,2.443005323410034,39.490620613098145,11389.0,11729.15
ablation_no_reward_scale,468,20,12,P12,20,8.054166666666667e-05,0.010689940652810037,12381.0,11990.0,44.63517379760742,2.9154000282287598,47.55057382583618,11990.0,12969.0
ablation_no_reward_scale,469,20,13,P13,20,8.049999999999999e-05,0.013146959710866213,19944.0,20297.0,102.94403314590454,7.579981565475464,110.52401471138,19622.0,20914.05
ablation_no_reward_scale,470,20,14,P14,20,8.045833333333334e-05,-0.0049139893089886755,22207.0,22347.0,103.11262941360474,7.607999563217163,110.7206289768219,22280.0,23410.05
ablation_no_reward_scale,471,20,15,P15,20,8.041666666666668e-05,-0.0047238039842341095,20312.0,20496.0,107.47606325149536,7.903988361358643,115.380051612854,19951.0,20813.65
ablation_no_reward_scale,472,20,16,P16,20,8.0375e-05,0.0013184250921767671,21127.0,20949.0,130.45715737342834,9.838696479797363,140.2958538532257,20672.0,21771.35
ablation_no_reward_scale,473,20,17,P17,20,8.033333333333334e-05,-0.0009400556140462868,21501.0,21436.0,131.5605490207672,9.907169580459595,141.4677186012268,21249.0,22219.8
ablation_no_reward_scale,474,20,18,P18,20,8.029166666666668e-05,0.0019484853488393127,20826.0,20691.0,122.93124032020569,9.300803661346436,132.23204398155212,20540.0,21372.75
ablation_no_reward_scale,475,20,19,P19,20,8.025e-05,0.006845489400438965,24779.0,24097.0,126.49227809906006,9.754486560821533,136.2467646598816,23728.0,24871.15
ablation_no_reward_scale,476,20,20,P20,20,8.020833333333334e-05,-0.00980431498028338,22866.0,22616.0,135.24541544914246,10.504078149795532,145.749493598938,22226.0,23278.5
ablation_no_reward_scale,477,20,21,P21,20,8.016666666666667e-05,0.005012326827272773,23963.0,23735.0,142.8919973373413,11.091328859329224,153.98332619667053,23671.0,24836.55
ablation_no_reward_scale,478,20,22,P22,20,8.012500000000001e-05,-0.0033160843537189066,23523.0,23094.0,142.64374160766602,11.330812215805054,153.97455382347107,22997.0,24156.15
ablation_no_reward_scale,479,20,23,P23,20,8.008333333333333e-05,0.007048136155520167,34909.0,36997.0,187.4330883026123,14.610957860946655,202.04404616355896,35482.0,37377.55
ablation_no_reward_scale,480,20,24,P24,20,8.004166666666667e-05,-0.0021617512436932886,23894.0,24052.0,128.92607307434082,10.09353256225586,139.01960563659668,23775.0,25303.8
ablation_no_reward_scale,481,21,1,P1,21,8e-05,-0.013006109511479735,6222.0,6044.0,30.598776817321777,1.9740240573883057,32.57280087471008,6044.0,6571.428571428572
ablation_no_reward_scale,482,21,2,P2,21,7.995833333333333e-05,0.0030046277242945507,8708.0,8565.0,38.75430607795715,2.5150203704833984,41.26932644844055,8374.0,8814.47619047619
ablation_no_reward_scale,483,21,3,P3,21,7.991666666666667e-05,0.04017798649147153,6999.0,7172.0,27.855480432510376,1.7965669631958008,29.652047395706177,5877.0,6978.476190476191
ablation_no_reward_scale,484,21,4,P4,21,7.9875e-05,-0.012789990520104766,3828.0,3865.0,21.86515784263611,1.4110894203186035,23.276247262954712,3765.0,4061.4761904761904
ablation_no_reward_scale,485,21,5,P5,21,7.983333333333334e-05,-0.021545804105699062,4397.0,4277.0,24.04380702972412,1.5078206062316895,25.55162763595581,4237.0,4503.9047619047615
ablation_no_reward_scale,486,21,6,P6,21,7.979166666666666e-05,-0.023862844333052635,4053.0,4197.0,25.2034695148468,1.6001877784729004,26.803657293319702,4122.0,4273.238095238095
ablation_no_reward_scale,487,21,7,P7,21,7.975e-05,-0.009992008563131094,5925.0,6152.0,35.791884422302246,2.3125815391540527,38.1044659614563,6037.0,6405.428571428572
ablation_no_reward_scale,488,21,8,P8,21,7.970833333333334e-05,0.028685061959549785,5938.0,6144.0,31.98261332511902,2.034630298614502,34.01724362373352,5737.0,6380.142857142857
ablation_no_reward_scale,489,21,9,P9,21,7.966666666666666e-05,-0.009878658689558506,5713.0,5943.0,30.21057105064392,1.952721357345581,32.1632924079895,5387.0,6020.285714285715
ablation_no_reward_scale,490,21,10,P10,21,7.962500000000001e-05,-0.03492895420640707,5650.0,5588.0,19.854480028152466,1.2913782596588135,21.14585828781128,5457.0,5786.952380952381
ablation_no_reward_scale,491,21,11,P11,21,7.958333333333335e-05,0.003394102219317574,11490.0,11620.0,36.56231093406677,2.411982536315918,38.97429347038269,11389.0,11723.952380952382
ablation_no_reward_scale,492,21,12,P12,21,7.954166666666667e-05,0.004298726096749306,12220.0,11945.0,44.43041634559631,2.9266366958618164,47.35705304145813,11945.0,12920.238095238095
ablation_no_reward_scale,493,21,13,P13,21,7.950000000000001e-05,0.0132436539279297,19978.0,19676.0,103.01321601867676,7.609142065048218,110.62235808372498,19622.0,20855.095238095237
ablation_no_reward_scale,494,21,14,P14,21,7.945833333333333e-05,-0.006555710337124765,22335.0,22252.0,103.87514424324036,7.612100839614868,111.48724508285522,22252.0,23354.904761904763
ablation_no_reward_scale,495,21,15,P15,21,7.941666666666667e-05,0.0040265204588649794,20408.0,20554.0,107.4655065536499,7.901287317276001,115.3667938709259,19951.0,20801.285714285714
ablation_no_reward_scale,496,21,16,P16,21,7.9375e-05,-0.0025595205835998057,20814.0,20709.0,131.19959473609924,9.804429531097412,141.00402426719666,20672.0,21720.761904761905
ablation_no_reward_scale,497,21,17,P17,21,7.933333333333334e-05,0.0031255183392204346,21183.0,21436.0,131.73520922660828,9.962164402008057,141.69737362861633,21249.0,22182.47619047619
ablation_no_reward_scale,498,21,18,P18,21,7.929166666666668e-05,-0.00504097604425624,20521.0,20422.0,122.72163033485413,9.245845556259155,131.96747589111328,20422.0,21327.47619047619
ablation_no_reward_scale,499,21,19,P19,21,7.925e-05,0.00816436659079045,24326.0,24018.0,127.90027046203613,9.818177700042725,137.71844816207886,23728.0,24830.52380952381
ablation_no_reward_scale,500,21,20,P20,21,7.920833333333334e-05,-0.005703553801868111,23112.0,22659.0,135.0714795589447,10.499212741851807,145.5706923007965,22226.0,23249.0
ablation_no_reward_scale,501,21,21,P21,21,7.916666666666666e-05,0.0011847934816614724,24116.0,23573.0,143.69769978523254,11.015990972518921,154.71369075775146,23573.0,24776.380952380954
ablation_no_reward_scale,502,21,22,P22,21,7.9125e-05,-0.0008957130077760667,23203.0,23154.0,143.07516598701477,11.23904538154602,154.3142113685608,22997.0,24108.428571428572
ablation_no_reward_scale,503,21,23,P23,21,7.908333333333334e-05,0.0054898721864447,34356.0,36547.0,186.70093941688538,14.733001470565796,201.43394088745117,35482.0,37338.0
ablation_no_reward_scale,504,21,24,P24,21,7.904166666666667e-05,-0.004588255553971976,23961.0,23908.0,128.51137256622314,10.038955926895142,138.5503284931183,23775.0,25237.333333333332
ablation_no_reward_scale,505,22,1,P1,22,7.900000000000001e-05,-0.004527616125415079,6184.0,6184.0,30.58247947692871,1.993861198425293,32.576340675354004,6044.0,6553.818181818182
ablation_no_reward_scale,506,22,2,P2,22,7.895833333333333e-05,0.003999819629825652,8912.0,8435.0,38.4020574092865,2.5130228996276855,40.915080308914185,8374.0,8797.227272727272
ablation_no_reward_scale,507,22,3,P3,22,7.891666666666667e-05,0.026272881543263793,6947.0,7159.0,28.180466651916504,1.8241465091705322,30.004613161087036,5877.0,6986.681818181818
ablation_no_reward_scale,508,22,4,P4,22,7.8875e-05,-0.013582695974037051,3778.0,3788.0,22.391045093536377,1.4397201538085938,23.83076524734497,3765.0,4049.0454545454545
ablation_no_reward_scale,509,22,5,P5,22,7.883333333333334e-05,-0.007628006394952536,4367.0,4322.0,24.034599781036377,1.5346481800079346,25.56924796104431,4237.0,4495.636363636364
ablation_no_reward_scale,510,22,6,P6,22,7.879166666666667e-05,-0.005804955726489425,4103.0,4137.0,25.009655475616455,1.6026082038879395,26.612263679504395,4122.0,4267.045454545455
ablation_no_reward_scale,511,22,7,P7,22,7.875e-05,0.012905566021800041,5952.0,6182.0,35.98824977874756,2.307129383087158,38.29537916183472,6037.0,6395.272727272727
ablation_no_reward_scale,512,22,8,P8,22,7.870833333333334e-05,0.011665112455375493,6038.0,6171.0,31.752657413482666,2.036592960357666,33.78925037384033,5737.0,6370.636363636364
ablation_no_reward_scale,513,22,9,P9,22,7.866666666666666e-05,0.002531049176468514,5955.0,5851.0,30.48891592025757,1.935347557067871,32.42426347732544,5387.0,6012.590909090909
ablation_no_reward_scale,514,22,10,P10,22,7.8625e-05,-0.03323184046894312,5602.0,5455.0,19.327658891677856,1.300940752029419,20.628599643707275,5455.0,5771.863636363636
ablation_no_reward_scale,515,22,11,P11,22,7.858333333333334e-05,-0.014288027072325349,11750.0,11620.0,37.124271392822266,2.4365463256835938,39.56081771850586,11389.0,11719.227272727272
ablation_no_reward_scale,516,22,12,P12,22,7.854166666666667e-05,-0.0019986071456514765,12192.0,11921.0,44.77516293525696,2.925534248352051,47.70069718360901,11921.0,12874.818181818182
ablation_no_reward_scale,517,22,13,P13,22,7.850000000000001e-05,0.014494136616121978,19851.0,19743.0,103.33494520187378,7.660465717315674,110.99541091918945,19622.0,20804.545454545456
ablation_no_reward_scale,518,22,14,P14,22,7.845833333333333e-05,-0.0007207362941699103,22372.0,22113.0,105.06061744689941,7.709390163421631,112.77000761032104,22113.0,23298.454545454544
ablation_no_reward_scale,519,22,15,P15,22,7.841666666666667e-05,-0.0076212068379390985,20335.0,20391.0,107.89602327346802,7.953833818435669,115.84985709190369,19951.0,20782.636363636364
ablation_no_reward_scale,520,22,16,P16,22,7.8375e-05,0.007190605788491666,21087.0,20521.0,131.36339569091797,9.845442771911621,141.2088384628296,20521.0,21666.227272727272
ablation_no_reward_scale,521,22,17,P17,22,7.833333333333333e-05,0.00019903911306755616,21350.0,21243.0,131.7293062210083,9.982864141464233,141.71217036247253,21243.0,22139.772727272728
ablation_no_reward_scale,522,22,18,P18,22,7.829166666666667e-05,-0.0025623194640502335,20554.0,20709.0,124.05639719963074,9.216533660888672,133.2729308605194,20422.0,21299.363636363636
ablation_no_reward_scale,523,22,19,P19,22,7.825e-05,0.00632959355134517,23932.0,24342.0,126.8598313331604,9.891398429870605,136.751229763031,23728.0,24808.31818181818
ablation_no_reward_scale,524,22,20,P20,22,7.820833333333334e-05,-0.002594453236088157,23397.0,23164.0,135.64983081817627,10.521132707595825,146.1709635257721,22226.0,23245.136363636364
ablation_no_reward_scale,525,22,21,P21,22,7.816666666666668e-05,-0.00019470635452307762,24868.0,23885.0,144.80303502082825,11.118333339691162,155.9213683605194,23573.0,24735.863636363636
ablation_no_reward_scale,526,22,22,P22,22,7.8125e-05,0.0012063561276590916,24350.0,23168.0,142.2878201007843,11.154747486114502,153.4425675868988,22997.0,24065.68181818182
ablation_no_reward_scale,527,22,23,P23,22,7.808333333333332e-05,0.00039571574883926326,33505.0,36697.0,189.45937752723694,14.714324712753296,204.17370223999023,35482.0,37308.86363636364
ablation_no_reward_scale,528,22,24,P24,22,7.804166666666666e-05,0.0008313795406138524,24602.0,23939.0,130.53465390205383,10.006263256072998,140.54091715812683,23775.0,25178.31818181818
ablation_no_reward_scale,529,23,1,P1,23,7.800000000000001e-05,-0.01789232576265931,6194.0,6400.0,30.419206142425537,1.9807524681091309,32.39995861053467,6044.0,6547.130434782609
ablation_no_reward_scale,530,23,2,P2,23,7.795833333333334e-05,0.010452438262291253,9136.0,8805.0,38.53769636154175,2.513901472091675,41.05159783363342,8374.0,8797.565217391304
ablation_no_reward_scale,531,23,3,P3,23,7.791666666666667e-05,0.0035533594782464206,6517.0,7091.0,27.939844369888306,1.8053393363952637,29.74518370628357,5877.0,6991.217391304348
ablation_no_reward_scale,532,23,4,P4,23,7.787500000000001e-05,-0.003824592102319002,3815.0,3769.0,22.09867000579834,1.417698621749878,23.516368627548218,3765.0,4036.8695652173915
ablation_no_reward_scale,533,23,5,P5,23,7.783333333333333e-05,0.006914157420396805,4397.0,4277.0,24.10010075569153,1.5524930953979492,25.652593851089478,4237.0,4486.130434782609
ablation_no_reward_scale,534,23,6,P6,23,7.779166666666667e-05,-0.0019022792694158852,4055.0,4055.0,25.127650022506714,1.6108300685882568,26.73848009109497,4055.0,4257.826086956522
ablation_no_reward_scale,535,23,7,P7,23,7.775e-05,-0.023739377502352,5817.0,5840.0,37.411805868148804,2.396804094314575,39.80860996246338,5840.0,6371.130434782609
ablation_no_reward_scale,536,23,8,P8,23,7.770833333333334e-05,0.02323981444351375,5804.0,5663.0,32.54225707054138,2.0804078578948975,34.62266492843628,5663.0,6339.869565217391
ablation_no_reward_scale,537,23,9,P9,23,7.766666666666667e-05,-0.014468844863586128,5411.0,5347.0,30.6307635307312,1.9417002201080322,32.57246375083923,5347.0,5983.652173913043
ablation_no_reward_scale,538,23,10,P10,23,7.7625e-05,-0.02458653738722205,5669.0,5588.0,19.481903314590454,1.2611851692199707,20.743088483810425,5455.0,5763.869565217391
ablation_no_reward_scale,539,23,11,P11,23,7.758333333333334e-05,-0.011423930176533759,11633.0,11620.0,37.00462245941162,2.4560179710388184,39.46064043045044,11389.0,11714.91304347826
ablation_no_reward_scale,540,23,12,P12,23,7.754166666666666e-05,0.010086133261211216,11973.0,11800.0,44.43861746788025,2.949047565460205,47.387665033340454,11800.0,12828.08695652174
ablation_no_reward_scale,541,23,13,P13,23,7.75e-05,0.0178709490573965,19860.0,19788.0,104.43857288360596,7.5695366859436035,112.00810956954956,19622.0,20760.347826086956
ablation_no_reward_scale,542,23,14,P14,23,7.745833333333335e-05,-0.006470790336607024,22324.0,22247.0,104.07161617279053,7.659218072891235,111.73083424568176,22113.0,23252.739130434784
ablation_no_reward_scale,543,23,15,P15,23,7.741666666666667e-05,0.003192211672285339,20307.0,20356.0,107.89095306396484,7.905850410461426,115.79680347442627,19951.0,20764.08695652174
ablation_no_reward_scale,544,23,16,P16,23,7.7375e-05,-0.0024404569005127994,20899.0,20556.0,131.0734565258026,9.862671375274658,140.93612790107727,20521.0,21617.956521739132
ablation_no_reward_scale,545,23,17,P17,23,7.733333333333333e-05,0.0014786137498958851,21070.0,21246.0,132.00797820091248,9.873534202575684,141.88151240348816,21243.0,22100.91304347826
ablation_no_reward_scale,546,23,18,P18,23,7.729166666666667e-05,-0.002622566220816225,20532.0,20543.0,123.15090012550354,9.415468692779541,132.56636881828308,20422.0,21266.478260869564
ablation_no_reward_scale,547,23,19,P19,23,7.725e-05,0.004164425900671631,23768.0,23560.0,126.82712244987488,9.847933053970337,136.67505550384521,23560.0,24754.043478260868
ablation_no_reward_scale,548,23,20,P20,23,7.720833333333334e-05,-0.0034437058377079664,22685.0,22573.0,135.42664694786072,10.45556640625,145.88221335411072,22226.0,23215.91304347826
ablation_no_reward_scale,549,23,21,P21,23,7.716666666666668e-05,0.0015050515299662947,24127.0,23559.0,143.93962025642395,11.057353973388672,154.99697422981262,23559.0,24684.695652173912
ablation_no_reward_scale,550,23,22,P22,23,7.7125e-05,-0.0008963096319348551,23347.0,23113.0,142.48195123672485,11.114412307739258,153.5963635444641,22997.0,24024.260869565216
ablation_no_reward_scale,551,23,23,P23,23,7.708333333333334e-05,0.002788976880505548,33177.0,34512.0,188.49405479431152,14.60232162475586,203.09637641906738,34512.0,37187.260869565216
ablation_no_reward_scale,552,23,24,P24,23,7.704166666666666e-05,-0.001291097620196524,24074.0,23931.0,129.73230028152466,10.057719469070435,139.7900197505951,23775.0,25124.08695652174
ablation_no_reward_scale,553,24,1,P1,24,7.7e-05,-0.007277332479134202,6184.0,6012.0,30.558085441589355,1.9958295822143555,32.55391502380371,6012.0,6524.833333333333
ablation_no_reward_scale,554,24,2,P2,24,7.695833333333334e-05,-0.0028834527620347217,8390.0,8364.0,38.678839921951294,2.4954118728637695,41.17425179481506,8364.0,8779.5
ablation_no_reward_scale,555,24,3,P3,24,7.691666666666668e-05,0.02507719479035586,6575.0,6731.0,27.741098880767822,1.8044013977050781,29.5455002784729,5877.0,6980.375
ablation_no_reward_scale,556,24,4,P4,24,7.687500000000001e-05,-0.0014985729358159006,3738.0,3763.0,21.951968908309937,1.4439737796783447,23.39594268798828,3763.0,4025.4583333333335
ablation_no_reward_scale,557,24,5,P5,24,7.683333333333334e-05,-0.018791974522173405,4252.0,4322.0,23.92815065383911,1.5346465110778809,25.462797164916992,4237.0,4479.291666666667
ablation_no_reward_scale,558,24,6,P6,24,7.679166666666667e-05,-0.009178833104670048,4130.0,4097.0,24.95259976387024,1.6230642795562744,26.575664043426514,4055.0,4251.125
ablation_no_reward_scale,559,24,7,P7,24,7.675e-05,0.014860568684525788,5780.0,5918.0,36.27732872962952,2.331341028213501,38.60866975784302,5840.0,6352.25
ablation_no_reward_scale,560,24,8,P8,24,7.670833333333333e-05,0.004226160323014483,5706.0,5807.0,32.09050917625427,2.066978931427002,34.157488107681274,5663.0,6317.666666666667
ablation_no_reward_scale,561,24,9,P9,24,7.666666666666667e-05,0.0008196304406737909,5543.0,5502.0,30.43349003791809,1.9330120086669922,32.36650204658508,5347.0,5963.583333333333
ablation_no_reward_scale,562,24,10,P10,24,7.6625e-05,-0.05004614777863026,5655.0,5555.0,19.38246726989746,1.2779974937438965,20.660464763641357,5455.0,5755.166666666667
ablation_no_reward_scale,563,24,11,P11,24,7.658333333333334e-05,-0.010761936311610043,11389.0,11389.0,36.93343734741211,2.444479465484619,39.37791681289673,11389.0,11701.333333333334
ablation_no_reward_scale,564,24,12,P12,24,7.654166666666667e-05,0.024829589994624257,12179.0,12074.0,44.26740622520447,2.9417686462402344,47.2091748714447,11800.0,12796.666666666666
ablation_no_reward_scale,565,24,13,P13,24,7.65e-05,-0.00421294872649014,19945.0,19800.0,103.55884718894958,7.689730167388916,111.2485773563385,19622.0,20720.333333333332
ablation_no_reward_scale,566,24,14,P14,24,7.645833333333334e-05,-0.0019459520517557394,22412.0,22009.0,103.07358574867249,7.639062166213989,110.71264791488647,22009.0,23200.916666666668
ablation_no_reward_scale,567,24,15,P15,24,7.641666666666668e-05,0.00438815398956649,19975.0,20119.0,107.79621529579163,7.9940080642700195,115.79022336006165,19951.0,20737.208333333332
ablation_no_reward_scale,568,24,16,P16,24,7.637500000000001e-05,0.0048903016897384076,20938.0,20807.0,131.24964237213135,9.905405044555664,141.155047416687,20521.0,21584.166666666668
ablation_no_reward_scale,569,24,17,P17,24,7.633333333333334e-05,-0.0012734037467453164,20960.0,21276.0,132.41708540916443,9.872934818267822,142.29002022743225,21243.0,22066.541666666668
ablation_no_reward_scale,570,24,18,P18,24,7.629166666666667e-05,-0.004159834783058614,20485.0,20323.0,121.82948923110962,9.240589618682861,131.07007884979248,20323.0,21227.166666666668
ablation_no_reward_scale,571,24,19,P19,24,7.625e-05,0.005077072849962861,23731.0,23559.0,126.49441003799438,9.809314489364624,136.303724527359,23559.0,24704.25
ablation_no_reward_scale,572,24,20,P20,24,7.620833333333333e-05,-0.0017294852761551738,22914.0,22589.0,135.77014327049255,10.549427032470703,146.31957030296326,22226.0,23189.791666666668
ablation_no_reward_scale,573,24,21,P21,24,7.616666666666667e-05,-0.0017297982121817768,24170.0,23559.0,143.3777151107788,11.153619289398193,154.531334400177,23559.0,24637.791666666668
ablation_no_reward_scale,574,24,22,P22,24,7.612500000000001e-05,0.0025313802878372373,23444.0,23147.0,142.5007929801941,11.1588294506073,153.6596224308014,22997.0,23987.708333333332
ablation_no_reward_scale,575,24,23,P23,24,7.608333333333334e-05,0.002507722086323026,33801.0,35407.0,187.02336144447327,14.82883882522583,201.8522002696991,34512.0,37113.083333333336
ablation_no_reward_scale,576,24,24,P24,24,7.604166666666667e-05,-0.004658064560499042,24019.0,24056.0,129.41336345672607,10.109837770462036,139.5232012271881,23775.0,25079.583333333332
ablation_no_reward_scale,577,25,1,P1,25,7.6e-05,-0.01737224915996194,6184.0,6324.0,30.596036195755005,1.9862806797027588,32.582316875457764,6012.0,6516.8
ablation_no_reward_scale,578,25,2,P2,25,7.595833333333333e-05,0.019986971048638225,8442.0,8374.0,38.868667125701904,2.5493345260620117,41.418001651763916,8364.0,8763.28
ablation_no_reward_scale,579,25,3,P3,25,7.591666666666666e-05,0.017765656230039895,6519.0,6530.0,28.002071857452393,1.8289275169372559,29.83099937438965,5877.0,6962.36
ablation_no_reward_scale,580,25,4,P4,25,7.5875e-05,-0.03126796381548047,3731.0,3783.0,22.16723108291626,1.4286527633666992,23.59588384628296,3763.0,4015.76
ablation_no_reward_scale,581,25,5,P5,25,7.583333333333334e-05,0.014007742749527097,4327.0,4322.0,23.896854400634766,1.530961275100708,25.427815675735474,4237.0,4473.0
ablation_no_reward_scale,582,25,6,P6,25,7.579166666666667e-05,0.012332982616499066,4083.0,4127.0,24.710338592529297,1.603243350982666,26.313581943511963,4055.0,4246.16
ablation_no_reward_scale,583,25,7,P7,25,7.575000000000001e-05,0.010590218473225832,5934.0,5935.0,36.146979093551636,2.3315205574035645,38.4784996509552,5840.0,6335.56
ablation_no_reward_scale,584,25,8,P8,25,7.570833333333333e-05,-0.011030684399884194,5798.0,5888.0,32.02822494506836,2.0382907390594482,34.06651568412781,5663.0,6300.48
ablation_no_reward_scale,585,25,9,P9,25,7.566666666666666e-05,0.014236180810257792,5638.0,5712.0,30.25326180458069,1.948028802871704,32.20129060745239,5347.0,5953.52
ablation_no_reward_scale,586,25,10,P10,25,7.5625e-05,-0.04442303627729416,5640.0,5588.0,19.636993408203125,1.2725107669830322,20.909504175186157,5455.0,5748.48
ablation_no_reward_scale,587,25,11,P11,25,7.558333333333335e-05,-0.023589677177369595,11389.0,11389.0,37.037760972976685,2.488314390182495,39.52607536315918,11389.0,11688.84
ablation_no_reward_scale,588,25,12,P12,25,7.554166666666667e-05,0.027384984074160457,12281.0,12071.0,44.44406795501709,2.92669939994812,47.37076735496521,11800.0,12767.64
ablation_no_reward_scale,589,25,13,P13,25,7.55e-05,0.004819960231543519,20138.0,20172.0,102.79449820518494,7.592148303985596,110.38664650917053,19622.0,20698.4
ablation_no_reward_scale,590,25,14,P14,25,7.545833333333334e-05,-0.0023775553490850143,22290.0,22539.0,105.14923787117004,7.622096061706543,112.77133393287659,22009.0,23174.44
ablation_no_reward_scale,591,25,15,P15,25,7.541666666666667e-05,0.0006191436013978091,20479.0,20318.0,107.18222951889038,7.944233417510986,115.12646293640137,19951.0,20720.44
ablation_no_reward_scale,592,25,16,P16,25,7.5375e-05,0.0035412342520430686,21305.0,20646.0,130.16906571388245,9.797942638397217,139.96700835227966,20521.0,21546.64
ablation_no_reward_scale,593,25,17,P17,25,7.533333333333334e-05,-0.0016682112036505714,21298.0,21306.0,131.49299693107605,9.954490423202515,141.44748735427856,21243.0,22036.12
ablation_no_reward_scale,594,25,18,P18,25,7.529166666666668e-05,-0.002877921861363575,20456.0,20717.0,122.88831353187561,9.463408470153809,132.35172200202942,20323.0,21206.76
ablation_no_reward_scale,595,25,19,P19,25,7.525e-05,0.007307686132844537,24211.0,23897.0,127.28716731071472,9.85308837890625,137.14025568962097,23559.0,24671.96
ablation_no_reward_scale,596,25,20,P20,25,7.520833333333334e-05,-0.0048247942002490165,23230.0,22513.0,136.57153224945068,10.598893642425537,147.17042589187622,22226.0,23162.72
ablation_no_reward_scale,597,25,21,P21,25,7.516666666666667e-05,0.0013307072040333878,24373.0,23624.0,144.5404670238495,11.12910008430481,155.6695671081543,23559.0,24597.24
ablation_no_reward_scale,598,25,22,P22,25,7.5125e-05,-0.0007446235315001104,23741.0,23173.0,142.33004093170166,11.127309799194336,153.457350730896,22997.0,23955.12
ablation_no_reward_scale,599,25,23,P23,25,7.508333333333333e-05,0.0026894465408986434,33499.0,36997.0,188.13575077056885,14.63609266281128,202.77184343338013,34512.0,37108.44
ablation_no_reward_scale,600,25,24,P24,25,7.504166666666667e-05,-0.0011427146397181786,24258.0,23837.0,128.63460159301758,9.968989610671997,138.60359120368958,23775.0,25029.88
ablation_no_reward_scale,601,26,1,P1,26,7.500000000000001e-05,-0.004153786438109819,6392.0,6324.0,30.10126256942749,1.9727387428283691,32.07400131225586,6012.0,6509.384615384615
ablation_no_reward_scale,602,26,2,P2,26,7.495833333333333e-05,-0.0005905574871576391,8711.0,8497.0,38.74668025970459,2.508028268814087,41.25470852851868,8364.0,8753.038461538461
ablation_no_reward_scale,603,26,3,P3,26,7.491666666666667e-05,0.025261896662414074,6666.0,6849.0,27.867012977600098,1.8340494632720947,29.701062440872192,5877.0,6958.0
ablation_no_reward_scale,604,26,4,P4,26,7.4875e-05,-0.012600415386259556,3814.0,3765.0,22.23889708518982,1.41672945022583,23.65562653541565,3763.0,4006.1153846153848
ablation_no_reward_scale,605,26,5,P5,26,7.483333333333333e-05,-0.022503537591546774,4292.0,4322.0,24.26594567298889,1.5409822463989258,25.806927919387817,4237.0,4467.192307692308
ablation_no_reward_scale,606,26,6,P6,26,7.479166666666668e-05,-0.013943493599072099,4041.0,4123.0,25.32660484313965,1.628218650817871,26.95482349395752,4055.0,4241.423076923077
ablation_no_reward_scale,607,26,7,P7,26,7.475000000000001e-05,0.009327516017947346,5864.0,5953.0,36.45607018470764,2.307244300842285,38.76331448554993,5840.0,6320.846153846154
ablation_no_reward_scale,608,26,8,P8,26,7.470833333333334e-05,0.0031117454927880317,5731.0,5851.0,31.933161973953247,2.0291478633880615,33.96230983734131,5663.0,6283.192307692308
ablation_no_reward_scale,609,26,9,P9,26,7.466666666666666e-05,0.002413434449408669,5536.0,5694.0,30.70049238204956,1.9407179355621338,32.641210317611694,5347.0,5943.538461538462
ablation_no_reward_scale,610,26,10,P10,26,7.462500000000001e-05,-0.023427447769790888,5572.0,5515.0,19.74842619895935,1.277247428894043,21.025673627853394,5455.0,5739.5
ablation_no_reward_scale,611,26,11,P11,26,7.458333333333333e-05,-0.0057605591719038785,11389.0,11389.0,36.94335722923279,2.4363925457000732,39.37974977493286,11389.0,11677.307692307691
ablation_no_reward_scale,612,26,12,P12,26,7.454166666666667e-05,0.00486639587325044,12176.0,12034.0,44.52561020851135,2.943577289581299,47.46918749809265,11800.0,12739.423076923076
ablation_no_reward_scale,613,26,13,P13,26,7.450000000000001e-05,0.012589478574227542,19860.0,20339.0,103.39829969406128,7.601808071136475,111.00010776519775,19622.0,20684.576923076922
ablation_no_reward_scale,614,26,14,P14,26,7.445833333333335e-05,-0.003356883637025021,22238.0,22003.0,104.0584716796875,7.616998910903931,111.67547059059143,22003.0,23129.384615384617
ablation_no_reward_scale,615,26,15,P15,26,7.441666666666667e-05,-0.0009333760644949507,20276.0,20391.0,107.96278786659241,7.872144460678101,115.83493232727051,19951.0,20707.76923076923
ablation_no_reward_scale,616,26,16,P16,26,7.4375e-05,0.0027468962711282075,21167.0,20882.0,131.38774347305298,9.889530897140503,141.27727437019348,20521.0,21521.076923076922
ablation_no_reward_scale,617,26,17,P17,26,7.433333333333334e-05,-0.0011204772796190809,21386.0,21428.0,132.00286531448364,9.995246648788452,141.9981119632721,21243.0,22012.73076923077
ablation_no_reward_scale,618,26,18,P18,26,7.429166666666667e-05,-0.00232883766584564,20490.0,20353.0,122.61871075630188,9.379603385925293,131.99831414222717,20323.0,21173.923076923078
ablation_no_reward_scale,619,26,19,P19,26,7.425e-05,0.0071700997417792674,23852.0,23963.0,127.39134526252747,9.865777969360352,137.25712323188782,23559.0,24644.69230769231
ablation_no_reward_scale,620,26,20,P20,26,7.420833333333334e-05,-0.004194756422657519,23363.0,22636.0,135.96273708343506,10.417019128799438,146.3797562122345,22226.0,23142.46153846154
ablation_no_reward_scale,621,26,21,P21,26,7.416666666666668e-05,0.0016125301597639918,24590.0,23693.0,143.54056310653687,11.02631402015686,154.56687712669373,23559.0,24562.46153846154
ablation_no_reward_scale,622,26,22,P22,26,7.4125e-05,0.0006199601368280128,24373.0,23173.0,142.09127497673035,11.171372652053833,153.26264762878418,22997.0,23925.03846153846
ablation_no_reward_scale,623,26,23,P23,26,7.408333333333334e-05,0.0021830429177498445,34420.0,36847.0,187.96968984603882,14.644392013549805,202.61408185958862,34512.0,37098.38461538462
ablation_no_reward_scale,624,26,24,P24,26,7.404166666666667e-05,-0.002795640315162018,24509.0,23821.0,129.73219442367554,10.027888774871826,139.76008319854736,23775.0,24983.384615384617
ablation_no_reward_scale,625,27,1,P1,27,7.4e-05,-0.008929151750635356,6366.0,6184.0,30.87192988395691,1.964587926864624,32.83651781082153,6012.0,6497.333333333333
ablation_no_reward_scale,626,27,2,P2,27,7.395833333333333e-05,-0.0006600879969482776,8708.0,8324.0,38.50411081314087,2.4950695037841797,40.99918031692505,8324.0,8737.148148148148
ablation_no_reward_scale,627,27,3,P3,27,7.391666666666668e-05,0.015329661953728646,6517.0,6856.0,28.06876540184021,1.8043391704559326,29.873104572296143,5877.0,6954.222222222223
ablation_no_reward_scale,628,27,4,P4,27,7.3875e-05,0.002918130427133292,3808.0,3765.0,21.957905769348145,1.4283151626586914,23.386220932006836,3763.0,3997.185185185185
ablation_no_reward_scale,629,27,5,P5,27,7.383333333333333e-05,-0.00945490668527782,4277.0,4297.0,24.262446641921997,1.5498416423797607,25.812288284301758,4237.0,4460.888888888889
ablation_no_reward_scale,630,27,6,P6,27,7.379166666666667e-05,-0.01409198041073978,4002.0,4137.0,24.96751117706299,1.5988881587982178,26.566399335861206,4055.0,4237.555555555556
ablation_no_reward_scale,631,27,7,P7,27,7.375e-05,-0.00039755729449098,5886.0,5935.0,36.060474157333374,2.35832142829895,38.418795585632324,5840.0,6306.555555555556
ablation_no_reward_scale,632,27,8,P8,27,7.370833333333334e-05,0.00919178017647937,5808.0,5864.0,32.04593563079834,2.0874569416046143,34.133392572402954,5663.0,6267.666666666667
ablation_no_reward_scale,633,27,9,P9,27,7.366666666666668e-05,-0.0025193717592628673,5523.0,5493.0,30.353665351867676,1.943251371383667,32.29691672325134,5347.0,5926.851851851852
ablation_no_reward_scale,634,27,10,P10,27,7.362500000000001e-05,-0.03270177077502012,5463.0,5588.0,19.38935089111328,1.273378610610962,20.662729501724243,5455.0,5733.888888888889
ablation_no_reward_scale,635,27,11,P11,27,7.358333333333334e-05,-0.00763201602967456,11434.0,11389.0,36.81839179992676,2.4351816177368164,39.253573417663574,11389.0,11666.62962962963
ablation_no_reward_scale,636,27,12,P12,27,7.354166666666666e-05,0.01589204161427915,12282.0,12093.0,44.287323236465454,2.920802116394043,47.2081253528595,11800.0,12715.481481481482
ablation_no_reward_scale,637,27,13,P13,27,7.35e-05,0.014487709559034556,20105.0,19888.0,103.70969915390015,7.735185384750366,111.44488453865051,19622.0,20655.074074074073
ablation_no_reward_scale,638,27,14,P14,27,7.345833333333333e-05,-0.006045587157132104,22324.0,22052.0,103.57811880111694,7.623393535614014,111.20151233673096,22003.0,23089.48148148148
ablation_no_reward_scale,639,27,15,P15,27,7.341666666666667e-05,0.0008413232062594034,20275.0,20606.0,107.61844682693481,7.938443899154663,115.55689072608948,19951.0,20704.0
ablation_no_reward_scale,640,27,16,P16,27,7.337500000000001e-05,0.0036424670601263643,21181.0,20609.0,131.15789675712585,9.9077787399292,141.06567549705505,20521.0,21487.296296296296
ablation_no_reward_scale,641,27,17,P17,27,7.333333333333334e-05,-0.0018562331344583072,21298.0,21191.0,132.9940903186798,9.859487295150757,142.85357761383057,21191.0,21982.296296296296
ablation_no_reward_scale,642,27,18,P18,27,7.329166666666667e-05,-0.002048278952133842,20488.0,20499.0,122.01756286621094,9.153741598129272,131.1713044643402,20323.0,21148.925925925927
ablation_no_reward_scale,643,27,19,P19,27,7.324999999999999e-05,0.006646736199036241,23955.0,23691.0,126.73431825637817,9.79150104522705,136.52581930160522,23559.0,24609.37037037037
ablation_no_reward_scale,644,27,20,P20,27,7.320833333333333e-05,-0.0018360494199441747,23621.0,23024.0,134.76118779182434,10.44896388053894,145.21015167236328,22226.0,23138.074074074073
ablation_no_reward_scale,645,27,21,P21,27,7.316666666666668e-05,-0.0031549163570161907,24085.0,23544.0,143.55281400680542,11.075145721435547,154.62795972824097,23544.0,24524.74074074074
ablation_no_reward_scale,646,27,22,P22,27,7.3125e-05,0.003070370649220422,23982.0,23447.0,142.54525542259216,11.119099617004395,153.66435503959656,22997.0,23907.333333333332
ablation_no_reward_scale,647,27,23,P23,27,7.308333333333334e-05,-0.0009143404697949466,33092.0,35484.0,189.24224209785461,14.97101354598999,204.2132556438446,34512.0,37038.59259259259
ablation_no_reward_scale,648,27,24,P24,27,7.304166666666668e-05,-0.0019318933991598897,24319.0,23892.0,129.41381549835205,10.029855251312256,139.4436707496643,23775.0,24942.962962962964
ablation_no_reward_scale,649,28,1,P1,28,7.3e-05,-0.009345327038317919,6218.0,6226.0,30.365246534347534,1.9719812870025635,32.3372278213501,6012.0,6487.642857142857
ablation_no_reward_scale,650,28,2,P2,28,7.295833333333332e-05,0.0012182468271930702,8698.0,8922.0,38.61500024795532,2.5380706787109375,41.15307092666626,8324.0,8743.75
ablation_no_reward_scale,651,28,3,P3,28,7.291666666666667e-05,0.025051372474990785,6744.0,6731.0,28.095696449279785,1.8189277648925781,29.914624214172363,5877.0,6946.25
ablation_no_reward_scale,652,28,4,P4,28,7.287500000000001e-05,-0.007333084475249052,3779.0,3703.0,21.979773998260498,1.3978378772735596,23.377611875534058,3703.0,3986.6785714285716
ablation_no_reward_scale,653,28,5,P5,28,7.283333333333333e-05,-0.012936100829392672,4337.0,4297.0,24.10839295387268,1.5278215408325195,25.6362144947052,4237.0,4455.035714285715
ablation_no_reward_scale,654,28,6,P6,28,7.279166666666667e-05,-0.015872875694185495,4008.0,4017.0,24.934484720230103,1.5976290702819824,26.532113790512085,4017.0,4229.678571428572
ablation_no_reward_scale,655,28,7,P7,28,7.275e-05,0.004406220599776134,5912.0,5870.0,36.69305491447449,2.3435170650482178,39.036571979522705,5840.0,6290.964285714285
ablation_no_reward_scale,656,28,8,P8,28,7.270833333333333e-05,0.006531686638481915,5874.0,5771.0,32.3668007850647,2.0672860145568848,34.43408679962158,5663.0,6249.928571428572
ablation_no_reward_scale,657,28,9,P9,28,7.266666666666667e-05,0.006447258871048689,5724.0,5625.0,30.501569747924805,1.9531352519989014,32.454704999923706,5347.0,5916.071428571428
ablation_no_reward_scale,658,28,10,P10,28,7.2625e-05,-0.02028691489249468,5540.0,5560.0,19.709312677383423,1.2674925327301025,20.976805210113525,5455.0,5727.678571428572
ablation_no_reward_scale,659,28,11,P11,28,7.258333333333334e-05,-0.010694389347918332,11468.0,11389.0,37.25373983383179,2.4332354068756104,39.6869752407074,11389.0,11656.714285714286
ablation_no_reward_scale,660,28,12,P12,28,7.254166666666666e-05,0.002503963900380768,12182.0,12098.0,44.166430950164795,2.9101052284240723,47.07653617858887,11800.0,12693.42857142857
ablation_no_reward_scale,661,28,13,P13,28,7.25e-05,0.014353616337757558,20154.0,20342.0,103.18324136734009,7.5822060108184814,110.76544737815857,19622.0,20643.89285714286
ablation_no_reward_scale,662,28,14,P14,28,7.245833333333334e-05,-0.0041391363920411095,22402.0,22071.0,104.17165923118591,7.657996416091919,111.82965564727783,22003.0,23053.10714285714
ablation_no_reward_scale,663,28,15,P15,28,7.241666666666666e-05,-0.004586136114085093,20240.0,20288.0,107.0961377620697,7.926061153411865,115.02219891548157,19951.0,20689.14285714286
ablation_no_reward_scale,664,28,16,P16,28,7.2375e-05,0.005488969944417476,20950.0,20728.0,130.67287874221802,9.824263572692871,140.4971423149109,20521.0,21460.178571428572
ablation_no_reward_scale,665,28,17,P17,28,7.233333333333335e-05,-0.0011822874570498244,21080.0,21168.0,132.01834988594055,9.924739599227905,141.94308948516846,21168.0,21953.214285714286
ablation_no_reward_scale,666,28,18,P18,28,7.229166666666667e-05,-0.0005059971574155498,20552.0,20435.0,121.9478063583374,9.220539093017578,131.16834545135498,20323.0,21123.428571428572
ablation_no_reward_scale,667,28,19,P19,28,7.225e-05,0.004709623928647488,23732.0,23928.0,127.15928673744202,9.943710327148438,137.10299706459045,23559.0,24585.035714285714
ablation_no_reward_scale,668,28,20,P20,28,7.220833333333334e-05,-0.002986163547029719,23092.0,22602.0,134.66078758239746,10.514137983322144,145.1749255657196,22226.0,23118.928571428572
ablation_no_reward_scale,669,28,21,P21,28,7.216666666666667e-05,-0.0004769810642756056,24080.0,23560.0,144.40767645835876,11.074492931365967,155.48216938972473,23544.0,24490.285714285714
ablation_no_reward_scale,670,28,22,P22,28,7.2125e-05,0.0011664126432151534,23864.0,23334.0,141.75503015518188,11.105345964431763,152.86037611961365,22997.0,23886.85714285714
ablation_no_reward_scale,671,28,23,P23,28,7.208333333333334e-05,0.0010605803041211662,33719.0,35182.0,186.743750333786,14.78741717338562,201.53116750717163,34512.0,36972.28571428572
ablation_no_reward_scale,672,28,24,P24,28,7.204166666666668e-05,-0.0012586587294208585,23913.0,23768.0,128.41550636291504,10.024255990982056,138.4397623538971,23768.0,24901.0
ablation_no_reward_scale,673,29,1,P1,29,7.2e-05,-0.015299807069823146,6184.0,6324.0,30.394158601760864,2.0004689693450928,32.39462757110596,6012.0,6482.0
ablation_no_reward_scale,674,29,2,P2,29,7.195833333333334e-05,-0.0005961416127320263,8507.0,8622.0,38.30596923828125,2.5545103549957275,40.86047959327698,8324.0,8739.551724137931
ablation_no_reward_scale,675,29,3,P3,29,7.191666666666668e-05,0.024067199788987637,6519.0,6506.0,28.01014471054077,1.8084890842437744,29.818633794784546,5877.0,6931.068965517241
ablation_no_reward_scale,676,29,4,P4,29,7.1875e-05,-0.01326904445886612,3765.0,3798.0,21.952641487121582,1.4305195808410645,23.383161067962646,3703.0,3980.1724137931033
ablation_no_reward_scale,677,29,5,P5,29,7.183333333333334e-05,-0.015434289118275046,4322.0,4322.0,24.26565194129944,1.5401535034179688,25.805805444717407,4237.0,4450.448275862069
ablation_no_reward_scale,678,29,6,P6,29,7.179166666666667e-05,-0.005580560187809169,4093.0,4077.0,25.244983673095703,1.6232497692108154,26.86823344230652,4017.0,4224.413793103448
ablation_no_reward_scale,679,29,7,P7,29,7.175000000000001e-05,0.01953859464265406,5962.0,5995.0,36.24383091926575,2.3128833770751953,38.55671429634094,5840.0,6280.758620689655
ablation_no_reward_scale,680,29,8,P8,29,7.170833333333333e-05,-0.00646303198300302,5758.0,5814.0,31.63578510284424,2.035489320755005,33.67127442359924,5663.0,6234.896551724138
ablation_no_reward_scale,681,29,9,P9,29,7.166666666666667e-05,0.002215983495261753,5584.0,5587.0,30.421521425247192,2.0006141662597656,32.42213559150696,5347.0,5904.724137931034
ablation_no_reward_scale,682,29,10,P10,29,7.1625e-05,-0.013103395467624068,5548.0,5560.0,19.578383207321167,1.2736985683441162,20.852081775665283,5455.0,5721.896551724138
ablation_no_reward_scale,683,29,11,P11,29,7.158333333333333e-05,0.0015286189373000525,11598.0,11389.0,37.309537172317505,2.4311683177948,39.740705490112305,11389.0,11647.48275862069
ablation_no_reward_scale,684,29,12,P12,29,7.154166666666667e-05,0.003195899771526456,12210.0,12127.0,44.52707481384277,2.9329206943511963,47.45999550819397,11800.0,12673.896551724138
ablation_no_reward_scale,685,29,13,P13,29,7.150000000000002e-05,0.00773413383285515,19975.0,19910.0,103.36111187934875,7.614157199859619,110.97526907920837,19622.0,20618.58620689655
ablation_no_reward_scale,686,29,14,P14,29,7.145833333333334e-05,-0.003784558779443614,22290.0,22044.0,103.98229026794434,7.6281397342681885,111.61043000221252,22003.0,23018.310344827587
ablation_no_reward_scale,687,29,15,P15,29,7.141666666666666e-05,0.0018650918664206984,20273.0,20281.0,107.36840867996216,7.858431816101074,115.22684049606323,19951.0,20675.068965517243
ablation_no_reward_scale,688,29,16,P16,29,7.1375e-05,0.0029169971821829677,21109.0,20833.0,130.37399864196777,9.81725287437439,140.19125151634216,20521.0,21438.55172413793
ablation_no_reward_scale,689,29,17,P17,29,7.133333333333334e-05,-0.0007613989913807018,21443.0,21204.0,131.7843644618988,9.944050788879395,141.7284152507782,21168.0,21927.379310344826
ablation_no_reward_scale,690,29,18,P18,29,7.129166666666667e-05,-0.002853617784421658,20455.0,20450.0,122.66004800796509,9.307867050170898,131.967915058136,20323.0,21100.206896551725
ablation_no_reward_scale,691,29,19,P19,29,7.125000000000001e-05,0.006900750962086022,23950.0,24024.0,126.25938105583191,9.864806175231934,136.12418723106384,23559.0,24565.689655172413
ablation_no_reward_scale,692,29,20,P20,29,7.120833333333335e-05,-0.0036766280070878567,23146.0,22798.0,135.01409220695496,10.427699565887451,145.4417917728424,22226.0,23107.862068965518
ablation_no_reward_scale,693,29,21,P21,29,7.116666666666667e-05,-0.00036232052007107997,24249.0,23672.0,143.47761487960815,11.074989318847656,154.5526041984558,23544.0,24462.068965517243
ablation_no_reward_scale,694,29,22,P22,29,7.1125e-05,0.0001402977737598121,23454.0,23367.0,141.84833550453186,11.099628210067749,152.9479637145996,22997.0,23868.931034482757
ablation_no_reward_scale,695,29,23,P23,29,7.108333333333333e-05,0.004128235342380192,34747.0,36547.0,186.84257411956787,14.570420503616333,201.4129946231842,34512.0,36957.620689655174
ablation_no_reward_scale,696,29,24,P24,29,7.104166666666667e-05,-0.005214399064425379,23762.0,23788.0,127.80729031562805,10.060860395431519,137.86815071105957,23768.0,24862.620689655174
ablation_no_reward_scale,697,30,1,P1,30,7.1e-05,-0.000601284482399933,6324.0,6375.0,30.585474729537964,1.989835500717163,32.57531023025513,6012.0,6478.433333333333
ablation_no_reward_scale,698,30,2,P2,30,7.095833333333334e-05,0.003984610171755776,8922.0,8912.0,38.80849862098694,2.4986770153045654,41.307175636291504,8324.0,8745.3
ablation_no_reward_scale,699,30,3,P3,30,7.091666666666668e-05,0.015663843019865453,6744.0,6958.0,27.87519359588623,1.808966875076294,29.684160470962524,5877.0,6931.966666666666
ablation_no_reward_scale,700,30,4,P4,30,7.0875e-05,-0.022150658071041107,3748.0,3769.0,21.95307946205139,1.4236483573913574,23.37672781944275,3703.0,3973.133333333333
ablation_no_reward_scale,701,30,5,P5,30,7.083333333333332e-05,-0.01367689878679812,4322.0,4322.0,24.085354328155518,1.5520551204681396,25.637409448623657,4237.0,4446.166666666667
ablation_no_reward_scale,702,30,6,P6,30,7.079166666666668e-05,0.001219402882270515,4102.0,4046.0,25.221786499023438,1.6039588451385498,26.825745344161987,4017.0,4218.466666666666
ablation_no_reward_scale,703,30,7,P7,30,7.075e-05,0.010643406421877444,6020.0,5960.0,35.89147734642029,2.3091976642608643,38.20067501068115,5840.0,6270.066666666667
ablation_no_reward_scale,704,30,8,P8,30,7.070833333333334e-05,-0.0018250669963890687,5915.0,5944.0,32.14096760749817,2.076362371444702,34.21732997894287,5663.0,6225.2
ablation_no_reward_scale,705,30,9,P9,30,7.066666666666667e-05,-0.0026324527425458655,5623.0,5742.0,30.267399787902832,1.8070359230041504,32.07443571090698,5347.0,5899.3
ablation_no_reward_scale,706,30,10,P10,30,7.062500000000001e-05,-0.02524938015267253,5534.0,5443.0,19.719158411026,1.302137851715088,21.02129626274109,5443.0,5712.6
ablation_no_reward_scale,707,30,11,P11,30,7.058333333333333e-05,-0.013914301060140133,11434.0,11389.0,36.893638610839844,2.42999529838562,39.323633909225464,11389.0,11638.866666666667
ablation_no_reward_scale,708,30,12,P12,30,7.054166666666667e-05,0.01707395981065929,12056.0,12010.0,44.213871479034424,2.9344120025634766,47.1482834815979,11800.0,12651.766666666666
ablation_no_reward_scale,709,30,13,P13,30,7.05e-05,0.0040735853763180785,19566.0,19580.0,103.41566038131714,7.660545349121094,111.07620573043823,19580.0,20583.966666666667
ablation_no_reward_scale,710,30,14,P14,30,7.045833333333334e-05,5.8260317473468604e-05,22025.0,22103.0,103.61124396324158,7.664448261260986,111.27569222450256,22003.0,22987.8
ablation_no_reward_scale,711,30,15,P15,30,7.041666666666667e-05,0.0008532206961717748,20213.0,20298.0,107.7436363697052,8.049001932144165,115.79263830184937,19951.0,20662.5
ablation_no_reward_scale,712,30,16,P16,30,7.0375e-05,0.002539749222341925,20807.0,20657.0,130.44323110580444,9.8748619556427,140.31809306144714,20521.0,21412.5
ablation_no_reward_scale,713,30,17,P17,30,7.033333333333334e-05,-0.000812725113792112,20986.0,21192.0,132.53030109405518,9.881837368011475,142.41213846206665,21168.0,21902.866666666665
ablation_no_reward_scale,714,30,18,P18,30,7.029166666666666e-05,-0.0013453366060275584,20670.0,20435.0,121.9755334854126,9.18801212310791,131.1635456085205,20323.0,21078.033333333333
ablation_no_reward_scale,715,30,19,P19,30,7.025e-05,0.004561095091048628,23665.0,23658.0,126.97162747383118,9.787081003189087,136.75870847702026,23559.0,24535.433333333334
ablation_no_reward_scale,716,30,20,P20,30,7.020833333333334e-05,-0.0037271648761816323,22992.0,22334.0,135.4729664325714,10.462540626525879,145.9355070590973,22226.0,23082.066666666666
ablation_no_reward_scale,717,30,21,P21,30,7.016666666666667e-05,-0.0009350345862912945,24013.0,23559.0,143.25315690040588,11.097391605377197,154.35054850578308,23544.0,24431.966666666667
ablation_no_reward_scale,718,30,22,P22,30,7.0125e-05,0.0016555914873606526,23750.0,23266.0,142.82181692123413,11.103641748428345,153.92545866966248,22997.0,23848.833333333332
ablation_no_reward_scale,719,30,23,P23,30,7.008333333333333e-05,0.0024653939929391655,33874.0,35347.0,187.50288915634155,14.766570091247559,202.2694592475891,34512.0,36903.933333333334
ablation_no_reward_scale,720,30,24,P24,30,7.004166666666667e-05,-0.0038865447335410864,24131.0,23686.0,129.1668107509613,10.021618366241455,139.18842911720276,23686.0,24823.4
ablation_no_reward_scale,721,31,1,P1,31,7e-05,0.0028659435774898157,6444.0,6344.0,30.5326406955719,1.9900355339050293,32.52267622947693,6012.0,6474.096774193548
ablation_no_reward_scale,722,31,2,P2,31,6.995833333333333e-05,-0.009382357937283814,8507.0,8711.0,38.47124266624451,2.5104291439056396,40.98167181015015,8324.0,8744.193548387097
ablation_no_reward_scale,723,31,3,P3,31,6.991666666666668e-05,0.0329815330915153,6720.0,6958.0,28.322100400924683,1.8416132926940918,30.163713693618774,5877.0,6932.806451612903
ablation_no_reward_scale,724,31,4,P4,31,6.9875e-05,-0.0183286857791245,3769.0,3769.0,21.938769340515137,1.398421287536621,23.337190628051758,3703.0,3966.548387096774
ablation_no_reward_scale,725,31,5,P5,31,6.983333333333333e-05,-0.026080128271132708,4342.0,4277.0,24.12070941925049,1.5443882942199707,25.66509771347046,4237.0,4440.709677419355
ablation_no_reward_scale,726,31,6,P6,31,6.979166666666668e-05,-0.00691041792742908,3995.0,4026.0,24.82549810409546,1.620239019393921,26.44573712348938,4017.0,4212.258064516129
ablation_no_reward_scale,727,31,7,P7,31,6.975e-05,0.013280220911838114,5973.0,5993.0,36.15775680541992,2.341257095336914,38.499013900756836,5840.0,6261.129032258064
ablation_no_reward_scale,728,31,8,P8,31,6.970833333333332e-05,-0.0028809939976781607,5920.0,5836.0,31.88196086883545,2.045133590698242,33.92709445953369,5663.0,6212.645161290323
ablation_no_reward_scale,729,31,9,P9,31,6.966666666666668e-05,0.005421296344138682,5692.0,5703.0,30.122432231903076,1.9600398540496826,32.08247208595276,5347.0,5892.967741935484
ablation_no_reward_scale,730,31,10,P10,31,6.962500000000001e-05,-0.024147846270352602,5534.0,5458.0,19.58289670944214,1.2712585926055908,20.85415530204773,5443.0,5704.387096774193
ablation_no_reward_scale,731,31,11,P11,31,6.958333333333334e-05,-0.007088914862833917,11372.0,11389.0,37.039546728134155,2.444474935531616,39.48402166366577,11389.0,11630.806451612903
ablation_no_reward_scale,732,31,12,P12,31,6.954166666666667e-05,0.010422969004139304,12170.0,11975.0,44.277345418930054,2.916651964187622,47.193997383117676,11800.0,12629.935483870968
ablation_no_reward_scale,733,31,13,P13,31,6.950000000000001e-05,0.011167518852744251,20204.0,19705.0,103.20403385162354,7.630204439163208,110.83423829078674,19580.0,20555.612903225807
ablation_no_reward_scale,734,31,14,P14,31,6.945833333333333e-05,-0.005732646328397095,22313.0,22289.0,103.85083627700806,7.642160892486572,111.49299716949463,22003.0,22965.25806451613
ablation_no_reward_scale,735,31,15,P15,31,6.941666666666667e-05,0.0028428556470316835,20289.0,20451.0,107.41157579421997,7.919652938842773,115.33122873306274,19951.0,20655.677419354837
ablation_no_reward_scale,736,31,16,P16,31,6.9375e-05,0.0006165562015667092,21041.0,20912.0,130.8041160106659,9.833682775497437,140.63779878616333,20521.0,21396.354838709678
ablation_no_reward_scale,737,31,17,P17,31,6.933333333333334e-05,0.00028385555306158493,21276.0,21298.0,131.20186972618103,9.892479658126831,141.09434938430786,21168.0,21883.354838709678
ablation_no_reward_scale,738,31,18,P18,31,6.929166666666667e-05,-0.0031630980025511234,20509.0,20597.0,122.59724593162537,9.201691150665283,131.79893708229065,20323.0,21062.516129032258
ablation_no_reward_scale,739,31,19,P19,31,6.925e-05,0.008650648733600974,24288.0,24033.0,126.84490633010864,9.829964637756348,136.674870967865,23559.0,24519.225806451614
ablation_no_reward_scale,740,31,20,P20,31,6.920833333333334e-05,-0.004897172434721142,23376.0,22825.0,134.47289609909058,10.568930387496948,145.04182648658752,22226.0,23073.774193548386
ablation_no_reward_scale,741,31,21,P21,31,6.916666666666666e-05,-0.0008002898273844039,24287.0,23870.0,143.9492802619934,11.059897422790527,155.00917768478394,23544.0,24413.83870967742
ablation_no_reward_scale,742,31,22,P22,31,6.9125e-05,0.0012668445138842798,23999.0,23501.0,141.82060360908508,11.137251138687134,152.95785474777222,22997.0,23837.612903225807
ablation_no_reward_scale,743,31,23,P23,31,6.908333333333335e-05,0.002299817746721341,35079.0,36593.0,187.0310502052307,14.736013412475586,201.7670636177063,34512.0,36893.903225806454
ablation_no_reward_scale,744,31,24,P24,31,6.904166666666667e-05,-0.0046465789899230005,24176.0,23943.0,128.31606531143188,9.981975555419922,138.2980408668518,23686.0,24795.0
ablation_no_reward_scale,745,32,1,P1,32,6.9e-05,0.01598050759639591,6636.0,6496.0,30.10041904449463,1.9558331966400146,32.056252241134644,6012.0,6474.78125
ablation_no_reward_scale,746,32,2,P2,32,6.895833333333333e-05,-0.020145942457020283,8708.0,8922.0,38.45353960990906,2.5060997009277344,40.95963931083679,8324.0,8749.75
ablation_no_reward_scale,747,32,3,P3,32,6.891666666666667e-05,0.028838716447353363,6880.0,6744.0,27.895513772964478,1.8147389888763428,29.71025276184082,5877.0,6926.90625
ablation_no_reward_scale,748,32,4,P4,32,6.887500000000001e-05,-0.019434654153883457,3731.0,3708.0,22.034531593322754,1.4092471599578857,23.44377875328064,3703.0,3958.46875
ablation_no_reward_scale,749,32,5,P5,32,6.883333333333334e-05,-0.019609977956861258,4287.0,4277.0,24.048201084136963,1.5845017433166504,25.632702827453613,4237.0,4435.59375
ablation_no_reward_scale,750,32,6,P6,32,6.879166666666668e-05,-0.003355139517225325,4093.0,4046.0,25.405423164367676,1.6447536945343018,27.050176858901978,4017.0,4207.0625
ablation_no_reward_scale,751,32,7,P7,32,6.875e-05,0.003178223349095788,5994.0,5991.0,36.043209075927734,2.3186628818511963,38.36187195777893,5840.0,6252.6875
ablation_no_reward_scale,752,32,8,P8,32,6.870833333333333e-05,0.004096539283636957,5958.0,6056.0,31.839052200317383,2.0172371864318848,33.85628938674927,5663.0,6207.75
ablation_no_reward_scale,753,32,9,P9,32,6.866666666666666e-05,0.0002928563762907288,5681.0,5823.0,29.9537513256073,1.9162178039550781,31.869969129562378,5347.0,5890.78125
ablation_no_reward_scale,754,32,10,P10,32,6.8625e-05,-0.031250210013240576,5580.0,5540.0,19.36354923248291,1.263451099395752,20.627000331878662,5443.0,5699.25
ablation_no_reward_scale,755,32,11,P11,32,6.858333333333334e-05,-0.018174613593146205,11389.0,11389.0,37.12937641143799,2.454171657562256,39.583548069000244,11389.0,11623.25
ablation_no_reward_scale,756,32,12,P12,32,6.854166666666667e-05,0.014044871320948005,12071.0,12238.0,44.23010969161987,3.0377016067504883,47.26781129837036,11800.0,12617.6875
ablation_no_reward_scale,757,32,13,P13,32,6.850000000000001e-05,0.011770604876801372,19706.0,19893.0,103.43661093711853,7.620687484741211,111.05729842185974,19580.0,20534.90625
ablation_no_reward_scale,758,32,14,P14,32,6.845833333333333e-05,-0.005216967663727701,22074.0,22050.0,104.08136510848999,7.621423244476318,111.70278835296631,22003.0,22936.65625
ablation_no_reward_scale,759,32,15,P15,32,6.841666666666666e-05,0.0002882338008021179,20241.0,20278.0,107.65660786628723,7.833784818649292,115.49039268493652,19951.0,20643.875
ablation_no_reward_scale,760,32,16,P16,32,6.837500000000001e-05,7.093613548931898e-05,20936.0,20759.0,130.86994814872742,9.848317861557007,140.71826601028442,20521.0,21376.4375
ablation_no_reward_scale,761,32,17,P17,32,6.833333333333333e-05,0.0021944354841252787,21596.0,21566.0,131.24998426437378,9.907702922821045,141.15768718719482,21168.0,21873.4375
ablation_no_reward_scale,762,32,18,P18,32,6.829166666666667e-05,-0.003232554893475026,20583.0,20618.0,122.44690084457397,9.304994344711304,131.75189518928528,20323.0,21048.625
ablation_no_reward_scale,763,32,19,P19,32,6.825e-05,0.006268010777421296,23914.0,23885.0,126.04653644561768,9.862613439559937,135.9091498851776,23559.0,24499.40625
ablation_no_reward_scale,764,32,20,P20,32,6.820833333333334e-05,-0.004420733579900115,23142.0,22585.0,136.06120252609253,10.46947956085205,146.53068208694458,22226.0,23058.5
ablation_no_reward_scale,765,32,21,P21,32,6.816666666666667e-05,0.0013450332604406866,24176.0,23855.0,143.45838260650635,11.08302903175354,154.5414116382599,23544.0,24396.375
ablation_no_reward_scale,766,32,22,P22,32,6.8125e-05,-0.0010531099134823308,23533.0,23344.0,141.14213824272156,11.127427339553833,152.2695655822754,22997.0,23822.1875
ablation_no_reward_scale,767,32,23,P23,32,6.808333333333334e-05,0.004252468402098332,34297.0,35993.0,186.52385878562927,14.600739240646362,201.12459802627563,34512.0,36865.75
ablation_no_reward_scale,768,32,24,P24,32,6.804166666666668e-05,-0.0027446024490927813,23883.0,23889.0,127.73413109779358,9.997581005096436,137.73171210289001,23686.0,24766.6875
ablation_no_reward_scale,769,33,1,P1,33,6.8e-05,0.005029240288422443,6375.0,6226.0,30.466745615005493,1.9878573417663574,32.45460295677185,6012.0,6467.242424242424
ablation_no_reward_scale,770,33,2,P2,33,6.795833333333334e-05,0.0047481872024945915,8922.0,8922.0,38.4879195690155,2.519669532775879,41.00758910179138,8324.0,8754.969696969696
ablation_no_reward_scale,771,33,3,P3,33,6.791666666666667e-05,0.01420801121275872,6596.0,6744.0,28.07051968574524,1.8013484477996826,29.871868133544922,5877.0,6921.363636363636
ablation_no_reward_scale,772,33,4,P4,33,6.7875e-05,-0.01472757919691503,3748.0,3735.0,22.104222297668457,1.4267644882202148,23.530986785888672,3703.0,3951.6969696969695
ablation_no_reward_scale,773,33,5,P5,33,6.783333333333333e-05,-0.016085803043097258,4332.0,4292.0,24.138009548187256,1.5717167854309082,25.709726333618164,4237.0,4431.242424242424
ablation_no_reward_scale,774,33,6,P6,33,6.779166666666667e-05,-0.001114111510105431,4133.0,4046.0,25.179375171661377,1.5952932834625244,26.7746684551239,4017.0,4202.181818181818
ablation_no_reward_scale,775,33,7,P7,33,6.775000000000001e-05,0.007568666012957692,5917.0,5973.0,36.03937339782715,2.309969425201416,38.349342823028564,5840.0,6244.212121212121
ablation_no_reward_scale,776,33,8,P8,33,6.770833333333333e-05,0.003988570999354124,5938.0,5872.0,31.860415935516357,2.0746445655822754,33.93506050109863,5663.0,6197.575757575758
ablation_no_reward_scale,777,33,9,P9,33,6.766666666666668e-05,-0.001035028079058975,5655.0,5773.0,30.628849267959595,1.962740182876587,32.59158945083618,5347.0,5887.212121212121
ablation_no_reward_scale,778,33,10,P10,33,6.7625e-05,-0.03263028431683779,5505.0,5534.0,19.291332721710205,1.2670238018035889,20.558356523513794,5443.0,5694.242424242424
ablation_no_reward_scale,779,33,11,P11,33,6.758333333333333e-05,-0.01773117878474295,11378.0,11389.0,36.87268400192261,2.4091360569000244,39.28182005882263,11389.0,11616.151515151516
ablation_no_reward_scale,780,33,12,P12,33,6.754166666666666e-05,0.010433711111545563,12113.0,12135.0,44.236522912979126,2.9221508502960205,47.15867376327515,11800.0,12603.060606060606
ablation_no_reward_scale,781,33,13,P13,33,6.750000000000001e-05,0.017444348137360066,19823.0,19677.0,102.84556341171265,7.656943321228027,110.50250673294067,19580.0,20508.909090909092
ablation_no_reward_scale,782,33,14,P14,33,6.745833333333334e-05,-0.00493067956995219,22435.0,22180.0,103.46116995811462,7.632720470428467,111.09389042854309,22003.0,22913.727272727272
ablation_no_reward_scale,783,33,15,P15,33,6.741666666666667e-05,-0.0010057788858830463,20338.0,20177.0,107.51791620254517,7.907065153121948,115.42498135566711,19951.0,20629.727272727272
ablation_no_reward_scale,784,33,16,P16,33,6.737500000000001e-05,0.0028324254264589397,21192.0,20792.0,130.66752886772156,9.901126384735107,140.56865525245667,20521.0,21358.727272727272
ablation_no_reward_scale,785,33,17,P17,33,6.733333333333333e-05,-0.00142762023024261,21199.0,21688.0,131.6431622505188,10.019649028778076,141.66281127929688,21168.0,21867.81818181818
ablation_no_reward_scale,786,33,18,P18,33,6.729166666666666e-05,-0.001976211220608093,20719.0,20476.0,122.46392893791199,9.228448390960693,131.69237732887268,20323.0,21031.272727272728
ablation_no_reward_scale,787,33,19,P19,33,6.725000000000001e-05,0.004316701763309538,23648.0,23686.0,126.91001558303833,9.859492301940918,136.76950788497925,23559.0,24474.757575757576
ablation_no_reward_scale,788,33,20,P20,33,6.720833333333335e-05,-0.0028757208434399216,22792.0,22568.0,135.4644467830658,10.462452411651611,145.9268991947174,22226.0,23043.636363636364
ablation_no_reward_scale,789,33,21,P21,33,6.716666666666667e-05,-0.0016213465059990995,23862.0,23542.0,143.6220829486847,11.079183578491211,154.7012665271759,23542.0,24370.484848484848
ablation_no_reward_scale,790,33,22,P22,33,6.7125e-05,0.0013084507372695953,23490.0,23211.0,142.4328224658966,11.096395492553711,153.52921795845032,22997.0,23803.666666666668
ablation_no_reward_scale,791,33,23,P23,33,6.708333333333334e-05,0.0028685714475744006,34297.0,34247.0,186.34376096725464,14.74490237236023,201.08866333961487,34247.0,36786.393939393936
ablation_no_reward_scale,792,33,24,P24,33,6.704166666666667e-05,-0.005851824907585979,23675.0,23745.0,127.73514795303345,10.014770984649658,137.7499189376831,23686.0,24735.727272727272
ablation_no_reward_scale,793,34,1,P1,34,6.7e-05,0.011508896946907043,6314.0,6204.0,30.373735189437866,1.9553277492523193,32.329062938690186,6012.0,6459.5
ablation_no_reward_scale,794,34,2,P2,34,6.695833333333334e-05,-0.002156502378056757,8708.0,8538.0,38.57914996147156,2.5283398628234863,41.107489824295044,8324.0,8748.588235294117
ablation_no_reward_scale,795,34,3,P3,34,6.691666666666668e-05,0.016101582732517272,6610.0,6744.0,27.824193000793457,1.8413059711456299,29.665498971939087,5877.0,6916.14705882353
ablation_no_reward_scale,796,34,4,P4,34,6.6875e-05,-0.02056367788463831,3683.0,3765.0,22.19493818283081,1.4290058612823486,23.62394404411316,3703.0,3946.205882352941
ablation_no_reward_scale,797,34,5,P5,34,6.683333333333334e-05,-0.013649668078869581,4262.0,4282.0,24.156795501708984,1.5342018604278564,25.69099736213684,4237.0,4426.85294117647
ablation_no_reward_scale,798,34,6,P6,34,6.679166666666667e-05,0.0035205116728320718,4070.0,4037.0,24.668240785598755,1.616624355316162,26.284865140914917,4017.0,4197.323529411765
ablation_no_reward_scale,799,34,7,P7,34,6.675e-05,0.011268299771472812,5867.0,5912.0,36.05462980270386,2.3219127655029297,38.37654256820679,5840.0,6234.441176470588
ablation_no_reward_scale,800,34,8,P8,34,6.670833333333333e-05,0.00792758323950693,5932.0,5830.0,31.826178789138794,2.0563418865203857,33.88252067565918,5663.0,6186.764705882353
ablation_no_reward_scale,801,34,9,P9,34,6.666666666666668e-05,-0.010906573559623212,5509.0,5588.0,30.29030203819275,1.930448293685913,32.22075033187866,5347.0,5878.411764705882
ablation_no_reward_scale,802,34,10,P10,34,6.6625e-05,-0.03484627325087786,5540.0,5505.0,19.329122304916382,1.3059344291687012,20.635056734085083,5443.0,5688.676470588235
ablation_no_reward_scale,803,34,11,P11,34,6.658333333333333e-05,-0.010465864557772875,11428.0,11434.0,37.19119143486023,2.4956016540527344,39.686793088912964,11389.0,11610.79411764706
ablation_no_reward_scale,804,34,12,P12,34,6.654166666666667e-05,0.016059636953286827,12036.0,11873.0,44.67632794380188,2.92280912399292,47.5991370677948,11800.0,12581.588235294117
ablation_no_reward_scale,805,34,13,P13,34,6.65e-05,0.00955786055419594,19644.0,19812.0,102.86947631835938,7.623232364654541,110.49270868301392,19580.0,20488.41176470588
ablation_no_reward_scale,806,34,14,P14,34,6.645833333333333e-05,-0.0023483472468797117,22270.0,21915.0,104.4812970161438,7.700305700302124,112.18160271644592,21915.0,22884.352941176472
ablation_no_reward_scale,807,34,15,P15,34,6.641666666666668e-05,0.00043525527689780574,20210.0,20363.0,107.57166695594788,7.962265729904175,115.53393268585205,19951.0,20621.882352941175
ablation_no_reward_scale,808,34,16,P16,34,6.637500000000001e-05,0.00203697168326471,20912.0,20677.0,131.3904800415039,9.789573431015015,141.18005347251892,20521.0,21338.676470588234
ablation_no_reward_scale,809,34,17,P17,34,6.633333333333334e-05,0.0005973970466584433,21384.0,21116.0,131.68913531303406,9.93420672416687,141.62334203720093,21116.0,21845.70588235294
ablation_no_reward_scale,810,34,18,P18,34,6.629166666666666e-05,-0.004230300080962479,20435.0,20814.0,122.71886587142944,9.181288003921509,131.90015387535095,20323.0,21024.882352941175
ablation_no_reward_scale,811,34,19,P19,34,6.625e-05,0.006191305723041296,23728.0,23431.0,126.33739566802979,9.814361572265625,136.1517572402954,23431.0,24444.058823529413
ablation_no_reward_scale,812,34,20,P20,34,6.620833333333333e-05,-0.004127490718383342,22768.0,22427.0,135.24863481521606,10.539123773574829,145.7877585887909,22226.0,23025.5
ablation_no_reward_scale,813,34,21,P21,34,6.616666666666667e-05,-0.0013922975282184779,23658.0,23658.0,143.94716334342957,11.123743534088135,155.0709068775177,23542.0,24349.529411764706
ablation_no_reward_scale,814,34,22,P22,34,6.612500000000001e-05,0.0016488197055878119,23359.0,23266.0,142.33808517456055,11.148515224456787,153.48660039901733,22997.0,23787.852941176472
ablation_no_reward_scale,815,34,23,P23,34,6.608333333333334e-05,0.0012129311014307728,32791.0,32449.0,187.21166586875916,14.677270650863647,201.8889365196228,32449.0,36658.82352941176
ablation_no_reward_scale,816,34,24,P24,34,6.604166666666667e-05,-0.002000591184514633,23834.0,23695.0,128.15861988067627,9.9868745803833,138.14549446105957,23686.0,24705.117647058825
ablation_no_reward_scale,817,35,1,P1,35,6.599999999999999e-05,0.002676365529623581,6226.0,6239.0,30.392272233963013,1.967458963394165,32.35973119735718,6012.0,6453.2
ablation_no_reward_scale,818,35,2,P2,35,6.595833333333334e-05,0.0028369527717586607,8538.0,8484.0,38.33519506454468,2.540738821029663,40.87593388557434,8324.0,8741.028571428571
ablation_no_reward_scale,819,35,3,P3,35,6.591666666666667e-05,0.030702908989042044,6668.0,6770.0,28.091819286346436,1.8107171058654785,29.902536392211914,5877.0,6911.971428571429
ablation_no_reward_scale,820,35,4,P4,35,6.5875e-05,-0.01866453792899847,3735.0,3713.0,22.131709814071655,1.4246084690093994,23.556318283081055,3703.0,3939.542857142857
ablation_no_reward_scale,821,35,5,P5,35,6.583333333333334e-05,-0.02162842033430934,4292.0,4282.0,24.074636936187744,1.5499751567840576,25.6246120929718,4237.0,4422.714285714285
ablation_no_reward_scale,822,35,6,P6,35,6.579166666666668e-05,-0.010756611824035645,4033.0,4046.0,25.15393829345703,1.645371675491333,26.799309968948364,4017.0,4193.0
ablation_no_reward_scale,823,35,7,P7,35,6.575e-05,0.015243107103742659,5934.0,5872.0,36.59269094467163,2.320556640625,38.91324758529663,5840.0,6224.085714285714
ablation_no_reward_scale,824,35,8,P8,35,6.570833333333334e-05,0.004319090010540094,5827.0,5695.0,31.812438249588013,2.031460762023926,33.84389901161194,5663.0,6172.714285714285
ablation_no_reward_scale,825,35,9,P9,35,6.566666666666667e-05,-0.01042262522969395,5481.0,5463.0,30.229385137557983,1.9809088706970215,32.210294008255005,5347.0,5866.542857142857
ablation_no_reward_scale,826,35,10,P10,35,6.562500000000001e-05,-0.02325155818834901,5557.0,5557.0,19.500094413757324,1.2807323932647705,20.780826807022095,5443.0,5684.914285714286
ablation_no_reward_scale,827,35,11,P11,35,6.558333333333333e-05,-0.0048034111969172955,11434.0,11434.0,37.02587103843689,2.4651689529418945,39.491039991378784,11389.0,11605.742857142857
ablation_no_reward_scale,828,35,12,P12,35,6.554166666666667e-05,0.004840054753003642,11944.0,11843.0,44.57029390335083,2.933136224746704,47.503430128097534,11800.0,12560.485714285714
ablation_no_reward_scale,829,35,13,P13,35,6.55e-05,0.013865067856386304,19698.0,19670.0,103.88391351699829,7.577091217041016,111.4610047340393,19580.0,20465.02857142857
ablation_no_reward_scale,830,35,14,P14,35,6.545833333333333e-05,-0.004709639601060189,22318.0,21940.0,103.75828838348389,7.653324604034424,111.41161298751831,21915.0,22857.371428571427
ablation_no_reward_scale,831,35,15,P15,35,6.541666666666667e-05,0.0024014219306991436,20301.0,20210.0,107.82672834396362,7.948207855224609,115.77493619918823,19951.0,20610.114285714284
ablation_no_reward_scale,832,35,16,P16,35,6.5375e-05,-0.0017315142671577633,20828.0,20568.0,130.2983455657959,9.881370782852173,140.17971634864807,20521.0,21316.657142857144
ablation_no_reward_scale,833,35,17,P17,35,6.533333333333334e-05,-0.0008756485411140602,20825.0,21312.0,131.56764578819275,9.922718286514282,141.49036407470703,21116.0,21830.457142857143
ablation_no_reward_scale,834,35,18,P18,35,6.529166666666666e-05,-0.00022678417844872455,20676.0,20516.0,122.43835830688477,9.313918113708496,131.75227642059326,20323.0,21010.342857142856
ablation_no_reward_scale,835,35,19,P19,35,6.525000000000001e-05,0.0037167731556110085,23507.0,23373.0,126.4364492893219,9.804416179656982,136.24086546897888,23373.0,24413.457142857143
ablation_no_reward_scale,836,35,20,P20,35,6.520833333333334e-05,-0.0031052641570568085,22643.0,22482.0,136.0876340866089,10.452351093292236,146.53998517990112,22226.0,23009.97142857143
ablation_no_reward_scale,837,35,21,P21,35,6.516666666666666e-05,-0.0017464647884480656,23649.0,23539.0,143.1456835269928,11.159409761428833,154.30509328842163,23539.0,24326.371428571427
ablation_no_reward_scale,838,35,22,P22,35,6.5125e-05,0.0023644416069146246,23384.0,23156.0,141.5797622203827,11.047771692276001,152.6275339126587,22997.0,23769.8
ablation_no_reward_scale,839,35,23,P23,35,6.508333333333333e-05,0.000473564860710342,32430.0,32495.0,187.51892471313477,14.62523627281189,202.14416098594666,32449.0,36539.857142857145
ablation_no_reward_scale,840,35,24,P24,35,6.504166666666667e-05,-0.002269977565447334,23948.0,23754.0,127.64425015449524,10.043489933013916,137.68774008750916,23686.0,24677.942857142858
ablation_no_reward_scale,841,36,1,P1,36,6.500000000000001e-05,0.005431896075606346,6215.0,6239.0,30.609126091003418,1.9930460453033447,32.60217213630676,6012.0,6447.25
ablation_no_reward_scale,842,36,2,P2,36,6.495833333333334e-05,0.0040891859389375895,8708.0,8538.0,38.54286503791809,2.49013614654541,41.0330011844635,8324.0,8735.388888888889
ablation_no_reward_scale,843,36,3,P3,36,6.491666666666667e-05,0.012988750444492325,6545.0,6731.0,27.472113609313965,1.800095558166504,29.27220916748047,5877.0,6906.944444444444
ablation_no_reward_scale,844,36,4,P4,36,6.487499999999999e-05,-0.010662301909178495,3753.0,3753.0,22.089670419692993,1.3995821475982666,23.48925256729126,3703.0,3934.3611111111113
ablation_no_reward_scale,845,36,5,P5,36,6.483333333333333e-05,-0.014477196149528027,4292.0,4282.0,24.24235248565674,1.5688931941986084,25.811245679855347,4237.0,4418.805555555556
ablation_no_reward_scale,846,36,6,P6,36,6.479166666666668e-05,-0.004520066897384822,4017.0,4003.0,25.76391053199768,1.710381269454956,27.474291801452637,4003.0,4187.722222222223
ablation_no_reward_scale,847,36,7,P7,36,6.475e-05,0.01631632645148784,5859.0,5841.0,36.79122495651245,2.339414596557617,39.13063955307007,5840.0,6213.444444444444
ablation_no_reward_scale,848,36,8,P8,36,6.470833333333334e-05,0.0002499851270840736,5754.0,5686.0,32.07479238510132,2.0525612831115723,34.12735366821289,5663.0,6159.194444444444
ablation_no_reward_scale,849,36,9,P9,36,6.466666666666668e-05,-0.0006735120314260712,5529.0,5437.0,30.65164875984192,1.9613184928894043,32.61296725273132,5347.0,5854.611111111111
ablation_no_reward_scale,850,36,10,P10,36,6.4625e-05,-0.036575923673808575,5540.0,5540.0,19.2570858001709,1.256664752960205,20.513750553131104,5443.0,5680.888888888889
ablation_no_reward_scale,851,36,11,P11,36,6.458333333333334e-05,-0.014825290068984032,11490.0,11434.0,36.940277338027954,2.417135715484619,39.35741305351257,11389.0,11600.972222222223
ablation_no_reward_scale,852,36,12,P12,36,6.454166666666667e-05,0.01362078741658479,12090.0,11870.0,44.32484722137451,2.9800233840942383,47.30487060546875,11800.0,12541.305555555555
ablation_no_reward_scale,853,36,13,P13,36,6.450000000000001e-05,0.01448338880436495,19610.0,19576.0,103.3295648097992,7.708443880081177,111.03800868988037,19576.0,20440.333333333332
ablation_no_reward_scale,854,36,14,P14,36,6.445833333333333e-05,-0.006813332118326798,21896.0,22048.0,104.25730061531067,7.6886467933654785,111.94594740867615,21915.0,22834.88888888889
ablation_no_reward_scale,855,36,15,P15,36,6.441666666666667e-05,0.003453027515206486,20361.0,20455.0,107.02977705001831,7.915259838104248,114.94503688812256,19951.0,20605.805555555555
ablation_no_reward_scale,856,36,16,P16,36,6.4375e-05,-0.0020971881574951114,20626.0,20543.0,130.95892715454102,9.92966914176941,140.88859629631042,20521.0,21295.166666666668
ablation_no_reward_scale,857,36,17,P17,36,6.433333333333333e-05,0.003928883117623627,21455.0,21170.0,131.7294270992279,9.920547485351562,141.64997458457947,21116.0,21812.11111111111
ablation_no_reward_scale,858,36,18,P18,36,6.429166666666667e-05,-0.004086807498242706,20494.0,20656.0,122.60979580879211,9.298923254013062,131.90871906280518,20323.0,21000.5
ablation_no_reward_scale,859,36,19,P19,36,6.425000000000002e-05,0.005825577047653496,23646.0,23274.0,127.23394656181335,9.81242322921753,137.04636979103088,23274.0,24381.805555555555
ablation_no_reward_scale,860,36,20,P20,36,6.420833333333334e-05,-0.004434151039458811,22599.0,22556.0,135.27882981300354,10.489740133285522,145.76856994628906,22226.0,22997.36111111111
ablation_no_reward_scale,861,36,21,P21,36,6.416666666666666e-05,0.00017834009922808037,23818.0,23496.0,144.03759026527405,11.162707328796387,155.20029759407043,23496.0,24303.305555555555
ablation_no_reward_scale,862,36,22,P22,36,6.4125e-05,0.00044625489972531794,23358.0,23353.0,142.82390904426575,11.03866982460022,153.86257886886597,22997.0,23758.222222222223
ablation_no_reward_scale,863,36,23,P23,36,6.408333333333334e-05,0.000869616036912443,32582.0,31950.0,188.26208567619324,14.806315660476685,203.06840133666992,31950.0,36412.36111111111
ablation_no_reward_scale,864,36,24,P24,36,6.404166666666666e-05,-0.0016996963633573614,23912.0,23961.0,128.72281575202942,10.06658124923706,138.78939700126648,23686.0,24658.027777777777
ablation_no_reward_scale,865,37,1,P1,37,6.400000000000001e-05,-0.0013501026260200888,6215.0,6226.0,30.43969440460205,1.9748947620391846,32.414589166641235,6012.0,6441.27027027027
ablation_no_reward_scale,866,37,2,P2,37,6.395833333333335e-05,-0.0027771583409048617,8494.0,8390.0,38.484678983688354,2.507857322692871,40.992536306381226,8324.0,8726.054054054053
ablation_no_reward_scale,867,37,3,P3,37,6.391666666666667e-05,0.038278519641608,6744.0,6733.0,28.170839548110962,1.84049654006958,30.011336088180542,5877.0,6902.243243243243
ablation_no_reward_scale,868,37,4,P4,37,6.3875e-05,-0.020682720001786947,3748.0,3699.0,22.24662208557129,1.404921054840088,23.651543140411377,3699.0,3928.0
ablation_no_reward_scale,869,37,5,P5,37,6.383333333333333e-05,-0.03091211197897792,4322.0,4282.0,23.87700080871582,1.5402147769927979,25.417215585708618,4237.0,4415.108108108108
ablation_no_reward_scale,870,37,6,P6,37,6.379166666666667e-05,-0.01132538472302258,4056.0,4046.0,24.88255000114441,1.6175122261047363,26.500062227249146,4003.0,4183.891891891892
ablation_no_reward_scale,871,37,7,P7,37,6.375e-05,0.018221589969471097,5869.0,5781.0,36.43218803405762,2.34428071975708,38.7764687538147,5781.0,6201.756756756757
ablation_no_reward_scale,872,37,8,P8,37,6.370833333333334e-05,-0.0029206133403931744,5747.0,5677.0,32.28846478462219,2.0618081092834473,34.35027289390564,5663.0,6146.1621621621625
ablation_no_reward_scale,873,37,9,P9,37,6.366666666666668e-05,0.0026403297524666414,5525.0,5396.0,30.40814447402954,1.971707820892334,32.379852294921875,5347.0,5842.216216216216
ablation_no_reward_scale,874,37,10,P10,37,6.3625e-05,-0.031123720575124025,5540.0,5557.0,19.465354204177856,1.276315450668335,20.74166965484619,5443.0,5677.540540540541
ablation_no_reward_scale,875,37,11,P11,37,6.358333333333332e-05,-0.00792644830653444,11553.0,11434.0,37.1626877784729,2.4570181369781494,39.61970591545105,11389.0,11596.45945945946
ablation_no_reward_scale,876,37,12,P12,37,6.354166666666668e-05,0.002771316561847925,11938.0,11862.0,44.286559104919434,2.9584720134735107,47.245031118392944,11800.0,12522.945945945947
ablation_no_reward_scale,877,37,13,P13,37,6.35e-05,0.010619984881486744,19629.0,19677.0,103.13812041282654,7.652361154556274,110.79048156738281,19576.0,20419.702702702703
ablation_no_reward_scale,878,37,14,P14,37,6.345833333333334e-05,-0.0036831273027928546,21950.0,21996.0,104.12554049491882,7.617860555648804,111.74340105056763,21915.0,22812.216216216217
ablation_no_reward_scale,879,37,15,P15,37,6.341666666666667e-05,0.0010728400993684772,20286.0,20310.0,106.93740606307983,7.899073123931885,114.83647918701172,19951.0,20597.81081081081
ablation_no_reward_scale,880,37,16,P16,37,6.337500000000001e-05,-0.0008420985079283128,20605.0,20668.0,131.02263188362122,9.846684694290161,140.86931657791138,20521.0,21278.216216216217
ablation_no_reward_scale,881,37,17,P17,37,6.333333333333333e-05,0.0026729958248324693,21273.0,20889.0,131.41080713272095,9.970913410186768,141.38172054290771,20889.0,21787.162162162163
ablation_no_reward_scale,882,37,18,P18,37,6.329166666666667e-05,-0.0036201199516654016,20550.0,20659.0,122.36979579925537,9.164797067642212,131.53459286689758,20323.0,20991.27027027027
ablation_no_reward_scale,883,37,19,P19,37,6.325e-05,0.005197439796756953,23706.0,23382.0,126.75459742546082,9.847687244415283,136.6022846698761,23274.0,24354.783783783783
ablation_no_reward_scale,884,37,20,P20,37,6.320833333333334e-05,-0.005225594388321042,22391.0,22392.0,134.89353609085083,10.566366910934448,145.45990300178528,22226.0,22981.0
ablation_no_reward_scale,885,37,21,P21,37,6.316666666666667e-05,0.0020487052563112227,23687.0,23450.0,143.8574013710022,11.104457378387451,154.96185874938965,23450.0,24280.243243243243
ablation_no_reward_scale,886,37,22,P22,37,6.3125e-05,-0.0005933484049819526,23354.0,23296.0,142.19296312332153,11.19154143333435,153.38450455665588,22997.0,23745.72972972973
ablation_no_reward_scale,887,37,23,P23,37,6.308333333333334e-05,0.001953443736056215,32514.0,31857.0,187.79534316062927,14.696852684020996,202.49219584465027,31857.0,36289.24324324324
ablation_no_reward_scale,888,37,24,P24,37,6.304166666666666e-05,-0.0014686707116197794,23843.0,23868.0,128.09558701515198,9.96079707145691,138.0563840866089,23686.0,24636.675675675677
ablation_no_reward_scale,889,38,1,P1,38,6.3e-05,-0.003927195764845237,6164.0,6226.0,30.209735870361328,1.992393970489502,32.20212984085083,6012.0,6435.605263157895
ablation_no_reward_scale,890,38,2,P2,38,6.295833333333334e-05,0.0001758078215061687,8538.0,8484.0,38.402666330337524,2.5510189533233643,40.95368528366089,8324.0,8719.684210526315
ablation_no_reward_scale,891,38,3,P3,38,6.291666666666667e-05,0.018605900462716818,6545.0,6720.0,27.94288468360901,1.8119852542877197,29.75486993789673,5877.0,6897.4473684210525
ablation_no_reward_scale,892,38,4,P4,38,6.2875e-05,-0.00784549512900412,3738.0,3765.0,22.2554669380188,1.4182875156402588,23.673754453659058,3699.0,3923.7105263157896
ablation_no_reward_scale,893,38,5,P5,38,6.283333333333335e-05,-0.01760384114459157,4252.0,4282.0,23.9279568195343,1.5447368621826172,25.47269368171692,4237.0,4411.605263157895
ablation_no_reward_scale,894,38,6,P6,38,6.279166666666667e-05,-0.00325089308898896,4098.0,4082.0,25.22608709335327,1.6235222816467285,26.849609375,4003.0,4181.210526315789
ablation_no_reward_scale,895,38,7,P7,38,6.275e-05,0.0007193813926278381,5778.0,5781.0,36.526963233947754,2.3560495376586914,38.883012771606445,5781.0,6190.684210526316
ablation_no_reward_scale,896,38,8,P8,38,6.270833333333333e-05,0.009459178545512259,5767.0,5677.0,31.9391348361969,2.047710418701172,33.98684525489807,5663.0,6133.815789473684
ablation_no_reward_scale,897,38,9,P9,38,6.266666666666667e-05,-0.004086380486114649,5457.0,5414.0,30.315874099731445,1.9403157234191895,32.256189823150635,5347.0,5830.9473684210525
ablation_no_reward_scale,898,38,10,P10,38,6.2625e-05,-0.026485114358365536,5534.0,5505.0,19.389182567596436,1.2816965579986572,20.670879125595093,5443.0,5673.0
ablation_no_reward_scale,899,38,11,P11,38,6.258333333333334e-05,-0.010524824145250022,11389.0,11434.0,37.02671575546265,2.4374499320983887,39.464165687561035,11389.0,11592.184210526315
ablation_no_reward_scale,900,38,12,P12,38,6.254166666666668e-05,0.008518963179085404,11962.0,11852.0,44.603917837142944,2.974045991897583,47.57796382904053,11800.0,12505.28947368421
ablation_no_reward_scale,901,38,13,P13,38,6.25e-05,0.016553506662603468,20098.0,19787.0,103.51797318458557,7.665899991989136,111.1838731765747,19576.0,20403.052631578947
ablation_no_reward_scale,902,38,14,P14,38,6.245833333333332e-05,-0.008144791412632912,21967.0,22043.0,104.32739210128784,7.862222194671631,112.18961429595947,21915.0,22791.973684210527
ablation_no_reward_scale,903,38,15,P15,38,6.241666666666666e-05,0.004885908681899309,20613.0,20070.0,107.36973738670349,7.906536340713501,115.27627372741699,19951.0,20583.92105263158
ablation_no_reward_scale,904,38,16,P16,38,6.237500000000001e-05,-0.004959167004562915,20688.0,20510.0,130.70552730560303,9.841955184936523,140.54748249053955,20510.0,21258.0
ablation_no_reward_scale,905,38,17,P17,38,6.233333333333334e-05,0.004155791271477938,21305.0,20953.0,131.69300079345703,9.919633388519287,141.61263418197632,20889.0,21765.21052631579
ablation_no_reward_scale,906,38,18,P18,38,6.229166666666667e-05,-0.003615790727781132,20605.0,20329.0,122.54771089553833,9.349317789077759,131.8970286846161,20323.0,20973.842105263157
ablation_no_reward_scale,907,38,19,P19,38,6.225000000000001e-05,0.004002188553567976,23553.0,23522.0,127.17896294593811,9.850565671920776,137.0295286178589,23274.0,24332.86842105263
ablation_no_reward_scale,908,38,20,P20,38,6.220833333333333e-05,-0.003444088250398636,22682.0,22648.0,136.49722003936768,10.446524858474731,146.9437448978424,22226.0,22972.236842105263
ablation_no_reward_scale,909,38,21,P21,38,6.216666666666666e-05,-0.00021162598895898554,23675.0,23551.0,143.2369728088379,11.132508277893066,154.36948108673096,23450.0,24261.052631578947
ablation_no_reward_scale,910,38,22,P22,38,6.2125e-05,0.0012417434045346454,23427.0,23099.0,143.13305497169495,11.284795761108398,154.41785073280334,22997.0,23728.71052631579
ablation_no_reward_scale,911,38,23,P23,38,6.208333333333334e-05,0.00131247246755655,32953.0,32278.0,187.62810349464417,14.713261842727661,202.34136533737183,31857.0,36183.68421052631
ablation_no_reward_scale,912,38,24,P24,38,6.204166666666667e-05,-0.0017563421512022614,24089.0,23744.0,128.52508163452148,10.043003797531128,138.5680854320526,23686.0,24613.184210526317
ablation_no_reward_scale,913,39,1,P1,39,6.2e-05,0.003926928708096966,6301.0,6239.0,30.616199016571045,2.0027153491973877,32.61891436576843,6012.0,6430.5641025641025
ablation_no_reward_scale,914,39,2,P2,39,6.195833333333334e-05,0.0011256450816290453,8698.0,8698.0,38.39045834541321,2.489363670349121,40.87982201576233,8324.0,8719.128205128205
ablation_no_reward_scale,915,39,3,P3,39,6.191666666666666e-05,0.028666210593655705,6744.0,6733.0,27.65962529182434,1.8003077507019043,29.459933042526245,5877.0,6893.2307692307695
ablation_no_reward_scale,916,39,4,P4,39,6.1875e-05,-0.01703968970105052,3749.0,3738.0,22.083959817886353,1.4079594612121582,23.49191927909851,3699.0,3918.948717948718
ablation_no_reward_scale,917,39,5,P5,39,6.183333333333334e-05,-0.023840077687054873,4272.0,4282.0,24.10966444015503,1.5438411235809326,25.653505563735962,4237.0,4408.282051282052
ablation_no_reward_scale,918,39,6,P6,39,6.179166666666667e-05,-0.0102152896579355,4071.0,4087.0,24.833549976348877,1.614870548248291,26.448420524597168,4003.0,4178.794871794872
ablation_no_reward_scale,919,39,7,P7,39,6.175e-05,0.004126710904529318,5754.0,5720.0,36.57553553581238,2.3318610191345215,38.9073965549469,5720.0,6178.615384615385
ablation_no_reward_scale,920,39,8,P8,39,6.170833333333333e-05,0.009998435620218515,5752.0,5707.0,32.66564917564392,2.126798152923584,34.792447328567505,5663.0,6122.871794871795
ablation_no_reward_scale,921,39,9,P9,39,6.166666666666667e-05,-0.0037038634800410364,5566.0,5470.0,30.75006413459778,1.938549518585205,32.68861365318298,5347.0,5821.692307692308
ablation_no_reward_scale,922,39,10,P10,39,6.1625e-05,-0.023585296235978603,5685.0,5588.0,19.497868299484253,1.2668976783752441,20.764765977859497,5443.0,5670.820512820513
ablation_no_reward_scale,923,39,11,P11,39,6.158333333333334e-05,-0.016927802585996687,11389.0,11434.0,37.17183589935303,2.431950569152832,39.60378646850586,11389.0,11588.128205128205
ablation_no_reward_scale,924,39,12,P12,39,6.154166666666668e-05,0.00928781135007739,12106.0,11983.0,44.31170177459717,2.981632947921753,47.29333472251892,11800.0,12491.897435897436
ablation_no_reward_scale,925,39,13,P13,39,6.15e-05,0.010560110211372375,19527.0,19680.0,103.89320492744446,7.65409255027771,111.54729747772217,19576.0,20384.51282051282
ablation_no_reward_scale,926,39,14,P14,39,6.145833333333333e-05,-0.0022303989535430446,22053.0,21892.0,103.96013879776001,7.682429552078247,111.64256834983826,21892.0,22768.897435897437
ablation_no_reward_scale,927,39,15,P15,39,6.141666666666668e-05,-0.002017688126215944,20118.0,20280.0,107.47311878204346,8.02817964553833,115.50129842758179,19951.0,20576.128205128207
ablation_no_reward_scale,928,39,16,P16,39,6.1375e-05,0.0002204646272730315,20808.0,20551.0,131.02953910827637,9.800107479095459,140.82964658737183,20510.0,21239.871794871793
ablation_no_reward_scale,929,39,17,P17,39,6.133333333333334e-05,0.001348506854264997,21273.0,21013.0,131.62417602539062,9.88602590560913,141.51020193099976,20889.0,21745.923076923078
ablation_no_reward_scale,930,39,18,P18,39,6.129166666666667e-05,-0.0036509056109935044,20360.0,20586.0,122.47255849838257,9.270222425460815,131.74278092384338,20323.0,20963.897435897437
ablation_no_reward_scale,931,39,19,P19,39,6.125000000000001e-05,0.005223688995465636,23399.0,23353.0,127.6449716091156,9.82406497001648,137.46903657913208,23274.0,24307.74358974359
ablation_no_reward_scale,932,39,20,P20,39,6.120833333333333e-05,-0.00178435193374753,23083.0,22632.0,135.90387845039368,10.50179672241211,146.4056751728058,22226.0,22963.51282051282
ablation_no_reward_scale,933,39,21,P21,39,6.116666666666667e-05,-0.0009560094640619354,23951.0,23538.0,144.73630952835083,11.18984055519104,155.92615008354187,23450.0,24242.51282051282
ablation_no_reward_scale,934,39,22,P22,39,6.112500000000001e-05,-0.00015623499202774838,23580.0,23359.0,142.58410024642944,11.118191242218018,153.70229148864746,22997.0,23719.23076923077
ablation_no_reward_scale,935,39,23,P23,39,6.108333333333333e-05,0.001552255657900657,32428.0,33235.0,187.4928081035614,14.80769658088684,202.30050468444824,31857.0,36108.07692307692
ablation_no_reward_scale,936,39,24,P24,39,6.104166666666667e-05,0.0004092064409633167,24216.0,23795.0,128.53537917137146,10.014619588851929,138.5499987602234,23686.0,24592.20512820513
ablation_no_reward_scale,937,40,1,P1,40,6.1e-05,0.0071925612865015864,6336.0,6144.0,30.45130443572998,1.9710969924926758,32.422401428222656,6012.0,6423.4
ablation_no_reward_scale,938,40,2,P2,40,6.095833333333334e-05,0.0010913824535236927,8708.0,8484.0,38.545960903167725,2.5055296421051025,41.05149054527283,8324.0,8713.25
ablation_no_reward_scale,939,40,3,P3,40,6.0916666666666666e-05,0.013239800660812762,6623.0,6733.0,28.27519679069519,1.8482861518859863,30.123482942581177,5877.0,6889.225
ablation_no_reward_scale,940,40,4,P4,40,6.0875e-05,-0.011949811829254031,3738.0,3738.0,22.276151418685913,1.4084045886993408,23.684556007385254,3699.0,3914.425
ablation_no_reward_scale,941,40,5,P5,40,6.083333333333334e-05,-0.006904170964844525,4339.0,4282.0,23.999350547790527,1.5478549003601074,25.547205448150635,4237.0,4405.125
ablation_no_reward_scale,942,40,6,P6,40,6.079166666666667e-05,-0.00784685485996306,3980.0,4020.0,24.966150999069214,1.5996291637420654,26.56578016281128,4003.0,4174.825
ablation_no_reward_scale,943,40,7,P7,40,6.074999999999999e-05,0.004967296787071973,5775.0,5724.0,36.62271809577942,2.2694597244262695,38.89217782020569,5720.0,6167.25
ablation_no_reward_scale,944,40,8,P8,40,6.0708333333333336e-05,0.013479142100550234,5829.0,5695.0,31.80998921394348,2.049072504043579,33.85906171798706,5663.0,6112.175
ablation_no_reward_scale,945,40,9,P9,40,6.066666666666667e-05,-0.002445490288664587,5528.0,5391.0,30.505928993225098,1.9771928787231445,32.48312187194824,5347.0,5810.925
ablation_no_reward_scale,946,40,10,P10,40,6.0624999999999996e-05,-0.023931255098432302,5602.0,5560.0,19.569209814071655,1.2646126747131348,20.83382248878479,5443.0,5668.05
ablation_no_reward_scale,947,40,11,P11,40,6.058333333333333e-05,-0.018202354898676276,11389.0,11434.0,37.18119931221008,2.4969661235809326,39.678165435791016,11389.0,11584.275
ablation_no_reward_scale,948,40,12,P12,40,6.054166666666668e-05,0.013984579592943192,12009.0,11838.0,44.53011441230774,2.9094579219818115,47.43957233428955,11800.0,12475.55
ablation_no_reward_scale,949,40,13,P13,40,6.05e-05,0.010647988179698586,19612.0,19649.0,103.34358334541321,7.637518405914307,110.98110175132751,19576.0,20366.125
ablation_no_reward_scale,950,40,14,P14,40,6.045833333333333e-05,-0.0013183066384954145,21968.0,21901.0,104.34888219833374,7.627321720123291,111.97620391845703,21892.0,22747.2
ablation_no_reward_scale,951,40,15,P15,40,6.0416666666666674e-05,-0.0024788634254946373,20094.0,20210.0,107.69815397262573,7.921566009521484,115.61971998214722,19951.0,20566.975
ablation_no_reward_scale,952,40,16,P16,40,6.0375000000000004e-05,0.0013633418682729825,20700.0,20547.0,131.44333624839783,9.90998649597168,141.3533227443695,20510.0,21222.55
ablation_no_reward_scale,953,40,17,P17,40,6.0333333333333334e-05,0.0012265532714081928,21017.0,21141.0,131.82573103904724,9.952715396881104,141.77844643592834,20889.0,21730.8
ablation_no_reward_scale,954,40,18,P18,40,6.029166666666667e-05,-0.0012475256757170428,20548.0,20420.0,123.01489901542664,9.211855411529541,132.22675442695618,20323.0,20950.3
ablation_no_reward_scale,955,40,19,P19,40,6.025000000000001e-05,0.0025217030779458582,23255.0,23320.0,126.80212473869324,9.896872520446777,136.69899725914001,23274.0,24283.05
ablation_no_reward_scale,956,40,20,P20,40,6.020833333333333e-05,0.0013748564873822034,23376.0,22682.0,136.64747714996338,10.546356678009033,147.1938338279724,22226.0,22956.475
ablation_no_reward_scale,957,40,21,P21,40,6.0166666666666674e-05,-0.002626959385816008,24015.0,23438.0,144.68219566345215,11.08581805229187,155.76801371574402,23438.0,24222.4
ablation_no_reward_scale,958,40,22,P22,40,6.012500000000001e-05,0.00015394510664918927,23707.0,23247.0,142.79525542259216,11.323719263076782,154.11897468566895,22997.0,23707.425
ablation_no_reward_scale,959,40,23,P23,40,6.0083333333333335e-05,0.0015154402582473786,32828.0,32105.0,188.71841716766357,14.7547926902771,203.47320985794067,31857.0,36008.0
ablation_no_reward_scale,960,40,24,P24,40,6.0041666666666665e-05,0.0002471306397637818,24272.0,23883.0,130.03373312950134,10.042970657348633,140.07670378684998,23686.0,24574.475
ablation_no_reward_scale,961,41,1,P1,41,6e-05,-0.0021733937901444733,6204.0,6304.0,30.293943881988525,1.9934360980987549,32.28737998008728,6012.0,6420.487804878048
ablation_no_reward_scale,962,41,2,P2,41,5.995833333333334e-05,0.008658366976305842,8708.0,8399.0,38.3142523765564,2.506697416305542,40.82094979286194,8324.0,8705.585365853658
ablation_no_reward_scale,963,41,3,P3,41,5.991666666666667e-05,0.007237615063786507,6316.0,6316.0,27.973050117492676,1.8085777759552002,29.781627893447876,5877.0,6875.243902439024
ablation_no_reward_scale,964,41,4,P4,41,5.9875000000000005e-05,-0.01688074180856347,3791.0,3761.0,21.993540048599243,1.4037106037139893,23.397250652313232,3699.0,3910.682926829268
ablation_no_reward_scale,965,41,5,P5,41,5.983333333333334e-05,-0.005143910646438599,4377.0,4322.0,24.408539295196533,1.5716753005981445,25.980214595794678,4237.0,4403.09756097561
ablation_no_reward_scale,966,41,6,P6,41,5.9791666666666665e-05,0.00514352519530803,3995.0,4077.0,25.186439990997314,1.6066691875457764,26.79310917854309,4003.0,4172.4390243902435
ablation_no_reward_scale,967,41,7,P7,41,5.9749999999999995e-05,0.013839141698554158,5780.0,5785.0,36.557856798172,2.3171544075012207,38.87501120567322,5720.0,6157.926829268293
ablation_no_reward_scale,968,41,8,P8,41,5.9708333333333346e-05,0.0007455525828845566,5777.0,5710.0,31.91001558303833,2.0571486949920654,33.967164278030396,5663.0,6102.365853658536
ablation_no_reward_scale,969,41,9,P9,41,5.966666666666667e-05,0.003642396055511199,5583.0,5517.0,30.580419063568115,1.9763920307159424,32.55681109428406,5347.0,5803.756097560976
ablation_no_reward_scale,970,41,10,P10,41,5.9625e-05,-0.023986841551959515,5557.0,5689.0,19.613957166671753,1.2654671669006348,20.879424333572388,5443.0,5668.5609756097565
ablation_no_reward_scale,971,41,11,P11,41,5.9583333333333336e-05,-0.019208207493647933,11389.0,11434.0,37.23147916793823,2.4742050170898438,39.705684185028076,11389.0,11580.609756097561
ablation_no_reward_scale,972,41,12,P12,41,5.954166666666667e-05,0.019788743695244193,12009.0,11954.0,44.788641691207886,2.993596076965332,47.78223776817322,11800.0,12462.829268292682
ablation_no_reward_scale,973,41,13,P13,41,5.95e-05,0.008244225231464952,19743.0,19572.0,103.65873074531555,7.572153568267822,111.23088431358337,19572.0,20346.756097560974
ablation_no_reward_scale,974,41,14,P14,41,5.945833333333334e-05,-0.0016527879415662028,22147.0,22149.0,104.85884857177734,7.6693408489227295,112.52818942070007,21892.0,22732.60975609756
ablation_no_reward_scale,975,41,15,P15,41,5.9416666666666677e-05,-0.0012316337324591586,20195.0,20250.0,107.28054690361023,7.959885120391846,115.24043202400208,19951.0,20559.243902439026
ablation_no_reward_scale,976,41,16,P16,41,5.9375e-05,0.0021321535677998327,20844.0,20729.0,130.60390543937683,9.851375341415405,140.45528078079224,20510.0,21210.51219512195
ablation_no_reward_scale,977,41,17,P17,41,5.933333333333333e-05,-0.00033084729220718146,20989.0,20880.0,131.98861837387085,10.043364763259888,142.03198313713074,20880.0,21710.048780487807
ablation_no_reward_scale,978,41,18,P18,41,5.929166666666667e-05,-0.0010963826076476834,20700.0,20505.0,122.275794506073,9.27875566482544,131.55455017089844,20323.0,20939.439024390245
ablation_no_reward_scale,979,41,19,P19,41,5.9250000000000004e-05,0.0020182114851195363,23240.0,23250.0,126.82329893112183,9.878268003463745,136.70156693458557,23250.0,24257.853658536584
ablation_no_reward_scale,980,41,20,P20,41,5.9208333333333334e-05,-0.0015068183914991097,22762.0,22696.0,136.40239644050598,10.525821208953857,146.92821764945984,22226.0,22950.121951219513
ablation_no_reward_scale,981,41,21,P21,41,5.916666666666667e-05,-0.0006524702577735298,23951.0,23521.0,144.7768361568451,11.162657499313354,155.93949365615845,23438.0,24205.29268292683
ablation_no_reward_scale,982,41,22,P22,41,5.912500000000001e-05,0.001604529281030409,23820.0,23423.0,142.2856786251068,11.224325895309448,153.51000452041626,22997.0,23700.48780487805
ablation_no_reward_scale,983,41,23,P23,41,5.908333333333334e-05,-0.00025174067247592447,32719.0,32014.0,187.48137140274048,14.720827341079712,202.2021987438202,31857.0,35910.58536585366
ablation_no_reward_scale,984,41,24,P24,41,5.904166666666666e-05,-6.733650243404555e-05,24062.0,23805.0,127.9248673915863,10.126144886016846,138.05101227760315,23686.0,24555.70731707317
ablation_no_reward_scale,985,42,1,P1,42,5.900000000000001e-05,-0.001497482597187627,6216.0,6216.0,30.64922833442688,1.9625906944274902,32.61181902885437,6012.0,6415.619047619048
ablation_no_reward_scale,986,42,2,P2,42,5.8958333333333334e-05,-0.0016777146447566338,8494.0,8324.0,38.21561574935913,2.5140798091888428,40.729695558547974,8324.0,8696.5
ablation_no_reward_scale,987,42,3,P3,42,5.8916666666666664e-05,0.014184238505549729,6398.0,6355.0,28.00337243080139,1.8047699928283691,29.80814242362976,5877.0,6862.857142857143
ablation_no_reward_scale,988,42,4,P4,42,5.8875e-05,-0.009713446022942662,3749.0,3760.0,21.887144565582275,1.4063923358917236,23.293536901474,3699.0,3907.095238095238
ablation_no_reward_scale,989,42,5,P5,42,5.883333333333334e-05,-0.013480852358043194,4252.0,4277.0,24.26202893257141,1.5635085105895996,25.82553744316101,4237.0,4400.0952380952385
ablation_no_reward_scale,990,42,6,P6,42,5.879166666666667e-05,0.004484022152610123,4105.0,4060.0,25.10100269317627,1.640075922012329,26.7410786151886,4003.0,4169.761904761905
ablation_no_reward_scale,991,42,7,P7,42,5.8750000000000005e-05,0.0035823083017021418,5759.0,5779.0,36.50241017341614,2.3325929641723633,38.8350031375885,5720.0,6148.9047619047615
ablation_no_reward_scale,992,42,8,P8,42,5.870833333333334e-05,0.0031518143150606193,5714.0,5716.0,32.08055377006531,2.076624870300293,34.1571786403656,5663.0,6093.166666666667
ablation_no_reward_scale,993,42,9,P9,42,5.866666666666667e-05,0.00025119579549937043,5510.0,5481.0,30.78917670249939,1.9704654216766357,32.759642124176025,5347.0,5796.071428571428
ablation_no_reward_scale,994,42,10,P10,42,5.8624999999999995e-05,-0.01580663165077567,5650.0,5651.0,19.440897703170776,1.2755939960479736,20.71649169921875,5443.0,5668.142857142857
ablation_no_reward_scale,995,42,11,P11,42,5.858333333333333e-05,-0.015344555955380201,11389.0,11434.0,36.93526530265808,2.4454188346862793,39.38068413734436,11389.0,11577.119047619048
ablation_no_reward_scale,996,42,12,P12,42,5.8541666666666676e-05,0.0034786613687174395,11823.0,11857.0,44.640929222106934,2.928877115249634,47.56980633735657,11800.0,12448.404761904761
ablation_no_reward_scale,997,42,13,P13,42,5.85e-05,0.011328778811730444,19527.0,19814.0,103.59678769111633,7.666904449462891,111.26369214057922,19572.0,20334.071428571428
ablation_no_reward_scale,998,42,14,P14,42,5.8458333333333336e-05,-0.0027654409714159556,21981.0,22074.0,104.23537230491638,7.685541868209839,111.92091417312622,21892.0,22716.928571428572
ablation_no_reward_scale,999,42,15,P15,42,5.841666666666667e-05,-0.00041733704665603,20087.0,20395.0,107.32307124137878,8.058526277542114,115.3815975189209,19951.0,20555.333333333332
ablation_no_reward_scale,1000,42,16,P16,42,5.8375e-05,0.0021327741065761074,20934.0,20543.0,130.33823704719543,9.876614332199097,140.21485137939453,20510.0,21194.619047619046
ablation_no_reward_scale,1001,42,17,P17,42,5.8333333333333326e-05,0.0002836810523149325,21135.0,21094.0,131.9898717403412,9.907475233078003,141.8973469734192,20880.0,21695.380952380954
ablation_no_reward_scale,1002,42,18,P18,42,5.8291666666666676e-05,-0.0034857548773288725,20415.0,20315.0,122.14347100257874,9.255133390426636,131.39860439300537,20315.0,20924.571428571428
ablation_no_reward_scale,1003,42,19,P19,42,5.8250000000000006e-05,0.004914926527999341,23458.0,23261.0,127.40079975128174,9.852586030960083,137.25338578224182,23250.0,24234.119047619046
ablation_no_reward_scale,1004,42,20,P20,42,5.820833333333333e-05,-0.003965192835312337,22438.0,22501.0,135.05735087394714,10.511507749557495,145.56885862350464,22226.0,22939.428571428572
ablation_no_reward_scale,1005,42,21,P21,42,5.8166666666666667e-05,0.0007019017877610168,23631.0,23635.0,143.25941514968872,11.09440302848816,154.35381817817688,23438.0,24191.714285714286
ablation_no_reward_scale,1006,42,22,P22,42,5.812500000000001e-05,-9.429578967683483e-05,23427.0,23128.0,142.37944412231445,11.064571142196655,153.4440152645111,22997.0,23686.85714285714
ablation_no_reward_scale,1007,42,23,P23,42,5.8083333333333333e-05,0.0017882111460494343,32798.0,33337.0,186.76378536224365,14.820128917694092,201.58391427993774,31857.0,35849.30952380953
ablation_no_reward_scale,1008,42,24,P24,42,5.804166666666667e-05,-0.0004310782867833041,23970.0,23695.0,127.87363791465759,10.168518304824829,138.04215621948242,23686.0,24535.214285714286
ablation_no_reward_scale,1009,43,1,P1,43,5.800000000000001e-05,0.009301203419454396,6256.0,6161.0,30.477679014205933,1.9710447788238525,32.448723793029785,6012.0,6409.697674418605
ablation_no_reward_scale,1010,43,2,P2,43,5.795833333333334e-05,-0.006023154535796493,8402.0,8280.0,38.75485873222351,2.515618085861206,41.27047681808472,8280.0,8686.813953488372
ablation_no_reward_scale,1011,43,3,P3,43,5.791666666666666e-05,0.024117000866681337,6530.0,6462.0,28.297114372253418,1.8068127632141113,30.10392713546753,5877.0,6853.53488372093
ablation_no_reward_scale,1012,43,4,P4,43,5.7875000000000004e-05,-0.014149576891213655,3797.0,3746.0,22.184978246688843,1.4910929203033447,23.676071166992188,3699.0,3903.3488372093025
ablation_no_reward_scale,1013,43,5,P5,43,5.783333333333334e-05,-0.023347701877355576,4277.0,4277.0,24.26226496696472,1.5302159786224365,25.792480945587158,4237.0,4397.232558139535
ablation_no_reward_scale,1014,43,6,P6,43,5.7791666666666664e-05,-0.00720866397023201,4051.0,4020.0,25.030708074569702,1.6019041538238525,26.632612228393555,4003.0,4166.279069767442
ablation_no_reward_scale,1015,43,7,P7,43,5.775e-05,0.014092269935645163,5786.0,5792.0,36.42612171173096,2.3433027267456055,38.76942443847656,5720.0,6140.604651162791
ablation_no_reward_scale,1016,43,8,P8,43,5.7708333333333345e-05,0.0027989702357444912,5724.0,5658.0,31.763919353485107,2.088181257247925,33.85210061073303,5658.0,6083.046511627907
ablation_no_reward_scale,1017,43,9,P9,43,5.766666666666667e-05,-0.008670222363434732,5410.0,5507.0,30.508684873580933,1.938204288482666,32.4468891620636,5347.0,5789.3488372093025
ablation_no_reward_scale,1018,43,10,P10,43,5.7625e-05,-0.017990028019994497,5588.0,5666.0,19.372701406478882,1.288543462753296,20.661244869232178,5443.0,5668.093023255814
ablation_no_reward_scale,1019,43,11,P11,43,5.7583333333333335e-05,-0.004187831771560013,11434.0,11434.0,37.538410663604736,2.417811155319214,39.95622181892395,11389.0,11573.790697674418
ablation_no_reward_scale,1020,43,12,P12,43,5.754166666666667e-05,0.0060743174399249256,11995.0,11827.0,44.50251579284668,2.961397647857666,47.463913440704346,11800.0,12433.953488372093
ablation_no_reward_scale,1021,43,13,P13,43,5.7499999999999995e-05,0.011654465866740793,19900.0,19577.0,102.87606430053711,7.649831533432007,110.52589583396912,19572.0,20316.46511627907
ablation_no_reward_scale,1022,43,14,P14,43,5.745833333333334e-05,-0.006305983115453273,21927.0,21804.0,104.53735375404358,7.637781620025635,112.17513537406921,21804.0,22695.697674418603
ablation_no_reward_scale,1023,43,15,P15,43,5.7416666666666675e-05,0.0015315999589802232,20248.0,20331.0,106.93868803977966,7.930136680603027,114.86882472038269,19951.0,20550.116279069767
ablation_no_reward_scale,1024,43,16,P16,43,5.7375e-05,-0.0005796255909444881,20655.0,20638.0,130.95727825164795,9.88714075088501,140.84441900253296,20510.0,21181.674418604653
ablation_no_reward_scale,1025,43,17,P17,43,5.733333333333333e-05,0.001348804123699665,21087.0,21217.0,131.99642825126648,9.994646072387695,141.99107432365417,20880.0,21684.25581395349
ablation_no_reward_scale,1026,43,18,P18,43,5.729166666666668e-05,-0.0024380119750276206,20609.0,20458.0,122.25092840194702,9.222819805145264,131.47374820709229,20315.0,20913.720930232557
ablation_no_reward_scale,1027,43,19,P19,43,5.725e-05,0.003664577065501362,23275.0,23160.0,126.76097106933594,9.921255588531494,136.68222665786743,23160.0,24209.13953488372
ablation_no_reward_scale,1028,43,20,P20,43,5.720833333333333e-05,-0.002317625569412485,22701.0,22368.0,136.31493043899536,10.478107929229736,146.7930383682251,22226.0,22926.13953488372
ablation_no_reward_scale,1029,43,21,P21,43,5.716666666666667e-05,-0.00032023946951085234,23744.0,23459.0,143.72014832496643,11.109522342681885,154.82967066764832,23438.0,24174.674418604653
ablation_no_reward_scale,1030,43,22,P22,43,5.7125000000000006e-05,0.0010743218605057336,23506.0,23325.0,141.59852981567383,11.171050310134888,152.76958012580872,22997.0,23678.441860465115
ablation_no_reward_scale,1031,43,23,P23,43,5.7083333333333336e-05,0.00023694549625880818,32402.0,31907.0,187.66581869125366,14.695394039154053,202.36121273040771,31857.0,35757.62790697674
ablation_no_reward_scale,1032,43,24,P24,43,5.704166666666667e-05,-0.0009003249091620091,23799.0,23794.0,132.39086842536926,10.010663986206055,142.40153241157532,23686.0,24517.976744186046
ablation_no_reward_scale,1033,44,1,P1,44,5.700000000000001e-05,0.0027028268668800592,6114.0,6216.0,30.384413480758667,1.969054937362671,32.35346841812134,6012.0,6405.295454545455
ablation_no_reward_scale,1034,44,2,P2,44,5.695833333333333e-05,-0.0011532102362252772,8283.0,8324.0,38.46864581108093,2.531601667404175,41.00024747848511,8280.0,8678.568181818182
ablation_no_reward_scale,1035,44,3,P3,44,5.691666666666666e-05,0.023268555058166385,6462.0,6434.0,28.18450427055359,1.802278757095337,29.986783027648926,5877.0,6844.0
ablation_no_reward_scale,1036,44,4,P4,44,5.6875e-05,-0.0031310017220675945,3766.0,3760.0,21.86652708053589,1.4092788696289062,23.275805950164795,3699.0,3900.090909090909
ablation_no_reward_scale,1037,44,5,P5,44,5.683333333333334e-05,-0.00944103323854506,4297.0,4277.0,24.19430136680603,1.56760835647583,25.76190972328186,4237.0,4394.5
ablation_no_reward_scale,1038,44,6,P6,44,5.679166666666667e-05,-0.009238543454557657,4010.0,4060.0,25.21394944190979,1.6262128353118896,26.84016227722168,4003.0,4163.863636363636
ablation_no_reward_scale,1039,44,7,P7,44,5.6750000000000004e-05,0.007512000331189483,5820.0,5780.0,36.56312298774719,2.362046003341675,38.92516899108887,5720.0,6132.409090909091
ablation_no_reward_scale,1040,44,8,P8,44,5.670833333333334e-05,0.005022058787290007,5697.0,5630.0,31.949618339538574,2.0570027828216553,34.00662112236023,5630.0,6072.75
ablation_no_reward_scale,1041,44,9,P9,44,5.666666666666667e-05,-0.0004004958536825143,5478.0,5350.0,30.20981240272522,1.966069221496582,32.1758816242218,5347.0,5779.363636363636
ablation_no_reward_scale,1042,44,10,P10,44,5.6624999999999994e-05,-0.028278144542127848,5651.0,5651.0,19.606571912765503,1.280761480331421,20.887333393096924,5443.0,5667.704545454545
ablation_no_reward_scale,1043,44,11,P11,44,5.6583333333333344e-05,-0.020586284110322595,11434.0,11434.0,37.23178958892822,2.457348346710205,39.68913793563843,11389.0,11570.613636363636
ablation_no_reward_scale,1044,44,12,P12,44,5.654166666666667e-05,0.005222548847086728,11842.0,11838.0,44.58790421485901,3.0078840255737305,47.59578824043274,11800.0,12420.40909090909
ablation_no_reward_scale,1045,44,13,P13,44,5.65e-05,0.015926031454000622,19606.0,19591.0,103.59433960914612,7.6263275146484375,111.22066712379456,19572.0,20299.977272727272
ablation_no_reward_scale,1046,44,14,P14,44,5.6458333333333335e-05,-0.004187196827842854,22108.0,21910.0,104.36536955833435,7.705011367797852,112.0703809261322,21804.0,22677.840909090908
ablation_no_reward_scale,1047,44,15,P15,44,5.641666666666667e-05,-0.00010232314753011451,20143.0,20250.0,107.9302704334259,7.914344072341919,115.84461450576782,19951.0,20543.295454545456
ablation_no_reward_scale,1048,44,16,P16,44,5.6375e-05,0.00015205455529212485,20628.0,20600.0,130.5205364227295,9.893575191497803,140.4141116142273,20510.0,21168.454545454544
ablation_no_reward_scale,1049,44,17,P17,44,5.633333333333334e-05,0.0010373337485361845,20881.0,21068.0,131.25730228424072,9.952059745788574,141.2093620300293,20880.0,21670.25
ablation_no_reward_scale,1050,44,18,P18,44,5.6291666666666675e-05,-0.0011314246859910782,20439.0,20540.0,122.56820750236511,9.26872181892395,131.83692932128906,20315.0,20905.227272727272
ablation_no_reward_scale,1051,44,19,P19,44,5.6250000000000005e-05,0.0021873481979127972,23247.0,23090.0,126.2075707912445,9.850099086761475,136.05766987800598,23090.0,24183.704545454544
ablation_no_reward_scale,1052,44,20,P20,44,5.620833333333333e-05,-0.0008825350556435297,22584.0,22530.0,135.88032507896423,10.531067371368408,146.41139245033264,22226.0,22917.136363636364
ablation_no_reward_scale,1053,44,21,P21,44,5.6166666666666665e-05,-0.0019036759098526091,23603.0,23443.0,144.01343083381653,11.173310279846191,155.18674111366272,23438.0,24158.045454545456
ablation_no_reward_scale,1054,44,22,P22,44,5.6125e-05,0.001404577983703348,23436.0,23150.0,143.27543902397156,11.134142875671387,154.40958189964294,22997.0,23666.43181818182
ablation_no_reward_scale,1055,44,23,P23,44,5.608333333333333e-05,0.0006991010851769326,32279.0,31977.0,189.0545518398285,14.746341705322266,203.80089354515076,31857.0,35671.704545454544
ablation_no_reward_scale,1056,44,24,P24,44,5.604166666666667e-05,-0.0009625102196878288,23757.0,23672.0,126.79899644851685,10.103863954544067,136.9028604030609,23672.0,24498.75
ablation_no_reward_scale,1057,45,1,P1,45,5.6000000000000006e-05,0.016094718361273408,6356.0,6174.0,30.476372480392456,1.9700703620910645,32.44644284248352,6012.0,6400.155555555555
ablation_no_reward_scale,1058,45,2,P2,45,5.5958333333333336e-05,-0.01392692280933261,8324.0,8324.0,38.43793559074402,2.496628522872925,40.93456411361694,8280.0,8670.68888888889
ablation_no_reward_scale,1059,45,3,P3,45,5.591666666666666e-05,0.005652486652252264,6292.0,6316.0,27.735435724258423,1.8340415954589844,29.569477319717407,5877.0,6832.266666666666
ablation_no_reward_scale,1060,45,4,P4,45,5.587500000000001e-05,-0.0016571002779528499,3726.0,3760.0,22.009096384048462,1.4402742385864258,23.449370622634888,3699.0,3896.9777777777776
ablation_no_reward_scale,1061,45,5,P5,45,5.583333333333334e-05,0.0008039072272367775,4282.0,4282.0,24.061465978622437,1.550215721130371,25.611681699752808,4237.0,4392.0
ablation_no_reward_scale,1062,45,6,P6,45,5.579166666666666e-05,-0.004809849662706256,4005.0,3977.0,24.97494101524353,1.5981957912445068,26.573136806488037,3977.0,4159.711111111111
ablation_no_reward_scale,1063,45,7,P7,45,5.575e-05,0.0007743259102426236,5798.0,5856.0,36.23728919029236,2.330505609512329,38.56779479980469,5720.0,6126.266666666666
ablation_no_reward_scale,1064,45,8,P8,45,5.5708333333333343e-05,0.0051783722010441124,5673.0,5660.0,32.30743074417114,2.0627100467681885,34.37014079093933,5630.0,6063.577777777778
ablation_no_reward_scale,1065,45,9,P9,45,5.566666666666667e-05,0.0012142066789238015,5489.0,5491.0,30.37749981880188,1.9408910274505615,32.31839084625244,5347.0,5772.955555555555
ablation_no_reward_scale,1066,45,10,P10,45,5.5625000000000004e-05,-0.01727808127179742,5633.0,5650.0,19.461201906204224,1.264765739440918,20.72596764564514,5443.0,5667.311111111111
ablation_no_reward_scale,1067,45,11,P11,45,5.558333333333334e-05,-0.013491810415871441,11434.0,11434.0,37.12342047691345,2.431903600692749,39.5553240776062,11389.0,11567.577777777778
ablation_no_reward_scale,1068,45,12,P12,45,5.554166666666667e-05,0.002459770199493505,11985.0,11876.0,44.83358407020569,2.975421190261841,47.80900526046753,11800.0,12408.31111111111
ablation_no_reward_scale,1069,45,13,P13,45,5.5499999999999994e-05,0.011694109707605094,19595.0,19707.0,103.84865307807922,7.562917709350586,111.41157078742981,19572.0,20286.8
ablation_no_reward_scale,1070,45,14,P14,45,5.545833333333334e-05,-0.0032561997941229492,21916.0,22013.0,103.89966154098511,7.683547496795654,111.58320903778076,21804.0,22663.066666666666
ablation_no_reward_scale,1071,45,15,P15,45,5.5416666666666674e-05,0.0005459936814986577,20169.0,20175.0,107.21904706954956,7.998436689376831,115.21748375892639,19951.0,20535.11111111111
ablation_no_reward_scale,1072,45,16,P16,45,5.5375e-05,0.00043574228348006725,20445.0,20444.0,130.3165442943573,9.860321044921875,140.17686533927917,20444.0,21152.355555555554
ablation_no_reward_scale,1073,45,17,P17,45,5.5333333333333334e-05,0.0018597706162836402,21061.0,20937.0,131.61195945739746,9.900143146514893,141.51210260391235,20880.0,21653.955555555556
ablation_no_reward_scale,1074,45,18,P18,45,5.529166666666668e-05,-0.0023794029257260263,20460.0,20488.0,121.9193742275238,9.210325241088867,131.12969946861267,20315.0,20895.955555555556
ablation_no_reward_scale,1075,45,19,P19,45,5.525e-05,0.002421582175884396,23231.0,23037.0,127.16279244422913,9.803483963012695,136.96627640724182,23037.0,24158.222222222223
ablation_no_reward_scale,1076,45,20,P20,45,5.520833333333333e-05,-0.0008051668728512595,22748.0,22519.0,135.1939196586609,10.61292290687561,145.8068425655365,22226.0,22908.28888888889
ablation_no_reward_scale,1077,45,21,P21,45,5.5166666666666675e-05,-0.0016107016330352054,23508.0,23397.0,143.3079481124878,11.184430122375488,154.49237823486328,23397.0,24141.133333333335
ablation_no_reward_scale,1078,45,22,P22,45,5.5125000000000005e-05,0.00175221354002133,23486.0,23254.0,142.22341752052307,11.10994577407837,153.33336329460144,22997.0,23657.266666666666
ablation_no_reward_scale,1079,45,23,P23,45,5.508333333333333e-05,0.0007610734381679711,32543.0,32152.0,187.88735961914062,14.788300514221191,202.67566013336182,31857.0,35593.48888888889
ablation_no_reward_scale,1080,45,24,P24,45,5.504166666666667e-05,-0.00039687021599092985,24001.0,23706.0,127.38217663764954,10.001493453979492,137.38367009162903,23672.0,24481.133333333335
ablation_no_reward_scale,1081,46,1,P1,46,5.500000000000001e-05,0.007751566299702972,6236.0,6216.0,30.58298921585083,2.003870964050293,32.58686017990112,6012.0,6396.152173913043
ablation_no_reward_scale,1082,46,2,P2,46,5.495833333333333e-05,-0.006683028128463775,8338.0,8484.0,38.64442849159241,2.569051742553711,41.21348023414612,8280.0,8666.630434782608
ablation_no_reward_scale,1083,46,3,P3,46,5.491666666666667e-05,0.0232670777477324,6506.0,6530.0,28.459102869033813,1.8035690784454346,30.262671947479248,5877.0,6825.695652173913
ablation_no_reward_scale,1084,46,4,P4,46,5.487500000000001e-05,-0.012259694980457425,3715.0,3749.0,21.89376401901245,1.4148759841918945,23.308640003204346,3699.0,3893.7608695652175
ablation_no_reward_scale,1085,46,5,P5,46,5.4833333333333336e-05,-0.018189620226621628,4237.0,4217.0,23.930363655090332,1.5344746112823486,25.46483826637268,4217.0,4388.195652173913
ablation_no_reward_scale,1086,46,6,P6,46,5.4791666666666666e-05,-0.011680102907121181,4020.0,4007.0,25.149447441101074,1.5931460857391357,26.74259352684021,3977.0,4156.391304347826
ablation_no_reward_scale,1087,46,7,P7,46,5.475e-05,0.00784563715569675,5844.0,5792.0,36.469868421554565,2.342988967895508,38.81285738945007,5720.0,6119.0
ablation_no_reward_scale,1088,46,8,P8,46,5.470833333333334e-05,0.00845221005147323,5750.0,5750.0,32.0082745552063,2.054192066192627,34.062466621398926,5630.0,6056.760869565217
ablation_no_reward_scale,1089,46,9,P9,46,5.466666666666666e-05,-0.007528873975388706,5450.0,5461.0,30.354050874710083,1.9576053619384766,32.31165623664856,5347.0,5766.173913043478
ablation_no_reward_scale,1090,46,10,P10,46,5.4625000000000006e-05,-0.020909213460981846,5586.0,5650.0,19.583268880844116,1.281160593032837,20.864429473876953,5443.0,5666.934782608696
ablation_no_reward_scale,1091,46,11,P11,46,5.458333333333334e-05,-0.00936637562699616,11372.0,11434.0,37.502339363098145,2.471815824508667,39.97415518760681,11389.0,11564.673913043478
ablation_no_reward_scale,1092,46,12,P12,46,5.4541666666666667e-05,0.007610585249494761,11990.0,11935.0,44.363746881484985,2.9188730716705322,47.28261995315552,11800.0,12398.021739130434
ablation_no_reward_scale,1093,46,13,P13,46,5.4499999999999997e-05,0.010373809840530157,19556.0,19918.0,103.7238974571228,7.655576944351196,111.379474401474,19572.0,20278.782608695652
ablation_no_reward_scale,1094,46,14,P14,46,5.4458333333333333e-05,-0.0028600060104508884,22048.0,22103.0,104.37765264511108,7.686012268066406,112.06366491317749,21804.0,22650.891304347828
ablation_no_reward_scale,1095,46,15,P15,46,5.441666666666667e-05,0.0022162021268741228,20255.0,20233.0,107.49634861946106,7.902276515960693,115.39862513542175,19951.0,20528.543478260868
ablation_no_reward_scale,1096,46,16,P16,46,5.4375e-05,0.00034368491724308116,20690.0,20616.0,130.41742634773254,9.818408489227295,140.23583483695984,20444.0,21140.695652173912
ablation_no_reward_scale,1097,46,17,P17,46,5.433333333333334e-05,0.0010577837478194852,21019.0,21079.0,132.22154569625854,10.067006587982178,142.28855228424072,20880.0,21641.456521739132
ablation_no_reward_scale,1098,46,18,P18,46,5.4291666666666674e-05,-0.002690160844940692,20572.0,20534.0,121.89788746833801,9.212034702301025,131.10992217063904,20315.0,20888.08695652174
ablation_no_reward_scale,1099,46,19,P19,46,5.4250000000000004e-05,0.0033125942922197283,23308.0,23109.0,127.12807011604309,10.008872509002686,137.13694262504578,23037.0,24135.41304347826
ablation_no_reward_scale,1100,46,20,P20,46,5.420833333333333e-05,-0.0029211106593720615,22487.0,22449.0,135.63825511932373,10.584249019622803,146.22250413894653,22226.0,22898.304347826088
ablation_no_reward_scale,1101,46,21,P21,46,5.416666666666668e-05,0.0007273804014403141,23793.0,23496.0,143.79205632209778,11.102644443511963,154.89470076560974,23397.0,24127.108695652172
ablation_no_reward_scale,1102,46,22,P22,46,5.4125e-05,0.0005560117293498479,23539.0,23265.0,141.8495945930481,11.163940668106079,153.01353526115417,22997.0,23648.739130434784
ablation_no_reward_scale,1103,46,23,P23,46,5.408333333333333e-05,0.0007185283484432148,32947.0,32667.0,188.3661322593689,14.818451404571533,203.18458366394043,31857.0,35529.86956521739
ablation_no_reward_scale,1104,46,24,P24,46,5.404166666666667e-05,-0.0024168977921362965,23851.0,23767.0,128.33323335647583,10.015669822692871,138.3489031791687,23672.0,24465.608695652172
ablation_no_reward_scale,1105,47,1,P1,47,5.4000000000000005e-05,0.004203712742310017,6164.0,6216.0,30.35100030899048,1.9966442584991455,32.347644567489624,6012.0,6392.31914893617
ablation_no_reward_scale,1106,47,2,P2,47,5.3958333333333335e-05,0.0038482062227558345,8527.0,8324.0,38.61828827857971,2.5035769939422607,41.12186527252197,8280.0,8659.340425531915
ablation_no_reward_scale,1107,47,3,P3,47,5.391666666666667e-05,0.018085973104462028,6462.0,6316.0,27.964335918426514,1.8278188705444336,29.792154788970947,5877.0,6814.851063829788
ablation_no_reward_scale,1108,47,4,P4,47,5.387500000000001e-05,-0.015070565976202488,3743.0,3741.0,22.090569019317627,1.434034824371338,23.524603843688965,3699.0,3890.5106382978724
ablation_no_reward_scale,1109,47,5,P5,47,5.383333333333334e-05,-0.02044733101502061,4282.0,4282.0,24.24773120880127,1.5580272674560547,25.805758476257324,4217.0,4385.936170212766
ablation_no_reward_scale,1110,47,6,P6,47,5.379166666666666e-05,-0.014130127849057317,4017.0,4020.0,25.39465022087097,1.5938446521759033,26.988494873046875,3977.0,4153.489361702128
ablation_no_reward_scale,1111,47,7,P7,47,5.375e-05,0.012855673674494028,5782.0,5918.0,36.35675883293152,2.318432331085205,38.675191164016724,5720.0,6114.723404255319
ablation_no_reward_scale,1112,47,8,P8,47,5.3708333333333336e-05,0.008993762661702931,5841.0,5691.0,31.97926664352417,2.05976939201355,34.03903603553772,5630.0,6048.978723404255
ablation_no_reward_scale,1113,47,9,P9,47,5.3666666666666666e-05,-0.008803051023278385,5516.0,5491.0,30.472604751586914,1.953683614730835,32.42628836631775,5347.0,5760.31914893617
ablation_no_reward_scale,1114,47,10,P10,47,5.3625e-05,-0.023218739312142134,5567.0,5534.0,19.458359956741333,1.2661945819854736,20.724554538726807,5443.0,5664.106382978724
ablation_no_reward_scale,1115,47,11,P11,47,5.358333333333334e-05,-0.006927134119905531,11389.0,11434.0,37.24299168586731,2.4507410526275635,39.69373273849487,11389.0,11561.893617021276
ablation_no_reward_scale,1116,47,12,P12,47,5.354166666666667e-05,0.009675065521150827,11990.0,11935.0,44.52226209640503,3.0024280548095703,47.5246901512146,11800.0,12388.170212765957
ablation_no_reward_scale,1117,47,13,P13,47,5.349999999999999e-05,0.007731547055300325,19696.0,19607.0,103.7204999923706,7.64027214050293,111.36077213287354,19572.0,20264.489361702126
ablation_no_reward_scale,1118,47,14,P14,47,5.345833333333334e-05,-0.002439922303892672,22140.0,22031.0,104.6022219657898,7.669633150100708,112.2718551158905,21804.0,22637.702127659573
ablation_no_reward_scale,1119,47,15,P15,47,5.341666666666667e-05,0.0007615780828018615,20230.0,20250.0,108.75536370277405,7.919051885604858,116.6744155883789,19951.0,20522.617021276597
ablation_no_reward_scale,1120,47,16,P16,47,5.3374999999999996e-05,0.0015780645793711302,20930.0,20724.0,130.77219319343567,9.936115264892578,140.70830845832825,20444.0,21131.82978723404
ablation_no_reward_scale,1121,47,17,P17,47,5.333333333333333e-05,-0.0007167527313868049,20975.0,21311.0,132.5858302116394,9.976640462875366,142.56247067451477,20880.0,21634.425531914894
ablation_no_reward_scale,1122,47,18,P18,47,5.329166666666667e-05,-0.0020221614231559215,20302.0,20275.0,123.03579616546631,9.198154926300049,132.23395109176636,20275.0,20875.042553191488
ablation_no_reward_scale,1123,47,19,P19,47,5.325e-05,0.005041941860690713,23380.0,23179.0,126.97481918334961,9.790648937225342,136.76546812057495,23037.0,24115.063829787236
ablation_no_reward_scale,1124,47,20,P20,47,5.320833333333334e-05,-0.0029891244950704275,22690.0,22520.0,136.08264422416687,10.49042534828186,146.57306957244873,22226.0,22890.255319148935
ablation_no_reward_scale,1125,47,21,P21,47,5.3166666666666674e-05,0.0005157914707524469,23967.0,23695.0,144.6104552745819,11.264132738113403,155.8745880126953,23397.0,24117.91489361702
ablation_no_reward_scale,1126,47,22,P22,47,5.3125000000000004e-05,-0.00017138191942649427,23416.0,23433.0,141.7186348438263,11.2037672996521,152.9224021434784,22997.0,23644.14893617021
ablation_no_reward_scale,1127,47,23,P23,47,5.308333333333333e-05,0.0021152656866304043,32927.0,33235.0,188.00135374069214,14.616733074188232,202.61808681488037,31857.0,35481.04255319149
ablation_no_reward_scale,1128,47,24,P24,47,5.3041666666666664e-05,-0.0017360294819809496,24011.0,23704.0,128.54269576072693,10.108366966247559,138.6510627269745,23672.0,24449.40425531915
ablation_no_reward_scale,1129,48,1,P1,48,5.300000000000001e-05,-0.0008019744745979551,6161.0,6174.0,30.3486385345459,1.9897022247314453,32.338340759277344,6012.0,6387.770833333333
ablation_no_reward_scale,1130,48,2,P2,48,5.295833333333333e-05,0.005075786670204252,8510.0,8270.0,38.3010094165802,2.511547565460205,40.812556982040405,8270.0,8651.229166666666
ablation_no_reward_scale,1131,48,3,P3,48,5.291666666666667e-05,0.024521248415112495,6517.0,6303.0,28.108832359313965,1.8414223194122314,29.950254678726196,5877.0,6804.1875
ablation_no_reward_scale,1132,48,4,P4,48,5.2875000000000005e-05,-0.009821803076192737,3769.0,3738.0,21.923354864120483,1.4602024555206299,23.383557319641113,3699.0,3887.3333333333335
ablation_no_reward_scale,1133,48,5,P5,48,5.2833333333333335e-05,-0.019076256081461906,4342.0,4282.0,24.222182273864746,1.5480988025665283,25.770281076431274,4217.0,4383.770833333333
ablation_no_reward_scale,1134,48,6,P6,48,5.2791666666666665e-05,-0.004607994691468775,4080.0,3980.0,25.05744981765747,1.5798680782318115,26.637317895889282,3977.0,4149.875
ablation_no_reward_scale,1135,48,7,P7,48,5.275000000000001e-05,0.009284267027396709,5881.0,5868.0,36.31378149986267,2.3276991844177246,38.641480684280396,5720.0,6109.583333333333
ablation_no_reward_scale,1136,48,8,P8,48,5.270833333333334e-05,0.009877767763100564,5880.0,5768.0,32.35465097427368,2.059340000152588,34.41399097442627,5630.0,6043.125
ablation_no_reward_scale,1137,48,9,P9,48,5.266666666666666e-05,-0.004281975416233763,5556.0,5545.0,30.17411971092224,1.9519109725952148,32.126030683517456,5347.0,5755.833333333333
ablation_no_reward_scale,1138,48,10,P10,48,5.2625000000000005e-05,-0.03832318261265755,5460.0,5534.0,19.375792980194092,1.2665143013000488,20.64230728149414,5443.0,5661.395833333333
ablation_no_reward_scale,1139,48,11,P11,48,5.258333333333334e-05,-0.015474701533094049,11496.0,11434.0,37.11351037025452,2.48917555809021,39.60268592834473,11389.0,11559.229166666666
ablation_no_reward_scale,1140,48,12,P12,48,5.2541666666666665e-05,0.013103992911055684,12169.0,11890.0,44.466946601867676,3.043050527572632,47.50999712944031,11800.0,12377.791666666666
ablation_no_reward_scale,1141,48,13,P13,48,5.25e-05,0.008904240501578897,19788.0,19592.0,104.36065816879272,7.568633556365967,111.92929172515869,19572.0,20250.479166666668
ablation_no_reward_scale,1142,48,14,P14,48,5.2458333333333346e-05,-0.0038984044949756935,22043.0,22003.0,104.11124181747437,7.6320481300354,111.74328994750977,21804.0,22624.479166666668
ablation_no_reward_scale,1143,48,15,P15,48,5.241666666666667e-05,0.0006183601453813026,20343.0,20219.0,108.34956383705139,8.034525156021118,116.38408899307251,19951.0,20516.291666666668
ablation_no_reward_scale,1144,48,16,P16,48,5.2375e-05,7.240082395583158e-05,20990.0,20622.0,130.62876176834106,9.871568441390991,140.50033020973206,20444.0,21121.208333333332
ablation_no_reward_scale,1145,48,17,P17,48,5.2333333333333336e-05,-0.000297767936172022,21170.0,20951.0,132.2001838684082,9.879249811172485,142.0794336795807,20880.0,21620.1875
ablation_no_reward_scale,1146,48,18,P18,48,5.229166666666667e-05,0.00027919769254367564,20670.0,20515.0,122.66701555252075,9.230463027954102,131.89747858047485,20275.0,20867.541666666668
ablation_no_reward_scale,1147,48,19,P19,48,5.2249999999999996e-05,0.0015279320527042729,23360.0,23265.0,127.43865060806274,9.99212646484375,137.4307770729065,23037.0,24097.354166666668
ablation_no_reward_scale,1148,48,20,P20,48,5.220833333333334e-05,-0.001593731475441018,22774.0,22687.0,136.3698329925537,10.619205951690674,146.98903894424438,22226.0,22886.020833333332
ablation_no_reward_scale,1149,48,21,P21,48,5.2166666666666677e-05,0.0008912614073778968,24151.0,23577.0,144.94717979431152,11.123591899871826,156.07077169418335,23397.0,24106.645833333332
ablation_no_reward_scale,1150,48,22,P22,48,5.2125e-05,-0.0005381465605751145,23641.0,23361.0,142.65030336380005,11.115175008773804,153.76547837257385,22997.0,23638.25
ablation_no_reward_scale,1151,48,23,P23,48,5.208333333333333e-05,0.0022676899430475067,33178.0,33628.0,187.74680423736572,14.579103469848633,202.32590770721436,31857.0,35442.4375
ablation_no_reward_scale,1152,48,24,P24,48,5.204166666666668e-05,-0.000547602725418983,24231.0,23993.0,128.50929021835327,10.018625497817993,138.52791571617126,23672.0,24439.895833333332
ablation_no_reward_scale,1153,49,1,P1,49,5.2000000000000004e-05,0.00030691710344399326,6217.0,6216.0,30.283978939056396,1.9872677326202393,32.271246671676636,6012.0,6384.265306122449
ablation_no_reward_scale,1154,49,2,P2,49,5.1958333333333334e-05,0.00854570569936186,8718.0,8551.0,38.907432317733765,2.5462067127227783,41.45363903045654,8270.0,8649.183673469388
ablation_no_reward_scale,1155,49,3,P3,49,5.191666666666667e-05,0.028909482527524233,6733.0,6444.0,28.252602338790894,1.819413185119629,30.072015523910522,5877.0,6796.836734693878
ablation_no_reward_scale,1156,49,4,P4,49,5.187500000000001e-05,-0.018774389754980803,3828.0,3738.0,22.239394426345825,1.4043922424316406,23.643786668777466,3699.0,3884.285714285714
ablation_no_reward_scale,1157,49,5,P5,49,5.183333333333333e-05,-0.022144413087517023,4392.0,4242.0,24.144546508789062,1.5514497756958008,25.695996284484863,4217.0,4380.877551020408
ablation_no_reward_scale,1158,49,6,P6,49,5.1791666666666674e-05,-0.007616254151798785,4107.0,3975.0,24.892095804214478,1.6198921203613281,26.511987924575806,3975.0,4146.306122448979
ablation_no_reward_scale,1159,49,7,P7,49,5.175000000000001e-05,0.003059738977754023,5864.0,5868.0,36.43326735496521,2.3283040523529053,38.761571407318115,5720.0,6104.65306122449
ablation_no_reward_scale,1160,49,8,P8,49,5.1708333333333334e-05,0.008501163334585726,5936.0,5769.0,32.05303764343262,2.056074619293213,34.10911226272583,5630.0,6037.530612244898
ablation_no_reward_scale,1161,49,9,P9,49,5.1666666666666664e-05,0.00046921758075768594,5621.0,5561.0,30.415058612823486,1.9336915016174316,32.34875011444092,5347.0,5751.857142857143
ablation_no_reward_scale,1162,49,10,P10,49,5.1625e-05,-0.03432902693748474,5535.0,5534.0,19.690181255340576,1.288935899734497,20.979117155075073,5443.0,5658.7959183673465
ablation_no_reward_scale,1163,49,11,P11,49,5.158333333333334e-05,-0.014409330091439188,11389.0,11434.0,37.272833585739136,2.450687885284424,39.72352147102356,11389.0,11556.673469387755
ablation_no_reward_scale,1164,49,12,P12,49,5.154166666666667e-05,0.0024842903367243707,11973.0,11890.0,44.77953100204468,2.946070432662964,47.72560143470764,11800.0,12367.836734693878
ablation_no_reward_scale,1165,49,13,P13,49,5.1500000000000005e-05,0.0132237485377118,19527.0,19649.0,103.28534698486328,7.600774049758911,110.88612103462219,19572.0,20238.20408163265
ablation_no_reward_scale,1166,49,14,P14,49,5.145833333333334e-05,-0.002835315972333774,22072.0,22144.0,104.89577674865723,7.655854225158691,112.55163097381592,21804.0,22614.673469387755
ablation_no_reward_scale,1167,49,15,P15,49,5.141666666666667e-05,-0.0017623370222281665,20300.0,20010.0,107.54475975036621,7.933539390563965,115.47829914093018,19951.0,20505.95918367347
ablation_no_reward_scale,1168,49,16,P16,49,5.1374999999999995e-05,0.000286024595334311,20761.0,20824.0,131.15203189849854,9.81869888305664,140.97073078155518,20444.0,21115.14285714286
ablation_no_reward_scale,1169,49,17,P17,49,5.133333333333333e-05,0.0009869148678262718,21051.0,21154.0,132.10126519203186,10.103838682174683,142.20510387420654,20880.0,21610.673469387755
ablation_no_reward_scale,1170,49,18,P18,49,5.129166666666667e-05,-0.002562796900747344,20199.0,20382.0,122.86221385002136,9.278446912765503,132.14066076278687,20275.0,20857.632653061224
ablation_no_reward_scale,1171,49,19,P19,49,5.125e-05,0.00578930948395282,23512.0,23255.0,126.84019136428833,9.93306589126587,136.7732572555542,23037.0,24080.163265306124
ablation_no_reward_scale,1172,49,20,P20,49,5.1208333333333336e-05,-0.005119114497210831,22687.0,22710.0,134.5412368774414,10.52160120010376,145.06283807754517,22226.0,22882.428571428572
ablation_no_reward_scale,1173,49,21,P21,49,5.116666666666667e-05,0.002238445961847901,23883.0,23541.0,144.12377429008484,11.120915651321411,155.24468994140625,23397.0,24095.102040816328
ablation_no_reward_scale,1174,49,22,P22,49,5.1125e-05,-0.0008558809258829569,23493.0,23500.0,142.24223613739014,11.17476487159729,153.41700100898743,22997.0,23635.428571428572
ablation_no_reward_scale,1175,49,23,P23,49,5.1083333333333326e-05,0.0018563014132918657,32690.0,32953.0,188.5207269191742,14.736095428466797,203.256822347641,31857.0,35391.63265306123
ablation_no_reward_scale,1176,49,24,P24,49,5.1041666666666676e-05,-9.256325120077236e-05,23985.0,23961.0,128.05736899375916,10.03504991531372,138.09241890907288,23672.0,24430.122448979593
ablation_no_reward_scale,1177,50,1,P1,50,5.1000000000000006e-05,0.0030065682949498296,6226.0,6216.0,30.246986865997314,1.9548976421356201,32.201884508132935,6012.0,6380.9
ablation_no_reward_scale,1178,50,2,P2,50,5.095833333333333e-05,0.007629364670719951,8708.0,8494.0,38.56331467628479,2.5350403785705566,41.09835505485535,8270.0,8646.08
ablation_no_reward_scale,1179,50,3,P3,50,5.0916666666666666e-05,0.019850124372169375,6612.0,6316.0,28.030704736709595,1.8446359634399414,29.875340700149536,5877.0,6787.22
ablation_no_reward_scale,1180,50,4,P4,50,5.0875e-05,-0.015450121834874153,3722.0,3781.0,22.152489185333252,1.4036269187927246,23.556116104125977,3699.0,3882.22
ablation_no_reward_scale,1181,50,5,P5,50,5.0833333333333333e-05,-0.019246334675699472,4232.0,4237.0,24.343515157699585,1.6020939350128174,25.945609092712402,4217.0,4378.0
ablation_no_reward_scale,1182,50,6,P6,50,5.079166666666667e-05,-0.004175099777057767,4105.0,4077.0,25.04692578315735,1.5910663604736328,26.63799214363098,3975.0,4144.92
ablation_no_reward_scale,1183,50,7,P7,50,5.075000000000001e-05,0.0001027163725666469,5796.0,5826.0,36.22901630401611,2.316171407699585,38.5451877117157,5720.0,6099.08
ablation_no_reward_scale,1184,50,8,P8,50,5.070833333333334e-05,0.010052994708530605,5796.0,5700.0,31.90522527694702,2.0485756397247314,33.95380091667175,5630.0,6030.78
ablation_no_reward_scale,1185,50,9,P9,50,5.066666666666666e-05,0.00034585699177114293,5595.0,5503.0,30.65371870994568,1.9521112442016602,32.60582995414734,5347.0,5746.88
ablation_no_reward_scale,1186,50,10,P10,50,5.0625e-05,-0.015670625492930412,5689.0,5650.0,19.48802900314331,1.263131856918335,20.751160860061646,5443.0,5658.62
ablation_no_reward_scale,1187,50,11,P11,50,5.058333333333334e-05,-0.015733330859802663,11496.0,11434.0,36.90623927116394,2.4674489498138428,39.37368822097778,11389.0,11554.22
ablation_no_reward_scale,1188,50,12,P12,50,5.0541666666666664e-05,-0.0025605205446481705,11973.0,11935.0,44.76039433479309,2.9590935707092285,47.71948790550232,11800.0,12359.18
ablation_no_reward_scale,1189,50,13,P13,50,5.05e-05,0.011444686155300587,19540.0,19527.0,103.02573823928833,7.705145597457886,110.73088383674622,19527.0,20223.98
ablation_no_reward_scale,1190,50,14,P14,50,5.045833333333334e-05,-0.0008969660016191483,22114.0,21976.0,104.26562809944153,7.7160937786102295,111.98172187805176,21804.0,22601.9
ablation_no_reward_scale,1191,50,15,P15,50,5.041666666666667e-05,-0.0038548469892702997,20373.0,20210.0,107.20604920387268,8.03076720237732,115.23681640625,19951.0,20500.04
ablation_no_reward_scale,1192,50,16,P16,50,5.037499999999999e-05,0.0008126967113639694,20721.0,20785.0,131.18590593338013,10.101516246795654,141.28742218017578,20444.0,21108.54
ablation_no_reward_scale,1193,50,17,P17,50,5.033333333333334e-05,0.00037222010923869674,21116.0,21228.0,131.22111105918884,9.940301656723022,141.16141271591187,20880.0,21603.02
ablation_no_reward_scale,1194,50,18,P18,50,5.029166666666667e-05,-0.0018136984130251222,20490.0,20419.0,122.7238221168518,9.168642520904541,131.89246463775635,20275.0,20848.86
ablation_no_reward_scale,1195,50,19,P19,50,5.0249999999999995e-05,0.004800615005660802,23546.0,23467.0,126.83177924156189,9.934295415878296,136.76607465744019,23037.0,24067.9
ablation_no_reward_scale,1196,50,20,P20,50,5.020833333333333e-05,-0.0038655767915770412,22821.0,22786.0,134.69066214561462,10.484755039215088,145.1754171848297,22226.0,22880.5
ablation_no_reward_scale,1197,50,21,P21,50,5.0166666666666675e-05,0.0006815871314756805,23810.0,23642.0,144.0042805671692,11.250635385513306,155.2549159526825,23397.0,24086.04
ablation_no_reward_scale,1198,50,22,P22,50,5.0125e-05,-0.0012667242779571097,23529.0,23431.0,142.2436044216156,11.271947145462036,153.51555156707764,22997.0,23631.34
ablation_no_reward_scale,1199,50,23,P23,50,5.0083333333333335e-05,0.0029320476044501576,32844.0,32988.0,187.5004804134369,14.665741443634033,202.16622185707092,31857.0,35343.56
ablation_no_reward_scale,1200,50,24,P24,50,5.004166666666667e-05,0.00010196586135862163,24116.0,23997.0,128.00398206710815,10.120436191558838,138.124418258667,23672.0,24421.46
ablation_no_reward_scale,1201,51,1,P1,51,5e-05,0.01675301289651543,6460.0,6226.0,30.350209712982178,1.9533326625823975,32.303542375564575,6012.0,6377.862745098039
ablation_no_reward_scale,1202,51,2,P2,51,4.995833333333334e-05,-0.006218197522684932,8497.0,8507.0,38.24211359024048,2.497708320617676,40.739821910858154,8270.0,8643.35294117647
ablation_no_reward_scale,1203,51,3,P3,51,4.991666666666667e-05,0.00798198563279584,6462.0,6316.0,27.939245462417603,1.8137123584747314,29.752957820892334,5877.0,6777.980392156863
ablation_no_reward_scale,1204,51,4,P4,51,4.9875000000000006e-05,0.002214810054283589,3827.0,3738.0,22.213975429534912,1.415050745010376,23.629026174545288,3699.0,3879.392156862745
ablation_no_reward_scale,1205,51,5,P5,51,4.983333333333333e-05,-0.00815190258435905,4282.0,4282.0,24.05718469619751,1.5432443618774414,25.60042905807495,4217.0,4376.117647058823
ablation_no_reward_scale,1206,51,6,P6,51,4.979166666666667e-05,-0.0038730030064471066,4100.0,3990.0,25.308011770248413,1.6347627639770508,26.942774534225464,3975.0,4141.882352941177
ablation_no_reward_scale,1207,51,7,P7,51,4.975000000000001e-05,0.00023787482496118173,5885.0,5754.0,36.15713453292847,2.3411831855773926,38.49831771850586,5720.0,6092.313725490196
ablation_no_reward_scale,1208,51,8,P8,51,4.970833333333333e-05,0.0006291607023740653,5717.0,5704.0,32.3596351146698,2.043933153152466,34.403568267822266,5630.0,6024.3725490196075
ablation_no_reward_scale,1209,51,9,P9,51,4.966666666666667e-05,0.005215691533521749,5559.0,5577.0,30.243769645690918,1.9359471797943115,32.17971682548523,5347.0,5743.549019607844
ablation_no_reward_scale,1210,51,10,P10,51,4.9625e-05,-0.017658659256994724,5621.0,5621.0,19.308966636657715,1.2464840412139893,20.555450677871704,5443.0,5657.882352941177
ablation_no_reward_scale,1211,51,11,P11,51,4.958333333333334e-05,-0.015323512256145477,11434.0,11434.0,36.95825934410095,2.453989267349243,39.412248611450195,11389.0,11551.862745098038
ablation_no_reward_scale,1212,51,12,P12,51,4.954166666666667e-05,-0.0022811237286077812,11828.0,11935.0,44.65370583534241,2.975980281829834,47.62968611717224,11800.0,12350.862745098038
ablation_no_reward_scale,1213,51,13,P13,51,4.9500000000000004e-05,0.011736725980881602,19592.0,19725.0,104.50007247924805,7.644514799118042,112.14458727836609,19527.0,20214.196078431374
ablation_no_reward_scale,1214,51,14,P14,51,4.945833333333334e-05,-0.003818034048890695,21989.0,22093.0,104.03356075286865,7.694921016693115,111.72848176956177,21804.0,22591.92156862745
ablation_no_reward_scale,1215,51,15,P15,51,4.9416666666666664e-05,-0.0006237499787857814,20133.0,20205.0,107.41431307792664,8.089788675308228,115.50410175323486,19951.0,20494.254901960783
ablation_no_reward_scale,1216,51,16,P16,51,4.937500000000001e-05,0.0008017418789677322,20801.0,20740.0,130.00102949142456,9.848095655441284,139.84912514686584,20444.0,21101.313725490196
ablation_no_reward_scale,1217,51,17,P17,51,4.933333333333333e-05,0.0020616806286852807,21298.0,20938.0,132.30251288414001,9.940307855606079,142.2428207397461,20880.0,21589.980392156864
ablation_no_reward_scale,1218,51,18,P18,51,4.929166666666667e-05,-0.002354242167348275,20468.0,20468.0,122.07220816612244,9.269735097885132,131.34194326400757,20275.0,20841.392156862745
ablation_no_reward_scale,1219,51,19,P19,51,4.9250000000000004e-05,0.002049872776842676,23038.0,23260.0,127.1025538444519,9.845510482788086,136.94806432724,23037.0,24052.058823529413
ablation_no_reward_scale,1220,51,20,P20,51,4.9208333333333335e-05,-0.0006538438683492132,22874.0,22710.0,136.1901078224182,10.65639615058899,146.8465039730072,22226.0,22877.156862745098
ablation_no_reward_scale,1221,51,21,P21,51,4.916666666666667e-05,-2.9650375108758453e-05,23948.0,23600.0,143.80126309394836,11.110781908035278,154.91204500198364,23397.0,24076.50980392157
ablation_no_reward_scale,1222,51,22,P22,51,4.9125e-05,-0.0005451907427413971,23550.0,23345.0,141.99240350723267,11.15452527999878,153.14692878723145,22997.0,23625.725490196077
ablation_no_reward_scale,1223,51,23,P23,51,4.908333333333334e-05,0.0010272048363861228,32452.0,32783.0,187.36388087272644,14.677013635635376,202.04089450836182,31857.0,35293.35294117647
ablation_no_reward_scale,1224,51,24,P24,51,4.904166666666666e-05,0.0005368726735468954,24113.0,23780.0,127.79764437675476,9.990473985671997,137.78811836242676,23672.0,24408.882352941175
ablation_no_reward_scale,1225,52,1,P1,52,4.9e-05,0.015493404935114086,6466.0,6238.0,30.16149926185608,1.9895408153533936,32.15104007720947,6012.0,6375.173076923077
ablation_no_reward_scale,1226,52,2,P2,52,4.895833333333334e-05,-0.009131163475103676,8498.0,8538.0,38.778146743774414,2.5338809490203857,41.3120276927948,8270.0,8641.326923076924
ablation_no_reward_scale,1227,52,3,P3,52,4.8916666666666665e-05,0.009490745855146088,6517.0,6444.0,27.974990606307983,1.7933096885681152,29.7683002948761,5877.0,6771.557692307692
ablation_no_reward_scale,1228,52,4,P4,52,4.8875e-05,-0.002821092668455094,3762.0,3738.0,21.938729286193848,1.40464186668396,23.343371152877808,3699.0,3876.673076923077
ablation_no_reward_scale,1229,52,5,P5,52,4.883333333333333e-05,-0.011154283536598086,4252.0,4282.0,24.199573278427124,1.5347089767456055,25.73428225517273,4217.0,4374.307692307692
ablation_no_reward_scale,1230,52,6,P6,52,4.879166666666667e-05,-0.004336805897764862,4070.0,4030.0,25.169434309005737,1.5860745906829834,26.75550889968872,3975.0,4139.7307692307695
ablation_no_reward_scale,1231,52,7,P7,52,4.8750000000000006e-05,-0.0010093799683090765,5777.0,5787.0,36.356786251068115,2.3334145545959473,38.69020080566406,5720.0,6086.442307692308
ablation_no_reward_scale,1232,52,8,P8,52,4.8708333333333336e-05,0.003255211573559791,5690.0,5720.0,31.90288734436035,2.056018590927124,33.958905935287476,5630.0,6018.5192307692305
ablation_no_reward_scale,1233,52,9,P9,52,4.866666666666667e-05,0.008051641867496073,5571.0,5463.0,30.464202165603638,1.9618213176727295,32.42602348327637,5347.0,5738.153846153846
ablation_no_reward_scale,1234,52,10,P10,52,4.8624999999999996e-05,-0.013366298051550984,5621.0,5650.0,19.583559036254883,1.2821760177612305,20.865735054016113,5443.0,5657.7307692307695
ablation_no_reward_scale,1235,52,11,P11,52,4.858333333333333e-05,-0.013358917902223766,11434.0,11434.0,37.15950393676758,2.4308621883392334,39.59036612510681,11389.0,11549.596153846154
ablation_no_reward_scale,1236,52,12,P12,52,4.8541666666666677e-05,-0.0032069765438791364,11810.0,11935.0,44.56493282318115,2.9400312900543213,47.504964113235474,11800.0,12342.865384615385
ablation_no_reward_scale,1237,52,13,P13,52,4.85e-05,0.011463114875368774,19672.0,19597.0,103.16002106666565,7.596297264099121,110.75631833076477,19527.0,20202.326923076922
ablation_no_reward_scale,1238,52,14,P14,52,4.845833333333334e-05,-0.0030665798112750053,21800.0,22253.0,104.21728801727295,7.665435075759888,111.88272309303284,21804.0,22585.403846153848
ablation_no_reward_scale,1239,52,15,P15,52,4.841666666666667e-05,-0.0010609006567392498,20127.0,20246.0,107.22073316574097,7.987590312957764,115.20832347869873,19951.0,20489.48076923077
ablation_no_reward_scale,1240,52,16,P16,52,4.8375000000000004e-05,0.001822465201257728,20608.0,20554.0,130.69237208366394,9.805410385131836,140.49778246879578,20444.0,21090.78846153846
ablation_no_reward_scale,1241,52,17,P17,52,4.8333333333333334e-05,0.001692653915961273,21213.0,20998.0,131.4513487815857,9.963793516159058,141.41514229774475,20880.0,21578.596153846152
ablation_no_reward_scale,1242,52,18,P18,52,4.829166666666667e-05,-0.0025340757449157534,20520.0,20510.0,122.40986680984497,9.207433462142944,131.61730027198792,20275.0,20835.01923076923
ablation_no_reward_scale,1243,52,19,P19,52,4.825000000000001e-05,0.0047172099468298255,23690.0,23181.0,127.11683106422424,9.908203840255737,137.02503490447998,23037.0,24035.30769230769
ablation_no_reward_scale,1244,52,20,P20,52,4.820833333333333e-05,-0.003908984153531492,22847.0,22617.0,135.7894880771637,10.549360990524292,146.338849067688,22226.0,22872.153846153848
ablation_no_reward_scale,1245,52,21,P21,52,4.8166666666666674e-05,-0.0002233873163277167,23793.0,23663.0,144.14875268936157,11.0487220287323,155.19747471809387,23397.0,24068.55769230769
ablation_no_reward_scale,1246,52,22,P22,52,4.8125e-05,0.0004665346037654672,23756.0,23546.0,142.36399221420288,11.150486946105957,153.51447916030884,22997.0,23624.19230769231
ablation_no_reward_scale,1247,52,23,P23,52,4.8083333333333334e-05,0.00021944853493291054,32332.0,32308.0,187.152330160141,14.767306089401245,201.91963624954224,31857.0,35235.942307692305
ablation_no_reward_scale,1248,52,24,P24,52,4.804166666666667e-05,0.0009877284450340086,24131.0,24051.0,128.16934204101562,9.963205099105835,138.13254714012146,23672.0,24402.0
ablation_no_reward_scale,1249,53,1,P1,53,4.8e-05,-0.0016419342800872982,6161.0,6216.0,30.316936254501343,1.992809534072876,32.30974578857422,6012.0,6372.169811320755
ablation_no_reward_scale,1250,53,2,P2,53,4.795833333333334e-05,0.003910404309863225,8494.0,8494.0,38.55568170547485,2.533897876739502,41.089579582214355,8270.0,8638.547169811322
ablation_no_reward_scale,1251,53,3,P3,53,4.791666666666667e-05,0.02430845401249826,6530.0,6234.0,27.890101194381714,1.823721170425415,29.71382236480713,5877.0,6761.415094339623
ablation_no_reward_scale,1252,53,4,P4,53,4.7875000000000005e-05,-0.011773373000323772,3749.0,3733.0,21.994014978408813,1.4075677394866943,23.401582717895508,3699.0,3873.9622641509436
ablation_no_reward_scale,1253,53,5,P5,53,4.783333333333334e-05,-0.01603268599137664,4297.0,4297.0,24.28955340385437,1.5607240200042725,25.850277423858643,4217.0,4372.8490566037735
ablation_no_reward_scale,1254,53,6,P6,53,4.7791666666666665e-05,-0.005744971102103591,4105.0,4030.0,25.327342987060547,1.618664264678955,26.946007251739502,3975.0,4137.66037735849
ablation_no_reward_scale,1255,53,7,P7,53,4.775000000000001e-05,-0.006840924557764083,5812.0,5734.0,36.329545736312866,2.3303656578063965,38.65991139411926,5720.0,6079.792452830188
ablation_no_reward_scale,1256,53,8,P8,53,4.770833333333333e-05,0.0066550111514516175,5691.0,5687.0,32.08653974533081,2.0470681190490723,34.13360786437988,5630.0,6012.264150943396
ablation_no_reward_scale,1257,53,9,P9,53,4.766666666666667e-05,0.0010752105208666762,5464.0,5463.0,30.39406967163086,1.9804186820983887,32.37448835372925,5347.0,5732.962264150943
ablation_no_reward_scale,1258,53,10,P10,53,4.7625e-05,-0.016687132883816957,5633.0,5650.0,19.5862238407135,1.2805497646331787,20.86677360534668,5443.0,5657.584905660377
ablation_no_reward_scale,1259,53,11,P11,53,4.7583333333333336e-05,-0.009521336294710636,11372.0,11434.0,36.99047231674194,2.446479082107544,39.43695139884949,11389.0,11547.415094339623
ablation_no_reward_scale,1260,53,12,P12,53,4.754166666666667e-05,0.002049321265076287,11890.0,11935.0,44.57913827896118,2.9939417839050293,47.57308006286621,11800.0,12335.169811320755
ablation_no_reward_scale,1261,53,13,P13,53,4.75e-05,0.009278257610276341,19518.0,19639.0,102.9441568851471,7.627382516860962,110.57153940200806,19527.0,20191.69811320755
ablation_no_reward_scale,1262,53,14,P14,53,4.745833333333334e-05,-0.0019422900149947964,22049.0,22117.0,104.08740448951721,7.666690349578857,111.75409483909607,21804.0,22576.56603773585
ablation_no_reward_scale,1263,53,15,P15,53,4.741666666666666e-05,-0.0009743304362928029,20264.0,20205.0,107.66234159469604,7.935950756072998,115.59829235076904,19951.0,20484.11320754717
ablation_no_reward_scale,1264,53,16,P16,53,4.7375e-05,0.00015091987297637387,20623.0,20524.0,131.57026958465576,9.907336235046387,141.47760581970215,20444.0,21080.094339622643
ablation_no_reward_scale,1265,53,17,P17,53,4.733333333333334e-05,3.166646492900327e-05,20812.0,20710.0,131.4142141342163,9.934356212615967,141.34857034683228,20710.0,21562.20754716981
ablation_no_reward_scale,1266,53,18,P18,53,4.7291666666666666e-05,-0.0006560021913173842,20575.0,20406.0,122.81450247764587,9.185348987579346,131.99985146522522,20275.0,20826.924528301886
ablation_no_reward_scale,1267,53,19,P19,53,4.725e-05,0.002210947251296602,23200.0,23280.0,126.62017726898193,9.900530815124512,136.52070808410645,23037.0,24021.056603773584
ablation_no_reward_scale,1268,53,20,P20,53,4.720833333333333e-05,-0.00013953514207969419,23114.0,22572.0,136.49690699577332,10.500499248504639,146.99740624427795,22226.0,22866.490566037737
ablation_no_reward_scale,1269,53,21,P21,53,4.716666666666667e-05,-0.0014494033028313424,23691.0,23381.0,144.02138090133667,11.152164459228516,155.17354536056519,23381.0,24055.584905660377
ablation_no_reward_scale,1270,53,22,P22,53,4.7125e-05,0.0009028747306729201,23639.0,23226.0,142.16972708702087,11.154022693634033,153.3237497806549,22997.0,23616.67924528302
ablation_no_reward_scale,1271,53,23,P23,53,4.708333333333334e-05,-0.00024045885727121328,32354.0,32128.0,187.9568510055542,14.662513017654419,202.61936402320862,31857.0,35177.301886792455
ablation_no_reward_scale,1272,53,24,P24,53,4.7041666666666674e-05,0.00022715559753123672,24114.0,23991.0,128.33974623680115,10.140862941741943,138.4806091785431,23672.0,24394.245283018867
ablation_no_reward_scale,1273,54,1,P1,54,4.7e-05,0.0073157757869921625,6284.0,6216.0,30.177220821380615,1.9781858921051025,32.15540671348572,6012.0,6369.277777777777
ablation_no_reward_scale,1274,54,2,P2,54,4.695833333333334e-05,0.0008907817900762893,8538.0,8379.0,38.36265325546265,2.508164882659912,40.87081813812256,8270.0,8633.74074074074
ablation_no_reward_scale,1275,54,3,P3,54,4.6916666666666664e-05,0.0171543147880584,6519.0,6231.0,27.868653774261475,1.7973847389221191,29.666038513183594,5877.0,6751.592592592592
ablation_no_reward_scale,1276,54,4,P4,54,4.6875e-05,-0.003766058769542724,3749.0,3715.0,21.946333646774292,1.413778305053711,23.360111951828003,3699.0,3871.0185185185187
ablation_no_reward_scale,1277,54,5,P5,54,4.683333333333334e-05,-0.01578338723629713,4272.0,4297.0,24.080929279327393,1.551170825958252,25.632100105285645,4217.0,4371.444444444444
ablation_no_reward_scale,1278,54,6,P6,54,4.679166666666667e-05,-0.006898171151988208,4120.0,4077.0,24.952889680862427,1.5988359451293945,26.55172562599182,3975.0,4136.537037037037
ablation_no_reward_scale,1279,54,7,P7,54,4.6750000000000005e-05,-0.005611440283246338,5860.0,5787.0,36.59236788749695,2.3402953147888184,38.93266320228577,5720.0,6074.37037037037
ablation_no_reward_scale,1280,54,8,P8,54,4.6708333333333335e-05,0.005014921480324119,5705.0,5704.0,32.31474733352661,2.071744441986084,34.386491775512695,5630.0,6006.555555555556
ablation_no_reward_scale,1281,54,9,P9,54,4.666666666666667e-05,0.0016676069417371764,5477.0,5521.0,30.1526095867157,1.9415597915649414,32.09416937828064,5347.0,5729.037037037037
ablation_no_reward_scale,1282,54,10,P10,54,4.662500000000001e-05,-0.016615981236100197,5653.0,5650.0,19.45368242263794,1.2646815776824951,20.718364000320435,5443.0,5657.444444444444
ablation_no_reward_scale,1283,54,11,P11,54,4.658333333333333e-05,-0.011294107418507338,11434.0,11434.0,36.8703031539917,2.4510486125946045,39.321351766586304,11389.0,11545.314814814816
ablation_no_reward_scale,1284,54,12,P12,54,4.6541666666666675e-05,6.709465924359392e-05,11918.0,11935.0,44.69565677642822,2.9750616550445557,47.67071843147278,11800.0,12327.75925925926
ablation_no_reward_scale,1285,54,13,P13,54,4.65e-05,0.00543496452155523,19522.0,19425.0,103.78353524208069,7.743860960006714,111.5273962020874,19425.0,20177.5
ablation_no_reward_scale,1286,54,14,P14,54,4.6458333333333335e-05,-0.0007202810663784476,21785.0,22025.0,103.78480958938599,7.708655595779419,111.4934651851654,21804.0,22566.35185185185
ablation_no_reward_scale,1287,54,15,P15,54,4.6416666666666666e-05,-0.00047232133897523454,20333.0,20147.0,107.42737793922424,7.999748468399048,115.42712640762329,19951.0,20477.87037037037
ablation_no_reward_scale,1288,54,16,P16,54,4.6375e-05,-0.001017564069479704,20681.0,20679.0,130.6506724357605,9.942480325698853,140.59315276145935,20444.0,21072.666666666668
ablation_no_reward_scale,1289,54,17,P17,54,4.633333333333334e-05,0.00183350459265057,21041.0,21223.0,132.39725708961487,9.883081674575806,142.28033876419067,20710.0,21555.925925925927
ablation_no_reward_scale,1290,54,18,P18,54,4.629166666666667e-05,-0.002087687561288476,20578.0,20555.0,122.3413155078888,9.268649101257324,131.60996460914612,20275.0,20821.88888888889
ablation_no_reward_scale,1291,54,19,P19,54,4.6250000000000006e-05,0.0022005408070981504,23225.0,23422.0,126.9579849243164,9.830706357955933,136.78869128227234,23037.0,24009.962962962964
ablation_no_reward_scale,1292,54,20,P20,54,4.620833333333333e-05,-0.0003019990970642539,22866.0,22754.0,136.84971165657043,10.636609077453613,147.48632073402405,22226.0,22864.40740740741
ablation_no_reward_scale,1293,54,21,P21,54,4.6166666666666666e-05,-0.0012147164195994264,23761.0,23472.0,143.78409361839294,11.14175271987915,154.9258463382721,23381.0,24044.777777777777
ablation_no_reward_scale,1294,54,22,P22,54,4.612500000000001e-05,0.0002604069471999537,23458.0,23464.0,142.600341796875,11.094340324401855,153.69468212127686,22997.0,23613.85185185185
ablation_no_reward_scale,1295,54,23,P23,54,4.608333333333333e-05,0.00093839067267254,32492.0,32074.0,189.05077934265137,14.697785377502441,203.7485647201538,31857.0,35119.833333333336
ablation_no_reward_scale,1296,54,24,P24,54,4.604166666666667e-05,-0.0006175193790113554,23814.0,23991.0,127.44765853881836,10.03326153755188,137.48092007637024,23672.0,24386.777777777777
ablation_no_reward_scale,1297,55,1,P1,55,4.6e-05,0.011224807356484234,6242.0,6466.0,30.23780918121338,2.0027599334716797,32.24056911468506,6012.0,6371.036363636364
ablation_no_reward_scale,1298,55,2,P2,55,4.595833333333334e-05,-0.0012723167733383889,8494.0,8494.0,38.77312660217285,2.5358362197875977,41.30896282196045,8270.0,8631.2
ablation_no_reward_scale,1299,55,3,P3,55,4.591666666666666e-05,0.0026494488629396074,6335.0,6234.0,28.04375410079956,1.7974257469177246,29.841179847717285,5877.0,6742.181818181818
ablation_no_reward_scale,1300,55,4,P4,55,4.5875000000000004e-05,0.0033698040060698986,3749.0,3748.0,22.077610969543457,1.3910226821899414,23.4686336517334,3699.0,3868.7818181818184
ablation_no_reward_scale,1301,55,5,P5,55,4.583333333333334e-05,-0.0013127201527822763,4297.0,4297.0,24.046585083007812,1.5408086776733398,25.587393760681152,4217.0,4370.090909090909
ablation_no_reward_scale,1302,55,6,P6,55,4.5791666666666664e-05,0.003886857128236443,4105.0,4075.0,24.843125581741333,1.5993130207061768,26.44243860244751,3975.0,4135.418181818181
ablation_no_reward_scale,1303,55,7,P7,55,4.575e-05,-0.0020379811103339307,5841.0,5754.0,36.6783607006073,2.38403582572937,39.06239652633667,5720.0,6068.545454545455
ablation_no_reward_scale,1304,55,8,P8,55,4.570833333333333e-05,0.0007998889841474011,5721.0,5757.0,32.161785364151,2.078878879547119,34.24066424369812,5630.0,6002.018181818182
ablation_no_reward_scale,1305,55,9,P9,55,4.566666666666667e-05,0.0040260750829475,5542.0,5463.0,30.337794542312622,1.970886468887329,32.30868101119995,5347.0,5724.2
ablation_no_reward_scale,1306,55,10,P10,55,4.5625000000000004e-05,-0.015925701707601547,5666.0,5621.0,19.685432195663452,1.286590814590454,20.972023010253906,5443.0,5656.781818181818
ablation_no_reward_scale,1307,55,11,P11,55,4.5583333333333335e-05,-0.016276182373985648,11389.0,11434.0,37.15318417549133,2.433898448944092,39.587082624435425,11389.0,11543.290909090909
ablation_no_reward_scale,1308,55,12,P12,55,4.554166666666667e-05,0.0012448512643459253,11840.0,11935.0,44.228734493255615,2.924466371536255,47.15320086479187,11800.0,12320.618181818181
ablation_no_reward_scale,1309,55,13,P13,55,4.55e-05,0.010845499054994434,19772.0,19791.0,103.28412508964539,7.657419919967651,110.94154500961304,19425.0,20170.47272727273
ablation_no_reward_scale,1310,55,14,P14,55,4.545833333333334e-05,-0.0034568477858556435,21958.0,21859.0,104.35143780708313,7.672544240951538,112.02398204803467,21804.0,22553.49090909091
ablation_no_reward_scale,1311,55,15,P15,55,4.5416666666666675e-05,2.053613093266904e-05,20250.0,20422.0,107.09966588020325,7.950429916381836,115.05009579658508,19951.0,20476.854545454546
ablation_no_reward_scale,1312,55,16,P16,55,4.5375e-05,-0.0003104763616647688,20629.0,20563.0,130.87315464019775,9.860038995742798,140.73319363594055,20444.0,21063.4
ablation_no_reward_scale,1313,55,17,P17,55,4.533333333333334e-05,0.001433762488886714,21018.0,21058.0,132.18876433372498,10.004708051681519,142.1934723854065,20710.0,21546.872727272726
ablation_no_reward_scale,1314,55,18,P18,55,4.5291666666666665e-05,-0.002592401090078056,20525.0,20521.0,122.17453861236572,9.253447532653809,131.42798614501953,20275.0,20816.418181818182
ablation_no_reward_scale,1315,55,19,P19,55,4.525e-05,0.0038530254270881413,23492.0,23492.0,127.79894185066223,10.012787103652954,137.81172895431519,23037.0,24000.545454545456
ablation_no_reward_scale,1316,55,20,P20,55,4.520833333333333e-05,-0.0011550729745067657,23163.0,22710.0,135.5751509666443,10.55862832069397,146.13377928733826,22226.0,22861.6
ablation_no_reward_scale,1317,55,21,P21,55,4.516666666666667e-05,-0.0023123383813071995,23766.0,23484.0,143.74299097061157,11.126021385192871,154.86901235580444,23381.0,24034.581818181818
ablation_no_reward_scale,1318,55,22,P22,55,4.5125000000000006e-05,0.0009444246597922756,23608.0,23452.0,142.23900246620178,11.198959350585938,153.43796181678772,22997.0,23610.909090909092
ablation_no_reward_scale,1319,55,23,P23,55,4.5083333333333336e-05,0.00037534316808367815,32453.0,32361.0,187.42674732208252,14.718770742416382,202.1455180644989,31857.0,35069.67272727273
ablation_no_reward_scale,1320,55,24,P24,55,4.504166666666667e-05,0.0003231291655538371,24143.0,23991.0,129.01910090446472,10.025724649429321,139.04482555389404,23672.0,24379.581818181818
ablation_no_reward_scale,1321,56,1,P1,56,4.4999999999999996e-05,0.014757412835024297,6385.0,6226.0,30.385207414627075,2.001281499862671,32.386488914489746,6012.0,6368.446428571428
ablation_no_reward_scale,1322,56,2,P2,56,4.495833333333333e-05,-0.00419317270279862,8554.0,8497.0,38.28611087799072,2.5472357273101807,40.8333466053009,8270.0,8628.80357142857
ablation_no_reward_scale,1323,56,3,P3,56,4.4916666666666677e-05,0.0007882576901465654,6431.0,6304.0,28.148432731628418,1.8012127876281738,29.949645519256592,5877.0,6734.357142857143
ablation_no_reward_scale,1324,56,4,P4,56,4.4875e-05,-0.0008163609891198575,3749.0,3749.0,21.927485466003418,1.411607265472412,23.33909273147583,3699.0,3866.6428571428573
ablation_no_reward_scale,1325,56,5,P5,56,4.483333333333334e-05,0.0003600798809202388,4297.0,4277.0,24.274073362350464,1.5907492637634277,25.86482262611389,4217.0,4368.428571428572
ablation_no_reward_scale,1326,56,6,P6,56,4.479166666666667e-05,0.00472871505189687,4110.0,3955.0,25.284268140792847,1.5902693271636963,26.874537467956543,3955.0,4132.196428571428
ablation_no_reward_scale,1327,56,7,P7,56,4.4750000000000004e-05,-0.004097755532711744,5828.0,5754.0,36.18271780014038,2.3310794830322266,38.51379728317261,5720.0,6062.928571428572
ablation_no_reward_scale,1328,56,8,P8,56,4.470833333333334e-05,0.0013729221755056642,5758.0,5668.0,31.90626621246338,2.0399158000946045,33.94618201255798,5630.0,5996.053571428572
ablation_no_reward_scale,1329,56,9,P9,56,4.466666666666667e-05,0.0034325358574278653,5532.0,5553.0,30.356674671173096,1.9815971851348877,32.33827185630798,5347.0,5721.142857142857
ablation_no_reward_scale,1330,56,10,P10,56,4.462500000000001e-05,-0.022949492558836937,5544.0,5588.0,19.52637481689453,1.2721021175384521,20.798476934432983,5443.0,5655.553571428572
ablation_no_reward_scale,1331,56,11,P11,56,4.458333333333333e-05,-0.01334743935149163,11434.0,11434.0,37.21238684654236,2.4830081462860107,39.69539499282837,11389.0,11541.339285714286
ablation_no_reward_scale,1332,56,12,P12,56,4.454166666666667e-05,0.003031753469258547,11909.0,11790.0,44.68561768531799,2.9895713329315186,47.67518901824951,11790.0,12311.142857142857
ablation_no_reward_scale,1333,56,13,P13,56,4.45e-05,0.010191529232542962,20033.0,19531.0,103.51711630821228,7.530443906784058,111.04756021499634,19425.0,20159.053571428572
ablation_no_reward_scale,1334,56,14,P14,56,4.4458333333333334e-05,-0.004714039241662249,21836.0,21788.0,104.04110765457153,7.73504376411438,111.77615141868591,21788.0,22539.821428571428
ablation_no_reward_scale,1335,56,15,P15,56,4.441666666666667e-05,0.0027680922794388607,20452.0,20397.0,107.37839078903198,7.881897211074829,115.26028800010681,19951.0,20475.428571428572
ablation_no_reward_scale,1336,56,16,P16,56,4.4375e-05,-0.002184027276234701,20553.0,20511.0,131.40903997421265,10.053263902664185,141.46230387687683,20444.0,21053.535714285714
ablation_no_reward_scale,1337,56,17,P17,56,4.433333333333334e-05,0.0030974176595918836,21341.0,21250.0,131.27958154678345,9.934834480285645,141.2144160270691,20710.0,21541.571428571428
ablation_no_reward_scale,1338,56,18,P18,56,4.429166666666666e-05,-0.0027510175306815652,20485.0,20461.0,122.16979360580444,9.167315244674683,131.33710885047913,20275.0,20810.071428571428
ablation_no_reward_scale,1339,56,19,P19,56,4.4250000000000005e-05,0.002315217797877267,23250.0,23318.0,126.30294394493103,9.809649467468262,136.1125934123993,23037.0,23988.35714285714
ablation_no_reward_scale,1340,56,20,P20,56,4.420833333333334e-05,-0.0013277495629154146,22766.0,22825.0,136.09322500228882,10.527500867843628,146.62072587013245,22226.0,22860.946428571428
ablation_no_reward_scale,1341,56,21,P21,56,4.4166666666666665e-05,-9.949411833076738e-06,23856.0,23623.0,143.2563772201538,11.17061185836792,154.42698907852173,23381.0,24027.23214285714
ablation_no_reward_scale,1342,56,22,P22,56,4.4125e-05,-0.0002855094975529937,23527.0,23456.0,141.5679521560669,11.180698156356812,152.7486503124237,22997.0,23608.14285714286
ablation_no_reward_scale,1343,56,23,P23,56,4.408333333333333e-05,0.0008417156516640846,32552.0,32211.0,187.63860726356506,14.647106170654297,202.28571343421936,31857.0,35018.625
ablation_no_reward_scale,1344,56,24,P24,56,4.404166666666667e-05,0.0008964912360170274,24171.0,23882.0,128.40417075157166,10.182814836502075,138.58698558807373,23672.0,24370.696428571428
ablation_no_reward_scale,1345,57,1,P1,57,4.4e-05,0.0052792332717217505,6226.0,6466.0,30.40218997001648,1.982487440109253,32.38467741012573,6012.0,6370.1578947368425
ablation_no_reward_scale,1346,57,2,P2,57,4.3958333333333336e-05,0.007148279226385057,8708.0,8698.0,38.33107876777649,2.5089426040649414,40.84002137184143,8270.0,8630.017543859649
ablation_no_reward_scale,1347,57,3,P3,57,4.391666666666667e-05,0.01360690826550126,6452.0,6102.0,27.66623878479004,1.7929246425628662,29.459163427352905,5877.0,6723.263157894737
ablation_no_reward_scale,1348,57,4,P4,57,4.3875e-05,-0.013957812916487455,3803.0,3748.0,22.098445177078247,1.416952133178711,23.515397310256958,3699.0,3864.561403508772
ablation_no_reward_scale,1349,57,5,P5,57,4.383333333333334e-05,-0.014492721064016223,4282.0,4297.0,24.017677068710327,1.5536339282989502,25.571310997009277,4217.0,4367.175438596491
ablation_no_reward_scale,1350,57,6,P6,57,4.379166666666666e-05,0.0057761771604418755,4110.0,3950.0,25.0193829536438,1.5977816581726074,26.617164611816406,3950.0,4129.0
ablation_no_reward_scale,1351,57,7,P7,57,4.375e-05,-0.0026560187397990376,5810.0,5754.0,36.197699308395386,2.334533929824829,38.532233238220215,5720.0,6057.508771929824
ablation_no_reward_scale,1352,57,8,P8,57,4.370833333333334e-05,0.008111164846923202,5790.0,5751.0,32.343048334121704,2.081869125366211,34.424917459487915,5630.0,5991.754385964912
ablation_no_reward_scale,1353,57,9,P9,57,4.3666666666666666e-05,0.0008900416032702196,5520.0,5517.0,30.111419439315796,1.9323575496673584,32.043776988983154,5347.0,5717.561403508772
ablation_no_reward_scale,1354,57,10,P10,57,4.3625e-05,-0.012707141926512122,5658.0,5670.0,19.524561882019043,1.2619173526763916,20.786479234695435,5443.0,5655.80701754386
ablation_no_reward_scale,1355,57,11,P11,57,4.358333333333333e-05,-0.013555151061154902,11389.0,11434.0,36.89232540130615,2.443899631500244,39.3362250328064,11389.0,11539.456140350878
ablation_no_reward_scale,1356,57,12,P12,57,4.354166666666667e-05,0.006174319249112159,11992.0,11808.0,44.7504608631134,2.923105478286743,47.67356634140015,11790.0,12302.315789473685
ablation_no_reward_scale,1357,57,13,P13,57,4.350000000000001e-05,0.004991388006601483,19637.0,19522.0,103.14156222343445,7.60994553565979,110.75150775909424,19425.0,20147.877192982458
ablation_no_reward_scale,1358,57,14,P14,57,4.345833333333334e-05,-0.001191993926113355,22070.0,21995.0,104.18731737136841,7.692517995834351,111.87983536720276,21788.0,22530.263157894737
ablation_no_reward_scale,1359,57,15,P15,57,4.3416666666666674e-05,-0.0011481129920412059,20495.0,20266.0,108.42661690711975,8.05254602432251,116.47916293144226,19951.0,20471.754385964912
ablation_no_reward_scale,1360,57,16,P16,57,4.3375e-05,0.0006411415059119463,20939.0,20635.0,130.76152801513672,9.868345260620117,140.62987327575684,20444.0,21046.19298245614
ablation_no_reward_scale,1361,57,17,P17,57,4.3333333333333334e-05,0.0011637560790404677,21265.0,20853.0,132.10127973556519,9.88762879371643,141.98890852928162,20710.0,21529.491228070176
ablation_no_reward_scale,1362,57,18,P18,57,4.3291666666666664e-05,-0.002272330649429932,20516.0,20456.0,122.51503682136536,9.214673280715942,131.7297101020813,20275.0,20803.859649122805
ablation_no_reward_scale,1363,57,19,P19,57,4.325e-05,0.0016178730140381959,23071.0,23508.0,127.48015666007996,9.831081628799438,137.3112382888794,23037.0,23979.929824561405
ablation_no_reward_scale,1364,57,20,P20,57,4.320833333333334e-05,-0.00015806379342393485,22878.0,22778.0,135.51984930038452,10.63910698890686,146.15895628929138,22226.0,22859.491228070176
ablation_no_reward_scale,1365,57,21,P21,57,4.316666666666667e-05,-0.0014888961653923617,23779.0,23624.0,144.55001997947693,11.191635131835938,155.74165511131287,23381.0,24020.157894736843
ablation_no_reward_scale,1366,57,22,P22,57,4.3125000000000005e-05,-0.0005334440698788967,23390.0,23452.0,142.65878009796143,11.189074277877808,153.84785437583923,22997.0,23605.40350877193
ablation_no_reward_scale,1367,57,23,P23,57,4.308333333333333e-05,0.0014492584305116907,32305.0,32598.0,187.73116326332092,14.798078060150146,202.52924132347107,31857.0,34976.15789473684
ablation_no_reward_scale,1368,57,24,P24,57,4.304166666666667e-05,0.000971797506645089,24034.0,24163.0,127.99192452430725,10.084431648254395,138.07635617256165,23672.0,24367.052631578947
ablation_no_reward_scale,1369,58,1,P1,58,4.300000000000001e-05,0.01575277152005583,6444.0,6204.0,30.439412355422974,1.9698216915130615,32.409234046936035,6012.0,6367.293103448276
ablation_no_reward_scale,1370,58,2,P2,58,4.295833333333333e-05,-0.002710640852455981,8718.0,8698.0,38.82602381706238,2.560593843460083,41.38661766052246,8270.0,8631.189655172413
ablation_no_reward_scale,1371,58,3,P3,58,4.291666666666667e-05,-0.0027673573968058918,6248.0,6234.0,28.271203756332397,1.8048810958862305,30.076084852218628,5877.0,6714.827586206897
ablation_no_reward_scale,1372,58,4,P4,58,4.2875e-05,0.0038914625183679163,3772.0,3817.0,21.99874234199524,1.3964250087738037,23.395167350769043,3699.0,3863.7413793103447
ablation_no_reward_scale,1373,58,5,P5,58,4.2833333333333335e-05,-0.005458462983369827,4262.0,4307.0,23.87615180015564,1.5383613109588623,25.414513111114502,4217.0,4366.137931034483
ablation_no_reward_scale,1374,58,6,P6,58,4.2791666666666666e-05,0.0018931360973510891,4080.0,4070.0,25.106348276138306,1.6008079051971436,26.70715618133545,3950.0,4127.982758620689
ablation_no_reward_scale,1375,58,7,P7,58,4.275e-05,-0.0066804265370592475,5818.0,5729.0,36.402947664260864,2.3268227577209473,38.72977042198181,5720.0,6051.8448275862065
ablation_no_reward_scale,1376,58,8,P8,58,4.270833333333334e-05,0.008992908638902009,5820.0,5721.0,31.843074083328247,2.0697128772735596,33.91278696060181,5630.0,5987.086206896552
ablation_no_reward_scale,1377,58,9,P9,58,4.266666666666667e-05,0.00024746416875132127,5552.0,5475.0,30.74133539199829,2.0102455615997314,32.75158095359802,5347.0,5713.379310344828
ablation_no_reward_scale,1378,58,10,P10,58,4.2625000000000006e-05,-0.017647615168243647,5534.0,5525.0,19.745405673980713,1.297961950302124,21.043367624282837,5443.0,5653.551724137931
ablation_no_reward_scale,1379,58,11,P11,58,4.258333333333333e-05,-0.007640999101568013,11434.0,11434.0,37.52674460411072,2.4647276401519775,39.991472244262695,11389.0,11537.637931034482
ablation_no_reward_scale,1380,58,12,P12,58,4.2541666666666666e-05,-0.0008628451978438534,11890.0,11935.0,44.447898864746094,2.959073781967163,47.40697264671326,11790.0,12295.98275862069
ablation_no_reward_scale,1381,58,13,P13,58,4.250000000000001e-05,0.00725212661200203,19637.0,19894.0,103.11197566986084,7.632234573364258,110.7442102432251,19425.0,20143.5
ablation_no_reward_scale,1382,58,14,P14,58,4.245833333333333e-05,-0.001524815281300107,22031.0,21957.0,104.40580868721008,7.6455078125,112.05131649971008,21788.0,22520.379310344826
ablation_no_reward_scale,1383,58,15,P15,58,4.241666666666667e-05,-0.0013821670991092105,20205.0,20316.0,107.45786356925964,7.972928047180176,115.43079161643982,19951.0,20469.068965517243
ablation_no_reward_scale,1384,58,16,P16,58,4.2375e-05,0.0017569224131875672,20660.0,20635.0,130.9071798324585,9.830028533935547,140.73720836639404,20444.0,21039.103448275862
ablation_no_reward_scale,1385,58,17,P17,58,4.233333333333334e-05,0.0005445449405669933,20953.0,21110.0,131.92551493644714,9.942971467971802,141.86848640441895,20710.0,21522.258620689656
ablation_no_reward_scale,1386,58,18,P18,58,4.2291666666666674e-05,-0.0011234394143684768,20688.0,20529.0,122.19658946990967,9.19780421257019,131.39439368247986,20275.0,20799.120689655174
ablation_no_reward_scale,1387,58,19,P19,58,4.2250000000000004e-05,0.0015495683139306494,23188.0,23328.0,127.76398134231567,9.97953176498413,137.7435131072998,23037.0,23968.689655172413
ablation_no_reward_scale,1388,58,20,P20,58,4.220833333333334e-05,-0.0010473925667611184,22900.0,22688.0,135.61313796043396,10.506661176681519,146.11979913711548,22226.0,22856.53448275862
ablation_no_reward_scale,1389,58,21,P21,58,4.2166666666666664e-05,-0.0015029658912681042,23696.0,23567.0,144.29377627372742,11.136927366256714,155.43070363998413,23381.0,24012.344827586207
ablation_no_reward_scale,1390,58,22,P22,58,4.2125e-05,0.0010365255940996577,23614.0,23397.0,141.90964794158936,11.21388840675354,153.1235363483429,22997.0,23601.810344827587
ablation_no_reward_scale,1391,58,23,P23,58,4.208333333333333e-05,0.00014849080889689503,32415.0,32223.0,187.81067323684692,14.759716749191284,202.5703899860382,31857.0,34928.68965517241
ablation_no_reward_scale,1392,58,24,P24,58,4.204166666666667e-05,0.0011824609387986128,24263.0,24007.0,128.22581505775452,10.000666856765747,138.22648191452026,23672.0,24360.844827586207
ablation_no_reward_scale,1393,59,1,P1,59,4.2000000000000004e-05,0.011862855055369437,6326.0,6304.0,30.54965305328369,2.0062754154205322,32.555928468704224,6012.0,6366.220338983051
ablation_no_reward_scale,1394,59,2,P2,59,4.1958333333333335e-05,-0.0007971251434355509,8538.0,8698.0,38.69366002082825,2.5341851711273193,41.227845191955566,8270.0,8632.322033898305
ablation_no_reward_scale,1395,59,3,P3,59,4.191666666666667e-05,0.007047076360322535,6316.0,6316.0,27.777231216430664,1.819080114364624,29.596311330795288,5877.0,6708.067796610169
ablation_no_reward_scale,1396,59,4,P4,59,4.1874999999999995e-05,-0.0007285529281944036,3762.0,3779.0,22.207104444503784,1.4230785369873047,23.63018298149109,3699.0,3862.3050847457625
ablation_no_reward_scale,1397,59,5,P5,59,4.183333333333334e-05,-0.008999742567539215,4287.0,4307.0,24.185465812683105,1.5869934558868408,25.772459268569946,4217.0,4365.135593220339
ablation_no_reward_scale,1398,59,6,P6,59,4.1791666666666675e-05,-0.00594534701667726,4032.0,4080.0,25.18006181716919,1.600362777709961,26.78042459487915,3950.0,4127.169491525424
ablation_no_reward_scale,1399,59,7,P7,59,4.175e-05,-0.0023032871686154976,5825.0,5798.0,36.21358251571655,2.3116300106048584,38.52521252632141,5720.0,6047.542372881356
ablation_no_reward_scale,1400,59,8,P8,59,4.1708333333333335e-05,0.003957618144340813,5730.0,5728.0,31.967240810394287,2.07222843170166,34.03946924209595,5630.0,5982.6949152542375
ablation_no_reward_scale,1401,59,9,P9,59,4.1666666666666665e-05,0.008950729388743639,5636.0,5552.0,30.337918281555176,1.9419140815734863,32.27983236312866,5347.0,5710.64406779661
ablation_no_reward_scale,1402,59,10,P10,59,4.1625e-05,-0.020158936735242605,5567.0,5588.0,19.460012197494507,1.26768159866333,20.727693796157837,5443.0,5652.440677966101
ablation_no_reward_scale,1403,59,11,P11,59,4.158333333333334e-05,-0.013316645636223257,11434.0,11434.0,36.94674015045166,2.435314416885376,39.382054567337036,11389.0,11535.881355932202
ablation_no_reward_scale,1404,59,12,P12,59,4.154166666666667e-05,-0.004544088646071032,11845.0,11935.0,44.767313957214355,3.0070948600769043,47.77440881729126,11790.0,12289.864406779661
ablation_no_reward_scale,1405,59,13,P13,59,4.1500000000000006e-05,0.007254524505697191,19641.0,19461.0,103.05081558227539,7.637574911117554,110.68839049339294,19425.0,20131.93220338983
ablation_no_reward_scale,1406,59,14,P14,59,4.145833333333333e-05,-0.0010600904624880059,21907.0,22092.0,104.36456274986267,7.735175371170044,112.09973812103271,21788.0,22513.118644067796
ablation_no_reward_scale,1407,59,15,P15,59,4.141666666666667e-05,-0.0029006027471041307,20319.0,20495.0,107.37653279304504,7.900035619735718,115.27656841278076,19951.0,20469.508474576272
ablation_no_reward_scale,1408,59,16,P16,59,4.1374999999999996e-05,0.0021865974355023353,20698.0,20630.0,131.4149899482727,10.189015865325928,141.60400581359863,20444.0,21032.169491525423
ablation_no_reward_scale,1409,59,17,P17,59,4.133333333333333e-05,-0.000559763600176666,20823.0,21018.0,132.3424849510193,9.941109657287598,142.28359460830688,20710.0,21513.71186440678
ablation_no_reward_scale,1410,59,18,P18,59,4.129166666666667e-05,-0.0007797256141202525,20368.0,20357.0,122.42442536354065,9.186028242111206,131.61045360565186,20275.0,20791.627118644068
ablation_no_reward_scale,1411,59,19,P19,59,4.125e-05,0.0037537917494773866,23500.0,23470.0,127.45999813079834,9.874685525894165,137.3346836566925,23037.0,23960.237288135595
ablation_no_reward_scale,1412,59,20,P20,59,4.120833333333334e-05,-0.00289020607015118,22940.0,22704.0,135.72284603118896,10.476028442382812,146.19887447357178,22226.0,22853.949152542373
ablation_no_reward_scale,1413,59,21,P21,59,4.116666666666667e-05,-0.0006279662080487469,23749.0,23602.0,143.56473469734192,11.179724216461182,154.7444589138031,23381.0,24005.389830508473
ablation_no_reward_scale,1414,59,22,P22,59,4.1125000000000004e-05,0.00019505441814544612,23500.0,23509.0,141.89110565185547,11.162786722183228,153.0538923740387,22997.0,23600.237288135595
ablation_no_reward_scale,1415,59,23,P23,59,4.108333333333334e-05,0.0011721113738271274,32667.0,32595.0,188.9763560295105,14.71430778503418,203.69066381454468,31857.0,34889.13559322034
ablation_no_reward_scale,1416,59,24,P24,59,4.104166666666667e-05,0.0008186827892131987,23995.0,23924.0,128.21936106681824,10.121367692947388,138.34072875976562,23672.0,24353.4406779661
ablation_no_reward_scale,1417,60,1,P1,60,4.100000000000001e-05,0.005186058406252414,6252.0,6304.0,30.554402589797974,2.0293264389038086,32.58372902870178,6012.0,6365.183333333333
ablation_no_reward_scale,1418,60,2,P2,60,4.095833333333333e-05,0.007885575178079307,8708.0,8551.0,39.14590096473694,2.534839153289795,41.68074011802673,8270.0,8630.966666666667
ablation_no_reward_scale,1419,60,3,P3,60,4.091666666666667e-05,-0.0006539333917316981,6303.0,6316.0,27.87039279937744,1.8371427059173584,29.7075355052948,5877.0,6701.533333333334
ablation_no_reward_scale,1420,60,4,P4,60,4.0875e-05,0.006278230692259967,3769.0,3734.0,22.059632778167725,1.4132087230682373,23.472841501235962,3699.0,3860.1666666666665
ablation_no_reward_scale,1421,60,5,P5,60,4.0833333333333334e-05,-0.006206350866705179,4304.0,4307.0,23.966258764266968,1.5698554515838623,25.53611421585083,4217.0,4364.166666666667
ablation_no_reward_scale,1422,60,6,P6,60,4.079166666666667e-05,-0.0025290207704529166,4070.0,4057.0,25.112776279449463,1.6326103210449219,26.745386600494385,3950.0,4126.0
ablation_no_reward_scale,1423,60,7,P7,60,4.075e-05,-0.016701525542885065,5794.0,5735.0,36.622543811798096,2.330090045928955,38.95263385772705,5720.0,6042.333333333333
ablation_no_reward_scale,1424,60,8,P8,60,4.070833333333334e-05,0.004781990137416869,5707.0,5740.0,32.398518323898315,2.0332937240600586,34.431812047958374,5630.0,5978.65
ablation_no_reward_scale,1425,60,9,P9,60,4.066666666666666e-05,0.016090379911474884,5571.0,5554.0,30.603489875793457,1.938239336013794,32.54172921180725,5347.0,5708.033333333334
ablation_no_reward_scale,1426,60,10,P10,60,4.0625000000000005e-05,-0.01775221573188901,5534.0,5588.0,19.22037172317505,1.2740137577056885,20.494385480880737,5443.0,5651.366666666667
ablation_no_reward_scale,1427,60,11,P11,60,4.058333333333334e-05,-0.013666548300534487,11434.0,11434.0,37.31733441352844,2.4441137313842773,39.76144814491272,11389.0,11534.183333333332
ablation_no_reward_scale,1428,60,12,P12,60,4.0541666666666665e-05,9.621384651836706e-05,12012.0,11828.0,44.445926904678345,2.9844377040863037,47.43036460876465,11790.0,12282.166666666666
ablation_no_reward_scale,1429,60,13,P13,60,4.05e-05,0.005551725596887991,19918.0,19672.0,103.48268294334412,7.5698370933532715,111.05252003669739,19425.0,20124.266666666666
ablation_no_reward_scale,1430,60,14,P14,60,4.045833333333333e-05,-0.0005065343939349987,22074.0,21943.0,103.8270514011383,7.734538316726685,111.56158971786499,21788.0,22503.616666666665
ablation_no_reward_scale,1431,60,15,P15,60,4.041666666666667e-05,-0.005222956679062918,20210.0,20210.0,108.1330554485321,8.045099973678589,116.1781554222107,19951.0,20465.183333333334
ablation_no_reward_scale,1432,60,16,P16,60,4.0375000000000006e-05,0.0038602179964073004,20650.0,20688.0,130.70145463943481,9.845857620239258,140.54731225967407,20444.0,21026.433333333334
ablation_no_reward_scale,1433,60,17,P17,60,4.0333333333333336e-05,-0.0009731467100209557,20926.0,21218.0,132.47335410118103,9.923661470413208,142.39701557159424,20710.0,21508.783333333333
ablation_no_reward_scale,1434,60,18,P18,60,4.029166666666667e-05,0.0001884462135421927,20585.0,20512.0,122.54887413978577,9.244548320770264,131.79342246055603,20275.0,20786.966666666667
ablation_no_reward_scale,1435,60,19,P19,60,4.0249999999999996e-05,0.003795088769402355,23712.0,23652.0,127.18063521385193,9.868194818496704,137.04883003234863,23037.0,23955.1
ablation_no_reward_scale,1436,60,20,P20,60,4.020833333333334e-05,-0.00451387248467654,22854.0,22766.0,135.35177564620972,10.621321439743042,145.97309708595276,22226.0,22852.483333333334
ablation_no_reward_scale,1437,60,21,P21,60,4.016666666666666e-05,0.0007335209986194969,23751.0,23671.0,144.618399143219,11.186067819595337,155.80446696281433,23381.0,23999.816666666666
ablation_no_reward_scale,1438,60,22,P22,60,4.0125e-05,-0.0003076624696404906,23625.0,23343.0,142.3906478881836,11.11760950088501,153.5082573890686,22997.0,23595.95
ablation_no_reward_scale,1439,60,23,P23,60,4.0083333333333336e-05,0.0012522656018388392,32558.0,32757.0,187.10420513153076,14.803107976913452,201.9073131084442,31857.0,34853.6
ablation_no_reward_scale,1440,60,24,P24,60,4.0041666666666666e-05,0.00048585432414256503,24086.0,23865.0,128.2200539112091,10.063292980194092,138.2833468914032,23672.0,24345.3
ablation_no_reward_scale,1441,61,1,P1,61,4e-05,0.011206807685084641,6392.0,6204.0,30.485381841659546,1.9683723449707031,32.45375418663025,6012.0,6362.540983606557
ablation_no_reward_scale,1442,61,2,P2,61,3.995833333333333e-05,-0.0007822401621524477,8708.0,8551.0,38.431496143341064,2.5348825454711914,40.966378688812256,8270.0,8629.655737704918
ablation_no_reward_scale,1443,61,3,P3,61,3.991666666666667e-05,0.009527517075184733,6530.0,6530.0,28.174906015396118,1.6909511089324951,29.865857124328613,5877.0,6698.7213114754095
ablation_no_reward_scale,1444,61,4,P4,61,3.987500000000001e-05,-0.011338494019582868,3721.0,3738.0,22.000248193740845,1.392561674118042,23.392809867858887,3699.0,3858.1639344262294
ablation_no_reward_scale,1445,61,5,P5,61,3.983333333333333e-05,-0.008328191470354795,4392.0,4307.0,24.05634832382202,1.5295085906982422,25.585856914520264,4217.0,4363.229508196721
ablation_no_reward_scale,1446,61,6,P6,61,3.9791666666666674e-05,-0.013105963123962283,3955.0,4068.0,24.96779203414917,1.591022253036499,26.55881428718567,3950.0,4125.049180327869
ablation_no_reward_scale,1447,61,7,P7,61,3.975e-05,-0.009558872901834548,5816.0,5782.0,36.21991276741028,2.361118793487549,38.58103156089783,5720.0,6038.065573770492
ablation_no_reward_scale,1448,61,8,P8,61,3.9708333333333334e-05,0.006591674988158047,5784.0,5733.0,32.36017632484436,2.0541834831237793,34.41435980796814,5630.0,5974.622950819672
ablation_no_reward_scale,1449,61,9,P9,61,3.9666666666666664e-05,0.00124698687432101,5433.0,5438.0,30.482823610305786,1.9525096416473389,32.435333251953125,5347.0,5703.606557377049
ablation_no_reward_scale,1450,61,10,P10,61,3.9625e-05,-0.008824682328850031,5594.0,5544.0,19.3506019115448,1.268052101135254,20.618654012680054,5443.0,5649.606557377049
ablation_no_reward_scale,1451,61,11,P11,61,3.958333333333334e-05,-0.00246224386501126,11434.0,11434.0,37.52292847633362,2.5143420696258545,40.03727054595947,11389.0,11532.540983606557
ablation_no_reward_scale,1452,61,12,P12,61,3.954166666666667e-05,-0.0025708906759973615,11897.0,11828.0,44.60500192642212,2.9260685443878174,47.53107047080994,11790.0,12274.72131147541
ablation_no_reward_scale,1453,61,13,P13,61,3.9500000000000005e-05,0.004350489442003891,19527.0,19536.0,103.82656836509705,7.6004557609558105,111.42702412605286,19425.0,20114.622950819674
ablation_no_reward_scale,1454,61,14,P14,61,3.945833333333333e-05,0.0017388642445439473,22170.0,21900.0,104.56877303123474,7.654841899871826,112.22361493110657,21788.0,22493.72131147541
ablation_no_reward_scale,1455,61,15,P15,61,3.941666666666667e-05,-0.002660266065504402,20288.0,20495.0,107.49655795097351,7.960041284561157,115.45659923553467,19951.0,20465.67213114754
ablation_no_reward_scale,1456,61,16,P16,61,3.937500000000001e-05,0.0007437393116560998,20582.0,20782.0,131.39226746559143,9.837599992752075,141.2298674583435,20444.0,21022.426229508197
ablation_no_reward_scale,1457,61,17,P17,61,3.933333333333333e-05,0.001820758101530373,21370.0,21213.0,131.60630798339844,9.93415093421936,141.5404589176178,20710.0,21503.93442622951
ablation_no_reward_scale,1458,61,18,P18,61,3.929166666666667e-05,-0.002756363741355017,20487.0,20629.0,122.92251062393188,9.152573347091675,132.07508397102356,20275.0,20784.377049180326
ablation_no_reward_scale,1459,61,19,P19,61,3.925e-05,0.0043365424266085025,23317.0,23206.0,128.065691947937,10.018594026565552,138.08428597450256,23037.0,23942.819672131147
ablation_no_reward_scale,1460,61,20,P20,61,3.9208333333333335e-05,-0.003428376605734229,22769.0,22743.0,136.55966567993164,10.583305835723877,147.14297151565552,22226.0,22850.688524590165
ablation_no_reward_scale,1461,61,21,P21,61,3.916666666666667e-05,0.0008021663012186764,23855.0,23506.0,144.42216396331787,11.116587400436401,155.53875136375427,23381.0,23991.72131147541
ablation_no_reward_scale,1462,61,22,P22,61,3.9125e-05,-0.0008466653322102502,23443.0,23367.0,142.53611278533936,11.183366537094116,153.71947932243347,22997.0,23592.196721311477
ablation_no_reward_scale,1463,61,23,P23,61,3.908333333333334e-05,0.0017006660054903477,32466.0,32793.0,188.37925100326538,14.701207160949707,203.0804581642151,31857.0,34819.81967213115
ablation_no_reward_scale,1464,61,24,P24,61,3.904166666666666e-05,0.0001180125844257418,24138.0,23951.0,129.31850814819336,10.043723106384277,139.36223125457764,23672.0,24338.83606557377
ablation_no_reward_scale,1465,62,1,P1,62,3.9000000000000006e-05,0.009788905794266611,6292.0,6250.0,30.455708265304565,1.9855844974517822,32.44129276275635,6012.0,6360.725806451613
ablation_no_reward_scale,1466,62,2,P2,62,3.895833333333333e-05,0.002249154378660023,8698.0,8324.0,38.69127869606018,2.5662150382995605,41.25749373435974,8270.0,8624.725806451614
ablation_no_reward_scale,1467,62,3,P3,62,3.8916666666666666e-05,0.0082707250257954,6435.0,6530.0,28.33862829208374,1.8293893337249756,30.168017625808716,5877.0,6696.0
ablation_no_reward_scale,1468,62,4,P4,62,3.8875e-05,-0.007422867463901639,3699.0,3738.0,21.97310972213745,1.405768871307373,23.378878593444824,3699.0,3856.2258064516127
ablation_no_reward_scale,1469,62,5,P5,62,3.883333333333333e-05,-0.011422507930546999,4289.0,4322.0,24.116492986679077,1.5645859241485596,25.681078910827637,4217.0,4362.564516129032
ablation_no_reward_scale,1470,62,6,P6,62,3.879166666666667e-05,0.0016002953925635666,4103.0,4015.0,25.047062158584595,1.5895273685455322,26.636589527130127,3950.0,4123.274193548387
ablation_no_reward_scale,1471,62,7,P7,62,3.875e-05,-0.008862589311320335,5826.0,5841.0,36.54342317581177,2.321662425994873,38.86508560180664,5720.0,6034.887096774193
ablation_no_reward_scale,1472,62,8,P8,62,3.870833333333334e-05,0.006029154814314097,5709.0,5709.0,31.858722686767578,2.0427749156951904,33.90149760246277,5630.0,5970.3387096774195
ablation_no_reward_scale,1473,62,9,P9,62,3.8666666666666674e-05,0.0043589713459368795,5464.0,5514.0,30.354031801223755,1.941821813583374,32.29585361480713,5347.0,5700.548387096775
ablation_no_reward_scale,1474,62,10,P10,62,3.8625e-05,-0.01656700298190117,5553.0,5543.0,19.372541904449463,1.281705617904663,20.654247522354126,5443.0,5647.887096774193
ablation_no_reward_scale,1475,62,11,P11,62,3.858333333333334e-05,-0.00839121441822499,11490.0,11434.0,37.2024085521698,2.471858024597168,39.67426657676697,11389.0,11530.951612903225
ablation_no_reward_scale,1476,62,12,P12,62,3.8541666666666664e-05,-0.003179651277605444,11871.0,11828.0,44.6494140625,2.9906234741210938,47.640037536621094,11790.0,12267.516129032258
ablation_no_reward_scale,1477,62,13,P13,62,3.85e-05,0.0059174020134378225,19715.0,19506.0,103.52624273300171,7.615951299667358,111.14219403266907,19425.0,20104.8064516129
ablation_no_reward_scale,1478,62,14,P14,62,3.845833333333334e-05,-0.0006675014838037896,21989.0,21867.0,104.1564793586731,7.726977109909058,111.88345646858215,21788.0,22483.612903225807
ablation_no_reward_scale,1479,62,15,P15,62,3.841666666666667e-05,-0.001442923334252555,20299.0,20282.0,107.81166982650757,7.920841693878174,115.73251152038574,19951.0,20462.709677419356
ablation_no_reward_scale,1480,62,16,P16,62,3.8375000000000004e-05,0.001647426575073041,20720.0,20502.0,131.1339020729065,9.952071189880371,141.08597326278687,20444.0,21014.032258064515
ablation_no_reward_scale,1481,62,17,P17,62,3.8333333333333334e-05,0.0007609450971358456,21025.0,21275.0,131.258385181427,9.945132970809937,141.20351815223694,20710.0,21500.24193548387
ablation_no_reward_scale,1482,62,18,P18,62,3.829166666666667e-05,-0.001938890406745486,20594.0,20465.0,122.52636671066284,9.213197231292725,131.73956394195557,20275.0,20779.225806451614
ablation_no_reward_scale,1483,62,19,P19,62,3.8249999999999995e-05,0.003508158342447132,23598.0,23255.0,126.73405313491821,9.8870210647583,136.6210741996765,23037.0,23931.725806451614
ablation_no_reward_scale,1484,62,20,P20,62,3.820833333333334e-05,-0.0030522612389177082,22817.0,22733.0,135.57714247703552,10.475818395614624,146.05296087265015,22226.0,22848.790322580644
ablation_no_reward_scale,1485,62,21,P21,62,3.8166666666666675e-05,-0.0002864277113985736,23713.0,23668.0,143.56930875778198,11.207268714904785,154.77657747268677,23381.0,23986.5
ablation_no_reward_scale,1486,62,22,P22,62,3.8125e-05,0.0006181921293318737,23535.0,23433.0,142.04243540763855,11.220902442932129,153.26333785057068,22997.0,23589.629032258064
ablation_no_reward_scale,1487,62,23,P23,62,3.8083333333333335e-05,-4.881390103556831e-05,32389.0,32507.0,188.62665557861328,14.72998332977295,203.35663890838623,31857.0,34782.51612903226
ablation_no_reward_scale,1488,62,24,P24,62,3.8041666666666665e-05,0.0011287225694104563,24219.0,24086.0,128.09171891212463,10.165621995925903,138.25734090805054,23672.0,24334.75806451613
ablation_no_reward_scale,1489,63,1,P1,63,3.8e-05,0.005308921972755343,6184.0,6204.0,30.512728691101074,1.983518123626709,32.49624681472778,6012.0,6358.238095238095
ablation_no_reward_scale,1490,63,2,P2,63,3.795833333333334e-05,0.0037882527394685894,8507.0,8324.0,38.60232353210449,2.5071961879730225,41.109519720077515,8270.0,8619.952380952382
ablation_no_reward_scale,1491,63,3,P3,63,3.791666666666667e-05,0.02229359745979309,6519.0,6449.0,27.878462553024292,1.806596279144287,29.68505883216858,5877.0,6692.079365079365
ablation_no_reward_scale,1492,63,4,P4,63,3.7875000000000006e-05,-0.004660269361920655,3748.0,3699.0,22.132756233215332,1.4059820175170898,23.538738250732422,3699.0,3853.7301587301586
ablation_no_reward_scale,1493,63,5,P5,63,3.783333333333333e-05,-0.019736616406589746,4257.0,4322.0,24.050953149795532,1.548266887664795,25.599220037460327,4217.0,4361.920634920635
ablation_no_reward_scale,1494,63,6,P6,63,3.779166666666667e-05,-0.011553818359971046,4042.0,3963.0,25.016064405441284,1.5993139743804932,26.615378379821777,3950.0,4120.730158730159
ablation_no_reward_scale,1495,63,7,P7,63,3.7749999999999996e-05,-0.014996536425314844,5814.0,5841.0,36.478776931762695,2.346742630004883,38.82551956176758,5720.0,6031.809523809524
ablation_no_reward_scale,1496,63,8,P8,63,3.770833333333333e-05,0.00852561416104436,5691.0,5709.0,32.45521783828735,2.0802431106567383,34.53546094894409,5630.0,5966.190476190476
ablation_no_reward_scale,1497,63,9,P9,63,3.766666666666667e-05,0.00833432690706104,5497.0,5427.0,30.335448503494263,1.9321269989013672,32.26757550239563,5347.0,5696.206349206349
ablation_no_reward_scale,1498,63,10,P10,63,3.7625e-05,-0.01626533316448331,5534.0,5580.0,19.18720030784607,1.2685916423797607,20.45579195022583,5443.0,5646.809523809524
ablation_no_reward_scale,1499,63,11,P11,63,3.7583333333333337e-05,-0.0062228195602074265,11434.0,11434.0,37.02573823928833,2.427633047103882,39.45337128639221,11389.0,11529.412698412698
ablation_no_reward_scale,1500,63,12,P12,63,3.754166666666667e-05,-0.002879663516068831,12073.0,11828.0,45.28794312477112,3.001870632171631,48.28981375694275,11790.0,12260.539682539682
ablation_no_reward_scale,1501,63,13,P13,63,3.7500000000000003e-05,0.0046179147029761225,19644.0,19534.0,103.99451422691345,7.602745532989502,111.59725975990295,19425.0,20095.74603174603
ablation_no_reward_scale,1502,63,14,P14,63,3.745833333333334e-05,-0.00015045336317598412,21932.0,22007.0,103.7805426120758,7.68463397026062,111.46517658233643,21788.0,22476.04761904762
ablation_no_reward_scale,1503,63,15,P15,63,3.7416666666666664e-05,-0.0026425319447298534,20205.0,20364.0,108.12195444107056,8.107237339019775,116.22919178009033,19951.0,20461.14285714286
ablation_no_reward_scale,1504,63,16,P16,63,3.737500000000001e-05,0.0010119920769284362,20462.0,20523.0,130.4679934978485,9.899605751037598,140.3675992488861,20444.0,21006.238095238095
ablation_no_reward_scale,1505,63,17,P17,63,3.733333333333333e-05,0.0011656085975118914,21068.0,21017.0,132.0840244293213,9.911859035491943,141.99588346481323,20710.0,21492.571428571428
ablation_no_reward_scale,1506,63,18,P18,63,3.729166666666667e-05,-0.001925650506746024,20409.0,20586.0,122.00815081596375,9.229607582092285,131.23775839805603,20275.0,20776.15873015873
ablation_no_reward_scale,1507,63,19,P19,63,3.7250000000000004e-05,0.004196264268830419,23331.0,23418.0,126.98677706718445,9.847727060317993,136.83450412750244,23037.0,23923.571428571428
ablation_no_reward_scale,1508,63,20,P20,63,3.7208333333333334e-05,-0.003606910177040845,22692.0,22673.0,135.8573122024536,10.61089277267456,146.46820497512817,22226.0,22846.0
ablation_no_reward_scale,1509,63,21,P21,63,3.716666666666667e-05,0.000720592591096647,23657.0,23506.0,144.5917887687683,11.616900444030762,156.20868921279907,23381.0,23978.873015873014
ablation_no_reward_scale,1510,63,22,P22,63,3.7125e-05,-7.048733223200543e-05,23341.0,23344.0,142.03419542312622,11.138583898544312,153.17277932167053,22997.0,23585.73015873016
ablation_no_reward_scale,1511,63,23,P23,63,3.708333333333334e-05,0.0008007389057768575,32305.0,32171.0,187.35677123069763,14.791420936584473,202.1481921672821,31857.0,34741.06349206349
ablation_no_reward_scale,1512,63,24,P24,63,3.704166666666666e-05,-0.0003621248204581207,23842.0,23940.0,127.34843516349792,10.071070194244385,137.4195053577423,23672.0,24328.492063492064
ablation_no_reward_scale,1513,64,1,P1,64,3.7e-05,0.008694487682078034,6324.0,6230.0,30.423301935195923,1.9736108779907227,32.396912813186646,6012.0,6356.234375
ablation_no_reward_scale,1514,64,2,P2,64,3.695833333333334e-05,-0.0018539668499215622,8527.0,8494.0,38.47331094741821,2.554452657699585,41.0277636051178,8270.0,8617.984375
ablation_no_reward_scale,1515,64,3,P3,64,3.6916666666666665e-05,0.011579217738471925,6517.0,6176.0,28.18618655204773,1.79544997215271,29.98163652420044,5877.0,6684.015625
ablation_no_reward_scale,1516,64,4,P4,64,3.6875e-05,-0.0021134609705768526,3738.0,3699.0,21.895905256271362,1.416959524154663,23.312864780426025,3699.0,3851.3125
ablation_no_reward_scale,1517,64,5,P5,64,3.683333333333333e-05,-0.007401920505799353,4282.0,4287.0,23.874902725219727,1.5348989963531494,25.409801721572876,4217.0,4360.75
ablation_no_reward_scale,1518,64,6,P6,64,3.679166666666667e-05,-0.0019449183600954711,4073.0,3963.0,24.825300931930542,1.5976579189300537,26.422958850860596,3950.0,4118.265625
ablation_no_reward_scale,1519,64,7,P7,64,3.6750000000000006e-05,-0.01923019764944911,5804.0,5847.0,36.61152768135071,2.3814804553985596,38.99300813674927,5720.0,6028.921875
ablation_no_reward_scale,1520,64,8,P8,64,3.6708333333333336e-05,0.006632031581830233,5736.0,5707.0,32.094605684280396,2.0684118270874023,34.1630175113678,5630.0,5962.140625
ablation_no_reward_scale,1521,64,9,P9,64,3.666666666666667e-05,0.006978154182434082,5427.0,5474.0,30.45967411994934,1.9452502727508545,32.404924392700195,5347.0,5692.734375
ablation_no_reward_scale,1522,64,10,P10,64,3.6624999999999996e-05,-0.012940345797687769,5581.0,5580.0,19.383796453475952,1.2768502235412598,20.660646677017212,5443.0,5645.765625
ablation_no_reward_scale,1523,64,11,P11,64,3.658333333333334e-05,-0.010240656207315624,11372.0,11389.0,37.0676155090332,2.4394450187683105,39.507060527801514,11389.0,11527.21875
ablation_no_reward_scale,1524,64,12,P12,64,3.654166666666666e-05,-0.0018924146570498124,12016.0,11928.0,44.64322066307068,2.9506113529205322,47.59383201599121,11790.0,12255.34375
ablation_no_reward_scale,1525,64,13,P13,64,3.65e-05,0.005433762984466739,19713.0,19569.0,103.72747802734375,7.634761333465576,111.36223936080933,19425.0,20087.515625
ablation_no_reward_scale,1526,64,14,P14,64,3.6458333333333336e-05,0.0007535741744959523,22050.0,21906.0,104.71996688842773,7.70984148979187,112.4298083782196,21788.0,22467.140625
ablation_no_reward_scale,1527,64,15,P15,64,3.6416666666666666e-05,-0.004381853694212623,20281.0,20109.0,107.10522365570068,7.908989429473877,115.01421308517456,19951.0,20455.640625
ablation_no_reward_scale,1528,64,16,P16,64,3.6375e-05,0.001552545267622918,20610.0,20596.0,130.95618510246277,9.892228603363037,140.8484137058258,20444.0,20999.828125
ablation_no_reward_scale,1529,64,17,P17,64,3.633333333333333e-05,0.00065398234200984,21220.0,21083.0,131.52679109573364,9.953510284423828,141.48030138015747,20710.0,21486.171875
ablation_no_reward_scale,1530,64,18,P18,64,3.629166666666667e-05,-0.0015948224434396252,20318.0,20567.0,122.52810645103455,9.27348256111145,131.801589012146,20275.0,20772.890625
ablation_no_reward_scale,1531,64,19,P19,64,3.625000000000001e-05,0.0028036372561473398,23148.0,23276.0,127.12485933303833,10.077651500701904,137.20251083374023,23037.0,23913.453125
ablation_no_reward_scale,1532,64,20,P20,64,3.620833333333333e-05,-0.0020113153295824304,22461.0,22619.0,135.41885900497437,10.53711986541748,145.95597887039185,22226.0,22842.453125
ablation_no_reward_scale,1533,64,21,P21,64,3.6166666666666674e-05,0.0007094603242876474,23602.0,23507.0,143.5617597103119,11.118372678756714,154.6801323890686,23381.0,23971.5
ablation_no_reward_scale,1534,64,22,P22,64,3.6125e-05,-0.001089270938973641,23102.0,23238.0,141.79658007621765,11.19428038597107,152.99086046218872,22997.0,23580.296875
ablation_no_reward_scale,1535,64,23,P23,64,3.6083333333333334e-05,0.002181618723885289,32371.0,32412.0,187.08391952514648,14.811471462249756,201.89539098739624,31857.0,34704.671875
ablation_no_reward_scale,1536,64,24,P24,64,3.604166666666667e-05,-0.0010597526445053518,23691.0,23873.0,128.0231068134308,10.061476230621338,138.08458304405212,23672.0,24321.375
ablation_no_reward_scale,1537,65,1,P1,65,3.6e-05,0.0018908931233454496,6152.0,6218.0,30.338006258010864,1.9700827598571777,32.30808901786804,6012.0,6354.107692307693
ablation_no_reward_scale,1538,65,2,P2,65,3.595833333333334e-05,0.004142500954912975,8494.0,8340.0,38.45498871803284,2.512761116027832,40.96774983406067,8270.0,8613.707692307693
ablation_no_reward_scale,1539,65,3,P3,65,3.591666666666667e-05,0.006548376783030108,6303.0,6303.0,28.086892127990723,1.845151424407959,29.93204355239868,5877.0,6678.153846153846
ablation_no_reward_scale,1540,65,4,P4,65,3.5875000000000005e-05,0.010238248622044921,3778.0,3699.0,22.273966550827026,1.4200797080993652,23.69404625892639,3699.0,3848.9692307692308
ablation_no_reward_scale,1541,65,5,P5,65,3.583333333333333e-05,-0.007918249350041151,4262.0,4242.0,24.278653621673584,1.5776078701019287,25.856261491775513,4217.0,4358.923076923077
ablation_no_reward_scale,1542,65,6,P6,65,3.5791666666666665e-05,-0.013966458849608898,4003.0,3998.0,25.411844968795776,1.6049540042877197,27.016798973083496,3950.0,4116.415384615385
ablation_no_reward_scale,1543,65,7,P7,65,3.575000000000001e-05,-0.006843680690508336,5860.0,5814.0,36.48822808265686,2.3319568634033203,38.82018494606018,5720.0,6025.615384615385
ablation_no_reward_scale,1544,65,8,P8,65,3.570833333333333e-05,0.004027051996672526,5727.0,5677.0,31.791402578353882,2.0482077598571777,33.83961033821106,5630.0,5957.753846153846
ablation_no_reward_scale,1545,65,9,P9,65,3.566666666666667e-05,0.002211819839430973,5430.0,5387.0,30.40322518348694,1.9576709270477295,32.36089611053467,5347.0,5688.030769230769
ablation_no_reward_scale,1546,65,10,P10,65,3.5625e-05,-0.01693763630464673,5486.0,5534.0,19.55024218559265,1.2675704956054688,20.81781268119812,5443.0,5644.046153846154
ablation_no_reward_scale,1547,65,11,P11,65,3.5583333333333335e-05,-0.002804633346386254,11509.0,11389.0,37.239805936813354,2.4414327144622803,39.681238651275635,11389.0,11525.092307692308
ablation_no_reward_scale,1548,65,12,P12,65,3.554166666666667e-05,0.002816633103066124,11928.0,11801.0,44.6983277797699,2.9653730392456055,47.6637008190155,11790.0,12248.353846153846
ablation_no_reward_scale,1549,65,13,P13,65,3.55e-05,0.004876692109974101,19541.0,19679.0,103.28567051887512,7.649792432785034,110.93546295166016,19425.0,20081.23076923077
ablation_no_reward_scale,1550,65,14,P14,65,3.545833333333334e-05,2.950598172901664e-06,22009.0,21788.0,104.12867546081543,7.6838295459747314,111.81250500679016,21788.0,22456.69230769231
ablation_no_reward_scale,1551,65,15,P15,65,3.541666666666666e-05,0.0020168118535366375,20554.0,20341.0,107.23661637306213,7.932184934616089,115.16880130767822,19951.0,20453.876923076925
ablation_no_reward_scale,1552,65,16,P16,65,3.5375e-05,-0.0014069215510971844,20621.0,20627.0,131.04540085792542,9.933842658996582,140.979243516922,20444.0,20994.092307692306
ablation_no_reward_scale,1553,65,17,P17,65,3.533333333333334e-05,0.003032738482579589,21207.0,20948.0,131.26922416687012,10.05982518196106,141.32904934883118,20710.0,21477.89230769231
ablation_no_reward_scale,1554,65,18,P18,65,3.5291666666666666e-05,-0.0036404062528163196,20560.0,20292.0,123.5600483417511,9.204621315002441,132.76466965675354,20275.0,20765.492307692308
ablation_no_reward_scale,1555,65,19,P19,65,3.525e-05,0.004120636370498687,23467.0,23276.0,126.8575541973114,9.908093690872192,136.7656478881836,23037.0,23903.646153846155
ablation_no_reward_scale,1556,65,20,P20,65,3.520833333333333e-05,-0.004070674243848771,22419.0,22692.0,135.96259903907776,10.52591609954834,146.4885151386261,22226.0,22840.138461538463
ablation_no_reward_scale,1557,65,21,P21,65,3.516666666666667e-05,0.00024262784208985976,23547.0,23480.0,143.2657401561737,11.148121356964111,154.41386151313782,23381.0,23963.938461538462
ablation_no_reward_scale,1558,65,22,P22,65,3.5125e-05,0.0015214977349387482,23506.0,23289.0,142.25726103782654,11.211185693740845,153.46844673156738,22997.0,23575.815384615384
ablation_no_reward_scale,1559,65,23,P23,65,3.508333333333334e-05,-0.0005682495274023884,32270.0,32028.0,187.98902869224548,14.82965612411499,202.81868481636047,31857.0,34663.49230769231
ablation_no_reward_scale,1560,65,24,P24,65,3.5041666666666674e-05,0.0003107340908172773,24107.0,23935.0,129.19105410575867,10.187285661697388,139.37833976745605,23672.0,24315.43076923077
ablation_no_reward_scale,1561,66,1,P1,66,3.5e-05,0.006359433667967096,6334.0,6225.0,30.418299913406372,1.9597103595733643,32.378010272979736,6012.0,6352.151515151515
ablation_no_reward_scale,1562,66,2,P2,66,3.495833333333334e-05,-0.0017385521350661293,8494.0,8494.0,38.39029812812805,2.5066471099853516,40.8969452381134,8270.0,8611.89393939394
ablation_no_reward_scale,1563,66,3,P3,66,3.4916666666666664e-05,0.01805118948686868,6530.0,6316.0,27.997752904891968,1.8101763725280762,29.807929277420044,5877.0,6672.666666666667
ablation_no_reward_scale,1564,66,4,P4,66,3.4875e-05,0.001156738813733682,3748.0,3699.0,21.93947124481201,1.4159846305847168,23.35545587539673,3699.0,3846.6969696969695
ablation_no_reward_scale,1565,66,5,P5,66,3.483333333333334e-05,-0.01209639897570014,4262.0,4307.0,23.981818437576294,1.5399682521820068,25.5217866897583,4217.0,4358.136363636364
ablation_no_reward_scale,1566,66,6,P6,66,3.479166666666667e-05,-0.014059975044801831,3963.0,4015.0,25.010037660598755,1.6030981540679932,26.613135814666748,3950.0,4114.878787878788
ablation_no_reward_scale,1567,66,7,P7,66,3.4750000000000004e-05,-0.018217999255284667,5757.0,5722.0,36.61630153656006,2.3385400772094727,38.95484161376953,5720.0,6021.015151515152
ablation_no_reward_scale,1568,66,8,P8,66,3.4708333333333334e-05,0.007541215454693884,5657.0,5657.0,32.57671642303467,2.0731818675994873,34.649898290634155,5630.0,5953.19696969697
ablation_no_reward_scale,1569,66,9,P9,66,3.466666666666667e-05,0.010505472193472087,5427.0,5367.0,30.504197120666504,1.943174123764038,32.44737124443054,5347.0,5683.166666666667
ablation_no_reward_scale,1570,66,10,P10,66,3.4624999999999995e-05,-0.012445490574464202,5534.0,5534.0,19.30763530731201,1.2866137027740479,20.59424901008606,5443.0,5642.378787878788
ablation_no_reward_scale,1571,66,11,P11,66,3.458333333333333e-05,-0.008598000800702721,11434.0,11434.0,37.00527763366699,2.452517509460449,39.45779514312744,11389.0,11523.712121212122
ablation_no_reward_scale,1572,66,12,P12,66,3.4541666666666675e-05,0.0008559471898479387,11973.0,11890.0,44.87995767593384,2.9828763008117676,47.862833976745605,11790.0,12242.924242424242
ablation_no_reward_scale,1573,66,13,P13,66,3.45e-05,0.006073582509998232,19604.0,19795.0,103.66960453987122,7.642011404037476,111.31161594390869,19425.0,20076.89393939394
ablation_no_reward_scale,1574,66,14,P14,66,3.4458333333333335e-05,-0.0013669094150827732,21810.0,21948.0,103.88541913032532,7.717628240585327,111.60304737091064,21788.0,22448.984848484848
ablation_no_reward_scale,1575,66,15,P15,66,3.4416666666666665e-05,-0.0005920928238083434,20261.0,20210.0,107.63778328895569,8.079952716827393,115.71773600578308,19951.0,20450.18181818182
ablation_no_reward_scale,1576,66,16,P16,66,3.4375e-05,0.001433324412209913,20594.0,20589.0,130.87889409065247,9.93355417251587,140.81244826316833,20444.0,20987.954545454544
ablation_no_reward_scale,1577,66,17,P17,66,3.433333333333334e-05,0.0011601783975493164,21144.0,20960.0,131.9062979221344,9.947275876998901,141.8535737991333,20710.0,21470.045454545456
ablation_no_reward_scale,1578,66,18,P18,66,3.429166666666667e-05,-0.0018403860012767836,20506.0,20431.0,122.94274139404297,9.292741060256958,132.23548245429993,20275.0,20760.424242424244
ablation_no_reward_scale,1579,66,19,P19,66,3.4250000000000006e-05,0.0016095743936602957,23051.0,23217.0,126.9685595035553,9.88275146484375,136.85131096839905,23037.0,23893.242424242424
ablation_no_reward_scale,1580,66,20,P20,66,3.420833333333333e-05,-0.0006036723476427142,22674.0,22540.0,135.54258060455322,10.551636457443237,146.09421706199646,22226.0,22835.590909090908
ablation_no_reward_scale,1581,66,21,P21,66,3.4166666666666666e-05,-0.0012837853777455167,23598.0,23597.0,144.1761600971222,11.2145254611969,155.3906855583191,23381.0,23958.378787878788
ablation_no_reward_scale,1582,66,22,P22,66,3.412500000000001e-05,0.0005075326840596972,23345.0,23389.0,142.8756983280182,11.172678470611572,154.04837679862976,22997.0,23572.984848484848
ablation_no_reward_scale,1583,66,23,P23,66,3.408333333333333e-05,0.001278962761196973,32434.0,32285.0,189.46264791488647,14.90784502029419,204.37049293518066,31857.0,34627.454545454544
ablation_no_reward_scale,1584,66,24,P24,66,3.404166666666667e-05,-0.0007256051459989977,23980.0,23846.0,127.74301052093506,10.088198900222778,137.83120942115784,23672.0,24308.31818181818
ablation_no_reward_scale,1585,67,1,P1,67,3.4e-05,-0.0016464620202896185,6064.0,6064.0,30.460275411605835,1.9716787338256836,32.43195414543152,6012.0,6347.850746268657
ablation_no_reward_scale,1586,67,2,P2,67,3.3958333333333337e-05,-0.002305557907675393,8324.0,8337.0,38.668704986572266,2.5412395000457764,41.20994448661804,8270.0,8607.791044776119
ablation_no_reward_scale,1587,67,3,P3,67,3.391666666666667e-05,0.0069792959257029,6091.0,6171.0,28.18499255180359,1.7976655960083008,29.98265814781189,5877.0,6665.179104477612
ablation_no_reward_scale,1588,67,4,P4,67,3.3875000000000003e-05,0.01336754858493805,3714.0,3765.0,21.853498220443726,1.404301404953003,23.25779962539673,3699.0,3845.4776119402986
ablation_no_reward_scale,1589,67,5,P5,67,3.383333333333334e-05,0.004185796249657869,4307.0,4287.0,24.059968948364258,1.5312387943267822,25.59120774269104,4217.0,4357.074626865671
ablation_no_reward_scale,1590,67,6,P6,67,3.3791666666666664e-05,-0.0018512447131797671,4048.0,4045.0,24.76505947113037,1.5947115421295166,26.359771013259888,3950.0,4113.835820895522
ablation_no_reward_scale,1591,67,7,P7,67,3.375000000000001e-05,-0.01981401303783059,5790.0,5720.0,36.84796762466431,2.3706939220428467,39.21866154670715,5720.0,6016.522388059701
ablation_no_reward_scale,1592,67,8,P8,67,3.370833333333333e-05,-0.0032099281379487365,5677.0,5647.0,32.5043158531189,2.0730347633361816,34.57735061645508,5630.0,5948.626865671642
ablation_no_reward_scale,1593,67,9,P9,67,3.366666666666667e-05,0.006728101579938084,5397.0,5387.0,30.497870922088623,1.9832348823547363,32.48110580444336,5347.0,5678.746268656716
ablation_no_reward_scale,1594,67,10,P10,67,3.3625000000000004e-05,-0.011816652258858085,5534.0,5534.0,19.493688106536865,1.2885522842407227,20.782240390777588,5443.0,5640.761194029851
ablation_no_reward_scale,1595,67,11,P11,67,3.3583333333333334e-05,-0.011067272746004164,11389.0,11434.0,37.52948045730591,2.434804677963257,39.964285135269165,11389.0,11522.373134328358
ablation_no_reward_scale,1596,67,12,P12,67,3.354166666666667e-05,0.0010245997582387645,11893.0,11828.0,44.58293008804321,2.9613614082336426,47.544291496276855,11790.0,12236.731343283582
ablation_no_reward_scale,1597,67,13,P13,67,3.35e-05,0.008707827480975538,19732.0,19662.0,103.76912450790405,7.662078142166138,111.43120265007019,19425.0,20070.701492537315
ablation_no_reward_scale,1598,67,14,P14,67,3.345833333333334e-05,-0.0018904202806879766,21946.0,21776.0,104.49368858337402,7.676042079925537,112.16973066329956,21776.0,22438.940298507463
ablation_no_reward_scale,1599,67,15,P15,67,3.341666666666666e-05,0.0003578415667107038,20441.0,20210.0,107.23511242866516,7.985431909561157,115.22054433822632,19951.0,20446.597014925374
ablation_no_reward_scale,1600,67,16,P16,67,3.3375e-05,-0.0006139762146631256,20636.0,20457.0,130.928240776062,9.897555112838745,140.82579588890076,20444.0,20980.02985074627
ablation_no_reward_scale,1601,67,17,P17,67,3.333333333333334e-05,0.001679958333261311,21078.0,20995.0,131.76463150978088,9.995458126068115,141.760089635849,20710.0,21462.955223880595
ablation_no_reward_scale,1602,67,18,P18,67,3.3291666666666665e-05,-0.0022888484527356923,20435.0,20397.0,122.13454842567444,9.240211248397827,131.37475967407227,20275.0,20755.0
ablation_no_reward_scale,1603,67,19,P19,67,3.325e-05,0.0025765800091903657,23130.0,23368.0,127.09394121170044,9.983794212341309,137.07773542404175,23037.0,23885.402985074626
ablation_no_reward_scale,1604,67,20,P20,67,3.320833333333333e-05,-0.0017259114356420469,22556.0,22468.0,136.3008906841278,10.58615493774414,146.88704562187195,22226.0,22830.10447761194
ablation_no_reward_scale,1605,67,21,P21,67,3.316666666666667e-05,-0.00038625597462669246,23615.0,23448.0,144.51325130462646,11.110182285308838,155.6234335899353,23381.0,23950.761194029852
ablation_no_reward_scale,1606,67,22,P22,67,3.3125000000000006e-05,0.0010203221740084701,23343.0,23250.0,142.55287837982178,11.196971654891968,153.74985003471375,22997.0,23568.16417910448
ablation_no_reward_scale,1607,67,23,P23,67,3.3083333333333336e-05,0.0005304137213378064,32390.0,32043.0,188.36685061454773,14.935269355773926,203.30211997032166,31857.0,34588.880597014926
ablation_no_reward_scale,1608,67,24,P24,67,3.304166666666667e-05,-0.0007016669835138601,23898.0,23620.0,128.37079095840454,10.052751779556274,138.42354273796082,23620.0,24298.044776119405
ablation_no_reward_scale,1609,68,1,P1,68,3.2999999999999996e-05,-0.003080363172557554,6107.0,6044.0,30.523784160614014,2.0064525604248047,32.53023672103882,6012.0,6343.382352941177
ablation_no_reward_scale,1610,68,2,P2,68,3.295833333333333e-05,0.0028262864507269114,8349.0,8324.0,38.315332651138306,2.5035297870635986,40.818862438201904,8270.0,8603.617647058823
ablation_no_reward_scale,1611,68,3,P3,68,3.2916666666666676e-05,0.0022266024388954975,6171.0,6171.0,27.928653717041016,1.8140888214111328,29.74274253845215,5877.0,6657.911764705882
ablation_no_reward_scale,1612,68,4,P4,68,3.2875e-05,0.015867356676608324,3748.0,3773.0,22.13123631477356,1.4087660312652588,23.54000234603882,3699.0,3844.4117647058824
ablation_no_reward_scale,1613,68,5,P5,68,3.2833333333333336e-05,0.005421235226094723,4322.0,4297.0,24.289896726608276,1.5743379592895508,25.864234685897827,4217.0,4356.191176470588
ablation_no_reward_scale,1614,68,6,P6,68,3.2791666666666666e-05,-0.0021188624668866396,4013.0,3983.0,25.17701745033264,1.612401008605957,26.7894184589386,3950.0,4111.911764705882
ablation_no_reward_scale,1615,68,7,P7,68,3.275e-05,-0.014454313786700368,5720.0,5710.0,37.143837451934814,2.3925983905792236,39.53643584251404,5710.0,6012.014705882353
ablation_no_reward_scale,1616,68,8,P8,68,3.2708333333333327e-05,0.0042630493408069015,5667.0,5647.0,32.249186515808105,2.0643553733825684,34.313541889190674,5630.0,5944.191176470588
ablation_no_reward_scale,1617,68,9,P9,68,3.266666666666667e-05,0.007532387389801443,5377.0,5381.0,30.63786005973816,1.9882557392120361,32.626115798950195,5347.0,5674.367647058823
ablation_no_reward_scale,1618,68,10,P10,68,3.262500000000001e-05,-0.019670609384775162,5505.0,5534.0,19.57565426826477,1.278747797012329,20.8544020652771,5443.0,5639.191176470588
ablation_no_reward_scale,1619,68,11,P11,68,3.258333333333333e-05,-0.015567941241897643,11434.0,11434.0,37.038439989089966,2.4778099060058594,39.516249895095825,11389.0,11521.073529411764
ablation_no_reward_scale,1620,68,12,P12,68,3.254166666666667e-05,-0.002035245852312073,11845.0,11797.0,44.94355773925781,2.9806580543518066,47.92421579360962,11790.0,12230.264705882353
ablation_no_reward_scale,1621,68,13,P13,68,3.25e-05,0.007521379098761827,19525.0,19662.0,103.34681463241577,7.633365869522095,110.98018050193787,19425.0,20064.691176470587
ablation_no_reward_scale,1622,68,14,P14,68,3.2458333333333334e-05,0.0003642205060714332,21832.0,21921.0,104.65076327323914,7.715556383132935,112.36631965637207,21776.0,22431.323529411766
ablation_no_reward_scale,1623,68,15,P15,68,3.241666666666667e-05,-0.0003167291090448998,20434.0,20232.0,107.27359175682068,7.903819799423218,115.1774115562439,19951.0,20443.441176470587
ablation_no_reward_scale,1624,68,16,P16,68,3.2375e-05,0.00035083566326647996,20757.0,20626.0,131.04748582839966,10.003355026245117,141.05084085464478,20444.0,20974.823529411766
ablation_no_reward_scale,1625,68,17,P17,68,3.233333333333334e-05,-0.00023476665519410743,20896.0,21043.0,131.87269830703735,9.97660231590271,141.84930062294006,20710.0,21456.779411764706
ablation_no_reward_scale,1626,68,18,P18,68,3.229166666666667e-05,-0.0008103297092020512,20545.0,20286.0,123.54422378540039,9.21308946609497,132.75731325149536,20275.0,20748.102941176472
ablation_no_reward_scale,1627,68,19,P19,68,3.2250000000000005e-05,0.003049209411256015,23350.0,23274.0,126.65276980400085,9.886660814285278,136.53943061828613,23037.0,23876.41176470588
ablation_no_reward_scale,1628,68,20,P20,68,3.220833333333334e-05,-0.002823607693426311,22662.0,22505.0,136.19936656951904,10.434474229812622,146.63384079933167,22226.0,22825.323529411766
ablation_no_reward_scale,1629,68,21,P21,68,3.2166666666666665e-05,-0.0002953166114821215,23591.0,23472.0,144.21178150177002,11.260429620742798,155.47221112251282,23381.0,23943.720588235294
ablation_no_reward_scale,1630,68,22,P22,68,3.212500000000001e-05,0.00023203276832646226,23212.0,23448.0,142.50575470924377,11.242369651794434,153.7481243610382,22997.0,23566.397058823528
ablation_no_reward_scale,1631,68,23,P23,68,3.208333333333333e-05,0.0009818410653679166,32281.0,32091.0,188.99869513511658,14.873929262161255,203.87262439727783,31857.0,34552.14705882353
ablation_no_reward_scale,1632,68,24,P24,68,3.204166666666667e-05,0.0005516743460248108,24062.0,23797.0,129.67147779464722,10.136274814605713,139.80775260925293,23620.0,24290.676470588234
ablation_no_reward_scale,1633,69,1,P1,69,3.2e-05,0.001715584920020774,6184.0,6184.0,30.317774772644043,1.961747646331787,32.27952241897583,6012.0,6341.072463768116
ablation_no_reward_scale,1634,69,2,P2,69,3.1958333333333335e-05,-0.0030742556846234947,8324.0,8324.0,38.29825305938721,2.5046253204345703,40.80287837982178,8270.0,8599.565217391304
ablation_no_reward_scale,1635,69,3,P3,69,3.191666666666667e-05,0.008373783144634217,6225.0,6303.0,27.749716758728027,1.8427464962005615,29.59246325492859,5877.0,6652.768115942029
ablation_no_reward_scale,1636,69,4,P4,69,3.1875e-05,0.012918805005028844,3759.0,3756.0,21.892261266708374,1.402376413345337,23.29463768005371,3699.0,3843.1304347826085
ablation_no_reward_scale,1637,69,5,P5,69,3.183333333333334e-05,0.0017430118168704212,4307.0,4307.0,24.148405075073242,1.576207160949707,25.72461223602295,4217.0,4355.478260869565
ablation_no_reward_scale,1638,69,6,P6,69,3.179166666666666e-05,-0.006675484706647694,4007.0,4048.0,25.1468403339386,1.6145222187042236,26.761362552642822,3950.0,4110.985507246377
ablation_no_reward_scale,1639,69,7,P7,69,3.175e-05,-0.021263619884848595,5710.0,5710.0,36.8959686756134,2.3975837230682373,39.29355239868164,5710.0,6007.63768115942
ablation_no_reward_scale,1640,69,8,P8,69,3.170833333333334e-05,0.004231791041092947,5657.0,5670.0,32.656386852264404,2.058319091796875,34.71470594406128,5630.0,5940.217391304348
ablation_no_reward_scale,1641,69,9,P9,69,3.1666666666666666e-05,0.011525198235176504,5397.0,5417.0,30.432521104812622,1.9567267894744873,32.38924789428711,5347.0,5670.63768115942
ablation_no_reward_scale,1642,69,10,P10,69,3.1625e-05,-0.012027424992993474,5534.0,5534.0,19.421448707580566,1.257570505142212,20.67901921272278,5443.0,5637.666666666667
ablation_no_reward_scale,1643,69,11,P11,69,3.158333333333333e-05,-0.011288056033663452,11389.0,11434.0,36.95131707191467,2.448713779449463,39.400030851364136,11389.0,11519.811594202898
ablation_no_reward_scale,1644,69,12,P12,69,3.154166666666667e-05,-0.0013223323112470098,11840.0,11961.0,44.78467869758606,2.9523422718048096,47.73702096939087,11790.0,12226.36231884058
ablation_no_reward_scale,1645,69,13,P13,69,3.149999999999999e-05,0.004121538091567345,19475.0,19626.0,103.4744062423706,7.623021602630615,111.09742784500122,19425.0,20058.333333333332
ablation_no_reward_scale,1646,69,14,P14,69,3.145833333333334e-05,0.0007796032755322813,21855.0,21980.0,103.94028520584106,7.712165594100952,111.65245079994202,21776.0,22424.782608695652
ablation_no_reward_scale,1647,69,15,P15,69,3.1416666666666674e-05,-0.00016366958425351186,20210.0,20210.0,108.09824776649475,7.916822195053101,116.01506996154785,19951.0,20440.057971014492
ablation_no_reward_scale,1648,69,16,P16,69,3.1375e-05,0.0007498545593989548,20449.0,20635.0,131.03266501426697,9.892592906951904,140.92525792121887,20444.0,20969.898550724636
ablation_no_reward_scale,1649,69,17,P17,69,3.1333333333333334e-05,0.0014143235930532683,21018.0,20840.0,132.4835081100464,9.913758754730225,142.3972668647766,20710.0,21447.840579710144
ablation_no_reward_scale,1650,69,18,P18,69,3.1291666666666664e-05,-0.0015843621251406149,20610.0,20461.0,122.3673357963562,9.250278234481812,131.617614030838,20275.0,20743.942028985508
ablation_no_reward_scale,1651,69,19,P19,69,3.125e-05,0.0013275781981064937,23038.0,23345.0,127.21379470825195,9.859073638916016,137.07286834716797,23037.0,23868.710144927536
ablation_no_reward_scale,1652,69,20,P20,69,3.120833333333334e-05,-0.0010437552293296904,22615.0,22513.0,135.84149265289307,10.594661474227905,146.43615412712097,22226.0,22820.797101449276
ablation_no_reward_scale,1653,69,21,P21,69,3.116666666666667e-05,-0.0006445260196414893,23642.0,23536.0,143.51153993606567,11.176580667495728,154.6881206035614,23381.0,23937.8115942029
ablation_no_reward_scale,1654,69,22,P22,69,3.1125000000000004e-05,0.00031196264772006546,23260.0,23331.0,143.5501630306244,11.19847559928894,154.74863862991333,22997.0,23562.985507246376
ablation_no_reward_scale,1655,69,23,P23,69,3.108333333333333e-05,0.0008667125657666475,32356.0,32237.0,189.4380156993866,14.912216663360596,204.3502323627472,31857.0,34518.59420289855
ablation_no_reward_scale,1656,69,24,P24,69,3.104166666666667e-05,-0.0001331187957475777,23920.0,23885.0,127.86201596260071,10.083479642868042,137.94549560546875,23620.0,24284.797101449276
ablation_no_reward_scale,1657,70,1,P1,70,3.100000000000001e-05,-0.0019503696385072544,6044.0,6054.0,30.467376708984375,1.9795081615447998,32.446884870529175,6012.0,6336.971428571429
ablation_no_reward_scale,1658,70,2,P2,70,3.095833333333333e-05,0.0024723027599975467,8366.0,8324.0,38.98107361793518,2.5496981143951416,41.53077173233032,8270.0,8595.628571428571
ablation_no_reward_scale,1659,70,3,P3,70,3.091666666666667e-05,0.005236655561020598,6102.0,6098.0,27.960686206817627,1.804154396057129,29.764840602874756,5877.0,6644.842857142857
ablation_no_reward_scale,1660,70,4,P4,70,3.0875e-05,0.008583842776715755,3737.0,3737.0,21.79194188117981,1.4431297779083252,23.235071659088135,3699.0,3841.614285714286
ablation_no_reward_scale,1661,70,5,P5,70,3.0833333333333335e-05,-0.0003758654129342176,4287.0,4287.0,24.03420352935791,1.5499396324157715,25.58414316177368,4217.0,4354.5
ablation_no_reward_scale,1662,70,6,P6,70,3.0791666666666665e-05,-0.0026571747730486095,4037.0,4017.0,25.07110023498535,1.614410161972046,26.685510396957397,3950.0,4109.642857142857
ablation_no_reward_scale,1663,70,7,P7,70,3.075e-05,-0.015751720289699733,5720.0,5710.0,37.095458030700684,2.37311053276062,39.468568563461304,5710.0,6003.385714285714
ablation_no_reward_scale,1664,70,8,P8,70,3.070833333333334e-05,-0.0029222492303233594,5597.0,5627.0,32.472084045410156,2.0841081142425537,34.55619215965271,5627.0,5935.742857142857
ablation_no_reward_scale,1665,70,9,P9,70,3.066666666666667e-05,0.009189072996377945,5367.0,5347.0,30.657615900039673,1.9649760723114014,32.622591972351074,5347.0,5666.0142857142855
ablation_no_reward_scale,1666,70,10,P10,70,3.0625000000000006e-05,-0.010441445279866457,5505.0,5580.0,19.698129177093506,1.2906343936920166,20.988763570785522,5443.0,5636.842857142857
ablation_no_reward_scale,1667,70,11,P11,70,3.058333333333333e-05,-0.008093078969977796,11389.0,11434.0,37.21382117271423,2.436826467514038,39.65064764022827,11389.0,11518.585714285715
ablation_no_reward_scale,1668,70,12,P12,70,3.0541666666666666e-05,0.003106343006948009,11872.0,11772.0,44.49373698234558,2.947291851043701,47.44102883338928,11772.0,12219.871428571429
ablation_no_reward_scale,1669,70,13,P13,70,3.0500000000000006e-05,0.005188208626350388,19532.0,19811.0,103.41099452972412,7.583583116531372,110.9945776462555,19425.0,20054.8
ablation_no_reward_scale,1670,70,14,P14,70,3.0458333333333333e-05,0.000152373183027521,22029.0,21981.0,105.21161437034607,7.685198545455933,112.896812915802,21776.0,22418.442857142858
ablation_no_reward_scale,1671,70,15,P15,70,3.041666666666667e-05,0.0002805047515721526,20344.0,20455.0,107.25217509269714,7.9515135288238525,115.203688621521,19951.0,20440.27142857143
ablation_no_reward_scale,1672,70,16,P16,70,3.0374999999999996e-05,0.0009720025809656363,20562.0,20625.0,130.9906919002533,9.823257446289062,140.81394934654236,20444.0,20964.97142857143
ablation_no_reward_scale,1673,70,17,P17,70,3.0333333333333337e-05,0.0004940850778439199,20890.0,20755.0,132.38404655456543,10.072860956192017,142.45690751075745,20710.0,21437.942857142858
ablation_no_reward_scale,1674,70,18,P18,70,3.0291666666666663e-05,-0.000996895138086984,20592.0,20585.0,122.13068699836731,9.236602067947388,131.3672890663147,20275.0,20741.67142857143
ablation_no_reward_scale,1675,70,19,P19,70,3.025e-05,0.0016754918775404803,23208.0,23268.0,127.12170743942261,9.87517499923706,136.99688243865967,23037.0,23860.128571428573
ablation_no_reward_scale,1676,70,20,P20,70,3.0208333333333337e-05,-0.0012869160156697035,22744.0,22443.0,135.96289372444153,10.571131706237793,146.53402543067932,22226.0,22815.4
ablation_no_reward_scale,1677,70,21,P21,70,3.0166666666666667e-05,-0.0012686203350313007,23747.0,23577.0,143.48997139930725,11.08738398551941,154.57735538482666,23381.0,23932.657142857144
ablation_no_reward_scale,1678,70,22,P22,70,3.0125000000000004e-05,0.0011109507686342113,23391.0,23448.0,142.96743750572205,11.31611704826355,154.2835545539856,22997.0,23561.342857142856
ablation_no_reward_scale,1679,70,23,P23,70,3.008333333333333e-05,-4.263396645650833e-05,32393.0,32190.0,189.2480890750885,14.796517133712769,204.04460620880127,31857.0,34485.328571428574
ablation_no_reward_scale,1680,70,24,P24,70,3.0041666666666667e-05,-0.00036148215021967187,23955.0,23989.0,130.09808588027954,10.05390739440918,140.15199327468872,23620.0,24280.571428571428
ablation_no_reward_scale,1681,71,1,P1,71,3.0000000000000008e-05,-0.0033690874770400114,6066.0,6184.0,30.6450252532959,1.9757955074310303,32.62082076072693,6012.0,6334.816901408451
ablation_no_reward_scale,1682,71,2,P2,71,2.9958333333333334e-05,-0.0003868620929097233,8338.0,8337.0,38.537189245224,2.5285725593566895,41.06576180458069,8270.0,8591.985915492958
ablation_no_reward_scale,1683,71,3,P3,71,2.991666666666667e-05,0.014686901005916297,6292.0,6316.0,27.88139820098877,1.818857192993164,29.700255393981934,5877.0,6640.211267605634
ablation_no_reward_scale,1684,71,4,P4,71,2.9874999999999998e-05,0.0013030362024437636,3703.0,3759.0,22.120916843414307,1.4251353740692139,23.54605221748352,3699.0,3840.450704225352
ablation_no_reward_scale,1685,71,5,P5,71,2.9833333333333335e-05,-0.007697728811763227,4272.0,4237.0,24.319741010665894,1.593475580215454,25.913216590881348,4217.0,4352.845070422535
ablation_no_reward_scale,1686,71,6,P6,71,2.9791666666666675e-05,-0.009650497930124402,3987.0,4007.0,24.799877643585205,1.6149044036865234,26.41478204727173,3950.0,4108.197183098591
ablation_no_reward_scale,1687,71,7,P7,71,2.975e-05,-0.01710370182991028,5720.0,5720.0,37.00499963760376,2.364482879638672,39.36948251724243,5710.0,5999.394366197183
ablation_no_reward_scale,1688,71,8,P8,71,2.9708333333333338e-05,0.004596930753905326,5617.0,5627.0,32.691500663757324,2.087667226791382,34.779167890548706,5627.0,5931.394366197183
ablation_no_reward_scale,1689,71,9,P9,71,2.9666666666666665e-05,0.007657637819647789,5337.0,5377.0,30.822461128234863,2.001789093017578,32.82425022125244,5347.0,5661.943661971831
ablation_no_reward_scale,1690,71,10,P10,71,2.9625000000000002e-05,-0.00618395721539855,5580.0,5544.0,19.564311742782593,1.2623224258422852,20.826634168624878,5443.0,5635.5352112676055
ablation_no_reward_scale,1691,71,11,P11,71,2.958333333333333e-05,-0.00516776111908257,11434.0,11434.0,37.13218712806702,2.491490602493286,39.6236777305603,11389.0,11517.394366197183
ablation_no_reward_scale,1692,71,12,P12,71,2.954166666666667e-05,0.00013267034591990523,11861.0,11799.0,45.272133350372314,3.016601800918579,48.288735151290894,11772.0,12213.94366197183
ablation_no_reward_scale,1693,71,13,P13,71,2.9500000000000006e-05,0.004690617439337075,19496.0,19559.0,103.03582167625427,7.661980390548706,110.69780206680298,19425.0,20047.816901408452
ablation_no_reward_scale,1694,71,14,P14,71,2.9458333333333332e-05,0.0010529216051509138,21923.0,21977.0,104.16693782806396,7.748636722564697,111.91557455062866,21776.0,22412.225352112677
ablation_no_reward_scale,1695,71,15,P15,71,2.941666666666667e-05,-0.00045629312830897106,20210.0,20240.0,107.30443692207336,7.971844911575317,115.27628183364868,19951.0,20437.450704225354
ablation_no_reward_scale,1696,71,16,P16,71,2.9374999999999996e-05,0.0014551888292771765,20561.0,20642.0,131.21434783935547,10.050565481185913,141.26491332054138,20444.0,20960.422535211266
ablation_no_reward_scale,1697,71,17,P17,71,2.9333333333333336e-05,0.00011288077312201494,20845.0,20869.0,131.41146278381348,9.934702396392822,141.3461651802063,20710.0,21429.929577464787
ablation_no_reward_scale,1698,71,18,P18,71,2.9291666666666673e-05,-0.001338061928981915,20460.0,20697.0,123.50636219978333,9.192426681518555,132.69878888130188,20275.0,20741.042253521126
ablation_no_reward_scale,1699,71,19,P19,71,2.925e-05,0.002694525447441265,23288.0,23414.0,126.2567687034607,9.890105485916138,136.14687418937683,23037.0,23853.845070422536
ablation_no_reward_scale,1700,71,20,P20,71,2.9208333333333336e-05,-0.0023114160576369613,22580.0,22562.0,136.0657069683075,10.478006839752197,146.5437138080597,22226.0,22811.830985915494
ablation_no_reward_scale,1701,71,21,P21,71,2.9166666666666663e-05,-0.0004201982977974694,23653.0,23458.0,143.57209873199463,11.244037866592407,154.81613659858704,23381.0,23925.971830985916
ablation_no_reward_scale,1702,71,22,P22,71,2.9125000000000003e-05,0.001367884926730767,23464.0,23448.0,141.97207903862,11.192825317382812,153.1649043560028,22997.0,23559.74647887324
ablation_no_reward_scale,1703,71,23,P23,71,2.908333333333334e-05,-0.0004228057251306642,32399.0,32190.0,188.9947874546051,14.792749404907227,203.78753685951233,31857.0,34453.0
ablation_no_reward_scale,1704,71,24,P24,71,2.9041666666666667e-05,-0.00047431134480575566,23995.0,23737.0,129.90650820732117,10.057750225067139,139.9642584323883,23620.0,24272.915492957745
ablation_no_reward_scale,1705,72,1,P1,72,2.9000000000000004e-05,0.002408850341453217,6184.0,6184.0,30.51547384262085,1.969357967376709,32.48483180999756,6012.0,6332.722222222223
ablation_no_reward_scale,1706,72,2,P2,72,2.895833333333333e-05,-0.0009329179697488144,8361.0,8337.0,38.35478973388672,2.5228843688964844,40.8776741027832,8270.0,8588.444444444445
ablation_no_reward_scale,1707,72,3,P3,72,2.891666666666667e-05,-0.0013157534867787035,6194.0,6316.0,27.850301265716553,1.8266310691833496,29.676932334899902,5877.0,6635.708333333333
ablation_no_reward_scale,1708,72,4,P4,72,2.8874999999999997e-05,0.0106417506467551,3737.0,3737.0,22.024005651474,1.4436955451965332,23.467701196670532,3699.0,3839.0138888888887
ablation_no_reward_scale,1709,72,5,P5,72,2.8833333333333334e-05,0.0026987273595295846,4282.0,4237.0,24.00662350654602,1.5501515865325928,25.556775093078613,4217.0,4351.236111111111
ablation_no_reward_scale,1710,72,6,P6,72,2.879166666666667e-05,0.0045723882503807545,4057.0,4037.0,24.967923402786255,1.634108543395996,26.60203194618225,3950.0,4107.208333333333
ablation_no_reward_scale,1711,72,7,P7,72,2.8749999999999997e-05,-0.012161232414655387,5720.0,5720.0,37.42200517654419,2.403430223464966,39.825435400009155,5710.0,5995.513888888889
ablation_no_reward_scale,1712,72,8,P8,72,2.8708333333333338e-05,-0.00030459156914730556,5657.0,5670.0,32.59143400192261,2.0663392543792725,34.65777325630188,5627.0,5927.763888888889
ablation_no_reward_scale,1713,72,9,P9,72,2.8666666666666664e-05,0.004694286108133383,5347.0,5347.0,30.43487048149109,1.9868228435516357,32.421693325042725,5347.0,5657.569444444444
ablation_no_reward_scale,1714,72,10,P10,72,2.8625e-05,-0.007759376196190715,5567.0,5580.0,19.51799726486206,1.2812888622283936,20.799286127090454,5443.0,5634.763888888889
ablation_no_reward_scale,1715,72,11,P11,72,2.8583333333333338e-05,-0.010011079371906817,11389.0,11434.0,37.24196434020996,2.438150405883789,39.68011474609375,11389.0,11516.236111111111
ablation_no_reward_scale,1716,72,12,P12,72,2.8541666666666668e-05,0.00752123212441802,11942.0,11840.0,44.83798289299011,2.946537733078003,47.784520626068115,11772.0,12208.75
ablation_no_reward_scale,1717,72,13,P13,72,2.8500000000000005e-05,0.002773779102426488,19498.0,19619.0,103.67959642410278,7.641646862030029,111.32124328613281,19425.0,20041.86111111111
ablation_no_reward_scale,1718,72,14,P14,72,2.845833333333333e-05,-0.001138042590355326,21825.0,21970.0,104.02014303207397,7.83753776550293,111.8576807975769,21776.0,22406.083333333332
ablation_no_reward_scale,1719,72,15,P15,72,2.841666666666667e-05,0.002254986742627807,20289.0,20217.0,107.95327115058899,7.905177593231201,115.85844874382019,19951.0,20434.38888888889
ablation_no_reward_scale,1720,72,16,P16,72,2.8374999999999995e-05,-0.0007689430589380208,20402.0,20592.0,131.21602964401245,10.060754776000977,141.27678442001343,20444.0,20955.305555555555
ablation_no_reward_scale,1721,72,17,P17,72,2.8333333333333335e-05,0.0027626404364127664,21073.0,20807.0,132.19388961791992,9.92615532875061,142.12004494667053,20710.0,21421.277777777777
ablation_no_reward_scale,1722,72,18,P18,72,2.8291666666666672e-05,-0.0026855882839299738,20503.0,20445.0,123.11101365089417,9.276173830032349,132.3871874809265,20275.0,20736.930555555555
ablation_no_reward_scale,1723,72,19,P19,72,2.825e-05,0.00340883664903231,23346.0,23149.0,127.3617651462555,9.882787704467773,137.24455285072327,23037.0,23844.055555555555
ablation_no_reward_scale,1724,72,20,P20,72,2.8208333333333336e-05,-0.002145817200653255,22817.0,22722.0,135.88820815086365,10.637621879577637,146.52583003044128,22226.0,22810.583333333332
ablation_no_reward_scale,1725,72,21,P21,72,2.8166666666666662e-05,-0.0016379642343963496,23611.0,23580.0,143.33863186836243,11.1809663772583,154.51959824562073,23381.0,23921.166666666668
ablation_no_reward_scale,1726,72,22,P22,72,2.8125000000000003e-05,0.0022903151053469627,23557.0,23550.0,143.0764720439911,11.350552558898926,154.42702460289001,22997.0,23559.61111111111
ablation_no_reward_scale,1727,72,23,P23,72,2.808333333333334e-05,-0.0008603005543201496,32365.0,32310.0,191.2475368976593,14.828916788101196,206.0764536857605,31857.0,34423.23611111111
ablation_no_reward_scale,1728,72,24,P24,72,2.8041666666666666e-05,0.0008708134582775529,24150.0,23875.0,128.22355556488037,10.096824407577515,138.32037997245789,23620.0,24267.38888888889
ablation_no_reward_scale,1729,73,1,P1,73,2.8000000000000003e-05,-0.0015606498927809298,6070.0,6218.0,30.278534650802612,1.9772365093231201,32.25577116012573,6012.0,6331.1506849315065
ablation_no_reward_scale,1730,73,2,P2,73,2.795833333333333e-05,-0.0003255486421949172,8338.0,8337.0,38.933061838150024,2.392366886138916,41.32542872428894,8270.0,8585.0
ablation_no_reward_scale,1731,73,3,P3,73,2.791666666666667e-05,0.00818553780845832,6089.0,6102.0,27.908010005950928,1.8043410778045654,29.712351083755493,5877.0,6628.397260273972
ablation_no_reward_scale,1732,73,4,P4,73,2.7875000000000007e-05,0.0041060460498556495,3704.0,3738.0,21.86250615119934,1.3995041847229004,23.26201033592224,3699.0,3837.6301369863013
ablation_no_reward_scale,1733,73,5,P5,73,2.7833333333333333e-05,0.0024837497621774673,4322.0,4272.0,24.18726634979248,1.5818936824798584,25.76916003227234,4217.0,4350.1506849315065
ablation_no_reward_scale,1734,73,6,P6,73,2.779166666666667e-05,-0.006676696939393878,3965.0,3935.0,25.375305891036987,1.6032283306121826,26.97853422164917,3935.0,4104.8493150684935
ablation_no_reward_scale,1735,73,7,P7,73,2.7749999999999997e-05,-0.010278160683810711,5754.0,5720.0,36.85000777244568,2.366657018661499,39.21666479110718,5710.0,5991.739726027397
ablation_no_reward_scale,1736,73,8,P8,73,2.7708333333333337e-05,0.004973823030013591,5687.0,5647.0,32.533400535583496,2.0980567932128906,34.63145732879639,5627.0,5923.917808219178
ablation_no_reward_scale,1737,73,9,P9,73,2.7666666666666664e-05,0.003453438519500196,5397.0,5437.0,30.763025522232056,1.9808423519134521,32.74386787414551,5347.0,5654.54794520548
ablation_no_reward_scale,1738,73,10,P10,73,2.7625e-05,-0.009194382932037115,5567.0,5534.0,19.504856824874878,1.2596676349639893,20.764524459838867,5443.0,5633.3835616438355
ablation_no_reward_scale,1739,73,11,P11,73,2.7583333333333337e-05,-0.008442275633569807,11434.0,11434.0,37.0616557598114,2.4282095432281494,39.48986530303955,11389.0,11515.109589041096
ablation_no_reward_scale,1740,73,12,P12,73,2.7541666666666664e-05,0.0018643643707036972,11840.0,11765.0,44.43795609474182,2.9477007389068604,47.38565683364868,11765.0,12202.671232876712
ablation_no_reward_scale,1741,73,13,P13,73,2.7500000000000004e-05,0.002907481088186614,19678.0,19645.0,103.43136167526245,7.654540300369263,111.08590197563171,19425.0,20036.424657534248
ablation_no_reward_scale,1742,73,14,P14,73,2.745833333333333e-05,-4.587112107401481e-05,22099.0,21844.0,105.21893453598022,7.713740825653076,112.9326753616333,21776.0,22398.383561643837
ablation_no_reward_scale,1743,73,15,P15,73,2.7416666666666668e-05,-0.0003564053099580633,20266.0,20210.0,107.38625025749207,7.994868755340576,115.38111901283264,19951.0,20431.31506849315
ablation_no_reward_scale,1744,73,16,P16,73,2.7375000000000005e-05,0.0018255224538734182,20691.0,20564.0,131.72025871276855,9.90567946434021,141.62593817710876,20444.0,20949.945205479453
ablation_no_reward_scale,1745,73,17,P17,73,2.733333333333333e-05,0.00012774627048202093,21032.0,20820.0,132.04915642738342,10.047783374786377,142.0969398021698,20710.0,21413.04109589041
ablation_no_reward_scale,1746,73,18,P18,73,2.729166666666667e-05,-0.002265338064171374,20527.0,20439.0,122.0076642036438,9.231558322906494,131.2392225265503,20275.0,20732.84931506849
ablation_no_reward_scale,1747,73,19,P19,73,2.7249999999999998e-05,0.0034180033020675183,23405.0,23172.0,127.7423186302185,9.88115406036377,137.62347269058228,23037.0,23834.84931506849
ablation_no_reward_scale,1748,73,20,P20,73,2.7208333333333335e-05,-0.002950257353950292,22619.0,22575.0,136.06326985359192,10.579433679580688,146.6427035331726,22226.0,22807.35616438356
ablation_no_reward_scale,1749,73,21,P21,73,2.7166666666666662e-05,-0.0003112100857833866,23724.0,23579.0,144.75189566612244,11.1619713306427,155.91386699676514,23381.0,23916.479452054795
ablation_no_reward_scale,1750,73,22,P22,73,2.7125000000000002e-05,0.0006990936335569131,23398.0,23461.0,142.60674285888672,11.310656785964966,153.91739964485168,22997.0,23558.260273972603
ablation_no_reward_scale,1751,73,23,P23,73,2.708333333333334e-05,-6.91556772705683e-05,32224.0,32227.0,188.9332616329193,14.803512334823608,203.73677396774292,31857.0,34393.150684931505
ablation_no_reward_scale,1752,73,24,P24,73,2.7041666666666666e-05,-1.4900110181770288e-05,23973.0,23749.0,128.1067099571228,10.037905931472778,138.14461588859558,23620.0,24260.287671232876
ablation_no_reward_scale,1753,74,1,P1,74,2.7000000000000002e-05,-0.0011890949826920405,6068.0,6068.0,30.30705952644348,1.9712395668029785,32.27829909324646,6012.0,6327.594594594595
ablation_no_reward_scale,1754,74,2,P2,74,2.695833333333333e-05,0.004020245367428288,8494.0,8280.0,38.567604541778564,2.5155978202819824,41.08320236206055,8270.0,8580.878378378378
ablation_no_reward_scale,1755,74,3,P3,74,2.691666666666667e-05,0.0011851802846649662,6105.0,6102.0,28.23539113998413,1.8159852027893066,30.051376342773438,5877.0,6621.283783783784
ablation_no_reward_scale,1756,74,4,P4,74,2.6875000000000006e-05,0.006942177540622652,3770.0,3704.0,22.243833303451538,1.4504499435424805,23.69428324699402,3699.0,3835.824324324324
ablation_no_reward_scale,1757,74,5,P5,74,2.6833333333333333e-05,-0.0010447052191011608,4272.0,4287.0,23.831016540527344,1.5420217514038086,25.373038291931152,4217.0,4349.2972972972975
ablation_no_reward_scale,1758,74,6,P6,74,2.679166666666667e-05,-0.004620433668605983,3980.0,3980.0,24.930650234222412,1.5891730785369873,26.5198233127594,3935.0,4103.1621621621625
ablation_no_reward_scale,1759,74,7,P7,74,2.6749999999999996e-05,-0.011828161077573895,5680.0,5680.0,36.819307804107666,2.3556230068206787,39.174930810928345,5680.0,5987.527027027027
ablation_no_reward_scale,1760,74,8,P8,74,2.6708333333333337e-05,0.003408878212212585,5698.0,5657.0,32.64738178253174,2.0870277881622314,34.73440957069397,5627.0,5920.310810810811
ablation_no_reward_scale,1761,74,9,P9,74,2.6666666666666673e-05,0.0051475431537255645,5407.0,5362.0,30.80307173728943,1.97853422164917,32.7816059589386,5347.0,5650.594594594595
ablation_no_reward_scale,1762,74,10,P10,74,2.6625e-05,-0.010763241676613688,5534.0,5588.0,19.570453643798828,1.281078815460205,20.851532459259033,5443.0,5632.77027027027
ablation_no_reward_scale,1763,74,11,P11,74,2.6583333333333337e-05,-0.005467705777846277,11434.0,11434.0,37.22570276260376,2.4702036380767822,39.69590640068054,11389.0,11514.013513513513
ablation_no_reward_scale,1764,74,12,P12,74,2.6541666666666664e-05,-0.0012319854267843766,11828.0,11935.0,44.991644620895386,2.9754953384399414,47.96713995933533,11765.0,12199.054054054053
ablation_no_reward_scale,1765,74,13,P13,74,2.6500000000000004e-05,0.004172304863459431,19552.0,19491.0,102.68497943878174,7.658676624298096,110.34365606307983,19425.0,20029.054054054053
ablation_no_reward_scale,1766,74,14,P14,74,2.645833333333333e-05,0.00018784052986120514,21853.0,22093.0,104.72014570236206,7.836305379867554,112.55645108222961,21776.0,22394.256756756757
ablation_no_reward_scale,1767,74,15,P15,74,2.6416666666666667e-05,0.0010939666080957977,20418.0,20210.0,107.20824456214905,7.97846245765686,115.18670701980591,19951.0,20428.324324324323
ablation_no_reward_scale,1768,74,16,P16,74,2.6375000000000004e-05,-0.0008187656807422172,20578.0,20588.0,131.52454090118408,9.826255559921265,141.35079646110535,20444.0,20945.054054054053
ablation_no_reward_scale,1769,74,17,P17,74,2.633333333333333e-05,0.0016654117469443008,20970.0,20881.0,131.59949159622192,10.000289678573608,141.59978127479553,20710.0,21405.85135135135
ablation_no_reward_scale,1770,74,18,P18,74,2.629166666666667e-05,-0.0020237196033122016,20554.0,20600.0,122.64592933654785,9.385722637176514,132.03165197372437,20275.0,20731.054054054053
ablation_no_reward_scale,1771,74,19,P19,74,2.6249999999999998e-05,0.0022910062049049883,23153.0,23545.0,127.51665210723877,9.921273708343506,137.43792581558228,23037.0,23830.932432432433
ablation_no_reward_scale,1772,74,20,P20,74,2.6208333333333335e-05,-0.001855392483412288,22604.0,22607.0,135.72090554237366,10.556191682815552,146.2770972251892,22226.0,22804.64864864865
ablation_no_reward_scale,1773,74,21,P21,74,2.616666666666667e-05,-0.0007172990593971917,23571.0,23577.0,143.85854291915894,11.172406435012817,155.03094935417175,23381.0,23911.891891891893
ablation_no_reward_scale,1774,74,22,P22,74,2.6124999999999998e-05,0.0018964140908792615,23571.0,23471.0,142.48087239265442,11.257609605789185,153.7384819984436,22997.0,23557.08108108108
ablation_no_reward_scale,1775,74,23,P23,74,2.6083333333333338e-05,-0.0005943000596744241,32288.0,32244.0,188.32052493095398,14.836195468902588,203.15672039985657,31857.0,34364.10810810811
ablation_no_reward_scale,1776,74,24,P24,74,2.6041666666666665e-05,0.0012025418458506466,24235.0,23951.0,129.08884644508362,10.114601612091064,139.20344805717468,23620.0,24256.108108108107
ablation_no_reward_scale,1777,75,1,P1,75,2.6000000000000002e-05,0.003978753229603171,6226.0,6068.0,30.539461851119995,1.9565951824188232,32.49605703353882,6012.0,6324.133333333333
ablation_no_reward_scale,1778,75,2,P2,75,2.595833333333334e-05,0.0025820644950727,8494.0,8282.0,38.38030529022217,2.5196592807769775,40.899964570999146,8270.0,8576.893333333333
ablation_no_reward_scale,1779,75,3,P3,75,2.5916666666666665e-05,0.008152285299729556,6316.0,6089.0,28.005503177642822,1.8416707515716553,29.847173929214478,5877.0,6614.1866666666665
ablation_no_reward_scale,1780,75,4,P4,75,2.5875000000000006e-05,0.0029999908292666078,3748.0,3739.0,22.200023651123047,1.416543960571289,23.616567611694336,3699.0,3834.5333333333333
ablation_no_reward_scale,1781,75,5,P5,75,2.5833333333333332e-05,-0.004998762393370271,4282.0,4287.0,24.032535791397095,1.5599520206451416,25.592487812042236,4217.0,4348.466666666666
ablation_no_reward_scale,1782,75,6,P6,75,2.579166666666667e-05,-0.0038073149044066668,4057.0,4012.0,25.06350302696228,1.6068315505981445,26.670334577560425,3935.0,4101.946666666667
ablation_no_reward_scale,1783,75,7,P7,75,2.5749999999999996e-05,-0.01640682201832533,5700.0,5680.0,37.44355845451355,2.36928391456604,39.81284236907959,5680.0,5983.426666666666
ablation_no_reward_scale,1784,75,8,P8,75,2.5708333333333336e-05,0.0012217703770147637,5647.0,5657.0,32.365564823150635,2.083127975463867,34.4486927986145,5627.0,5916.8
ablation_no_reward_scale,1785,75,9,P9,75,2.5666666666666673e-05,0.009539459482766688,5407.0,5417.0,30.454035997390747,1.9707520008087158,32.42478799819946,5347.0,5647.48
ablation_no_reward_scale,1786,75,10,P10,75,2.5625e-05,-0.009960600407794118,5555.0,5580.0,19.34096050262451,1.2717154026031494,20.61267590522766,5443.0,5632.066666666667
ablation_no_reward_scale,1787,75,11,P11,75,2.5583333333333336e-05,-0.006387522618751973,11434.0,11434.0,37.19412446022034,2.4632482528686523,39.65737271308899,11389.0,11512.946666666667
ablation_no_reward_scale,1788,75,12,P12,75,2.5541666666666663e-05,-0.00283391828997992,11812.0,11935.0,44.99156165122986,2.95113468170166,47.94269633293152,11765.0,12195.533333333333
ablation_no_reward_scale,1789,75,13,P13,75,2.5500000000000003e-05,0.003677780317957513,19679.0,19546.0,103.43453979492188,7.591079235076904,111.02561902999878,19425.0,20022.613333333335
ablation_no_reward_scale,1790,75,14,P14,75,2.545833333333334e-05,-0.0004369613950530038,21816.0,21880.0,104.2819344997406,7.724149942398071,112.00608444213867,21776.0,22387.4
ablation_no_reward_scale,1791,75,15,P15,75,2.5416666666666667e-05,0.0010394001546956133,20495.0,20269.0,107.5712537765503,7.9391865730285645,115.51044034957886,19951.0,20426.2
ablation_no_reward_scale,1792,75,16,P16,75,2.5375000000000004e-05,-0.0008444125487585552,20537.0,20379.0,130.82731676101685,9.964101552963257,140.7914183139801,20379.0,20937.506666666668
ablation_no_reward_scale,1793,75,17,P17,75,2.533333333333333e-05,0.0013610118214273826,20824.0,20885.0,132.46641182899475,9.93720269203186,142.4036145210266,20710.0,21398.906666666666
ablation_no_reward_scale,1794,75,18,P18,75,2.529166666666667e-05,-0.001837463877745904,20419.0,20492.0,122.73007369041443,9.29271125793457,132.022784948349,20275.0,20727.866666666665
ablation_no_reward_scale,1795,75,19,P19,75,2.5249999999999997e-05,0.002886131394188851,23235.0,22940.0,126.83596801757812,9.85032320022583,136.68629121780396,22940.0,23819.053333333333
ablation_no_reward_scale,1796,75,20,P20,75,2.5208333333333334e-05,-0.0012053154176101088,22916.0,22480.0,136.87932348251343,10.531235456466675,147.4105589389801,22226.0,22800.32
ablation_no_reward_scale,1797,75,21,P21,75,2.516666666666667e-05,-0.0021735154674388467,23568.0,23470.0,143.63748717308044,11.218181133270264,154.8556683063507,23381.0,23906.0
ablation_no_reward_scale,1798,75,22,P22,75,2.5124999999999997e-05,0.001803408152773045,23383.0,23460.0,142.11874318122864,11.22244143486023,153.34118461608887,22997.0,23555.786666666667
ablation_no_reward_scale,1799,75,23,P23,75,2.5083333333333338e-05,-0.00013739059964531668,32223.0,32146.0,189.94900822639465,14.74887204170227,204.69788026809692,31857.0,34334.53333333333
ablation_no_reward_scale,1800,75,24,P24,75,2.5041666666666664e-05,0.0007220760511700064,24063.0,23793.0,128.238511800766,10.031665563583374,138.27017736434937,23620.0,24249.933333333334
ablation_no_reward_scale,1801,76,1,P1,76,2.5e-05,0.004294307669624686,6225.0,6218.0,30.59093928337097,2.0024771690368652,32.59341645240784,6012.0,6322.736842105263
ablation_no_reward_scale,1802,76,2,P2,76,2.4958333333333338e-05,-0.002534302097046748,8405.0,8312.0,38.5686137676239,2.513821601867676,41.08243536949158,8270.0,8573.407894736842
ablation_no_reward_scale,1803,76,3,P3,76,2.4916666666666665e-05,-0.002127448628016282,6171.0,6102.0,28.016501426696777,1.8209185600280762,29.837419986724854,5877.0,6607.4473684210525
ablation_no_reward_scale,1804,76,4,P4,76,2.4875000000000005e-05,0.009751695906743407,3739.0,3737.0,21.92211103439331,1.4177157878875732,23.339826822280884,3699.0,3833.25
ablation_no_reward_scale,1805,76,5,P5,76,2.483333333333333e-05,0.004751297645270824,4282.0,4287.0,24.022485971450806,1.5341954231262207,25.556681394577026,4217.0,4347.6578947368425
ablation_no_reward_scale,1806,76,6,P6,76,2.479166666666667e-05,-0.004598799743689597,3965.0,4037.0,25.006415605545044,1.592313289642334,26.598728895187378,3935.0,4101.0921052631575
ablation_no_reward_scale,1807,76,7,P7,76,2.4750000000000005e-05,-0.010966945206746459,5680.0,5680.0,36.94617295265198,2.3818063735961914,39.32797932624817,5680.0,5979.434210526316
ablation_no_reward_scale,1808,76,8,P8,76,2.4708333333333332e-05,0.0030863299616612494,5657.0,5657.0,32.355611085891724,2.0928454399108887,34.44845652580261,5627.0,5913.381578947368
ablation_no_reward_scale,1809,76,9,P9,76,2.4666666666666672e-05,0.006744549493305385,5407.0,5347.0,31.05487895011902,1.9857861995697021,33.04066514968872,5347.0,5643.526315789473
ablation_no_reward_scale,1810,76,10,P10,76,2.4625e-05,-0.008439796511083841,5560.0,5588.0,19.200910806655884,1.2812628746032715,20.482173681259155,5443.0,5631.486842105263
ablation_no_reward_scale,1811,76,11,P11,76,2.4583333333333336e-05,-0.008329208823852241,11434.0,11434.0,36.844852685928345,2.456202507019043,39.30105519294739,11389.0,11511.907894736842
ablation_no_reward_scale,1812,76,12,P12,76,2.4541666666666662e-05,-0.00187583890510723,11793.0,11935.0,44.62664222717285,2.945162057876587,47.57180428504944,11765.0,12192.105263157895
ablation_no_reward_scale,1813,76,13,P13,76,2.45e-05,0.0030533963508787565,19670.0,19543.0,103.35681414604187,7.718481063842773,111.07529520988464,19425.0,20016.302631578947
ablation_no_reward_scale,1814,76,14,P14,76,2.445833333333334e-05,0.0004795498880412197,21927.0,21800.0,104.35183763504028,7.843660116195679,112.19549775123596,21776.0,22379.67105263158
ablation_no_reward_scale,1815,76,15,P15,76,2.4416666666666666e-05,0.0006841101426289242,20353.0,20455.0,107.68750667572021,7.983997821807861,115.67150449752808,19951.0,20426.57894736842
ablation_no_reward_scale,1816,76,16,P16,76,2.4375000000000003e-05,0.002086781559046358,20769.0,20648.0,131.50316548347473,9.931806087493896,141.43497157096863,20379.0,20933.697368421053
ablation_no_reward_scale,1817,76,17,P17,76,2.433333333333333e-05,-0.0009219745334121399,20901.0,21065.0,132.30416750907898,9.96178126335144,142.26594877243042,20710.0,21394.513157894737
ablation_no_reward_scale,1818,76,18,P18,76,2.4291666666666666e-05,-0.0017438745591789484,20381.0,20488.0,122.21456527709961,9.26554536819458,131.4801106452942,20275.0,20724.71052631579
ablation_no_reward_scale,1819,76,19,P19,76,2.4250000000000007e-05,0.004105955408886075,23466.0,23149.0,127.35846829414368,9.848107099533081,137.20657539367676,22940.0,23810.236842105263
ablation_no_reward_scale,1820,76,20,P20,76,2.4208333333333333e-05,-0.004073602927383036,22500.0,22692.0,135.29338574409485,10.623671293258667,145.91705703735352,22226.0,22798.894736842107
ablation_no_reward_scale,1821,76,21,P21,76,2.416666666666667e-05,-0.0004190036001091357,23528.0,23647.0,144.62773871421814,11.172573328018188,155.80031204223633,23381.0,23902.592105263157
ablation_no_reward_scale,1822,76,22,P22,76,2.4124999999999997e-05,0.0018858934985473753,23508.0,23416.0,142.5069649219513,11.191962718963623,153.69892764091492,22997.0,23553.947368421053
ablation_no_reward_scale,1823,76,23,P23,76,2.4083333333333337e-05,-0.0006415430351418243,32296.0,32058.0,188.87902307510376,14.872907400131226,203.75193047523499,31857.0,34304.57894736842
ablation_no_reward_scale,1824,76,24,P24,76,2.4041666666666664e-05,-0.0005523190013263957,23793.0,23836.0,128.3096797466278,10.070103645324707,138.37978339195251,23620.0,24244.486842105263
ablation_no_reward_scale,1825,77,1,P1,77,2.4e-05,0.0019198072113795206,6068.0,6218.0,30.411056995391846,1.9772469997406006,32.388303995132446,6012.0,6321.376623376624
ablation_no_reward_scale,1826,77,2,P2,77,2.3958333333333337e-05,0.00023844093811931089,8324.0,8324.0,38.73692584037781,2.556845188140869,41.29377102851868,8270.0,8570.16883116883
ablation_no_reward_scale,1827,77,3,P3,77,2.3916666666666664e-05,0.01598862011451274,6370.0,6102.0,28.20660138130188,1.8667700290679932,30.073371410369873,5877.0,6600.883116883117
ablation_no_reward_scale,1828,77,4,P4,77,2.3875000000000004e-05,-0.0006546397344209254,3704.0,3739.0,22.36374306678772,1.411445140838623,23.775188207626343,3699.0,3832.025974025974
ablation_no_reward_scale,1829,77,5,P5,77,2.383333333333333e-05,0.0005585362378042191,4307.0,4287.0,23.934126377105713,1.5399842262268066,25.47411060333252,4217.0,4346.87012987013
ablation_no_reward_scale,1830,77,6,P6,77,2.3791666666666668e-05,-0.006580530316568911,3997.0,3952.0,24.97285747528076,1.6144182682037354,26.587275743484497,3935.0,4099.1558441558445
ablation_no_reward_scale,1831,77,7,P7,77,2.3750000000000005e-05,-0.013264330103993416,5750.0,5710.0,37.137897968292236,2.378058433532715,39.51595640182495,5680.0,5975.935064935065
ablation_no_reward_scale,1832,77,8,P8,77,2.370833333333333e-05,0.000700486583809834,5637.0,5667.0,32.43901610374451,2.0775063037872314,34.51652240753174,5627.0,5910.181818181818
ablation_no_reward_scale,1833,77,9,P9,77,2.366666666666667e-05,0.008181044308003038,5437.0,5437.0,30.859121084213257,1.9421577453613281,32.801278829574585,5347.0,5640.8441558441555
ablation_no_reward_scale,1834,77,10,P10,77,2.3624999999999998e-05,-0.006702316575683653,5612.0,5588.0,19.69822072982788,1.2708854675292969,20.969106197357178,5443.0,5630.922077922078
ablation_no_reward_scale,1835,77,11,P11,77,2.3583333333333335e-05,-0.008755709626711905,11434.0,11434.0,37.70803904533386,2.5070574283599854,40.21509647369385,11389.0,11510.896103896104
ablation_no_reward_scale,1836,77,12,P12,77,2.3541666666666672e-05,-0.0016147112473845482,11830.0,11761.0,44.9146625995636,2.9339864253997803,47.84864902496338,11761.0,12186.506493506493
ablation_no_reward_scale,1837,77,13,P13,77,2.35e-05,-2.9424337753880536e-05,19506.0,19629.0,103.22271013259888,7.617212533950806,110.83992266654968,19425.0,20011.272727272728
ablation_no_reward_scale,1838,77,14,P14,77,2.345833333333334e-05,0.002779579779598862,22070.0,21998.0,104.54133367538452,7.690153360366821,112.23148703575134,21776.0,22374.714285714286
ablation_no_reward_scale,1839,77,15,P15,77,2.3416666666666666e-05,-0.0019504273659549654,20299.0,20354.0,107.42538690567017,7.977771520614624,115.40315842628479,19951.0,20425.636363636364
ablation_no_reward_scale,1840,77,16,P16,77,2.3375000000000002e-05,0.0022312605346087367,20617.0,20612.0,131.36078882217407,9.873080492019653,141.23386931419373,20379.0,20929.51948051948
ablation_no_reward_scale,1841,77,17,P17,77,2.333333333333333e-05,5.877323092136066e-05,20995.0,21046.0,131.44147491455078,9.966496706008911,141.4079716205597,20710.0,21389.987012987014
ablation_no_reward_scale,1842,77,18,P18,77,2.3291666666666666e-05,-0.0013437791989417748,20574.0,20505.0,123.03341245651245,9.227038383483887,132.26045083999634,20275.0,20721.85714285714
ablation_no_reward_scale,1843,77,19,P19,77,2.3250000000000006e-05,0.0030269252776633946,23500.0,23439.0,129.07342267036438,9.849481344223022,138.9229040145874,22940.0,23805.415584415583
ablation_no_reward_scale,1844,77,20,P20,77,2.3208333333333333e-05,-0.003783933725208044,22542.0,22833.0,135.85250568389893,10.57074499130249,146.42325067520142,22226.0,22799.33766233766
ablation_no_reward_scale,1845,77,21,P21,77,2.316666666666667e-05,-0.00011286001827102155,23474.0,23596.0,143.83022165298462,11.122368097305298,154.95258975028992,23381.0,23898.61038961039
ablation_no_reward_scale,1846,77,22,P22,77,2.3124999999999996e-05,0.0008551903571060393,23466.0,23416.0,142.4630105495453,11.230895280838013,153.6939058303833,22997.0,23552.155844155845
ablation_no_reward_scale,1847,77,23,P23,77,2.3083333333333333e-05,0.0005263290193917263,32435.0,32110.0,188.7146430015564,14.828677892684937,203.54332089424133,31857.0,34276.07792207792
ablation_no_reward_scale,1848,77,24,P24,77,2.3041666666666673e-05,-0.0008973104231699836,23867.0,23863.0,128.6175184249878,10.070571899414062,138.68809032440186,23620.0,24239.532467532466
ablation_no_reward_scale,1849,78,1,P1,78,2.3e-05,0.009190182143356651,6204.0,6161.0,30.684199810028076,1.9651641845703125,32.64936399459839,6012.0,6319.320512820513
ablation_no_reward_scale,1850,78,2,P2,78,2.2958333333333337e-05,0.0014262362819863483,8538.0,8494.0,38.55320405960083,2.5582098960876465,41.11141395568848,8270.0,8569.192307692309
ablation_no_reward_scale,1851,78,3,P3,78,2.2916666666666664e-05,-0.0003674031177069992,6183.0,6102.0,27.847801685333252,1.8183233737945557,29.666125059127808,5877.0,6594.48717948718
ablation_no_reward_scale,1852,78,4,P4,78,2.2875e-05,0.002443335368297994,3777.0,3738.0,22.09991145133972,1.40516996383667,23.50508141517639,3699.0,3830.8205128205127
ablation_no_reward_scale,1853,78,5,P5,78,2.283333333333334e-05,0.0008275142463389784,4272.0,4272.0,24.162494897842407,1.5553576946258545,25.71785259246826,4217.0,4345.910256410257
ablation_no_reward_scale,1854,78,6,P6,78,2.2791666666666667e-05,-0.0001342658288194798,4007.0,3980.0,24.977054119110107,1.6576015949249268,26.634655714035034,3935.0,4097.628205128205
ablation_no_reward_scale,1855,78,7,P7,78,2.2750000000000004e-05,-0.011415519402362406,5750.0,5690.0,37.18620467185974,2.353187322616577,39.53939199447632,5680.0,5972.2692307692305
ablation_no_reward_scale,1856,78,8,P8,78,2.270833333333333e-05,0.002905688379541971,5698.0,5657.0,32.34920310974121,2.102458953857422,34.45166206359863,5627.0,5906.9358974358975
ablation_no_reward_scale,1857,78,9,P9,78,2.266666666666667e-05,0.003692426602356136,5377.0,5437.0,30.320117473602295,1.9537217617034912,32.273839235305786,5347.0,5638.2307692307695
ablation_no_reward_scale,1858,78,10,P10,78,2.2624999999999998e-05,-0.010384909342974424,5555.0,5567.0,19.68092131614685,1.2654592990875244,20.946380615234375,5443.0,5630.102564102564
ablation_no_reward_scale,1859,78,11,P11,78,2.2583333333333335e-05,-0.004522676987107843,11434.0,11434.0,37.01009559631348,2.479034900665283,39.48913049697876,11389.0,11509.910256410256
ablation_no_reward_scale,1860,78,12,P12,78,2.254166666666667e-05,-0.0006418308748834534,11760.0,11983.0,44.78839564323425,2.9617152214050293,47.75011086463928,11761.0,12183.897435897436
ablation_no_reward_scale,1861,78,13,P13,78,2.2499999999999998e-05,0.0011219670486752875,19520.0,19541.0,103.55504131317139,7.562649726867676,111.11769104003906,19425.0,20005.24358974359
ablation_no_reward_scale,1862,78,14,P14,78,2.2458333333333338e-05,0.0016710371855879202,21989.0,21832.0,104.4092447757721,7.73271369934082,112.14195847511292,21776.0,22367.75641025641
ablation_no_reward_scale,1863,78,15,P15,78,2.2416666666666665e-05,0.0004365934828456375,20321.0,20269.0,107.74456906318665,7.920645713806152,115.6652147769928,19951.0,20423.628205128207
ablation_no_reward_scale,1864,78,16,P16,78,2.2375000000000002e-05,0.000512894030816824,20471.0,20715.0,130.78500485420227,9.864100933074951,140.64910578727722,20379.0,20926.76923076923
ablation_no_reward_scale,1865,78,17,P17,78,2.233333333333334e-05,0.0021197772410232575,21182.0,20910.0,132.38874864578247,9.89661192893982,142.2853605747223,20710.0,21383.833333333332
ablation_no_reward_scale,1866,78,18,P18,78,2.2291666666666665e-05,-0.003880159289110452,20408.0,20335.0,122.9016375541687,9.330905675888062,132.23254323005676,20275.0,20716.897435897437
ablation_no_reward_scale,1867,78,19,P19,78,2.2250000000000006e-05,0.0042738494463264946,23391.0,23168.0,127.29831767082214,9.91518235206604,137.21350002288818,22940.0,23797.24358974359
ablation_no_reward_scale,1868,78,20,P20,78,2.2208333333333332e-05,-0.0024401874252362177,22861.0,22851.0,136.77705335617065,10.532764911651611,147.30981826782227,22226.0,22800.0
ablation_no_reward_scale,1869,78,21,P21,78,2.216666666666667e-05,-0.0009667078949860298,23706.0,23463.0,143.78007912635803,11.14940094947815,154.92948007583618,23381.0,23893.02564102564
ablation_no_reward_scale,1870,78,22,P22,78,2.2124999999999996e-05,0.0013389698229730128,23560.0,23320.0,143.1243758201599,11.265300035476685,154.3896758556366,22997.0,23549.17948717949
ablation_no_reward_scale,1871,78,23,P23,78,2.2083333333333333e-05,-0.0010693560218766965,32174.0,32081.0,189.39463138580322,14.807872533798218,204.20250391960144,31857.0,34247.9358974359
ablation_no_reward_scale,1872,78,24,P24,78,2.2041666666666673e-05,0.0012818628776585684,24102.0,23861.0,128.53158116340637,10.122548580169678,138.65412974357605,23620.0,24234.67948717949
ablation_no_reward_scale,1873,79,1,P1,79,2.2e-05,0.014655991573818028,6304.0,6304.0,30.70940899848938,1.9752898216247559,32.684698820114136,6012.0,6319.126582278481
ablation_no_reward_scale,1874,79,2,P2,79,2.1958333333333336e-05,-0.00042759849930007476,8494.0,8494.0,38.32865381240845,2.50113582611084,40.82978963851929,8270.0,8568.240506329113
ablation_no_reward_scale,1875,79,3,P3,79,2.1916666666666663e-05,-0.00404909071221482,6102.0,6102.0,27.861275911331177,1.799346923828125,29.6606228351593,5877.0,6588.2531645569625
ablation_no_reward_scale,1876,79,4,P4,79,2.1875e-05,0.003812792128883302,3762.0,3704.0,22.15008044242859,1.404078483581543,23.554158926010132,3699.0,3829.215189873418
ablation_no_reward_scale,1877,79,5,P5,79,2.183333333333334e-05,-0.001798797253286466,4297.0,4307.0,24.129789113998413,1.5462605953216553,25.67604970932007,4217.0,4345.4177215189875
ablation_no_reward_scale,1878,79,6,P6,79,2.1791666666666667e-05,-0.0037068776437081397,4015.0,3980.0,24.944923162460327,1.5869247913360596,26.531847953796387,3935.0,4096.139240506329
ablation_no_reward_scale,1879,79,7,P7,79,2.1750000000000004e-05,-0.013724059564992785,5690.0,5690.0,37.02969717979431,2.3774197101593018,39.40711688995361,5680.0,5968.696202531645
ablation_no_reward_scale,1880,79,8,P8,79,2.170833333333333e-05,-0.0010165567218791693,5597.0,5687.0,32.64673328399658,2.0926513671875,34.73938465118408,5627.0,5904.151898734177
ablation_no_reward_scale,1881,79,9,P9,79,2.1666666666666667e-05,0.012538925046101213,5477.0,5427.0,30.65157699584961,1.941178560256958,32.59275555610657,5347.0,5635.556962025316
ablation_no_reward_scale,1882,79,10,P10,79,2.1625000000000007e-05,-0.006866667419672012,5555.0,5588.0,19.685224056243896,1.2547938823699951,20.94001793861389,5443.0,5629.569620253164
ablation_no_reward_scale,1883,79,11,P11,79,2.1583333333333334e-05,-0.00524284306447953,11434.0,11434.0,36.74727201461792,2.4479334354400635,39.19520545005798,11389.0,11508.949367088608
ablation_no_reward_scale,1884,79,12,P12,79,2.154166666666667e-05,-0.003882021817844361,11840.0,11883.0,44.78293180465698,2.948194742202759,47.73112654685974,11761.0,12180.088607594937
ablation_no_reward_scale,1885,79,13,P13,79,2.1499999999999997e-05,-0.0013782922069367487,19630.0,19674.0,103.62613821029663,7.734234571456909,111.36037278175354,19425.0,20001.050632911392
ablation_no_reward_scale,1886,79,14,P14,79,2.1458333333333334e-05,0.001454465000279015,21892.0,22018.0,104.06900000572205,7.786660671234131,111.85566067695618,21776.0,22363.32911392405
ablation_no_reward_scale,1887,79,15,P15,79,2.1416666666666664e-05,0.00013430858962237835,20250.0,20338.0,108.25296401977539,8.046149730682373,116.29911375045776,19951.0,20422.54430379747
ablation_no_reward_scale,1888,79,16,P16,79,2.1375e-05,0.0018034243141300977,20529.0,20524.0,130.25366115570068,9.859859704971313,140.113520860672,20379.0,20921.67088607595
ablation_no_reward_scale,1889,79,17,P17,79,2.1333333333333338e-05,0.00041314712016173873,20950.0,20953.0,132.26570534706116,9.895110130310059,142.16081547737122,20710.0,21378.379746835442
ablation_no_reward_scale,1890,79,18,P18,79,2.1291666666666665e-05,-0.0021097361692227422,20434.0,20356.0,122.1752462387085,9.21723198890686,131.39247822761536,20275.0,20712.32911392405
ablation_no_reward_scale,1891,79,19,P19,79,2.1250000000000005e-05,0.0037659636815078556,23395.0,23169.0,127.0241961479187,9.814813375473022,136.83900952339172,22940.0,23789.291139240508
ablation_no_reward_scale,1892,79,20,P20,79,2.120833333333333e-05,-0.002959251787979156,22651.0,22692.0,135.77342319488525,10.619824886322021,146.39324808120728,22226.0,22798.632911392404
ablation_no_reward_scale,1893,79,21,P21,79,2.116666666666667e-05,-0.0003356646238898975,23779.0,23645.0,144.85732436180115,11.173590898513794,156.03091526031494,23381.0,23889.886075949365
ablation_no_reward_scale,1894,79,22,P22,79,2.1125000000000005e-05,0.0002492242458174587,23383.0,23452.0,143.33203649520874,11.199567556381226,154.53160405158997,22997.0,23547.949367088608
ablation_no_reward_scale,1895,79,23,P23,79,2.1083333333333332e-05,-0.0003105846742853048,32122.0,32076.0,188.294527053833,15.008275747299194,203.3028028011322,31857.0,34220.443037974685
ablation_no_reward_scale,1896,79,24,P24,79,2.1041666666666672e-05,0.0010485615421202965,23978.0,24005.0,127.58205199241638,10.070526599884033,137.65257859230042,23620.0,24231.772151898735
ablation_no_reward_scale,1897,80,1,P1,80,2.1e-05,0.00656243646517396,6186.0,6176.0,30.319599866867065,1.9744443893432617,32.29404425621033,6012.0,6317.3375
ablation_no_reward_scale,1898,80,2,P2,80,2.0958333333333336e-05,0.00444294506451115,8551.0,8538.0,38.534804344177246,2.520754337310791,41.05555868148804,8270.0,8567.8625
ablation_no_reward_scale,1899,80,3,P3,80,2.0916666666666662e-05,0.0015635610761819407,6171.0,6102.0,28.43266534805298,1.832838535308838,30.265503883361816,5877.0,6582.175
ablation_no_reward_scale,1900,80,4,P4,80,2.0875e-05,0.000149313982547028,3715.0,3738.0,21.928852558135986,1.435790777206421,23.364643335342407,3699.0,3828.075
ablation_no_reward_scale,1901,80,5,P5,80,2.083333333333334e-05,-0.0017925577121786773,4297.0,4307.0,24.00588345527649,1.5580768585205078,25.563960313796997,4217.0,4344.9375
ablation_no_reward_scale,1902,80,6,P6,80,2.0791666666666666e-05,-0.004150027991272509,4000.0,3977.0,24.815129280090332,1.6286046504974365,26.44373393058777,3935.0,4094.65
ablation_no_reward_scale,1903,80,7,P7,80,2.0750000000000003e-05,-0.013333341921679676,5700.0,5680.0,37.09574890136719,2.3951284885406494,39.49087738990784,5680.0,5965.0875
ablation_no_reward_scale,1904,80,8,P8,80,2.070833333333333e-05,-0.0025890344695653766,5607.0,5607.0,32.36470317840576,2.0790462493896484,34.44374942779541,5607.0,5900.4375
ablation_no_reward_scale,1905,80,9,P9,80,2.0666666666666666e-05,0.01050706731621176,5471.0,5477.0,30.67862606048584,1.958012580871582,32.63663864135742,5347.0,5633.575
ablation_no_reward_scale,1906,80,10,P10,80,2.0625000000000007e-05,-0.005342599819414318,5560.0,5588.0,19.6260244846344,1.2737367153167725,20.899761199951172,5443.0,5629.05
ablation_no_reward_scale,1907,80,11,P11,80,2.0583333333333333e-05,-0.002291131706442684,11434.0,11434.0,37.62118887901306,2.4966094493865967,40.11779832839966,11389.0,11508.0125
ablation_no_reward_scale,1908,80,12,P12,80,2.054166666666667e-05,-0.0015113366025616415,11763.0,11695.0,44.75436544418335,2.978891134262085,47.733256578445435,11695.0,12174.025
ablation_no_reward_scale,1909,80,13,P13,80,2.0499999999999997e-05,-0.0002237015569335199,19630.0,19689.0,102.99712681770325,7.599217414855957,110.5963442325592,19425.0,19997.15
ablation_no_reward_scale,1910,80,14,P14,80,2.0458333333333334e-05,0.0011919189564650878,22051.0,21812.0,104.69037985801697,7.747251987457275,112.43763184547424,21776.0,22356.4375
ablation_no_reward_scale,1911,80,15,P15,80,2.0416666666666674e-05,0.0005406564835084282,20308.0,20250.0,107.48278951644897,7.996614694595337,115.47940421104431,19951.0,20420.3875
ablation_no_reward_scale,1912,80,16,P16,80,2.0375e-05,0.0012993719801670522,20546.0,20460.0,131.14925169944763,9.83194088935852,140.98119258880615,20379.0,20915.9
ablation_no_reward_scale,1913,80,17,P17,80,2.0333333333333337e-05,-0.0001354537067527417,20833.0,21168.0,131.64431881904602,9.952332735061646,141.59665155410767,20710.0,21375.75
ablation_no_reward_scale,1914,80,18,P18,80,2.0291666666666664e-05,-0.0017135301692178472,20397.0,20552.0,122.48148560523987,9.239667415618896,131.72115302085876,20275.0,20710.325
ablation_no_reward_scale,1915,80,19,P19,80,2.025e-05,0.002544905774993822,23148.0,23336.0,127.9946174621582,10.045769929885864,138.04038739204407,22940.0,23783.625
ablation_no_reward_scale,1916,80,20,P20,80,2.0208333333333328e-05,-0.0012217196010169574,22587.0,22842.0,135.93441820144653,10.662185192108154,146.5966033935547,22226.0,22799.175
ablation_no_reward_scale,1917,80,21,P21,80,2.0166666666666668e-05,-0.0020563747151754797,23446.0,23491.0,143.6553373336792,11.167046070098877,154.82238340377808,23381.0,23884.9
ablation_no_reward_scale,1918,80,22,P22,80,2.0125000000000005e-05,0.0018749425071291625,23310.0,23438.0,142.39857363700867,11.228386640548706,153.62696027755737,22997.0,23546.575
ablation_no_reward_scale,1919,80,23,P23,80,2.008333333333333e-05,-0.00034542452424700187,32145.0,32113.0,188.467937707901,14.828107357025146,203.29604506492615,31857.0,34194.1
ablation_no_reward_scale,1920,80,24,P24,80,2.0041666666666668e-05,0.00030137186367937827,23875.0,24040.0,128.3465437889099,10.015023469924927,138.36156725883484,23620.0,24229.375
ablation_no_reward_scale,1921,81,1,P1,81,1.9999999999999995e-05,0.008301707974169403,6186.0,6164.0,30.305182456970215,1.9994745254516602,32.304656982421875,6012.0,6315.444444444444
ablation_no_reward_scale,1922,81,2,P2,81,1.9958333333333335e-05,0.003760475301533006,8538.0,8325.0,38.89366841316223,2.5261826515197754,41.41985106468201,8270.0,8564.864197530864
ablation_no_reward_scale,1923,81,3,P3,81,1.9916666666666672e-05,-0.000322747953759972,6089.0,6102.0,28.2976655960083,1.8197190761566162,30.117384672164917,5877.0,6576.246913580247
ablation_no_reward_scale,1924,81,4,P4,81,1.9875e-05,0.001995321305003017,3738.0,3738.0,22.07061219215393,1.431591272354126,23.502203464508057,3699.0,3826.962962962963
ablation_no_reward_scale,1925,81,5,P5,81,1.9833333333333335e-05,0.0014554364315699786,4307.0,4307.0,24.256029844284058,1.5532214641571045,25.809251308441162,4217.0,4344.469135802469
ablation_no_reward_scale,1926,81,6,P6,81,1.9791666666666665e-05,-0.0005325124366208911,4047.0,3980.0,25.13173770904541,1.6084306240081787,26.74016833305359,3935.0,4093.2345679012346
ablation_no_reward_scale,1927,81,7,P7,81,1.9750000000000002e-05,-0.014305568882264197,5690.0,5711.0,38.12054109573364,1.1005053520202637,39.221046447753906,5680.0,5961.950617283951
ablation_no_reward_scale,1928,81,8,P8,81,1.970833333333334e-05,-0.0006725056919094641,5657.0,5597.0,13.233757019042969,0.8414449691772461,14.075201988220215,5597.0,5896.691358024691
ablation_no_reward_scale,1929,81,9,P9,81,1.9666666666666666e-05,0.005153000820428133,5367.0,5417.0,11.947326183319092,0.7896852493286133,12.737011432647705,5347.0,5630.901234567901
ablation_no_reward_scale,1930,81,10,P10,81,1.9625000000000006e-05,-0.0043184139067307115,5534.0,5567.0,7.567617177963257,0.513085126876831,8.080702304840088,5443.0,5628.283950617284
ablation_no_reward_scale,1931,81,11,P11,81,1.9583333333333333e-05,-0.003335043234983459,11434.0,11434.0,14.5978262424469,0.979581356048584,15.577407598495483,11389.0,11507.098765432098
ablation_no_reward_scale,1932,81,12,P12,81,1.954166666666667e-05,-9.363003118778579e-05,11745.0,11745.0,17.51942539215088,1.2223119735717773,18.741737365722656,11695.0,12168.728395061727
ablation_no_reward_scale,1933,81,13,P13,81,1.9499999999999996e-05,0.0004358578171377303,19682.0,19470.0,41.213502168655396,3.164668560028076,44.37817072868347,19425.0,19990.64197530864
ablation_no_reward_scale,1934,81,14,P14,81,1.9458333333333333e-05,0.00035149494840425177,22025.0,21976.0,41.645233392715454,3.1924681663513184,44.83770155906677,21776.0,22351.74074074074
ablation_no_reward_scale,1935,81,15,P15,81,1.9416666666666673e-05,0.00038711760180376587,20250.0,20334.0,43.7878954410553,3.4235751628875732,47.21147060394287,19951.0,20419.320987654322
ablation_no_reward_scale,1936,81,16,P16,81,1.9375e-05,0.0017707589227939024,20614.0,20524.0,52.738022327423096,4.084462404251099,56.822484731674194,20379.0,20911.061728395063
ablation_no_reward_scale,1937,81,17,P17,81,1.9333333333333337e-05,-0.00031836701382417234,20830.0,20975.0,51.82771921157837,4.0577073097229,55.88542652130127,20710.0,21370.802469135804
ablation_no_reward_scale,1938,81,18,P18,81,1.9291666666666664e-05,-0.0014880589878885075,20409.0,20467.0,49.13390922546387,4.018198728561401,53.15210795402527,20275.0,20707.320987654322
ablation_no_reward_scale,1939,81,19,P19,81,1.925e-05,0.0026774392172228545,23224.0,23205.0,51.691645860672,4.221848011016846,55.91349387168884,22940.0,23776.48148148148
ablation_no_reward_scale,1940,81,20,P20,81,1.920833333333334e-05,4.845253606617916e-05,22969.0,22692.0,55.32995843887329,4.437808036804199,59.76776647567749,22226.0,22797.85185185185
ablation_no_reward_scale,1941,81,21,P21,81,1.9166666666666667e-05,-0.003420640784315765,23544.0,23596.0,59.2054340839386,4.690301418304443,63.89573550224304,23381.0,23881.333333333332
ablation_no_reward_scale,1942,81,22,P22,81,1.9125000000000004e-05,0.0025335062586236746,23403.0,23412.0,57.58347272872925,4.625886678695679,62.20935940742493,22997.0,23544.913580246914
ablation_no_reward_scale,1943,81,23,P23,81,1.908333333333333e-05,-0.0005430353600266764,32346.0,32043.0,74.16192173957825,6.243758678436279,80.40568041801453,31857.0,34167.543209876545
ablation_no_reward_scale,1944,81,24,P24,81,1.9041666666666668e-05,-0.00028803896202589385,23804.0,24033.0,51.97614789009094,4.230500936508179,56.20664882659912,23620.0,24226.95061728395
ablation_no_reward_scale,1945,82,1,P1,82,1.8999999999999994e-05,0.008252757834270597,6164.0,6304.0,11.9571533203125,0.8086614608764648,12.765814781188965,6012.0,6315.304878048781
ablation_no_reward_scale,1946,82,2,P2,82,1.8958333333333334e-05,-0.0003587246369534114,8325.0,8215.0,15.298622846603394,1.020906925201416,16.31952977180481,8215.0,8560.59756097561
ablation_no_reward_scale,1947,82,3,P3,82,1.891666666666667e-05,0.00523564858303871,6102.0,5994.0,11.14224100112915,0.7594039440155029,11.901644945144653,5877.0,6569.1463414634145
ablation_no_reward_scale,1948,82,4,P4,82,1.8874999999999998e-05,0.00471803976688534,3715.0,3738.0,8.734198808670044,0.604262113571167,9.338460922241211,3699.0,3825.878048780488
ablation_no_reward_scale,1949,82,5,P5,82,1.8833333333333335e-05,0.0006657918565906584,4297.0,4297.0,9.596085548400879,0.6400911808013916,10.23617672920227,4217.0,4343.890243902439
ablation_no_reward_scale,1950,82,6,P6,82,1.879166666666666e-05,-0.0029578289831988513,4002.0,3992.0,9.948237895965576,0.6661684513092041,10.61440634727478,3935.0,4092.0
ablation_no_reward_scale,1951,82,7,P7,82,1.8750000000000002e-05,-0.009828153415583074,5760.0,5710.0,14.878602027893066,0.9960806369781494,15.874682664871216,5680.0,5958.878048780488
ablation_no_reward_scale,1952,82,8,P8,82,1.870833333333334e-05,-0.0009521484917058842,5627.0,5607.0,13.286149978637695,0.8883075714111328,14.174457550048828,5597.0,5893.158536585366
ablation_no_reward_scale,1953,82,9,P9,82,1.8666666666666665e-05,0.002185673831263557,5347.0,5417.0,12.433494329452515,0.8532004356384277,13.286694765090942,5347.0,5628.292682926829
ablation_no_reward_scale,1954,82,10,P10,82,1.8625000000000002e-05,-0.010623941663652658,5505.0,5505.0,7.853555202484131,0.5180904865264893,8.37164568901062,5443.0,5626.780487804878
ablation_no_reward_scale,1955,82,11,P11,82,1.858333333333333e-05,-0.004897485865512863,11434.0,11434.0,15.250772476196289,1.032062292098999,16.282834768295288,11389.0,11506.207317073171
ablation_no_reward_scale,1956,82,12,P12,82,1.854166666666667e-05,0.006217045651283115,11883.0,11890.0,18.124033451080322,1.2384614944458008,19.362494945526123,11695.0,12165.329268292682
ablation_no_reward_scale,1957,82,13,P13,82,1.8500000000000006e-05,0.0011980884410149883,19692.0,19584.0,42.61407208442688,3.3674144744873047,45.981486558914185,19425.0,19985.682926829268
ablation_no_reward_scale,1958,82,14,P14,82,1.8458333333333333e-05,-0.001611956860870123,21844.0,21831.0,41.623783111572266,3.118316411972046,44.74209952354431,21776.0,22345.39024390244
ablation_no_reward_scale,1959,82,15,P15,82,1.841666666666667e-05,0.002685765801288653,20459.0,20286.0,42.17796802520752,3.2511520385742188,45.42912006378174,19951.0,20417.69512195122
ablation_no_reward_scale,1960,82,16,P16,82,1.8375e-05,-0.0008832952884404221,20478.0,20599.0,53.51984119415283,4.295162200927734,57.815003395080566,20379.0,20907.256097560974
ablation_no_reward_scale,1961,82,17,P17,82,1.8333333333333336e-05,0.001200226374749036,20840.0,20916.0,53.676894187927246,4.253085136413574,57.92997932434082,20710.0,21365.256097560974
ablation_no_reward_scale,1962,82,18,P18,82,1.8291666666666663e-05,-0.0015402852586703375,20476.0,20505.0,50.43344449996948,3.952986240386963,54.386430740356445,20275.0,20704.853658536584
ablation_no_reward_scale,1963,82,19,P19,82,1.825e-05,0.0027183768281247465,23379.0,22905.0,52.661959409713745,4.148068428039551,56.810027837753296,22905.0,23765.853658536584
ablation_no_reward_scale,1964,82,20,P20,82,1.820833333333334e-05,-0.002557043940760195,22652.0,22992.0,55.968061685562134,4.437978744506836,60.40604043006897,22226.0,22800.219512195123
ablation_no_reward_scale,1965,82,21,P21,82,1.8166666666666667e-05,-0.0011917882060515695,23614.0,23575.0,56.50227332115173,4.492470741271973,60.994744062423706,23381.0,23877.59756097561
ablation_no_reward_scale,1966,82,22,P22,82,1.8125000000000003e-05,0.0018459730315953493,23539.0,23461.0,57.728869915008545,4.882936239242554,62.6118061542511,22997.0,23543.89024390244
ablation_no_reward_scale,1967,82,23,P23,82,1.808333333333333e-05,-0.0011511464241006511,32255.0,32073.0,76.74056053161621,6.117837429046631,82.85839796066284,31857.0,34142.0
ablation_no_reward_scale,1968,82,24,P24,82,1.8041666666666667e-05,-3.353686279297108e-05,23780.0,23960.0,52.23071026802063,4.291366815567017,56.52207708358765,23620.0,24223.69512195122
ablation_no_reward_scale,1969,83,1,P1,83,1.8000000000000007e-05,0.011642098310403526,6206.0,6164.0,12.354296684265137,0.8125905990600586,13.166887283325195,6012.0,6313.481927710844
ablation_no_reward_scale,1970,83,2,P2,83,1.7958333333333334e-05,-0.004244619165547192,8337.0,8324.0,15.654094457626343,1.0581417083740234,16.712236166000366,8215.0,8557.746987951807
ablation_no_reward_scale,1971,83,3,P3,83,1.791666666666667e-05,0.0044746062776539475,6102.0,6102.0,10.970255374908447,0.7670078277587891,11.737263202667236,5877.0,6563.518072289156
ablation_no_reward_scale,1972,83,4,P4,83,1.7874999999999997e-05,0.004456286202184856,3732.0,3704.0,8.838711500167847,0.5962677001953125,9.43497920036316,3699.0,3824.409638554217
ablation_no_reward_scale,1973,83,5,P5,83,1.7833333333333334e-05,-0.0006993769929977134,4297.0,4297.0,9.742360591888428,0.6330001354217529,10.37536072731018,4217.0,4343.325301204819
ablation_no_reward_scale,1974,83,6,P6,83,1.779166666666666e-05,-0.006860528024844825,3980.0,3992.0,10.048167943954468,0.7084507942199707,10.756618738174438,3935.0,4090.7951807228915
ablation_no_reward_scale,1975,83,7,P7,83,1.775e-05,-0.01147079246584326,5760.0,5710.0,14.974343299865723,0.9457230567932129,15.920066356658936,5680.0,5955.879518072289
ablation_no_reward_scale,1976,83,8,P8,83,1.7708333333333338e-05,-0.0035206452012062073,5587.0,5597.0,12.546992301940918,0.8349745273590088,13.381966829299927,5597.0,5889.590361445783
ablation_no_reward_scale,1977,83,9,P9,83,1.7666666666666665e-05,0.010148521629162133,5407.0,5417.0,11.806705474853516,0.7835488319396973,12.590254306793213,5347.0,5625.746987951808
ablation_no_reward_scale,1978,83,10,P10,83,1.7625e-05,-0.005819850019179285,5557.0,5567.0,7.423241138458252,0.507030725479126,7.930271863937378,5443.0,5626.060240963855
ablation_no_reward_scale,1979,83,11,P11,83,1.7583333333333328e-05,-0.0053002900967840105,11389.0,11434.0,14.541745662689209,1.007270097732544,15.549015760421753,11389.0,11505.33734939759
ablation_no_reward_scale,1980,83,12,P12,83,1.754166666666667e-05,-0.003467467671725899,11840.0,11765.0,17.128192901611328,1.17238450050354,18.300577402114868,11695.0,12160.506024096385
ablation_no_reward_scale,1981,83,13,P13,83,1.7500000000000005e-05,-0.0005921488605054037,19667.0,19385.0,40.584415674209595,3.3345518112182617,43.918967485427856,19385.0,19978.44578313253
ablation_no_reward_scale,1982,83,14,P14,83,1.7458333333333332e-05,0.0017112249552155845,22039.0,21853.0,41.75443696975708,3.2142863273620605,44.96872329711914,21776.0,22339.4578313253
ablation_no_reward_scale,1983,83,15,P15,83,1.741666666666667e-05,-0.000217463728859002,20366.0,20455.0,42.97760462760925,3.3442461490631104,46.32185077667236,19951.0,20418.14457831325
ablation_no_reward_scale,1984,83,16,P16,83,1.7374999999999995e-05,0.0011263589913141914,20692.0,20607.0,53.325798749923706,4.179956912994385,57.50575566291809,20379.0,20903.63855421687
ablation_no_reward_scale,1985,83,17,P17,83,1.7333333333333336e-05,-0.00031826813210500404,20837.0,20980.0,53.583735704422,4.079198122024536,57.66293382644653,20710.0,21360.614457831325
ablation_no_reward_scale,1986,83,18,P18,83,1.7291666666666672e-05,-0.0010647404145856854,20460.0,20512.0,50.14825415611267,3.8526504039764404,54.00090456008911,20275.0,20702.530120481926
ablation_no_reward_scale,1987,83,19,P19,83,1.725e-05,0.002827966067707166,23391.0,22968.0,49.73590135574341,4.019014596939087,53.754915952682495,22905.0,23756.24096385542
ablation_no_reward_scale,1988,83,20,P20,83,1.7208333333333336e-05,-0.0008808224571112078,23086.0,22667.0,54.34755039215088,4.705627679824829,59.05317807197571,22226.0,22798.614457831325
ablation_no_reward_scale,1989,83,21,P21,83,1.7166666666666663e-05,-0.0033105207956396045,23609.0,23491.0,57.76266264915466,4.594842910766602,62.357505559921265,23381.0,23872.939759036144
ablation_no_reward_scale,1990,83,22,P22,83,1.7125000000000003e-05,0.001566301293496508,23418.0,23448.0,56.642317056655884,4.809624195098877,61.45194125175476,22997.0,23542.734939759037
ablation_no_reward_scale,1991,83,23,P23,83,1.708333333333333e-05,-0.00023871240500739077,32130.0,32083.0,77.1546368598938,6.43673849105835,83.59137535095215,31857.0,34117.19277108434
ablation_no_reward_scale,1992,83,24,P24,83,1.7041666666666666e-05,0.0007885811362939421,23905.0,23800.0,51.29870629310608,4.071055173873901,55.36976146697998,23620.0,24218.590361445782
ablation_no_reward_scale,1993,84,1,P1,84,1.7000000000000003e-05,0.008310985809657723,6164.0,6164.0,11.891934633255005,0.8127505779266357,12.70468521118164,6012.0,6311.702380952381
ablation_no_reward_scale,1994,84,2,P2,84,1.6958333333333333e-05,-0.0011245707974012475,8324.0,8280.0,15.232848882675171,0.9955594539642334,16.228408336639404,8215.0,8554.440476190477
ablation_no_reward_scale,1995,84,3,P3,84,1.691666666666667e-05,0.00732191585120745,6091.0,5991.0,10.774663925170898,0.7312736511230469,11.505937576293945,5877.0,6556.702380952381
ablation_no_reward_scale,1996,84,4,P4,84,1.6874999999999997e-05,0.004093930474482477,3732.0,3704.0,8.286989212036133,0.5607221126556396,8.847711324691772,3699.0,3822.9761904761904
ablation_no_reward_scale,1997,84,5,P5,84,1.6833333333333334e-05,-0.0021614484721794724,4262.0,4307.0,10.004317283630371,0.6480777263641357,10.652395009994507,4217.0,4342.892857142857
ablation_no_reward_scale,1998,84,6,P6,84,1.6791666666666674e-05,-0.006071452749893069,3990.0,3980.0,9.626225233078003,0.6398749351501465,10.26610016822815,3935.0,4089.4761904761904
ablation_no_reward_scale,1999,84,7,P7,84,1.675e-05,-0.01522011449560523,5681.0,5681.0,14.690773248672485,0.9744408130645752,15.66521406173706,5680.0,5952.607142857143
ablation_no_reward_scale,2000,84,8,P8,84,1.6708333333333337e-05,-0.0012057704079779796,5657.0,5687.0,12.889129161834717,0.9094533920288086,13.798582553863525,5597.0,5887.178571428572
ablation_no_reward_scale,2001,84,9,P9,84,1.6666666666666664e-05,0.00806551455752924,5417.0,5477.0,12.019374370574951,0.7869579792022705,12.806332349777222,5347.0,5623.976190476191
ablation_no_reward_scale,2002,84,10,P10,84,1.6625e-05,-0.00973850698210299,5555.0,5567.0,7.44951605796814,0.5076887607574463,7.957204818725586,5443.0,5625.357142857143
ablation_no_reward_scale,2003,84,11,P11,84,1.658333333333334e-05,-0.002774533786578104,11434.0,11434.0,14.481927394866943,0.9881339073181152,15.470061302185059,11389.0,11504.488095238095
ablation_no_reward_scale,2004,84,12,P12,84,1.6541666666666668e-05,-0.001540786550322082,11890.0,11808.0,17.577634572982788,1.1737639904022217,18.75139856338501,11695.0,12156.309523809523
ablation_no_reward_scale,2005,84,13,P13,84,1.6500000000000005e-05,-0.0013224785352576873,19513.0,19541.0,40.22571086883545,3.095304489135742,43.32101535797119,19385.0,19973.238095238095
ablation_no_reward_scale,2006,84,14,P14,84,1.645833333333333e-05,0.0016985145230137277,22025.0,21995.0,40.81983923912048,3.170961380004883,43.990800619125366,21776.0,22335.35714285714
ablation_no_reward_scale,2007,84,15,P15,84,1.6416666666666668e-05,0.0005380471652642882,20455.0,20250.0,42.15556740760803,3.2627944946289062,45.41836190223694,19951.0,20416.14285714286
ablation_no_reward_scale,2008,84,16,P16,84,1.6374999999999995e-05,-0.0015298633225029334,20484.0,20642.0,52.60037970542908,4.074375629425049,56.674755334854126,20379.0,20900.52380952381
ablation_no_reward_scale,2009,84,17,P17,84,1.6333333333333335e-05,0.001985962298931554,20930.0,20819.0,52.20107364654541,4.089976072311401,56.29104971885681,20710.0,21354.166666666668
ablation_no_reward_scale,2010,84,18,P18,84,1.6291666666666672e-05,-0.002538245846517384,20350.0,20413.0,48.249398708343506,4.058085680007935,52.30748438835144,20275.0,20699.083333333332
ablation_no_reward_scale,2011,84,19,P19,84,1.625e-05,0.0037142329616472124,23320.0,23102.0,50.50014781951904,4.05844521522522,54.55859303474426,22905.0,23748.45238095238
ablation_no_reward_scale,2012,84,20,P20,84,1.6208333333333335e-05,-0.0019469875638606026,22725.0,22573.0,53.29012846946716,4.380261421203613,57.670389890670776,22226.0,22795.928571428572
ablation_no_reward_scale,2013,84,21,P21,84,1.6166666666666662e-05,-0.0012679217907134444,23678.0,23483.0,56.743008613586426,4.566042423248291,61.30905103683472,23381.0,23868.29761904762
ablation_no_reward_scale,2014,84,22,P22,84,1.6125000000000002e-05,0.0009450983234273735,23491.0,23296.0,58.02249717712402,4.661412000656128,62.68390917778015,22997.0,23539.79761904762
ablation_no_reward_scale,2015,84,23,P23,84,1.608333333333334e-05,-0.00023638138717225438,32110.0,32090.0,73.75873184204102,5.993246793746948,79.75197863578796,31857.0,34093.05952380953
ablation_no_reward_scale,2016,84,24,P24,84,1.6041666666666666e-05,0.00021433982637972804,23901.0,23773.0,52.0717933177948,4.488238573074341,56.56003189086914,23620.0,24213.285714285714
ablation_no_reward_scale,2017,85,1,P1,85,1.6000000000000003e-05,0.007018956355750561,6133.0,6164.0,11.727098226547241,0.8012540340423584,12.5283522605896,6012.0,6309.964705882353
ablation_no_reward_scale,2018,85,2,P2,85,1.595833333333333e-05,-0.0052852401859126985,8150.0,8337.0,14.92616057395935,1.0128602981567383,15.939020872116089,8215.0,8551.882352941177
ablation_no_reward_scale,2019,85,3,P3,85,1.591666666666667e-05,0.011423598043620586,6102.0,6102.0,10.780197143554688,0.735436201095581,11.515633344650269,5877.0,6551.35294117647
ablation_no_reward_scale,2020,85,4,P4,85,1.5874999999999996e-05,0.008544809883460402,3738.0,3738.0,8.41269063949585,0.5774140357971191,8.990104675292969,3699.0,3821.9764705882353
ablation_no_reward_scale,2021,85,5,P5,85,1.5833333333333333e-05,0.0014049455639906228,4272.0,4307.0,9.310402393341064,0.6173903942108154,9.92779278755188,4217.0,4342.470588235294
ablation_no_reward_scale,2022,85,6,P6,85,1.579166666666667e-05,-0.0011146327015012503,4047.0,3980.0,9.47931456565857,0.6607234477996826,10.140038013458252,3935.0,4088.1882352941175
ablation_no_reward_scale,2023,85,7,P7,85,1.5749999999999997e-05,-0.013955254922620952,5690.0,5681.0,14.264848232269287,0.9587199687957764,15.223568201065063,5680.0,5949.411764705882
ablation_no_reward_scale,2024,85,8,P8,85,1.5708333333333337e-05,-0.005905230267671868,5607.0,5687.0,12.488858938217163,0.8701634407043457,13.359022378921509,5597.0,5884.823529411765
ablation_no_reward_scale,2025,85,9,P9,85,1.5666666666666663e-05,0.006832212558947504,5397.0,5377.0,12.208569288253784,0.810758113861084,13.019327402114868,5347.0,5621.070588235294
ablation_no_reward_scale,2026,85,10,P10,85,1.5625e-05,-0.005903767421841621,5555.0,5567.0,7.808530330657959,0.5459120273590088,8.354442358016968,5443.0,5624.670588235294
ablation_no_reward_scale,2027,85,11,P11,85,1.5583333333333337e-05,-0.004263876297045499,11389.0,11434.0,14.731114864349365,1.0048346519470215,15.735949516296387,11389.0,11503.658823529411
ablation_no_reward_scale,2028,85,12,P12,85,1.5541666666666664e-05,-0.004603758861776441,11775.0,11890.0,17.967098474502563,1.2394182682037354,19.2065167427063,11695.0,12153.176470588236
ablation_no_reward_scale,2029,85,13,P13,85,1.5500000000000004e-05,-0.0001963612683084648,19566.0,19475.0,41.392332553863525,3.306213140487671,44.698545694351196,19385.0,19967.376470588235
ablation_no_reward_scale,2030,85,14,P14,85,1.545833333333333e-05,0.0015720992923888844,21845.0,22001.0,41.8096444606781,3.1716983318328857,44.981342792510986,21776.0,22331.423529411764
ablation_no_reward_scale,2031,85,15,P15,85,1.5416666666666668e-05,-0.00035243374532001326,20259.0,20403.0,42.67451548576355,3.2564609050750732,45.93097639083862,19951.0,20415.988235294117
ablation_no_reward_scale,2032,85,16,P16,85,1.5375000000000004e-05,-2.7626654627965763e-05,20454.0,20647.0,52.30788803100586,4.340725898742676,56.648613929748535,20379.0,20897.54117647059
ablation_no_reward_scale,2033,85,17,P17,85,1.5333333333333334e-05,0.0008923330969992094,20858.0,20765.0,53.30199384689331,4.290163516998291,57.5921573638916,20710.0,21347.235294117647
ablation_no_reward_scale,2034,85,18,P18,85,1.529166666666667e-05,-0.0009802008215046953,20511.0,20603.0,49.63333320617676,3.8645455837249756,53.49787878990173,20275.0,20697.95294117647
ablation_no_reward_scale,2035,85,19,P19,85,1.5249999999999998e-05,0.0010016251664637821,22924.0,23181.0,51.546377182006836,4.180122375488281,55.72649955749512,22905.0,23741.776470588236
ablation_no_reward_scale,2036,85,20,P20,85,1.5208333333333335e-05,-0.00040043343651632315,22591.0,22630.0,54.98565697669983,4.5478668212890625,59.53352379798889,22226.0,22793.976470588233
ablation_no_reward_scale,2037,85,21,P21,85,1.5166666666666663e-05,-0.0013315137548488565,23538.0,23491.0,57.55241417884827,4.627448320388794,62.17986249923706,23381.0,23863.858823529412
ablation_no_reward_scale,2038,85,22,P22,85,1.5125e-05,0.001234513746749144,23396.0,23364.0,56.08872723579407,4.749776124954224,60.83850336074829,22997.0,23537.729411764707
ablation_no_reward_scale,2039,85,23,P23,85,1.5083333333333339e-05,0.00040102974903025564,32263.0,32154.0,76.46613812446594,6.247885704040527,82.71402382850647,31857.0,34070.24705882353
ablation_no_reward_scale,2040,85,24,P24,85,1.5041666666666665e-05,0.0003140362130579888,23928.0,23764.0,51.28036689758301,4.151552677154541,55.43191957473755,23620.0,24208.0
ablation_no_reward_scale,2041,86,1,P1,86,1.5000000000000004e-05,0.010815378394909203,6206.0,6304.0,12.190032005310059,0.8306398391723633,13.020671844482422,6012.0,6309.895348837209
ablation_no_reward_scale,2042,86,2,P2,86,1.495833333333333e-05,-0.001026207159156911,8337.0,8280.0,15.860430479049683,1.1251156330108643,16.985546112060547,8215.0,8548.720930232557
ablation_no_reward_scale,2043,86,3,P3,86,1.4916666666666667e-05,0.005721761495806277,6091.0,6102.0,11.222909688949585,0.7457094192504883,11.968619108200073,5877.0,6546.127906976744
ablation_no_reward_scale,2044,86,4,P4,86,1.4875000000000006e-05,0.002260238747112453,3738.0,3738.0,8.790986061096191,0.6089005470275879,9.39988660812378,3699.0,3821.0
ablation_no_reward_scale,2045,86,5,P5,86,1.4833333333333332e-05,0.0021417694515548646,4307.0,4307.0,9.636479377746582,0.633453369140625,10.269932746887207,4217.0,4342.058139534884
ablation_no_reward_scale,2046,86,6,P6,86,1.4791666666666671e-05,-0.005360099952667952,3977.0,3980.0,10.050410509109497,0.6558687686920166,10.706279277801514,3935.0,4086.9302325581393
ablation_no_reward_scale,2047,86,7,P7,86,1.4749999999999998e-05,-0.010725767235271633,5710.0,5690.0,14.880147695541382,1.028731346130371,15.908879041671753,5680.0,5946.395348837209
ablation_no_reward_scale,2048,86,8,P8,86,1.4708333333333335e-05,-0.0024480734718963504,5637.0,5607.0,13.30821967124939,0.8709542751312256,14.179173946380615,5597.0,5881.593023255814
ablation_no_reward_scale,2049,86,9,P9,86,1.4666666666666661e-05,0.0044121117680333555,5444.0,5398.0,12.102086782455444,0.8074700832366943,12.909556865692139,5347.0,5618.476744186047
ablation_no_reward_scale,2050,86,10,P10,86,1.4625e-05,-0.00982875912450254,5567.0,5555.0,7.622181415557861,0.5147383213043213,8.136919736862183,5443.0,5623.860465116279
ablation_no_reward_scale,2051,86,11,P11,86,1.4583333333333338e-05,-0.0037639432994183153,11434.0,11434.0,14.387791633605957,0.9830121994018555,15.370803833007812,11389.0,11502.848837209302
ablation_no_reward_scale,2052,86,12,P12,86,1.4541666666666665e-05,-0.004930053721182048,11695.0,11790.0,17.479007244110107,1.1807901859283447,18.659797430038452,11695.0,12148.953488372093
ablation_no_reward_scale,2053,86,13,P13,86,1.4500000000000002e-05,0.00167521755429334,19795.0,19495.0,41.01691150665283,3.210533857345581,44.22744536399841,19385.0,19961.883720930233
ablation_no_reward_scale,2054,86,14,P14,86,1.4458333333333328e-05,0.0006661344709755213,21876.0,22035.0,42.181867361068726,3.372013807296753,45.55388116836548,21776.0,22327.976744186046
ablation_no_reward_scale,2055,86,15,P15,86,1.4416666666666667e-05,-0.00012762851747538662,20241.0,20308.0,43.7263867855072,3.4099555015563965,47.1363422870636,19951.0,20414.732558139534
ablation_no_reward_scale,2056,86,16,P16,86,1.4375000000000006e-05,0.0004232455296005355,20566.0,20525.0,53.75695538520813,4.243876934051514,58.000832319259644,20379.0,20893.20930232558
ablation_no_reward_scale,2057,86,17,P17,86,1.4333333333333332e-05,2.295028225489659e-05,20805.0,20903.0,54.808204650878906,4.220590114593506,59.02879476547241,20710.0,21342.06976744186
ablation_no_reward_scale,2058,86,18,P18,86,1.4291666666666669e-05,-0.0009660225885454565,20427.0,20396.0,50.49917721748352,3.8407537937164307,54.33993101119995,20275.0,20694.441860465115
ablation_no_reward_scale,2059,86,19,P19,86,1.4249999999999997e-05,0.0025293668324593453,23272.0,23195.0,50.195655822753906,4.091275453567505,54.28693127632141,22905.0,23735.418604651164
ablation_no_reward_scale,2060,86,20,P20,86,1.4208333333333334e-05,-0.0009024910996231483,22842.0,22664.0,54.18050789833069,4.462881565093994,58.64338946342468,22226.0,22792.46511627907
ablation_no_reward_scale,2061,86,21,P21,86,1.4166666666666673e-05,-0.0019519375113304705,23538.0,23483.0,57.887306928634644,4.708037853240967,62.59534478187561,23381.0,23859.43023255814
ablation_no_reward_scale,2062,86,22,P22,86,1.4125e-05,0.0010587106280581793,23373.0,23449.0,57.39987635612488,4.732957601547241,62.13283395767212,22997.0,23536.697674418603
ablation_no_reward_scale,2063,86,23,P23,86,1.4083333333333338e-05,0.0006220750884884703,32221.0,32182.0,77.72501373291016,6.252016067504883,83.97702980041504,31857.0,34048.29069767442
ablation_no_reward_scale,2064,86,24,P24,86,1.4041666666666665e-05,-0.000768722323118709,23744.0,23908.0,51.922274589538574,4.19304084777832,56.115315437316895,23620.0,24204.511627906977
ablation_no_reward_scale,2065,87,1,P1,87,1.4000000000000001e-05,0.007464534544851631,6164.0,6304.0,11.75426697731018,0.804335355758667,12.558602333068848,6012.0,6309.827586206897
ablation_no_reward_scale,2066,87,2,P2,87,1.3958333333333328e-05,0.003992537793237716,8494.0,8280.0,15.080384016036987,1.0113916397094727,16.09177565574646,8215.0,8545.632183908046
ablation_no_reward_scale,2067,87,3,P3,87,1.3916666666666667e-05,0.003982594003900886,6102.0,6089.0,10.827861547470093,0.7334990501403809,11.561360597610474,5877.0,6540.873563218391
ablation_no_reward_scale,2068,87,4,P4,87,1.3875000000000005e-05,0.004504713113419712,3738.0,3738.0,8.306453943252563,0.5899937152862549,8.896447658538818,3699.0,3820.0459770114944
ablation_no_reward_scale,2069,87,5,P5,87,1.3833333333333332e-05,0.0018704177346080542,4287.0,4307.0,9.169763565063477,0.6444113254547119,9.814174890518188,4217.0,4341.6551724137935
ablation_no_reward_scale,2070,87,6,P6,87,1.3791666666666669e-05,-0.0036641897168010473,3977.0,3980.0,9.517292499542236,0.6440224647521973,10.161314964294434,3935.0,4085.7011494252874
ablation_no_reward_scale,2071,87,7,P7,87,1.3749999999999995e-05,-0.01104109431616962,5690.0,5690.0,14.209766626358032,0.9445903301239014,15.154356956481934,5680.0,5943.448275862069
ablation_no_reward_scale,2072,87,8,P8,87,1.3708333333333334e-05,-0.0018604164724820293,5607.0,5607.0,12.784482479095459,0.9030208587646484,13.687503337860107,5597.0,5878.436781609195
ablation_no_reward_scale,2073,87,9,P9,87,1.3666666666666672e-05,0.006587722920812666,5387.0,5357.0,11.983228206634521,0.7888624668121338,12.772090673446655,5347.0,5615.471264367816
ablation_no_reward_scale,2074,87,10,P10,87,1.3624999999999999e-05,-0.0027018581749871373,5588.0,5555.0,7.471097946166992,0.5025088787078857,7.973606824874878,5443.0,5623.068965517241
ablation_no_reward_scale,2075,87,11,P11,87,1.3583333333333336e-05,-0.005454428901430219,11434.0,11434.0,14.800317764282227,0.9707932472229004,15.771111011505127,11389.0,11502.057471264368
ablation_no_reward_scale,2076,87,12,P12,87,1.3541666666666664e-05,-0.006348990136757493,11745.0,11808.0,17.565808534622192,1.222883939743042,18.788692474365234,11695.0,12145.034482758621
ablation_no_reward_scale,2077,87,13,P13,87,1.3500000000000001e-05,-0.0014991213283792604,19502.0,19477.0,41.64293456077576,3.265105962753296,44.90804052352905,19385.0,19956.310344827587
ablation_no_reward_scale,2078,87,14,P14,87,1.345833333333334e-05,0.0020077158987987787,21825.0,22001.0,42.76749324798584,3.270409107208252,46.03790235519409,21776.0,22324.2183908046
ablation_no_reward_scale,2079,87,15,P15,87,1.3416666666666666e-05,0.0014261642791097984,20397.0,20455.0,44.61973214149475,3.356902599334717,47.97663474082947,19951.0,20415.19540229885
ablation_no_reward_scale,2080,87,16,P16,87,1.3375000000000005e-05,-0.0007392129124127678,20671.0,20502.0,54.076653480529785,4.142757177352905,58.21941065788269,20379.0,20888.712643678162
ablation_no_reward_scale,2081,87,17,P17,87,1.3333333333333332e-05,0.0006388361325662117,21021.0,20725.0,52.500163555145264,4.100938558578491,56.601102113723755,20710.0,21334.97701149425
ablation_no_reward_scale,2082,87,18,P18,87,1.3291666666666668e-05,-0.0009701312344986945,20548.0,20485.0,48.29347825050354,3.996689558029175,52.290167808532715,20275.0,20692.03448275862
ablation_no_reward_scale,2083,87,19,P19,87,1.3249999999999995e-05,0.0016161580766492988,23218.0,23206.0,51.163654804229736,4.278919696807861,55.4425745010376,22905.0,23729.333333333332
ablation_no_reward_scale,2084,87,20,P20,87,1.3208333333333334e-05,-0.0011316031399474014,22701.0,22775.0,55.30978965759277,4.5769548416137695,59.88674449920654,22226.0,22792.264367816093
ablation_no_reward_scale,2085,87,21,P21,87,1.3166666666666672e-05,-0.0014446243119891732,23579.0,23549.0,58.162325620651245,4.67367959022522,62.836005210876465,23381.0,23855.862068965518
ablation_no_reward_scale,2086,87,22,P22,87,1.3124999999999999e-05,0.002133480820339173,23649.0,23325.0,57.99895000457764,4.760151386260986,62.75910139083862,22997.0,23534.264367816093
ablation_no_reward_scale,2087,87,23,P23,87,1.3083333333333336e-05,-0.0007459530939481088,32241.0,32054.0,75.253000497818,6.024033069610596,81.27703356742859,31857.0,34025.36781609195
ablation_no_reward_scale,2088,87,24,P24,87,1.3041666666666662e-05,-2.164862489735242e-05,23890.0,23798.0,51.775493144989014,4.465367794036865,56.24086093902588,23620.0,24199.83908045977
ablation_no_reward_scale,2089,88,1,P1,88,1.3000000000000001e-05,0.007766876602545381,6164.0,6304.0,11.914041519165039,0.7888033390045166,12.702844858169556,6012.0,6309.761363636364
ablation_no_reward_scale,2090,88,2,P2,88,1.295833333333334e-05,0.00024810853756207507,8324.0,8337.0,15.026755571365356,1.0202231407165527,16.04697871208191,8215.0,8543.261363636364
ablation_no_reward_scale,2091,88,3,P3,88,1.2916666666666666e-05,0.002667781474883668,6078.0,6102.0,10.827374935150146,0.7295193672180176,11.556894302368164,5877.0,6535.886363636364
ablation_no_reward_scale,2092,88,4,P4,88,1.2875000000000003e-05,0.0035603834548965096,3704.0,3738.0,8.419949769973755,0.5691790580749512,8.989128828048706,3699.0,3819.1136363636365
ablation_no_reward_scale,2093,88,5,P5,88,1.2833333333333331e-05,0.0018458983104210347,4262.0,4307.0,9.28859543800354,0.6589851379394531,9.947580575942993,4217.0,4341.261363636364
ablation_no_reward_scale,2094,88,6,P6,88,1.2791666666666668e-05,0.00019646740838652477,3982.0,3980.0,9.693991661071777,0.6478526592254639,10.341844320297241,3935.0,4084.5
ablation_no_reward_scale,2095,88,7,P7,88,1.2749999999999995e-05,-0.005556492484174669,5680.0,5690.0,14.389439582824707,0.9556145668029785,15.345054149627686,5680.0,5940.568181818182
ablation_no_reward_scale,2096,88,8,P8,88,1.2708333333333333e-05,-0.0002446759103804652,5627.0,5647.0,12.658569574356079,0.8507139682769775,13.509283542633057,5597.0,5875.806818181818
ablation_no_reward_scale,2097,88,9,P9,88,1.2666666666666672e-05,0.00814812385942787,5467.0,5477.0,11.981827974319458,0.8035728931427002,12.785400867462158,5347.0,5613.897727272727
ablation_no_reward_scale,2098,88,10,P10,88,1.2624999999999999e-05,-0.007307468098588288,5567.0,5567.0,7.6410298347473145,0.5106451511383057,8.15167498588562,5443.0,5622.431818181818
ablation_no_reward_scale,2099,88,11,P11,88,1.2583333333333335e-05,-0.005830327281728387,11434.0,11434.0,14.762531518936157,1.0212078094482422,15.7837393283844,11389.0,11501.28409090909
ablation_no_reward_scale,2100,88,12,P12,88,1.2541666666666662e-05,-0.007802403881214559,11664.0,11890.0,17.644600868225098,1.2165782451629639,18.86117911338806,11695.0,12142.136363636364
ablation_no_reward_scale,2101,88,13,P13,88,1.25e-05,-0.0022223522391868755,19527.0,19564.0,41.729588747024536,3.246340751647949,44.975929498672485,19385.0,19951.852272727272
ablation_no_reward_scale,2102,88,14,P14,88,1.2458333333333339e-05,0.002871895529096946,21942.0,21800.0,41.988261461257935,3.169879913330078,45.15814137458801,21776.0,22318.261363636364
ablation_no_reward_scale,2103,88,15,P15,88,1.2416666666666666e-05,0.0001852443898542333,20271.0,20500.0,42.559924364089966,3.227783441543579,45.787707805633545,19951.0,20416.159090909092
ablation_no_reward_scale,2104,88,16,P16,88,1.2375000000000003e-05,0.00036888972426822874,20647.0,20625.0,51.12324643135071,4.32869815826416,55.45194458961487,20379.0,20885.715909090908
ablation_no_reward_scale,2105,88,17,P17,88,1.233333333333333e-05,0.00035438969953247577,20869.0,20863.0,53.042699337005615,4.132911205291748,57.17561054229736,20710.0,21329.613636363636
ablation_no_reward_scale,2106,88,18,P18,88,1.2291666666666668e-05,-0.0013990171704790556,20529.0,20533.0,48.33285713195801,3.8029823303222656,52.13583946228027,20275.0,20690.227272727272
ablation_no_reward_scale,2107,88,19,P19,88,1.2250000000000006e-05,0.0022269138833507897,23156.0,23019.0,51.98003005981445,4.195993661880493,56.176023721694946,22905.0,23721.261363636364
ablation_no_reward_scale,2108,88,20,P20,88,1.2208333333333333e-05,-0.00048722649225965144,22918.0,22750.0,55.40891194343567,4.605141878128052,60.01405382156372,22226.0,22791.784090909092
ablation_no_reward_scale,2109,88,21,P21,88,1.216666666666667e-05,-0.0015503842805628665,23717.0,23599.0,57.272762298583984,4.639626502990723,61.91238880157471,23381.0,23852.94318181818
ablation_no_reward_scale,2110,88,22,P22,88,1.2124999999999998e-05,0.0005106900140162907,23477.0,23328.0,56.70526647567749,4.854427099227905,61.559693574905396,22997.0,23531.920454545456
ablation_no_reward_scale,2111,88,23,P23,88,1.2083333333333335e-05,0.0003945644826412068,32348.0,32140.0,76.07490754127502,6.111605167388916,82.18651270866394,31857.0,34003.943181818184
ablation_no_reward_scale,2112,88,24,P24,88,1.2041666666666662e-05,0.00017982093413593248,23952.0,23731.0,51.230390548706055,4.296875953674316,55.52726650238037,23620.0,24194.511363636364
ablation_no_reward_scale,2113,89,1,P1,89,1.2e-05,0.0057793833839241415,6164.0,6304.0,11.995129585266113,0.820695161819458,12.815824747085571,6012.0,6309.696629213483
ablation_no_reward_scale,2114,89,2,P2,89,1.1958333333333339e-05,0.0013558970822487026,8324.0,8337.0,15.50299620628357,1.0516357421875,16.55463194847107,8215.0,8540.943820224718
ablation_no_reward_scale,2115,89,3,P3,89,1.1916666666666666e-05,0.008213240827899426,6091.0,5991.0,11.293315649032593,0.7703654766082764,12.06368112564087,5877.0,6529.76404494382
ablation_no_reward_scale,2116,89,4,P4,89,1.1875000000000002e-05,0.0036659077741205692,3738.0,3738.0,8.615426301956177,0.5713579654693604,9.186784267425537,3699.0,3818.2022471910113
ablation_no_reward_scale,2117,89,5,P5,89,1.1833333333333329e-05,0.0008657298749312758,4272.0,4307.0,9.426494598388672,0.6349799633026123,10.061474561691284,4217.0,4340.876404494382
ablation_no_reward_scale,2118,89,6,P6,89,1.1791666666666668e-05,-0.007561332662589848,3950.0,3965.0,9.862078189849854,0.6455817222595215,10.507659912109375,3935.0,4083.1573033707864
ablation_no_reward_scale,2119,89,7,P7,89,1.1750000000000006e-05,-0.011009365320205688,5681.0,5690.0,14.42652177810669,0.9806957244873047,15.407217502593994,5680.0,5937.752808988764
ablation_no_reward_scale,2120,89,8,P8,89,1.1708333333333333e-05,-0.0012706316065305145,5687.0,5607.0,12.938585758209229,0.8442606925964355,13.782846450805664,5597.0,5872.786516853933
ablation_no_reward_scale,2121,89,9,P9,89,1.166666666666667e-05,0.0037437939026858658,5427.0,5377.0,12.035484790802002,0.7903199195861816,12.825804710388184,5347.0,5611.23595505618
ablation_no_reward_scale,2122,89,10,P10,89,1.1624999999999996e-05,-0.007542885723523796,5534.0,5567.0,7.530477523803711,0.5273663997650146,8.057843923568726,5443.0,5621.808988764045
ablation_no_reward_scale,2123,89,11,P11,89,1.1583333333333335e-05,-0.0037203172978479415,11372.0,11434.0,14.508355855941772,0.9807755947113037,15.489131450653076,11389.0,11500.52808988764
ablation_no_reward_scale,2124,89,12,P12,89,1.1541666666666661e-05,-0.003436341416090727,11745.0,11890.0,17.476374864578247,1.2130751609802246,18.68945002555847,11695.0,12139.303370786516
ablation_no_reward_scale,2125,89,13,P13,89,1.15e-05,0.0009313990194641519,19790.0,19593.0,40.45697498321533,3.283534526824951,43.74050951004028,19385.0,19947.8202247191
ablation_no_reward_scale,2126,89,14,P14,89,1.1458333333333337e-05,-0.00016310160776811244,21767.0,21929.0,42.889251708984375,3.4191176891326904,46.308369398117065,21776.0,22313.887640449437
ablation_no_reward_scale,2127,89,15,P15,89,1.1416666666666665e-05,9.239036080543883e-05,20210.0,20232.0,43.12688183784485,3.311682939529419,46.43856477737427,19951.0,20414.08988764045
ablation_no_reward_scale,2128,89,16,P16,89,1.1375000000000002e-05,0.00039447584549634485,20487.0,20599.0,52.508867263793945,4.193777084350586,56.70264434814453,20379.0,20882.494382022473
ablation_no_reward_scale,2129,89,17,P17,89,1.1333333333333329e-05,0.0007579086253826972,20905.0,20917.0,53.87735438346863,4.2051684856414795,58.08252286911011,20710.0,21324.977528089887
ablation_no_reward_scale,2130,89,18,P18,89,1.1291666666666667e-05,-0.0006134371446023579,20583.0,20496.0,50.02999949455261,3.9879679679870605,54.01796746253967,20275.0,20688.044943820223
ablation_no_reward_scale,2131,89,19,P19,89,1.1250000000000006e-05,0.00034416419475746807,22940.0,23168.0,51.10622763633728,4.0583155155181885,55.16454315185547,22905.0,23715.044943820223
ablation_no_reward_scale,2132,89,20,P20,89,1.1208333333333332e-05,0.0006467709848948288,22806.0,22582.0,53.58924651145935,4.578916072845459,58.16816258430481,22226.0,22789.426966292136
ablation_no_reward_scale,2133,89,21,P21,89,1.116666666666667e-05,-0.0018619862617924809,23616.0,23653.0,57.37929153442383,4.622411727905273,62.0017032623291,23381.0,23850.696629213482
ablation_no_reward_scale,2134,89,22,P22,89,1.1124999999999996e-05,0.0006267054248382919,23385.0,23417.0,56.5956768989563,4.724425792694092,61.32010269165039,22997.0,23530.629213483146
ablation_no_reward_scale,2135,89,23,P23,89,1.1083333333333335e-05,0.0005572641924962747,32202.0,32114.0,76.55618476867676,6.147456407546997,82.70364117622375,31857.0,33982.70786516854
ablation_no_reward_scale,2136,89,24,P24,89,1.1041666666666673e-05,0.000296398972022871,24000.0,24031.0,52.75245141983032,4.104171514511108,56.85662293434143,23620.0,24192.674157303372
ablation_no_reward_scale,2137,90,1,P1,90,1.1e-05,0.0015045740547066089,6070.0,6304.0,11.818681240081787,0.7909812927246094,12.609662532806396,6012.0,6309.633333333333
ablation_no_reward_scale,2138,90,2,P2,90,1.0958333333333337e-05,0.0006374142230924917,8324.0,8324.0,15.037710666656494,1.0121393203735352,16.04984998703003,8215.0,8538.533333333333
ablation_no_reward_scale,2139,90,3,P3,90,1.0916666666666663e-05,0.00752403776277788,6078.0,6014.0,10.984398603439331,0.7304971218109131,11.714895725250244,5877.0,6524.033333333334
ablation_no_reward_scale,2140,90,4,P4,90,1.0875000000000002e-05,0.006732901558279991,3704.0,3704.0,8.469249725341797,0.564354419708252,9.033604145050049,3699.0,3816.9333333333334
ablation_no_reward_scale,2141,90,5,P5,90,1.0833333333333328e-05,0.0044330236269161105,4297.0,4307.0,9.032512903213501,0.6115524768829346,9.644065380096436,4217.0,4340.5
ablation_no_reward_scale,2142,90,6,P6,90,1.0791666666666667e-05,-0.0022214510245248675,4017.0,3982.0,9.651877641677856,0.6492295265197754,10.301107168197632,3935.0,4082.0333333333333
ablation_no_reward_scale,2143,90,7,P7,90,1.0750000000000004e-05,-0.009949242463335395,5690.0,5690.0,14.198065280914307,0.9596633911132812,15.157728672027588,5680.0,5935.0
ablation_no_reward_scale,2144,90,8,P8,90,1.0708333333333332e-05,-0.00018681948859011754,5647.0,5607.0,12.959060907363892,0.8179771900177002,13.777038097381592,5597.0,5869.833333333333
ablation_no_reward_scale,2145,90,9,P9,90,1.0666666666666669e-05,0.006736655719578266,5397.0,5377.0,12.22555136680603,0.7840673923492432,13.009618759155273,5347.0,5608.633333333333
ablation_no_reward_scale,2146,90,10,P10,90,1.0624999999999996e-05,-0.008632343728095293,5534.0,5567.0,7.489680528640747,0.5268981456756592,8.016578674316406,5443.0,5621.2
ablation_no_reward_scale,2147,90,11,P11,90,1.0583333333333334e-05,-0.006886292772833258,11389.0,11434.0,14.715343952178955,1.0085654258728027,15.723909378051758,11389.0,11499.788888888888
ablation_no_reward_scale,2148,90,12,P12,90,1.0541666666666673e-05,-0.003182436485076323,11790.0,11890.0,17.42820715904236,1.1746821403503418,18.6028892993927,11695.0,12136.533333333333
ablation_no_reward_scale,2149,90,13,P13,90,1.05e-05,-0.0021747410864918493,19569.0,19564.0,41.863035917282104,3.1559722423553467,45.01900815963745,19385.0,19943.555555555555
ablation_no_reward_scale,2150,90,14,P14,90,1.0458333333333336e-05,0.0015496817977691535,22039.0,22025.0,42.74587368965149,3.3081352710723877,46.05400896072388,21776.0,22310.67777777778
ablation_no_reward_scale,2151,90,15,P15,90,1.0416666666666663e-05,0.0006223662314823741,20315.0,20433.0,44.116557598114014,3.3265230655670166,47.44308066368103,19951.0,20414.3
ablation_no_reward_scale,2152,90,16,P16,90,1.0375000000000001e-05,-0.00048715232624090276,20507.0,20423.0,53.55947732925415,4.201193332672119,57.76067066192627,20379.0,20877.38888888889
ablation_no_reward_scale,2153,90,17,P17,90,1.033333333333334e-05,0.0009789317915419814,20902.0,20838.0,52.360918283462524,4.0732598304748535,56.43417811393738,20710.0,21319.566666666666
ablation_no_reward_scale,2154,90,18,P18,90,1.0291666666666667e-05,-0.0022166018025018275,20280.0,20488.0,48.158419609069824,3.9964797496795654,52.15489935874939,20275.0,20685.82222222222
ablation_no_reward_scale,2155,90,19,P19,90,1.0250000000000004e-05,0.0031658584834076465,23259.0,22986.0,51.149166107177734,4.139216661453247,55.28838276863098,22905.0,23706.944444444445
ablation_no_reward_scale,2156,90,20,P20,90,1.020833333333333e-05,-0.0006229435937711969,22753.0,22645.0,54.34102749824524,4.3766233921051025,58.71765089035034,22226.0,22787.82222222222
ablation_no_reward_scale,2157,90,21,P21,90,1.0166666666666669e-05,-0.0019520474888850003,23636.0,23573.0,58.34729504585266,4.769196033477783,63.116491079330444,23381.0,23847.61111111111
ablation_no_reward_scale,2158,90,22,P22,90,1.0124999999999995e-05,0.0006187581166159362,23504.0,23386.0,58.37535548210144,4.884998798370361,63.2603542804718,22997.0,23529.022222222222
ablation_no_reward_scale,2159,90,23,P23,90,1.0083333333333334e-05,0.000466794977520684,32160.0,32085.0,75.31996560096741,6.078155040740967,81.39812064170837,31857.0,33961.62222222222
ablation_no_reward_scale,2160,90,24,P24,90,1.004166666666667e-05,-0.0002967658103443682,23865.0,23787.0,51.2800133228302,4.4290595054626465,55.70907282829285,23620.0,24188.166666666668
ablation_no_reward_scale,2161,91,1,P1,91,1e-05,0.0061701453232672065,6164.0,6304.0,12.305277585983276,0.7854361534118652,13.090713739395142,6012.0,6309.571428571428
ablation_no_reward_scale,2162,91,2,P2,91,1e-05,-0.0009036756596287887,8280.0,8337.0,15.400391101837158,1.019352912902832,16.41974401473999,8215.0,8536.318681318682
ablation_no_reward_scale,2163,91,3,P3,91,1e-05,0.005343734082998708,6078.0,6102.0,11.073334455490112,0.7882068157196045,11.861541271209717,5877.0,6519.395604395604
ablation_no_reward_scale,2164,91,4,P4,91,1e-05,0.006438000709749758,3739.0,3738.0,8.574553489685059,0.5586810111999512,9.13323450088501,3699.0,3816.065934065934
ablation_no_reward_scale,2165,91,5,P5,91,1e-05,0.007893204689025879,4307.0,4307.0,9.479647636413574,0.6362392902374268,10.115886926651001,4217.0,4340.131868131868
ablation_no_reward_scale,2166,91,6,P6,91,1e-05,-0.0003825218300335109,4007.0,3965.0,9.98231291770935,0.7681186199188232,10.750431537628174,3935.0,4080.747252747253
ablation_no_reward_scale,2167,91,7,P7,91,1e-05,-0.008654278353787959,5680.0,5690.0,14.780861854553223,0.9786479473114014,15.759509801864624,5680.0,5932.307692307692
ablation_no_reward_scale,2168,91,8,P8,91,1e-05,-0.0003793036194110755,5657.0,5607.0,12.973846673965454,0.8642227649688721,13.838069438934326,5597.0,5866.945054945055
ablation_no_reward_scale,2169,91,9,P9,91,1e-05,0.005018578231101856,5437.0,5377.0,12.056334972381592,0.8164670467376709,12.872802019119263,5347.0,5606.087912087912
ablation_no_reward_scale,2170,91,10,P10,91,1e-05,-0.008220340590924025,5555.0,5567.0,7.7137463092803955,0.5115246772766113,8.225270986557007,5443.0,5620.604395604396
ablation_no_reward_scale,2171,91,11,P11,91,1e-05,-0.006401290185749531,11434.0,11434.0,15.19559907913208,1.014831304550171,16.21043038368225,11389.0,11499.065934065935
ablation_no_reward_scale,2172,91,12,P12,91,1e-05,-0.0040135209274012595,11790.0,11890.0,18.24817395210266,1.2147650718688965,19.462939023971558,11695.0,12133.824175824177
ablation_no_reward_scale,2173,91,13,P13,91,1e-05,-0.002165923469874542,19651.0,19675.0,42.334577322006226,3.2420618534088135,45.57663917541504,19385.0,19940.604395604394
ablation_no_reward_scale,2174,91,14,P14,91,1e-05,0.001989261152630206,22117.0,21917.0,42.63698410987854,3.19696044921875,45.83394455909729,21776.0,22306.351648351647
ablation_no_reward_scale,2175,91,15,P15,91,1e-05,0.0002903955219153431,20334.0,20279.0,42.407119035720825,3.252275228500366,45.65939426422119,19951.0,20412.813186813186
ablation_no_reward_scale,2176,91,16,P16,91,1e-05,-7.261577447934542e-05,20631.0,20462.0,51.35143280029297,4.2838966846466064,55.635329484939575,20379.0,20872.824175824175
ablation_no_reward_scale,2177,91,17,P17,91,1e-05,0.0016230504610575736,21205.0,20723.0,52.830546617507935,4.250803470611572,57.08135008811951,20710.0,21313.01098901099
ablation_no_reward_scale,2178,91,18,P18,91,1e-05,-0.003235697012860328,20371.0,20368.0,49.09235763549805,3.9739785194396973,53.066336154937744,20275.0,20682.32967032967
ablation_no_reward_scale,2179,91,19,P19,91,1e-05,0.002967176691163331,23244.0,23129.0,50.784902572631836,4.117566108703613,54.90246868133545,22905.0,23700.593406593405
ablation_no_reward_scale,2180,91,20,P20,91,1e-05,0.00022798209356551525,22956.0,22616.0,53.97445750236511,4.572638034820557,58.54709553718567,22226.0,22785.934065934067
ablation_no_reward_scale,2181,91,21,P21,91,1e-05,-0.002895652246661484,23552.0,23573.0,57.53846454620361,4.601758003234863,62.14022254943848,23381.0,23844.593406593405
ablation_no_reward_scale,2182,91,22,P22,91,1e-05,0.001414319025934674,23506.0,23423.0,56.02577614784241,4.813766002655029,60.83954215049744,22997.0,23527.85714285714
ablation_no_reward_scale,2183,91,23,P23,91,1e-05,0.0006597854683475037,32386.0,32113.0,80.65492725372314,6.256746768951416,86.91167402267456,31857.0,33941.307692307695
ablation_no_reward_scale,2184,91,24,P24,91,1e-05,-0.00011278516813035821,24031.0,23749.0,52.26668334007263,4.212668418884277,56.47935175895691,23620.0,24183.340659340658
ablation_no_reward_scale,2185,92,1,P1,92,1e-05,0.00760048208758235,6176.0,6218.0,12.260351181030273,0.8304743766784668,13.09082555770874,6012.0,6308.576086956522
ablation_no_reward_scale,2186,92,2,P2,92,1e-05,-0.0007040389082249021,8346.0,8280.0,15.739923238754272,1.0878267288208008,16.827749967575073,8215.0,8533.532608695652
ablation_no_reward_scale,2187,92,3,P3,92,1e-05,0.005194018129259348,6089.0,6014.0,11.480532884597778,0.7846860885620117,12.26521897315979,5877.0,6513.902173913043
ablation_no_reward_scale,2188,92,4,P4,92,1e-05,0.0035334608401171863,3738.0,3738.0,8.90677809715271,0.5972294807434082,9.504007577896118,3699.0,3815.217391304348
ablation_no_reward_scale,2189,92,5,P5,92,1e-05,0.003060101473238319,4307.0,4307.0,9.649805784225464,0.6440427303314209,10.293848514556885,4217.0,4339.771739130435
ablation_no_reward_scale,2190,92,6,P6,92,1e-05,-0.001081749564036727,3995.0,3982.0,9.781905174255371,0.6564247608184814,10.438329935073853,3935.0,4079.6739130434785
ablation_no_reward_scale,2191,92,7,P7,92,1e-05,-0.009473636047914624,5680.0,5690.0,14.550233840942383,0.9594800472259521,15.509713888168335,5680.0,5929.673913043478
ablation_no_reward_scale,2192,92,8,P8,92,1e-05,-0.001390197508953861,5637.0,5607.0,13.05716586112976,0.8908727169036865,13.948038578033447,5597.0,5864.119565217391
ablation_no_reward_scale,2193,92,9,P9,92,1e-05,0.002910567563958466,5377.0,5377.0,12.665156602859497,0.8471705913543701,13.512327194213867,5347.0,5603.597826086957
ablation_no_reward_scale,2194,92,10,P10,92,1e-05,-0.006627144641242921,5555.0,5567.0,7.52086067199707,0.541295051574707,8.062155723571777,5443.0,5620.021739130435
ablation_no_reward_scale,2195,92,11,P11,92,1e-05,-0.004272144287824631,11434.0,11434.0,14.585399389266968,0.9921305179595947,15.577529907226562,11389.0,11498.358695652174
ablation_no_reward_scale,2196,92,12,P12,92,1e-05,-0.00017324176951660775,11890.0,11890.0,17.54067850112915,1.1904065608978271,18.731085062026978,11695.0,12131.173913043478
ablation_no_reward_scale,2197,92,13,P13,92,1e-05,-0.00168649508850649,19639.0,19477.0,40.448962688446045,3.0470848083496094,43.496047496795654,19385.0,19935.565217391304
ablation_no_reward_scale,2198,92,14,P14,92,1e-05,-5.207496724324301e-05,21788.0,21801.0,41.40193843841553,3.290619134902954,44.69255757331848,21776.0,22300.858695652172
ablation_no_reward_scale,2199,92,15,P15,92,1e-05,0.00084262777454569,20279.0,20250.0,43.21013689041138,3.309445381164551,46.51958227157593,19951.0,20411.043478260868
ablation_no_reward_scale,2200,92,16,P16,92,1e-05,0.00024239636777565466,20569.0,20609.0,52.34245777130127,4.121708631515503,56.46416640281677,20379.0,20869.956521739132
ablation_no_reward_scale,2201,92,17,P17,92,1e-05,0.0002832954809491639,20938.0,21015.0,54.04792833328247,4.202480792999268,58.25040912628174,20710.0,21309.771739130436
ablation_no_reward_scale,2202,92,18,P18,92,1e-05,-0.000958363958488917,20502.0,20400.0,50.409406900405884,4.092798471450806,54.50220537185669,20275.0,20679.260869565216
ablation_no_reward_scale,2203,92,19,P19,92,1e-05,0.0017194985586684198,22999.0,23181.0,50.74294686317444,4.008711576461792,54.75165843963623,22905.0,23694.945652173912
ablation_no_reward_scale,2204,92,20,P20,92,1e-05,-0.0008554106789233629,22494.0,22720.0,53.458101987838745,4.505790710449219,57.963892698287964,22226.0,22785.217391304348
ablation_no_reward_scale,2205,92,21,P21,92,1e-05,-0.0011261809238931164,23506.0,23573.0,57.26643085479736,4.688573598861694,61.95500445365906,23381.0,23841.641304347828
ablation_no_reward_scale,2206,92,22,P22,92,1e-05,0.001011721215036232,23427.0,23356.0,57.39065670967102,4.648515462875366,62.03917217254639,22997.0,23525.989130434784
ablation_no_reward_scale,2207,92,23,P23,92,1e-05,0.00048364041049353546,32131.0,32186.0,77.2347366809845,6.25529408454895,83.49003076553345,31857.0,33922.22826086957
ablation_no_reward_scale,2208,92,24,P24,92,1e-05,0.0005061650726929656,24048.0,23895.0,52.127718687057495,4.1241137981414795,56.251832485198975,23620.0,24180.206521739132
ablation_no_reward_scale,2209,93,1,P1,93,1e-05,0.0022630637395195663,6090.0,6214.0,11.864598274230957,0.7899153232574463,12.654513597488403,6012.0,6307.559139784947
ablation_no_reward_scale,2210,93,2,P2,93,1e-05,-0.0009648642749198189,8337.0,8324.0,14.807127952575684,0.9994072914123535,15.806535243988037,8215.0,8531.279569892473
ablation_no_reward_scale,2211,93,3,P3,93,1e-05,0.008157312928233296,6102.0,6014.0,10.754202604293823,0.7188282012939453,11.473030805587769,5877.0,6508.5268817204305
ablation_no_reward_scale,2212,93,4,P4,93,1e-05,0.007565731997601688,3738.0,3704.0,8.456512689590454,0.574608325958252,9.031121015548706,3699.0,3814.021505376344
ablation_no_reward_scale,2213,93,5,P5,93,1e-05,0.00036982574965804815,4262.0,4262.0,9.220243453979492,0.6060261726379395,9.826269626617432,4217.0,4338.935483870968
ablation_no_reward_scale,2214,93,6,P6,93,1e-05,0.0010545620752964169,4047.0,3982.0,9.47973346710205,0.6428122520446777,10.122545719146729,3935.0,4078.6236559139784
ablation_no_reward_scale,2215,93,7,P7,93,1e-05,-0.007409168349113315,5710.0,5690.0,14.246370077133179,0.9394104480743408,15.18578052520752,5680.0,5927.096774193548
ablation_no_reward_scale,2216,93,8,P8,93,1e-05,-0.0025826788260019384,5627.0,5607.0,12.468656063079834,0.8299920558929443,13.298648118972778,5597.0,5861.354838709677
ablation_no_reward_scale,2217,93,9,P9,93,1e-05,0.0028387993370415643,5407.0,5367.0,12.165730237960815,0.7701988220214844,12.9359290599823,5347.0,5601.05376344086
ablation_no_reward_scale,2218,93,10,P10,93,1e-05,-0.008062598761171103,5567.0,5567.0,7.713905572891235,0.5297927856445312,8.243698358535767,5443.0,5619.451612903225
ablation_no_reward_scale,2219,93,11,P11,93,1e-05,-0.00461681088199839,11434.0,11434.0,14.651015281677246,1.0403540134429932,15.69136929512024,11389.0,11497.666666666666
ablation_no_reward_scale,2220,93,12,P12,93,1e-05,-0.0011706468358170241,11890.0,11840.0,17.26185441017151,1.197380781173706,18.459235191345215,11695.0,12128.043010752688
ablation_no_reward_scale,2221,93,13,P13,93,1e-05,-0.0013270250165078323,19597.0,19569.0,40.82800340652466,3.174133777618408,44.002137184143066,19385.0,19931.62365591398
ablation_no_reward_scale,2222,93,14,P14,93,1e-05,0.0008158164637279697,21909.0,21991.0,40.84500193595886,3.1561119556427,44.00111389160156,21776.0,22297.52688172043
ablation_no_reward_scale,2223,93,15,P15,93,1e-05,0.0005190116753510665,20268.0,20210.0,42.73062705993652,3.3930182456970215,46.123645305633545,19951.0,20408.88172043011
ablation_no_reward_scale,2224,93,16,P16,93,1e-05,-0.0002952099382127926,20545.0,20531.0,53.29998421669006,4.345127582550049,57.64511179924011,20379.0,20866.31182795699
ablation_no_reward_scale,2225,93,17,P17,93,1e-05,0.001187923864927143,21051.0,20796.0,52.92923378944397,4.154830694198608,57.08406448364258,20710.0,21304.247311827956
ablation_no_reward_scale,2226,93,18,P18,93,1e-05,-0.0014981334505137056,20567.0,20390.0,48.493643283843994,3.968273162841797,52.46191644668579,20275.0,20676.15053763441
ablation_no_reward_scale,2227,93,19,P19,93,1e-05,0.003309134428855032,23391.0,23154.0,51.657779693603516,4.105998754501343,55.76377844810486,22905.0,23689.129032258064
ablation_no_reward_scale,2228,93,20,P20,93,1e-05,-0.0016793975082691759,22805.0,22618.0,53.77358794212341,4.416357040405273,58.18994498252869,22226.0,22783.41935483871
ablation_no_reward_scale,2229,93,21,P21,93,1e-05,-0.001219847521861084,23680.0,23471.0,56.66839265823364,4.587928771972656,61.2563214302063,23381.0,23837.655913978495
ablation_no_reward_scale,2230,93,22,P22,93,1e-05,0.0007530189588578651,23439.0,23331.0,56.681618213653564,4.909417152404785,61.59103536605835,22997.0,23523.892473118278
ablation_no_reward_scale,2231,93,23,P23,93,1e-05,0.00019390625857340638,32218.0,32249.0,75.51626205444336,6.109619379043579,81.62588143348694,31857.0,33904.23655913978
ablation_no_reward_scale,2232,93,24,P24,93,1e-05,-0.0006684421985482913,23823.0,23846.0,50.35451126098633,4.292901515960693,54.64741277694702,23620.0,24176.612903225807
ablation_no_reward_scale,2233,94,1,P1,94,1e-05,0.010179759003221989,6226.0,6214.0,11.938182830810547,0.7814390659332275,12.719621896743774,6012.0,6306.563829787234
ablation_no_reward_scale,2234,94,2,P2,94,1e-05,-0.001467493137170095,8390.0,8280.0,15.08694314956665,0.9952287673950195,16.08217191696167,8215.0,8528.606382978724
ablation_no_reward_scale,2235,94,3,P3,94,1e-05,0.0012507965657277964,6078.0,6161.0,11.14481496810913,0.7268095016479492,11.87162446975708,5877.0,6504.829787234043
ablation_no_reward_scale,2236,94,4,P4,94,1e-05,0.004192262073047459,3738.0,3704.0,8.542038202285767,0.5881819725036621,9.130220174789429,3699.0,3812.851063829787
ablation_no_reward_scale,2237,94,5,P5,94,1e-05,0.004093239665962756,4307.0,4262.0,9.47357988357544,0.6682288646697998,10.14180874824524,4217.0,4338.117021276596
ablation_no_reward_scale,2238,94,6,P6,94,1e-05,-2.440451498841867e-05,4015.0,3982.0,9.747792482376099,0.6511530876159668,10.398945569992065,3935.0,4077.595744680851
ablation_no_reward_scale,2239,94,7,P7,94,1e-05,-0.004155024653300643,5727.0,5690.0,14.13041067123413,0.9763994216918945,15.106810092926025,5680.0,5924.574468085107
ablation_no_reward_scale,2240,94,8,P8,94,1e-05,-0.00014341586620503222,5647.0,5607.0,12.549979448318481,0.832836389541626,13.382815837860107,5597.0,5858.648936170212
ablation_no_reward_scale,2241,94,9,P9,94,1e-05,0.0036791514576179907,5407.0,5398.0,11.838182926177979,0.779327392578125,12.617510318756104,5347.0,5598.893617021276
ablation_no_reward_scale,2242,94,10,P10,94,1e-05,-0.012315363623201847,5534.0,5567.0,7.460253715515137,0.5194783210754395,7.979732036590576,5443.0,5618.893617021276
ablation_no_reward_scale,2243,94,11,P11,94,1e-05,-0.006762914534192532,11434.0,11434.0,14.329519271850586,0.9777894020080566,15.307308673858643,11389.0,11496.989361702128
ablation_no_reward_scale,2244,94,12,P12,94,1e-05,-0.005043896322604269,11695.0,11790.0,17.435142993927002,1.2014179229736328,18.636560916900635,11695.0,12124.446808510638
ablation_no_reward_scale,2245,94,13,P13,94,1e-05,0.0006463922463808558,19672.0,19690.0,40.68296933174133,3.119269371032715,43.80223870277405,19385.0,19929.05319148936
ablation_no_reward_scale,2246,94,14,P14,94,1e-05,0.0014829931351414416,21900.0,21930.0,41.45376014709473,3.291334629058838,44.745094776153564,21776.0,22293.617021276597
ablation_no_reward_scale,2247,94,15,P15,94,1e-05,0.0015207700162136462,20455.0,20250.0,42.931132316589355,3.191972494125366,46.12310481071472,19951.0,20407.191489361703
ablation_no_reward_scale,2248,94,16,P16,94,1e-05,-0.0015827240014914424,20449.0,20570.0,51.29994082450867,4.209233522415161,55.50917434692383,20379.0,20863.159574468085
ablation_no_reward_scale,2249,94,17,P17,94,1e-05,0.00025525496657792247,20708.0,20808.0,53.68050813674927,4.261828899383545,57.94233703613281,20710.0,21298.968085106382
ablation_no_reward_scale,2250,94,18,P18,94,1e-05,-0.0009013559159939177,20320.0,20441.0,49.21022987365723,3.862745523452759,53.072975397109985,20275.0,20673.64893617021
ablation_no_reward_scale,2251,94,19,P19,94,1e-05,0.0032671034801751374,23249.0,23019.0,51.64644765853882,4.343990802764893,55.99043846130371,22905.0,23682.0
ablation_no_reward_scale,2252,94,20,P20,94,1e-05,-0.0012323249015025795,22640.0,22616.0,55.330217599868774,4.42979621887207,59.760013818740845,22226.0,22781.63829787234
ablation_no_reward_scale,2253,94,21,P21,94,1e-05,-0.0018304165976587683,23495.0,23573.0,57.909141063690186,4.63419246673584,62.543333530426025,23381.0,23834.840425531915
ablation_no_reward_scale,2254,94,22,P22,94,1e-05,0.0017122764751547948,23365.0,23387.0,55.88579273223877,4.51107931137085,60.39687204360962,22997.0,23522.436170212764
ablation_no_reward_scale,2255,94,23,P23,94,1e-05,-7.471083368467849e-06,32207.0,32040.0,75.53798937797546,6.3695597648620605,81.90754914283752,31857.0,33884.40425531915
ablation_no_reward_scale,2256,94,24,P24,94,1e-05,-7.43907747164485e-05,23915.0,23955.0,51.09261775016785,4.152559757232666,55.24517750740051,23620.0,24174.255319148935
ablation_no_reward_scale,2257,95,1,P1,95,1e-05,0.0011443179137131665,6080.0,6214.0,11.785174131393433,0.8048169612884521,12.589991092681885,6012.0,6305.58947368421
ablation_no_reward_scale,2258,95,2,P2,95,1e-05,-0.002663068094989285,8270.0,8337.0,15.238063097000122,1.044809103012085,16.282872200012207,8215.0,8526.589473684211
ablation_no_reward_scale,2259,95,3,P3,95,1e-05,0.013087786617688835,6150.0,6078.0,10.861143112182617,0.7392656803131104,11.600408792495728,5877.0,6500.336842105263
ablation_no_reward_scale,2260,95,4,P4,95,1e-05,0.006105317850597203,3739.0,3704.0,8.477378606796265,0.6219861507415771,9.099364757537842,3699.0,3811.705263157895
ablation_no_reward_scale,2261,95,5,P5,95,1e-05,0.0035376354353502393,4307.0,4262.0,9.37874960899353,0.6147720813751221,9.993521690368652,4217.0,4337.315789473684
ablation_no_reward_scale,2262,95,6,P6,95,1e-05,-0.0002653823539731093,4047.0,3980.0,9.75113844871521,0.6645863056182861,10.415724754333496,3935.0,4076.5684210526315
ablation_no_reward_scale,2263,95,7,P7,95,1e-05,-0.0068879720056429505,5750.0,5690.0,14.668498516082764,0.9534437656402588,15.621942281723022,5680.0,5922.105263157895
ablation_no_reward_scale,2264,95,8,P8,95,1e-05,-0.004205455552437343,5627.0,5597.0,13.112295866012573,0.8641536235809326,13.976449489593506,5597.0,5855.894736842105
ablation_no_reward_scale,2265,95,9,P9,95,1e-05,0.0043439130240585655,5407.0,5367.0,12.274866104125977,0.8453114032745361,13.120177507400513,5347.0,5596.452631578947
ablation_no_reward_scale,2266,95,10,P10,95,1e-05,-0.01070710294879973,5580.0,5580.0,7.887814998626709,0.5578517913818359,8.445666790008545,5443.0,5618.484210526316
ablation_no_reward_scale,2267,95,11,P11,95,1e-05,-0.00806270504835993,11434.0,11434.0,15.23989486694336,1.0444087982177734,16.284303665161133,11389.0,11496.326315789474
ablation_no_reward_scale,2268,95,12,P12,95,1e-05,-0.002721502911299467,11840.0,11737.0,17.82906222343445,1.200622320175171,19.02968454360962,11695.0,12120.368421052632
ablation_no_reward_scale,2269,95,13,P13,95,1e-05,0.0004062948037244496,19670.0,19516.0,41.576844215393066,3.1182754039764404,44.69511961936951,19385.0,19924.705263157895
ablation_no_reward_scale,2270,95,14,P14,95,1e-05,0.0018531629466451705,22044.0,22103.0,41.095754861831665,3.2425951957702637,44.33835005760193,21776.0,22291.610526315788
ablation_no_reward_scale,2271,95,15,P15,95,1e-05,-0.0010198002257766348,20210.0,20210.0,43.19393348693848,3.3624322414398193,46.556365728378296,19951.0,20405.115789473683
ablation_no_reward_scale,2272,95,16,P16,95,1e-05,3.0728143428859767e-05,20584.0,20617.0,52.16864252090454,4.166561841964722,56.33520436286926,20379.0,20860.56842105263
ablation_no_reward_scale,2273,95,17,P17,95,1e-05,0.0010748486598458839,21048.0,20815.0,53.32044458389282,4.201115846633911,57.52156043052673,20710.0,21293.873684210525
ablation_no_reward_scale,2274,95,18,P18,95,1e-05,-0.0021876775834243746,20341.0,20437.0,49.857582807540894,3.8440849781036377,53.70166778564453,20275.0,20671.157894736843
ablation_no_reward_scale,2275,95,19,P19,95,1e-05,0.0032455231295898555,23268.0,23001.0,51.973902225494385,4.098562717437744,56.07246494293213,22905.0,23674.831578947367
ablation_no_reward_scale,2276,95,20,P20,95,1e-05,-0.001497159493737854,22562.0,22653.0,53.34421491622925,4.215345621109009,57.55956053733826,22226.0,22780.284210526315
ablation_no_reward_scale,2277,95,21,P21,95,1e-05,-0.0006974824274948333,23632.0,23471.0,57.51564335823059,5.042801380157471,62.55844473838806,23381.0,23831.01052631579
ablation_no_reward_scale,2278,95,22,P22,95,1e-05,0.001032844401197508,23488.0,23448.0,57.20030474662781,4.819110155105591,62.0194149017334,22997.0,23521.65263157895
ablation_no_reward_scale,2279,95,23,P23,95,1e-05,0.00033395047603335115,32138.0,32090.0,77.61721396446228,6.490413665771484,84.10762763023376,31857.0,33865.515789473684
ablation_no_reward_scale,2280,95,24,P24,95,1e-05,0.0005583884235420555,23997.0,24006.0,52.82357859611511,4.424561262130737,57.24813985824585,23620.0,24172.484210526316
ablation_no_reward_scale,2281,96,1,P1,96,1e-05,0.004091559429070912,6164.0,6214.0,12.577137470245361,0.9352943897247314,13.512431859970093,6012.0,6304.635416666667
ablation_no_reward_scale,2282,96,2,P2,96,1e-05,-0.003098766741459258,8324.0,8337.0,15.467209577560425,1.0421829223632812,16.509392499923706,8215.0,8524.614583333334
ablation_no_reward_scale,2283,96,3,P3,96,1e-05,0.002749964791291859,6160.0,6078.0,11.015283346176147,0.7841968536376953,11.799480199813843,5877.0,6495.9375
ablation_no_reward_scale,2284,96,4,P4,96,1e-05,0.008654316887259483,3738.0,3704.0,8.482889890670776,0.5676531791687012,9.050543069839478,3699.0,3810.5833333333335
ablation_no_reward_scale,2285,96,5,P5,96,1e-05,0.005268606008030474,4307.0,4262.0,9.421504497528076,0.6519496440887451,10.073454141616821,4217.0,4336.53125
ablation_no_reward_scale,2286,96,6,P6,96,1e-05,-0.0007945562683744356,4000.0,3980.0,9.79035496711731,0.6532013416290283,10.443556308746338,3935.0,4075.5625
ablation_no_reward_scale,2287,96,7,P7,96,1e-05,-0.004545317584415898,5681.0,5690.0,14.219004154205322,0.9504382610321045,15.169442415237427,5680.0,5919.6875
ablation_no_reward_scale,2288,96,8,P8,96,1e-05,0.00040846448246156797,5627.0,5607.0,12.572587013244629,0.861548662185669,13.434135675430298,5597.0,5853.302083333333
ablation_no_reward_scale,2289,96,9,P9,96,1e-05,0.006133772665634751,5407.0,5398.0,12.085933923721313,0.8218207359313965,12.90775465965271,5347.0,5594.385416666667
ablation_no_reward_scale,2290,96,10,P10,96,1e-05,-0.012186085572466254,5534.0,5567.0,7.4189839363098145,0.5068821907043457,7.92586612701416,5443.0,5617.947916666667
ablation_no_reward_scale,2291,96,11,P11,96,1e-05,-0.008039733627811074,11434.0,11434.0,14.938623666763306,0.9729950428009033,15.911618709564209,11389.0,11495.677083333334
ablation_no_reward_scale,2292,96,12,P12,96,1e-05,-0.0017324723448837176,11840.0,11840.0,18.025809049606323,1.2106754779815674,19.23648452758789,11695.0,12117.447916666666
ablation_no_reward_scale,2293,96,13,P13,96,1e-05,-0.001800748796085827,19527.0,19476.0,41.704410552978516,3.2175939083099365,44.92200446128845,19385.0,19920.03125
ablation_no_reward_scale,2294,96,14,P14,96,1e-05,0.0011029370743926847,21904.0,21930.0,42.05011868476868,3.3904318809509277,45.440550565719604,21776.0,22287.84375
ablation_no_reward_scale,2295,96,15,P15,96,1e-05,0.0009641910983191337,20239.0,20210.0,44.01739573478699,3.464766263961792,47.48216199874878,19951.0,20403.083333333332
ablation_no_reward_scale,2296,96,16,P16,96,1e-05,0.0003447892475378467,20472.0,20510.0,53.50625824928284,4.367610454559326,57.87386870384216,20379.0,20856.916666666668
ablation_no_reward_scale,2297,96,17,P17,96,1e-05,0.0007575951760372846,20913.0,20856.0,53.436939001083374,4.138056755065918,57.57499575614929,20710.0,21289.3125
ablation_no_reward_scale,2298,96,18,P18,96,1e-05,-0.0019638116034911947,20302.0,20345.0,48.39114475250244,3.7826342582702637,52.173779010772705,20275.0,20667.760416666668
ablation_no_reward_scale,2299,96,19,P19,96,1e-05,0.0033487755921669305,23251.0,23198.0,50.46763849258423,4.364552021026611,54.83219051361084,22905.0,23669.864583333332
ablation_no_reward_scale,2300,96,20,P20,96,1e-05,-0.00042855467636400136,22876.0,22551.0,54.39246678352356,4.380589962005615,58.773056745529175,22226.0,22777.895833333332
ablation_no_reward_scale,2301,96,21,P21,96,1e-05,-0.002442573971347883,23495.0,23573.0,56.2952721118927,4.77684211730957,61.07211422920227,23381.0,23828.322916666668
ablation_no_reward_scale,2302,96,22,P22,96,1e-05,0.000904367944895057,23248.0,23260.0,58.28002452850342,4.775855541229248,63.055880069732666,22997.0,23518.927083333332
ablation_no_reward_scale,2303,96,23,P23,96,1e-05,0.001131287089135315,32285.0,32211.0,75.75063109397888,6.149353981018066,81.89998507499695,31857.0,33848.28125
ablation_no_reward_scale,2304,96,24,P24,96,1e-05,0.000610173003951786,24081.0,23747.0,51.38847255706787,4.388535976409912,55.77700853347778,23620.0,24168.052083333332
ablation_no_reward_scale,2305,97,1,P1,97,1e-05,-0.003306060694740154,6080.0,6214.0,11.901453971862793,0.7909493446350098,12.692403316497803,6012.0,6303.701030927835
ablation_no_reward_scale,2306,97,2,P2,97,1e-05,0.0002509600190023775,8324.0,8324.0,15.34396743774414,1.0905354022979736,16.434502840042114,8215.0,8522.546391752578
ablation_no_reward_scale,2307,97,3,P3,97,1e-05,0.009796507132705301,6091.0,6161.0,11.118954420089722,0.7303123474121094,11.849266767501831,5877.0,6492.484536082474
ablation_no_reward_scale,2308,97,4,P4,97,1e-05,0.004228847101330757,3704.0,3704.0,8.721349000930786,0.5737543106079102,9.295103311538696,3699.0,3809.4845360824743
ablation_no_reward_scale,2309,97,5,P5,97,1e-05,0.001798233628505841,4297.0,4262.0,9.340147733688354,0.6270637512207031,9.967211484909058,4217.0,4335.762886597938
ablation_no_reward_scale,2310,97,6,P6,97,1e-05,-0.005663271993398666,3960.0,3995.0,9.767354965209961,0.6607236862182617,10.428078651428223,3935.0,4074.7319587628867
ablation_no_reward_scale,2311,97,7,P7,97,1e-05,-0.0064638854819349945,5710.0,5760.0,14.456551551818848,0.9775290489196777,15.434080600738525,5680.0,5918.041237113402
ablation_no_reward_scale,2312,97,8,P8,97,1e-05,0.0013377855357248336,5657.0,5607.0,12.557270050048828,0.8440649509429932,13.401335000991821,5597.0,5850.762886597938
ablation_no_reward_scale,2313,97,9,P9,97,1e-05,0.00408191280439496,5407.0,5398.0,12.200587749481201,0.7926621437072754,12.993249893188477,5347.0,5592.360824742268
ablation_no_reward_scale,2314,97,10,P10,97,1e-05,-0.008235517423599958,5544.0,5567.0,7.516131401062012,0.5274300575256348,8.043561458587646,5443.0,5617.422680412371
ablation_no_reward_scale,2315,97,11,P11,97,1e-05,-0.006734678114298731,11434.0,11434.0,14.740403175354004,1.016052007675171,15.756455183029175,11389.0,11495.041237113403
ablation_no_reward_scale,2316,97,12,P12,97,1e-05,-0.0037597452756017447,11838.0,11840.0,18.04038405418396,1.2376251220703125,19.278009176254272,11695.0,12114.58762886598
ablation_no_reward_scale,2317,97,13,P13,97,1e-05,-0.001761008632456651,19567.0,19544.0,42.05703902244568,3.1747519969940186,45.2317910194397,19385.0,19916.154639175256
ablation_no_reward_scale,2318,97,14,P14,97,1e-05,0.0023303724519792013,22073.0,21991.0,42.468230962753296,3.3193752765655518,45.78760623931885,21776.0,22284.78350515464
ablation_no_reward_scale,2319,97,15,P15,97,1e-05,0.0008204273417504737,20423.0,20332.0,43.53901553153992,3.2813432216644287,46.820358753204346,19951.0,20402.350515463917
ablation_no_reward_scale,2320,97,16,P16,97,1e-05,-0.0010086812166264282,20423.0,20533.0,51.85834360122681,4.123096466064453,55.98144006729126,20379.0,20853.577319587628
ablation_no_reward_scale,2321,97,17,P17,97,1e-05,6.856980671727797e-05,20687.0,20800.0,54.62188482284546,4.424192190170288,59.04607701301575,20710.0,21284.268041237112
ablation_no_reward_scale,2322,97,18,P18,97,1e-05,-0.00030644801081507466,20385.0,20463.0,49.162055015563965,4.000180006027222,53.16223502159119,20275.0,20665.649484536083
ablation_no_reward_scale,2323,97,19,P19,97,1e-05,0.002853804000187665,23245.0,22968.0,51.30250120162964,4.153627872467041,55.45612907409668,22905.0,23662.628865979383
ablation_no_reward_scale,2324,97,20,P20,97,1e-05,-0.0009683022937679198,22762.0,22542.0,55.42127871513367,4.407466888427734,59.8287456035614,22226.0,22775.463917525773
ablation_no_reward_scale,2325,97,21,P21,97,1e-05,-0.0018544014601502568,23481.0,23573.0,58.820459842681885,4.664815664291382,63.48527550697327,23381.0,23825.690721649484
ablation_no_reward_scale,2326,97,22,P22,97,1e-05,0.0005943012618445209,23316.0,23444.0,56.138139486312866,4.49570107460022,60.633840560913086,22997.0,23518.154639175256
ablation_no_reward_scale,2327,97,23,P23,97,1e-05,0.0008926102467999694,32040.0,32211.0,76.07781100273132,6.2158777713775635,82.29368877410889,31857.0,33831.40206185567
ablation_no_reward_scale,2328,97,24,P24,97,1e-05,-0.0003733021549123805,23772.0,23955.0,51.055320024490356,4.088042736053467,55.14336276054382,23620.0,24165.855670103094
ablation_no_reward_scale,2329,98,1,P1,98,1e-05,0.0002784597581921844,6080.0,6214.0,11.759976148605347,0.8049190044403076,12.564895153045654,6012.0,6302.785714285715
ablation_no_reward_scale,2330,98,2,P2,98,1e-05,-0.00081968829545076,8324.0,8280.0,14.926186561584473,1.0241217613220215,15.950308322906494,8215.0,8520.07142857143
ablation_no_reward_scale,2331,98,3,P3,98,1e-05,0.005705989198759198,6102.0,6161.0,10.850118160247803,0.7205626964569092,11.570680856704712,5877.0,6489.102040816327
ablation_no_reward_scale,2332,98,4,P4,98,1e-05,0.005330494022928178,3704.0,3704.0,8.362336874008179,0.5706026554107666,8.932939529418945,3699.0,3808.408163265306
ablation_no_reward_scale,2333,98,5,P5,98,1e-05,0.003115627507213503,4262.0,4262.0,9.252596855163574,0.6197772026062012,9.872374057769775,4217.0,4335.010204081633
ablation_no_reward_scale,2334,98,6,P6,98,1e-05,0.0030144701013341546,4032.0,3995.0,9.654824018478394,0.6801187992095947,10.334942817687988,3935.0,4073.918367346939
ablation_no_reward_scale,2335,98,7,P7,98,1e-05,-0.004364840104244649,5710.0,5690.0,14.292075872421265,0.9575612545013428,15.249637126922607,5680.0,5915.714285714285
ablation_no_reward_scale,2336,98,8,P8,98,1e-05,-0.0012947077102580806,5617.0,5607.0,12.786274433135986,0.8471453189849854,13.633419752120972,5597.0,5848.275510204082
ablation_no_reward_scale,2337,98,9,P9,98,1e-05,0.005254061376035679,5407.0,5398.0,12.042903661727905,0.8110322952270508,12.853935956954956,5347.0,5590.377551020408
ablation_no_reward_scale,2338,98,10,P10,98,1e-05,-0.007650899002328515,5534.0,5567.0,7.907505989074707,0.5112307071685791,8.418736696243286,5443.0,5616.908163265306
ablation_no_reward_scale,2339,98,11,P11,98,1e-05,-0.00628727488219738,11434.0,11434.0,15.424915313720703,1.036508560180664,16.461423873901367,11389.0,11494.418367346938
ablation_no_reward_scale,2340,98,12,P12,98,1e-05,-0.002809881465509534,11700.0,11840.0,17.525094032287598,1.2100179195404053,18.735111951828003,11695.0,12111.785714285714
ablation_no_reward_scale,2341,98,13,P13,98,1e-05,-0.0014316307060653344,19500.0,19477.0,40.906978368759155,3.0819969177246094,43.988975286483765,19385.0,19911.673469387755
ablation_no_reward_scale,2342,98,14,P14,98,1e-05,0.0018500779697205871,21996.0,21972.0,41.5824761390686,3.3818278312683105,44.964303970336914,21776.0,22281.591836734693
ablation_no_reward_scale,2343,98,15,P15,98,1e-05,0.0008711342807146139,20282.0,20250.0,43.72554969787598,3.5106735229492188,47.236223220825195,19951.0,20400.79591836735
ablation_no_reward_scale,2344,98,16,P16,98,1e-05,0.0006873252379591577,20596.0,20380.0,52.73002624511719,4.154328346252441,56.88435459136963,20379.0,20848.744897959183
ablation_no_reward_scale,2345,98,17,P17,98,1e-05,-0.0007171158113123965,20712.0,20840.0,53.56245708465576,4.225636720657349,57.78809380531311,20710.0,21279.73469387755
ablation_no_reward_scale,2346,98,18,P18,98,1e-05,-0.0006309940261417068,20393.0,20564.0,50.37961983680725,3.93392014503479,54.31353998184204,20275.0,20664.61224489796
ablation_no_reward_scale,2347,98,19,P19,98,1e-05,0.0031791051616892217,23299.0,23347.0,50.88553261756897,4.122445821762085,55.007978439331055,22905.0,23659.408163265307
ablation_no_reward_scale,2348,98,20,P20,98,1e-05,-0.0005248151650448562,22997.0,22601.0,53.51977872848511,4.243404865264893,57.76318359375,22226.0,22773.683673469386
ablation_no_reward_scale,2349,98,21,P21,98,1e-05,-0.0024888335785362868,23651.0,23573.0,57.55083394050598,5.014051914215088,62.56488585472107,23381.0,23823.11224489796
ablation_no_reward_scale,2350,98,22,P22,98,1e-05,0.0010065889844554476,23338.0,23428.0,56.378703594207764,4.646688938140869,61.02539253234863,22997.0,23517.23469387755
ablation_no_reward_scale,2351,98,23,P23,98,1e-05,0.0008290685925333362,32311.0,32219.0,77.19724774360657,6.4294257164001465,83.62667346000671,31857.0,33814.948979591834
ablation_no_reward_scale,2352,98,24,P24,98,1e-05,-3.594965601223521e-05,24023.0,23874.0,52.97271275520325,4.411344289779663,57.38405704498291,23620.0,24162.877551020407
ablation_no_reward_scale,2353,99,1,P1,99,1e-05,0.011441504117101431,6304.0,6176.0,12.462232112884521,0.8305115699768066,13.292743682861328,6012.0,6301.50505050505
ablation_no_reward_scale,2354,99,2,P2,99,1e-05,-0.006705517298541963,8270.0,8337.0,15.58255910873413,1.0086746215820312,16.591233730316162,8215.0,8518.222222222223
ablation_no_reward_scale,2355,99,3,P3,99,1e-05,0.0032208071934292093,6105.0,6102.0,10.929717779159546,0.7535586357116699,11.683276414871216,5877.0,6485.19191919192
ablation_no_reward_scale,2356,99,4,P4,99,1e-05,0.0010508298873901367,3704.0,3704.0,8.455937147140503,0.5740280151367188,9.029965162277222,3699.0,3807.3535353535353
ablation_no_reward_scale,2357,99,5,P5,99,1e-05,0.00046292859042296186,4272.0,4262.0,9.404061555862427,0.6148409843444824,10.01890254020691,4217.0,4334.272727272727
ablation_no_reward_scale,2358,99,6,P6,99,1e-05,-0.001519395038485527,3987.0,3980.0,9.602227687835693,0.6354904174804688,10.237718105316162,3935.0,4072.969696969697
ablation_no_reward_scale,2359,99,7,P7,99,1e-05,-0.00813512469176203,5690.0,5690.0,14.431559324264526,0.9621191024780273,15.393678426742554,5680.0,5913.434343434344
ablation_no_reward_scale,2360,99,8,P8,99,1e-05,1.2751969279634068e-05,5607.0,5607.0,12.547653198242188,0.8141968250274658,13.361850023269653,5597.0,5845.838383838384
ablation_no_reward_scale,2361,99,9,P9,99,1e-05,0.007681171933654696,5377.0,5398.0,11.660825729370117,0.7847995758056641,12.445625305175781,5347.0,5588.434343434344
ablation_no_reward_scale,2362,99,10,P10,99,1e-05,-0.00808000611141324,5555.0,5567.0,7.415470838546753,0.5037834644317627,7.919254302978516,5443.0,5616.404040404041
ablation_no_reward_scale,2363,99,11,P11,99,1e-05,-0.0029482430254574865,11434.0,11434.0,14.49824857711792,1.0320277214050293,15.53027629852295,11389.0,11493.808080808081
ablation_no_reward_scale,2364,99,12,P12,99,1e-05,0.0009419118141522631,11940.0,11840.0,17.77652668952942,1.2229115962982178,18.999438285827637,11695.0,12109.040404040405
ablation_no_reward_scale,2365,99,13,P13,99,1e-05,-0.0032448349957121536,19487.0,19452.0,41.99078106880188,3.2063865661621094,45.19716763496399,19385.0,19907.030303030304
ablation_no_reward_scale,2366,99,14,P14,99,1e-05,-0.00013674990873369097,21844.0,21995.0,42.010662317276,3.287896156311035,45.298558473587036,21776.0,22278.696969696968
ablation_no_reward_scale,2367,99,15,P15,99,1e-05,0.0009416390375918127,20214.0,20455.0,44.38576030731201,3.353471279144287,47.7392315864563,19951.0,20401.343434343435
ablation_no_reward_scale,2368,99,16,P16,99,1e-05,0.0015452016130439005,20597.0,20523.0,53.65065789222717,4.180891990661621,57.831549882888794,20379.0,20845.454545454544
ablation_no_reward_scale,2369,99,17,P17,99,1e-05,-0.0004960978279996197,20803.0,20753.0,53.90978145599365,4.135462760925293,58.045244216918945,20710.0,21274.41414141414
ablation_no_reward_scale,2370,99,18,P18,99,1e-05,9.175815439448343e-05,20605.0,20408.0,48.26743745803833,3.8447349071502686,52.1121723651886,20275.0,20662.0202020202
ablation_no_reward_scale,2371,99,19,P19,99,1e-05,0.001702350948471576,23197.0,23019.0,50.29651641845703,4.31299901008606,54.60951542854309,22905.0,23652.939393939392
ablation_no_reward_scale,2372,99,20,P20,99,1e-05,0.0004004162583441939,23189.0,22599.0,54.72709798812866,4.501731634140015,59.22882962226868,22226.0,22771.91919191919
ablation_no_reward_scale,2373,99,21,P21,99,1e-05,-0.002992344397353008,23490.0,23573.0,59.09644794464111,4.677056550979614,63.77350449562073,23381.0,23820.58585858586
ablation_no_reward_scale,2374,99,22,P22,99,1e-05,0.001378598701558076,23444.0,23396.0,59.42056918144226,4.84391713142395,64.26448631286621,22997.0,23516.010101010103
ablation_no_reward_scale,2375,99,23,P23,99,1e-05,0.0010256597072709286,32402.0,32105.0,77.0545437335968,6.119587421417236,83.17413115501404,31857.0,33797.67676767677
ablation_no_reward_scale,2376,99,24,P24,99,1e-05,0.0002953127839646186,24044.0,23930.0,50.47459864616394,4.192225456237793,54.66682410240173,23620.0,24160.52525252525
ablation_no_reward_scale,2377,100,1,P1,100,1e-05,0.0022171960008563474,6161.0,6214.0,11.603734731674194,0.7874844074249268,12.391219139099121,6012.0,6300.63
ablation_no_reward_scale,2378,100,2,P2,100,1e-05,-0.002535528619773686,8324.0,8280.0,15.185302734375,1.0117645263671875,16.197067260742188,8215.0,8515.84
ablation_no_reward_scale,2379,100,3,P3,100,1e-05,0.0032858204203876085,6091.0,6102.0,11.126160144805908,0.7673318386077881,11.893491983413696,5877.0,6481.36
ablation_no_reward_scale,2380,100,4,P4,100,1e-05,0.0015862397849559784,3704.0,3704.0,8.697534561157227,0.5547070503234863,9.252241611480713,3699.0,3806.32
ablation_no_reward_scale,2381,100,5,P5,100,1e-05,0.004803970223292708,4287.0,4262.0,9.503370761871338,0.6278836727142334,10.131254434585571,4217.0,4333.55
ablation_no_reward_scale,2382,100,6,P6,100,1e-05,0.003815086209215224,4047.0,3995.0,10.071555376052856,0.6537885665893555,10.725343942642212,3935.0,4072.19
ablation_no_reward_scale,2383,100,7,P7,100,1e-05,-0.0035548920859582722,5724.0,5690.0,14.62529730796814,1.0028562545776367,15.628153562545776,5680.0,5911.2
ablation_no_reward_scale,2384,100,8,P8,100,1e-05,-0.0013932568763266318,5597.0,5607.0,12.916265964508057,0.8526794910430908,13.768945455551147,5597.0,5843.45
ablation_no_reward_scale,2385,100,9,P9,100,1e-05,-0.0004293423662602436,5337.0,5398.0,12.245015144348145,0.8293468952178955,13.07436203956604,5347.0,5586.53
ablation_no_reward_scale,2386,100,10,P10,100,1e-05,-0.005823855521157384,5534.0,5534.0,7.853239297866821,0.526871919631958,8.38011121749878,5443.0,5615.58
ablation_no_reward_scale,2387,100,11,P11,100,1e-05,-0.00416651286650449,11389.0,11434.0,14.730251789093018,1.01985502243042,15.750106811523438,11389.0,11493.21
ablation_no_reward_scale,2388,100,12,P12,100,1e-05,0.0019389073131605983,11795.0,11795.0,17.844523906707764,1.2705883979797363,19.1151123046875,11695.0,12105.9
ablation_no_reward_scale,2389,100,13,P13,100,1e-05,0.00016116027336465777,19662.0,19571.0,42.20739793777466,3.227849006652832,45.43524694442749,19385.0,19903.67
ablation_no_reward_scale,2390,100,14,P14,100,1e-05,-0.0007238281496029231,21848.0,22001.0,42.39148235321045,3.3074071407318115,45.69888949394226,21776.0,22275.92
ablation_no_reward_scale,2391,100,15,P15,100,1e-05,0.000601889415520418,20250.0,20341.0,43.37381720542908,3.260146379470825,46.6339635848999,19951.0,20400.74
ablation_no_reward_scale,2392,100,16,P16,100,1e-05,0.0007047242454063963,20475.0,20502.0,51.54851460456848,4.012069225311279,55.56058382987976,20379.0,20842.02
ablation_no_reward_scale,2393,100,17,P17,100,1e-05,0.0004965649146470241,20808.0,20799.0,53.23047757148743,4.26633358001709,57.49681115150452,20710.0,21269.66
ablation_no_reward_scale,2394,100,18,P18,100,1e-05,-0.001138569298927905,20460.0,20454.0,49.728209257125854,3.9178640842437744,53.64607334136963,20275.0,20659.94
ablation_no_reward_scale,2395,100,19,P19,100,1e-05,0.0020799142541363834,23022.0,23108.0,52.93547344207764,4.3485658168792725,57.28403925895691,22905.0,23647.49
ablation_no_reward_scale,2396,100,20,P20,100,1e-05,-0.0007985548090800876,22668.0,22616.0,56.15701746940613,4.483721494674683,60.64073896408081,22226.0,22770.36
ablation_no_reward_scale,2397,100,21,P21,100,1e-05,-0.0008980352344224229,23579.0,23573.0,58.21316194534302,4.567772626876831,62.78093457221985,23381.0,23818.11
ablation_no_reward_scale,2398,100,22,P22,100,1e-05,0.0006546259246533737,23385.0,23438.0,56.60588550567627,4.592073440551758,61.19795894622803,22997.0,23515.23
ablation_no_reward_scale,2399,100,23,P23,100,1e-05,0.0006387559535921485,32175.0,32035.0,76.21294808387756,6.291105031967163,82.50405311584473,31857.0,33780.05
ablation_no_reward_scale,2400,100,24,P24,100,1e-05,-8.38859377836343e-06,23931.0,23796.0,51.329911947250366,4.222357749938965,55.55226969718933,23620.0,24156.88
