variant_name,epoch,round_id,round_pos,instance_id,instance_occurrence,lr,train_loss,train_rollout_cmax,current_objective,train_time_sec,eval_time_sec,cycle_time_sec,running_cb,running_ca
industrial_changeover,1,1,1,Order1,1,0.0001,0.3509325385093689,1280.0,1465.0,14.83978271484375,1.147336721420288,15.987119436264038,1465.0,1465.0
industrial_changeover,2,1,2,Order2,1,9.998e-05,0.5084760338068008,1400.0,1330.0,8.123157501220703,0.4399573802947998,8.563114881515503,1330.0,1330.0
industrial_changeover,3,1,3,Order3,1,9.996000000000001e-05,0.41505540162324905,1277.0,1426.0,11.638670206069946,1.1102972030639648,12.748967409133911,1426.0,1426.0
industrial_changeover,4,1,4,Order4,1,9.994e-05,0.060477360151708126,1336.0,1275.0,13.724963665008545,1.0597004890441895,14.784664154052734,1275.0,1275.0
industrial_changeover,5,1,5,Order5,1,9.992e-05,0.08563705161213875,1492.0,1504.0,9.042803525924683,1.2315316200256348,10.274335145950317,1504.0,1504.0
industrial_changeover,6,2,1,Order1,2,9.99e-05,-0.06942117772996426,1280.0,1465.0,14.365252256393433,1.0512466430664062,15.416498899459839,1465.0,1465.0
industrial_changeover,7,2,2,Order2,2,9.988000000000001e-05,-0.0689012948423624,1188.0,1330.0,13.260319948196411,1.0144538879394531,14.274773836135864,1330.0,1330.0
industrial_changeover,8,2,3,Order3,2,9.986000000000001e-05,0.17906007915735245,1331.0,1426.0,14.08279800415039,1.0833592414855957,15.166157245635986,1426.0,1426.0
industrial_changeover,9,2,4,Order4,2,9.984e-05,-0.13984354212880135,1255.0,1275.0,13.173343420028687,1.001760721206665,14.175104141235352,1275.0,1275.0
industrial_changeover,10,2,5,Order5,2,9.982e-05,-0.0502341091632843,1410.0,1462.0,15.552474975585938,1.1907246112823486,16.743199586868286,1462.0,1483.0
industrial_changeover,11,3,1,Order1,3,9.98e-05,-0.07149495929479599,1262.0,1465.0,13.729125022888184,1.1127147674560547,14.841839790344238,1465.0,1465.0
industrial_changeover,12,3,2,Order2,3,9.978000000000001e-05,0.0969937052577734,1308.0,1407.0,13.37820839881897,1.0489189624786377,14.427127361297607,1330.0,1355.6666666666667
industrial_changeover,13,3,3,Order3,3,9.976000000000001e-05,0.2706396356225014,1348.0,1305.0,14.076659917831421,1.0869243144989014,15.163584232330322,1305.0,1385.6666666666667
industrial_changeover,14,3,4,Order4,3,9.974e-05,-0.07582021877169609,1291.0,1264.0,13.135849475860596,1.0217764377593994,14.157625913619995,1264.0,1271.3333333333333
industrial_changeover,15,3,5,Order5,3,9.972e-05,-0.03633547201752663,1426.0,1440.0,15.535099506378174,1.1887383460998535,16.723837852478027,1440.0,1468.6666666666667
industrial_changeover,16,4,1,Order1,4,9.970000000000001e-05,-0.09946502558887005,1247.0,1266.0,13.90443730354309,1.050330638885498,14.954767942428589,1266.0,1415.25
industrial_changeover,17,4,2,Order2,4,9.968000000000001e-05,-0.021507750265300274,1205.0,1353.0,13.358903884887695,1.0206639766693115,14.379567861557007,1330.0,1355.0
industrial_changeover,18,4,3,Order3,4,9.966e-05,0.16345349326729774,1266.0,1330.0,14.22871470451355,1.082345962524414,15.311060667037964,1305.0,1371.75
industrial_changeover,19,4,4,Order4,4,9.964e-05,-0.02862840471789241,1358.0,1259.0,13.201407194137573,1.000016689300537,14.20142388343811,1259.0,1268.25
industrial_changeover,20,4,5,Order5,4,9.962e-05,-0.07838093861937523,1330.0,1492.0,15.824729681015015,1.2166662216186523,17.041395902633667,1440.0,1474.5
industrial_changeover,21,5,1,Order1,5,9.960000000000001e-05,-0.048060313798487186,1292.0,1266.0,13.886501789093018,1.1053614616394043,14.991863250732422,1266.0,1385.4
industrial_changeover,22,5,2,Order2,5,9.958e-05,0.05243605840951204,1260.0,1379.0,13.45777940750122,1.016050100326538,14.473829507827759,1330.0,1359.8
industrial_changeover,23,5,3,Order3,5,9.956e-05,0.1506110355257988,1242.0,1330.0,14.14263129234314,1.076131820678711,15.21876311302185,1305.0,1363.4
industrial_changeover,24,5,4,Order4,5,9.954e-05,-0.0792323425412178,1294.0,1259.0,13.186759233474731,1.0013418197631836,14.188101053237915,1259.0,1266.4
industrial_changeover,25,5,5,Order5,5,9.952e-05,-0.08668055012822151,1336.0,1399.0,15.640592098236084,1.202977180480957,16.84356927871704,1399.0,1459.4
industrial_changeover,26,6,1,Order1,6,9.95e-05,-0.08380446769297123,1241.0,1266.0,13.85294246673584,1.0412945747375488,14.894237041473389,1266.0,1365.5
industrial_changeover,27,6,2,Order2,6,9.948e-05,0.04877292737364769,1234.0,1353.0,13.345406770706177,1.0257065296173096,14.371113300323486,1330.0,1358.6666666666667
industrial_changeover,28,6,3,Order3,6,9.946000000000001e-05,0.5348489582538605,1530.0,1330.0,14.113556385040283,1.0724871158599854,15.186043500900269,1305.0,1357.8333333333333
industrial_changeover,29,6,4,Order4,6,9.944e-05,-0.10171560011804104,1281.0,1264.0,13.169360399246216,1.0110487937927246,14.18040919303894,1259.0,1266.0
industrial_changeover,30,6,5,Order5,6,9.942000000000001e-05,-0.12205380387604237,1373.0,1324.0,15.636099100112915,1.1913375854492188,16.827436685562134,1324.0,1436.8333333333333
industrial_changeover,31,7,1,Order1,7,9.94e-05,-0.10959205217659473,1327.0,1241.0,13.738869667053223,1.0505626201629639,14.789432287216187,1241.0,1347.7142857142858
industrial_changeover,32,7,2,Order2,7,9.938e-05,0.07796010747551918,1352.0,1225.0,13.477453231811523,1.0143189430236816,14.491772174835205,1225.0,1339.5714285714287
industrial_changeover,33,7,3,Order3,7,9.936000000000001e-05,0.19256870448589325,1349.0,1246.0,14.605130195617676,1.087963342666626,15.693093538284302,1246.0,1341.857142857143
industrial_changeover,34,7,4,Order4,7,9.934e-05,-0.130411297082901,1282.0,1272.0,13.537974119186401,1.0186803340911865,14.556654453277588,1259.0,1266.857142857143
industrial_changeover,35,7,5,Order5,7,9.932e-05,0.004102578037418425,1508.0,1448.0,15.771668672561646,1.2018203735351562,16.9734890460968,1324.0,1438.4285714285713
industrial_changeover,36,8,1,Order1,8,9.93e-05,-0.10333607718348503,1263.0,1259.0,13.904747724533081,1.0635533332824707,14.968301057815552,1241.0,1336.625
industrial_changeover,37,8,2,Order2,8,9.928000000000001e-05,-0.03441033139824867,1205.0,1225.0,13.487015008926392,1.0222530364990234,14.509268045425415,1225.0,1325.25
industrial_changeover,38,8,3,Order3,8,9.926000000000001e-05,0.1905820034444332,1302.0,1246.0,14.422414779663086,1.078733205795288,15.501147985458374,1246.0,1329.875
industrial_changeover,39,8,4,Order4,8,9.924e-05,-0.03204447589814663,1356.0,1264.0,13.16958737373352,1.0041697025299072,14.173757076263428,1259.0,1266.5
industrial_changeover,40,8,5,Order5,8,9.922e-05,-0.08718523010611534,1322.0,1387.0,15.455402851104736,1.1959993839263916,16.651402235031128,1324.0,1432.0
industrial_changeover,41,9,1,Order1,9,9.92e-05,-0.027081367559731007,1328.0,1259.0,13.769834518432617,1.0437030792236328,14.81353759765625,1241.0,1328.0
industrial_changeover,42,9,2,Order2,9,9.918000000000001e-05,-0.002785884775221348,1201.0,1294.0,13.39182448387146,1.0149354934692383,14.406759977340698,1225.0,1321.7777777777778
industrial_changeover,43,9,3,Order3,9,9.916e-05,0.23372889682650566,1331.0,1241.0,14.083215475082397,1.082759141921997,15.165974617004395,1241.0,1320.0
industrial_changeover,44,9,4,Order4,9,9.914e-05,-0.06801391020417213,1295.0,1260.0,13.156657457351685,1.0311365127563477,14.187793970108032,1259.0,1265.7777777777778
industrial_changeover,45,9,5,Order5,9,9.912e-05,-0.10295514017343521,1322.0,1377.0,15.714086771011353,1.1868772506713867,16.90096402168274,1324.0,1425.888888888889
industrial_changeover,46,10,1,Order1,10,9.910000000000001e-05,-0.07550560124218464,1269.0,1325.0,13.769906997680664,1.0489976406097412,14.818904638290405,1241.0,1327.7
industrial_changeover,47,10,2,Order2,10,9.908000000000001e-05,0.07105251587927341,1288.0,1173.0,13.286566734313965,1.0529704093933105,14.339537143707275,1173.0,1306.9
industrial_changeover,48,10,3,Order3,10,9.906e-05,0.24910663440823555,1346.0,1216.0,14.190485954284668,1.0850191116333008,15.275505065917969,1216.0,1309.6
industrial_changeover,49,10,4,Order4,10,9.904e-05,-0.03137228125706315,1356.0,1260.0,13.058417797088623,1.0081486701965332,14.066566467285156,1259.0,1265.2
industrial_changeover,50,10,5,Order5,10,9.902e-05,-0.16452762484550476,1247.0,1314.0,15.694246053695679,1.1982362270355225,16.8924822807312,1314.0,1414.7
industrial_changeover,51,11,1,Order1,11,9.900000000000001e-05,-0.09937334433197975,1255.0,1266.0,13.781300067901611,1.058793306350708,14.84009337425232,1241.0,1322.090909090909
industrial_changeover,52,11,2,Order2,11,9.898e-05,0.14860917255282402,1353.0,1261.0,13.514543533325195,1.0129828453063965,14.527526378631592,1173.0,1302.7272727272727
industrial_changeover,53,11,3,Order3,11,9.896000000000001e-05,0.19970766827464104,1301.0,1241.0,14.211426734924316,1.1184489727020264,15.329875707626343,1216.0,1303.3636363636363
industrial_changeover,54,11,4,Order4,11,9.894e-05,-0.08595638163387775,1274.0,1259.0,13.07949948310852,1.0026466846466064,14.082146167755127,1259.0,1264.6363636363637
industrial_changeover,55,11,5,Order5,11,9.892e-05,-0.1387193575501442,1271.0,1314.0,15.818338871002197,1.182581901550293,17.00092077255249,1314.0,1405.5454545454545
industrial_changeover,56,12,1,Order1,12,9.89e-05,-0.06147302687168121,1274.0,1291.0,13.71129846572876,1.0498085021972656,14.761106967926025,1241.0,1319.5
industrial_changeover,57,12,2,Order2,12,9.888e-05,-0.011757881147786975,1172.0,1178.0,13.441126585006714,1.024406909942627,14.46553349494934,1173.0,1292.3333333333333
industrial_changeover,58,12,3,Order3,12,9.886000000000001e-05,0.21424278244376183,1281.0,1241.0,14.036187648773193,1.0795223712921143,15.115710020065308,1216.0,1298.1666666666667
industrial_changeover,59,12,4,Order4,12,9.884e-05,0.03261349909007549,1358.0,1281.0,13.205732345581055,1.0146260261535645,14.22035837173462,1259.0,1266.0
industrial_changeover,60,12,5,Order5,12,9.882e-05,-0.04403263051062822,1356.0,1306.0,15.665822744369507,1.1907052993774414,16.85652804374695,1306.0,1397.25
industrial_changeover,61,13,1,Order1,13,9.88e-05,-0.055383097380399704,1274.0,1266.0,13.858961343765259,1.0473058223724365,14.906267166137695,1241.0,1315.3846153846155
industrial_changeover,62,13,2,Order2,13,9.878e-05,0.053645032458007336,1295.0,1178.0,13.377387762069702,1.0174560546875,14.394843816757202,1173.0,1283.5384615384614
industrial_changeover,63,13,3,Order3,13,9.876000000000001e-05,0.3727906495332718,1509.0,1241.0,14.523838996887207,1.0728747844696045,15.596713781356812,1216.0,1293.7692307692307
industrial_changeover,64,13,4,Order4,13,9.874e-05,-0.08250336349010468,1362.0,1259.0,13.289224863052368,1.0132133960723877,14.302438259124756,1259.0,1265.4615384615386
industrial_changeover,65,13,5,Order5,13,9.872e-05,-0.1792176365852356,1356.0,1356.0,15.9620201587677,1.2872238159179688,17.24924397468567,1306.0,1394.076923076923
industrial_changeover,66,14,1,Order1,14,9.87e-05,-0.13179407268762589,1327.0,1266.0,14.809247493743896,1.134828805923462,15.944076299667358,1241.0,1311.857142857143
industrial_changeover,67,14,2,Order2,14,9.868000000000001e-05,-0.06355576496571302,1211.0,1261.0,14.124866724014282,1.0859463214874268,15.210813045501709,1173.0,1281.9285714285713
industrial_changeover,68,14,3,Order3,14,9.866000000000001e-05,0.29828690737485886,1422.0,1434.0,14.798039197921753,1.1655609607696533,15.963600158691406,1216.0,1303.7857142857142
industrial_changeover,69,14,4,Order4,14,9.864e-05,-4.102467210032046e-05,1362.0,1259.0,14.20239543914795,1.1411030292510986,15.343498468399048,1259.0,1265.0
industrial_changeover,70,14,5,Order5,14,9.862e-05,-0.04433043021708727,1396.0,1353.0,16.589272260665894,1.2492210865020752,17.83849334716797,1306.0,1391.142857142857
industrial_changeover,71,15,1,Order1,15,9.86e-05,-0.10620658285915852,1241.0,1266.0,14.204298257827759,1.085742712020874,15.290040969848633,1241.0,1308.8
industrial_changeover,72,15,2,Order2,15,9.858000000000001e-05,0.0005712700076401234,1234.0,1225.0,15.189993381500244,1.092341423034668,16.282334804534912,1173.0,1278.1333333333334
industrial_changeover,73,15,3,Order3,15,9.856e-05,0.20922359824180603,1348.0,1246.0,14.580533504486084,1.1055200099945068,15.68605351448059,1216.0,1299.9333333333334
industrial_changeover,74,15,4,Order4,15,9.854000000000002e-05,-0.019567058887332678,1356.0,1268.0,13.519447565078735,1.0415675640106201,14.561015129089355,1259.0,1265.2
industrial_changeover,75,15,5,Order5,15,9.852e-05,-0.14496975392103195,1261.0,1353.0,16.32725691795349,1.2028868198394775,17.53014373779297,1306.0,1388.6
industrial_changeover,76,16,1,Order1,16,9.850000000000001e-05,-0.05358543619513512,1292.0,1266.0,13.828848123550415,1.0604398250579834,14.889287948608398,1241.0,1306.125
industrial_changeover,77,16,2,Order2,16,9.848e-05,-0.030947654973715544,1173.0,1249.0,13.387008666992188,1.0858354568481445,14.472844123840332,1173.0,1276.3125
industrial_changeover,78,16,3,Order3,16,9.846e-05,0.30304616689682007,1405.0,1350.0,16.054393529891968,1.1306416988372803,17.185035228729248,1216.0,1303.0625
industrial_changeover,79,16,4,Order4,16,9.844000000000001e-05,0.012025531847029924,1362.0,1268.0,13.837486505508423,1.0695505142211914,14.907037019729614,1259.0,1265.375
industrial_changeover,80,16,5,Order5,16,9.842e-05,-0.014340309891849756,1449.0,1448.0,16.120479822158813,1.208399772644043,17.328879594802856,1306.0,1392.3125
industrial_changeover,81,17,1,Order1,17,9.84e-05,-0.1070882473140955,1255.0,1266.0,14.398448944091797,1.0690577030181885,15.467506647109985,1241.0,1303.764705882353
industrial_changeover,82,17,2,Order2,17,9.838e-05,0.012126455083489418,1308.0,1337.0,13.72026777267456,1.0355405807495117,14.755808353424072,1173.0,1279.8823529411766
industrial_changeover,83,17,3,Order3,17,9.836000000000001e-05,0.18139787018299103,1381.0,1348.0,14.824455261230469,1.1359162330627441,15.960371494293213,1216.0,1305.7058823529412
industrial_changeover,84,17,4,Order4,17,9.834000000000001e-05,-0.11290268041193485,1264.0,1268.0,13.640840291976929,1.0650739669799805,14.70591425895691,1259.0,1265.5294117647059
industrial_changeover,85,17,5,Order5,17,9.832000000000001e-05,-0.13459747284650803,1294.0,1448.0,16.354795932769775,1.205484390258789,17.560280323028564,1306.0,1395.5882352941176
industrial_changeover,86,18,1,Order1,18,9.83e-05,-0.052547819912433624,1318.0,1266.0,14.07294249534607,1.0599744319915771,15.132916927337646,1241.0,1301.6666666666667
industrial_changeover,87,18,2,Order2,18,9.828e-05,0.17193004861474037,1413.0,1337.0,14.090819835662842,1.0302162170410156,15.121036052703857,1173.0,1283.0555555555557
industrial_changeover,88,18,3,Order3,18,9.826000000000001e-05,0.29211242496967316,1434.0,1350.0,14.943866968154907,1.2220394611358643,16.16590642929077,1216.0,1308.1666666666667
industrial_changeover,89,18,4,Order4,18,9.824000000000001e-05,-0.0422129537910223,1362.0,1268.0,14.055490016937256,1.041234016418457,15.096724033355713,1259.0,1265.6666666666667
industrial_changeover,90,18,5,Order5,18,9.822e-05,-0.16695823520421982,1301.0,1448.0,16.404834747314453,1.2456457614898682,17.65048050880432,1306.0,1398.5
industrial_changeover,91,19,1,Order1,19,9.82e-05,-0.12159088253974915,1311.0,1266.0,15.01955795288086,1.123704195022583,16.143262147903442,1241.0,1299.7894736842106
industrial_changeover,92,19,2,Order2,19,9.818000000000001e-05,0.02792246313765645,1288.0,1337.0,15.523688077926636,1.062047004699707,16.585735082626343,1173.0,1285.8947368421052
industrial_changeover,93,19,3,Order3,19,9.816000000000001e-05,0.06274598184973001,1213.0,1350.0,15.063368797302246,1.119645595550537,16.183014392852783,1216.0,1310.3684210526317
industrial_changeover,94,19,4,Order4,19,9.814e-05,-0.04798406269401312,1253.0,1268.0,13.626938581466675,1.0649709701538086,14.691909551620483,1259.0,1265.7894736842106
industrial_changeover,95,19,5,Order5,19,9.812e-05,0.13564224913716316,1559.0,1448.0,16.034507751464844,1.2510037422180176,17.28551149368286,1306.0,1401.1052631578948
industrial_changeover,96,20,1,Order1,20,9.81e-05,0.008344877976924181,1343.0,1266.0,13.965843677520752,1.0965404510498047,15.062384128570557,1241.0,1298.1
industrial_changeover,97,20,2,Order2,20,9.808000000000001e-05,-0.016593716572970152,1225.0,1337.0,13.914544582366943,1.0469133853912354,14.961457967758179,1173.0,1288.45
industrial_changeover,98,20,3,Order3,20,9.806e-05,0.06325357221066952,1266.0,1350.0,14.603219270706177,1.107853889465332,15.711073160171509,1216.0,1312.35
industrial_changeover,99,20,4,Order4,20,9.804e-05,-0.08427937515079975,1273.0,1266.0,10.961621761322021,0.46201300621032715,11.423634767532349,1259.0,1265.8
industrial_changeover,100,20,5,Order5,20,9.802e-05,-0.024548291228711605,1420.0,1483.0,12.048002004623413,1.1986443996429443,13.246646404266357,1306.0,1405.2
industrial_changeover,101,21,1,Order1,21,9.8e-05,-0.019406447187066078,1322.0,1266.0,13.95241093635559,1.0441663265228271,14.996577262878418,1241.0,1296.5714285714287
industrial_changeover,102,21,2,Order2,21,9.798000000000001e-05,0.04467298183590174,1296.0,1337.0,13.543063163757324,1.0633189678192139,14.606382131576538,1173.0,1290.7619047619048
industrial_changeover,103,21,3,Order3,21,9.796e-05,0.1478581391274929,1319.0,1350.0,14.347849130630493,1.0971119403839111,15.444961071014404,1216.0,1314.142857142857
industrial_changeover,104,21,4,Order4,21,9.794000000000001e-05,-0.04758369363844395,1315.0,1259.0,13.357577800750732,1.015683650970459,14.373261451721191,1259.0,1265.4761904761904
industrial_changeover,105,21,5,Order5,21,9.792e-05,-0.09354892373085022,1387.0,1483.0,15.998104333877563,1.2326154708862305,17.230719804763794,1306.0,1408.904761904762
industrial_changeover,106,22,1,Order1,22,9.790000000000001e-05,-0.07651617750525475,1263.0,1259.0,13.933566331863403,1.0605716705322266,14.99413800239563,1241.0,1294.8636363636363
industrial_changeover,107,22,2,Order2,22,9.788e-05,-0.04389391839504242,1177.0,1337.0,13.79410433769226,1.0555076599121094,14.84961199760437,1173.0,1292.8636363636363
industrial_changeover,108,22,3,Order3,22,9.786e-05,0.16948063671588898,1302.0,1398.0,14.458262205123901,1.1334466934204102,15.591708898544312,1216.0,1317.9545454545455
industrial_changeover,109,22,4,Order4,22,9.784000000000001e-05,-0.014140417333692312,1269.0,1268.0,13.44744062423706,1.031698226928711,14.479138851165771,1259.0,1265.590909090909
industrial_changeover,110,22,5,Order5,22,9.782e-05,0.04776420071721077,1467.0,1483.0,16.075705766677856,1.294506311416626,17.370212078094482,1306.0,1412.2727272727273
industrial_changeover,111,23,1,Order1,23,9.78e-05,-0.01432346529327333,1323.0,1282.0,14.02803659439087,1.1070878505706787,15.135124444961548,1241.0,1294.304347826087
industrial_changeover,112,23,2,Order2,23,9.778e-05,0.05497350823134184,1305.0,1337.0,13.504042625427246,1.051764726638794,14.55580735206604,1173.0,1294.7826086956522
industrial_changeover,113,23,3,Order3,23,9.776000000000001e-05,0.16951647028326988,1405.0,1398.0,14.565651416778564,1.1016976833343506,15.667349100112915,1216.0,1321.4347826086957
industrial_changeover,114,23,4,Order4,23,9.774000000000001e-05,-0.09657892026007175,1310.0,1268.0,13.55974793434143,1.0501518249511719,14.609899759292603,1259.0,1265.695652173913
industrial_changeover,115,23,5,Order5,23,9.772e-05,-0.17820392921566963,1301.0,1483.0,15.977877378463745,1.193312644958496,17.17119002342224,1306.0,1415.3478260869565
industrial_changeover,116,24,1,Order1,24,9.77e-05,-0.08205892704427242,1295.0,1241.0,13.843435049057007,1.0524373054504395,14.895872354507446,1241.0,1292.0833333333333
industrial_changeover,117,24,2,Order2,24,9.768e-05,-0.006064451648853719,1205.0,1337.0,13.40739393234253,1.0205857753753662,14.427979707717896,1173.0,1296.5416666666667
industrial_changeover,118,24,3,Order3,24,9.766000000000001e-05,0.13018935918807983,1235.0,1397.0,14.353192567825317,1.0974366664886475,15.450629234313965,1216.0,1324.5833333333333
industrial_changeover,119,24,4,Order4,24,9.764000000000001e-05,0.05472071561962366,1312.0,1282.0,13.369287490844727,1.0181987285614014,14.387486219406128,1259.0,1266.375
industrial_changeover,120,24,5,Order5,24,9.762e-05,0.039446002803742886,1445.0,1483.0,15.822291135787964,1.2048909664154053,17.02718210220337,1306.0,1418.1666666666667
industrial_changeover,121,25,1,Order1,25,9.76e-05,-0.03503582999110222,1275.0,1241.0,13.898032426834106,1.0627002716064453,14.960732698440552,1241.0,1290.04
industrial_changeover,122,25,2,Order2,25,9.758000000000001e-05,-0.026731309946626425,1209.0,1337.0,13.636470556259155,1.0492994785308838,14.685770034790039,1173.0,1298.16
industrial_changeover,123,25,3,Order3,25,9.756000000000001e-05,0.23181990534067154,1434.0,1350.0,14.279844999313354,1.1194484233856201,15.399293422698975,1216.0,1325.6
industrial_changeover,124,25,4,Order4,25,9.754e-05,-0.0710052065551281,1291.0,1268.0,13.607494115829468,1.031606674194336,14.639100790023804,1259.0,1266.44
industrial_changeover,125,25,5,Order5,25,9.752e-05,-0.010922000044956803,1527.0,1483.0,15.968895196914673,1.2350883483886719,17.203983545303345,1306.0,1420.76
industrial_changeover,126,26,1,Order1,26,9.75e-05,-0.12530374340713024,1250.0,1234.0,14.098090887069702,1.114445686340332,15.212536573410034,1234.0,1287.8846153846155
industrial_changeover,127,26,2,Order2,26,9.748000000000001e-05,-0.07245692983269691,1208.0,1337.0,13.614431142807007,1.097334623336792,14.711765766143799,1173.0,1299.6538461538462
industrial_changeover,128,26,3,Order3,26,9.746e-05,0.14755553752183914,1335.0,1384.0,14.533933639526367,1.1235296726226807,15.657463312149048,1216.0,1327.8461538461538
industrial_changeover,129,26,4,Order4,26,9.744000000000002e-05,-0.009865110041573644,1327.0,1275.0,13.554620265960693,1.044097900390625,14.598718166351318,1259.0,1266.7692307692307
industrial_changeover,130,26,5,Order5,26,9.742e-05,-0.034791331738233566,1423.0,1483.0,16.080312490463257,1.2004132270812988,17.280725717544556,1306.0,1423.1538461538462
industrial_changeover,131,27,1,Order1,27,9.74e-05,-0.023160306736826897,1285.0,1241.0,13.639132976531982,1.0567491054534912,14.695882081985474,1234.0,1286.148148148148
industrial_changeover,132,27,2,Order2,27,9.738e-05,0.047864096239209175,1295.0,1337.0,13.584683179855347,1.0237221717834473,14.608405351638794,1173.0,1301.037037037037
industrial_changeover,133,27,3,Order3,27,9.736e-05,0.208866648375988,1422.0,1384.0,14.268308162689209,1.0846498012542725,15.352957963943481,1216.0,1329.9259259259259
industrial_changeover,134,27,4,Order4,27,9.734000000000001e-05,-0.0717696100473404,1294.0,1275.0,13.44258737564087,1.0253033638000488,14.467890739440918,1259.0,1267.0740740740741
industrial_changeover,135,27,5,Order5,27,9.732e-05,-0.11570767872035503,1432.0,1483.0,15.96374249458313,1.221956491470337,17.185698986053467,1306.0,1425.3703703703704
industrial_changeover,136,28,1,Order1,28,9.730000000000001e-05,-0.0865407008677721,1273.0,1241.0,13.795082092285156,1.0665154457092285,14.861597537994385,1234.0,1284.5357142857142
industrial_changeover,137,28,2,Order2,28,9.728e-05,0.03307061828672886,1290.0,1337.0,13.658922910690308,1.0685317516326904,14.727454662322998,1173.0,1302.3214285714287
industrial_changeover,138,28,3,Order3,28,9.726e-05,0.07261146046221256,1244.0,1397.0,14.494570970535278,1.0978946685791016,15.59246563911438,1216.0,1332.3214285714287
industrial_changeover,139,28,4,Order4,28,9.724000000000001e-05,0.027838832698762417,1314.0,1268.0,13.390010118484497,1.0168969631195068,14.406907081604004,1259.0,1267.107142857143
industrial_changeover,140,28,5,Order5,28,9.722e-05,0.06175130978226662,1538.0,1483.0,15.898706912994385,1.2482452392578125,17.146952152252197,1306.0,1427.4285714285713
industrial_changeover,141,29,1,Order1,29,9.72e-05,-0.052946217358112335,1274.0,1241.0,14.469937324523926,1.0697576999664307,15.539695024490356,1234.0,1283.0344827586207
industrial_changeover,142,29,2,Order2,29,9.718e-05,0.06173623912036419,1353.0,1354.0,13.591660499572754,1.0362577438354492,14.627918243408203,1173.0,1304.103448275862
industrial_changeover,143,29,3,Order3,29,9.716000000000001e-05,-0.005542140454053879,1246.0,1457.0,14.238824844360352,1.098463535308838,15.33728837966919,1216.0,1336.6206896551723
industrial_changeover,144,29,4,Order4,29,9.714000000000001e-05,-0.10026326589286327,1236.0,1268.0,13.490943193435669,1.0245227813720703,14.51546597480774,1259.0,1267.1379310344828
industrial_changeover,145,29,5,Order5,29,9.712e-05,-0.026087225414812565,1508.0,1483.0,16.06224513053894,1.2590398788452148,17.321285009384155,1306.0,1429.344827586207
industrial_changeover,146,30,1,Order1,30,9.71e-05,-0.026428078766912222,1266.0,1241.0,14.086608171463013,1.106515884399414,15.193124055862427,1234.0,1281.6333333333334
industrial_changeover,147,30,2,Order2,30,9.708e-05,9.949922969099134e-05,1188.0,1337.0,13.591453552246094,1.0887300968170166,14.68018364906311,1173.0,1305.2
industrial_changeover,148,30,3,Order3,30,9.706000000000001e-05,0.14194868132472038,1302.0,1457.0,14.277579069137573,1.175628900527954,15.453207969665527,1216.0,1340.6333333333334
industrial_changeover,149,30,4,Order4,30,9.704e-05,0.031990050338208675,1290.0,1268.0,13.751651763916016,1.1156952381134033,14.867347002029419,1259.0,1267.1666666666667
industrial_changeover,150,30,5,Order5,30,9.702e-05,0.010517373448237777,1522.0,1483.0,16.159199476242065,1.2167036533355713,17.375903129577637,1306.0,1431.1333333333334
industrial_changeover,151,31,1,Order1,31,9.7e-05,-0.060297297313809395,1280.0,1241.0,14.277042150497437,1.087172508239746,15.364214658737183,1234.0,1280.3225806451612
industrial_changeover,152,31,2,Order2,31,9.698000000000001e-05,-0.1045988854020834,1177.0,1337.0,13.772853136062622,1.066936731338501,14.839789867401123,1173.0,1306.225806451613
industrial_changeover,153,31,3,Order3,31,9.696000000000001e-05,0.03094275016337633,1235.0,1457.0,14.582302331924438,1.1198720932006836,15.702174425125122,1216.0,1344.3870967741937
industrial_changeover,154,31,4,Order4,31,9.694e-05,0.005580387427471578,1249.0,1266.0,13.426691770553589,1.030829668045044,14.457521438598633,1259.0,1267.1290322580646
industrial_changeover,155,31,5,Order5,31,9.692e-05,-0.008109275018796325,1372.0,1471.0,15.947793006896973,1.2219948768615723,17.169787883758545,1306.0,1432.4193548387098
industrial_changeover,156,32,1,Order1,32,9.69e-05,0.02264048345386982,1285.0,1241.0,14.099186420440674,1.078747272491455,15.177933692932129,1234.0,1279.09375
industrial_changeover,157,32,2,Order2,32,9.688000000000001e-05,0.013959991047158837,1192.0,1341.0,13.683571100234985,1.0844178199768066,14.767988920211792,1173.0,1307.3125
industrial_changeover,158,32,3,Order3,32,9.686e-05,0.11783631518483162,1301.0,1384.0,14.43949031829834,1.0827648639678955,15.522255182266235,1216.0,1345.625
industrial_changeover,159,32,4,Order4,32,9.684000000000001e-05,0.042616214603185654,1359.0,1266.0,13.73817491531372,1.0429232120513916,14.781098127365112,1259.0,1267.09375
industrial_changeover,160,32,5,Order5,32,9.682e-05,-0.07545060105621815,1379.0,1471.0,16.25966238975525,1.226332426071167,17.485994815826416,1306.0,1433.625
industrial_changeover,161,33,1,Order1,33,9.680000000000001e-05,-0.08753637783229351,1258.0,1241.0,13.966057777404785,1.072232961654663,15.038290739059448,1234.0,1277.939393939394
industrial_changeover,162,33,2,Order2,33,9.678e-05,0.06157649867236614,1386.0,1337.0,13.35926866531372,1.0287222862243652,14.387990951538086,1173.0,1308.2121212121212
industrial_changeover,163,33,3,Order3,33,9.676e-05,0.11758405342698097,1337.0,1457.0,14.50271224975586,1.1061062812805176,15.608818531036377,1216.0,1349.0
industrial_changeover,164,33,4,Order4,33,9.674000000000001e-05,-0.029165692161768675,1304.0,1268.0,13.542654037475586,1.0049724578857422,14.547626495361328,1259.0,1267.121212121212
industrial_changeover,165,33,5,Order5,33,9.672e-05,-0.08587336726486683,1381.0,1483.0,15.990521669387817,1.2166855335235596,17.207207202911377,1306.0,1435.121212121212
industrial_changeover,166,34,1,Order1,34,9.67e-05,-0.07387638464570045,1284.0,1241.0,13.958681583404541,1.0687525272369385,15.02743411064148,1234.0,1276.8529411764705
industrial_changeover,167,34,2,Order2,34,9.668e-05,0.007080618874169886,1260.0,1337.0,13.71895456314087,1.026808261871338,14.745762825012207,1173.0,1309.0588235294117
industrial_changeover,168,34,3,Order3,34,9.666e-05,0.06953037343919277,1242.0,1457.0,14.442827939987183,1.10282564163208,15.545653581619263,1216.0,1352.1764705882354
industrial_changeover,169,34,4,Order4,34,9.664000000000001e-05,0.045833006501197815,1307.0,1268.0,13.299665212631226,1.0199317932128906,14.319597005844116,1259.0,1267.1470588235295
industrial_changeover,170,34,5,Order5,34,9.661999999999999e-05,0.02941859047859907,1443.0,1483.0,15.71384882926941,1.1853671073913574,16.899215936660767,1306.0,1436.5294117647059
industrial_changeover,171,35,1,Order1,35,9.66e-05,-0.023493198677897453,1319.0,1241.0,13.94769024848938,1.0548756122589111,15.002565860748291,1234.0,1275.8285714285714
industrial_changeover,172,35,2,Order2,35,9.658e-05,0.09308683313429356,1425.0,1337.0,13.393895864486694,1.0243937969207764,14.41828966140747,1173.0,1309.857142857143
industrial_changeover,173,35,3,Order3,35,9.656000000000001e-05,-0.040549030527472496,1241.0,1457.0,14.19360065460205,1.0843455791473389,15.27794623374939,1216.0,1355.1714285714286
industrial_changeover,174,35,4,Order4,35,9.654000000000001e-05,-0.020353357307612896,1355.0,1266.0,13.357845067977905,1.0126020908355713,14.370447158813477,1259.0,1267.1142857142856
industrial_changeover,175,35,5,Order5,35,9.652e-05,-0.08734496682882309,1445.0,1483.0,15.815281629562378,1.2065324783325195,17.021814107894897,1306.0,1437.857142857143
industrial_changeover,176,36,1,Order1,36,9.65e-05,-0.04749539401382208,1265.0,1241.0,13.809375286102295,1.052534580230713,14.861909866333008,1234.0,1274.861111111111
industrial_changeover,177,36,2,Order2,36,9.648e-05,0.04932403564453125,1288.0,1337.0,13.380275249481201,1.0173544883728027,14.397629737854004,1173.0,1310.611111111111
industrial_changeover,178,36,3,Order3,36,9.646000000000001e-05,0.07638442143797874,1245.0,1457.0,14.233344554901123,1.0799212455749512,15.313265800476074,1216.0,1358.0
industrial_changeover,179,36,4,Order4,36,9.644e-05,0.07024092599749565,1356.0,1266.0,13.307020902633667,1.050546407699585,14.357567310333252,1259.0,1267.0833333333333
industrial_changeover,180,36,5,Order5,36,9.642e-05,-0.019899803679436445,1461.0,1471.0,15.781638145446777,1.196885347366333,16.97852349281311,1306.0,1438.7777777777778
industrial_changeover,181,37,1,Order1,37,9.64e-05,-0.03638043813407421,1339.0,1241.0,13.806121587753296,0.9932875633239746,14.79940915107727,1234.0,1273.945945945946
industrial_changeover,182,37,2,Order2,37,9.638000000000001e-05,-0.10691249184310436,1177.0,1341.0,13.508459568023682,1.061352014541626,14.569811582565308,1173.0,1311.4324324324325
industrial_changeover,183,37,3,Order3,37,9.636e-05,0.11105841398239136,1346.0,1384.0,14.52406120300293,1.0933277606964111,15.61738896369934,1216.0,1358.7027027027027
industrial_changeover,184,37,4,Order4,37,9.634e-05,0.021331211552023888,1344.0,1266.0,13.139778852462769,1.035506248474121,14.17528510093689,1259.0,1267.054054054054
industrial_changeover,185,37,5,Order5,37,9.632000000000001e-05,-0.05795351229608059,1386.0,1432.0,15.707513570785522,1.207056999206543,16.914570569992065,1306.0,1438.5945945945946
industrial_changeover,186,38,1,Order1,38,9.63e-05,0.12205889448523521,1502.0,1241.0,13.874320983886719,1.054194688796997,14.928515672683716,1234.0,1273.078947368421
industrial_changeover,187,38,2,Order2,38,9.628e-05,-0.07559226639568806,1173.0,1383.0,13.477960586547852,1.0183241367340088,14.49628472328186,1173.0,1313.3157894736842
industrial_changeover,188,38,3,Order3,38,9.626e-05,0.015292016556486487,1277.0,1346.0,14.257861852645874,1.0920844078063965,15.34994626045227,1216.0,1358.3684210526317
industrial_changeover,189,38,4,Order4,38,9.624000000000001e-05,-0.05409438069909811,1296.0,1266.0,13.289528131484985,1.0122008323669434,14.301728963851929,1259.0,1267.0263157894738
industrial_changeover,190,38,5,Order5,38,9.622e-05,-0.011893006740137935,1490.0,1447.0,15.73903512954712,1.2070066928863525,16.94604182243347,1306.0,1438.8157894736842
industrial_changeover,191,39,1,Order1,39,9.620000000000001e-05,0.04036199953407049,1336.0,1241.0,14.179718494415283,1.070387363433838,15.250105857849121,1234.0,1272.2564102564102
industrial_changeover,192,39,2,Order2,39,9.618e-05,-0.002863418310880661,1202.0,1383.0,13.64298152923584,1.0478215217590332,14.690803050994873,1173.0,1315.1025641025642
industrial_changeover,193,39,3,Order3,39,9.616e-05,0.05958643741905689,1277.0,1346.0,14.314666748046875,1.0855565071105957,15.40022325515747,1216.0,1358.051282051282
industrial_changeover,194,39,4,Order4,39,9.614000000000001e-05,-0.05305228289216757,1254.0,1266.0,13.306226968765259,1.0187346935272217,14.32496166229248,1259.0,1267.0
industrial_changeover,195,39,5,Order5,39,9.612000000000001e-05,-0.05425396282225847,1399.0,1389.0,15.84199571609497,1.2107627391815186,17.05275845527649,1306.0,1437.5384615384614
industrial_changeover,196,40,1,Order1,40,9.61e-05,0.04651096649467945,1374.0,1241.0,13.904186725616455,0.9750988483428955,14.87928557395935,1234.0,1271.475
industrial_changeover,197,40,2,Order2,40,9.608e-05,0.051558288745582104,1278.0,1383.0,13.650404214859009,1.0061109066009521,14.656515121459961,1173.0,1316.8
industrial_changeover,198,40,3,Order3,40,9.606000000000001e-05,0.009748935932293534,1227.0,1346.0,14.438386678695679,1.1053252220153809,15.54371190071106,1216.0,1357.75
industrial_changeover,199,40,4,Order4,40,9.604000000000001e-05,-0.007202736916951835,1316.0,1266.0,8.728290796279907,0.42427730560302734,9.152568101882935,1259.0,1266.975
industrial_changeover,200,40,5,Order5,40,9.601999999999999e-05,-0.0826388243585825,1342.0,1389.0,12.202548742294312,1.1971402168273926,13.399688959121704,1306.0,1436.325
industrial_changeover,201,41,1,Order1,41,9.6e-05,-0.029504792764782906,1259.0,1241.0,14.05425477027893,1.0621922016143799,15.11644697189331,1234.0,1270.7317073170732
industrial_changeover,202,41,2,Order2,41,9.598e-05,-0.0030603352352045476,1183.0,1383.0,14.07900357246399,1.0369019508361816,15.115905523300171,1173.0,1318.4146341463415
industrial_changeover,203,41,3,Order3,41,9.596000000000001e-05,0.08479086495935917,1227.0,1346.0,14.443667888641357,1.1311872005462646,15.574855089187622,1216.0,1357.4634146341464
industrial_changeover,204,41,4,Order4,41,9.594e-05,0.04304493125528097,1290.0,1266.0,13.62242078781128,1.0273690223693848,14.649789810180664,1259.0,1266.9512195121952
industrial_changeover,205,41,5,Order5,41,9.592e-05,0.0009938431612681597,1388.0,1389.0,16.27373433113098,1.2429816722869873,17.51671600341797,1306.0,1435.1707317073171
industrial_changeover,206,42,1,Order1,42,9.59e-05,-0.030589657835662365,1250.0,1241.0,13.94745659828186,1.1066858768463135,15.054142475128174,1234.0,1270.0238095238096
industrial_changeover,207,42,2,Order2,42,9.588e-05,-0.02492365427315235,1205.0,1383.0,14.05147123336792,1.0386865139007568,15.090157747268677,1173.0,1319.952380952381
industrial_changeover,208,42,3,Order3,42,9.586000000000001e-05,0.20027802884578705,1422.0,1346.0,14.575852155685425,1.1022331714630127,15.678085327148438,1216.0,1357.1904761904761
industrial_changeover,209,42,4,Order4,42,9.584e-05,-0.01308823423460126,1321.0,1266.0,13.464933395385742,1.019503116607666,14.484436511993408,1259.0,1266.9285714285713
industrial_changeover,210,42,5,Order5,42,9.582000000000001e-05,-0.06610300578176975,1509.0,1447.0,15.901488780975342,1.2172589302062988,17.11874771118164,1306.0,1435.452380952381
industrial_changeover,211,43,1,Order1,43,9.58e-05,0.013221078785136342,1453.0,1241.0,13.927567958831787,1.0788156986236572,15.006383657455444,1234.0,1269.3488372093022
industrial_changeover,212,43,2,Order2,43,9.578000000000001e-05,-0.08477910421788692,1197.0,1383.0,13.593408346176147,1.0697791576385498,14.663187503814697,1173.0,1321.4186046511627
industrial_changeover,213,43,3,Order3,43,9.576e-05,0.07756754569709301,1370.0,1346.0,14.52595591545105,1.0631773471832275,15.589133262634277,1216.0,1356.9302325581396
industrial_changeover,214,43,4,Order4,43,9.574e-05,-0.009392790496349335,1314.0,1266.0,13.616774559020996,1.05839204788208,14.675166606903076,1259.0,1266.906976744186
industrial_changeover,215,43,5,Order5,43,9.572000000000001e-05,-0.10051466338336468,1293.0,1389.0,16.11340856552124,1.3012127876281738,17.414621353149414,1306.0,1434.3720930232557
industrial_changeover,216,44,1,Order1,44,9.57e-05,0.08996681869029999,1443.0,1241.0,14.077327013015747,1.1069278717041016,15.184254884719849,1234.0,1268.7045454545455
industrial_changeover,217,44,2,Order2,44,9.568e-05,0.14335818588733673,1353.0,1383.0,13.665780544281006,1.1119587421417236,14.77773928642273,1173.0,1322.8181818181818
industrial_changeover,218,44,3,Order3,44,9.566e-05,0.013930347049608827,1301.0,1346.0,14.518474817276001,1.1252524852752686,15.64372730255127,1216.0,1356.6818181818182
industrial_changeover,219,44,4,Order4,44,9.564000000000001e-05,-0.12558390945196152,1261.0,1266.0,13.591166496276855,1.060821533203125,14.65198802947998,1259.0,1266.8863636363637
industrial_changeover,220,44,5,Order5,44,9.562000000000001e-05,-0.08610342815518379,1381.0,1389.0,16.17153549194336,1.2254343032836914,17.39696979522705,1306.0,1433.340909090909
industrial_changeover,221,45,1,Order1,45,9.56e-05,-0.04338508099317551,1254.0,1241.0,14.244942903518677,1.0711767673492432,15.31611967086792,1234.0,1268.088888888889
industrial_changeover,222,45,2,Order2,45,9.558e-05,0.20691924169659615,1446.0,1383.0,13.76784873008728,1.058302879333496,14.826151609420776,1173.0,1324.1555555555556
industrial_changeover,223,45,3,Order3,45,9.556e-05,0.08163246884942055,1275.0,1384.0,14.676359415054321,1.133329153060913,15.809688568115234,1216.0,1357.2888888888888
industrial_changeover,224,45,4,Order4,45,9.554000000000001e-05,0.0104679090436548,1358.0,1266.0,13.441622018814087,1.044677734375,14.486299753189087,1259.0,1266.8666666666666
industrial_changeover,225,45,5,Order5,45,9.552000000000001e-05,-0.06829436682164669,1444.0,1447.0,16.09518051147461,1.209303617477417,17.304484128952026,1306.0,1433.6444444444444
industrial_changeover,226,46,1,Order1,46,9.55e-05,-0.1124863289296627,1250.0,1241.0,14.058082342147827,1.0568077564239502,15.114890098571777,1234.0,1267.5
industrial_changeover,227,46,2,Order2,46,9.548e-05,-0.0901913233101368,1172.0,1383.0,13.653788328170776,1.0512259006500244,14.7050142288208,1173.0,1325.4347826086957
industrial_changeover,228,46,3,Order3,46,9.546000000000001e-05,0.23719384148716927,1426.0,1384.0,14.407468318939209,1.1128194332122803,15.52028775215149,1216.0,1357.8695652173913
industrial_changeover,229,46,4,Order4,46,9.544000000000001e-05,0.04885770007967949,1318.0,1266.0,13.634585857391357,1.023864984512329,14.658450841903687,1259.0,1266.8478260869565
industrial_changeover,230,46,5,Order5,46,9.542e-05,-0.003095405932981521,1459.0,1477.0,16.08713436126709,1.2081222534179688,17.29525661468506,1306.0,1434.5869565217392
industrial_changeover,231,47,1,Order1,47,9.54e-05,-0.031883093528449535,1336.0,1241.0,13.973634719848633,1.0764188766479492,15.050053596496582,1234.0,1266.936170212766
industrial_changeover,232,47,2,Order2,47,9.538e-05,-0.10449180565774441,1172.0,1383.0,13.50138807296753,1.0339879989624023,14.535376071929932,1173.0,1326.659574468085
industrial_changeover,233,47,3,Order3,47,9.536000000000001e-05,0.07897419854998589,1381.0,1384.0,14.665550470352173,1.0948154926300049,15.760365962982178,1216.0,1358.4255319148936
industrial_changeover,234,47,4,Order4,47,9.534e-05,0.012287756195291877,1326.0,1266.0,13.33768367767334,1.022897720336914,14.360581398010254,1259.0,1266.8297872340424
industrial_changeover,235,47,5,Order5,47,9.532000000000002e-05,-0.024517524521797895,1509.0,1432.0,15.861478805541992,1.1982336044311523,17.059712409973145,1306.0,1434.531914893617
industrial_changeover,236,48,1,Order1,48,9.53e-05,-0.04508994519710541,1253.0,1241.0,13.847261905670166,1.0675058364868164,14.914767742156982,1234.0,1266.3958333333333
industrial_changeover,237,48,2,Order2,48,9.528000000000001e-05,0.09317580983042717,1350.0,1383.0,13.582089900970459,1.0409927368164062,14.623082637786865,1173.0,1327.8333333333333
industrial_changeover,238,48,3,Order3,48,9.526e-05,0.02136852592229843,1279.0,1384.0,14.629477977752686,1.111391305923462,15.740869283676147,1216.0,1358.9583333333333
industrial_changeover,239,48,4,Order4,48,9.524e-05,-0.03785769548267126,1291.0,1266.0,13.646896123886108,1.032377004623413,14.679273128509521,1259.0,1266.8125
industrial_changeover,240,48,5,Order5,48,9.522000000000001e-05,-0.0723226610571146,1475.0,1540.0,15.926790952682495,1.2360568046569824,17.162847757339478,1306.0,1436.7291666666667
industrial_changeover,241,49,1,Order1,49,9.52e-05,-0.01234858762472868,1325.0,1241.0,14.121357202529907,1.0580224990844727,15.17937970161438,1234.0,1265.8775510204082
industrial_changeover,242,49,2,Order2,49,9.518000000000001e-05,-0.0008527838508598506,1204.0,1341.0,13.373461961746216,1.029876947402954,14.40333890914917,1173.0,1328.1020408163265
industrial_changeover,243,49,3,Order3,49,9.516e-05,0.10854344815015793,1352.0,1384.0,14.428740739822388,1.1510634422302246,15.579804182052612,1216.0,1359.469387755102
industrial_changeover,244,49,4,Order4,49,9.514e-05,0.005314846872352064,1269.0,1266.0,13.771069288253784,1.0320765972137451,14.80314588546753,1259.0,1266.795918367347
industrial_changeover,245,49,5,Order5,49,9.512000000000001e-05,-0.11011727340519428,1299.0,1540.0,15.811625003814697,1.2073338031768799,17.018958806991577,1306.0,1438.8367346938776
industrial_changeover,246,50,1,Order1,50,9.51e-05,-0.027364840265363455,1275.0,1230.0,13.777167081832886,1.055372714996338,14.832539796829224,1230.0,1265.16
industrial_changeover,247,50,2,Order2,50,9.508e-05,-0.00821864535100758,1201.0,1341.0,13.29123330116272,1.0545790195465088,14.345812320709229,1173.0,1328.36
industrial_changeover,248,50,3,Order3,50,9.506e-05,0.09279499761760235,1277.0,1384.0,14.080474615097046,1.1358144283294678,15.216289043426514,1216.0,1359.96
industrial_changeover,249,50,4,Order4,50,9.504000000000001e-05,0.07919641025364399,1317.0,1266.0,13.28041386604309,1.0263876914978027,14.306801557540894,1259.0,1266.78
industrial_changeover,250,50,5,Order5,50,9.502000000000001e-05,0.024412733502686024,1470.0,1477.0,15.73306679725647,1.203726053237915,16.936792850494385,1306.0,1439.6
industrial_changeover,251,51,1,Order1,51,9.5e-05,-0.04763678554445505,1283.0,1241.0,13.728091716766357,1.055232048034668,14.783323764801025,1230.0,1264.686274509804
industrial_changeover,252,51,2,Order2,51,9.498e-05,0.027115597389638424,1366.0,1341.0,13.465236186981201,1.049250841140747,14.514487028121948,1173.0,1328.6078431372548
industrial_changeover,253,51,3,Order3,51,9.496e-05,0.026839070953428745,1331.0,1384.0,14.224795818328857,1.0969164371490479,15.321712255477905,1216.0,1360.4313725490197
industrial_changeover,254,51,4,Order4,51,9.494000000000001e-05,-0.037014189176261425,1353.0,1266.0,13.232242345809937,1.082366943359375,14.314609289169312,1259.0,1266.764705882353
industrial_changeover,255,51,5,Order5,51,9.492e-05,-0.10196273773908615,1386.0,1540.0,15.696401596069336,1.1925342082977295,16.888935804367065,1306.0,1441.5686274509803
industrial_changeover,256,52,1,Order1,52,9.49e-05,-0.036861615255475044,1262.0,1230.0,13.76577877998352,1.050644874572754,14.816423654556274,1230.0,1264.0192307692307
industrial_changeover,257,52,2,Order2,52,9.488e-05,-0.01042344979941845,1195.0,1341.0,13.284762144088745,1.014604091644287,14.299366235733032,1173.0,1328.8461538461538
industrial_changeover,258,52,3,Order3,52,9.486000000000001e-05,0.2147853970527649,1422.0,1384.0,14.302112817764282,1.1082372665405273,15.41035008430481,1216.0,1360.8846153846155
industrial_changeover,259,52,4,Order4,52,9.484e-05,0.026897345203906298,1269.0,1266.0,13.516494512557983,1.0472450256347656,14.563739538192749,1259.0,1266.75
industrial_changeover,260,52,5,Order5,52,9.482e-05,0.018802477978169918,1492.0,1540.0,16.14195966720581,1.259138584136963,17.401098251342773,1306.0,1443.4615384615386
industrial_changeover,261,53,1,Order1,53,9.48e-05,-0.09509211219847202,1255.0,1248.0,14.038138151168823,1.0697929859161377,15.107931137084961,1230.0,1263.7169811320755
industrial_changeover,262,53,2,Order2,53,9.478e-05,0.05311529245227575,1370.0,1341.0,13.951553344726562,1.0531632900238037,15.004716634750366,1173.0,1329.0754716981132
industrial_changeover,263,53,3,Order3,53,9.476000000000001e-05,0.06388022750616074,1423.0,1416.0,14.650362253189087,1.0595815181732178,15.709943771362305,1216.0,1361.9245283018868
industrial_changeover,264,53,4,Order4,53,9.474e-05,-0.058651858009397984,1340.0,1356.0,13.669447898864746,1.0378773212432861,14.707325220108032,1259.0,1268.433962264151
industrial_changeover,265,53,5,Order5,53,9.472000000000001e-05,-0.10284876264631748,1388.0,1540.0,15.840925693511963,1.206073522567749,17.046999216079712,1306.0,1445.2830188679245
industrial_changeover,266,54,1,Order1,54,9.47e-05,-0.05452556535601616,1251.0,1260.0,14.187464952468872,1.0740835666656494,15.261548519134521,1230.0,1263.648148148148
industrial_changeover,267,54,2,Order2,54,9.468000000000001e-05,0.16734935343265533,1353.0,1341.0,13.77083420753479,1.0366849899291992,14.80751919746399,1173.0,1329.2962962962963
industrial_changeover,268,54,3,Order3,54,9.466e-05,0.042405170388519764,1301.0,1350.0,14.602195024490356,1.0953094959259033,15.69750452041626,1216.0,1361.7037037037037
industrial_changeover,269,54,4,Order4,54,9.464e-05,-0.03138771001249552,1264.0,1268.0,13.536323308944702,1.0269684791564941,14.563291788101196,1259.0,1268.4259259259259
industrial_changeover,270,54,5,Order5,54,9.462000000000001e-05,-0.13475343212485313,1303.0,1540.0,16.270384311676025,1.2338953018188477,17.504279613494873,1306.0,1447.037037037037
industrial_changeover,271,55,1,Order1,55,9.46e-05,0.027051803655922413,1322.0,1260.0,14.197676658630371,1.0757050514221191,15.27338171005249,1230.0,1263.581818181818
industrial_changeover,272,55,2,Order2,55,9.458e-05,0.15937326475977898,1425.0,1341.0,13.505522966384888,1.0192055702209473,14.524728536605835,1173.0,1329.509090909091
industrial_changeover,273,55,3,Order3,55,9.456e-05,0.0858810730278492,1380.0,1349.0,14.28570294380188,1.1002833843231201,15.385986328125,1216.0,1361.4727272727273
industrial_changeover,274,55,4,Order4,55,9.454000000000001e-05,0.0009616274328436702,1362.0,1356.0,13.37448263168335,1.0356006622314453,14.410083293914795,1259.0,1270.0181818181818
industrial_changeover,275,55,5,Order5,55,9.452000000000001e-05,-0.11934972740709782,1477.0,1540.0,15.696905612945557,1.1824595928192139,16.87936520576477,1306.0,1448.7272727272727
industrial_changeover,276,56,1,Order1,56,9.449999999999999e-05,-0.07391513139009476,1323.0,1268.0,13.826434850692749,1.0496759414672852,14.876110792160034,1230.0,1263.6607142857142
industrial_changeover,277,56,2,Order2,56,9.448e-05,-0.06583114713430405,1201.0,1341.0,13.668157577514648,1.0406150817871094,14.708772659301758,1173.0,1329.7142857142858
industrial_changeover,278,56,3,Order3,56,9.446e-05,0.14472313970327377,1406.0,1349.0,14.659640789031982,1.1204063892364502,15.780047178268433,1216.0,1361.25
industrial_changeover,279,56,4,Order4,56,9.444000000000001e-05,0.09974570572376251,1359.0,1357.0,13.689045190811157,1.0126452445983887,14.701690435409546,1259.0,1271.5714285714287
industrial_changeover,280,56,5,Order5,56,9.442000000000001e-05,-0.044760290533304214,1388.0,1540.0,16.023701906204224,1.2064247131347656,17.23012661933899,1306.0,1450.357142857143
industrial_changeover,281,57,1,Order1,57,9.44e-05,-0.02338338317349553,1330.0,1268.0,13.835313558578491,1.0376672744750977,14.872980833053589,1230.0,1263.7368421052631
industrial_changeover,282,57,2,Order2,57,9.438e-05,0.0722806490957737,1445.0,1341.0,13.584226608276367,1.0373382568359375,14.621564865112305,1173.0,1329.9122807017543
industrial_changeover,283,57,3,Order3,57,9.436e-05,-0.07684611156582832,1245.0,1444.0,14.317223072052002,1.0954694747924805,15.412692546844482,1216.0,1362.701754385965
industrial_changeover,284,57,4,Order4,57,9.434000000000001e-05,-0.02660286659374833,1300.0,1359.0,13.866626977920532,1.0542957782745361,14.920922756195068,1259.0,1273.1052631578948
industrial_changeover,285,57,5,Order5,57,9.432e-05,0.008035894017666578,1422.0,1540.0,16.30617594718933,1.2944753170013428,17.600651264190674,1306.0,1451.9298245614036
industrial_changeover,286,58,1,Order1,58,9.43e-05,-0.021690660156309605,1254.0,1268.0,14.108980894088745,1.0755980014801025,15.184578895568848,1230.0,1263.8103448275863
industrial_changeover,287,58,2,Order2,58,9.428e-05,0.002390177804045379,1205.0,1366.0,13.473409414291382,1.060422420501709,14.53383183479309,1173.0,1330.5344827586207
industrial_changeover,288,58,3,Order3,58,9.426000000000001e-05,-0.030976813286542892,1188.0,1444.0,14.191182851791382,1.1067547798156738,15.297937631607056,1216.0,1364.103448275862
industrial_changeover,289,58,4,Order4,58,9.424e-05,0.05101228039711714,1282.0,1359.0,13.818833827972412,0.9885799884796143,14.807413816452026,1259.0,1274.5862068965516
industrial_changeover,290,58,5,Order5,58,9.422e-05,0.057884677313268185,1426.0,1540.0,16.136879682540894,1.2360649108886719,17.372944593429565,1306.0,1453.448275862069
industrial_changeover,291,59,1,Order1,59,9.42e-05,0.008197752991691232,1262.0,1268.0,14.307787895202637,1.08036470413208,15.388152599334717,1230.0,1263.8813559322034
industrial_changeover,292,59,2,Order2,59,9.418e-05,-0.04263732023537159,1189.0,1366.0,13.584281921386719,1.0295259952545166,14.613807916641235,1173.0,1331.135593220339
industrial_changeover,293,59,3,Order3,59,9.416e-05,0.16488325968384743,1444.0,1444.0,14.361406803131104,1.0987346172332764,15.46014142036438,1216.0,1365.457627118644
industrial_changeover,294,59,4,Order4,59,9.414e-05,-0.032568493857979774,1278.0,1357.0,13.442985773086548,1.0254802703857422,14.46846604347229,1259.0,1275.9830508474577
industrial_changeover,295,59,5,Order5,59,9.412000000000001e-05,-0.16026127710938454,1299.0,1540.0,15.904430866241455,1.2325530052185059,17.13698387145996,1306.0,1454.915254237288
industrial_changeover,296,60,1,Order1,60,9.410000000000001e-05,-0.041614062152802944,1279.0,1268.0,14.020833969116211,1.0875699520111084,15.10840392112732,1230.0,1263.95
industrial_changeover,297,60,2,Order2,60,9.408000000000001e-05,0.11906732060015202,1364.0,1366.0,13.859111309051514,1.0552260875701904,14.914337396621704,1173.0,1331.7166666666667
industrial_changeover,298,60,3,Order3,60,9.406e-05,0.027091174386441708,1228.0,1349.0,14.3856840133667,1.101804256439209,15.487488269805908,1216.0,1365.1833333333334
industrial_changeover,299,60,4,Order4,60,9.404e-05,0.03568608500063419,1314.0,1357.0,13.251944303512573,1.0172781944274902,14.269222497940063,1259.0,1277.3333333333333
industrial_changeover,300,60,5,Order5,60,9.402000000000001e-05,-0.08914629556238651,1296.0,1540.0,16.072495698928833,1.2452726364135742,17.317768335342407,1306.0,1456.3333333333333
industrial_changeover,301,61,1,Order1,61,9.4e-05,0.019257512409240007,1331.0,1268.0,14.00723910331726,1.076415777206421,15.083654880523682,1230.0,1264.016393442623
industrial_changeover,302,61,2,Order2,61,9.398e-05,0.14685632288455963,1442.0,1366.0,13.551952600479126,1.0235581398010254,14.575510740280151,1173.0,1332.27868852459
industrial_changeover,303,61,3,Order3,61,9.396e-05,0.10815864615142345,1435.0,1350.0,14.246717929840088,1.0823612213134766,15.329079151153564,1216.0,1364.9344262295083
industrial_changeover,304,61,4,Order4,61,9.394000000000001e-05,-0.05019694287329912,1381.0,1356.0,13.27606201171875,1.009164810180664,14.285226821899414,1259.0,1278.622950819672
industrial_changeover,305,61,5,Order5,61,9.392000000000001e-05,-0.16002023965120316,1383.0,1540.0,15.627118587493896,1.1898536682128906,16.816972255706787,1306.0,1457.704918032787
industrial_changeover,306,62,1,Order1,62,9.39e-05,-0.11703110486268997,1234.0,1268.0,13.932769298553467,1.0588655471801758,14.991634845733643,1230.0,1264.0806451612902
industrial_changeover,307,62,2,Order2,62,9.388e-05,0.014730972005054355,1225.0,1341.0,13.44505763053894,1.0328998565673828,14.477957487106323,1173.0,1332.4193548387098
industrial_changeover,308,62,3,Order3,62,9.386e-05,0.09199610911309719,1294.0,1416.0,14.216517210006714,1.1018502712249756,15.31836748123169,1216.0,1365.758064516129
industrial_changeover,309,62,4,Order4,62,9.384000000000001e-05,0.06947552785277367,1272.0,1357.0,13.315553188323975,1.027144432067871,14.342697620391846,1259.0,1279.8870967741937
industrial_changeover,310,62,5,Order5,62,9.382e-05,0.005463273264467716,1403.0,1540.0,15.819855690002441,1.2356791496276855,17.055534839630127,1306.0,1459.032258064516
industrial_changeover,311,63,1,Order1,63,9.38e-05,0.038375950418412685,1322.0,1268.0,13.940759181976318,1.0911550521850586,15.031914234161377,1230.0,1264.142857142857
industrial_changeover,312,63,2,Order2,63,9.378e-05,0.08974455669522285,1353.0,1366.0,13.503065586090088,1.0763201713562012,14.579385757446289,1173.0,1332.952380952381
industrial_changeover,313,63,3,Order3,63,9.376e-05,0.03351037949323654,1398.0,1350.0,14.32164716720581,1.1117157936096191,15.43336296081543,1216.0,1365.5079365079366
industrial_changeover,314,63,4,Order4,63,9.374000000000001e-05,-0.08052673377096653,1296.0,1356.0,13.260928392410278,1.0803217887878418,14.34125018119812,1259.0,1281.095238095238
industrial_changeover,315,63,5,Order5,63,9.372e-05,-0.0983371902257204,1481.0,1540.0,15.814996242523193,1.2143278121948242,17.029324054718018,1306.0,1460.3174603174602
industrial_changeover,316,64,1,Order1,64,9.370000000000001e-05,-0.06501508690416813,1262.0,1260.0,14.057074069976807,1.068124771118164,15.12519884109497,1230.0,1264.078125
industrial_changeover,317,64,2,Order2,64,9.368e-05,0.0068576098419725895,1256.0,1366.0,13.810767650604248,1.0324456691741943,14.843213319778442,1173.0,1333.46875
industrial_changeover,318,64,3,Order3,64,9.366000000000001e-05,0.09375912323594093,1316.0,1359.0,14.076914072036743,1.108461618423462,15.185375690460205,1216.0,1365.40625
industrial_changeover,319,64,4,Order4,64,9.364e-05,0.03726883605122566,1268.0,1274.0,13.301846027374268,1.008173942565918,14.310019969940186,1259.0,1280.984375
industrial_changeover,320,64,5,Order5,64,9.362e-05,-0.03739803098142147,1371.0,1540.0,15.745018482208252,1.187258243560791,16.932276725769043,1306.0,1461.5625
industrial_changeover,321,65,1,Order1,65,9.36e-05,-0.014681009575724602,1260.0,1260.0,13.843205213546753,1.0522170066833496,14.895422220230103,1230.0,1264.0153846153846
industrial_changeover,322,65,2,Order2,65,9.358e-05,0.02995026484131813,1266.0,1366.0,13.41464900970459,1.015213966369629,14.429862976074219,1173.0,1333.9692307692308
industrial_changeover,323,65,3,Order3,65,9.356e-05,-0.014968296745792031,1251.0,1416.0,14.224186897277832,1.0881261825561523,15.312313079833984,1216.0,1366.1846153846154
industrial_changeover,324,65,4,Order4,65,9.354e-05,-0.0013866987428627908,1262.0,1274.0,13.46779465675354,1.0245676040649414,14.492362260818481,1259.0,1280.876923076923
industrial_changeover,325,65,5,Order5,65,9.352000000000001e-05,-0.07389426976442337,1280.0,1540.0,15.863814353942871,1.1963253021240234,17.060139656066895,1306.0,1462.7692307692307
industrial_changeover,326,66,1,Order1,66,9.350000000000001e-05,0.01936092134565115,1268.0,1260.0,14.370132207870483,1.1012372970581055,15.471369504928589,1230.0,1263.9545454545455
industrial_changeover,327,66,2,Order2,66,9.348e-05,0.05417829658836126,1261.0,1366.0,13.741610527038574,1.0493242740631104,14.790934801101685,1173.0,1334.4545454545455
industrial_changeover,328,66,3,Order3,66,9.346e-05,0.09332371316850185,1303.0,1416.0,14.434417247772217,1.0962498188018799,15.530667066574097,1216.0,1366.939393939394
industrial_changeover,329,66,4,Order4,66,9.344e-05,0.06244159210473299,1356.0,1358.0,13.594586610794067,1.0260272026062012,14.620613813400269,1259.0,1282.0454545454545
industrial_changeover,330,66,5,Order5,66,9.342000000000001e-05,-0.06952819228172302,1416.0,1540.0,15.938228845596313,1.2534329891204834,17.191661834716797,1306.0,1463.939393939394
industrial_changeover,331,67,1,Order1,67,9.34e-05,-0.06609942577779293,1280.0,1260.0,14.291330337524414,1.0706117153167725,15.361942052841187,1230.0,1263.8955223880596
industrial_changeover,332,67,2,Order2,67,9.338e-05,0.038025232031941414,1327.0,1366.0,13.657292366027832,1.0341529846191406,14.691445350646973,1173.0,1334.9253731343283
industrial_changeover,333,67,3,Order3,67,9.336e-05,0.014278883580118418,1302.0,1349.0,14.576604127883911,1.1376519203186035,15.714256048202515,1216.0,1366.6716417910447
industrial_changeover,334,67,4,Order4,67,9.334000000000001e-05,0.03353812824934721,1356.0,1358.0,13.24793529510498,1.0340349674224854,14.281970262527466,1259.0,1283.1791044776119
industrial_changeover,335,67,5,Order5,67,9.332000000000001e-05,-0.028065327554941177,1407.0,1540.0,15.6971595287323,1.2022058963775635,16.899365425109863,1306.0,1465.0746268656717
industrial_changeover,336,68,1,Order1,68,9.33e-05,-0.046304766088724136,1264.0,1260.0,13.889594554901123,1.0531971454620361,14.94279170036316,1230.0,1263.8382352941176
industrial_changeover,337,68,2,Order2,68,9.328e-05,0.005193371674977243,1310.0,1366.0,13.522226333618164,1.0273525714874268,14.54957890510559,1173.0,1335.3823529411766
industrial_changeover,338,68,3,Order3,68,9.326e-05,0.1556413285434246,1425.0,1349.0,14.35181736946106,1.0848181247711182,15.436635494232178,1216.0,1366.4117647058824
industrial_changeover,339,68,4,Order4,68,9.324000000000001e-05,-0.025510435923933983,1290.0,1289.0,13.235875368118286,1.0099692344665527,14.245844602584839,1259.0,1283.264705882353
industrial_changeover,340,68,5,Order5,68,9.322e-05,-0.10987416841089725,1399.0,1540.0,15.893507719039917,1.219515085220337,17.113022804260254,1306.0,1466.1764705882354
industrial_changeover,341,69,1,Order1,69,9.32e-05,-0.05190617311745882,1291.0,1230.0,13.873061895370483,1.0507667064666748,14.923828601837158,1230.0,1263.3478260869565
industrial_changeover,342,69,2,Order2,69,9.318e-05,-0.037591591477394104,1175.0,1381.0,13.530760526657104,1.034395694732666,14.56515622138977,1173.0,1336.0434782608695
industrial_changeover,343,69,3,Order3,69,9.316000000000001e-05,0.013272786512970924,1228.0,1384.0,14.351091146469116,1.1124277114868164,15.463518857955933,1216.0,1366.6666666666667
industrial_changeover,344,69,4,Order4,69,9.314e-05,0.044099356047809124,1226.0,1266.0,13.479552984237671,1.020195484161377,14.499748468399048,1259.0,1283.0144927536232
industrial_changeover,345,69,5,Order5,69,9.312e-05,0.036671110428869724,1406.0,1447.0,15.800431251525879,1.2351012229919434,17.035532474517822,1306.0,1465.8985507246377
industrial_changeover,346,70,1,Order1,70,9.310000000000001e-05,0.04193834587931633,1263.0,1230.0,14.132689714431763,1.0892586708068848,15.221948385238647,1230.0,1262.8714285714286
industrial_changeover,347,70,2,Order2,70,9.308e-05,0.04783432278782129,1310.0,1381.0,13.97159481048584,1.0684621334075928,15.040056943893433,1173.0,1336.6857142857143
industrial_changeover,348,70,3,Order3,70,9.306000000000001e-05,-0.043498300947248936,1241.0,1263.0,14.63138747215271,1.1603283882141113,15.791715860366821,1216.0,1365.1857142857143
industrial_changeover,349,70,4,Order4,70,9.304e-05,0.0005053156346548349,1298.0,1266.0,13.56519103050232,1.0269169807434082,14.592108011245728,1259.0,1282.7714285714285
industrial_changeover,350,70,5,Order5,70,9.302e-05,-0.027742478996515274,1443.0,1447.0,16.030902862548828,1.2151405811309814,17.24604344367981,1306.0,1465.6285714285714
industrial_changeover,351,71,1,Order1,71,9.3e-05,-0.021269130986183882,1265.0,1241.0,14.595765352249146,1.0682008266448975,15.663966178894043,1230.0,1262.5633802816901
industrial_changeover,352,71,2,Order2,71,9.298e-05,-0.013975938316434622,1200.0,1331.0,13.471849918365479,1.0507049560546875,14.522554874420166,1173.0,1336.605633802817
industrial_changeover,353,71,3,Order3,71,9.296e-05,0.01556800166144967,1235.0,1263.0,14.477286100387573,1.1010968685150146,15.578382968902588,1216.0,1363.7464788732395
industrial_changeover,354,71,4,Order4,71,9.294e-05,0.0879601277410984,1359.0,1266.0,13.652878761291504,1.0281927585601807,14.681071519851685,1259.0,1282.5352112676057
industrial_changeover,355,71,5,Order5,71,9.292000000000001e-05,0.019277697429060936,1482.0,1447.0,15.95388150215149,1.2312254905700684,17.185106992721558,1306.0,1465.3661971830986
industrial_changeover,356,72,1,Order1,72,9.290000000000001e-05,-0.0013775820843875408,1325.0,1230.0,13.735597372055054,1.0830018520355225,14.818599224090576,1230.0,1262.111111111111
industrial_changeover,357,72,2,Order2,72,9.288e-05,-0.008549058344215155,1285.0,1331.0,13.763853073120117,1.0257210731506348,14.789574146270752,1173.0,1336.5277777777778
industrial_changeover,358,72,3,Order3,72,9.286e-05,0.01730612339451909,1339.0,1263.0,14.627445220947266,1.1037514209747314,15.731196641921997,1216.0,1362.3472222222222
industrial_changeover,359,72,4,Order4,72,9.284e-05,-0.02941417694091797,1316.0,1264.0,13.262014150619507,1.0221354961395264,14.284149646759033,1259.0,1282.2777777777778
industrial_changeover,360,72,5,Order5,72,9.282000000000001e-05,-0.07773038372397423,1351.0,1324.0,15.915984630584717,1.2024903297424316,17.11847496032715,1306.0,1463.4027777777778
industrial_changeover,361,73,1,Order1,73,9.28e-05,-0.018148282542824745,1262.0,1241.0,13.822862386703491,1.0707521438598633,14.893614530563354,1230.0,1261.8219178082193
industrial_changeover,362,73,2,Order2,73,9.278e-05,0.05141281150281429,1288.0,1331.0,13.497896671295166,1.0407793521881104,14.538676023483276,1173.0,1336.4520547945206
industrial_changeover,363,73,3,Order3,73,9.276e-05,0.1530628241598606,1397.0,1263.0,14.392684936523438,1.091198444366455,15.483883380889893,1216.0,1360.986301369863
industrial_changeover,364,73,4,Order4,73,9.274000000000001e-05,-0.02127742161974311,1268.0,1264.0,13.610140323638916,1.0148379802703857,14.624978303909302,1259.0,1282.027397260274
industrial_changeover,365,73,5,Order5,73,9.272e-05,-0.04368749726563692,1475.0,1324.0,15.7947359085083,1.2249834537506104,17.01971936225891,1306.0,1461.4931506849316
industrial_changeover,366,74,1,Order1,74,9.27e-05,-0.03979268949478865,1325.0,1230.0,13.758220911026001,1.0940802097320557,14.852301120758057,1230.0,1261.3918918918919
industrial_changeover,367,74,2,Order2,74,9.268e-05,-0.03697817865759134,1228.0,1331.0,13.356223583221436,1.0799474716186523,14.436171054840088,1173.0,1336.3783783783783
industrial_changeover,368,74,3,Order3,74,9.266e-05,0.07927507720887661,1386.0,1263.0,14.420110702514648,1.1040732860565186,15.524183988571167,1216.0,1359.662162162162
industrial_changeover,369,74,4,Order4,74,9.264000000000001e-05,-0.026056835893541574,1285.0,1264.0,13.353708744049072,1.0540978908538818,14.407806634902954,1259.0,1281.7837837837837
industrial_changeover,370,74,5,Order5,74,9.262e-05,-0.1039692685008049,1263.0,1324.0,15.893058061599731,1.2146096229553223,17.107667684555054,1306.0,1459.6351351351352
industrial_changeover,371,75,1,Order1,75,9.260000000000001e-05,-0.02190725179389119,1212.0,1241.0,13.748108386993408,1.0757691860198975,14.823877573013306,1230.0,1261.12
industrial_changeover,372,75,2,Order2,75,9.258e-05,0.05482231825590134,1191.0,1331.0,13.58234429359436,1.0761518478393555,14.658496141433716,1173.0,1336.3066666666666
industrial_changeover,373,75,3,Order3,75,9.256000000000001e-05,0.08926060236990452,1291.0,1263.0,14.509510040283203,1.1119089126586914,15.621418952941895,1216.0,1358.3733333333332
industrial_changeover,374,75,4,Order4,75,9.254e-05,0.040134815499186516,1269.0,1272.0,13.239140748977661,1.033179521560669,14.27232027053833,1259.0,1281.6533333333334
industrial_changeover,375,75,5,Order5,75,9.252e-05,-0.05427620839327574,1306.0,1324.0,15.958950519561768,1.2204203605651855,17.179370880126953,1306.0,1457.8266666666666
industrial_changeover,376,76,1,Order1,76,9.250000000000001e-05,0.05223594047129154,1392.0,1230.0,13.974437952041626,1.1552107334136963,15.129648685455322,1230.0,1260.7105263157894
industrial_changeover,377,76,2,Order2,76,9.248e-05,0.003987051313742995,1259.0,1347.0,13.853393077850342,1.0447304248809814,14.898123502731323,1173.0,1336.4473684210527
industrial_changeover,378,76,3,Order3,76,9.246e-05,-0.04437450785189867,1274.0,1368.0,14.3348867893219,1.1106858253479004,15.4455726146698,1216.0,1358.5
industrial_changeover,379,76,4,Order4,76,9.244e-05,-0.04197333753108978,1262.0,1264.0,13.453019380569458,1.0357167720794678,14.488736152648926,1259.0,1281.421052631579
industrial_changeover,380,76,5,Order5,76,9.242000000000001e-05,-0.0036896695964969695,1462.0,1448.0,15.798009872436523,1.1977345943450928,16.995744466781616,1306.0,1457.6973684210527
industrial_changeover,381,77,1,Order1,77,9.240000000000001e-05,-0.015278284205123782,1241.0,1230.0,13.873949527740479,1.0654983520507812,14.93944787979126,1230.0,1260.3116883116884
industrial_changeover,382,77,2,Order2,77,9.238e-05,0.009306882973760366,1177.0,1326.0,13.415199041366577,1.0291156768798828,14.44431471824646,1173.0,1336.3116883116884
industrial_changeover,383,77,3,Order3,77,9.236e-05,0.08971413411200047,1349.0,1368.0,14.305453300476074,1.0884668827056885,15.393920183181763,1216.0,1358.6233766233765
industrial_changeover,384,77,4,Order4,77,9.234e-05,0.08182931318879128,1355.0,1266.0,13.343297004699707,0.9883122444152832,14.33160924911499,1259.0,1281.2207792207791
industrial_changeover,385,77,5,Order5,77,9.232000000000001e-05,-0.10411249101161957,1281.0,1448.0,15.782782554626465,1.2060606479644775,16.988843202590942,1306.0,1457.5714285714287
industrial_changeover,386,78,1,Order1,78,9.230000000000001e-05,-0.04612871166318655,1268.0,1230.0,13.81787633895874,1.0623176097869873,14.880193948745728,1230.0,1259.923076923077
industrial_changeover,387,78,2,Order2,78,9.228e-05,-0.026313492562621832,1225.0,1326.0,13.633699417114258,1.0667273998260498,14.700426816940308,1173.0,1336.179487179487
industrial_changeover,388,78,3,Order3,78,9.226e-05,0.026008056476712227,1235.0,1368.0,14.402524948120117,1.1064186096191406,15.508943557739258,1216.0,1358.7435897435898
industrial_changeover,389,78,4,Order4,78,9.224e-05,0.11103063635528088,1361.0,1289.0,13.179717063903809,1.0659358501434326,14.245652914047241,1259.0,1281.320512820513
industrial_changeover,390,78,5,Order5,78,9.222000000000001e-05,-0.04237778764218092,1280.0,1324.0,16.006242513656616,1.2364883422851562,17.242730855941772,1306.0,1455.8589743589744
industrial_changeover,391,79,1,Order1,79,9.22e-05,-0.044620719738304615,1212.0,1253.0,14.066909551620483,1.0767216682434082,15.143631219863892,1230.0,1259.8354430379748
industrial_changeover,392,79,2,Order2,79,9.218e-05,0.09918970428407192,1377.0,1258.0,13.574573993682861,1.0409634113311768,14.615537405014038,1173.0,1335.1898734177216
industrial_changeover,393,79,3,Order3,79,9.216e-05,0.04879256337881088,1313.0,1305.0,14.43015170097351,1.1163551807403564,15.546506881713867,1216.0,1358.0632911392406
industrial_changeover,394,79,4,Order4,79,9.214000000000001e-05,-0.03453400731086731,1308.0,1264.0,13.670520544052124,1.0291361808776855,14.69965672492981,1259.0,1281.1012658227849
industrial_changeover,395,79,5,Order5,79,9.212e-05,-0.026549473870545626,1475.0,1324.0,16.03336524963379,1.2070918083190918,17.24045705795288,1306.0,1454.1898734177216
industrial_changeover,396,80,1,Order1,80,9.21e-05,-0.02586948499083519,1325.0,1241.0,13.814196109771729,1.0773656368255615,14.89156174659729,1230.0,1259.6
industrial_changeover,397,80,2,Order2,80,9.208e-05,0.10336483642458916,1387.0,1347.0,13.549942970275879,1.052128791809082,14.602071762084961,1173.0,1335.3375
industrial_changeover,398,80,3,Order3,80,9.206e-05,-0.05129300244152546,1265.0,1330.0,14.403114080429077,1.0877881050109863,15.490902185440063,1216.0,1357.7125
industrial_changeover,399,80,4,Order4,80,9.204e-05,-0.004601767752319574,1356.0,1277.0,13.404285907745361,1.0117177963256836,14.416003704071045,1259.0,1281.05
industrial_changeover,400,80,5,Order5,80,9.202e-05,-0.02453561034053564,1446.0,1324.0,15.968932867050171,1.2050960063934326,17.174028873443604,1306.0,1452.5625
industrial_changeover,401,81,1,Order1,81,9.200000000000001e-05,0.0036909785121679306,1325.0,1253.0,14.009198665618896,1.0596487522125244,15.068847417831421,1230.0,1259.5185185185185
industrial_changeover,402,81,2,Order2,81,9.198e-05,-0.02307506138458848,1205.0,1258.0,13.795997619628906,1.1022703647613525,14.898267984390259,1173.0,1334.3827160493827
industrial_changeover,403,81,3,Order3,81,9.196000000000001e-05,-0.0026731807738542557,1265.0,1251.0,14.420465230941772,1.100569486618042,15.521034717559814,1216.0,1356.3950617283951
industrial_changeover,404,81,4,Order4,81,9.194e-05,0.01970015186816454,1298.0,1356.0,13.533976554870605,1.0353541374206543,14.56933069229126,1259.0,1281.9753086419753
industrial_changeover,405,81,5,Order5,81,9.192e-05,0.013718303060159087,1490.0,1417.0,16.22301483154297,1.2355737686157227,17.45858860015869,1306.0,1452.1234567901236
industrial_changeover,406,82,1,Order1,82,9.190000000000001e-05,-0.022751287557184696,1251.0,1280.0,14.360714673995972,1.0653152465820312,15.426029920578003,1230.0,1259.7682926829268
industrial_changeover,407,82,2,Order2,82,9.188000000000001e-05,0.005997130065225065,1213.0,1336.0,13.568885326385498,1.0453531742095947,14.614238500595093,1173.0,1334.4024390243903
industrial_changeover,408,82,3,Order3,82,9.186e-05,0.03423986490815878,1298.0,1247.0,14.805192470550537,1.132739543914795,15.937932014465332,1216.0,1355.060975609756
industrial_changeover,409,82,4,Order4,82,9.184e-05,-0.0008486191218253225,1288.0,1356.0,13.640210151672363,1.0606262683868408,14.700836420059204,1259.0,1282.878048780488
industrial_changeover,410,82,5,Order5,82,9.182000000000001e-05,0.06900610588490963,1527.0,1382.0,16.322274446487427,1.2759926319122314,17.598267078399658,1306.0,1451.2682926829268
industrial_changeover,411,83,1,Order1,83,9.180000000000001e-05,-0.048083243891596794,1256.0,1280.0,14.311952352523804,1.0985045433044434,15.410456895828247,1230.0,1260.012048192771
industrial_changeover,412,83,2,Order2,83,9.178e-05,-0.0660489872097969,1200.0,1258.0,13.730899095535278,1.0477828979492188,14.778681993484497,1173.0,1333.4819277108434
industrial_changeover,413,83,3,Order3,83,9.176e-05,0.00017624584143050015,1276.0,1269.0,14.415520906448364,1.1242728233337402,15.539793729782104,1216.0,1354.0240963855422
industrial_changeover,414,83,4,Order4,83,9.174e-05,0.03680591098964214,1311.0,1277.0,13.164082527160645,1.0245099067687988,14.188592433929443,1259.0,1282.8072289156626
industrial_changeover,415,83,5,Order5,83,9.172000000000001e-05,-0.007879459066316485,1357.0,1415.0,15.822473287582397,1.2201383113861084,17.042611598968506,1306.0,1450.8313253012047
industrial_changeover,416,84,1,Order1,84,9.17e-05,0.009477828862145543,1274.0,1337.0,14.056460857391357,1.0623137950897217,15.118774652481079,1230.0,1260.9285714285713
industrial_changeover,417,84,2,Order2,84,9.168000000000002e-05,-0.0009235467878170311,1201.0,1331.0,13.602651357650757,1.0413053035736084,14.643956661224365,1173.0,1333.452380952381
industrial_changeover,418,84,3,Order3,84,9.166e-05,0.06054386775940657,1320.0,1175.0,14.658532619476318,1.1220393180847168,15.780571937561035,1175.0,1351.892857142857
industrial_changeover,419,84,4,Order4,84,9.164000000000001e-05,0.04345783591270447,1358.0,1275.0,13.652875185012817,1.0731627941131592,14.726037979125977,1259.0,1282.7142857142858
industrial_changeover,420,84,5,Order5,84,9.162000000000001e-05,-0.09020355343818665,1371.0,1416.0,16.414153337478638,1.274360179901123,17.68851351737976,1306.0,1450.4166666666667
industrial_changeover,421,85,1,Order1,85,9.16e-05,-0.02230139309540391,1295.0,1337.0,14.304304122924805,1.0763044357299805,15.380608558654785,1230.0,1261.8235294117646
industrial_changeover,422,85,2,Order2,85,9.158e-05,0.04932859539985657,1308.0,1331.0,13.599552631378174,1.0798213481903076,14.679373979568481,1173.0,1333.4235294117648
industrial_changeover,423,85,3,Order3,85,9.156e-05,0.03587094694375992,1293.0,1175.0,14.472071170806885,1.1197407245635986,15.591811895370483,1175.0,1349.8117647058823
industrial_changeover,424,85,4,Order4,85,9.154000000000001e-05,-0.022371859289705753,1278.0,1277.0,13.493823289871216,1.0361368656158447,14.52996015548706,1259.0,1282.6470588235295
industrial_changeover,425,85,5,Order5,85,9.152e-05,-0.09578357450664043,1264.0,1385.0,16.22590684890747,1.2516343593597412,17.477541208267212,1306.0,1449.6470588235295
industrial_changeover,426,86,1,Order1,86,9.15e-05,-0.021267323289066553,1252.0,1337.0,14.154210329055786,1.0564639568328857,15.210674285888672,1230.0,1262.6976744186047
industrial_changeover,427,86,2,Order2,86,9.148000000000001e-05,0.026325968094170094,1177.0,1291.0,13.616893291473389,1.0240962505340576,14.640989542007446,1173.0,1332.9302325581396
industrial_changeover,428,86,3,Order3,86,9.146e-05,0.2443561926484108,1461.0,1182.0,14.203830480575562,1.0989139080047607,15.302744388580322,1175.0,1347.860465116279
industrial_changeover,429,86,4,Order4,86,9.144e-05,0.0322687104344368,1342.0,1277.0,13.262951135635376,1.0162267684936523,14.279177904129028,1259.0,1282.5813953488373
industrial_changeover,430,86,5,Order5,86,9.142e-05,-0.034828982315957546,1480.0,1351.0,15.945667028427124,1.1938507556915283,17.139517784118652,1306.0,1448.5
industrial_changeover,431,87,1,Order1,87,9.140000000000001e-05,-0.1255384087562561,1262.0,1337.0,14.22468113899231,1.0866711139678955,15.311352252960205,1230.0,1263.551724137931
industrial_changeover,432,87,2,Order2,87,9.138e-05,0.0183957745321095,1417.0,1291.0,13.677077054977417,1.0493481159210205,14.726425170898438,1173.0,1332.448275862069
industrial_changeover,433,87,3,Order3,87,9.136e-05,0.02023619506508112,1379.0,1182.0,14.41565752029419,1.1027271747589111,15.5183846950531,1175.0,1345.9540229885058
industrial_changeover,434,87,4,Order4,87,9.134e-05,-0.004758116672746837,1308.0,1277.0,13.516201972961426,1.0208408832550049,14.53704285621643,1259.0,1282.5172413793102
industrial_changeover,435,87,5,Order5,87,9.132e-05,-0.0738602727651596,1341.0,1334.0,16.183928728103638,1.2340128421783447,17.417941570281982,1306.0,1447.183908045977
industrial_changeover,436,88,1,Order1,88,9.130000000000001e-05,-0.028684735763818026,1252.0,1337.0,14.18281102180481,1.153679609298706,15.336490631103516,1230.0,1264.3863636363637
industrial_changeover,437,88,2,Order2,88,9.128000000000001e-05,0.03303758706897497,1190.0,1258.0,13.595595598220825,1.0349650382995605,14.630560636520386,1173.0,1331.6022727272727
industrial_changeover,438,88,3,Order3,88,9.126e-05,0.13903243094682693,1423.0,1182.0,14.450369358062744,1.0484545230865479,15.498823881149292,1175.0,1344.090909090909
industrial_changeover,439,88,4,Order4,88,9.124e-05,0.05966517049819231,1356.0,1277.0,13.436665773391724,1.0400927066802979,14.476758480072021,1259.0,1282.4545454545455
industrial_changeover,440,88,5,Order5,88,9.122000000000001e-05,-0.038505980744957924,1444.0,1385.0,15.95897889137268,1.2245938777923584,17.18357276916504,1306.0,1446.4772727272727
industrial_changeover,441,89,1,Order1,89,9.120000000000001e-05,-0.07147296331822872,1319.0,1337.0,14.05768609046936,1.0821177959442139,15.139803886413574,1230.0,1265.2022471910113
industrial_changeover,442,89,2,Order2,89,9.118e-05,-0.02898872783407569,1335.0,1258.0,13.578278064727783,1.0227251052856445,14.601003170013428,1173.0,1330.7752808988764
industrial_changeover,443,89,3,Order3,89,9.116e-05,-0.0021249723504297435,1380.0,1182.0,14.346235990524292,1.0814406871795654,15.427676677703857,1175.0,1342.2696629213483
industrial_changeover,444,89,4,Order4,89,9.114e-05,-0.01170568005181849,1264.0,1277.0,13.289613485336304,1.0256483554840088,14.315261840820312,1259.0,1282.3932584269662
industrial_changeover,445,89,5,Order5,89,9.112000000000001e-05,-0.05447991285473108,1288.0,1319.0,15.726783275604248,1.1924221515655518,16.9192054271698,1306.0,1445.0449438202247
industrial_changeover,446,90,1,Order1,90,9.11e-05,0.00942737702280283,1223.0,1337.0,13.833320140838623,1.0647203922271729,14.898040533065796,1230.0,1266.0
industrial_changeover,447,90,2,Order2,90,9.108000000000002e-05,0.08712470345199108,1288.0,1292.0,13.616858959197998,1.0292937755584717,14.64615273475647,1173.0,1330.3444444444444
industrial_changeover,448,90,3,Order3,90,9.106e-05,0.0598554527387023,1349.0,1169.0,14.305867910385132,1.090735912322998,15.39660382270813,1169.0,1340.3444444444444
industrial_changeover,449,90,4,Order4,90,9.104000000000001e-05,0.0012677917839027941,1282.0,1277.0,13.30950665473938,1.0303213596343994,14.33982801437378,1259.0,1282.3333333333333
industrial_changeover,450,90,5,Order5,90,9.102e-05,-0.07572458125650883,1356.0,1322.0,15.927560091018677,1.2420361042022705,17.169596195220947,1306.0,1443.6777777777777
industrial_changeover,451,91,1,Order1,91,9.1e-05,-0.05211516097187996,1227.0,1337.0,14.03664755821228,1.1137869358062744,15.150434494018555,1230.0,1266.7802197802198
industrial_changeover,452,91,2,Order2,91,9.098e-05,0.11742389015853405,1411.0,1291.0,13.686830997467041,1.0588302612304688,14.74566125869751,1173.0,1329.9120879120878
industrial_changeover,453,91,3,Order3,91,9.096e-05,-0.06127752084285021,1208.0,1169.0,14.221808910369873,1.1459519863128662,15.36776089668274,1169.0,1338.4615384615386
industrial_changeover,454,91,4,Order4,91,9.094000000000001e-05,0.0014030066377017647,1264.0,1277.0,13.4805588722229,1.0477542877197266,14.528313159942627,1259.0,1282.2747252747254
industrial_changeover,455,91,5,Order5,91,9.092e-05,0.04220733977854252,1444.0,1322.0,15.86342477798462,1.2205607891082764,17.083985567092896,1306.0,1442.3406593406594
industrial_changeover,456,92,1,Order1,92,9.090000000000001e-05,0.0030745139811187983,1291.0,1337.0,14.027190446853638,1.0614945888519287,15.088685035705566,1230.0,1267.5434782608695
industrial_changeover,457,92,2,Order2,92,9.088000000000001e-05,0.03027508780360222,1295.0,1300.0,13.835840940475464,1.0238978862762451,14.859738826751709,1173.0,1329.5869565217392
industrial_changeover,458,92,3,Order3,92,9.086e-05,-0.021324284840375185,1294.0,1175.0,14.257583618164062,1.1069774627685547,15.364561080932617,1169.0,1336.6847826086957
industrial_changeover,459,92,4,Order4,92,9.084e-05,-0.016888172831386328,1277.0,1275.0,13.480944395065308,1.0467791557312012,14.527723550796509,1259.0,1282.195652173913
industrial_changeover,460,92,5,Order5,92,9.082e-05,-0.06490523554384708,1308.0,1358.0,15.829175233840942,1.2015953063964844,17.030770540237427,1306.0,1441.4239130434783
industrial_changeover,461,93,1,Order1,93,9.080000000000001e-05,0.01757996855303645,1274.0,1337.0,13.976020336151123,1.08530592918396,15.061326265335083,1230.0,1268.2903225806451
industrial_changeover,462,93,2,Order2,93,9.078e-05,0.03202819358557463,1190.0,1300.0,13.653800249099731,1.052408218383789,14.70620846748352,1173.0,1329.268817204301
industrial_changeover,463,93,3,Order3,93,9.076e-05,-0.014150100527331233,1208.0,1175.0,14.23766827583313,1.1092443466186523,15.346912622451782,1169.0,1334.9462365591398
industrial_changeover,464,93,4,Order4,93,9.074e-05,0.07476010359823704,1320.0,1284.0,13.655105829238892,1.0196175575256348,14.674723386764526,1259.0,1282.215053763441
industrial_changeover,465,93,5,Order5,93,9.072e-05,0.019823923241347075,1455.0,1358.0,15.820555686950684,1.2015049457550049,17.02206063270569,1306.0,1440.52688172043
industrial_changeover,466,94,1,Order1,94,9.070000000000001e-05,0.11597933992743492,1447.0,1337.0,14.110678672790527,1.0649235248565674,15.175602197647095,1230.0,1269.0212765957447
industrial_changeover,467,94,2,Order2,94,9.068e-05,-0.012946402421221137,1331.0,1300.0,13.496054887771606,1.0608007907867432,14.55685567855835,1173.0,1328.9574468085107
industrial_changeover,468,94,3,Order3,94,9.066e-05,-0.08293776959180832,1301.0,1175.0,14.46992540359497,1.090768575668335,15.560693979263306,1169.0,1333.2446808510638
industrial_changeover,469,94,4,Order4,94,9.064e-05,-0.046209159307181835,1357.0,1284.0,13.613271236419678,1.0603041648864746,14.673575401306152,1259.0,1282.2340425531916
industrial_changeover,470,94,5,Order5,94,9.062000000000001e-05,0.002936233824584633,1515.0,1322.0,15.719918251037598,1.225677490234375,16.945595741271973,1306.0,1439.2659574468084
industrial_changeover,471,95,1,Order1,95,9.06e-05,-0.054198818281292915,1257.0,1337.0,14.129710912704468,1.0772695541381836,15.206980466842651,1230.0,1269.7368421052631
industrial_changeover,472,95,2,Order2,95,9.058e-05,-0.05996779352426529,1141.0,1300.0,13.403566837310791,1.0549118518829346,14.458478689193726,1173.0,1328.6526315789474
industrial_changeover,473,95,3,Order3,95,9.056e-05,0.10862618871033192,1342.0,1175.0,14.281521081924438,1.076667308807373,15.358188390731812,1169.0,1331.578947368421
industrial_changeover,474,95,4,Order4,95,9.054e-05,0.03905017673969269,1289.0,1284.0,13.366787672042847,1.0344922542572021,14.401279926300049,1259.0,1282.2526315789473
industrial_changeover,475,95,5,Order5,95,9.052000000000001e-05,0.003280734468717128,1369.0,1322.0,15.585087299346924,1.1993236541748047,16.78441095352173,1306.0,1438.0315789473684
industrial_changeover,476,96,1,Order1,96,9.05e-05,0.022046903148293495,1325.0,1340.0,13.911587476730347,1.0492870807647705,14.960874557495117,1230.0,1270.46875
industrial_changeover,477,96,2,Order2,96,9.048000000000001e-05,0.05005593132227659,1357.0,1300.0,13.482694864273071,1.052586317062378,14.53528118133545,1173.0,1328.3541666666667
industrial_changeover,478,96,3,Order3,96,9.046e-05,0.0017174895328935236,1345.0,1169.0,14.473856687545776,1.1518714427947998,15.625728130340576,1169.0,1329.8854166666667
industrial_changeover,479,96,4,Order4,96,9.044000000000001e-05,-0.052594300359487534,1310.0,1284.0,13.450137615203857,1.0275726318359375,14.477710247039795,1259.0,1282.2708333333333
industrial_changeover,480,96,5,Order5,96,9.042e-05,0.0039577363058924675,1477.0,1358.0,15.7601478099823,1.217010259628296,16.977158069610596,1306.0,1437.1979166666667
industrial_changeover,481,97,1,Order1,97,9.04e-05,-0.06465979665517807,1255.0,1340.0,14.10656476020813,1.0984621047973633,15.205026865005493,1230.0,1271.1855670103093
industrial_changeover,482,97,2,Order2,97,9.038000000000001e-05,-0.08209410682320595,1157.0,1208.0,13.692526817321777,1.062833309173584,14.755360126495361,1173.0,1327.1134020618556
industrial_changeover,483,97,3,Order3,97,9.036e-05,0.06040113791823387,1302.0,1169.0,14.48223614692688,1.1199448108673096,15.60218095779419,1169.0,1328.2268041237114
industrial_changeover,484,97,4,Order4,97,9.034e-05,0.0458128172904253,1262.0,1284.0,13.331946849822998,1.0292251110076904,14.361171960830688,1259.0,1282.2886597938145
industrial_changeover,485,97,5,Order5,97,9.032e-05,0.0539804557338357,1490.0,1369.0,16.05328369140625,1.2107913494110107,17.26407504081726,1306.0,1436.4948453608247
industrial_changeover,486,98,1,Order1,98,9.030000000000001e-05,0.050491444766521454,1333.0,1337.0,13.991135358810425,1.091299057006836,15.08243441581726,1230.0,1271.857142857143
industrial_changeover,487,98,2,Order2,98,9.028000000000001e-05,-0.07455416396260262,1195.0,1209.0,13.739763259887695,1.0650768280029297,14.804840087890625,1173.0,1325.908163265306
industrial_changeover,488,98,3,Order3,98,9.026e-05,-0.09475039876997471,1169.0,1169.0,14.690767049789429,1.108555555343628,15.799322605133057,1169.0,1326.6020408163265
industrial_changeover,489,98,4,Order4,98,9.024e-05,0.05430648382753134,1331.0,1277.0,13.426689624786377,1.0248780250549316,14.451567649841309,1259.0,1282.234693877551
industrial_changeover,490,98,5,Order5,98,9.022e-05,0.02256078226491809,1417.0,1374.0,16.02272391319275,1.222872018814087,17.245595932006836,1306.0,1435.857142857143
industrial_changeover,491,99,1,Order1,99,9.020000000000001e-05,0.08907043002545834,1339.0,1482.0,13.669267177581787,1.0580978393554688,14.727365016937256,1230.0,1273.979797979798
industrial_changeover,492,99,2,Order2,99,9.018000000000001e-05,0.051732541993260384,1296.0,1210.0,13.463182926177979,1.0331857204437256,14.496368646621704,1173.0,1324.7373737373737
industrial_changeover,493,99,3,Order3,99,9.016e-05,0.13257357478141785,1444.0,1169.0,14.244157791137695,1.1141936779022217,15.358351469039917,1169.0,1325.010101010101
industrial_changeover,494,99,4,Order4,99,9.014e-05,-0.11023834347724915,1267.0,1357.0,13.394864559173584,1.0458509922027588,14.440715551376343,1259.0,1282.989898989899
industrial_changeover,495,99,5,Order5,99,9.012e-05,-0.15053445845842361,1345.0,1377.0,15.850351095199585,1.2310762405395508,17.081427335739136,1306.0,1435.2626262626263
industrial_changeover,496,100,1,Order1,100,9.010000000000001e-05,-0.07053463533520699,1279.0,1482.0,14.021575927734375,1.0755615234375,15.097137451171875,1230.0,1276.06
industrial_changeover,497,100,2,Order2,100,9.008e-05,0.08434685319662094,1270.0,1209.0,13.676952362060547,1.0472850799560547,14.724237442016602,1173.0,1323.58
industrial_changeover,498,100,3,Order3,100,9.006e-05,0.08685086667537689,1301.0,1169.0,14.312603235244751,1.1225676536560059,15.435170888900757,1169.0,1323.45
industrial_changeover,499,100,4,Order4,100,9.004e-05,0.03401958476752043,1296.0,1357.0,13.582822799682617,1.0510666370391846,14.633889436721802,1259.0,1283.73
industrial_changeover,500,100,5,Order5,100,9.002000000000001e-05,-0.01452902378514409,1387.0,1377.0,16.21991276741028,1.2447936534881592,17.464706420898438,1306.0,1434.68
industrial_changeover,501,101,1,Order1,101,9e-05,-0.040909008122980595,1241.0,1479.0,14.31531810760498,1.0656614303588867,15.380979537963867,1230.0,1278.069306930693
industrial_changeover,502,101,2,Order2,101,8.998e-05,-0.03413999918848276,1210.0,1210.0,13.616199731826782,1.0898246765136719,14.706024408340454,1173.0,1322.4554455445545
industrial_changeover,503,101,3,Order3,101,8.996e-05,-0.024201813619583845,1244.0,1169.0,14.785902261734009,1.1527252197265625,15.938627481460571,1169.0,1321.920792079208
industrial_changeover,504,101,4,Order4,101,8.994e-05,0.08476558141410351,1359.0,1357.0,13.645472526550293,1.0169990062713623,14.662471532821655,1259.0,1284.4554455445545
industrial_changeover,505,101,5,Order5,101,8.992e-05,0.022125533781945705,1371.0,1330.0,15.853869199752808,1.2945384979248047,17.148407697677612,1306.0,1433.6435643564357
industrial_changeover,506,102,1,Order1,102,8.99e-05,-0.003960828413255513,1262.0,1479.0,14.723501920700073,1.2546155452728271,15.9781174659729,1230.0,1280.0392156862745
industrial_changeover,507,102,2,Order2,102,8.988000000000001e-05,-0.0677034892141819,1156.0,1210.0,13.949201822280884,1.0599205493927002,15.009122371673584,1173.0,1321.3529411764705
industrial_changeover,508,102,3,Order3,102,8.986e-05,0.030714894644916058,1276.0,1169.0,14.738373517990112,1.1275341510772705,15.865907669067383,1169.0,1320.421568627451
industrial_changeover,509,102,4,Order4,102,8.984000000000001e-05,0.06939114071428776,1356.0,1357.0,13.668280363082886,1.0732755661010742,14.74155592918396,1259.0,1285.1666666666667
industrial_changeover,510,102,5,Order5,102,8.982e-05,0.0005809485010104254,1416.0,1330.0,16.19550919532776,1.2331030368804932,17.428612232208252,1306.0,1432.6274509803923
industrial_changeover,511,103,1,Order1,103,8.98e-05,-0.025386874563992023,1274.0,1444.0,14.300346851348877,1.0668182373046875,15.367165088653564,1230.0,1281.631067961165
industrial_changeover,512,103,2,Order2,103,8.978000000000001e-05,0.04607223626226187,1308.0,1210.0,13.568105936050415,1.0355985164642334,14.603704452514648,1173.0,1320.2718446601941
industrial_changeover,513,103,3,Order3,103,8.976e-05,-0.06440833397209644,1208.0,1169.0,14.890401601791382,1.1543588638305664,16.04476046562195,1169.0,1318.9514563106795
industrial_changeover,514,103,4,Order4,103,8.974e-05,-0.040186566300690174,1264.0,1357.0,13.601667165756226,1.0303473472595215,14.632014513015747,1259.0,1285.8640776699028
industrial_changeover,515,103,5,Order5,103,8.972e-05,-0.03053286112844944,1397.0,1330.0,16.03923225402832,1.221282720565796,17.260514974594116,1306.0,1431.631067961165
industrial_changeover,516,104,1,Order1,104,8.970000000000001e-05,0.03133962582796812,1285.0,1451.0,13.977573871612549,1.057814598083496,15.035388469696045,1230.0,1283.2596153846155
industrial_changeover,517,104,2,Order2,104,8.968000000000001e-05,0.16941697895526886,1413.0,1224.0,13.594971656799316,1.0494961738586426,14.644467830657959,1173.0,1319.3461538461538
industrial_changeover,518,104,3,Order3,104,8.966e-05,0.1375933215022087,1424.0,1169.0,14.52733588218689,1.1514256000518799,15.67876148223877,1169.0,1317.5096153846155
industrial_changeover,519,104,4,Order4,104,8.964e-05,-0.07292677275836468,1304.0,1380.0,13.807192087173462,1.0725469589233398,14.879739046096802,1259.0,1286.7692307692307
industrial_changeover,520,104,5,Order5,104,8.962e-05,-0.12400613352656364,1461.0,1282.0,16.134313344955444,1.249558448791504,17.38387179374695,1282.0,1430.1923076923076
industrial_changeover,521,105,1,Order1,105,8.960000000000001e-05,-0.08814477175474167,1309.0,1415.0,14.059174537658691,1.098848581314087,15.158023118972778,1230.0,1284.5142857142857
industrial_changeover,522,105,2,Order2,105,8.958e-05,-0.06869954243302345,1174.0,1178.0,13.927926778793335,1.0319063663482666,14.959833145141602,1173.0,1318.0
industrial_changeover,523,105,3,Order3,105,8.956e-05,0.05431866925209761,1277.0,1243.0,14.349358081817627,1.0901973247528076,15.439555406570435,1169.0,1316.8
industrial_changeover,524,105,4,Order4,105,8.954e-05,0.12050538696348667,1356.0,1365.0,13.443220615386963,1.0283701419830322,14.471590757369995,1259.0,1287.5142857142857
industrial_changeover,525,105,5,Order5,105,8.952000000000001e-05,0.01741977222263813,1371.0,1349.0,16.02234935760498,1.225287914276123,17.247637271881104,1282.0,1429.4190476190477
industrial_changeover,526,106,1,Order1,106,8.950000000000001e-05,-0.006211983738467097,1255.0,1415.0,14.050478219985962,1.0636284351348877,15.11410665512085,1230.0,1285.745283018868
industrial_changeover,527,106,2,Order2,106,8.948e-05,0.07542623206973076,1327.0,1178.0,13.546538591384888,1.0339066982269287,14.580445289611816,1173.0,1316.6792452830189
industrial_changeover,528,106,3,Order3,106,8.946000000000001e-05,-0.01600786717608571,1298.0,1213.0,14.404489040374756,1.1521005630493164,15.556589603424072,1169.0,1315.8207547169811
industrial_changeover,529,106,4,Order4,106,8.944e-05,-0.01570255309343338,1362.0,1380.0,13.340749979019165,1.0642249584197998,14.404974937438965,1259.0,1288.3867924528302
industrial_changeover,530,106,5,Order5,106,8.942000000000001e-05,-0.01900500664487481,1515.0,1282.0,15.730202913284302,1.2075414657592773,16.93774437904358,1282.0,1428.0283018867924
industrial_changeover,531,107,1,Order1,107,8.94e-05,-0.053853590041399,1285.0,1415.0,14.037594079971313,1.0962049961090088,15.133799076080322,1230.0,1286.9532710280373
industrial_changeover,532,107,2,Order2,107,8.938e-05,-0.03399134334176779,1202.0,1225.0,13.785095930099487,1.045158863067627,14.830254793167114,1173.0,1315.822429906542
industrial_changeover,533,107,3,Order3,107,8.936e-05,0.024994890671223402,1281.0,1213.0,14.635950088500977,1.147019386291504,15.78296947479248,1169.0,1314.8598130841121
industrial_changeover,534,107,4,Order4,107,8.934e-05,0.010639739921316504,1295.0,1365.0,13.832522869110107,1.0713896751403809,14.903912544250488,1259.0,1289.1028037383178
industrial_changeover,535,107,5,Order5,107,8.932e-05,-0.0014268708182498813,1390.0,1376.0,16.336683988571167,1.22713303565979,17.563817024230957,1282.0,1427.5420560747664
industrial_changeover,536,108,1,Order1,108,8.93e-05,0.06359515711665154,1343.0,1505.0,14.079852819442749,1.0682055950164795,15.148058414459229,1230.0,1288.9722222222222
industrial_changeover,537,108,2,Order2,108,8.928000000000001e-05,0.0019493979052640498,1186.0,1209.0,13.495464563369751,1.026634693145752,14.522099256515503,1173.0,1314.8333333333333
industrial_changeover,538,108,3,Order3,108,8.926000000000001e-05,0.026974120642989874,1320.0,1175.0,14.446254014968872,1.055854320526123,15.502108335494995,1169.0,1313.5648148148148
industrial_changeover,539,108,4,Order4,108,8.924e-05,-0.018397584557533264,1314.0,1357.0,13.520073890686035,1.0338540077209473,14.553927898406982,1259.0,1289.7314814814815
industrial_changeover,540,108,5,Order5,108,8.922e-05,-0.03892323188483715,1428.0,1376.0,16.153162240982056,1.2604916095733643,17.41365385055542,1282.0,1427.0648148148148
industrial_changeover,541,109,1,Order1,109,8.92e-05,-0.015633740462362766,1285.0,1479.0,14.028172731399536,1.0678164958953857,15.095989227294922,1230.0,1290.7155963302753
industrial_changeover,542,109,2,Order2,109,8.918000000000001e-05,0.06279080361127853,1359.0,1209.0,13.62229585647583,1.0445318222045898,14.66682767868042,1173.0,1313.8623853211009
industrial_changeover,543,109,3,Order3,109,8.916e-05,0.00857995287515223,1302.0,1169.0,14.420969009399414,1.1341636180877686,15.555132627487183,1169.0,1312.2385321100917
industrial_changeover,544,109,4,Order4,109,8.914e-05,0.01672903588041663,1357.0,1357.0,13.353022575378418,1.0801656246185303,14.433188199996948,1259.0,1290.348623853211
industrial_changeover,545,109,5,Order5,109,8.912e-05,-0.07834095507860184,1322.0,1377.0,15.79167103767395,1.2104730606079102,17.00214409828186,1282.0,1426.605504587156
industrial_changeover,546,110,1,Order1,110,8.910000000000001e-05,0.0016526691324543208,1328.0,1479.0,13.930330038070679,1.0664491653442383,14.996779203414917,1230.0,1292.4272727272728
industrial_changeover,547,110,2,Order2,110,8.908000000000001e-05,-0.04236385691910982,1174.0,1209.0,13.628944635391235,1.0391271114349365,14.668071746826172,1173.0,1312.909090909091
industrial_changeover,548,110,3,Order3,110,8.906e-05,0.006094146170653403,1251.0,1213.0,14.269428730010986,1.0928590297698975,15.362287759780884,1169.0,1311.3363636363636
industrial_changeover,549,110,4,Order4,110,8.904e-05,0.05495484359562397,1310.0,1357.0,13.535781860351562,1.0257761478424072,14.56155800819397,1259.0,1290.9545454545455
industrial_changeover,550,110,5,Order5,110,8.902e-05,-0.03450352419167757,1302.0,1376.0,16.052045345306396,1.2135143280029297,17.265559673309326,1282.0,1426.1454545454546
industrial_changeover,551,111,1,Order1,111,8.900000000000001e-05,0.033644067123532295,1285.0,1479.0,13.962700366973877,1.053901195526123,15.0166015625,1230.0,1294.1081081081081
industrial_changeover,552,111,2,Order2,111,8.898e-05,-0.027703008148819208,1141.0,1208.0,13.569109439849854,1.0698726177215576,14.638982057571411,1173.0,1311.963963963964
industrial_changeover,553,111,3,Order3,111,8.896e-05,-0.022800436709076166,1189.0,1213.0,14.523442029953003,1.1168313026428223,15.640273332595825,1169.0,1310.4504504504505
industrial_changeover,554,111,4,Order4,111,8.894e-05,0.027219827752560377,1275.0,1368.0,13.419362306594849,1.0318636894226074,14.451225996017456,1259.0,1291.6486486486488
industrial_changeover,555,111,5,Order5,111,8.892000000000001e-05,0.014367469120770693,1316.0,1376.0,16.128844022750854,1.2174203395843506,17.346264362335205,1282.0,1425.6936936936936
industrial_changeover,556,112,1,Order1,112,8.89e-05,0.004809866426512599,1225.0,1451.0,13.728240728378296,1.0599544048309326,14.788195133209229,1230.0,1295.5089285714287
industrial_changeover,557,112,2,Order2,112,8.888e-05,0.011330154724419117,1173.0,1208.0,13.466772317886353,1.0270123481750488,14.493784666061401,1173.0,1311.0357142857142
industrial_changeover,558,112,3,Order3,112,8.886000000000001e-05,0.06637982092797756,1279.0,1213.0,14.234509706497192,1.0903563499450684,15.32486605644226,1169.0,1309.580357142857
industrial_changeover,559,112,4,Order4,112,8.884e-05,0.02487212046980858,1324.0,1365.0,13.091299533843994,0.9976956844329834,14.088995218276978,1259.0,1292.3035714285713
industrial_changeover,560,112,5,Order5,112,8.882000000000001e-05,-0.012417157413437963,1490.0,1376.0,15.666460275650024,1.2556438446044922,16.922104120254517,1282.0,1425.25
industrial_changeover,561,113,1,Order1,113,8.88e-05,-0.04193412326276302,1274.0,1451.0,13.89300799369812,1.0777921676635742,14.970800161361694,1230.0,1296.8849557522124
industrial_changeover,562,113,2,Order2,113,8.878000000000001e-05,-0.022960639093071222,1221.0,1190.0,13.500298023223877,1.0994760990142822,14.59977412223816,1173.0,1309.9646017699115
industrial_changeover,563,113,3,Order3,113,8.876e-05,-0.02978322049602866,1239.0,1213.0,14.19828724861145,1.1138184070587158,15.312105655670166,1169.0,1308.725663716814
industrial_changeover,564,113,4,Order4,113,8.874000000000001e-05,0.025772422552108765,1317.0,1365.0,13.156137228012085,1.064272165298462,14.220409393310547,1259.0,1292.9469026548672
industrial_changeover,565,113,5,Order5,113,8.872e-05,-0.03147158958017826,1299.0,1376.0,15.841620445251465,1.2098872661590576,17.051507711410522,1282.0,1424.8141592920354
industrial_changeover,566,114,1,Order1,114,8.87e-05,0.01018619746901095,1251.0,1451.0,13.766688108444214,1.0467441082000732,14.813432216644287,1230.0,1298.2368421052631
industrial_changeover,567,114,2,Order2,114,8.868000000000001e-05,0.021792303305119276,1173.0,1191.0,13.308231592178345,1.019310712814331,14.327542304992676,1173.0,1308.921052631579
industrial_changeover,568,114,3,Order3,114,8.866000000000001e-05,0.06922710314393044,1277.0,1213.0,14.186574935913086,1.0770723819732666,15.263647317886353,1169.0,1307.8859649122808
industrial_changeover,569,114,4,Order4,114,8.864e-05,0.001098158973036334,1296.0,1365.0,13.230170965194702,1.0070104598999023,14.237181425094604,1259.0,1293.578947368421
industrial_changeover,570,114,5,Order5,114,8.862e-05,-0.07236586511135101,1287.0,1377.0,15.553120613098145,1.198021650314331,16.751142263412476,1282.0,1424.3947368421052
industrial_changeover,571,115,1,Order1,115,8.86e-05,0.030867265537381172,1327.0,1451.0,13.624568462371826,1.0547115802764893,14.679280042648315,1230.0,1299.5652173913043
industrial_changeover,572,115,2,Order2,115,8.858000000000001e-05,-0.03555635455995798,1169.0,1191.0,13.766667127609253,1.0281789302825928,14.794846057891846,1173.0,1307.895652173913
industrial_changeover,573,115,3,Order3,115,8.855999999999999e-05,0.05930578615516424,1293.0,1169.0,14.295536756515503,1.0809686183929443,15.376505374908447,1169.0,1306.6782608695653
industrial_changeover,574,115,4,Order4,115,8.854e-05,0.05585302971303463,1358.0,1365.0,13.318271160125732,0.9994032382965088,14.317674398422241,1259.0,1294.2
industrial_changeover,575,115,5,Order5,115,8.852e-05,-0.011131224688142538,1410.0,1377.0,15.810396432876587,1.2040867805480957,17.014483213424683,1282.0,1423.982608695652
industrial_changeover,576,116,1,Order1,116,8.850000000000001e-05,0.07578111626207829,1444.0,1451.0,13.692744016647339,1.0430083274841309,14.73575234413147,1230.0,1300.8706896551723
industrial_changeover,577,116,2,Order2,116,8.848e-05,-0.0666141677647829,1191.0,1191.0,13.525115966796875,1.0217595100402832,14.546875476837158,1173.0,1306.8879310344828
industrial_changeover,578,116,3,Order3,116,8.846e-05,-0.06873109564185143,1251.0,1169.0,14.197192192077637,1.0754380226135254,15.272630214691162,1169.0,1305.4913793103449
industrial_changeover,579,116,4,Order4,116,8.844e-05,-0.00012658745981752872,1357.0,1365.0,13.162455797195435,1.0374336242675781,14.199889421463013,1259.0,1294.8103448275863
industrial_changeover,580,116,5,Order5,116,8.842e-05,0.00463335367385298,1379.0,1301.0,15.74950122833252,1.2034704685211182,16.952971696853638,1282.0,1422.9224137931035
industrial_changeover,581,117,1,Order1,117,8.840000000000001e-05,0.0010003931529354304,1274.0,1415.0,14.140716791152954,1.0673227310180664,15.20803952217102,1230.0,1301.8461538461538
industrial_changeover,582,117,2,Order2,117,8.838e-05,0.08653313107788563,1266.0,1191.0,13.443289518356323,1.027505874633789,14.470795392990112,1173.0,1305.8974358974358
industrial_changeover,583,117,3,Order3,117,8.836e-05,-0.0037384231691248715,1245.0,1169.0,14.205835103988647,1.0887842178344727,15.29461932182312,1169.0,1304.3247863247864
industrial_changeover,584,117,4,Order4,117,8.834e-05,-0.03289570286870003,1290.0,1365.0,13.077781915664673,1.0097274780273438,14.087509393692017,1259.0,1295.4102564102564
industrial_changeover,585,117,5,Order5,117,8.832000000000001e-05,0.0036198687157593668,1482.0,1301.0,15.550920009613037,1.188530683517456,16.739450693130493,1282.0,1421.8803418803418
industrial_changeover,586,118,1,Order1,118,8.83e-05,-0.025074437726289034,1274.0,1462.0,13.61014986038208,1.0473899841308594,14.65753984451294,1230.0,1303.2033898305085
industrial_changeover,587,118,2,Order2,118,8.828e-05,-0.038196283392608166,1177.0,1191.0,13.426630973815918,1.0254054069519043,14.452036380767822,1173.0,1304.9237288135594
industrial_changeover,588,118,3,Order3,118,8.826000000000001e-05,0.07361449301242828,1293.0,1169.0,14.139694929122925,1.081101894378662,15.220796823501587,1169.0,1303.177966101695
industrial_changeover,589,118,4,Order4,118,8.824e-05,-0.015884448308497667,1268.0,1365.0,13.122983932495117,1.011282205581665,14.134266138076782,1259.0,1296.0
industrial_changeover,590,118,5,Order5,118,8.822e-05,-0.03206439130008221,1371.0,1330.0,15.601712465286255,1.1944975852966309,16.796210050582886,1282.0,1421.1016949152543
industrial_changeover,591,119,1,Order1,119,8.82e-05,0.0075652808882296085,1280.0,1462.0,13.755800008773804,1.0511507987976074,14.806950807571411,1230.0,1304.5378151260504
industrial_changeover,592,119,2,Order2,119,8.818000000000001e-05,-0.004620443913154304,1173.0,1191.0,13.411266326904297,1.0151264667510986,14.426392793655396,1173.0,1303.9663865546217
industrial_changeover,593,119,3,Order3,119,8.816e-05,0.04574707057327032,1279.0,1169.0,14.069886922836304,1.08024001121521,15.150126934051514,1169.0,1302.0504201680671
industrial_changeover,594,119,4,Order4,119,8.814e-05,0.050057907588779926,1359.0,1365.0,13.103520393371582,1.0132064819335938,14.116726875305176,1259.0,1296.579831932773
industrial_changeover,595,119,5,Order5,119,8.812e-05,-0.05966724641621113,1319.0,1330.0,15.674777507781982,1.192474365234375,16.867251873016357,1282.0,1420.3361344537816
industrial_changeover,596,120,1,Order1,120,8.81e-05,0.007830016780644655,1325.0,1415.0,13.898350477218628,1.050002098083496,14.948352575302124,1230.0,1305.4583333333333
industrial_changeover,597,120,2,Order2,120,8.808000000000001e-05,0.010639293352141976,1215.0,1191.0,13.433266401290894,1.033433198928833,14.466699600219727,1173.0,1303.025
industrial_changeover,598,120,3,Order3,120,8.806000000000001e-05,0.0732307881116867,1372.0,1169.0,14.251482009887695,1.0839383602142334,15.335420370101929,1169.0,1300.9416666666666
industrial_changeover,599,120,4,Order4,120,8.804e-05,-0.04440458491444588,1289.0,1365.0,13.177363634109497,1.0030760765075684,14.180439710617065,1259.0,1297.15
industrial_changeover,600,120,5,Order5,120,8.802e-05,-0.09159895218908787,1288.0,1301.0,15.61979627609253,1.2130725383758545,16.832868814468384,1282.0,1419.3416666666667
industrial_changeover,601,121,1,Order1,121,8.800000000000001e-05,-0.0200605234131217,1258.0,1415.0,13.622833490371704,1.1139326095581055,14.73676609992981,1230.0,1306.3636363636363
industrial_changeover,602,121,2,Order2,121,8.798000000000001e-05,0.0877201035618782,1295.0,1191.0,13.360859394073486,1.0536556243896484,14.414515018463135,1173.0,1302.099173553719
industrial_changeover,603,121,3,Order3,121,8.796e-05,0.14937645196914673,1422.0,1169.0,14.2232825756073,1.1072206497192383,15.330503225326538,1169.0,1299.8512396694214
industrial_changeover,604,121,4,Order4,121,8.794e-05,-0.04756796732544899,1268.0,1365.0,13.247865915298462,1.0700581073760986,14.31792402267456,1259.0,1297.7107438016528
industrial_changeover,605,121,5,Order5,121,8.792e-05,-0.05496954172849655,1413.0,1327.0,15.581536769866943,1.199547290802002,16.781084060668945,1282.0,1418.5785123966941
industrial_changeover,606,122,1,Order1,122,8.790000000000001e-05,-0.039778514765203,1323.0,1435.0,13.80745816230774,1.0436975955963135,14.851155757904053,1230.0,1307.4180327868853
industrial_changeover,607,122,2,Order2,122,8.788e-05,0.009932559682056308,1308.0,1213.0,13.385646343231201,1.020538568496704,14.406184911727905,1173.0,1301.3688524590164
industrial_changeover,608,122,3,Order3,122,8.786e-05,-0.0355495885014534,1265.0,1169.0,14.021956443786621,1.0849344730377197,15.10689091682434,1169.0,1298.77868852459
industrial_changeover,609,122,4,Order4,122,8.784e-05,-0.013005825225263834,1268.0,1368.0,12.996705055236816,1.0541727542877197,14.050877809524536,1259.0,1298.2868852459017
industrial_changeover,610,122,5,Order5,122,8.782e-05,-0.015732034109532833,1296.0,1327.0,15.736910581588745,1.19553804397583,16.932448625564575,1282.0,1417.827868852459
industrial_changeover,611,123,1,Order1,123,8.78e-05,0.15578698366880417,1415.0,1351.0,13.531368732452393,1.0547513961791992,14.586120128631592,1230.0,1307.7723577235772
industrial_changeover,612,123,2,Order2,123,8.778e-05,0.13472001999616623,1355.0,1210.0,13.541102647781372,1.0370516777038574,14.57815432548523,1173.0,1300.6260162601627
industrial_changeover,613,123,3,Order3,123,8.776000000000001e-05,-0.07446657121181488,1302.0,1169.0,14.174891948699951,1.0857205390930176,15.260612487792969,1169.0,1297.7235772357724
industrial_changeover,614,123,4,Order4,123,8.774e-05,-0.08899194747209549,1353.0,1357.0,13.272174835205078,0.9999628067016602,14.272137641906738,1259.0,1298.7642276422764
industrial_changeover,615,123,5,Order5,123,8.772000000000001e-05,-0.13499822095036507,1290.0,1327.0,15.575413465499878,1.1810352802276611,16.75644874572754,1282.0,1417.0894308943089
industrial_changeover,616,124,1,Order1,124,8.77e-05,-0.00754627853166312,1266.0,1444.0,13.720589637756348,1.0519626140594482,14.772552251815796,1230.0,1308.8709677419354
industrial_changeover,617,124,2,Order2,124,8.768e-05,0.0843290165066719,1223.0,1254.0,13.29567551612854,1.028667688369751,14.324343204498291,1173.0,1300.25
industrial_changeover,618,124,3,Order3,124,8.766000000000001e-05,0.11935672722756863,1304.0,1169.0,14.130281448364258,1.0800905227661133,15.210371971130371,1169.0,1296.6854838709678
industrial_changeover,619,124,4,Order4,124,8.764e-05,0.040945167653262615,1316.0,1357.0,13.220806360244751,1.009155035018921,14.229961395263672,1259.0,1299.233870967742
industrial_changeover,620,124,5,Order5,124,8.762e-05,-0.004501383635215461,1483.0,1327.0,15.69274377822876,1.2039885520935059,16.896732330322266,1282.0,1416.3629032258063
industrial_changeover,621,125,1,Order1,125,8.76e-05,-0.06895221956074238,1262.0,1444.0,13.54583191871643,1.0504028797149658,14.596234798431396,1230.0,1309.952
industrial_changeover,622,125,2,Order2,125,8.758000000000001e-05,0.07237539626657963,1353.0,1213.0,13.479115724563599,1.0300695896148682,14.509185314178467,1173.0,1299.552
industrial_changeover,623,125,3,Order3,125,8.756000000000001e-05,-0.02264462411403656,1301.0,1231.0,14.155611753463745,1.0780909061431885,15.233702659606934,1169.0,1296.16
industrial_changeover,624,125,4,Order4,125,8.754e-05,-0.010327191324904561,1359.0,1357.0,13.101799249649048,1.0050358772277832,14.106835126876831,1259.0,1299.696
industrial_changeover,625,125,5,Order5,125,8.752e-05,-0.07742767781019211,1340.0,1327.0,15.708076477050781,1.1842472553253174,16.8923237323761,1282.0,1415.648
industrial_changeover,626,126,1,Order1,126,8.75e-05,-0.01610067207366228,1295.0,1575.0,13.801343441009521,1.0564591884613037,14.857802629470825,1230.0,1312.0555555555557
industrial_changeover,627,126,2,Order2,126,8.748000000000001e-05,0.016366292256861925,1209.0,1213.0,13.512482166290283,1.0220046043395996,14.534486770629883,1173.0,1298.8650793650793
industrial_changeover,628,126,3,Order3,126,8.746e-05,0.0688638724386692,1301.0,1169.0,14.21677565574646,1.1047735214233398,15.3215491771698,1169.0,1295.1507936507937
industrial_changeover,629,126,4,Order4,126,8.744000000000002e-05,0.035834237933158875,1325.0,1357.0,13.370289087295532,1.0180017948150635,14.388290882110596,1259.0,1300.1507936507937
industrial_changeover,630,126,5,Order5,126,8.742e-05,-0.03873837273567915,1358.0,1327.0,15.54591965675354,1.1876153945922852,16.733535051345825,1282.0,1414.9444444444443
industrial_changeover,631,127,1,Order1,127,8.740000000000001e-05,-0.03835446108132601,1268.0,1444.0,13.578903913497925,1.0461668968200684,14.625070810317993,1230.0,1313.0944881889764
industrial_changeover,632,127,2,Order2,127,8.738000000000001e-05,-0.005062293610535562,1199.0,1213.0,13.350584745407104,0.9459295272827148,14.29651427268982,1173.0,1298.1889763779527
industrial_changeover,633,127,3,Order3,127,8.736e-05,-0.01240345393307507,1251.0,1169.0,14.10860824584961,1.0751073360443115,15.183715581893921,1169.0,1294.1574803149606
industrial_changeover,634,127,4,Order4,127,8.734e-05,0.0037848574575036764,1269.0,1357.0,13.236168146133423,1.006460189819336,14.242628335952759,1259.0,1300.5984251968505
industrial_changeover,635,127,5,Order5,127,8.732e-05,0.07151632942259312,1427.0,1327.0,15.553187370300293,1.1853158473968506,16.738503217697144,1282.0,1414.251968503937
industrial_changeover,636,128,1,Order1,128,8.730000000000001e-05,0.014306473545730114,1295.0,1444.0,13.706795692443848,1.0533559322357178,14.760151624679565,1230.0,1314.1171875
industrial_changeover,637,128,2,Order2,128,8.728e-05,-0.03256944566965103,1225.0,1210.0,13.404007911682129,1.028085708618164,14.432093620300293,1173.0,1297.5
industrial_changeover,638,128,3,Order3,128,8.726000000000001e-05,0.11468923836946487,1423.0,1169.0,14.123080253601074,1.0868425369262695,15.209922790527344,1169.0,1293.1796875
industrial_changeover,639,128,4,Order4,128,8.724000000000001e-05,0.0008526618912583217,1356.0,1357.0,13.266977548599243,1.0091757774353027,14.276153326034546,1259.0,1301.0390625
industrial_changeover,640,128,5,Order5,128,8.722e-05,-0.11350151896476746,1330.0,1327.0,15.836610317230225,1.240891456604004,17.07750177383423,1282.0,1413.5703125
industrial_changeover,641,129,1,Order1,129,8.72e-05,-0.033881026320159435,1319.0,1575.0,13.834341049194336,1.0644094944000244,14.89875054359436,1230.0,1316.139534883721
industrial_changeover,642,129,2,Order2,129,8.718e-05,-0.03393333684653044,1185.0,1254.0,13.400774478912354,1.027470588684082,14.428245067596436,1173.0,1297.1627906976744
industrial_changeover,643,129,3,Order3,129,8.716000000000001e-05,0.005310408654622734,1240.0,1169.0,14.238056898117065,1.0914864540100098,15.329543352127075,1169.0,1292.2170542635658
industrial_changeover,644,129,4,Order4,129,8.714e-05,0.05173220671713352,1284.0,1357.0,13.34209132194519,1.0111238956451416,14.353215217590332,1259.0,1301.4728682170542
industrial_changeover,645,129,5,Order5,129,8.712e-05,0.09472131356596947,1505.0,1327.0,15.598464250564575,1.1871888637542725,16.785653114318848,1282.0,1412.8992248062016
industrial_changeover,646,130,1,Order1,130,8.71e-05,0.03643950540572405,1325.0,1376.0,13.74549412727356,1.0525217056274414,14.798015832901001,1230.0,1316.6
industrial_changeover,647,130,2,Order2,130,8.708e-05,-0.08139982260763645,1172.0,1254.0,13.368866205215454,1.032954216003418,14.401820421218872,1173.0,1296.8307692307692
industrial_changeover,648,130,3,Order3,130,8.706000000000001e-05,-0.04015285801142454,1293.0,1169.0,14.190180540084839,1.0880317687988281,15.278212308883667,1169.0,1291.2692307692307
industrial_changeover,649,130,4,Order4,130,8.704000000000001e-05,0.006648085778579116,1314.0,1357.0,13.092364072799683,1.0115547180175781,14.10391879081726,1259.0,1301.9
industrial_changeover,650,130,5,Order5,130,8.702e-05,-0.06568067893385887,1265.0,1327.0,15.634882688522339,1.2051749229431152,16.840057611465454,1282.0,1412.2384615384615
industrial_changeover,651,131,1,Order1,131,8.7e-05,0.08555745147168636,1343.0,1444.0,13.779685020446777,1.0625550746917725,14.84224009513855,1230.0,1317.5725190839694
industrial_changeover,652,131,2,Order2,131,8.698000000000001e-05,0.045867553912103176,1209.0,1254.0,13.346964120864868,1.0282652378082275,14.375229358673096,1173.0,1296.503816793893
industrial_changeover,653,131,3,Order3,131,8.696000000000001e-05,0.03428168687969446,1292.0,1169.0,14.271610975265503,1.0825231075286865,15.35413408279419,1169.0,1290.3358778625955
industrial_changeover,654,131,4,Order4,131,8.694e-05,0.004221498034894466,1325.0,1368.0,13.285224676132202,1.0182366371154785,14.30346131324768,1259.0,1302.4045801526718
industrial_changeover,655,131,5,Order5,131,8.692e-05,-0.05801587551832199,1387.0,1327.0,15.583978414535522,1.1981887817382812,16.782167196273804,1282.0,1411.5877862595419
industrial_changeover,656,132,1,Order1,132,8.69e-05,-0.03864581324160099,1270.0,1444.0,13.644658088684082,1.0644781589508057,14.709136247634888,1230.0,1318.530303030303
industrial_changeover,657,132,2,Order2,132,8.688000000000001e-05,0.009167595766484737,1209.0,1254.0,13.463995456695557,1.027764081954956,14.491759538650513,1173.0,1296.1818181818182
industrial_changeover,658,132,3,Order3,132,8.686e-05,0.005576630006544292,1228.0,1169.0,14.221297025680542,1.1294796466827393,15.350776672363281,1169.0,1289.4166666666667
industrial_changeover,659,132,4,Order4,132,8.684000000000002e-05,0.010449072578921914,1289.0,1324.0,13.201883554458618,1.0658907890319824,14.2677743434906,1259.0,1302.5681818181818
industrial_changeover,660,132,5,Order5,132,8.682e-05,-0.021792035549879074,1353.0,1327.0,15.697652101516724,1.2139017581939697,16.911553859710693,1282.0,1410.9469696969697
industrial_changeover,661,133,1,Order1,133,8.680000000000001e-05,0.015878643840551376,1274.0,1444.0,13.83734917640686,1.0406386852264404,14.8779878616333,1230.0,1319.4736842105262
industrial_changeover,662,133,2,Order2,133,8.678e-05,0.01739201182499528,1191.0,1254.0,13.392321348190308,1.0120453834533691,14.404366731643677,1173.0,1295.8646616541353
industrial_changeover,663,133,3,Order3,133,8.676e-05,0.06028819363564253,1302.0,1169.0,14.004545450210571,1.0774078369140625,15.081953287124634,1169.0,1288.5112781954888
industrial_changeover,664,133,4,Order4,133,8.674e-05,0.03983807098120451,1359.0,1357.0,13.183753252029419,1.0093634128570557,14.193116664886475,1259.0,1302.9774436090227
industrial_changeover,665,133,5,Order5,133,8.672e-05,-0.031817760318517685,1442.0,1327.0,15.57956862449646,1.1843650341033936,16.763933658599854,1282.0,1410.3157894736842
industrial_changeover,666,134,1,Order1,134,8.67e-05,-0.047676196321845055,1277.0,1444.0,13.757978677749634,1.0584421157836914,14.816420793533325,1230.0,1320.402985074627
industrial_changeover,667,134,2,Order2,134,8.668e-05,0.06126335635781288,1366.0,1213.0,13.282758951187134,1.0245614051818848,14.307320356369019,1173.0,1295.2462686567164
industrial_changeover,668,134,3,Order3,134,8.666000000000001e-05,0.12539810501039028,1425.0,1196.0,14.226238489151001,1.0784382820129395,15.30467677116394,1169.0,1287.8208955223881
industrial_changeover,669,134,4,Order4,134,8.664000000000001e-05,-0.07644541747868061,1307.0,1277.0,13.132188081741333,1.0198414325714111,14.152029514312744,1259.0,1302.7835820895523
industrial_changeover,670,134,5,Order5,134,8.662000000000001e-05,-0.14145130664110184,1319.0,1327.0,15.657240390777588,1.1977288722991943,16.854969263076782,1282.0,1409.6940298507463
industrial_changeover,671,135,1,Order1,135,8.66e-05,0.09464775025844574,1486.0,1337.0,13.858419179916382,1.0454223155975342,14.903841495513916,1230.0,1320.525925925926
industrial_changeover,672,135,2,Order2,135,8.658e-05,0.11257955618202686,1353.0,1213.0,13.532148122787476,1.0200421810150146,14.55219030380249,1173.0,1294.637037037037
industrial_changeover,673,135,3,Order3,135,8.656000000000001e-05,-0.05942917987704277,1298.0,1196.0,14.108243227005005,1.0875389575958252,15.19578218460083,1169.0,1287.1407407407407
industrial_changeover,674,135,4,Order4,135,8.654e-05,-0.0298486752435565,1358.0,1357.0,13.27852177619934,1.0069115161895752,14.285433292388916,1259.0,1303.1851851851852
industrial_changeover,675,135,5,Order5,135,8.652e-05,-0.06230755802243948,1353.0,1327.0,15.749587535858154,1.1999497413635254,16.94953727722168,1282.0,1409.0814814814814
industrial_changeover,676,136,1,Order1,136,8.65e-05,-0.032137636095285416,1267.0,1482.0,13.959035634994507,1.0619049072265625,15.02094054222107,1230.0,1321.7132352941176
industrial_changeover,677,136,2,Order2,136,8.648e-05,0.007584002218209207,1188.0,1213.0,13.444608449935913,1.0195438861846924,14.464152336120605,1173.0,1294.0367647058824
industrial_changeover,678,136,3,Order3,136,8.646000000000001e-05,0.07794740051031113,1303.0,1169.0,14.194462299346924,1.0849437713623047,15.279406070709229,1169.0,1286.2720588235295
industrial_changeover,679,136,4,Order4,136,8.644e-05,0.04495117533951998,1312.0,1357.0,13.236671924591064,0.9984633922576904,14.235135316848755,1259.0,1303.5808823529412
industrial_changeover,680,136,5,Order5,136,8.642e-05,-0.04611093085259199,1302.0,1327.0,15.652400970458984,1.1907625198364258,16.84316349029541,1282.0,1408.4779411764705
industrial_changeover,681,137,1,Order1,137,8.64e-05,0.012540020048618317,1325.0,1482.0,13.595942497253418,1.0492358207702637,14.645178318023682,1230.0,1322.8832116788321
industrial_changeover,682,137,2,Order2,137,8.638000000000001e-05,-0.02694209013134241,1201.0,1210.0,13.44983434677124,1.0175228118896484,14.467357158660889,1173.0,1293.4233576642337
industrial_changeover,683,137,3,Order3,137,8.636e-05,0.011919103097170591,1298.0,1196.0,14.234711170196533,1.0929207801818848,15.327631950378418,1169.0,1285.6131386861314
industrial_changeover,684,137,4,Order4,137,8.634e-05,-0.0068277278915047646,1274.0,1357.0,13.149025201797485,1.008141279220581,14.157166481018066,1259.0,1303.970802919708
industrial_changeover,685,137,5,Order5,137,8.632e-05,-0.0690692588686943,1245.0,1327.0,15.621383666992188,1.2002894878387451,16.821673154830933,1282.0,1407.8832116788321
industrial_changeover,686,138,1,Order1,138,8.63e-05,0.058278888463974,1325.0,1337.0,13.765337467193604,1.0463743209838867,14.81171178817749,1230.0,1322.9855072463768
industrial_changeover,687,138,2,Order2,138,8.628000000000001e-05,0.08078097924590111,1270.0,1210.0,13.421056509017944,1.0209877490997314,14.442044258117676,1173.0,1292.8188405797102
industrial_changeover,688,138,3,Order3,138,8.626e-05,0.12112099677324295,1424.0,1196.0,14.060105323791504,1.0863053798675537,15.146410703659058,1169.0,1284.963768115942
industrial_changeover,689,138,4,Order4,138,8.624000000000001e-05,-0.014361074194312096,1356.0,1277.0,13.184498310089111,1.0052154064178467,14.189713716506958,1259.0,1303.7753623188405
industrial_changeover,690,138,5,Order5,138,8.622e-05,-0.1469976119697094,1325.0,1327.0,15.623272180557251,1.198195457458496,16.821467638015747,1282.0,1407.2971014492753
industrial_changeover,691,139,1,Order1,139,8.620000000000001e-05,-0.09406487457454205,1252.0,1337.0,13.863930225372314,1.0543971061706543,14.918327331542969,1230.0,1323.086330935252
industrial_changeover,692,139,2,Order2,139,8.618e-05,0.10119751654565334,1332.0,1213.0,13.475714206695557,1.0385167598724365,14.514230966567993,1173.0,1292.2446043165467
industrial_changeover,693,139,3,Order3,139,8.616e-05,0.12956148013472557,1422.0,1196.0,14.284895896911621,1.074364423751831,15.359260320663452,1169.0,1284.3237410071943
industrial_changeover,694,139,4,Order4,139,8.614e-05,-0.0174022545106709,1282.0,1277.0,13.162537336349487,1.005793571472168,14.168330907821655,1259.0,1303.5827338129495
industrial_changeover,695,139,5,Order5,139,8.612e-05,-0.06881302036345005,1414.0,1327.0,15.543427467346191,1.1855268478393555,16.728954315185547,1282.0,1406.7194244604316
industrial_changeover,696,140,1,Order1,140,8.61e-05,-0.022066937293857336,1333.0,1337.0,13.800984382629395,1.0541563034057617,14.855140686035156,1230.0,1323.1857142857143
industrial_changeover,697,140,2,Order2,140,8.608e-05,-0.013314451090991497,1261.0,1213.0,13.44672703742981,1.0134541988372803,14.46018123626709,1173.0,1291.6785714285713
industrial_changeover,698,140,3,Order3,140,8.606000000000001e-05,-0.029635068029165268,1265.0,1196.0,14.17201852798462,1.0892736911773682,15.261292219161987,1169.0,1283.692857142857
industrial_changeover,699,140,4,Order4,140,8.604000000000001e-05,0.06679431349039078,1336.0,1355.0,13.334392070770264,1.0209906101226807,14.355382680892944,1259.0,1303.95
industrial_changeover,700,140,5,Order5,140,8.602e-05,-0.01992454892024398,1306.0,1327.0,15.897045135498047,1.2504045963287354,17.147449731826782,1282.0,1406.15
industrial_changeover,701,141,1,Order1,141,8.6e-05,0.024580813013017178,1288.0,1337.0,13.76209568977356,1.0956103801727295,14.857706069946289,1230.0,1323.2836879432625
industrial_changeover,702,141,2,Order2,141,8.598e-05,0.03706513810902834,1241.0,1213.0,13.335955381393433,1.0325069427490234,14.368462324142456,1173.0,1291.1205673758866
industrial_changeover,703,141,3,Order3,141,8.596000000000001e-05,-0.013104110956192017,1302.0,1196.0,14.188425302505493,1.124821424484253,15.313246726989746,1169.0,1283.0709219858156
industrial_changeover,704,141,4,Order4,141,8.594e-05,0.007816601195372641,1325.0,1357.0,13.120325803756714,1.0071654319763184,14.127491235733032,1259.0,1304.3262411347519
industrial_changeover,705,141,5,Order5,141,8.592e-05,-0.03413229435682297,1386.0,1327.0,15.726992130279541,1.2459259033203125,16.972918033599854,1282.0,1405.5886524822695
industrial_changeover,706,142,1,Order1,142,8.59e-05,0.0036424002610147,1316.0,1479.0,13.626682996749878,1.1038014888763428,14.73048448562622,1230.0,1324.380281690141
industrial_changeover,707,142,2,Order2,142,8.588000000000001e-05,-0.06896812096238136,1137.0,1213.0,13.552655935287476,1.0847973823547363,14.637453317642212,1173.0,1290.5704225352113
industrial_changeover,708,142,3,Order3,142,8.586000000000001e-05,0.10787376947700977,1405.0,1231.0,14.362498998641968,1.121081829071045,15.483580827713013,1169.0,1282.7042253521126
industrial_changeover,709,142,4,Order4,142,8.584e-05,0.011803156230598688,1283.0,1357.0,13.090277194976807,1.049701452255249,14.139978647232056,1259.0,1304.6971830985915
industrial_changeover,710,142,5,Order5,142,8.582e-05,-0.04838664270937443,1371.0,1327.0,15.617595195770264,1.1949224472045898,16.812517642974854,1282.0,1405.0352112676057
industrial_changeover,711,143,1,Order1,143,8.58e-05,-0.027986735105514526,1249.0,1479.0,13.760320663452148,1.0544397830963135,14.814760446548462,1230.0,1325.4615384615386
industrial_changeover,712,143,2,Order2,143,8.578000000000001e-05,0.021935068536549807,1208.0,1213.0,13.353667736053467,1.0325191020965576,14.386186838150024,1173.0,1290.027972027972
industrial_changeover,713,143,3,Order3,143,8.576e-05,-0.046812829561531544,1214.0,1196.0,14.000952243804932,1.0965521335601807,15.097504377365112,1169.0,1282.097902097902
industrial_changeover,714,143,4,Order4,143,8.574e-05,0.0957874059677124,1359.0,1355.0,13.21384334564209,1.079080581665039,14.292923927307129,1259.0,1305.048951048951
industrial_changeover,715,143,5,Order5,143,8.572e-05,-0.03840808942914009,1324.0,1327.0,15.655374526977539,1.2015044689178467,16.856878995895386,1282.0,1404.4895104895104
industrial_changeover,716,144,1,Order1,144,8.57e-05,0.0010897952306549996,1261.0,1337.0,13.710105657577515,1.0477728843688965,14.757878541946411,1230.0,1325.5416666666667
industrial_changeover,717,144,2,Order2,144,8.568e-05,0.015158348018303514,1209.0,1213.0,13.42711615562439,1.0324838161468506,14.45959997177124,1173.0,1289.4930555555557
industrial_changeover,718,144,3,Order3,144,8.566e-05,0.010629213182255626,1279.0,1196.0,14.25320029258728,1.0762226581573486,15.329422950744629,1169.0,1281.5
industrial_changeover,719,144,4,Order4,144,8.564000000000001e-05,-0.008338813437148929,1264.0,1277.0,13.193586349487305,1.0006310939788818,14.194217443466187,1259.0,1304.8541666666667
industrial_changeover,720,144,5,Order5,144,8.562e-05,-0.03591325134038925,1318.0,1327.0,15.691526651382446,1.1915903091430664,16.883116960525513,1282.0,1403.951388888889
industrial_changeover,721,145,1,Order1,145,8.560000000000001e-05,0.003499416052363813,1251.0,1337.0,13.804936647415161,1.068843126296997,14.873779773712158,1230.0,1325.6206896551723
industrial_changeover,722,145,2,Order2,145,8.558e-05,0.012178002391010523,1175.0,1213.0,13.451354026794434,1.0182945728302002,14.469648599624634,1173.0,1288.9655172413793
industrial_changeover,723,145,3,Order3,145,8.556e-05,-0.0012890539364889264,1244.0,1196.0,14.178029775619507,1.096304178237915,15.274333953857422,1169.0,1280.9103448275862
industrial_changeover,724,145,4,Order4,145,8.554e-05,0.010670744348317385,1252.0,1277.0,13.417361974716187,1.0073835849761963,14.424745559692383,1259.0,1304.6620689655172
industrial_changeover,725,145,5,Order5,145,8.552e-05,-0.003675526415463537,1353.0,1327.0,15.670692682266235,1.193260908126831,16.863953590393066,1282.0,1403.4206896551725
industrial_changeover,726,146,1,Order1,146,8.55e-05,0.08781669847667217,1376.0,1337.0,13.590258121490479,1.0476090908050537,14.637867212295532,1230.0,1325.6986301369864
industrial_changeover,727,146,2,Order2,146,8.548e-05,-0.018807542510330677,1173.0,1213.0,13.284169673919678,1.0278208255767822,14.31199049949646,1173.0,1288.445205479452
industrial_changeover,728,146,3,Order3,146,8.546000000000001e-05,-0.05809427611529827,1248.0,1196.0,14.10024905204773,1.0771002769470215,15.177349328994751,1169.0,1280.3287671232877
industrial_changeover,729,146,4,Order4,146,8.544000000000001e-05,-0.014140583341941237,1283.0,1275.0,13.211387872695923,1.0136687755584717,14.225056648254395,1259.0,1304.458904109589
industrial_changeover,730,146,5,Order5,146,8.542e-05,0.02245936682447791,1399.0,1327.0,15.504626035690308,1.1807749271392822,16.68540096282959,1282.0,1402.8972602739725
industrial_changeover,731,147,1,Order1,147,8.54e-05,0.010916589060798287,1274.0,1337.0,13.7631254196167,1.0550613403320312,14.81818675994873,1230.0,1325.7755102040817
industrial_changeover,732,147,2,Order2,147,8.538e-05,0.003865886537823826,1205.0,1210.0,13.487035512924194,1.0185253620147705,14.505560874938965,1173.0,1287.9115646258504
industrial_changeover,733,147,3,Order3,147,8.536000000000001e-05,0.03198033198714256,1275.0,1196.0,14.188485860824585,1.0791406631469727,15.267626523971558,1169.0,1279.7551020408164
industrial_changeover,734,147,4,Order4,147,8.533999999999999e-05,-0.0016018931637518108,1293.0,1277.0,13.1453115940094,1.008885145187378,14.154196739196777,1259.0,1304.2721088435374
industrial_changeover,735,147,5,Order5,147,8.532e-05,-0.002732238033786416,1379.0,1336.0,15.513128757476807,1.1865136623382568,16.699642419815063,1282.0,1402.4421768707482
industrial_changeover,736,148,1,Order1,148,8.53e-05,0.10709244757890701,1439.0,1337.0,13.76155710220337,1.0533974170684814,14.81495451927185,1230.0,1325.8513513513512
industrial_changeover,737,148,2,Order2,148,8.528000000000001e-05,-0.0509790163487196,1189.0,1210.0,13.43981146812439,1.0225615501403809,14.46237301826477,1173.0,1287.3851351351352
industrial_changeover,738,148,3,Order3,148,8.526000000000001e-05,0.052712153643369675,1422.0,1196.0,14.160160541534424,1.0880160331726074,15.248176574707031,1169.0,1279.1891891891892
industrial_changeover,739,148,4,Order4,148,8.524e-05,-0.06301488354802132,1308.0,1277.0,13.45113229751587,1.0084929466247559,14.459625244140625,1259.0,1304.087837837838
industrial_changeover,740,148,5,Order5,148,8.522000000000001e-05,-0.12223654985427856,1262.0,1336.0,15.90086841583252,1.2581095695495605,17.15897798538208,1282.0,1401.9932432432433
industrial_changeover,741,149,1,Order1,149,8.52e-05,0.048061258159577847,1363.0,1337.0,13.731399297714233,1.0873446464538574,14.81874394416809,1230.0,1325.9261744966443
industrial_changeover,742,149,2,Order2,149,8.518000000000001e-05,0.027507593389600515,1187.0,1213.0,13.291115522384644,1.0247397422790527,14.315855264663696,1173.0,1286.8859060402685
industrial_changeover,743,149,3,Order3,149,8.516e-05,-0.007237369427457452,1227.0,1196.0,14.218439817428589,1.0828611850738525,15.301301002502441,1169.0,1278.6308724832215
industrial_changeover,744,149,4,Order4,149,8.514e-05,0.06506110355257988,1357.0,1310.0,13.184906721115112,1.0410051345825195,14.225911855697632,1259.0,1304.1275167785234
industrial_changeover,745,149,5,Order5,149,8.512e-05,-0.02200625976547599,1356.0,1336.0,15.632614850997925,1.1935713291168213,16.826186180114746,1282.0,1401.5503355704698
industrial_changeover,746,150,1,Order1,150,8.510000000000001e-05,0.06240415200591087,1395.0,1337.0,13.699074745178223,1.0650386810302734,14.764113426208496,1230.0,1326.0
industrial_changeover,747,150,2,Order2,150,8.508e-05,-0.04211087804287672,1173.0,1210.0,13.50935697555542,1.0207688808441162,14.530125856399536,1173.0,1286.3733333333332
industrial_changeover,748,150,3,Order3,150,8.506e-05,-0.03037703176960349,1274.0,1196.0,14.21906042098999,1.0939602851867676,15.313020706176758,1169.0,1278.08
industrial_changeover,749,150,4,Order4,150,8.504000000000001e-05,-0.02666950924322009,1285.0,1310.0,13.142294645309448,1.0206949710845947,14.162989616394043,1259.0,1304.1666666666667
industrial_changeover,750,150,5,Order5,150,8.502000000000001e-05,-0.0493101654574275,1262.0,1339.0,15.688324451446533,1.2098543643951416,16.898178815841675,1282.0,1401.1333333333334
industrial_changeover,751,151,1,Order1,151,8.5e-05,0.05690873600542545,1312.0,1337.0,13.733738422393799,1.0545706748962402,14.788309097290039,1230.0,1326.0728476821191
industrial_changeover,752,151,2,Order2,151,8.498e-05,0.07315684668719769,1231.0,1210.0,13.479774713516235,1.0302727222442627,14.510047435760498,1173.0,1285.867549668874
industrial_changeover,753,151,3,Order3,151,8.496e-05,0.07087302207946777,1318.0,1196.0,14.070626020431519,1.0961616039276123,15.16678762435913,1169.0,1277.5364238410596
industrial_changeover,754,151,4,Order4,151,8.494e-05,-0.015706493286415935,1315.0,1310.0,13.146504878997803,1.0093715190887451,14.155876398086548,1259.0,1304.205298013245
industrial_changeover,755,151,5,Order5,151,8.492e-05,-0.11089067719876766,1263.0,1339.0,15.70467209815979,1.2006585597991943,16.905330657958984,1282.0,1400.7218543046358
industrial_changeover,756,152,1,Order1,152,8.49e-05,-0.03356600273400545,1289.0,1337.0,13.90929102897644,1.0386195182800293,14.94791054725647,1230.0,1326.1447368421052
industrial_changeover,757,152,2,Order2,152,8.488e-05,0.08626343309879303,1308.0,1210.0,13.263156652450562,1.016160488128662,14.279317140579224,1173.0,1285.3684210526317
industrial_changeover,758,152,3,Order3,152,8.486000000000001e-05,0.0034749378100968897,1246.0,1196.0,14.138466358184814,1.551339864730835,15.68980622291565,1169.0,1277.0
industrial_changeover,759,152,4,Order4,152,8.484000000000001e-05,-0.0007081800722517073,1292.0,1311.0,13.316852331161499,1.0331227779388428,14.349975109100342,1259.0,1304.25
industrial_changeover,760,152,5,Order5,152,8.482e-05,0.024671743623912334,1470.0,1339.0,15.721312999725342,1.2021253108978271,16.92343831062317,1282.0,1400.3157894736842
industrial_changeover,761,153,1,Order1,153,8.48e-05,0.020783925894647837,1333.0,1337.0,13.644700288772583,1.0516982078552246,14.696398496627808,1230.0,1326.2156862745098
industrial_changeover,762,153,2,Order2,153,8.478e-05,0.025029936339706182,1308.0,1210.0,13.363136053085327,1.034081220626831,14.397217273712158,1173.0,1284.875816993464
industrial_changeover,763,153,3,Order3,153,8.476000000000001e-05,-0.05535836983472109,1282.0,1196.0,14.017801284790039,1.0865728855133057,15.104374170303345,1169.0,1276.4705882352941
industrial_changeover,764,153,4,Order4,153,8.473999999999999e-05,-0.01637669885531068,1357.0,1310.0,13.1210036277771,1.0052542686462402,14.12625789642334,1259.0,1304.2875816993464
industrial_changeover,765,153,5,Order5,153,8.472e-05,-0.0335421422496438,1372.0,1339.0,15.55740237236023,1.2082295417785645,16.765631914138794,1282.0,1399.9150326797385
industrial_changeover,766,154,1,Order1,154,8.47e-05,-0.018752234522253275,1257.0,1337.0,13.791982889175415,1.0971651077270508,14.889147996902466,1230.0,1326.2857142857142
industrial_changeover,767,154,2,Order2,154,8.468000000000001e-05,0.10644678585231304,1331.0,1210.0,13.255652666091919,1.037320613861084,14.292973279953003,1173.0,1284.3896103896104
industrial_changeover,768,154,3,Order3,154,8.466e-05,0.01677077217027545,1276.0,1169.0,14.228739500045776,1.0987520217895508,15.327491521835327,1169.0,1275.7727272727273
industrial_changeover,769,154,4,Order4,154,8.464e-05,-0.01996339065954089,1304.0,1310.0,13.318147897720337,1.0201091766357422,14.338257074356079,1259.0,1304.3246753246754
industrial_changeover,770,154,5,Order5,154,8.462000000000001e-05,-0.0484389029443264,1383.0,1339.0,15.611776113510132,1.2117977142333984,16.82357382774353,1282.0,1399.5194805194806
industrial_changeover,771,155,1,Order1,155,8.46e-05,-0.061381956562399864,1218.0,1337.0,13.917744159698486,1.0659832954406738,14.98372745513916,1230.0,1326.3548387096773
industrial_changeover,772,155,2,Order2,155,8.458e-05,-0.007943323580548167,1183.0,1210.0,13.46174144744873,1.03328537940979,14.49502682685852,1173.0,1283.909677419355
industrial_changeover,773,155,3,Order3,155,8.456e-05,0.06582513079047203,1265.0,1169.0,14.17286229133606,1.081939697265625,15.254801988601685,1169.0,1275.0838709677419
industrial_changeover,774,155,4,Order4,155,8.454000000000001e-05,0.07014214619994164,1327.0,1310.0,13.188000917434692,1.0040004253387451,14.192001342773438,1259.0,1304.3612903225805
industrial_changeover,775,155,5,Order5,155,8.452e-05,0.041508808732032776,1470.0,1339.0,15.481868743896484,1.1833698749542236,16.665238618850708,1282.0,1399.1290322580646
industrial_changeover,776,156,1,Order1,156,8.450000000000001e-05,-0.0037180677172727883,1317.0,1337.0,13.74997067451477,1.0551283359527588,14.80509901046753,1230.0,1326.423076923077
industrial_changeover,777,156,2,Order2,156,8.448e-05,-0.05756677687168121,1176.0,1210.0,13.339743852615356,1.0274107456207275,14.367154598236084,1173.0,1283.4358974358975
industrial_changeover,778,156,3,Order3,156,8.446e-05,-0.005434931023046374,1300.0,1196.0,14.156846523284912,1.0855131149291992,15.242359638214111,1169.0,1274.576923076923
industrial_changeover,779,156,4,Order4,156,8.444000000000001e-05,-0.05130152404308319,1249.0,1282.0,13.253117322921753,1.0211081504821777,14.27422547340393,1259.0,1304.2179487179487
industrial_changeover,780,156,5,Order5,156,8.442000000000001e-05,-0.010042587295174599,1371.0,1339.0,15.705695152282715,1.2478363513946533,16.953531503677368,1282.0,1398.7435897435898
industrial_changeover,781,157,1,Order1,157,8.44e-05,0.06375244073569775,1328.0,1340.0,13.780484914779663,1.056816577911377,14.83730149269104,1230.0,1326.5095541401274
industrial_changeover,782,157,2,Order2,157,8.438e-05,0.17379717156291008,1425.0,1210.0,13.331064462661743,1.0301713943481445,14.361235857009888,1173.0,1282.968152866242
industrial_changeover,783,157,3,Order3,157,8.436000000000001e-05,-0.09545415453612804,1208.0,1169.0,14.148946285247803,1.0882959365844727,15.237242221832275,1169.0,1273.904458598726
industrial_changeover,784,157,4,Order4,157,8.434000000000001e-05,-0.062438495457172394,1290.0,1283.0,13.239380359649658,1.0073175430297852,14.246697902679443,1259.0,1304.0828025477706
industrial_changeover,785,157,5,Order5,157,8.431999999999999e-05,-0.04025535099208355,1379.0,1358.0,15.630388736724854,1.1893510818481445,16.819739818572998,1282.0,1398.4840764331211
industrial_changeover,786,158,1,Order1,158,8.43e-05,0.02193077839910984,1322.0,1337.0,13.907423973083496,1.0622634887695312,14.969687461853027,1230.0,1326.5759493670887
industrial_changeover,787,158,2,Order2,158,8.428e-05,0.16455095633864403,1353.0,1210.0,13.598642587661743,1.036794900894165,14.635437488555908,1173.0,1282.506329113924
industrial_changeover,788,158,3,Order3,158,8.426000000000001e-05,0.01906485576182604,1302.0,1169.0,14.229593753814697,1.0949912071228027,15.3245849609375,1169.0,1273.240506329114
industrial_changeover,789,158,4,Order4,158,8.424e-05,-0.03632084932178259,1340.0,1275.0,13.209998607635498,1.0145492553710938,14.224547863006592,1259.0,1303.8987341772151
industrial_changeover,790,158,5,Order5,158,8.422e-05,-0.07467048242688179,1400.0,1339.0,15.618236303329468,1.1998038291931152,16.818040132522583,1282.0,1398.107594936709
industrial_changeover,791,159,1,Order1,159,8.42e-05,-0.056899054907262325,1280.0,1337.0,13.771031141281128,1.0516180992126465,14.822649240493774,1230.0,1326.6415094339623
industrial_changeover,792,159,2,Order2,159,8.418e-05,-0.06611531600356102,1156.0,1210.0,13.265920639038086,1.0187535285949707,14.284674167633057,1173.0,1282.0503144654087
industrial_changeover,793,159,3,Order3,159,8.416000000000001e-05,0.0411019055172801,1251.0,1169.0,14.217329263687134,1.075895071029663,15.293224334716797,1169.0,1272.5849056603774
industrial_changeover,794,159,4,Order4,159,8.414e-05,0.07954473234713078,1308.0,1275.0,13.290967464447021,1.0158348083496094,14.30680227279663,1259.0,1303.7169811320755
industrial_changeover,795,159,5,Order5,159,8.412e-05,0.05216448754072189,1399.0,1339.0,15.59243631362915,1.1919100284576416,16.784346342086792,1282.0,1397.7358490566037
industrial_changeover,796,160,1,Order1,160,8.41e-05,-0.0002439263043925166,1257.0,1337.0,13.86544942855835,1.0479249954223633,14.913374423980713,1230.0,1326.70625
industrial_changeover,797,160,2,Order2,160,8.408000000000001e-05,0.04006630927324295,1308.0,1210.0,13.372517585754395,1.0263586044311523,14.398876190185547,1173.0,1281.6
industrial_changeover,798,160,3,Order3,160,8.406e-05,0.004699682584032416,1304.0,1196.0,14.093292713165283,1.1118216514587402,15.205114364624023,1169.0,1272.10625
industrial_changeover,799,160,4,Order4,160,8.404e-05,-0.07658479921519756,1272.0,1275.0,13.278854131698608,1.0102040767669678,14.289058208465576,1259.0,1303.5375
industrial_changeover,800,160,5,Order5,160,8.402000000000001e-05,-0.07234516181051731,1319.0,1339.0,15.683644771575928,1.194821834564209,16.878466606140137,1282.0,1397.36875
industrial_changeover,801,161,1,Order1,161,8.4e-05,-0.009353084024041891,1275.0,1337.0,13.622013330459595,1.0480611324310303,14.670074462890625,1230.0,1326.7701863354037
industrial_changeover,802,161,2,Order2,161,8.398e-05,0.12957707047462463,1289.0,1210.0,13.508235692977905,1.0223915576934814,14.530627250671387,1173.0,1281.1552795031057
industrial_changeover,803,161,3,Order3,161,8.396e-05,0.09639810398221016,1328.0,1169.0,14.318251609802246,1.0966541767120361,15.414905786514282,1169.0,1271.4658385093169
industrial_changeover,804,161,4,Order4,161,8.394000000000001e-05,-0.03509513195604086,1278.0,1277.0,13.132618188858032,1.0011391639709473,14.13375735282898,1259.0,1303.3726708074535
industrial_changeover,805,161,5,Order5,161,8.392e-05,-0.1156226322054863,1325.0,1336.0,15.589031457901001,1.1952860355377197,16.78431749343872,1282.0,1396.9875776397516
industrial_changeover,806,162,1,Order1,162,8.39e-05,-0.008855351246893406,1325.0,1337.0,13.744697332382202,1.0501179695129395,14.794815301895142,1230.0,1326.8333333333333
industrial_changeover,807,162,2,Order2,162,8.388e-05,0.04265117831528187,1286.0,1213.0,13.35912799835205,1.0151033401489258,14.374231338500977,1173.0,1280.7345679012346
industrial_changeover,808,162,3,Order3,162,8.386e-05,0.21045802161097527,1491.0,1169.0,14.085069417953491,1.0805034637451172,15.165572881698608,1169.0,1270.8333333333333
industrial_changeover,809,162,4,Order4,162,8.384000000000001e-05,-0.048719909973442554,1289.0,1277.0,13.256324052810669,1.0884556770324707,14.34477972984314,1259.0,1303.20987654321
industrial_changeover,810,162,5,Order5,162,8.382000000000001e-05,-0.12350272387266159,1383.0,1336.0,15.744922876358032,1.193112850189209,16.93803572654724,1282.0,1396.611111111111
industrial_changeover,811,163,1,Order1,163,8.38e-05,-0.05207112990319729,1311.0,1337.0,13.699938535690308,1.0603969097137451,14.760335445404053,1230.0,1326.8957055214723
industrial_changeover,812,163,2,Order2,163,8.378e-05,-0.07496271841228008,1161.0,1213.0,13.464783191680908,1.0267384052276611,14.49152159690857,1173.0,1280.3190184049079
industrial_changeover,813,163,3,Order3,163,8.376000000000001e-05,-0.011347156018018723,1244.0,1169.0,14.163291692733765,1.0755915641784668,15.238883256912231,1169.0,1270.2085889570553
industrial_changeover,814,163,4,Order4,163,8.374000000000001e-05,0.10347220115363598,1262.0,1311.0,13.291979312896729,1.01163649559021,14.303615808486938,1259.0,1303.2576687116564
industrial_changeover,815,163,5,Order5,163,8.372e-05,0.07785463705658913,1357.0,1327.0,15.58454704284668,1.200495719909668,16.785042762756348,1282.0,1396.1840490797547
industrial_changeover,816,164,1,Order1,164,8.37e-05,0.06989147514104843,1328.0,1337.0,13.833908319473267,1.0552246570587158,14.889132976531982,1230.0,1326.9573170731708
industrial_changeover,817,164,2,Order2,164,8.368e-05,-0.0383435282856226,1178.0,1213.0,13.336467027664185,1.0237395763397217,14.360206604003906,1173.0,1279.908536585366
industrial_changeover,818,164,3,Order3,164,8.366000000000001e-05,-0.05699343793094158,1252.0,1196.0,14.39319920539856,1.1007721424102783,15.493971347808838,1169.0,1269.7560975609756
industrial_changeover,819,164,4,Order4,164,8.364e-05,0.0291224243119359,1356.0,1255.0,13.561216592788696,1.0204176902770996,14.581634283065796,1255.0,1302.9634146341464
industrial_changeover,820,164,5,Order5,164,8.362000000000002e-05,-0.00662270316388458,1410.0,1327.0,15.791409730911255,1.2098591327667236,17.00126886367798,1282.0,1395.7621951219512
industrial_changeover,821,165,1,Order1,165,8.36e-05,0.027321661356836557,1347.0,1337.0,13.736364364624023,1.039724588394165,14.776088953018188,1230.0,1327.0181818181818
industrial_changeover,822,165,2,Order2,165,8.358e-05,-0.04809779766947031,1184.0,1213.0,13.311094760894775,1.0660762786865234,14.377171039581299,1173.0,1279.5030303030303
industrial_changeover,823,165,3,Order3,165,8.356e-05,-0.028215921949595213,1227.0,1196.0,13.999744892120361,1.0739305019378662,15.073675394058228,1169.0,1269.3090909090909
industrial_changeover,824,165,4,Order4,165,8.354e-05,0.061275115236639977,1358.0,1255.0,13.245539903640747,0.9974048137664795,14.242944717407227,1255.0,1302.6727272727273
industrial_changeover,825,165,5,Order5,165,8.352e-05,-0.025700148195028305,1353.0,1327.0,15.64627194404602,1.1943063735961914,16.840578317642212,1282.0,1395.3454545454545
industrial_changeover,826,166,1,Order1,166,8.35e-05,0.03627759497612715,1325.0,1337.0,13.747388362884521,1.045501708984375,14.792890071868896,1230.0,1327.078313253012
industrial_changeover,827,166,2,Order2,166,8.348000000000001e-05,-0.010074663674458861,1210.0,1213.0,13.337132930755615,1.0240638256072998,14.361196756362915,1173.0,1279.1024096385543
industrial_changeover,828,166,3,Order3,166,8.346e-05,0.024850814137607813,1281.0,1196.0,14.193942546844482,1.0833115577697754,15.277254104614258,1169.0,1268.867469879518
industrial_changeover,829,166,4,Order4,166,8.344e-05,-0.047334392555058,1250.0,1255.0,13.250226736068726,1.0086033344268799,14.258830070495605,1255.0,1302.3855421686746
industrial_changeover,830,166,5,Order5,166,8.342000000000001e-05,0.011453741928562522,1370.0,1327.0,15.526166439056396,1.192824125289917,16.718990564346313,1282.0,1394.933734939759
industrial_changeover,831,167,1,Order1,167,8.34e-05,0.13085536286234856,1462.0,1337.0,13.758756399154663,1.0553383827209473,14.81409478187561,1230.0,1327.1377245508982
industrial_changeover,832,167,2,Order2,167,8.338e-05,0.04423078801482916,1301.0,1213.0,13.48521375656128,1.0184352397918701,14.50364899635315,1173.0,1278.7065868263473
industrial_changeover,833,167,3,Order3,167,8.336e-05,-0.07370572164654732,1246.0,1169.0,14.126403331756592,1.0747144222259521,15.201117753982544,1169.0,1268.2694610778442
industrial_changeover,834,167,4,Order4,167,8.334000000000001e-05,-0.0924941785633564,1264.0,1264.0,13.440779447555542,1.015974998474121,14.456754446029663,1255.0,1302.1556886227545
industrial_changeover,835,167,5,Order5,167,8.332e-05,-0.0018984025227837265,1498.0,1327.0,15.820586919784546,1.2031919956207275,17.023778915405273,1282.0,1394.5269461077844
industrial_changeover,836,168,1,Order1,168,8.33e-05,-0.042919556610286236,1247.0,1337.0,13.773487329483032,1.0476953983306885,14.82118272781372,1230.0,1327.1964285714287
industrial_changeover,837,168,2,Order2,168,8.328e-05,0.14582259207963943,1354.0,1213.0,13.315192461013794,1.029768943786621,14.344961404800415,1173.0,1278.3154761904761
industrial_changeover,838,168,3,Order3,168,8.326e-05,0.06794091872870922,1304.0,1169.0,14.182493925094604,1.0853824615478516,15.267876386642456,1169.0,1267.6785714285713
industrial_changeover,839,168,4,Order4,168,8.324000000000001e-05,-0.05632940586656332,1278.0,1264.0,13.181181192398071,1.0051960945129395,14.18637728691101,1255.0,1301.9285714285713
industrial_changeover,840,168,5,Order5,168,8.322e-05,-0.1076755877584219,1299.0,1336.0,15.696834087371826,1.1935875415802002,16.890421628952026,1282.0,1394.1785714285713
industrial_changeover,841,169,1,Order1,169,8.32e-05,-0.03151580644771457,1275.0,1337.0,13.620633125305176,1.0491199493408203,14.669753074645996,1230.0,1327.2544378698226
industrial_changeover,842,169,2,Order2,169,8.318e-05,-7.183259003795683e-05,1172.0,1213.0,13.524113416671753,1.0255603790283203,14.549673795700073,1173.0,1277.9289940828403
industrial_changeover,843,169,3,Order3,169,8.316000000000001e-05,0.11669282987713814,1342.0,1169.0,14.257914781570435,1.089510440826416,15.34742522239685,1169.0,1267.094674556213
industrial_changeover,844,169,4,Order4,169,8.314000000000001e-05,0.0690036378800869,1357.0,1264.0,13.138456583023071,1.0047929286956787,14.14324951171875,1255.0,1301.7041420118344
industrial_changeover,845,169,5,Order5,169,8.312e-05,-0.033831954933702946,1358.0,1336.0,15.650317668914795,1.2080278396606445,16.85834550857544,1282.0,1393.8343195266273
industrial_changeover,846,170,1,Order1,170,8.31e-05,-0.0525625878944993,1250.0,1337.0,13.798953294754028,1.056286334991455,14.855239629745483,1230.0,1327.3117647058823
industrial_changeover,847,170,2,Order2,170,8.308e-05,0.03317531757056713,1336.0,1213.0,13.317378759384155,1.026390790939331,14.343769550323486,1173.0,1277.5470588235294
industrial_changeover,848,170,3,Order3,170,8.306000000000001e-05,-0.06975650414824486,1208.0,1169.0,14.23330044746399,1.0919163227081299,15.32521677017212,1169.0,1266.5176470588235
industrial_changeover,849,170,4,Order4,170,8.304e-05,-0.012659916887059808,1259.0,1311.0,13.222076654434204,1.0260505676269531,14.248127222061157,1255.0,1301.7588235294118
industrial_changeover,850,170,5,Order5,170,8.302000000000001e-05,0.04974732920527458,1428.0,1336.0,15.834238767623901,1.2430438995361328,17.077282667160034,1282.0,1393.4941176470588
industrial_changeover,851,171,1,Order1,171,8.3e-05,0.054638203233480453,1317.0,1337.0,13.774406433105469,1.0384387969970703,14.812845230102539,1230.0,1327.3684210526317
industrial_changeover,852,171,2,Order2,171,8.298000000000001e-05,-0.009571379981935024,1177.0,1213.0,13.345727443695068,1.0150458812713623,14.36077332496643,1173.0,1277.169590643275
industrial_changeover,853,171,3,Order3,171,8.296e-05,0.020065004471689463,1302.0,1169.0,14.077084302902222,1.072321891784668,15.14940619468689,1169.0,1265.9473684210527
industrial_changeover,854,171,4,Order4,171,8.294e-05,-0.023289312608540058,1282.0,1311.0,13.07028079032898,1.0038583278656006,14.07413911819458,1255.0,1301.812865497076
industrial_changeover,855,171,5,Order5,171,8.292e-05,0.02049174439162016,1444.0,1336.0,15.579598426818848,1.1943280696868896,16.773926496505737,1282.0,1393.157894736842
industrial_changeover,856,172,1,Order1,172,8.29e-05,-0.014516572933644056,1295.0,1337.0,13.739378690719604,1.0477068424224854,14.78708553314209,1230.0,1327.4244186046512
industrial_changeover,857,172,2,Order2,172,8.288e-05,-0.04656245466321707,1173.0,1213.0,13.4269380569458,1.0285253524780273,14.455463409423828,1173.0,1276.796511627907
industrial_changeover,858,172,3,Order3,172,8.286e-05,-0.02548364782705903,1235.0,1169.0,14.095104694366455,1.0830297470092773,15.178134441375732,1169.0,1265.3837209302326
industrial_changeover,859,172,4,Order4,172,8.284000000000001e-05,0.009176104562357068,1266.0,1311.0,13.272409915924072,1.0102970600128174,14.28270697593689,1255.0,1301.8662790697674
industrial_changeover,860,172,5,Order5,172,8.282000000000001e-05,-0.026157344691455364,1280.0,1336.0,15.727774143218994,1.19693922996521,16.924713373184204,1282.0,1392.8255813953488
industrial_changeover,861,173,1,Order1,173,8.280000000000001e-05,0.00886293756775558,1241.0,1337.0,13.721975326538086,1.056480884552002,14.778456211090088,1230.0,1327.4797687861271
industrial_changeover,862,173,2,Order2,173,8.278e-05,0.014955032151192427,1176.0,1213.0,13.421020269393921,1.0211420059204102,14.442162275314331,1173.0,1276.4277456647399
industrial_changeover,863,173,3,Order3,173,8.276e-05,0.12133205123245716,1348.0,1169.0,14.22044563293457,1.0794882774353027,15.299933910369873,1169.0,1264.8265895953757
industrial_changeover,864,173,4,Order4,173,8.274000000000001e-05,-0.004678972996771336,1250.0,1311.0,13.175521612167358,1.002887487411499,14.178409099578857,1255.0,1301.9190751445087
industrial_changeover,865,173,5,Order5,173,8.272e-05,0.021571807097643614,1417.0,1336.0,15.71434235572815,1.2191390991210938,16.933481454849243,1282.0,1392.4971098265896
industrial_changeover,866,174,1,Order1,174,8.27e-05,0.017679096665233374,1357.0,1337.0,13.965195655822754,1.0486104488372803,15.013806104660034,1230.0,1327.5344827586207
industrial_changeover,867,174,2,Order2,174,8.268e-05,1.219959813170135e-05,1308.0,1210.0,13.406616687774658,1.0174341201782227,14.42405080795288,1173.0,1276.0459770114942
industrial_changeover,868,174,3,Order3,174,8.266e-05,0.0016085845709312707,1381.0,1169.0,14.227947235107422,1.0883431434631348,15.316290378570557,1169.0,1264.2758620689656
industrial_changeover,869,174,4,Order4,174,8.264000000000001e-05,-0.06014593318104744,1286.0,1311.0,13.200865983963013,0.9996986389160156,14.200564622879028,1255.0,1301.971264367816
industrial_changeover,870,174,5,Order5,174,8.262e-05,-0.061013687402009964,1336.0,1336.0,15.598213195800781,1.197913646697998,16.79612684249878,1282.0,1392.1724137931035
industrial_changeover,871,175,1,Order1,175,8.260000000000002e-05,0.014344904571771622,1318.0,1337.0,13.623984813690186,1.0418806076049805,14.665865421295166,1230.0,1327.5885714285714
industrial_changeover,872,175,2,Order2,175,8.258e-05,0.025101303588598967,1190.0,1210.0,13.406420469284058,1.0160887241363525,14.42250919342041,1173.0,1275.6685714285713
industrial_changeover,873,175,3,Order3,175,8.256000000000001e-05,0.14707301557064056,1444.0,1169.0,14.063127517700195,1.0831737518310547,15.14630126953125,1169.0,1263.7314285714285
industrial_changeover,874,175,4,Order4,175,8.254e-05,-0.020287686493247747,1280.0,1311.0,13.26549506187439,1.0145065784454346,14.280001640319824,1255.0,1302.0228571428572
industrial_changeover,875,175,5,Order5,175,8.252e-05,-0.12499228678643703,1330.0,1336.0,15.494965076446533,1.2359271049499512,16.730892181396484,1282.0,1391.8514285714286
industrial_changeover,876,176,1,Order1,176,8.25e-05,-0.07985314540565014,1212.0,1340.0,13.596551179885864,1.0636513233184814,14.660202503204346,1230.0,1327.659090909091
industrial_changeover,877,176,2,Order2,176,8.248e-05,0.01024908060207963,1206.0,1213.0,13.450584650039673,1.0323445796966553,14.482929229736328,1173.0,1275.3125
industrial_changeover,878,176,3,Order3,176,8.246e-05,0.062236519530415535,1310.0,1169.0,14.290837287902832,1.090742588043213,15.381579875946045,1169.0,1263.1931818181818
industrial_changeover,879,176,4,Order4,176,8.244e-05,0.12022768147289753,1339.0,1264.0,13.286925315856934,1.0057744979858398,14.292699813842773,1255.0,1301.8068181818182
industrial_changeover,880,176,5,Order5,176,8.242000000000001e-05,0.025893832556903362,1445.0,1336.0,15.65369987487793,1.2704334259033203,16.92413330078125,1282.0,1391.534090909091
industrial_changeover,881,177,1,Order1,177,8.240000000000001e-05,0.0936327874660492,1473.0,1337.0,13.764712572097778,1.121467113494873,14.886179685592651,1230.0,1327.7118644067796
industrial_changeover,882,177,2,Order2,177,8.238000000000001e-05,-0.1183843445032835,1184.0,1213.0,13.426544666290283,1.0852274894714355,14.511772155761719,1173.0,1274.9604519774011
industrial_changeover,883,177,3,Order3,177,8.236e-05,-0.13597122207283974,1245.0,1169.0,14.19426679611206,1.1537368297576904,15.348003625869751,1169.0,1262.6610169491526
industrial_changeover,884,177,4,Order4,177,8.234e-05,-0.02968537900596857,1266.0,1272.0,13.164390802383423,1.025979995727539,14.190370798110962,1255.0,1301.638418079096
industrial_changeover,885,177,5,Order5,177,8.232e-05,0.07276649959385395,1445.0,1336.0,15.483529329299927,1.2006020545959473,16.684131383895874,1282.0,1391.2203389830509
industrial_changeover,886,178,1,Order1,178,8.23e-05,0.06905150972306728,1292.0,1337.0,13.733197927474976,1.0576307773590088,14.790828704833984,1230.0,1327.7640449438202
industrial_changeover,887,178,2,Order2,178,8.228e-05,0.041338722221553326,1183.0,1213.0,13.398345708847046,1.0584352016448975,14.456780910491943,1173.0,1274.612359550562
industrial_changeover,888,178,3,Order3,178,8.226e-05,0.016267613042145967,1235.0,1169.0,14.06120491027832,1.0999958515167236,15.161200761795044,1169.0,1262.1348314606741
industrial_changeover,889,178,4,Order4,178,8.224000000000001e-05,-0.025821929797530174,1264.0,1272.0,13.19853138923645,1.0618255138397217,14.260356903076172,1255.0,1301.4719101123596
industrial_changeover,890,178,5,Order5,178,8.222000000000001e-05,0.005127900862134993,1388.0,1336.0,15.659043312072754,1.1889052391052246,16.84794855117798,1282.0,1390.9101123595506
industrial_changeover,891,179,1,Order1,179,8.22e-05,0.023475964087992907,1340.0,1337.0,13.807580709457397,1.0497713088989258,14.857352018356323,1230.0,1327.8156424581005
industrial_changeover,892,179,2,Order2,179,8.218e-05,0.11560267023742199,1417.0,1213.0,13.253786563873291,1.0367543697357178,14.290540933609009,1173.0,1274.268156424581
industrial_changeover,893,179,3,Order3,179,8.216e-05,-0.03892449103295803,1278.0,1169.0,14.168071031570435,1.084456205368042,15.252527236938477,1169.0,1261.6145251396647
industrial_changeover,894,179,4,Order4,179,8.214000000000001e-05,-0.08938824385404587,1290.0,1272.0,13.149563789367676,1.0514051914215088,14.200968980789185,1255.0,1301.3072625698323
industrial_changeover,895,179,5,Order5,179,8.212e-05,-0.12386608123779297,1271.0,1336.0,15.634514093399048,1.1932005882263184,16.827714681625366,1282.0,1390.6033519553073
industrial_changeover,896,180,1,Order1,180,8.21e-05,-0.025152957066893578,1252.0,1337.0,13.848543405532837,1.0514483451843262,14.899991750717163,1230.0,1327.8666666666666
industrial_changeover,897,180,2,Order2,180,8.208e-05,0.11753793433308601,1299.0,1213.0,13.347578287124634,1.0367915630340576,14.384369850158691,1173.0,1273.9277777777777
industrial_changeover,898,180,3,Order3,180,8.206e-05,0.11783443205058575,1301.0,1169.0,14.160131931304932,1.100229263305664,15.260361194610596,1169.0,1261.1
industrial_changeover,899,180,4,Order4,180,8.204000000000001e-05,0.029987848829478025,1294.0,1272.0,13.272392511367798,1.0113632678985596,14.283755779266357,1255.0,1301.1444444444444
industrial_changeover,900,180,5,Order5,180,8.202e-05,-0.06941211596131325,1288.0,1336.0,15.608529806137085,1.1843843460083008,16.792914152145386,1282.0,1390.3
industrial_changeover,901,181,1,Order1,181,8.200000000000001e-05,-0.03099875943735242,1295.0,1337.0,13.652365446090698,1.0431995391845703,14.695564985275269,1230.0,1327.9171270718232
industrial_changeover,902,181,2,Order2,181,8.198e-05,0.043964059092104435,1308.0,1213.0,13.207528352737427,1.0168671607971191,14.224395513534546,1173.0,1273.5911602209944
industrial_changeover,903,181,3,Order3,181,8.196000000000001e-05,-0.07944868691265583,1169.0,1169.0,14.164367437362671,1.0812792778015137,15.245646715164185,1169.0,1260.5911602209944
industrial_changeover,904,181,4,Order4,181,8.194e-05,-0.026437375228852034,1242.0,1264.0,13.220757007598877,0.998542070388794,14.219299077987671,1255.0,1300.9392265193371
industrial_changeover,905,181,5,Order5,181,8.192e-05,0.021371300797909498,1399.0,1336.0,15.461345911026001,1.2009248733520508,16.66227078437805,1282.0,1390.0
industrial_changeover,906,182,1,Order1,182,8.19e-05,0.2009982466697693,1480.0,1337.0,13.80331039428711,1.0622706413269043,14.865581035614014,1230.0,1327.967032967033
industrial_changeover,907,182,2,Order2,182,8.188e-05,-0.00554417644161731,1194.0,1213.0,13.34061861038208,1.0288045406341553,14.369423151016235,1173.0,1273.2582417582419
industrial_changeover,908,182,3,Order3,182,8.186e-05,-0.004210636019706726,1319.0,1169.0,14.095953702926636,1.084291696548462,15.180245399475098,1169.0,1260.0879120879122
industrial_changeover,909,182,4,Order4,182,8.184e-05,-0.03822531644254923,1344.0,1272.0,13.25032114982605,1.0107579231262207,14.26107907295227,1255.0,1300.7802197802198
industrial_changeover,910,182,5,Order5,182,8.182000000000001e-05,-0.09783930517733097,1294.0,1336.0,15.7113356590271,1.2054224014282227,16.916758060455322,1282.0,1389.7032967032967
industrial_changeover,911,183,1,Order1,183,8.180000000000001e-05,-0.00011001469101756811,1341.0,1337.0,13.77702808380127,1.0510878562927246,14.828115940093994,1230.0,1328.016393442623
industrial_changeover,912,183,2,Order2,183,8.178e-05,0.006114504300057888,1234.0,1213.0,13.352532625198364,1.0210089683532715,14.373541593551636,1173.0,1272.9289617486338
industrial_changeover,913,183,3,Order3,183,8.176e-05,0.04227554798126221,1293.0,1169.0,14.204477071762085,1.091710090637207,15.296187162399292,1169.0,1259.5901639344263
industrial_changeover,914,183,4,Order4,183,8.174e-05,-0.0017758574686013162,1266.0,1272.0,13.381390571594238,1.028028964996338,14.409419536590576,1255.0,1300.622950819672
industrial_changeover,915,183,5,Order5,183,8.172000000000001e-05,-0.03745096269994974,1315.0,1336.0,15.605571508407593,1.2012507915496826,16.806822299957275,1282.0,1389.4098360655737
industrial_changeover,916,184,1,Order1,184,8.17e-05,0.04368642810732126,1331.0,1337.0,13.763804912567139,1.0471642017364502,14.810969114303589,1230.0,1328.0652173913043
industrial_changeover,917,184,2,Order2,184,8.168e-05,0.03651654999703169,1212.0,1213.0,13.409290313720703,1.030465841293335,14.439756155014038,1173.0,1272.6032608695652
industrial_changeover,918,184,3,Order3,184,8.166e-05,0.007617316674441099,1281.0,1169.0,14.05133318901062,1.0934102535247803,15.1447434425354,1169.0,1259.0978260869565
industrial_changeover,919,184,4,Order4,184,8.164000000000001e-05,-0.035593326203525066,1264.0,1272.0,13.22618055343628,1.0006210803985596,14.226801633834839,1255.0,1300.4673913043478
industrial_changeover,920,184,5,Order5,184,8.162000000000001e-05,0.050791957415640354,1422.0,1336.0,15.627127170562744,1.189455270767212,16.816582441329956,1282.0,1389.1195652173913
industrial_changeover,921,185,1,Order1,185,8.16e-05,-0.050770629197359085,1226.0,1337.0,13.716104507446289,1.0450503826141357,14.761154890060425,1230.0,1328.1135135135135
industrial_changeover,922,185,2,Order2,185,8.158e-05,0.036608061753213406,1295.0,1213.0,13.418031454086304,1.0184154510498047,14.436446905136108,1173.0,1272.281081081081
industrial_changeover,923,185,3,Order3,185,8.156e-05,-0.020997419953346252,1251.0,1169.0,14.188862562179565,1.0865905284881592,15.275453090667725,1169.0,1258.6108108108108
industrial_changeover,924,185,4,Order4,185,8.154000000000001e-05,0.00904943747445941,1311.0,1264.0,13.267048835754395,1.0006988048553467,14.267747640609741,1255.0,1300.2702702702702
industrial_changeover,925,185,5,Order5,185,8.152e-05,-0.013665554113686085,1334.0,1336.0,15.569327592849731,1.188856601715088,16.75818419456482,1282.0,1388.8324324324324
industrial_changeover,926,186,1,Order1,186,8.15e-05,-0.002789406746160239,1290.0,1337.0,13.79000997543335,1.109191656112671,14.89920163154602,1230.0,1328.1612903225807
industrial_changeover,927,186,2,Order2,186,8.148e-05,0.082405561581254,1335.0,1213.0,13.426217317581177,1.0478506088256836,14.47406792640686,1173.0,1271.9623655913979
industrial_changeover,928,186,3,Order3,186,8.146000000000001e-05,-0.018160054460167885,1251.0,1169.0,14.095109939575195,1.1263470649719238,15.22145700454712,1169.0,1258.1290322580646
industrial_changeover,929,186,4,Order4,186,8.144e-05,-0.02038386045023799,1316.0,1268.0,13.325881004333496,1.0128653049468994,14.338746309280396,1255.0,1300.0967741935483
industrial_changeover,930,186,5,Order5,186,8.142e-05,-0.011671155923977494,1361.0,1336.0,15.85867691040039,1.21380615234375,17.07248306274414,1282.0,1388.5483870967741
industrial_changeover,931,187,1,Order1,187,8.140000000000001e-05,-0.026991637889295816,1275.0,1337.0,13.708772659301758,1.0559897422790527,14.76476240158081,1230.0,1328.2085561497327
industrial_changeover,932,187,2,Order2,187,8.138e-05,0.021214013919234276,1210.0,1213.0,13.315623998641968,1.0848720073699951,14.400496006011963,1173.0,1271.6470588235295
industrial_changeover,933,187,3,Order3,187,8.136000000000001e-05,0.0028923028148710728,1251.0,1169.0,14.10632586479187,1.1065173149108887,15.212843179702759,1169.0,1257.6524064171124
industrial_changeover,934,187,4,Order4,187,8.134e-05,-0.02032324904575944,1281.0,1268.0,13.297943353652954,1.0629174709320068,14.360860824584961,1255.0,1299.9251336898396
industrial_changeover,935,187,5,Order5,187,8.132e-05,-0.010544124525040388,1335.0,1327.0,15.53045392036438,1.1951260566711426,16.725579977035522,1282.0,1388.2192513368984
industrial_changeover,936,188,1,Order1,188,8.13e-05,0.04695900343358517,1325.0,1337.0,13.78098750114441,1.0597774982452393,14.840764999389648,1230.0,1328.2553191489362
industrial_changeover,937,188,2,Order2,188,8.128e-05,0.04523901641368866,1224.0,1213.0,13.62819790840149,1.0248920917510986,14.653090000152588,1173.0,1271.3351063829787
industrial_changeover,938,188,3,Order3,188,8.126e-05,0.11973794549703598,1406.0,1169.0,14.253329992294312,1.08811354637146,15.341443538665771,1169.0,1257.1808510638298
industrial_changeover,939,188,4,Order4,188,8.124e-05,-0.053456585854291916,1297.0,1268.0,13.258472204208374,1.0066828727722168,14.26515507698059,1255.0,1299.7553191489362
industrial_changeover,940,188,5,Order5,188,8.122000000000001e-05,-0.042579286731779575,1505.0,1327.0,15.64035153388977,1.1983377933502197,16.83868932723999,1282.0,1387.8936170212767
industrial_changeover,941,189,1,Order1,189,8.120000000000001e-05,-0.0844135507941246,1269.0,1337.0,13.822996616363525,1.0405118465423584,14.863508462905884,1230.0,1328.3015873015872
industrial_changeover,942,189,2,Order2,189,8.118e-05,-0.0003245112602598965,1285.0,1213.0,13.28229832649231,1.0265440940856934,14.308842420578003,1173.0,1271.026455026455
industrial_changeover,943,189,3,Order3,189,8.116e-05,-0.047179860062897205,1211.0,1196.0,14.307134628295898,1.093489646911621,15.40062427520752,1169.0,1256.857142857143
industrial_changeover,944,189,4,Order4,189,8.114e-05,0.03461519908159971,1311.0,1264.0,13.221603155136108,1.0003137588500977,14.221916913986206,1255.0,1299.5661375661375
industrial_changeover,945,189,5,Order5,189,8.112000000000001e-05,-0.05560210905969143,1232.0,1327.0,15.838658332824707,1.2015905380249023,17.04024887084961,1282.0,1387.5714285714287
industrial_changeover,946,190,1,Order1,190,8.109999999999999e-05,0.0830092541873455,1319.0,1337.0,13.781148433685303,1.0500001907348633,14.831148624420166,1230.0,1328.3473684210526
industrial_changeover,947,190,2,Order2,190,8.108e-05,0.022060560528188944,1175.0,1213.0,13.373409271240234,1.016918420791626,14.39032769203186,1173.0,1270.721052631579
industrial_changeover,948,190,3,Order3,190,8.106e-05,0.09166830405592918,1331.0,1169.0,14.07248067855835,1.0744421482086182,15.146922826766968,1169.0,1256.3947368421052
industrial_changeover,949,190,4,Order4,190,8.104000000000001e-05,0.011364228092133999,1314.0,1264.0,13.037940263748169,1.0036725997924805,14.04161286354065,1255.0,1299.378947368421
industrial_changeover,950,190,5,Order5,190,8.102000000000001e-05,-0.0832574050873518,1325.0,1327.0,15.587689399719238,1.1873879432678223,16.77507734298706,1282.0,1387.2526315789473
industrial_changeover,951,191,1,Order1,191,8.1e-05,-0.05083081126213074,1269.0,1337.0,13.709036350250244,1.0512783527374268,14.760314702987671,1230.0,1328.392670157068
industrial_changeover,952,191,2,Order2,191,8.098e-05,-0.021601170767098665,1200.0,1213.0,13.284029960632324,0.9530253410339355,14.23705530166626,1173.0,1270.4188481675392
industrial_changeover,953,191,3,Order3,191,8.096e-05,0.05058647785335779,1310.0,1169.0,14.228460550308228,1.0755529403686523,15.30401349067688,1169.0,1255.9371727748692
industrial_changeover,954,191,4,Order4,191,8.094000000000001e-05,0.04711311589926481,1297.0,1264.0,13.282963037490845,1.008521556854248,14.291484594345093,1255.0,1299.193717277487
industrial_changeover,955,191,5,Order5,191,8.092e-05,-0.028297624550759792,1289.0,1327.0,15.72461223602295,1.1995437145233154,16.924155950546265,1282.0,1386.9371727748692
industrial_changeover,956,192,1,Order1,192,8.09e-05,0.013697755057364702,1295.0,1337.0,13.676858901977539,1.0518171787261963,14.728676080703735,1230.0,1328.4375
industrial_changeover,957,192,2,Order2,192,8.088e-05,-0.020212659146636724,1173.0,1213.0,13.482304573059082,1.02327299118042,14.505577564239502,1173.0,1270.1197916666667
industrial_changeover,958,192,3,Order3,192,8.086000000000001e-05,-0.0009837762045208365,1265.0,1169.0,14.277868747711182,1.079716682434082,15.357585430145264,1169.0,1255.484375
industrial_changeover,959,192,4,Order4,192,8.084e-05,-0.010064964182674885,1246.0,1264.0,13.319859027862549,1.0103600025177002,14.330219030380249,1255.0,1299.0104166666667
industrial_changeover,960,192,5,Order5,192,8.082e-05,0.08343010395765305,1470.0,1327.0,15.614426612854004,1.2061398029327393,16.820566415786743,1282.0,1386.625
industrial_changeover,961,193,1,Order1,193,8.080000000000001e-05,0.007202225038781762,1298.0,1337.0,13.927696228027344,1.0549006462097168,14.98259687423706,1230.0,1328.481865284974
industrial_changeover,962,193,2,Order2,193,8.078e-05,0.058113349601626396,1297.0,1213.0,13.56812858581543,1.0151796340942383,14.583308219909668,1173.0,1269.823834196891
industrial_changeover,963,193,3,Order3,193,8.076e-05,-0.033586191944777966,1292.0,1169.0,13.953299522399902,1.0769734382629395,15.030272960662842,1169.0,1255.0362694300518
industrial_changeover,964,193,4,Order4,193,8.074e-05,-0.048682378605008125,1295.0,1264.0,13.220610857009888,1.0082817077636719,14.22889256477356,1255.0,1298.8290155440413
industrial_changeover,965,193,5,Order5,193,8.072000000000001e-05,-0.10876883380115032,1261.0,1327.0,15.61501669883728,1.192835807800293,16.807852506637573,1282.0,1386.3160621761658
industrial_changeover,966,194,1,Order1,194,8.07e-05,0.01769594755023718,1295.0,1337.0,13.72805905342102,1.0555851459503174,14.783644199371338,1230.0,1328.5257731958764
industrial_changeover,967,194,2,Order2,194,8.068e-05,0.016906491946429014,1173.0,1213.0,13.268356800079346,1.0204315185546875,14.288788318634033,1173.0,1269.5309278350514
industrial_changeover,968,194,3,Order3,194,8.066e-05,0.07806066982448101,1293.0,1169.0,14.110958814620972,1.0887460708618164,15.199704885482788,1169.0,1254.5927835051546
industrial_changeover,969,194,4,Order4,194,8.064e-05,0.09954950213432312,1357.0,1264.0,13.240030527114868,1.0134294033050537,14.253459930419922,1255.0,1298.6494845360826
industrial_changeover,970,194,5,Order5,194,8.062000000000001e-05,-0.01352088456042111,1399.0,1327.0,15.67532753944397,1.19712233543396,16.87244987487793,1282.0,1386.0103092783504
industrial_changeover,971,195,1,Order1,195,8.060000000000001e-05,-0.010827963007614017,1325.0,1337.0,13.655414342880249,1.0398571491241455,14.695271492004395,1230.0,1328.5692307692307
industrial_changeover,972,195,2,Order2,195,8.058e-05,-0.11251623556017876,1132.0,1213.0,13.444417715072632,1.0220437049865723,14.466461420059204,1173.0,1269.2410256410255
industrial_changeover,973,195,3,Order3,195,8.056e-05,-0.031257690861821175,1244.0,1169.0,14.157288074493408,1.0888266563415527,15.246114730834961,1169.0,1254.1538461538462
industrial_changeover,974,195,4,Order4,195,8.054e-05,-0.012435110285878181,1264.0,1264.0,13.08836817741394,1.0149500370025635,14.103318214416504,1255.0,1298.4717948717948
industrial_changeover,975,195,5,Order5,195,8.052000000000001e-05,0.007452829275280237,1299.0,1327.0,15.65494418144226,1.2089893817901611,16.863933563232422,1282.0,1385.7076923076922
industrial_changeover,976,196,1,Order1,196,8.049999999999999e-05,0.0631737969815731,1291.0,1337.0,13.721964597702026,1.0574228763580322,14.779387474060059,1230.0,1328.6122448979593
industrial_changeover,977,196,2,Order2,196,8.048e-05,0.06738191284239292,1216.0,1213.0,13.615005493164062,1.0406560897827148,14.655661582946777,1173.0,1268.954081632653
industrial_changeover,978,196,3,Order3,196,8.046e-05,0.012312185252085328,1246.0,1169.0,14.1931631565094,1.0694169998168945,15.262580156326294,1169.0,1253.719387755102
industrial_changeover,979,196,4,Order4,196,8.044000000000001e-05,-0.034516639076173306,1275.0,1264.0,13.180893182754517,1.0132787227630615,14.194171905517578,1255.0,1298.295918367347
industrial_changeover,980,196,5,Order5,196,8.042e-05,-0.009932669578120112,1371.0,1336.0,15.658874273300171,1.201955795288086,16.860830068588257,1282.0,1385.454081632653
industrial_changeover,981,197,1,Order1,197,8.04e-05,0.020871189422905445,1337.0,1337.0,13.769948244094849,1.0499415397644043,14.819889783859253,1230.0,1328.6548223350253
industrial_changeover,982,197,2,Order2,197,8.038e-05,-0.028774469159543514,1205.0,1213.0,13.28153657913208,1.0178956985473633,14.299432277679443,1173.0,1268.6700507614214
industrial_changeover,983,197,3,Order3,197,8.036e-05,0.01106037455610931,1279.0,1169.0,14.223613023757935,1.0765743255615234,15.300187349319458,1169.0,1253.2893401015228
industrial_changeover,984,197,4,Order4,197,8.034e-05,0.028019182849675417,1336.0,1264.0,13.242030382156372,1.0052742958068848,14.247304677963257,1255.0,1298.1218274111675
industrial_changeover,985,197,5,Order5,197,8.032e-05,0.012309901881963015,1382.0,1336.0,15.622485876083374,1.2448155879974365,16.86730146408081,1282.0,1385.2030456852792
industrial_changeover,986,198,1,Order1,198,8.03e-05,-0.03912494610995054,1267.0,1337.0,13.776795625686646,1.0985713005065918,14.875366926193237,1230.0,1328.6969696969697
industrial_changeover,987,198,2,Order2,198,8.028e-05,0.01044613472186029,1212.0,1213.0,13.460773468017578,1.040069580078125,14.500843048095703,1173.0,1268.388888888889
industrial_changeover,988,198,3,Order3,198,8.026000000000001e-05,0.06347493827342987,1327.0,1169.0,14.06270146369934,1.105165719985962,15.167867183685303,1169.0,1252.8636363636363
industrial_changeover,989,198,4,Order4,198,8.024e-05,-0.0441509960219264,1272.0,1264.0,13.106681823730469,1.0009357929229736,14.107617616653442,1255.0,1297.949494949495
industrial_changeover,990,198,5,Order5,198,8.022e-05,-0.07663093321025372,1280.0,1336.0,15.666563272476196,1.1849477291107178,16.851511001586914,1282.0,1384.9545454545455
industrial_changeover,991,199,1,Order1,199,8.020000000000001e-05,0.03308589104562998,1325.0,1337.0,13.783044576644897,1.0570285320281982,14.840073108673096,1230.0,1328.7386934673366
industrial_changeover,992,199,2,Order2,199,8.018000000000001e-05,0.13591713085770607,1354.0,1213.0,13.360717535018921,1.0419344902038574,14.402652025222778,1173.0,1268.110552763819
industrial_changeover,993,199,3,Order3,199,8.016e-05,-0.003349842329043895,1304.0,1169.0,14.359461545944214,1.0922129154205322,15.451674461364746,1169.0,1252.4422110552764
industrial_changeover,994,199,4,Order4,199,8.014e-05,-0.05894140060991049,1275.0,1264.0,13.288307189941406,1.0081496238708496,14.296456813812256,1255.0,1297.7788944723618
industrial_changeover,995,199,5,Order5,199,8.012000000000001e-05,-0.12381310574710369,1232.0,1327.0,15.574381589889526,1.1825854778289795,16.756967067718506,1282.0,1384.6633165829146
industrial_changeover,996,200,1,Order1,200,8.01e-05,-0.03739248123019934,1223.0,1337.0,13.604114532470703,1.043698787689209,14.647813320159912,1230.0,1328.78
industrial_changeover,997,200,2,Order2,200,8.008e-05,0.04640916362404823,1211.0,1213.0,13.827645301818848,1.0179986953735352,14.845643997192383,1173.0,1267.835
industrial_changeover,998,200,3,Order3,200,8.006e-05,0.02765209646895528,1208.0,1169.0,14.11643362045288,1.0836424827575684,15.20007610321045,1169.0,1252.025
industrial_changeover,999,200,4,Order4,200,8.004e-05,0.09777011163532734,1296.0,1264.0,13.273470878601074,0.9952247142791748,14.268695592880249,1255.0,1297.61
industrial_changeover,1000,200,5,Order5,200,8.002000000000001e-05,0.00023052218602970243,1290.0,1327.0,15.67814302444458,1.206209421157837,16.884352445602417,1282.0,1384.375
industrial_changeover,1001,201,1,Order1,201,8e-05,-0.02887805737555027,1241.0,1337.0,13.654789209365845,1.0508792400360107,14.705668449401855,1230.0,1328.8208955223881
industrial_changeover,1002,201,2,Order2,201,7.998000000000002e-05,0.09078004769980907,1289.0,1213.0,13.499335289001465,1.021169900894165,14.52050518989563,1173.0,1267.5621890547263
industrial_changeover,1003,201,3,Order3,201,7.996e-05,-0.017636595759540796,1293.0,1169.0,14.242004632949829,1.0884521007537842,15.330456733703613,1169.0,1251.6119402985075
industrial_changeover,1004,201,4,Order4,201,7.994000000000001e-05,-0.058112844824790955,1274.0,1264.0,13.16299557685852,1.0026934146881104,14.16568899154663,1255.0,1297.4427860696517
industrial_changeover,1005,201,5,Order5,201,7.992000000000001e-05,-0.08012690581381321,1288.0,1336.0,15.68468713760376,1.1987552642822266,16.883442401885986,1282.0,1384.134328358209
industrial_changeover,1006,202,1,Order1,202,7.989999999999999e-05,0.07395407371222973,1356.0,1337.0,13.772745609283447,1.0649163722991943,14.837661981582642,1230.0,1328.8613861386139
industrial_changeover,1007,202,2,Order2,202,7.988e-05,0.008026438765227795,1184.0,1213.0,13.383572816848755,1.0353522300720215,14.418925046920776,1173.0,1267.2920792079208
industrial_changeover,1008,202,3,Order3,202,7.986e-05,0.060943457297980785,1330.0,1169.0,14.28497576713562,1.1036367416381836,15.388612508773804,1169.0,1251.2029702970297
industrial_changeover,1009,202,4,Order4,202,7.984000000000001e-05,0.006960462313145399,1304.0,1264.0,13.3900465965271,1.0232183933258057,14.413264989852905,1255.0,1297.2772277227723
industrial_changeover,1010,202,5,Order5,202,7.982e-05,0.01137261069379747,1475.0,1336.0,15.678216218948364,1.191188097000122,16.869404315948486,1282.0,1383.8960396039604
industrial_changeover,1011,203,1,Order1,203,7.98e-05,-0.036729829385876656,1294.0,1337.0,13.610030174255371,1.0415961742401123,14.651626348495483,1230.0,1328.9014778325122
industrial_changeover,1012,203,2,Order2,203,7.978000000000001e-05,-0.019346706569194794,1196.0,1213.0,13.44400429725647,1.0231854915618896,14.46718978881836,1173.0,1267.0246305418718
industrial_changeover,1013,203,3,Order3,203,7.976e-05,0.0195096293464303,1349.0,1169.0,14.222066402435303,1.0920348167419434,15.314101219177246,1169.0,1250.7980295566501
industrial_changeover,1014,203,4,Order4,203,7.974e-05,-0.03238613437861204,1274.0,1264.0,13.010008811950684,1.0153539180755615,14.025362730026245,1255.0,1297.1133004926107
industrial_changeover,1015,203,5,Order5,203,7.972e-05,-0.05665344372391701,1291.0,1336.0,15.707523584365845,1.191983938217163,16.899507522583008,1282.0,1383.6600985221676
industrial_changeover,1016,204,1,Order1,204,7.97e-05,0.16728635132312775,1479.0,1337.0,13.787269592285156,1.0499279499053955,14.837197542190552,1230.0,1328.9411764705883
industrial_changeover,1017,204,2,Order2,204,7.968e-05,0.09015742316842079,1352.0,1213.0,13.441840887069702,1.020289659500122,14.462130546569824,1173.0,1266.7598039215686
industrial_changeover,1018,204,3,Order3,204,7.966e-05,0.04205203801393509,1426.0,1169.0,14.184613943099976,1.0737528800964355,15.258366823196411,1169.0,1250.3970588235295
industrial_changeover,1019,204,4,Order4,204,7.964e-05,-0.11830258555710316,1278.0,1264.0,13.11780047416687,1.00880765914917,14.12660813331604,1255.0,1296.950980392157
industrial_changeover,1020,204,5,Order5,204,7.962e-05,-0.1560155525803566,1345.0,1336.0,15.69486117362976,1.1935842037200928,16.888445377349854,1282.0,1383.4264705882354
industrial_changeover,1021,205,1,Order1,205,7.960000000000001e-05,-0.09202581271529198,1220.0,1337.0,13.766509771347046,1.0507676601409912,14.817277431488037,1230.0,1328.980487804878
industrial_changeover,1022,205,2,Order2,205,7.958000000000001e-05,0.04990261886268854,1203.0,1213.0,13.310980558395386,1.0316674709320068,14.342648029327393,1173.0,1266.4975609756098
industrial_changeover,1023,205,3,Order3,205,7.956e-05,0.05033703614026308,1228.0,1169.0,14.266736030578613,1.0970005989074707,15.363736629486084,1169.0,1250.0
industrial_changeover,1024,205,4,Order4,205,7.954e-05,0.09811590239405632,1277.0,1311.0,13.353224277496338,1.0291874408721924,14.38241171836853,1255.0,1297.019512195122
industrial_changeover,1025,205,5,Order5,205,7.952000000000001e-05,0.09966160356998444,1407.0,1336.0,15.8424391746521,1.2029495239257812,17.04538869857788,1282.0,1383.1951219512196
industrial_changeover,1026,206,1,Order1,206,7.950000000000001e-05,0.0011678498121909797,1279.0,1337.0,13.702460050582886,1.0426297187805176,14.745089769363403,1230.0,1329.0194174757282
industrial_changeover,1027,206,2,Order2,206,7.948e-05,-0.03249630983918905,1207.0,1213.0,13.383626222610474,1.0251445770263672,14.40877079963684,1173.0,1266.2378640776699
industrial_changeover,1028,206,3,Order3,206,7.946e-05,-0.12205690145492554,1169.0,1169.0,14.124698877334595,1.0813214778900146,15.20602035522461,1169.0,1249.606796116505
industrial_changeover,1029,206,4,Order4,206,7.944e-05,-0.05115651711821556,1217.0,1264.0,13.051347732543945,1.003237009048462,14.054584741592407,1255.0,1296.8592233009708
industrial_changeover,1030,206,5,Order5,206,7.942000000000001e-05,0.05422622058540583,1362.0,1336.0,15.696274280548096,1.1866939067840576,16.882968187332153,1282.0,1382.9660194174758
industrial_changeover,1031,207,1,Order1,207,7.94e-05,0.035720158368349075,1252.0,1337.0,13.793872833251953,1.0522165298461914,14.846089363098145,1230.0,1329.0579710144928
industrial_changeover,1032,207,2,Order2,207,7.938000000000002e-05,0.035285135731101036,1173.0,1213.0,13.420497417449951,1.0345025062561035,14.454999923706055,1173.0,1265.9806763285023
industrial_changeover,1033,207,3,Order3,207,7.936e-05,0.0736854299902916,1265.0,1169.0,14.094219207763672,1.0890965461730957,15.183315753936768,1169.0,1249.2173913043478
industrial_changeover,1034,207,4,Order4,207,7.934000000000001e-05,0.014303755480796099,1282.0,1264.0,13.26029109954834,1.0081498622894287,14.268440961837769,1255.0,1296.7004830917874
industrial_changeover,1035,207,5,Order5,207,7.932e-05,-0.07460069842636585,1315.0,1336.0,15.716288805007935,1.2018206119537354,16.91810941696167,1282.0,1382.7391304347825
industrial_changeover,1036,208,1,Order1,208,7.93e-05,0.026126957032829523,1331.0,1337.0,13.834917306900024,1.0526256561279297,14.887542963027954,1230.0,1329.0961538461538
industrial_changeover,1037,208,2,Order2,208,7.928e-05,0.008030193857848644,1258.0,1213.0,13.333083629608154,1.023038387298584,14.356122016906738,1173.0,1265.7259615384614
industrial_changeover,1038,208,3,Order3,208,7.926e-05,0.1705508753657341,1444.0,1169.0,14.249137878417969,1.0851507186889648,15.334288597106934,1169.0,1248.8317307692307
industrial_changeover,1039,208,4,Order4,208,7.924000000000001e-05,-0.03372789826244116,1300.0,1264.0,13.244929313659668,0.9984955787658691,14.243424892425537,1255.0,1296.5432692307693
industrial_changeover,1040,208,5,Order5,208,7.922e-05,-0.09834139794111252,1403.0,1336.0,15.71408462524414,1.2570829391479492,16.97116756439209,1282.0,1382.514423076923
industrial_changeover,1041,209,1,Order1,209,7.920000000000001e-05,-0.09418758563697338,1251.0,1337.0,13.877451419830322,1.0638618469238281,14.94131326675415,1230.0,1329.133971291866
industrial_changeover,1042,209,2,Order2,209,7.918000000000001e-05,-0.029783131554722786,1194.0,1213.0,13.368154525756836,1.0246267318725586,14.392781257629395,1173.0,1265.4736842105262
industrial_changeover,1043,209,3,Order3,209,7.916e-05,0.1521276868879795,1426.0,1169.0,14.135546922683716,1.087559700012207,15.223106622695923,1169.0,1248.4497607655503
industrial_changeover,1044,209,4,Order4,209,7.914e-05,0.040347620844841,1310.0,1311.0,13.038506984710693,1.0052835941314697,14.043790578842163,1255.0,1296.6124401913876
industrial_changeover,1045,209,5,Order5,209,7.912e-05,-0.07713021151721478,1330.0,1336.0,15.618001222610474,1.1873040199279785,16.805305242538452,1282.0,1382.2918660287082
industrial_changeover,1046,210,1,Order1,210,7.910000000000001e-05,0.018072866834700108,1325.0,1337.0,13.76652455329895,1.0511410236358643,14.817665576934814,1230.0,1329.1714285714286
industrial_changeover,1047,210,2,Order2,210,7.908e-05,-0.02172050205990672,1190.0,1213.0,13.51762318611145,1.03847336769104,14.55609655380249,1173.0,1265.2238095238095
industrial_changeover,1048,210,3,Order3,210,7.906e-05,-0.07623519375920296,1216.0,1169.0,14.276650428771973,1.0789484977722168,15.35559892654419,1169.0,1248.0714285714287
industrial_changeover,1049,210,4,Order4,210,7.904e-05,0.045338770374655724,1274.0,1311.0,13.258418798446655,1.004073143005371,14.262491941452026,1255.0,1296.6809523809525
industrial_changeover,1050,210,5,Order5,210,7.902e-05,0.014331844635307789,1302.0,1336.0,15.585846662521362,1.185382604598999,16.77122926712036,1282.0,1382.0714285714287
industrial_changeover,1051,211,1,Order1,211,7.900000000000001e-05,0.047349696047604084,1256.0,1337.0,13.845236539840698,0.9942584037780762,14.839494943618774,1230.0,1329.2085308056871
industrial_changeover,1052,211,2,Order2,211,7.898e-05,0.03783755283802748,1191.0,1213.0,13.448305368423462,1.0235233306884766,14.471828699111938,1173.0,1264.9763033175354
industrial_changeover,1053,211,3,Order3,211,7.896e-05,-0.016174702905118465,1242.0,1169.0,14.246120691299438,1.0840492248535156,15.330169916152954,1169.0,1247.696682464455
industrial_changeover,1054,211,4,Order4,211,7.894e-05,-0.021043876186013222,1252.0,1311.0,13.188125133514404,1.010007381439209,14.198132514953613,1255.0,1296.7488151658767
industrial_changeover,1055,211,5,Order5,211,7.892000000000001e-05,0.05106156039983034,1444.0,1336.0,15.765260696411133,1.2075247764587402,16.972785472869873,1282.0,1381.8530805687203
industrial_changeover,1056,212,1,Order1,212,7.890000000000001e-05,0.03166026994585991,1328.0,1337.0,14.111762762069702,1.072676658630371,15.184439420700073,1230.0,1329.245283018868
industrial_changeover,1057,212,2,Order2,212,7.888e-05,0.03667791187763214,1291.0,1213.0,13.577847719192505,1.025367021560669,14.603214740753174,1173.0,1264.7311320754718
industrial_changeover,1058,212,3,Order3,212,7.886e-05,-0.07612692378461361,1246.0,1169.0,14.151131868362427,1.0803024768829346,15.231434345245361,1169.0,1247.3254716981132
industrial_changeover,1059,212,4,Order4,212,7.884e-05,-0.046907548792660236,1264.0,1311.0,13.119861841201782,1.0041122436523438,14.123974084854126,1255.0,1296.816037735849
industrial_changeover,1060,212,5,Order5,212,7.882000000000001e-05,0.006282964372076094,1399.0,1336.0,15.595933437347412,1.1902060508728027,16.786139488220215,1282.0,1381.6367924528302
industrial_changeover,1061,213,1,Order1,213,7.88e-05,0.04024093970656395,1325.0,1337.0,13.593856573104858,1.0451321601867676,14.638988733291626,1230.0,1329.281690140845
industrial_changeover,1062,213,2,Order2,213,7.878000000000001e-05,-0.006376463687047362,1191.0,1213.0,13.417157649993896,1.0258982181549072,14.443055868148804,1173.0,1264.488262910798
industrial_changeover,1063,213,3,Order3,213,7.876e-05,-0.025672075804322958,1247.0,1169.0,14.199077606201172,1.0849003791809082,15.28397798538208,1169.0,1246.9577464788733
industrial_changeover,1064,213,4,Order4,213,7.874000000000001e-05,-0.0012438067351467907,1270.0,1311.0,13.137005805969238,1.003607988357544,14.140613794326782,1255.0,1296.8826291079813
industrial_changeover,1065,213,5,Order5,213,7.872e-05,-0.0371578112244606,1294.0,1336.0,15.667765140533447,1.189237117767334,16.85700225830078,1282.0,1381.4225352112676
industrial_changeover,1066,214,1,Order1,214,7.87e-05,0.051310958340764046,1311.0,1337.0,13.791865825653076,1.0518536567687988,14.843719482421875,1230.0,1329.3177570093458
industrial_changeover,1067,214,2,Order2,214,7.868e-05,0.02781638829037547,1208.0,1213.0,13.414618492126465,1.0179767608642578,14.432595252990723,1173.0,1264.247663551402
industrial_changeover,1068,214,3,Order3,214,7.866e-05,0.003963706316426396,1235.0,1169.0,14.066007375717163,1.081686019897461,15.147693395614624,1169.0,1246.5934579439252
industrial_changeover,1069,214,4,Order4,214,7.864e-05,-0.02207826031371951,1275.0,1272.0,13.18236517906189,1.006330966949463,14.188696146011353,1255.0,1296.766355140187
industrial_changeover,1070,214,5,Order5,214,7.862e-05,-0.03563063498586416,1356.0,1336.0,15.628068685531616,1.1864817142486572,16.814550399780273,1282.0,1381.2102803738317
industrial_changeover,1071,215,1,Order1,215,7.860000000000001e-05,0.01816049963235855,1279.0,1337.0,13.738060712814331,1.051034927368164,14.789095640182495,1230.0,1329.3534883720931
industrial_changeover,1072,215,2,Order2,215,7.858000000000001e-05,-0.022163693327456713,1172.0,1213.0,13.57341980934143,1.0264065265655518,14.599826335906982,1173.0,1264.0093023255813
industrial_changeover,1073,215,3,Order3,215,7.856000000000001e-05,-0.02746776444837451,1182.0,1169.0,14.339126586914062,1.0697507858276367,15.4088773727417,1169.0,1246.2325581395348
industrial_changeover,1074,215,4,Order4,215,7.854e-05,0.024176157545298338,1281.0,1311.0,13.085192441940308,1.0036325454711914,14.088824987411499,1255.0,1296.832558139535
industrial_changeover,1075,215,5,Order5,215,7.852e-05,-0.0030290737631730735,1285.0,1336.0,15.661071062088013,1.1887428760528564,16.84981393814087,1282.0,1381.0
industrial_changeover,1076,216,1,Order1,216,7.850000000000001e-05,0.0801105685532093,1321.0,1337.0,13.804535627365112,1.0506682395935059,14.855203866958618,1230.0,1329.388888888889
industrial_changeover,1077,216,2,Order2,216,7.848e-05,0.004360655671916902,1168.0,1213.0,13.451020002365112,1.0263283252716064,14.477348327636719,1173.0,1263.773148148148
industrial_changeover,1078,216,3,Order3,216,7.846e-05,0.09591698460280895,1340.0,1169.0,14.083023309707642,1.0893104076385498,15.172333717346191,1169.0,1245.875
industrial_changeover,1079,216,4,Order4,216,7.844e-05,-0.047944750636816025,1275.0,1272.0,13.222859382629395,1.0070176124572754,14.22987699508667,1255.0,1296.7175925925926
industrial_changeover,1080,216,5,Order5,216,7.842e-05,-0.041456869803369045,1354.0,1336.0,15.684748411178589,1.203578233718872,16.88832664489746,1282.0,1380.7916666666667
industrial_changeover,1081,217,1,Order1,217,7.840000000000001e-05,-0.0015521612076554447,1325.0,1337.0,13.754830598831177,1.050309181213379,14.805139780044556,1230.0,1329.4239631336407
industrial_changeover,1082,217,2,Order2,217,7.838e-05,-0.05760595481842756,1142.0,1213.0,13.382974624633789,1.0252737998962402,14.40824842453003,1173.0,1263.5391705069123
industrial_changeover,1083,217,3,Order3,217,7.836e-05,-0.005681653507053852,1235.0,1169.0,14.133625745773315,1.0905134677886963,15.224139213562012,1169.0,1245.520737327189
industrial_changeover,1084,217,4,Order4,217,7.834e-05,0.023481577169150114,1295.0,1311.0,13.231528282165527,1.0119030475616455,14.243431329727173,1255.0,1296.7834101382489
industrial_changeover,1085,217,5,Order5,217,7.832000000000001e-05,0.027009401004761457,1335.0,1336.0,15.703675031661987,1.27107834815979,16.974753379821777,1282.0,1380.5852534562212
industrial_changeover,1086,218,1,Order1,218,7.83e-05,0.014873481588438153,1263.0,1337.0,13.69813871383667,1.1163825988769531,14.814521312713623,1230.0,1329.4587155963302
industrial_changeover,1087,218,2,Order2,218,7.828e-05,-0.031197186093777418,1143.0,1213.0,13.44562578201294,1.0750775337219238,14.520703315734863,1173.0,1263.3073394495414
industrial_changeover,1088,218,3,Order3,218,7.826e-05,0.0251576853916049,1265.0,1169.0,14.351087808609009,1.1460597515106201,15.497147560119629,1169.0,1245.1697247706422
industrial_changeover,1089,218,4,Order4,218,7.824e-05,-0.003238163306377828,1253.0,1311.0,13.191321611404419,1.0383000373840332,14.229621648788452,1255.0,1296.848623853211
industrial_changeover,1090,218,5,Order5,218,7.822e-05,-0.013756915926933289,1301.0,1336.0,15.6451416015625,1.1920459270477295,16.83718752861023,1282.0,1380.380733944954
industrial_changeover,1091,219,1,Order1,219,7.82e-05,0.05465241987258196,1330.0,1327.0,13.755971431732178,1.048666000366211,14.804637432098389,1230.0,1329.447488584475
industrial_changeover,1092,219,2,Order2,219,7.818000000000001e-05,0.025800665374845266,1203.0,1213.0,13.3022301197052,1.0163023471832275,14.318532466888428,1173.0,1263.0776255707763
industrial_changeover,1093,219,3,Order3,219,7.816e-05,-0.03183342143893242,1246.0,1169.0,14.087064266204834,1.0793774127960205,15.166441679000854,1169.0,1244.8219178082193
industrial_changeover,1094,219,4,Order4,219,7.814000000000001e-05,-0.02979993587359786,1264.0,1311.0,13.265191316604614,1.000169277191162,14.265360593795776,1255.0,1296.9132420091323
industrial_changeover,1095,219,5,Order5,219,7.812e-05,0.030696865171194077,1413.0,1336.0,15.773699283599854,1.2017602920532227,16.975459575653076,1282.0,1380.1780821917807
industrial_changeover,1096,220,1,Order1,220,7.81e-05,-0.00294345966540277,1279.0,1337.0,13.796412706375122,1.0562114715576172,14.85262417793274,1230.0,1329.4818181818182
industrial_changeover,1097,220,2,Order2,220,7.808e-05,0.03226407524198294,1245.0,1213.0,13.455468654632568,1.0243172645568848,14.479785919189453,1173.0,1262.85
industrial_changeover,1098,220,3,Order3,220,7.806e-05,0.022516511846333742,1293.0,1169.0,14.199666976928711,1.0868303775787354,15.286497354507446,1169.0,1244.4772727272727
industrial_changeover,1099,220,4,Order4,220,7.804e-05,-0.009844243992120028,1294.0,1264.0,13.23648715019226,1.0043771266937256,14.240864276885986,1255.0,1296.7636363636364
industrial_changeover,1100,220,5,Order5,220,7.802e-05,0.014861751347780228,1418.0,1336.0,15.707869291305542,1.1847178936004639,16.892587184906006,1282.0,1379.9772727272727
industrial_changeover,1101,221,1,Order1,221,7.800000000000001e-05,0.001559987460495904,1333.0,1337.0,13.682533264160156,1.0420682430267334,14.72460150718689,1230.0,1329.5158371040725
industrial_changeover,1102,221,2,Order2,221,7.798000000000001e-05,0.022718552500009537,1308.0,1213.0,13.428332090377808,1.0225777626037598,14.450909852981567,1173.0,1262.6244343891403
industrial_changeover,1103,221,3,Order3,221,7.796e-05,-0.06313123553991318,1241.0,1169.0,14.22713589668274,1.0957145690917969,15.322850465774536,1169.0,1244.1357466063348
industrial_changeover,1104,221,4,Order4,221,7.794e-05,-0.04810638818889856,1259.0,1264.0,13.257743120193481,1.0179479122161865,14.275691032409668,1255.0,1296.6153846153845
industrial_changeover,1105,221,5,Order5,221,7.792e-05,-0.09426389262080193,1238.0,1336.0,15.776722431182861,1.1945819854736328,16.971304416656494,1282.0,1379.7782805429865
industrial_changeover,1106,222,1,Order1,222,7.790000000000001e-05,0.042646899819374084,1265.0,1327.0,13.692603349685669,1.0452086925506592,14.737812042236328,1230.0,1329.5045045045044
industrial_changeover,1107,222,2,Order2,222,7.787999999999999e-05,0.13215288519859314,1308.0,1213.0,13.27278757095337,1.0243656635284424,14.297153234481812,1173.0,1262.400900900901
industrial_changeover,1108,222,3,Order3,222,7.786e-05,0.17710106819868088,1379.0,1169.0,14.151093482971191,1.0791642665863037,15.230257749557495,1169.0,1243.7972972972973
industrial_changeover,1109,222,4,Order4,222,7.784e-05,-0.029887306969612837,1266.0,1264.0,13.265060901641846,1.0023975372314453,14.267458438873291,1255.0,1296.4684684684685
industrial_changeover,1110,222,5,Order5,222,7.782000000000001e-05,-0.0993264727294445,1318.0,1336.0,15.62354850769043,1.1871814727783203,16.81072998046875,1282.0,1379.581081081081
industrial_changeover,1111,223,1,Order1,223,7.780000000000001e-05,-0.032880354672670364,1337.0,1337.0,13.693042278289795,1.0529048442840576,14.745947122573853,1230.0,1329.5381165919282
industrial_changeover,1112,223,2,Order2,223,7.778e-05,0.00770252721849829,1253.0,1213.0,13.492701530456543,1.0219457149505615,14.514647245407104,1173.0,1262.1793721973095
industrial_changeover,1113,223,3,Order3,223,7.776000000000001e-05,-0.0136815020814538,1281.0,1169.0,14.200428485870361,1.077012538909912,15.277441024780273,1169.0,1243.4618834080718
industrial_changeover,1114,223,4,Order4,223,7.774e-05,0.0038812170387245715,1288.0,1311.0,13.272655010223389,1.0108847618103027,14.283539772033691,1255.0,1296.5336322869955
industrial_changeover,1115,223,5,Order5,223,7.772000000000001e-05,-0.002605776651762426,1371.0,1336.0,15.815869331359863,1.2712559700012207,17.087125301361084,1282.0,1379.3856502242152
industrial_changeover,1116,224,1,Order1,224,7.77e-05,0.048832621425390244,1336.0,1337.0,13.796685695648193,1.059295654296875,14.855981349945068,1230.0,1329.5714285714287
industrial_changeover,1117,224,2,Order2,224,7.768e-05,0.09397397376596928,1301.0,1213.0,13.500948905944824,1.0241625308990479,14.525111436843872,1173.0,1261.9598214285713
industrial_changeover,1118,224,3,Order3,224,7.766e-05,-0.04524694662541151,1273.0,1169.0,14.198711395263672,1.0901196002960205,15.288830995559692,1169.0,1243.1294642857142
industrial_changeover,1119,224,4,Order4,224,7.764e-05,-0.06179705634713173,1292.0,1311.0,13.208502292633057,1.016951084136963,14.22545337677002,1255.0,1296.5982142857142
industrial_changeover,1120,224,5,Order5,224,7.762e-05,-0.1255271639674902,1231.0,1336.0,15.843549966812134,1.2009222507476807,17.044472217559814,1282.0,1379.1919642857142
industrial_changeover,1121,225,1,Order1,225,7.76e-05,0.009144675452262163,1285.0,1337.0,13.813794612884521,1.0578844547271729,14.871679067611694,1230.0,1329.6044444444444
industrial_changeover,1122,225,2,Order2,225,7.758000000000001e-05,0.05109840352088213,1203.0,1213.0,13.34468674659729,1.02870512008667,14.37339186668396,1173.0,1261.7422222222222
industrial_changeover,1123,225,3,Order3,225,7.756000000000001e-05,0.03831149637699127,1228.0,1169.0,14.142538785934448,1.0848109722137451,15.227349758148193,1169.0,1242.8
industrial_changeover,1124,225,4,Order4,225,7.754e-05,0.03658426273614168,1278.0,1311.0,13.172102451324463,1.0106585025787354,14.182760953903198,1255.0,1296.6622222222222
industrial_changeover,1125,225,5,Order5,225,7.752e-05,0.04974439553916454,1428.0,1336.0,15.63075065612793,1.191504716873169,16.8222553730011,1282.0,1379.0
industrial_changeover,1126,226,1,Order1,226,7.75e-05,0.035470289178192616,1325.0,1337.0,13.623407125473022,1.0500686168670654,14.673475742340088,1230.0,1329.6371681415928
industrial_changeover,1127,226,2,Order2,226,7.748e-05,-0.07963772304356098,1145.0,1213.0,13.454161882400513,1.030277967453003,14.484439849853516,1173.0,1261.5265486725664
industrial_changeover,1128,226,3,Order3,226,7.746e-05,-0.037745630368590355,1245.0,1169.0,14.279123544692993,1.0855743885040283,15.364697933197021,1169.0,1242.4734513274336
industrial_changeover,1129,226,4,Order4,226,7.744e-05,-0.026863299775868654,1249.0,1311.0,13.301546335220337,1.0142560005187988,14.315802335739136,1255.0,1296.725663716814
industrial_changeover,1130,226,5,Order5,226,7.742e-05,-0.021605575922876596,1323.0,1336.0,15.569645166397095,1.199763536453247,16.769408702850342,1282.0,1378.8097345132744
industrial_changeover,1131,227,1,Order1,227,7.740000000000001e-05,0.07187935151159763,1322.0,1337.0,13.814396858215332,1.0642359256744385,14.87863278388977,1230.0,1329.6696035242292
industrial_changeover,1132,227,2,Order2,227,7.738000000000001e-05,0.03618593327701092,1192.0,1213.0,13.495923280715942,1.0262372493743896,14.522160530090332,1173.0,1261.3127753303966
industrial_changeover,1133,227,3,Order3,227,7.736e-05,0.009886948624625802,1251.0,1169.0,14.085010766983032,1.0761380195617676,15.1611487865448,1169.0,1242.1497797356828
industrial_changeover,1134,227,4,Order4,227,7.734e-05,-0.008079213323071599,1285.0,1311.0,13.184972047805786,1.0110867023468018,14.196058750152588,1255.0,1296.7885462555066
industrial_changeover,1135,227,5,Order5,227,7.732e-05,-0.03981103841215372,1351.0,1336.0,15.7890944480896,1.2049622535705566,16.994056701660156,1282.0,1378.6211453744493
industrial_changeover,1136,228,1,Order1,228,7.730000000000001e-05,0.014411208452656865,1295.0,1337.0,13.917548418045044,1.0595719814300537,14.977120399475098,1230.0,1329.701754385965
industrial_changeover,1137,228,2,Order2,228,7.727999999999999e-05,0.06784077733755112,1308.0,1213.0,13.26487421989441,1.0215392112731934,14.286413431167603,1173.0,1261.1008771929824
industrial_changeover,1138,228,3,Order3,228,7.726e-05,0.024703401140868664,1301.0,1169.0,14.136003732681274,1.088024377822876,15.22402811050415,1169.0,1241.828947368421
industrial_changeover,1139,228,4,Order4,228,7.724e-05,-0.04921983927488327,1275.0,1311.0,13.148985862731934,1.005098819732666,14.1540846824646,1255.0,1296.8508771929824
industrial_changeover,1140,228,5,Order5,228,7.722000000000001e-05,-0.015525519382208586,1380.0,1336.0,15.588696241378784,1.219062328338623,16.807758569717407,1282.0,1378.4342105263158
industrial_changeover,1141,229,1,Order1,229,7.72e-05,-0.03150371974334121,1253.0,1327.0,13.6444251537323,1.1081228256225586,14.752547979354858,1230.0,1329.6899563318777
industrial_changeover,1142,229,2,Order2,229,7.718e-05,0.007672274368815124,1201.0,1213.0,13.369606018066406,1.0648298263549805,14.434435844421387,1173.0,1260.8908296943232
industrial_changeover,1143,229,3,Order3,229,7.716000000000001e-05,-0.026394969783723354,1208.0,1169.0,14.165086507797241,1.0867323875427246,15.251818895339966,1169.0,1241.5109170305677
industrial_changeover,1144,229,4,Order4,229,7.714e-05,0.010377558413892984,1249.0,1311.0,13.231801748275757,1.010026216506958,14.241827964782715,1255.0,1296.9126637554584
industrial_changeover,1145,229,5,Order5,229,7.712000000000001e-05,-0.014624015893787146,1282.0,1336.0,15.590588331222534,1.1877610683441162,16.77834939956665,1282.0,1378.2489082969432
industrial_changeover,1146,230,1,Order1,230,7.71e-05,0.04977789893746376,1285.0,1327.0,13.799707412719727,1.053070306777954,14.85277771949768,1230.0,1329.6782608695653
industrial_changeover,1147,230,2,Order2,230,7.708000000000001e-05,0.019824500661343336,1172.0,1213.0,13.48011827468872,1.029695987701416,14.509814262390137,1173.0,1260.682608695652
industrial_changeover,1148,230,3,Order3,230,7.706e-05,0.055379713885486126,1302.0,1169.0,14.176218032836914,1.0858216285705566,15.26203966140747,1169.0,1241.195652173913
industrial_changeover,1149,230,4,Order4,230,7.704000000000001e-05,-0.012212545610964298,1262.0,1311.0,13.292526483535767,1.0062227249145508,14.298749208450317,1255.0,1296.9739130434782
industrial_changeover,1150,230,5,Order5,230,7.702e-05,0.013376888819038868,1413.0,1336.0,15.6983060836792,1.2154645919799805,16.91377067565918,1282.0,1378.0652173913043
industrial_changeover,1151,231,1,Order1,231,7.7e-05,-0.046853420324623585,1251.0,1327.0,13.925744533538818,1.0780613422393799,15.003805875778198,1230.0,1329.6666666666667
industrial_changeover,1152,231,2,Order2,231,7.698000000000001e-05,-0.018417034298181534,1205.0,1213.0,13.469472169876099,1.023139476776123,14.492611646652222,1173.0,1260.4761904761904
industrial_changeover,1153,231,3,Order3,231,7.696000000000001e-05,-0.031311513390392065,1222.0,1169.0,14.186717987060547,1.0767276287078857,15.263445615768433,1169.0,1240.8831168831168
industrial_changeover,1154,231,4,Order4,231,7.694e-05,0.006330125615932047,1268.0,1264.0,13.132992267608643,0.9975295066833496,14.130521774291992,1255.0,1296.8311688311687
industrial_changeover,1155,231,5,Order5,231,7.692e-05,-0.02454596245661378,1259.0,1336.0,15.576083898544312,1.1894245147705078,16.76550841331482,1282.0,1377.8831168831168
industrial_changeover,1156,232,1,Order1,232,7.69e-05,0.08932525292038918,1327.0,1327.0,13.627697944641113,1.0473370552062988,14.675034999847412,1230.0,1329.655172413793
industrial_changeover,1157,232,2,Order2,232,7.688000000000001e-05,0.07671253196895123,1308.0,1213.0,13.357914447784424,1.030555009841919,14.388469457626343,1173.0,1260.271551724138
industrial_changeover,1158,232,3,Order3,232,7.685999999999999e-05,0.013717567548155785,1298.0,1169.0,14.120104551315308,1.0737347602844238,15.193839311599731,1169.0,1240.573275862069
industrial_changeover,1159,232,4,Order4,232,7.684e-05,-0.044939545914530754,1299.0,1264.0,13.084448337554932,1.005441665649414,14.089890003204346,1255.0,1296.6896551724137
industrial_changeover,1160,232,5,Order5,232,7.682e-05,-0.09973987191915512,1315.0,1336.0,15.667246580123901,1.2018146514892578,16.86906123161316,1282.0,1377.7025862068965
industrial_changeover,1161,233,1,Order1,233,7.680000000000001e-05,-0.01899588666856289,1291.0,1327.0,13.70972228050232,1.0491716861724854,14.758893966674805,1230.0,1329.6437768240344
industrial_changeover,1162,233,2,Order2,233,7.678000000000001e-05,0.023146482184529305,1195.0,1213.0,13.441182613372803,1.0276546478271484,14.468837261199951,1173.0,1260.068669527897
industrial_changeover,1163,233,3,Order3,233,7.676e-05,0.03785718139261007,1279.0,1169.0,14.110388040542603,1.0760200023651123,15.186408042907715,1169.0,1240.266094420601
industrial_changeover,1164,233,4,Order4,233,7.674e-05,0.012194606009870768,1266.0,1311.0,13.250219345092773,0.9985082149505615,14.248727560043335,1255.0,1296.7510729613734
industrial_changeover,1165,233,5,Order5,233,7.672e-05,0.03442779742181301,1462.0,1336.0,15.757716178894043,1.1891751289367676,16.94689130783081,1282.0,1377.5236051502145
industrial_changeover,1166,234,1,Order1,234,7.670000000000001e-05,0.06672520563006401,1372.0,1337.0,13.797232151031494,1.0600221157073975,14.857254266738892,1230.0,1329.6752136752136
industrial_changeover,1167,234,2,Order2,234,7.668e-05,0.05888549145311117,1291.0,1213.0,13.526249170303345,1.030606985092163,14.556856155395508,1173.0,1259.8675213675215
industrial_changeover,1168,234,3,Order3,234,7.666e-05,-0.14614786207675934,1157.0,1169.0,14.307788133621216,1.0877714157104492,15.395559549331665,1169.0,1239.9615384615386
industrial_changeover,1169,234,4,Order4,234,7.664e-05,-0.05976203642785549,1281.0,1311.0,13.228269815444946,1.0098648071289062,14.238134622573853,1255.0,1296.8119658119658
industrial_changeover,1170,234,5,Order5,234,7.662000000000001e-05,-0.039248290471732616,1291.0,1336.0,15.549062252044678,1.196291208267212,16.74535346031189,1282.0,1377.3461538461538
industrial_changeover,1171,235,1,Order1,235,7.66e-05,0.003342620620969683,1241.0,1327.0,13.69468879699707,1.052361011505127,14.747049808502197,1230.0,1329.6638297872341
industrial_changeover,1172,235,2,Order2,235,7.658e-05,0.17706384882330894,1298.0,1213.0,13.439929246902466,1.0194158554077148,14.45934510231018,1173.0,1259.668085106383
industrial_changeover,1173,235,3,Order3,235,7.656000000000001e-05,0.1239378210157156,1300.0,1169.0,14.238797903060913,1.091667890548706,15.33046579360962,1169.0,1239.659574468085
industrial_changeover,1174,235,4,Order4,235,7.654e-05,-0.032600194215774536,1267.0,1264.0,13.156174182891846,1.003584861755371,14.159759044647217,1255.0,1296.672340425532
industrial_changeover,1175,235,5,Order5,235,7.652e-05,-0.07757862657308578,1328.0,1336.0,15.913222074508667,1.2037665843963623,17.11698865890503,1282.0,1377.1702127659576
industrial_changeover,1176,236,1,Order1,236,7.65e-05,0.10191737860441208,1487.0,1337.0,13.833324909210205,1.0486438274383545,14.88196873664856,1230.0,1329.6949152542372
industrial_changeover,1177,236,2,Order2,236,7.648000000000001e-05,-0.06078522186726332,1203.0,1213.0,13.434250354766846,1.0361855030059814,14.470435857772827,1173.0,1259.4703389830509
industrial_changeover,1178,236,3,Order3,236,7.646e-05,-0.07503870688378811,1241.0,1169.0,14.212718725204468,1.0851771831512451,15.297895908355713,1169.0,1239.3601694915253
industrial_changeover,1179,236,4,Order4,236,7.644e-05,-0.03785900119692087,1270.0,1239.0,13.260321378707886,1.0017409324645996,14.262062311172485,1239.0,1296.427966101695
industrial_changeover,1180,236,5,Order5,236,7.642e-05,0.04419351555407047,1452.0,1336.0,16.436981201171875,1.2883834838867188,17.725364685058594,1282.0,1376.9957627118645
industrial_changeover,1181,237,1,Order1,237,7.64e-05,0.016633037477731705,1263.0,1327.0,14.195318698883057,1.1369826793670654,15.332301378250122,1230.0,1329.6835443037974
industrial_changeover,1182,237,2,Order2,237,7.638000000000001e-05,-0.022717272397130728,1177.0,1213.0,13.58492136001587,1.077430009841919,14.662351369857788,1173.0,1259.2742616033756
industrial_changeover,1183,237,3,Order3,237,7.636000000000001e-05,0.24045894294977188,1472.0,1169.0,14.705400943756104,1.1759617328643799,15.881362676620483,1169.0,1239.0632911392406
industrial_changeover,1184,237,4,Order4,237,7.634e-05,-0.04058788903057575,1264.0,1311.0,13.735344648361206,1.0870096683502197,14.822354316711426,1239.0,1296.4894514767932
industrial_changeover,1185,237,5,Order5,237,7.632e-05,-0.08273359201848507,1341.0,1336.0,15.897358179092407,1.217618703842163,17.11497688293457,1282.0,1376.8227848101267
industrial_changeover,1186,238,1,Order1,238,7.630000000000001e-05,-0.0298853344283998,1337.0,1327.0,14.004704475402832,1.0599696636199951,15.064674139022827,1230.0,1329.672268907563
industrial_changeover,1187,238,2,Order2,238,7.628000000000001e-05,-0.0510821919888258,1177.0,1213.0,13.655411005020142,1.027632474899292,14.683043479919434,1173.0,1259.079831932773
industrial_changeover,1188,238,3,Order3,238,7.625999999999999e-05,0.08103448338806629,1388.0,1169.0,14.489420890808105,1.107172966003418,15.596593856811523,1169.0,1238.7689075630253
industrial_changeover,1189,238,4,Order4,238,7.624e-05,-0.007325468468479812,1277.0,1311.0,13.503118515014648,1.029036283493042,14.53215479850769,1239.0,1296.5504201680671
industrial_changeover,1190,238,5,Order5,238,7.622e-05,0.008022672729566693,1369.0,1336.0,15.939438343048096,1.229773759841919,17.169212102890015,1282.0,1376.6512605042017
industrial_changeover,1191,239,1,Order1,239,7.620000000000001e-05,-0.047478219494223595,1218.0,1327.0,14.188462734222412,1.096935510635376,15.285398244857788,1230.0,1329.6610878661088
industrial_changeover,1192,239,2,Order2,239,7.618e-05,-0.05447244271636009,1169.0,1213.0,13.744017839431763,1.0566315650939941,14.800649404525757,1173.0,1258.887029288703
industrial_changeover,1193,239,3,Order3,239,7.616e-05,-0.018999076914042234,1216.0,1169.0,14.5419442653656,1.1387999057769775,15.680744171142578,1169.0,1238.4769874476988
industrial_changeover,1194,239,4,Order4,239,7.614e-05,0.10631436482071877,1284.0,1239.0,13.528677940368652,1.0278973579406738,14.556575298309326,1239.0,1296.3096234309623
industrial_changeover,1195,239,5,Order5,239,7.612e-05,0.04543048515915871,1379.0,1336.0,16.048396110534668,1.2298238277435303,17.2782199382782,1282.0,1376.4811715481171
industrial_changeover,1196,240,1,Order1,240,7.61e-05,0.012947651790454984,1275.0,1327.0,14.16343092918396,1.1011433601379395,15.2645742893219,1230.0,1329.65
industrial_changeover,1197,240,2,Order2,240,7.608e-05,-0.06344406493008137,1137.0,1213.0,13.774642944335938,1.0666539669036865,14.841296911239624,1173.0,1258.6958333333334
industrial_changeover,1198,240,3,Order3,240,7.606e-05,-0.046493444591760635,1233.0,1169.0,14.763474702835083,1.1427063941955566,15.90618109703064,1169.0,1238.1875
industrial_changeover,1199,240,4,Order4,240,7.604e-05,0.004587801871821284,1283.0,1239.0,13.750913143157959,1.063866138458252,14.814779281616211,1239.0,1296.0708333333334
industrial_changeover,1200,240,5,Order5,240,7.602000000000001e-05,0.011863179737702012,1323.0,1336.0,16.16388440132141,1.2379508018493652,17.401835203170776,1282.0,1376.3125
industrial_changeover,1201,241,1,Order1,241,7.6e-05,0.01492935954593122,1227.0,1327.0,13.973859310150146,1.127152442932129,15.101011753082275,1230.0,1329.6390041493776
industrial_changeover,1202,241,2,Order2,241,7.598e-05,0.2578248530626297,1434.0,1213.0,13.858294486999512,1.0586156845092773,14.916910171508789,1173.0,1258.5062240663901
industrial_changeover,1203,241,3,Order3,241,7.596000000000001e-05,-0.03458442818373442,1243.0,1169.0,14.553969860076904,1.1257331371307373,15.679702997207642,1169.0,1237.9004149377593
industrial_changeover,1204,241,4,Order4,241,7.594e-05,-0.07448375038802624,1295.0,1311.0,13.478458881378174,1.0579211711883545,14.536380052566528,1239.0,1296.1327800829877
industrial_changeover,1205,241,5,Order5,241,7.592e-05,-0.09307029843330383,1320.0,1336.0,16.05052924156189,1.2160003185272217,17.26652956008911,1282.0,1376.1452282157677
industrial_changeover,1206,242,1,Order1,242,7.59e-05,-0.06730515509843826,1241.0,1337.0,14.286821603775024,1.0834708213806152,15.37029242515564,1230.0,1329.6694214876034
industrial_changeover,1207,242,2,Order2,242,7.588000000000001e-05,0.10727489925920963,1352.0,1213.0,13.520367622375488,1.0825581550598145,14.602925777435303,1173.0,1258.3181818181818
industrial_changeover,1208,242,3,Order3,242,7.586e-05,-0.04384955484420061,1189.0,1169.0,14.913419961929321,1.1387455463409424,16.052165508270264,1169.0,1237.6157024793388
industrial_changeover,1209,242,4,Order4,242,7.584e-05,-0.011265338864177465,1251.0,1311.0,13.727795362472534,1.051830768585205,14.77962613105774,1239.0,1296.1942148760331
industrial_changeover,1210,242,5,Order5,242,7.582e-05,-0.013105898629873991,1289.0,1336.0,16.184378147125244,1.2284483909606934,17.412826538085938,1282.0,1375.9793388429753
industrial_changeover,1211,243,1,Order1,243,7.58e-05,0.08077989146113396,1337.0,1327.0,14.103561878204346,1.0706207752227783,15.174182653427124,1230.0,1329.6584362139918
industrial_changeover,1212,243,2,Order2,243,7.578000000000001e-05,-0.00993565609678626,1185.0,1213.0,13.823943138122559,1.0799689292907715,14.90391206741333,1173.0,1258.1316872427983
industrial_changeover,1213,243,3,Order3,243,7.576e-05,-0.02215230092406273,1208.0,1169.0,14.71113634109497,1.1309847831726074,15.842121124267578,1169.0,1237.3333333333333
industrial_changeover,1214,243,4,Order4,243,7.574e-05,-0.00600969057995826,1259.0,1311.0,13.590469598770142,1.0589830875396729,14.649452686309814,1239.0,1296.2551440329219
industrial_changeover,1215,243,5,Order5,243,7.572e-05,0.017957048024982214,1358.0,1336.0,15.850789308547974,1.214799165725708,17.06558847427368,1282.0,1375.8148148148148
industrial_changeover,1216,244,1,Order1,244,7.570000000000001e-05,0.004404675564728677,1270.0,1337.0,14.056284427642822,1.09196138381958,15.148245811462402,1230.0,1329.688524590164
industrial_changeover,1217,244,2,Order2,244,7.568000000000001e-05,0.021578668151050806,1213.0,1213.0,13.933515787124634,1.053802251815796,14.98731803894043,1173.0,1257.9467213114754
industrial_changeover,1218,244,3,Order3,244,7.566e-05,-0.003231031179893762,1246.0,1169.0,14.592411279678345,1.1373186111450195,15.729729890823364,1169.0,1237.0532786885246
industrial_changeover,1219,244,4,Order4,244,7.564e-05,-0.0501748975366354,1217.0,1311.0,13.55505108833313,1.043581247329712,14.598632335662842,1239.0,1296.3155737704917
industrial_changeover,1220,244,5,Order5,244,7.562e-05,-0.028358357027173042,1345.0,1336.0,16.29844641685486,1.2463338375091553,17.544780254364014,1282.0,1375.6516393442623
industrial_changeover,1221,245,1,Order1,245,7.560000000000001e-05,0.005022755591198802,1241.0,1337.0,14.385238885879517,1.0985171794891357,15.483756065368652,1230.0,1329.7183673469387
industrial_changeover,1222,245,2,Order2,245,7.558e-05,0.031435998156666756,1173.0,1213.0,13.750133037567139,1.0521526336669922,14.80228567123413,1173.0,1257.7632653061225
industrial_changeover,1223,245,3,Order3,245,7.556000000000002e-05,0.006787516409531236,1208.0,1169.0,14.526735067367554,1.1123676300048828,15.639102697372437,1169.0,1236.7755102040817
industrial_changeover,1224,245,4,Order4,245,7.554e-05,0.020202479790896177,1266.0,1311.0,13.58119249343872,1.0369102954864502,14.618102788925171,1239.0,1296.3755102040816
industrial_changeover,1225,245,5,Order5,245,7.552e-05,-0.015689905732870102,1356.0,1336.0,15.799170732498169,1.2208325862884521,17.02000331878662,1282.0,1375.4897959183672
industrial_changeover,1226,246,1,Order1,246,7.55e-05,0.16067912429571152,1465.0,1337.0,14.004769325256348,1.0772476196289062,15.082016944885254,1230.0,1329.7479674796748
industrial_changeover,1227,246,2,Order2,246,7.548e-05,-0.038392127491533756,1225.0,1213.0,13.771294355392456,1.0614299774169922,14.832724332809448,1173.0,1257.581300813008
industrial_changeover,1228,246,3,Order3,246,7.546e-05,-0.0618955260142684,1213.0,1169.0,14.611957788467407,1.1149070262908936,15.7268648147583,1169.0,1236.5
industrial_changeover,1229,246,4,Order4,246,7.544e-05,-0.04024619609117508,1289.0,1311.0,13.606630802154541,1.0351340770721436,14.641764879226685,1239.0,1296.4349593495936
industrial_changeover,1230,246,5,Order5,246,7.542e-05,-0.042024132795631886,1315.0,1336.0,16.013573169708252,1.2158944606781006,17.229467630386353,1282.0,1375.3292682926829
industrial_changeover,1231,247,1,Order1,247,7.54e-05,0.0004554496117634699,1270.0,1337.0,13.846605062484741,1.1241910457611084,14.97079610824585,1230.0,1329.7773279352227
industrial_changeover,1232,247,2,Order2,247,7.538e-05,0.042989879846572876,1214.0,1213.0,13.629247426986694,1.05668044090271,14.685927867889404,1173.0,1257.4008097165993
industrial_changeover,1233,247,3,Order3,247,7.536000000000001e-05,0.08613989502191544,1279.0,1169.0,14.5207998752594,1.0910019874572754,15.611801862716675,1169.0,1236.2267206477734
industrial_changeover,1234,247,4,Order4,247,7.534e-05,-0.004688289714977145,1267.0,1311.0,13.272673845291138,1.02170729637146,14.294381141662598,1239.0,1296.4939271255062
industrial_changeover,1235,247,5,Order5,247,7.532e-05,-0.026841153390705585,1320.0,1336.0,15.877568483352661,1.20289945602417,17.08046793937683,1282.0,1375.17004048583
industrial_changeover,1236,248,1,Order1,248,7.53e-05,-0.05023229867219925,1241.0,1337.0,13.950255393981934,1.0754001140594482,15.025655508041382,1230.0,1329.8064516129032
industrial_changeover,1237,248,2,Order2,248,7.528000000000001e-05,0.0007328927895287052,1209.0,1213.0,13.68491816520691,1.0395419597625732,14.724460124969482,1173.0,1257.2217741935483
industrial_changeover,1238,248,3,Order3,248,7.526e-05,0.0540825966745615,1281.0,1169.0,14.328162670135498,1.1063232421875,15.434485912322998,1169.0,1235.9556451612902
industrial_changeover,1239,248,4,Order4,248,7.524e-05,0.01763762580230832,1298.0,1311.0,13.509600639343262,1.0324983596801758,14.542098999023438,1239.0,1296.5524193548388
industrial_changeover,1240,248,5,Order5,248,7.522e-05,0.013164039002731442,1365.0,1336.0,15.98467230796814,1.2200899124145508,17.20476222038269,1282.0,1375.0120967741937
industrial_changeover,1241,249,1,Order1,249,7.52e-05,0.03152867406606674,1336.0,1337.0,14.046902179718018,1.082306146621704,15.129208326339722,1230.0,1329.8353413654618
industrial_changeover,1242,249,2,Order2,249,7.518000000000001e-05,-0.02386191627010703,1218.0,1213.0,13.593788623809814,1.0508689880371094,14.644657611846924,1173.0,1257.0441767068273
industrial_changeover,1243,249,3,Order3,249,7.516e-05,0.004040373605675995,1301.0,1169.0,14.560505628585815,1.1189002990722656,15.679405927658081,1169.0,1235.686746987952
industrial_changeover,1244,249,4,Order4,249,7.514000000000002e-05,-0.028790812473744154,1280.0,1311.0,14.133679866790771,1.060424566268921,15.194104433059692,1239.0,1296.6104417670683
industrial_changeover,1245,249,5,Order5,249,7.512e-05,-0.052949716337025166,1315.0,1336.0,16.18453574180603,1.2508611679077148,17.435396909713745,1282.0,1374.855421686747
industrial_changeover,1246,250,1,Order1,250,7.510000000000001e-05,0.22233449295163155,1560.0,1337.0,14.036449909210205,1.069596529006958,15.106046438217163,1230.0,1329.864
industrial_changeover,1247,250,2,Order2,250,7.508e-05,-0.03419177792966366,1209.0,1213.0,13.798186779022217,1.0184993743896484,14.816686153411865,1173.0,1256.868
industrial_changeover,1248,250,3,Order3,250,7.506e-05,-0.05062099825590849,1266.0,1169.0,14.227652072906494,1.071342945098877,15.298995018005371,1169.0,1235.42
industrial_changeover,1249,250,4,Order4,250,7.504e-05,-0.08534042537212372,1253.0,1311.0,13.103135824203491,0.9993658065795898,14.102501630783081,1239.0,1296.668
industrial_changeover,1250,250,5,Order5,250,7.502e-05,-0.08081606402993202,1269.0,1336.0,15.698158264160156,1.1877658367156982,16.885924100875854,1282.0,1374.7
industrial_changeover,1251,251,1,Order1,251,7.500000000000001e-05,0.052426847629249096,1339.0,1327.0,13.815169095993042,1.068180799484253,14.883349895477295,1230.0,1329.8525896414342
industrial_changeover,1252,251,2,Order2,251,7.498e-05,-0.0028971295105293393,1176.0,1213.0,13.488190412521362,1.0311532020568848,14.519343614578247,1173.0,1256.6932270916334
industrial_changeover,1253,251,3,Order3,251,7.496000000000001e-05,-0.0069529470056295395,1175.0,1169.0,14.082960605621338,1.0867266654968262,15.169687271118164,1169.0,1235.1553784860557
industrial_changeover,1254,251,4,Order4,251,7.494000000000001e-05,0.03403094504028559,1264.0,1239.0,13.269335746765137,1.019502878189087,14.288838624954224,1239.0,1296.4382470119522
industrial_changeover,1255,251,5,Order5,251,7.492000000000001e-05,0.07290991023182869,1399.0,1336.0,15.70273494720459,1.2000501155853271,16.902785062789917,1282.0,1374.5458167330678
industrial_changeover,1256,252,1,Order1,252,7.49e-05,0.17130357772111893,1480.0,1337.0,13.64662480354309,1.0615551471710205,14.708179950714111,1230.0,1329.8809523809523
industrial_changeover,1257,252,2,Order2,252,7.488e-05,-0.022598544601351023,1212.0,1213.0,13.435201168060303,1.0340311527252197,14.469232320785522,1173.0,1256.5198412698412
industrial_changeover,1258,252,3,Order3,252,7.486e-05,-0.01895985286682844,1300.0,1169.0,14.336602926254272,1.0885388851165771,15.42514181137085,1169.0,1234.892857142857
industrial_changeover,1259,252,4,Order4,252,7.484e-05,-0.09933784790337086,1270.0,1311.0,13.218157052993774,1.0211939811706543,14.239351034164429,1239.0,1296.4960317460318
industrial_changeover,1260,252,5,Order5,252,7.482e-05,-0.14146915823221207,1231.0,1336.0,15.819549560546875,1.214353084564209,17.033902645111084,1282.0,1374.392857142857
industrial_changeover,1261,253,1,Order1,253,7.48e-05,-0.04722496774047613,1224.0,1327.0,13.824239015579224,1.0575833320617676,14.881822347640991,1230.0,1329.8695652173913
industrial_changeover,1262,253,2,Order2,253,7.478e-05,0.1549125798046589,1305.0,1213.0,13.413446187973022,1.0270907878875732,14.440536975860596,1173.0,1256.3478260869565
industrial_changeover,1263,253,3,Order3,253,7.476000000000001e-05,0.01671678200364113,1169.0,1169.0,14.401455163955688,1.084388256072998,15.485843420028687,1169.0,1234.6324110671937
industrial_changeover,1264,253,4,Order4,253,7.474e-05,-0.003068758873268962,1255.0,1239.0,13.091532945632935,1.0122203826904297,14.103753328323364,1239.0,1296.2687747035573
industrial_changeover,1265,253,5,Order5,253,7.472e-05,0.0008706767403054982,1308.0,1336.0,15.682399034500122,1.2545549869537354,16.936954021453857,1282.0,1374.2411067193675
industrial_changeover,1266,254,1,Order1,254,7.47e-05,0.059537007473409176,1327.0,1330.0,13.820685386657715,1.1098058223724365,14.930491209030151,1230.0,1329.8700787401574
industrial_changeover,1267,254,2,Order2,254,7.468000000000001e-05,0.02266590902581811,1218.0,1213.0,14.218780040740967,1.057325839996338,15.276105880737305,1173.0,1256.1771653543308
industrial_changeover,1268,254,3,Order3,254,7.466e-05,0.0024714544997550547,1235.0,1169.0,14.539990186691284,1.140134334564209,15.680124521255493,1169.0,1234.3740157480315
industrial_changeover,1269,254,4,Order4,254,7.464e-05,-0.03743308503180742,1260.0,1237.0,13.429060935974121,1.0400023460388184,14.46906328201294,1237.0,1296.0354330708662
industrial_changeover,1270,254,5,Order5,254,7.462e-05,-0.1112311277538538,1238.0,1336.0,15.957176208496094,1.2059600353240967,17.16313624382019,1282.0,1374.0905511811025
industrial_changeover,1271,255,1,Order1,255,7.46e-05,0.008738324977457523,1285.0,1327.0,13.947441816329956,1.0681748390197754,15.015616655349731,1230.0,1329.8588235294117
industrial_changeover,1272,255,2,Order2,255,7.458000000000001e-05,0.01035947585478425,1184.0,1213.0,13.367555379867554,1.0362281799316406,14.403783559799194,1173.0,1256.007843137255
industrial_changeover,1273,255,3,Order3,255,7.456e-05,0.11520761996507645,1301.0,1169.0,14.403131484985352,1.0882899761199951,15.491421461105347,1169.0,1234.1176470588234
industrial_changeover,1274,255,4,Order4,255,7.454000000000001e-05,0.02217495860531926,1283.0,1239.0,13.305581331253052,1.0217864513397217,14.327367782592773,1237.0,1295.8117647058823
industrial_changeover,1275,255,5,Order5,255,7.452e-05,-0.010565934935584664,1327.0,1336.0,15.767918825149536,1.2165794372558594,16.984498262405396,1282.0,1373.9411764705883
industrial_changeover,1276,256,1,Order1,256,7.450000000000001e-05,-0.02283467398956418,1276.0,1330.0,14.297015190124512,1.0565879344940186,15.35360312461853,1230.0,1329.859375
industrial_changeover,1277,256,2,Order2,256,7.448e-05,-0.004876789287663996,1210.0,1213.0,13.519313097000122,1.0245556831359863,14.543868780136108,1173.0,1255.83984375
industrial_changeover,1278,256,3,Order3,256,7.446e-05,-0.0023147216415964067,1244.0,1169.0,14.128019332885742,1.0822396278381348,15.210258960723877,1169.0,1233.86328125
industrial_changeover,1279,256,4,Order4,256,7.444e-05,-0.0325778229162097,1239.0,1239.0,13.050649881362915,1.0068471431732178,14.057497024536133,1237.0,1295.58984375
industrial_changeover,1280,256,5,Order5,256,7.442e-05,0.004268065560609102,1336.0,1336.0,15.586787939071655,1.1787331104278564,16.76552104949951,1282.0,1373.79296875
industrial_changeover,1281,257,1,Order1,257,7.44e-05,-0.004100678488612175,1233.0,1327.0,13.783592700958252,1.047929286956787,14.831521987915039,1230.0,1329.8482490272374
industrial_changeover,1282,257,2,Order2,257,7.438e-05,0.008747955318540335,1205.0,1213.0,13.4727201461792,1.047523021697998,14.520243167877197,1173.0,1255.6731517509727
industrial_changeover,1283,257,3,Order3,257,7.436000000000001e-05,0.08560368604958057,1300.0,1169.0,14.199045658111572,1.0936155319213867,15.292661190032959,1169.0,1233.6108949416343
industrial_changeover,1284,257,4,Order4,257,7.434000000000001e-05,0.00016820832388475537,1277.0,1239.0,13.257166624069214,1.0091698169708252,14.266336441040039,1237.0,1295.3696498054476
industrial_changeover,1285,257,5,Order5,257,7.432e-05,-0.02666726941242814,1329.0,1336.0,15.711392402648926,1.2057693004608154,16.91716170310974,1282.0,1373.645914396887
industrial_changeover,1286,258,1,Order1,258,7.43e-05,-0.04580062162131071,1241.0,1327.0,13.653138399124146,1.059995174407959,14.713133573532104,1230.0,1329.8372093023256
industrial_changeover,1287,258,2,Order2,258,7.428e-05,0.0561904339119792,1254.0,1213.0,13.476572036743164,1.055288553237915,14.531860589981079,1173.0,1255.5077519379845
industrial_changeover,1288,258,3,Order3,258,7.426e-05,0.004031439078971744,1277.0,1169.0,14.214703559875488,1.0888350009918213,15.30353856086731,1169.0,1233.360465116279
industrial_changeover,1289,258,4,Order4,258,7.424e-05,-0.03683175425976515,1225.0,1239.0,13.15061068534851,1.070777416229248,14.221388101577759,1237.0,1295.1511627906978
industrial_changeover,1290,258,5,Order5,258,7.422e-05,-0.007575370720587671,1327.0,1336.0,15.689223527908325,1.189314842224121,16.878538370132446,1282.0,1373.5
industrial_changeover,1291,259,1,Order1,259,7.42e-05,0.0626999493688345,1341.0,1327.0,13.965098857879639,1.0703437328338623,15.035442590713501,1230.0,1329.8262548262549
industrial_changeover,1292,259,2,Order2,259,7.418000000000001e-05,-0.009011622751131654,1201.0,1213.0,13.691902160644531,1.033468246459961,14.725370407104492,1173.0,1255.3436293436293
industrial_changeover,1293,259,3,Order3,259,7.416000000000001e-05,0.005710928817279637,1298.0,1169.0,14.111003398895264,1.0902259349822998,15.201229333877563,1169.0,1233.111969111969
industrial_changeover,1294,259,4,Order4,259,7.414e-05,-0.03140817862004042,1258.0,1239.0,13.162781953811646,1.0085053443908691,14.171287298202515,1237.0,1294.934362934363
industrial_changeover,1295,259,5,Order5,259,7.412000000000002e-05,-0.06793601997196674,1305.0,1336.0,15.705594539642334,1.1921501159667969,16.89774465560913,1282.0,1373.3552123552124
industrial_changeover,1296,260,1,Order1,260,7.41e-05,0.034998026676476,1278.0,1327.0,13.746846914291382,1.0477209091186523,14.794567823410034,1230.0,1329.8153846153846
industrial_changeover,1297,260,2,Order2,260,7.408000000000001e-05,-0.01757454825565219,1144.0,1213.0,13.308916091918945,1.05861496925354,14.367531061172485,1173.0,1255.1807692307693
industrial_changeover,1298,260,3,Order3,260,7.405999999999999e-05,0.0515335975214839,1279.0,1169.0,14.169082403182983,1.0754790306091309,15.244561433792114,1169.0,1232.8653846153845
industrial_changeover,1299,260,4,Order4,260,7.404e-05,0.03227151185274124,1249.0,1239.0,13.26785135269165,1.0065641403198242,14.274415493011475,1237.0,1294.7192307692308
industrial_changeover,1300,260,5,Order5,260,7.402e-05,-0.004081531544215977,1322.0,1336.0,15.586148738861084,1.2067277431488037,16.792876482009888,1282.0,1373.2115384615386
industrial_changeover,1301,261,1,Order1,261,7.4e-05,-0.0031032924307510257,1259.0,1333.0,13.80457329750061,1.059523105621338,14.864096403121948,1230.0,1329.8275862068965
industrial_changeover,1302,261,2,Order2,261,7.398e-05,-0.027222709264606237,1225.0,1213.0,13.512345552444458,1.0447783470153809,14.557123899459839,1173.0,1255.0191570881227
industrial_changeover,1303,261,3,Order3,261,7.396e-05,0.05333620123565197,1331.0,1169.0,14.017202854156494,1.1172382831573486,15.134441137313843,1169.0,1232.6206896551723
industrial_changeover,1304,261,4,Order4,261,7.394000000000001e-05,-0.019749019294977188,1237.0,1239.0,13.19458794593811,1.0647799968719482,14.259367942810059,1237.0,1294.5057471264367
industrial_changeover,1305,261,5,Order5,261,7.392000000000001e-05,0.0519114313647151,1492.0,1336.0,15.684703350067139,1.203087329864502,16.88779067993164,1282.0,1373.0689655172414
industrial_changeover,1306,262,1,Order1,262,7.390000000000001e-05,0.0186757892370224,1337.0,1327.0,13.748037576675415,1.0548210144042969,14.802858591079712,1230.0,1329.8167938931297
industrial_changeover,1307,262,2,Order2,262,7.388e-05,-0.007993331411853433,1242.0,1213.0,13.488624334335327,1.0376439094543457,14.526268243789673,1173.0,1254.8587786259543
industrial_changeover,1308,262,3,Order3,262,7.386e-05,-0.13334916532039642,1169.0,1169.0,14.36412787437439,1.0934574604034424,15.457585334777832,1169.0,1232.3778625954199
industrial_changeover,1309,262,4,Order4,262,7.384e-05,0.013089985819533467,1289.0,1239.0,13.214116096496582,1.0183296203613281,14.23244571685791,1237.0,1294.293893129771
industrial_changeover,1310,262,5,Order5,262,7.382e-05,0.024309413973242044,1334.0,1336.0,15.671653985977173,1.1906394958496094,16.862293481826782,1282.0,1372.9274809160306
industrial_changeover,1311,263,1,Order1,263,7.38e-05,0.07988519594073296,1340.0,1333.0,13.642409086227417,1.0403072834014893,14.682716369628906,1230.0,1329.828897338403
industrial_changeover,1312,263,2,Order2,263,7.378e-05,-0.02260516118258238,1174.0,1213.0,13.370688438415527,1.0248465538024902,14.395534992218018,1173.0,1254.6996197718631
industrial_changeover,1313,263,3,Order3,263,7.376000000000001e-05,-0.05161449406296015,1177.0,1169.0,14.204627275466919,1.0785703659057617,15.28319764137268,1169.0,1232.1368821292776
industrial_changeover,1314,263,4,Order4,263,7.374000000000001e-05,0.021873808465898037,1280.0,1239.0,13.118443727493286,1.0081286430358887,14.126572370529175,1237.0,1294.083650190114
industrial_changeover,1315,263,5,Order5,263,7.372e-05,0.036391496658325195,1370.0,1336.0,15.736872673034668,1.1919639110565186,16.928836584091187,1282.0,1372.787072243346
industrial_changeover,1316,264,1,Order1,264,7.37e-05,0.058812858536839485,1333.0,1330.0,13.827938556671143,1.055772304534912,14.883710861206055,1230.0,1329.8295454545455
industrial_changeover,1317,264,2,Order2,264,7.368e-05,0.08965545520186424,1301.0,1213.0,13.473416328430176,1.0255091190338135,14.49892544746399,1173.0,1254.5416666666667
industrial_changeover,1318,264,3,Order3,264,7.366e-05,-0.0728822723031044,1208.0,1169.0,14.099385261535645,1.0845532417297363,15.18393850326538,1169.0,1231.8977272727273
industrial_changeover,1319,264,4,Order4,264,7.363999999999999e-05,-0.06477880291640759,1262.0,1239.0,13.277832984924316,1.0090398788452148,14.286872863769531,1237.0,1293.875
industrial_changeover,1320,264,5,Order5,264,7.362e-05,-0.10172062739729881,1271.0,1336.0,15.686275482177734,1.1991851329803467,16.88546061515808,1282.0,1372.6477272727273
industrial_changeover,1321,265,1,Order1,265,7.36e-05,0.04653788357973099,1340.0,1330.0,13.818829774856567,1.0572288036346436,14.876058578491211,1230.0,1329.8301886792453
industrial_changeover,1322,265,2,Order2,265,7.358000000000001e-05,0.04206674359738827,1208.0,1213.0,13.422318935394287,1.044363021850586,14.466681957244873,1173.0,1254.3849056603774
industrial_changeover,1323,265,3,Order3,265,7.356000000000001e-05,0.11419926397502422,1300.0,1169.0,14.365274429321289,1.0900025367736816,15.45527696609497,1169.0,1231.6603773584907
industrial_changeover,1324,265,4,Order4,265,7.354e-05,0.028750520199537277,1327.0,1239.0,13.350405216217041,1.000744342803955,14.351149559020996,1237.0,1293.667924528302
industrial_changeover,1325,265,5,Order5,265,7.352000000000001e-05,-0.06764484010636806,1299.0,1336.0,15.412416696548462,1.192915678024292,16.605332374572754,1282.0,1372.5094339622642
industrial_changeover,1326,266,1,Order1,266,7.35e-05,0.002852707984857261,1337.0,1330.0,13.716237783432007,1.0542595386505127,14.77049732208252,1230.0,1329.8308270676691
industrial_changeover,1327,266,2,Order2,266,7.348000000000001e-05,0.007447942974977195,1244.0,1213.0,13.429022312164307,1.0315513610839844,14.460573673248291,1173.0,1254.2293233082708
industrial_changeover,1328,266,3,Order3,266,7.345999999999999e-05,-0.013467638287693262,1242.0,1169.0,14.12338662147522,1.091299295425415,15.214685916900635,1169.0,1231.4248120300751
industrial_changeover,1329,266,4,Order4,266,7.344e-05,0.017778499517589808,1349.0,1239.0,13.192993402481079,1.014110803604126,14.207104206085205,1237.0,1293.4624060150377
industrial_changeover,1330,266,5,Order5,266,7.342e-05,-0.02705485885962844,1335.0,1336.0,15.71572470664978,1.197232961654663,16.912957668304443,1282.0,1372.3721804511279
industrial_changeover,1331,267,1,Order1,267,7.340000000000001e-05,-0.0489919688552618,1225.0,1336.0,13.859157800674438,1.05672287940979,14.915880680084229,1230.0,1329.8539325842696
industrial_changeover,1332,267,2,Order2,267,7.338e-05,0.04393849615007639,1244.0,1213.0,13.437097311019897,1.0350072383880615,14.472104549407959,1173.0,1254.0749063670412
industrial_changeover,1333,267,3,Order3,267,7.336e-05,-0.008974575204774737,1208.0,1169.0,14.240960359573364,1.0809264183044434,15.321886777877808,1169.0,1231.191011235955
industrial_changeover,1334,267,4,Order4,267,7.334000000000001e-05,0.0017431415617465973,1285.0,1239.0,13.211106777191162,1.006727695465088,14.21783447265625,1237.0,1293.258426966292
industrial_changeover,1335,267,5,Order5,267,7.332000000000001e-05,0.006407124223187566,1388.0,1336.0,15.540873050689697,1.2003211975097656,16.741194248199463,1282.0,1372.2359550561798
industrial_changeover,1336,268,1,Order1,268,7.33e-05,0.05078895762562752,1330.0,1330.0,13.823513746261597,1.0593855381011963,14.882899284362793,1230.0,1329.8544776119404
industrial_changeover,1337,268,2,Order2,268,7.328e-05,0.007807302521541715,1208.0,1213.0,13.54737114906311,1.0854911804199219,14.632862329483032,1173.0,1253.9216417910447
industrial_changeover,1338,268,3,Order3,268,7.326e-05,-0.06491018459200859,1169.0,1169.0,14.215965032577515,1.12839674949646,15.344361782073975,1169.0,1230.9589552238806
industrial_changeover,1339,268,4,Order4,268,7.324e-05,-0.02437222423031926,1259.0,1239.0,13.230919361114502,1.0726470947265625,14.303566455841064,1237.0,1293.0559701492537
industrial_changeover,1340,268,5,Order5,268,7.322e-05,0.005086539196781814,1336.0,1336.0,15.835814237594604,1.1899805068969727,17.025794744491577,1282.0,1372.1007462686566
industrial_changeover,1341,269,1,Order1,269,7.32e-05,0.06295716762542725,1330.0,1336.0,13.77239179611206,1.0447986125946045,14.817190408706665,1230.0,1329.8773234200744
industrial_changeover,1342,269,2,Order2,269,7.318e-05,0.042044210247695446,1208.0,1213.0,13.307332754135132,1.0225112438201904,14.329843997955322,1173.0,1253.7695167286245
industrial_changeover,1343,269,3,Order3,269,7.316000000000001e-05,-0.01530982623808086,1197.0,1169.0,14.204224348068237,1.082479476928711,15.286703824996948,1169.0,1230.728624535316
industrial_changeover,1344,269,4,Order4,269,7.314000000000001e-05,-0.04859230946749449,1236.0,1239.0,13.20453929901123,1.0074031352996826,14.211942434310913,1237.0,1292.8550185873605
industrial_changeover,1345,269,5,Order5,269,7.312e-05,0.0007343223696807399,1354.0,1336.0,15.578117370605469,1.1870205402374268,16.765137910842896,1282.0,1371.9665427509294
industrial_changeover,1346,270,1,Order1,270,7.31e-05,0.04530857224017382,1340.0,1336.0,13.685858011245728,1.0561254024505615,14.741983413696289,1230.0,1329.9
industrial_changeover,1347,270,2,Order2,270,7.308e-05,0.044552769511938095,1245.0,1213.0,13.474851131439209,1.0262486934661865,14.501099824905396,1173.0,1253.6185185185186
industrial_changeover,1348,270,3,Order3,270,7.306000000000001e-05,-0.027504897210747004,1208.0,1169.0,14.198215007781982,1.078094720840454,15.276309728622437,1169.0,1230.5
industrial_changeover,1349,270,4,Order4,270,7.303999999999999e-05,-0.03869905788451433,1264.0,1239.0,13.13869309425354,1.0159893035888672,14.154682397842407,1237.0,1292.6555555555556
industrial_changeover,1350,270,5,Order5,270,7.302e-05,-0.025083805434405804,1342.0,1336.0,15.656022310256958,1.1843047142028809,16.84032702445984,1282.0,1371.8333333333333
industrial_changeover,1351,271,1,Order1,271,7.3e-05,0.04232101049274206,1330.0,1330.0,13.918495416641235,1.0685362815856934,14.987031698226929,1230.0,1329.90036900369
industrial_changeover,1352,271,2,Order2,271,7.298000000000001e-05,0.024503683671355247,1210.0,1213.0,13.349345684051514,1.0327959060668945,14.382141590118408,1173.0,1253.4686346863468
industrial_changeover,1353,271,3,Order3,271,7.296e-05,0.05464889109134674,1281.0,1169.0,14.203663110733032,1.0768218040466309,15.280484914779663,1169.0,1230.2730627306273
industrial_changeover,1354,271,4,Order4,271,7.294e-05,-0.03313975501805544,1262.0,1239.0,13.320468425750732,1.0247535705566406,14.345221996307373,1237.0,1292.4575645756458
industrial_changeover,1355,271,5,Order5,271,7.292000000000001e-05,-0.04166532773524523,1336.0,1336.0,15.724267482757568,1.2079284191131592,16.932195901870728,1282.0,1371.70110701107
industrial_changeover,1356,272,1,Order1,272,7.29e-05,-0.01177731598727405,1291.0,1336.0,13.743151664733887,1.0507302284240723,14.793881893157959,1230.0,1329.922794117647
industrial_changeover,1357,272,2,Order2,272,7.288000000000001e-05,0.04521806072443724,1251.0,1213.0,13.431791305541992,1.0258488655090332,14.457640171051025,1173.0,1253.3198529411766
industrial_changeover,1358,272,3,Order3,272,7.286e-05,-0.05154744628816843,1169.0,1169.0,14.207084894180298,1.0737733840942383,15.280858278274536,1169.0,1230.047794117647
industrial_changeover,1359,272,4,Order4,272,7.284e-05,0.0051058424869552255,1303.0,1264.0,13.247576236724854,1.0166869163513184,14.264263153076172,1237.0,1292.3529411764705
industrial_changeover,1360,272,5,Order5,272,7.282e-05,-0.010893602855503559,1323.0,1336.0,15.539192199707031,1.2008697986602783,16.74006199836731,1282.0,1371.5698529411766
industrial_changeover,1361,273,1,Order1,273,7.280000000000001e-05,0.0523038562387228,1327.0,1336.0,13.818309307098389,1.055314540863037,14.873623847961426,1230.0,1329.9450549450548
industrial_changeover,1362,273,2,Order2,273,7.278e-05,0.047759407199919224,1271.0,1213.0,13.45538854598999,1.0231008529663086,14.478489398956299,1173.0,1253.1721611721612
industrial_changeover,1363,273,3,Order3,273,7.276e-05,0.1370430625975132,1423.0,1169.0,14.262244701385498,1.128373384475708,15.390618085861206,1169.0,1229.8241758241759
industrial_changeover,1364,273,4,Order4,273,7.274000000000001e-05,-0.07568915374577045,1259.0,1264.0,13.081474304199219,1.0656726360321045,14.147146940231323,1237.0,1292.2490842490843
industrial_changeover,1365,273,5,Order5,273,7.272000000000001e-05,-0.16873720660805702,1249.0,1336.0,15.716529607772827,1.190429449081421,16.906959056854248,1282.0,1371.4395604395604
industrial_changeover,1366,274,1,Order1,274,7.27e-05,0.0003412643272895366,1337.0,1336.0,13.606563091278076,1.0527081489562988,14.659271240234375,1230.0,1329.9671532846714
industrial_changeover,1367,274,2,Order2,274,7.268e-05,0.021467003505676985,1210.0,1210.0,13.336088180541992,1.023041009902954,14.359129190444946,1173.0,1253.014598540146
industrial_changeover,1368,274,3,Order3,274,7.266000000000001e-05,0.021435947623103857,1251.0,1169.0,14.222478866577148,1.0854556560516357,15.307934522628784,1169.0,1229.602189781022
industrial_changeover,1369,274,4,Order4,274,7.264e-05,0.010655548190698028,1231.0,1264.0,13.188084840774536,1.0283758640289307,14.216460704803467,1237.0,1292.14598540146
industrial_changeover,1370,274,5,Order5,274,7.261999999999999e-05,0.021226534619927406,1352.0,1335.0,15.782416105270386,1.2043571472167969,16.986773252487183,1282.0,1371.3065693430658
industrial_changeover,1371,275,1,Order1,275,7.26e-05,0.030091247521340847,1285.0,1336.0,13.802829027175903,1.0582706928253174,14.86109972000122,1230.0,1329.989090909091
industrial_changeover,1372,275,2,Order2,275,7.258e-05,0.03429809585213661,1209.0,1210.0,13.369144916534424,1.0575165748596191,14.426661491394043,1173.0,1252.8581818181817
industrial_changeover,1373,275,3,Order3,275,7.256000000000001e-05,-0.04585587698966265,1196.0,1169.0,14.250701904296875,1.0736641883850098,15.324366092681885,1169.0,1229.3818181818183
industrial_changeover,1374,275,4,Order4,275,7.254000000000001e-05,-0.016389915719628334,1262.0,1264.0,13.209828615188599,0.9973430633544922,14.20717167854309,1237.0,1292.0436363636363
industrial_changeover,1375,275,5,Order5,275,7.252e-05,0.022561068646609783,1372.0,1335.0,15.497251033782959,1.1952323913574219,16.69248342514038,1282.0,1371.1745454545455
industrial_changeover,1376,276,1,Order1,276,7.25e-05,0.04692505951970816,1333.0,1336.0,13.700456142425537,1.0618362426757812,14.762292385101318,1230.0,1330.0108695652175
industrial_changeover,1377,276,2,Order2,276,7.248e-05,-0.005718439817428589,1209.0,1210.0,13.438056945800781,1.0195565223693848,14.457613468170166,1173.0,1252.7028985507247
industrial_changeover,1378,276,3,Order3,276,7.246000000000001e-05,0.01116122119128704,1279.0,1169.0,14.109498500823975,1.0809009075164795,15.190399408340454,1169.0,1229.1630434782608
industrial_changeover,1379,276,4,Order4,276,7.243999999999999e-05,-0.03111403528600931,1266.0,1264.0,13.237744569778442,1.0046260356903076,14.24237060546875,1237.0,1291.9420289855072
industrial_changeover,1380,276,5,Order5,276,7.242e-05,-0.030282385647296906,1334.0,1335.0,15.702476263046265,1.194525957107544,16.89700222015381,1282.0,1371.0434782608695
industrial_changeover,1381,277,1,Order1,277,7.24e-05,0.029062476940453053,1325.0,1336.0,13.768827676773071,1.0513169765472412,14.820144653320312,1230.0,1330.0324909747292
industrial_changeover,1382,277,2,Order2,277,7.238000000000001e-05,0.008229786530137062,1208.0,1210.0,13.376932144165039,1.0257599353790283,14.402692079544067,1173.0,1252.5487364620938
industrial_changeover,1383,277,3,Order3,277,7.236e-05,-0.05581978429108858,1169.0,1169.0,14.232854127883911,1.0828003883361816,15.315654516220093,1169.0,1228.9458483754513
industrial_changeover,1384,277,4,Order4,277,7.234e-05,-0.001763261592714116,1262.0,1264.0,13.265775203704834,1.0104897022247314,14.276264905929565,1237.0,1291.841155234657
industrial_changeover,1385,277,5,Order5,277,7.232000000000001e-05,-0.07408104091882706,1223.0,1335.0,15.539069652557373,1.1874299049377441,16.726499557495117,1282.0,1370.9133574007221
industrial_changeover,1386,278,1,Order1,278,7.23e-05,0.05008319020271301,1279.0,1247.0,13.972503423690796,1.0702435970306396,15.042747020721436,1230.0,1329.7338129496402
industrial_changeover,1387,278,2,Order2,278,7.228e-05,0.07567577622830868,1208.0,1213.0,13.681165218353271,1.0711629390716553,14.752328157424927,1173.0,1252.4064748201438
industrial_changeover,1388,278,3,Order3,278,7.226e-05,0.024091441184282303,1208.0,1169.0,14.199792385101318,1.1387362480163574,15.338528633117676,1169.0,1228.730215827338
industrial_changeover,1389,278,4,Order4,278,7.224e-05,0.0038574409554712474,1272.0,1264.0,13.100538730621338,1.0152368545532227,14.11577558517456,1237.0,1291.7410071942445
industrial_changeover,1390,278,5,Order5,278,7.222e-05,-0.03934067580848932,1316.0,1336.0,15.710767269134521,1.19454026222229,16.90530753135681,1282.0,1370.7877697841727
industrial_changeover,1391,279,1,Order1,279,7.22e-05,-0.04112731758505106,1220.0,1247.0,13.722481727600098,1.0623109340667725,14.78479266166687,1230.0,1329.437275985663
industrial_changeover,1392,279,2,Order2,279,7.218e-05,0.03927163686603308,1210.0,1210.0,13.238550424575806,1.0853173732757568,14.323867797851562,1173.0,1252.2544802867383
industrial_changeover,1393,279,3,Order3,279,7.216e-05,-0.02024690993130207,1169.0,1169.0,14.138736009597778,1.1185336112976074,15.257269620895386,1169.0,1228.516129032258
industrial_changeover,1394,279,4,Order4,279,7.214000000000001e-05,0.022239350248128176,1259.0,1264.0,13.164859294891357,1.0513861179351807,14.216245412826538,1237.0,1291.641577060932
industrial_changeover,1395,279,5,Order5,279,7.212000000000001e-05,0.033419587649405,1334.0,1335.0,15.674718856811523,1.1970338821411133,16.871752738952637,1282.0,1370.6594982078852
industrial_changeover,1396,280,1,Order1,280,7.21e-05,0.06000725459307432,1327.0,1336.0,13.745526552200317,1.0588834285736084,14.804409980773926,1230.0,1329.4607142857142
industrial_changeover,1397,280,2,Order2,280,7.208e-05,0.021427339408546686,1205.0,1210.0,13.324676513671875,1.05584716796875,14.380523681640625,1173.0,1252.1035714285715
industrial_changeover,1398,280,3,Order3,280,7.206000000000001e-05,-0.037476638332009315,1208.0,1169.0,14.237560987472534,1.0853071212768555,15.32286810874939,1169.0,1228.3035714285713
industrial_changeover,1399,280,4,Order4,280,7.204e-05,-0.04510117694735527,1266.0,1264.0,13.251355648040771,1.005392074584961,14.256747722625732,1237.0,1291.5428571428572
industrial_changeover,1400,280,5,Order5,280,7.202e-05,-0.005026978440582752,1359.0,1336.0,15.458617687225342,1.2063417434692383,16.66495943069458,1282.0,1370.5357142857142
industrial_changeover,1401,281,1,Order1,281,7.2e-05,0.030758711509406567,1328.0,1336.0,13.795845031738281,1.052722692489624,14.848567724227905,1230.0,1329.4839857651245
industrial_changeover,1402,281,2,Order2,281,7.198e-05,0.01390904001891613,1204.0,1210.0,13.570172786712646,1.032928228378296,14.603101015090942,1173.0,1251.9537366548043
industrial_changeover,1403,281,3,Order3,281,7.196000000000001e-05,-0.02033456927165389,1196.0,1169.0,14.366414308547974,1.098914623260498,15.465328931808472,1169.0,1228.0925266903914
industrial_changeover,1404,281,4,Order4,281,7.194e-05,-0.05503186210989952,1217.0,1264.0,12.881498336791992,1.001502513885498,13.88300085067749,1237.0,1291.4448398576512
industrial_changeover,1405,281,5,Order5,281,7.192000000000002e-05,-0.036006879061460495,1300.0,1336.0,15.700496196746826,1.2010612487792969,16.901557445526123,1282.0,1370.4128113879003
industrial_changeover,1406,282,1,Order1,282,7.19e-05,0.08082355000078678,1333.0,1247.0,13.650647640228271,1.049323558807373,14.699971199035645,1230.0,1329.1914893617022
industrial_changeover,1407,282,2,Order2,282,7.188e-05,0.08787943795323372,1266.0,1213.0,13.283838272094727,1.023385763168335,14.307224035263062,1173.0,1251.8156028368794
industrial_changeover,1408,282,3,Order3,282,7.186e-05,0.015468184370547533,1216.0,1169.0,14.12800145149231,1.080103874206543,15.208105325698853,1169.0,1227.8829787234042
industrial_changeover,1409,282,4,Order4,282,7.183999999999999e-05,-0.046044714748859406,1275.0,1264.0,13.24611759185791,1.0170142650604248,14.263131856918335,1237.0,1291.3475177304965
industrial_changeover,1410,282,5,Order5,282,7.182e-05,-0.05194317549467087,1320.0,1336.0,15.74245285987854,1.227733850479126,16.970186710357666,1282.0,1370.290780141844
industrial_changeover,1411,283,1,Order1,283,7.18e-05,0.02004135400056839,1333.0,1336.0,13.927775144577026,1.0499541759490967,14.977729320526123,1230.0,1329.2155477031802
industrial_changeover,1412,283,2,Order2,283,7.178000000000001e-05,0.03861552011221647,1250.0,1213.0,13.405430555343628,1.0387604236602783,14.444190979003906,1173.0,1251.678445229682
industrial_changeover,1413,283,3,Order3,283,7.176e-05,0.041238424368202686,1298.0,1169.0,14.211150646209717,1.0725791454315186,15.283729791641235,1169.0,1227.6749116607773
industrial_changeover,1414,283,4,Order4,283,7.174e-05,-0.055110570043325424,1264.0,1264.0,13.309700727462769,1.011878252029419,14.321578979492188,1237.0,1291.2508833922261
industrial_changeover,1415,283,5,Order5,283,7.172000000000001e-05,-0.1139338780194521,1252.0,1336.0,15.665748357772827,1.2055079936981201,16.871256351470947,1282.0,1370.1696113074204
industrial_changeover,1416,284,1,Order1,284,7.170000000000001e-05,0.04316547140479088,1340.0,1247.0,13.681516885757446,1.044379711151123,14.72589659690857,1230.0,1328.9260563380283
industrial_changeover,1417,284,2,Order2,284,7.168e-05,0.038385117426514626,1192.0,1213.0,13.508835792541504,1.0300018787384033,14.538837671279907,1173.0,1251.5422535211267
industrial_changeover,1418,284,3,Order3,284,7.166e-05,-0.02600211836397648,1175.0,1169.0,14.361697435379028,1.0971965789794922,15.45889401435852,1169.0,1227.468309859155
industrial_changeover,1419,284,4,Order4,284,7.164e-05,0.015870272181928158,1272.0,1264.0,13.21768307685852,1.0076649188995361,14.225347995758057,1237.0,1291.1549295774648
industrial_changeover,1420,284,5,Order5,284,7.162e-05,0.014174639014527202,1322.0,1336.0,15.639923572540283,1.1981143951416016,16.838037967681885,1282.0,1370.0492957746478
industrial_changeover,1421,285,1,Order1,285,7.16e-05,0.04210263676941395,1282.0,1247.0,13.770794868469238,1.0882203578948975,14.859015226364136,1230.0,1328.638596491228
industrial_changeover,1422,285,2,Order2,285,7.158e-05,-0.03480846341699362,1173.0,1213.0,13.254583835601807,1.0904133319854736,14.34499716758728,1173.0,1251.4070175438596
industrial_changeover,1423,285,3,Order3,285,7.156e-05,0.06883800588548183,1318.0,1169.0,14.132832765579224,1.0890586376190186,15.221891403198242,1169.0,1227.2631578947369
industrial_changeover,1424,285,4,Order4,285,7.154000000000001e-05,-0.031314770225435495,1249.0,1264.0,13.152353763580322,1.0107669830322266,14.163120746612549,1237.0,1291.059649122807
industrial_changeover,1425,285,5,Order5,285,7.152e-05,0.03573187626898289,1417.0,1336.0,15.679211854934692,1.200859785079956,16.88007164001465,1282.0,1369.9298245614036
industrial_changeover,1426,286,1,Order1,286,7.150000000000002e-05,-0.011873258044943213,1275.0,1336.0,13.550702810287476,1.046220302581787,14.596923112869263,1230.0,1328.6643356643356
industrial_changeover,1427,286,2,Order2,286,7.148e-05,-0.0201732125133276,1194.0,1213.0,13.464364051818848,1.0263144969940186,14.490678548812866,1173.0,1251.2727272727273
industrial_changeover,1428,286,3,Order3,286,7.146000000000001e-05,-0.06078320648521185,1182.0,1169.0,14.239599466323853,1.0882554054260254,15.327854871749878,1169.0,1227.0594405594406
industrial_changeover,1429,286,4,Order4,286,7.144e-05,-0.02131945826113224,1255.0,1264.0,13.211212635040283,1.0082495212554932,14.219462156295776,1237.0,1290.9650349650349
industrial_changeover,1430,286,5,Order5,286,7.142e-05,0.010866207536309958,1319.0,1336.0,15.560083866119385,1.2032089233398438,16.76329278945923,1282.0,1369.811188811189
industrial_changeover,1431,287,1,Order1,287,7.14e-05,0.0816976260393858,1327.0,1336.0,13.76871109008789,1.0525932312011719,14.821304321289062,1230.0,1328.6898954703834
industrial_changeover,1432,287,2,Order2,287,7.138e-05,0.045426128432154655,1209.0,1213.0,13.542232513427734,1.0267643928527832,14.568996906280518,1173.0,1251.1393728222997
industrial_changeover,1433,287,3,Order3,287,7.136000000000001e-05,0.038897584192454815,1281.0,1169.0,14.129387617111206,1.0970304012298584,15.226418018341064,1169.0,1226.857142857143
industrial_changeover,1434,287,4,Order4,287,7.134e-05,-0.03998832684010267,1283.0,1264.0,13.387813091278076,1.0143167972564697,14.402129888534546,1237.0,1290.871080139373
industrial_changeover,1435,287,5,Order5,287,7.132000000000002e-05,-0.04628154169768095,1335.0,1336.0,15.861863613128662,1.1983115673065186,17.06017518043518,1282.0,1369.6933797909408
industrial_changeover,1436,288,1,Order1,288,7.130000000000001e-05,-0.03861433360725641,1270.0,1336.0,13.698559522628784,1.0425119400024414,14.741071462631226,1230.0,1328.7152777777778
industrial_changeover,1437,288,2,Order2,288,7.128000000000001e-05,-0.041371206752955914,1184.0,1213.0,13.308415174484253,1.0364634990692139,14.344878673553467,1173.0,1251.0069444444443
industrial_changeover,1438,288,3,Order3,288,7.126e-05,-0.023038472048938274,1175.0,1169.0,14.14391565322876,1.0811240673065186,15.225039720535278,1169.0,1226.65625
industrial_changeover,1439,288,4,Order4,288,7.124e-05,0.06698733568191528,1291.0,1264.0,13.201965570449829,0.9970629215240479,14.199028491973877,1237.0,1290.7777777777778
industrial_changeover,1440,288,5,Order5,288,7.122e-05,0.04750794265419245,1334.0,1336.0,15.604489803314209,1.1893773078918457,16.793867111206055,1282.0,1369.576388888889
industrial_changeover,1441,289,1,Order1,289,7.12e-05,0.0699181817471981,1330.0,1336.0,13.706008672714233,1.0555033683776855,14.761512041091919,1230.0,1328.7404844290656
industrial_changeover,1442,289,2,Order2,289,7.118e-05,0.008107500383630395,1209.0,1213.0,13.415003061294556,1.0317647457122803,14.446767807006836,1173.0,1250.8754325259515
industrial_changeover,1443,289,3,Order3,289,7.116e-05,-0.06388968974351883,1169.0,1169.0,14.212393760681152,1.095823049545288,15.30821681022644,1169.0,1226.4567474048442
industrial_changeover,1444,289,4,Order4,289,7.114e-05,-0.04513232130557299,1285.0,1264.0,13.113190650939941,1.0213713645935059,14.134562015533447,1237.0,1290.6851211072665
industrial_changeover,1445,289,5,Order5,289,7.112000000000001e-05,-0.01831223862245679,1336.0,1336.0,15.716061353683472,1.1974728107452393,16.91353416442871,1282.0,1369.4602076124568
industrial_changeover,1446,290,1,Order1,290,7.110000000000001e-05,-0.0418838020414114,1220.0,1337.0,13.815507173538208,1.0572474002838135,14.872754573822021,1230.0,1328.7689655172414
industrial_changeover,1447,290,2,Order2,290,7.108e-05,0.04920195881277323,1209.0,1213.0,13.436055421829224,1.034996747970581,14.471052169799805,1173.0,1250.7448275862068
industrial_changeover,1448,290,3,Order3,290,7.106e-05,0.10758171789348125,1281.0,1169.0,14.237035751342773,1.0953400135040283,15.332375764846802,1169.0,1226.2586206896551
industrial_changeover,1449,290,4,Order4,290,7.104e-05,-0.0037686325958929956,1277.0,1264.0,13.183706283569336,1.0228772163391113,14.206583499908447,1237.0,1290.5931034482758
industrial_changeover,1450,290,5,Order5,290,7.102e-05,-0.06645231321454048,1279.0,1336.0,15.787680864334106,1.2142765522003174,17.001957416534424,1282.0,1369.344827586207
industrial_changeover,1451,291,1,Order1,291,7.1e-05,-0.0156450008507818,1270.0,1340.0,13.803057432174683,1.0548450946807861,14.857902526855469,1230.0,1328.8075601374571
industrial_changeover,1452,291,2,Order2,291,7.098e-05,-0.031190174631774426,1176.0,1213.0,13.32131028175354,1.0194227695465088,14.340733051300049,1173.0,1250.615120274914
industrial_changeover,1453,291,3,Order3,291,7.096e-05,-0.013557254103943706,1169.0,1169.0,14.181525945663452,1.0815389156341553,15.263064861297607,1169.0,1226.0618556701031
industrial_changeover,1454,291,4,Order4,291,7.094000000000001e-05,0.05907823238521814,1293.0,1264.0,13.210632085800171,1.0096256732940674,14.220257759094238,1237.0,1290.5017182130584
industrial_changeover,1455,291,5,Order5,291,7.092e-05,0.04052209947258234,1335.0,1336.0,15.672550678253174,1.1926188468933105,16.865169525146484,1282.0,1369.230240549828
industrial_changeover,1456,292,1,Order1,292,7.090000000000002e-05,0.034754108637571335,1291.0,1340.0,13.673312425613403,1.103071928024292,14.776384353637695,1230.0,1328.8458904109589
industrial_changeover,1457,292,2,Order2,292,7.088e-05,0.06489438004791737,1250.0,1213.0,13.4618399143219,1.0719754695892334,14.533815383911133,1173.0,1250.486301369863
industrial_changeover,1458,292,3,Order3,292,7.086000000000001e-05,0.012712599476799369,1263.0,1169.0,14.217161893844604,1.093031883239746,15.31019377708435,1169.0,1225.8664383561643
industrial_changeover,1459,292,4,Order4,292,7.083999999999999e-05,-0.07491937465965748,1264.0,1283.0,13.267690658569336,1.0167067050933838,14.28439736366272,1237.0,1290.4760273972602
industrial_changeover,1460,292,5,Order5,292,7.082e-05,-0.049013128504157066,1338.0,1336.0,15.607205390930176,1.2016429901123047,16.80884838104248,1282.0,1369.1164383561643
industrial_changeover,1461,293,1,Order1,293,7.08e-05,-0.05726937670260668,1241.0,1340.0,13.631762742996216,1.0544683933258057,14.686231136322021,1230.0,1328.8839590443686
industrial_changeover,1462,293,2,Order2,293,7.078e-05,0.030553387943655252,1210.0,1213.0,13.422877073287964,1.0209286212921143,14.443805694580078,1173.0,1250.358361774744
industrial_changeover,1463,293,3,Order3,293,7.076000000000001e-05,0.06430116668343544,1265.0,1169.0,14.107980728149414,1.0902674198150635,15.198248147964478,1169.0,1225.6723549488054
industrial_changeover,1464,293,4,Order4,293,7.074e-05,0.012494517955929041,1264.0,1264.0,13.21121096611023,1.0127193927764893,14.223930358886719,1237.0,1290.3856655290103
industrial_changeover,1465,293,5,Order5,293,7.072000000000001e-05,0.013416377361863852,1358.0,1336.0,15.727575540542603,1.2167847156524658,16.94436025619507,1282.0,1369.0034129692833
industrial_changeover,1466,294,1,Order1,294,7.070000000000001e-05,0.03333767410367727,1337.0,1340.0,13.96158480644226,1.0566236972808838,15.018208503723145,1230.0,1328.921768707483
industrial_changeover,1467,294,2,Order2,294,7.068000000000001e-05,-0.01810794835910201,1209.0,1213.0,13.39945101737976,1.0316259860992432,14.431077003479004,1173.0,1250.2312925170068
industrial_changeover,1468,294,3,Order3,294,7.066e-05,-0.06164336111396551,1180.0,1169.0,14.158353567123413,1.0712051391601562,15.22955870628357,1169.0,1225.4795918367347
industrial_changeover,1469,294,4,Order4,294,7.064e-05,-0.021856296341866255,1266.0,1264.0,13.129633903503418,1.000349760055542,14.12998366355896,1237.0,1290.295918367347
industrial_changeover,1470,294,5,Order5,294,7.062e-05,0.02341266255825758,1370.0,1336.0,15.759315013885498,1.191868543624878,16.951183557510376,1282.0,1368.891156462585
industrial_changeover,1471,295,1,Order1,295,7.06e-05,0.05930610653012991,1340.0,1340.0,13.638516187667847,1.0445282459259033,14.68304443359375,1230.0,1328.9593220338984
industrial_changeover,1472,295,2,Order2,295,7.058e-05,-0.023049963638186455,1176.0,1213.0,13.439944982528687,1.013892650604248,14.453837633132935,1173.0,1250.1050847457627
industrial_changeover,1473,295,3,Order3,295,7.056e-05,-0.0076145235216245055,1196.0,1169.0,14.254658937454224,1.0803472995758057,15.33500623703003,1169.0,1225.2881355932204
industrial_changeover,1474,295,4,Order4,295,7.054000000000001e-05,-0.01089780917391181,1264.0,1264.0,13.105293989181519,1.010983943939209,14.116277933120728,1237.0,1290.206779661017
industrial_changeover,1475,295,5,Order5,295,7.052000000000001e-05,-0.008066692156717181,1319.0,1336.0,15.703663349151611,1.1983706951141357,16.902034044265747,1282.0,1368.7796610169491
industrial_changeover,1476,296,1,Order1,296,7.05e-05,0.050299590453505516,1327.0,1247.0,13.79112458229065,1.0433874130249023,14.834511995315552,1230.0,1328.6824324324325
industrial_changeover,1477,296,2,Order2,296,7.048e-05,0.10188480466604233,1300.0,1213.0,13.487410306930542,1.0264701843261719,14.513880491256714,1173.0,1249.9797297297298
industrial_changeover,1478,296,3,Order3,296,7.046e-05,-0.02697002561762929,1213.0,1169.0,14.100770711898804,1.085792064666748,15.186562776565552,1169.0,1225.097972972973
industrial_changeover,1479,296,4,Order4,296,7.044000000000001e-05,-0.09392937459051609,1223.0,1264.0,13.223501920700073,1.008540391921997,14.23204231262207,1237.0,1290.1182432432433
industrial_changeover,1480,296,5,Order5,296,7.042e-05,-0.037982034496963024,1334.0,1336.0,15.735733985900879,1.1922252178192139,16.927959203720093,1282.0,1368.668918918919
industrial_changeover,1481,297,1,Order1,297,7.04e-05,0.04048186540603638,1337.0,1336.0,13.933358430862427,1.067582607269287,15.000941038131714,1230.0,1328.7070707070707
industrial_changeover,1482,297,2,Order2,297,7.038e-05,0.11481574177742004,1301.0,1213.0,13.497390270233154,1.0325920581817627,14.529982328414917,1173.0,1249.855218855219
industrial_changeover,1483,297,3,Order3,297,7.036e-05,0.00034555992169771343,1228.0,1169.0,14.141123533248901,1.0810346603393555,15.222158193588257,1169.0,1224.909090909091
industrial_changeover,1484,297,4,Order4,297,7.034000000000001e-05,-0.04081265069544315,1266.0,1264.0,13.160313129425049,1.0091159343719482,14.169429063796997,1237.0,1290.030303030303
industrial_changeover,1485,297,5,Order5,297,7.032e-05,-0.041999964974820614,1334.0,1336.0,15.562942028045654,1.1951005458831787,16.758042573928833,1282.0,1368.5589225589226
industrial_changeover,1486,298,1,Order1,298,7.030000000000001e-05,0.01644217874854803,1325.0,1336.0,13.57399034500122,1.0437896251678467,14.617779970169067,1230.0,1328.731543624161
industrial_changeover,1487,298,2,Order2,298,7.028e-05,0.006277360604144633,1210.0,1213.0,13.456520557403564,1.0177278518676758,14.47424840927124,1173.0,1249.731543624161
industrial_changeover,1488,298,3,Order3,298,7.026000000000001e-05,-0.04492144752293825,1169.0,1169.0,14.251903772354126,1.0837030410766602,15.335606813430786,1169.0,1224.721476510067
industrial_changeover,1489,298,4,Order4,298,7.024e-05,-0.016768731642514467,1272.0,1264.0,13.10791563987732,1.0175395011901855,14.125455141067505,1237.0,1289.9429530201342
industrial_changeover,1490,298,5,Order5,298,7.022e-05,0.004483225638978183,1335.0,1336.0,15.646119117736816,1.1916611194610596,16.837780237197876,1282.0,1368.4496644295302
industrial_changeover,1491,299,1,Order1,299,7.02e-05,0.06118292361497879,1330.0,1330.0,13.797384977340698,1.0609583854675293,14.858343362808228,1230.0,1328.7357859531774
industrial_changeover,1492,299,2,Order2,299,7.018e-05,0.046664027497172356,1240.0,1213.0,13.503226280212402,1.0188567638397217,14.522083044052124,1173.0,1249.608695652174
industrial_changeover,1493,299,3,Order3,299,7.016e-05,0.0645875334739685,1300.0,1169.0,14.152096509933472,1.0779409408569336,15.230037450790405,1169.0,1224.5351170568563
industrial_changeover,1494,299,4,Order4,299,7.014e-05,-0.05536829214543104,1264.0,1264.0,13.27709174156189,1.0085415840148926,14.285633325576782,1237.0,1289.85618729097
industrial_changeover,1495,299,5,Order5,299,7.012000000000001e-05,-0.0679516289383173,1338.0,1336.0,15.703409910202026,1.2191987037658691,16.922608613967896,1282.0,1368.3411371237457
industrial_changeover,1496,300,1,Order1,300,7.010000000000001e-05,0.004073085146956146,1340.0,1340.0,13.843308448791504,1.068260908126831,14.911569356918335,1230.0,1328.7733333333333
industrial_changeover,1497,300,2,Order2,300,7.008e-05,-0.014817008282989264,1209.0,1213.0,13.479748249053955,1.0347318649291992,14.514480113983154,1173.0,1249.4866666666667
industrial_changeover,1498,300,3,Order3,300,7.006e-05,-0.02785423118621111,1186.0,1169.0,14.43599796295166,1.1289501190185547,15.564948081970215,1169.0,1224.35
industrial_changeover,1499,300,4,Order4,300,7.004e-05,0.007731716381385922,1283.0,1264.0,13.138734340667725,1.026876449584961,14.165610790252686,1237.0,1289.77
industrial_changeover,1500,300,5,Order5,300,7.002e-05,0.01123273535631597,1334.0,1336.0,15.653377532958984,1.186258316040039,16.839635848999023,1282.0,1368.2333333333333
industrial_changeover,1501,301,1,Order1,301,7e-05,0.06781486049294472,1340.0,1247.0,13.688110113143921,1.0471506118774414,14.735260725021362,1230.0,1328.5016611295682
industrial_changeover,1502,301,2,Order2,301,6.998e-05,0.09957247227430344,1301.0,1210.0,13.468541145324707,1.0183424949645996,14.486883640289307,1173.0,1249.3554817275747
industrial_changeover,1503,301,3,Order3,301,6.996e-05,-0.04954003170132637,1196.0,1169.0,14.2569580078125,1.0901157855987549,15.347073793411255,1169.0,1224.1661129568106
industrial_changeover,1504,301,4,Order4,301,6.994000000000001e-05,-0.05600694287568331,1264.0,1264.0,13.229491472244263,1.0084545612335205,14.237946033477783,1237.0,1289.6843853820599
industrial_changeover,1505,301,5,Order5,301,6.992000000000001e-05,-0.0536097502335906,1320.0,1336.0,15.553030490875244,1.2009284496307373,16.75395894050598,1282.0,1368.126245847176
industrial_changeover,1506,302,1,Order1,302,6.99e-05,-0.037149655632674694,1241.0,1247.0,13.788399457931519,1.0539770126342773,14.842376470565796,1230.0,1328.23178807947
industrial_changeover,1507,302,2,Order2,302,6.988e-05,-0.0038135889917612076,1141.0,1210.0,13.482703924179077,1.0430762767791748,14.525780200958252,1173.0,1249.2251655629138
industrial_changeover,1508,302,3,Order3,302,6.986e-05,0.04037632420659065,1197.0,1169.0,14.280953168869019,1.0964367389678955,15.377389907836914,1169.0,1223.9834437086092
industrial_changeover,1509,302,4,Order4,302,6.984000000000001e-05,0.03880874253809452,1264.0,1264.0,13.122755765914917,1.000319242477417,14.123075008392334,1237.0,1289.5993377483444
industrial_changeover,1510,302,5,Order5,302,6.981999999999999e-05,0.022495162207633257,1334.0,1336.0,15.69979214668274,1.1922800540924072,16.892072200775146,1282.0,1368.0198675496688
industrial_changeover,1511,303,1,Order1,303,6.98e-05,0.06029375363141298,1330.0,1247.0,13.782402992248535,1.0577538013458252,14.84015679359436,1230.0,1327.9636963696369
industrial_changeover,1512,303,2,Order2,303,6.978e-05,0.07958693988621235,1298.0,1210.0,13.382547378540039,1.038670539855957,14.421217918395996,1173.0,1249.095709570957
industrial_changeover,1513,303,3,Order3,303,6.976000000000001e-05,-0.07523843459784985,1169.0,1169.0,14.336795330047607,1.0920114517211914,15.428806781768799,1169.0,1223.8019801980197
industrial_changeover,1514,303,4,Order4,303,6.974e-05,-0.0784674733877182,1246.0,1264.0,13.301445245742798,1.0045711994171143,14.306016445159912,1237.0,1289.5148514851485
industrial_changeover,1515,303,5,Order5,303,6.972e-05,-0.05663402285426855,1315.0,1336.0,15.629777193069458,1.1930968761444092,16.822874069213867,1282.0,1367.9141914191418
industrial_changeover,1516,304,1,Order1,304,6.970000000000001e-05,0.04485578555613756,1327.0,1247.0,13.692622661590576,1.0448994636535645,14.73752212524414,1230.0,1327.6973684210527
industrial_changeover,1517,304,2,Order2,304,6.968e-05,0.062206586822867393,1242.0,1210.0,13.288413524627686,1.0086512565612793,14.297064781188965,1173.0,1248.967105263158
industrial_changeover,1518,304,3,Order3,304,6.966000000000001e-05,0.017042456194758415,1208.0,1169.0,14.057473421096802,1.0702130794525146,15.127686500549316,1169.0,1223.6217105263158
industrial_changeover,1519,304,4,Order4,304,6.964e-05,-0.04244550783187151,1223.0,1264.0,13.145449161529541,0.9967668056488037,14.142215967178345,1237.0,1289.4309210526317
industrial_changeover,1520,304,5,Order5,304,6.962e-05,0.004048372386023402,1361.0,1339.0,15.763017177581787,1.189418077468872,16.95243525505066,1282.0,1367.8190789473683
industrial_changeover,1521,305,1,Order1,305,6.96e-05,0.043140036053955555,1327.0,1247.0,13.664506673812866,1.0475454330444336,14.7120521068573,1230.0,1327.4327868852458
industrial_changeover,1522,305,2,Order2,305,6.958e-05,0.006232746294699609,1210.0,1210.0,13.517930507659912,1.026184320449829,14.544114828109741,1173.0,1248.839344262295
industrial_changeover,1523,305,3,Order3,305,6.956e-05,0.01997532695531845,1242.0,1169.0,14.268948078155518,1.0791797637939453,15.348127841949463,1169.0,1223.4426229508197
industrial_changeover,1524,305,4,Order4,305,6.954e-05,-0.02927504852414131,1264.0,1264.0,13.139223098754883,1.006690502166748,14.14591360092163,1237.0,1289.3475409836065
industrial_changeover,1525,305,5,Order5,305,6.952000000000001e-05,-0.06387083232402802,1302.0,1339.0,15.686664342880249,1.2010304927825928,16.887694835662842,1282.0,1367.7245901639344
industrial_changeover,1526,306,1,Order1,306,6.950000000000001e-05,-0.02542409859597683,1233.0,1247.0,13.831910371780396,1.0562694072723389,14.888179779052734,1230.0,1327.1699346405228
industrial_changeover,1527,306,2,Order2,306,6.948e-05,0.03513859957456589,1208.0,1210.0,13.499637603759766,1.025573968887329,14.525211572647095,1173.0,1248.7124183006536
industrial_changeover,1528,306,3,Order3,306,6.946e-05,0.03987518697977066,1244.0,1169.0,14.155124187469482,1.0977296829223633,15.252853870391846,1169.0,1223.264705882353
industrial_changeover,1529,306,4,Order4,306,6.944e-05,0.012449601665139198,1272.0,1264.0,13.551249027252197,1.026484489440918,14.577733516693115,1237.0,1289.264705882353
industrial_changeover,1530,306,5,Order5,306,6.942e-05,0.002908606023993343,1335.0,1339.0,15.803042888641357,1.191422700881958,16.994465589523315,1282.0,1367.6307189542483
industrial_changeover,1531,307,1,Order1,307,6.939999999999999e-05,0.052707369439303875,1333.0,1247.0,13.83101749420166,1.0580050945281982,14.889022588729858,1230.0,1326.9087947882736
industrial_changeover,1532,307,2,Order2,307,6.938e-05,0.0063104861183092,1209.0,1210.0,13.341813087463379,1.0156173706054688,14.357430458068848,1173.0,1248.586319218241
industrial_changeover,1533,307,3,Order3,307,6.936e-05,0.024547248147428036,1298.0,1169.0,14.133904218673706,1.1048884391784668,15.238792657852173,1169.0,1223.0879478827362
industrial_changeover,1534,307,4,Order4,307,6.934000000000001e-05,-0.08586766757071018,1217.0,1264.0,13.206299066543579,1.01167631149292,14.217975378036499,1237.0,1289.1824104234527
industrial_changeover,1535,307,5,Order5,307,6.932000000000001e-05,-0.08712003566324711,1272.0,1338.0,15.593433856964111,1.2510170936584473,16.84445095062256,1282.0,1367.5342019543973
industrial_changeover,1536,308,1,Order1,308,6.93e-05,0.019866207148879766,1285.0,1247.0,13.700884342193604,1.1024763584136963,14.8033607006073,1230.0,1326.6493506493507
industrial_changeover,1537,308,2,Order2,308,6.928000000000001e-05,0.0008593763341195881,1174.0,1210.0,13.402464628219604,1.0714046955108643,14.473869323730469,1173.0,1248.4610389610389
industrial_changeover,1538,308,3,Order3,308,6.926e-05,0.045319290831685066,1214.0,1169.0,14.031874179840088,1.1534979343414307,15.185372114181519,1169.0,1222.9123376623377
industrial_changeover,1539,308,4,Order4,308,6.924000000000001e-05,0.02886038227006793,1231.0,1264.0,13.15098237991333,1.0235753059387207,14.17455768585205,1237.0,1289.1006493506493
industrial_changeover,1540,308,5,Order5,308,6.921999999999999e-05,0.014995996141806245,1320.0,1338.0,15.688239097595215,1.199730396270752,16.887969493865967,1282.0,1367.4383116883116
industrial_changeover,1541,309,1,Order1,309,6.92e-05,-0.01331119704991579,1247.0,1247.0,13.749567031860352,1.0525376796722412,14.802104711532593,1230.0,1326.3915857605177
industrial_changeover,1542,309,2,Order2,309,6.918e-05,-0.03866927698254585,1173.0,1210.0,13.296377420425415,0.9825410842895508,14.278918504714966,1173.0,1248.336569579288
industrial_changeover,1543,309,3,Order3,309,6.916000000000001e-05,0.005053571425378323,1214.0,1169.0,14.194521427154541,1.0830695629119873,15.277590990066528,1169.0,1222.7378640776699
industrial_changeover,1544,309,4,Order4,309,6.914e-05,-0.0012881361762993038,1233.0,1264.0,13.320189952850342,1.009479284286499,14.32966923713684,1237.0,1289.0194174757282
industrial_changeover,1545,309,5,Order5,309,6.912e-05,0.015569980954751372,1319.0,1338.0,15.858798265457153,1.2066149711608887,17.065413236618042,1282.0,1367.3430420711975
industrial_changeover,1546,310,1,Order1,310,6.910000000000001e-05,0.035309234634041786,1263.0,1247.0,13.702470302581787,1.062528133392334,14.764998435974121,1230.0,1326.1354838709678
industrial_changeover,1547,310,2,Order2,310,6.908000000000001e-05,0.13764476031064987,1298.0,1210.0,13.415746927261353,1.0248034000396729,14.440550327301025,1173.0,1248.2129032258065
industrial_changeover,1548,310,3,Order3,310,6.906e-05,-0.01115382183343172,1242.0,1169.0,14.179891347885132,1.0824179649353027,15.262309312820435,1169.0,1222.5645161290322
industrial_changeover,1549,310,4,Order4,310,6.904e-05,-0.09063425846397877,1239.0,1264.0,13.091089963912964,1.0088722705841064,14.09996223449707,1237.0,1288.9387096774194
industrial_changeover,1550,310,5,Order5,310,6.902e-05,-0.059346417896449566,1339.0,1361.0,15.655733346939087,1.203284740447998,16.859018087387085,1282.0,1367.3225806451612
industrial_changeover,1551,311,1,Order1,311,6.9e-05,0.008412479655817151,1325.0,1247.0,13.78228235244751,1.0832922458648682,14.865574598312378,1230.0,1325.8810289389069
industrial_changeover,1552,311,2,Order2,311,6.898e-05,0.0006208771228557453,1209.0,1210.0,13.3274564743042,1.0816209316253662,14.409077405929565,1173.0,1248.0900321543409
industrial_changeover,1553,311,3,Order3,311,6.896e-05,0.0515449782833457,1278.0,1169.0,14.25529408454895,1.0831353664398193,15.33842945098877,1169.0,1222.3922829581993
industrial_changeover,1554,311,4,Order4,311,6.894e-05,-0.007107103010639548,1261.0,1264.0,13.244121789932251,1.0166015625,14.260723352432251,1237.0,1288.8585209003215
industrial_changeover,1555,311,5,Order5,311,6.892000000000001e-05,-0.0211810152977705,1335.0,1361.0,15.717978239059448,1.1922752857208252,16.910253524780273,1282.0,1367.3022508038584
industrial_changeover,1556,312,1,Order1,312,6.890000000000001e-05,-0.052167657762765884,1220.0,1247.0,13.684750318527222,1.0559639930725098,14.740714311599731,1230.0,1325.628205128205
industrial_changeover,1557,312,2,Order2,312,6.888e-05,0.0178656205534935,1209.0,1210.0,13.472594499588013,1.027571201324463,14.500165700912476,1173.0,1247.9679487179487
industrial_changeover,1558,312,3,Order3,312,6.886e-05,-0.03249241132289171,1169.0,1169.0,14.218758344650269,1.0803916454315186,15.299149990081787,1169.0,1222.2211538461538
industrial_changeover,1559,312,4,Order4,312,6.884e-05,0.0022791759693063796,1225.0,1264.0,13.214003801345825,1.0207865238189697,14.234790325164795,1237.0,1288.7788461538462
industrial_changeover,1560,312,5,Order5,312,6.882e-05,0.04699412174522877,1359.0,1338.0,15.592088460922241,1.1995823383331299,16.79167079925537,1282.0,1367.2083333333333
industrial_changeover,1561,313,1,Order1,313,6.879999999999999e-05,0.05397634021937847,1278.0,1247.0,13.803159475326538,1.0568392276763916,14.85999870300293,1230.0,1325.3769968051117
industrial_changeover,1562,313,2,Order2,313,6.878e-05,0.039683825336396694,1212.0,1210.0,13.456912279129028,1.0179858207702637,14.474898099899292,1173.0,1247.846645367412
industrial_changeover,1563,313,3,Order3,313,6.876e-05,-0.01666385168209672,1213.0,1169.0,14.022449970245361,1.0716209411621094,15.09407091140747,1169.0,1222.0511182108626
industrial_changeover,1564,313,4,Order4,313,6.874000000000001e-05,-0.031530278734862804,1266.0,1264.0,13.169636726379395,1.0063395500183105,14.175976276397705,1237.0,1288.6996805111821
industrial_changeover,1565,313,5,Order5,313,6.872e-05,-0.03219204302877188,1335.0,1338.0,15.621655225753784,1.1867892742156982,16.808444499969482,1282.0,1367.115015974441
industrial_changeover,1566,314,1,Order1,314,6.87e-05,-0.021766032092273235,1241.0,1247.0,13.824203968048096,1.1081805229187012,14.932384490966797,1230.0,1325.1273885350317
industrial_changeover,1567,314,2,Order2,314,6.868000000000001e-05,-0.029496445786207914,1177.0,1210.0,13.335184812545776,1.0656912326812744,14.40087604522705,1173.0,1247.7261146496814
industrial_changeover,1568,314,3,Order3,314,6.866e-05,0.06774036027491093,1265.0,1169.0,14.246122360229492,1.0787348747253418,15.324857234954834,1169.0,1221.8821656050955
industrial_changeover,1569,314,4,Order4,314,6.864000000000001e-05,0.016240729484707117,1246.0,1264.0,13.224492311477661,1.0092754364013672,14.233767747879028,1237.0,1288.6210191082803
industrial_changeover,1570,314,5,Order5,314,6.861999999999999e-05,0.006272763013839722,1335.0,1339.0,15.701856851577759,1.1926863193511963,16.894543170928955,1282.0,1367.0254777070063
industrial_changeover,1571,315,1,Order1,315,6.86e-05,-0.014904819894582033,1247.0,1247.0,13.723060846328735,1.053145170211792,14.776206016540527,1230.0,1324.879365079365
industrial_changeover,1572,315,2,Order2,315,6.858e-05,-0.021961109712719917,1184.0,1210.0,13.4191734790802,1.0300588607788086,14.449232339859009,1173.0,1247.6063492063493
industrial_changeover,1573,315,3,Order3,315,6.856000000000001e-05,0.03438194375485182,1242.0,1169.0,14.299164772033691,1.0868141651153564,15.385978937149048,1169.0,1221.7142857142858
industrial_changeover,1574,315,4,Order4,315,6.854e-05,-0.010844087926670909,1233.0,1264.0,13.154720783233643,1.0153610706329346,14.170081853866577,1237.0,1288.5428571428572
industrial_changeover,1575,315,5,Order5,315,6.852e-05,0.01805217145010829,1361.0,1338.0,15.730743169784546,1.1958775520324707,16.926620721817017,1282.0,1366.9333333333334
industrial_changeover,1576,316,1,Order1,316,6.850000000000001e-05,-0.023603650741279125,1220.0,1336.0,13.925420999526978,1.0628783702850342,14.988299369812012,1230.0,1324.9145569620252
industrial_changeover,1577,316,2,Order2,316,6.848000000000001e-05,0.030663668178021908,1209.0,1210.0,13.656038045883179,1.0369303226470947,14.692968368530273,1173.0,1247.487341772152
industrial_changeover,1578,316,3,Order3,316,6.846e-05,-0.008641439722850919,1228.0,1169.0,14.078568458557129,1.07334566116333,15.151914119720459,1169.0,1221.5474683544303
industrial_changeover,1579,316,4,Order4,316,6.844e-05,0.006849620025604963,1264.0,1264.0,13.219790697097778,1.0121967792510986,14.231987476348877,1237.0,1288.4651898734178
industrial_changeover,1580,316,5,Order5,316,6.842e-05,0.0015888526977505535,1335.0,1338.0,15.657026290893555,1.1928865909576416,16.849912881851196,1282.0,1366.8417721518988
industrial_changeover,1581,317,1,Order1,317,6.84e-05,0.005728637333959341,1275.0,1336.0,13.584876775741577,1.0510716438293457,14.635948419570923,1230.0,1324.94952681388
industrial_changeover,1582,317,2,Order2,317,6.838e-05,0.019717576913535595,1209.0,1210.0,13.435471773147583,1.0181326866149902,14.453604459762573,1173.0,1247.3690851735016
industrial_changeover,1583,317,3,Order3,317,6.836e-05,-0.019612925127148628,1213.0,1169.0,14.163156986236572,1.0789573192596436,15.242114305496216,1169.0,1221.3817034700317
industrial_changeover,1584,317,4,Order4,317,6.834e-05,-0.009077528491616249,1261.0,1264.0,13.165188074111938,1.0056443214416504,14.170832395553589,1237.0,1288.3880126182964
industrial_changeover,1585,317,5,Order5,317,6.832000000000001e-05,0.006792219704948366,1361.0,1338.0,15.681405782699585,1.198653221130371,16.880059003829956,1282.0,1366.750788643533
industrial_changeover,1586,318,1,Order1,318,6.83e-05,0.04593285359442234,1330.0,1336.0,13.665762186050415,1.0588912963867188,14.724653482437134,1230.0,1324.9842767295597
industrial_changeover,1587,318,2,Order2,318,6.828000000000002e-05,-0.050566128455102444,1144.0,1210.0,13.415754795074463,1.0187833309173584,14.434538125991821,1173.0,1247.251572327044
industrial_changeover,1588,318,3,Order3,318,6.826e-05,-0.03194896876811981,1196.0,1169.0,14.14211130142212,1.0868556499481201,15.22896695137024,1169.0,1221.2169811320755
industrial_changeover,1589,318,4,Order4,318,6.824e-05,0.005435664323158562,1253.0,1264.0,13.209674596786499,1.0001840591430664,14.209858655929565,1237.0,1288.311320754717
industrial_changeover,1590,318,5,Order5,318,6.822e-05,0.024625428020954132,1350.0,1335.0,15.69884467124939,1.2712621688842773,16.970106840133667,1282.0,1366.6509433962265
industrial_changeover,1591,319,1,Order1,319,6.819999999999999e-05,0.06654364056885242,1327.0,1336.0,13.818455696105957,1.1122376918792725,14.93069338798523,1230.0,1325.0188087774295
industrial_changeover,1592,319,2,Order2,319,6.818e-05,0.017486604396253824,1209.0,1210.0,13.57300329208374,1.0786077976226807,14.651611089706421,1173.0,1247.1347962382445
industrial_changeover,1593,319,3,Order3,319,6.816e-05,0.0005589381471509114,1235.0,1169.0,14.218267440795898,1.158289909362793,15.376557350158691,1169.0,1221.0532915360502
industrial_changeover,1594,319,4,Order4,319,6.814000000000001e-05,-0.047779506072402,1264.0,1264.0,13.14547085762024,1.034043788909912,14.179514646530151,1237.0,1288.2351097178682
industrial_changeover,1595,319,5,Order5,319,6.812e-05,-0.03613516595214605,1334.0,1336.0,15.659876346588135,1.1991899013519287,16.859066247940063,1282.0,1366.5548589341693
industrial_changeover,1596,320,1,Order1,320,6.81e-05,0.03173548635095358,1327.0,1336.0,13.758590698242188,1.0546882152557373,14.813278913497925,1230.0,1325.053125
industrial_changeover,1597,320,2,Order2,320,6.808000000000001e-05,0.01988468738272786,1213.0,1210.0,13.298420667648315,1.0489232540130615,14.347343921661377,1173.0,1247.01875
industrial_changeover,1598,320,3,Order3,320,6.806e-05,0.04593151528388262,1293.0,1169.0,14.147150754928589,1.082214593887329,15.229365348815918,1169.0,1220.890625
industrial_changeover,1599,320,4,Order4,320,6.804e-05,-0.008511382853612304,1289.0,1264.0,13.203241348266602,1.0083389282226562,14.211580276489258,1237.0,1288.159375
industrial_changeover,1600,320,5,Order5,320,6.802e-05,-0.027800978161394596,1370.0,1335.0,15.619678974151611,1.198894739151001,16.818573713302612,1282.0,1366.45625
industrial_changeover,1601,321,1,Order1,321,6.8e-05,-0.025784613098949194,1291.0,1336.0,13.815700054168701,1.0577802658081055,14.873480319976807,1230.0,1325.0872274143303
industrial_changeover,1602,321,2,Order2,321,6.798e-05,-0.007600761950016022,1209.0,1210.0,13.470504760742188,1.0143277645111084,14.484832525253296,1173.0,1246.9034267912773
industrial_changeover,1603,321,3,Order3,321,6.796e-05,0.035279485397040844,1281.0,1169.0,14.146697759628296,1.0977046489715576,15.244402408599854,1169.0,1220.728971962617
industrial_changeover,1604,321,4,Order4,321,6.794e-05,0.012541060568764806,1297.0,1264.0,13.118842124938965,1.0080230236053467,14.126865148544312,1237.0,1288.0841121495328
industrial_changeover,1605,321,5,Order5,321,6.792e-05,-0.004355722572654486,1374.0,1335.0,15.665595769882202,1.1971092224121094,16.86270499229431,1282.0,1366.3582554517134
industrial_changeover,1606,322,1,Order1,322,6.790000000000001e-05,-0.021961938124150038,1285.0,1336.0,13.790965557098389,1.0584704875946045,14.849436044692993,1230.0,1325.1211180124224
industrial_changeover,1607,322,2,Order2,322,6.788000000000001e-05,-0.01541231945157051,1212.0,1210.0,13.423533201217651,1.0320112705230713,14.455544471740723,1173.0,1246.7888198757764
industrial_changeover,1608,322,3,Order3,322,6.786e-05,-0.04579276032745838,1195.0,1169.0,14.414745569229126,1.1055488586425781,15.520294427871704,1169.0,1220.5683229813665
industrial_changeover,1609,322,4,Order4,322,6.784e-05,0.014110498828813434,1264.0,1264.0,13.322634220123291,1.005147933959961,14.327782154083252,1237.0,1288.0093167701864
industrial_changeover,1610,322,5,Order5,322,6.782000000000001e-05,0.04584208782762289,1383.0,1335.0,15.526853322982788,1.246488332748413,16.7733416557312,1282.0,1366.2608695652175
industrial_changeover,1611,323,1,Order1,323,6.78e-05,0.05545835755765438,1348.0,1336.0,13.710388898849487,1.074517011642456,14.784905910491943,1230.0,1325.15479876161
industrial_changeover,1612,323,2,Order2,323,6.778e-05,-0.0013162369432393461,1212.0,1210.0,13.376802921295166,1.0919368267059326,14.468739748001099,1173.0,1246.674922600619
industrial_changeover,1613,323,3,Order3,323,6.776e-05,-0.05542351212352514,1186.0,1169.0,14.095949649810791,1.146007776260376,15.241957426071167,1169.0,1220.40866873065
industrial_changeover,1614,323,4,Order4,323,6.774e-05,-0.03346459288150072,1264.0,1264.0,13.04587197303772,1.034580945968628,14.080452919006348,1237.0,1287.9349845201239
industrial_changeover,1615,323,5,Order5,323,6.772000000000001e-05,-0.0017487184959463775,1362.0,1336.0,15.625348091125488,1.1839590072631836,16.809307098388672,1282.0,1366.1671826625386
industrial_changeover,1616,324,1,Order1,324,6.77e-05,0.018489842768758535,1291.0,1247.0,13.792970895767212,1.0466840267181396,14.839654922485352,1230.0,1324.9135802469136
industrial_changeover,1617,324,2,Order2,324,6.768000000000002e-05,0.026858938857913017,1209.0,1210.0,13.372048377990723,1.0531470775604248,14.425195455551147,1173.0,1246.5617283950617
industrial_changeover,1618,324,3,Order3,324,6.766e-05,0.010116539895534515,1213.0,1169.0,14.191218614578247,1.0864558219909668,15.277674436569214,1169.0,1220.25
industrial_changeover,1619,324,4,Order4,324,6.764000000000001e-05,-0.01179562765173614,1264.0,1264.0,13.20662260055542,1.070387363433838,14.277009963989258,1237.0,1287.861111111111
industrial_changeover,1620,324,5,Order5,324,6.762e-05,-0.014241094700992107,1338.0,1336.0,15.707024574279785,1.202728033065796,16.90975260734558,1282.0,1366.0740740740741
industrial_changeover,1621,325,1,Order1,325,6.76e-05,-0.0274763866327703,1247.0,1247.0,13.691967964172363,1.0426585674285889,14.734626531600952,1230.0,1324.6738461538462
industrial_changeover,1622,325,2,Order2,325,6.758e-05,0.020539000630378723,1209.0,1210.0,13.50979471206665,1.023153305053711,14.532948017120361,1173.0,1246.4492307692308
industrial_changeover,1623,325,3,Order3,325,6.756e-05,-0.02058017672970891,1169.0,1169.0,14.276622533798218,1.092677116394043,15.36929965019226,1169.0,1220.0923076923077
industrial_changeover,1624,325,4,Order4,325,6.754000000000001e-05,0.012524691876024008,1264.0,1264.0,13.209949493408203,1.0214927196502686,14.231442213058472,1237.0,1287.7876923076924
industrial_changeover,1625,325,5,Order5,325,6.752e-05,0.02376162027940154,1358.0,1336.0,15.733867168426514,1.2365028858184814,16.970370054244995,1282.0,1365.9815384615385
industrial_changeover,1626,326,1,Order1,326,6.750000000000001e-05,0.010003853356465697,1264.0,1247.0,13.770963668823242,1.0463061332702637,14.817269802093506,1230.0,1324.435582822086
industrial_changeover,1627,326,2,Order2,326,6.748000000000001e-05,0.052760859951376915,1254.0,1210.0,13.50636911392212,1.018097162246704,14.524466276168823,1173.0,1246.3374233128834
industrial_changeover,1628,326,3,Order3,326,6.746e-05,-0.03745555691421032,1169.0,1169.0,14.043954849243164,1.079840898513794,15.123795747756958,1169.0,1219.935582822086
industrial_changeover,1629,326,4,Order4,326,6.744e-05,-0.022546309512108564,1266.0,1264.0,13.174667119979858,1.0031938552856445,14.177860975265503,1237.0,1287.7147239263804
industrial_changeover,1630,326,5,Order5,326,6.742e-05,-0.01524300454184413,1335.0,1336.0,15.559600830078125,1.19437575340271,16.753976583480835,1282.0,1365.8895705521472
industrial_changeover,1631,327,1,Order1,327,6.74e-05,0.046444159001111984,1325.0,1247.0,13.81690263748169,1.0497925281524658,14.866695165634155,1230.0,1324.1987767584098
industrial_changeover,1632,327,2,Order2,327,6.738e-05,0.04340964928269386,1241.0,1210.0,13.342652082443237,1.033461332321167,14.376113414764404,1173.0,1246.2262996941895
industrial_changeover,1633,327,3,Order3,327,6.736e-05,-0.01602463750168681,1196.0,1169.0,14.245369672775269,1.0928363800048828,15.338206052780151,1169.0,1219.7798165137615
industrial_changeover,1634,327,4,Order4,327,6.734e-05,-0.05371830426156521,1243.0,1264.0,13.16497254371643,1.001591444015503,14.166563987731934,1237.0,1287.6422018348624
industrial_changeover,1635,327,5,Order5,327,6.732e-05,-0.029281226452440023,1335.0,1339.0,15.750404357910156,1.1975629329681396,16.947967290878296,1282.0,1365.8073394495414
industrial_changeover,1636,328,1,Order1,328,6.730000000000001e-05,-0.0011033069458790123,1264.0,1247.0,13.667003870010376,1.0487513542175293,14.715755224227905,1230.0,1323.9634146341464
industrial_changeover,1637,328,2,Order2,328,6.728e-05,0.04404354281723499,1209.0,1210.0,13.452450513839722,1.027421474456787,14.479871988296509,1173.0,1246.1158536585365
industrial_changeover,1638,328,3,Order3,328,6.726e-05,-0.01004969235509634,1169.0,1169.0,14.291721820831299,1.0784671306610107,15.37018895149231,1169.0,1219.625
industrial_changeover,1639,328,4,Order4,328,6.724e-05,0.002438221243210137,1272.0,1264.0,13.193466424942017,1.0057997703552246,14.199266195297241,1237.0,1287.5701219512196
industrial_changeover,1640,328,5,Order5,328,6.722000000000001e-05,0.003242300357669592,1339.0,1339.0,15.83466386795044,1.2027146816253662,17.037378549575806,1282.0,1365.7256097560976
industrial_changeover,1641,329,1,Order1,329,6.72e-05,0.05318084545433521,1325.0,1247.0,13.670490026473999,1.0572361946105957,14.727726221084595,1230.0,1323.7294832826747
industrial_changeover,1642,329,2,Order2,329,6.718e-05,-0.0052592395804822445,1210.0,1210.0,13.433423280715942,1.0201539993286133,14.453577280044556,1173.0,1246.0060790273556
industrial_changeover,1643,329,3,Order3,329,6.716e-05,-0.04019424691796303,1169.0,1169.0,14.07191252708435,1.081033706665039,15.15294623374939,1169.0,1219.471124620061
industrial_changeover,1644,329,4,Order4,329,6.714e-05,-0.020518482197076082,1264.0,1264.0,13.151611089706421,1.0078895092010498,14.15950059890747,1237.0,1287.498480243161
industrial_changeover,1645,329,5,Order5,329,6.712000000000001e-05,-0.048160793259739876,1304.0,1339.0,15.662123680114746,1.1961994171142578,16.858323097229004,1282.0,1365.644376899696
industrial_changeover,1646,330,1,Order1,330,6.71e-05,-0.003495426382869482,1241.0,1247.0,13.692728996276855,1.0778656005859375,14.770594596862793,1230.0,1323.4969696969697
industrial_changeover,1647,330,2,Order2,330,6.708000000000002e-05,0.05392650980502367,1208.0,1210.0,13.360180854797363,1.0530588626861572,14.41323971748352,1173.0,1245.8969696969698
industrial_changeover,1648,330,3,Order3,330,6.706e-05,0.026385406497865915,1169.0,1169.0,14.435977935791016,1.0904912948608398,15.526469230651855,1169.0,1219.3181818181818
industrial_changeover,1649,330,4,Order4,330,6.704000000000001e-05,0.015168374637141824,1262.0,1264.0,13.297621250152588,1.017040491104126,14.314661741256714,1237.0,1287.4272727272728
industrial_changeover,1650,330,5,Order5,330,6.702e-05,0.01577645167708397,1361.0,1336.0,15.667972564697266,1.2044813632965088,16.872453927993774,1282.0,1365.5545454545454
industrial_changeover,1651,331,1,Order1,331,6.7e-05,-0.023940640036016703,1247.0,1241.0,13.773588418960571,1.0619666576385498,14.835555076599121,1230.0,1323.2477341389729
industrial_changeover,1652,331,2,Order2,331,6.698e-05,0.00545066490303725,1209.0,1210.0,13.535210609436035,1.0271906852722168,14.562401294708252,1173.0,1245.7885196374623
industrial_changeover,1653,331,3,Order3,331,6.696e-05,-0.019157123751938343,1175.0,1169.0,14.255926609039307,1.0915656089782715,15.347492218017578,1169.0,1219.166163141994
industrial_changeover,1654,331,4,Order4,331,6.694e-05,-0.0077425173949450254,1275.0,1264.0,13.20564317703247,1.0088670253753662,14.214510202407837,1237.0,1287.356495468278
industrial_changeover,1655,331,5,Order5,331,6.692e-05,0.0006399700796464458,1339.0,1336.0,15.78891110420227,1.2260863780975342,17.014997482299805,1282.0,1365.4652567975832
industrial_changeover,1656,332,1,Order1,332,6.690000000000001e-05,-0.008493467699736357,1247.0,1241.0,13.994696855545044,1.0901644229888916,15.084861278533936,1230.0,1323.0
industrial_changeover,1657,332,2,Order2,332,6.688000000000001e-05,0.030818443279713392,1207.0,1210.0,13.331602811813354,1.029829740524292,14.361432552337646,1173.0,1245.6807228915663
industrial_changeover,1658,332,3,Order3,332,6.686000000000001e-05,0.03583457972854376,1213.0,1169.0,14.149827480316162,1.0920264720916748,15.241853952407837,1169.0,1219.0150602409637
industrial_changeover,1659,332,4,Order4,332,6.684e-05,-0.017389356158673763,1268.0,1264.0,13.146679162979126,1.0174660682678223,14.164145231246948,1237.0,1287.2861445783133
industrial_changeover,1660,332,5,Order5,332,6.682e-05,-0.02499417820945382,1339.0,1336.0,15.710270166397095,1.2030065059661865,16.91327667236328,1282.0,1365.3765060240964
industrial_changeover,1661,333,1,Order1,333,6.68e-05,0.0364238852635026,1337.0,1241.0,13.650553703308105,1.048750638961792,14.699304342269897,1230.0,1322.7537537537537
industrial_changeover,1662,333,2,Order2,333,6.678e-05,0.07443885318934917,1300.0,1210.0,13.479461431503296,1.026963472366333,14.506424903869629,1173.0,1245.5735735735736
industrial_changeover,1663,333,3,Order3,333,6.676e-05,-0.019955316092818975,1228.0,1169.0,14.238493919372559,1.0796997547149658,15.318193674087524,1169.0,1218.8648648648648
industrial_changeover,1664,333,4,Order4,333,6.674e-05,-0.053974783048033714,1266.0,1264.0,13.246154308319092,1.016023874282837,14.262178182601929,1237.0,1287.2162162162163
industrial_changeover,1665,333,5,Order5,333,6.672e-05,-0.008255194872617722,1418.0,1336.0,15.57002568244934,1.1927709579467773,16.762796640396118,1282.0,1365.2882882882882
industrial_changeover,1666,334,1,Order1,334,6.670000000000001e-05,-0.013351129600778222,1291.0,1241.0,13.73114275932312,1.0570147037506104,14.78815746307373,1230.0,1322.508982035928
industrial_changeover,1667,334,2,Order2,334,6.668e-05,0.07544026151299477,1301.0,1213.0,13.510431289672852,1.0310046672821045,14.541435956954956,1173.0,1245.4760479041915
industrial_changeover,1668,334,3,Order3,334,6.666000000000002e-05,-0.02465509995818138,1196.0,1169.0,14.145635843276978,1.0895359516143799,15.235171794891357,1169.0,1218.7155688622754
industrial_changeover,1669,334,4,Order4,334,6.664e-05,-0.03606477566063404,1266.0,1264.0,13.249948263168335,1.015357494354248,14.265305757522583,1237.0,1287.1467065868264
industrial_changeover,1670,334,5,Order5,334,6.662000000000001e-05,-0.0496747987344861,1318.0,1336.0,15.77455997467041,1.1977109909057617,16.972270965576172,1282.0,1365.2005988023952
industrial_changeover,1671,335,1,Order1,335,6.659999999999999e-05,0.051471187733113766,1328.0,1241.0,13.937957286834717,1.0568625926971436,14.99481987953186,1230.0,1322.265671641791
industrial_changeover,1672,335,2,Order2,335,6.658e-05,0.08824998326599598,1289.0,1213.0,13.525505065917969,1.0343430042266846,14.559848070144653,1173.0,1245.379104477612
industrial_changeover,1673,335,3,Order3,335,6.656e-05,-2.1359010133892298e-06,1235.0,1169.0,14.213728189468384,1.08339524269104,15.297123432159424,1169.0,1218.5671641791046
industrial_changeover,1674,335,4,Order4,335,6.654e-05,-0.06944923661649227,1225.0,1264.0,13.193704843521118,0.9998197555541992,14.193524599075317,1237.0,1287.0776119402985
industrial_changeover,1675,335,5,Order5,335,6.652000000000001e-05,-0.050483712926506996,1336.0,1336.0,15.58633017539978,1.1887600421905518,16.775090217590332,1282.0,1365.113432835821
industrial_changeover,1676,336,1,Order1,336,6.65e-05,0.01979718543589115,1275.0,1241.0,13.582300424575806,1.0457167625427246,14.62801718711853,1230.0,1322.0238095238096
industrial_changeover,1677,336,2,Order2,336,6.648000000000001e-05,0.0801027249544859,1289.0,1213.0,13.466180324554443,1.0278394222259521,14.494019746780396,1173.0,1245.282738095238
industrial_changeover,1678,336,3,Order3,336,6.646000000000001e-05,0.014762944541871548,1245.0,1169.0,14.195528984069824,1.091820240020752,15.287349224090576,1169.0,1218.419642857143
industrial_changeover,1679,336,4,Order4,336,6.644000000000001e-05,-0.01836348045617342,1272.0,1264.0,13.111931324005127,1.0058095455169678,14.117740869522095,1237.0,1287.0089285714287
industrial_changeover,1680,336,5,Order5,336,6.642e-05,-0.04298176430165768,1339.0,1336.0,15.71443223953247,1.1980726718902588,16.91250491142273,1282.0,1365.0267857142858
industrial_changeover,1681,337,1,Order1,337,6.64e-05,-0.05223884806036949,1220.0,1241.0,13.745263814926147,1.0444774627685547,14.789741277694702,1230.0,1321.7833827893176
industrial_changeover,1682,337,2,Order2,337,6.638e-05,0.08057601749897003,1288.0,1213.0,13.4583899974823,1.025475025177002,14.483865022659302,1173.0,1245.186943620178
industrial_changeover,1683,337,3,Order3,337,6.636e-05,-0.01130786957219243,1180.0,1169.0,14.116874694824219,1.0834226608276367,15.200297355651855,1169.0,1218.272997032641
industrial_changeover,1684,337,4,Order4,337,6.634e-05,-0.009684154763817787,1239.0,1239.0,13.258777141571045,1.0168557167053223,14.275632858276367,1237.0,1286.86646884273
industrial_changeover,1685,337,5,Order5,337,6.632e-05,-0.019982479978352785,1336.0,1336.0,15.735642194747925,1.211162805557251,16.946805000305176,1282.0,1364.940652818991
industrial_changeover,1686,338,1,Order1,338,6.630000000000001e-05,0.02572498843073845,1285.0,1241.0,13.791933298110962,1.0635757446289062,14.855509042739868,1230.0,1321.5443786982248
industrial_changeover,1687,338,2,Order2,338,6.628000000000001e-05,-0.012671582167968154,1195.0,1213.0,13.543748378753662,1.0359301567077637,14.579678535461426,1173.0,1245.0917159763314
industrial_changeover,1688,338,3,Order3,338,6.626e-05,0.089737419039011,1300.0,1169.0,14.412451982498169,1.0845236778259277,15.496975660324097,1169.0,1218.1272189349113
industrial_changeover,1689,338,4,Order4,338,6.624e-05,-0.0035800248151645064,1266.0,1264.0,13.219526290893555,1.0034236907958984,14.222949981689453,1237.0,1286.7988165680474
industrial_changeover,1690,338,5,Order5,338,6.622e-05,-0.011908395448699594,1420.0,1336.0,15.613171339035034,1.1928963661193848,16.80606770515442,1282.0,1364.8550295857988
industrial_changeover,1691,339,1,Order1,339,6.62e-05,-0.0782515536993742,1220.0,1330.0,13.740545511245728,1.0460875034332275,14.786633014678955,1230.0,1321.5693215339234
industrial_changeover,1692,339,2,Order2,339,6.617999999999999e-05,-0.030328633729368448,1208.0,1213.0,13.383873224258423,1.0226922035217285,14.406565427780151,1173.0,1244.9970501474927
industrial_changeover,1693,339,3,Order3,339,6.616e-05,-0.03624792769551277,1175.0,1169.0,14.156733751296997,1.0879831314086914,15.244716882705688,1169.0,1217.9823008849557
industrial_changeover,1694,339,4,Order4,339,6.614e-05,0.0769263356924057,1275.0,1264.0,13.118849277496338,1.0223512649536133,14.141200542449951,1237.0,1286.731563421829
industrial_changeover,1695,339,5,Order5,339,6.612000000000001e-05,0.052331797778606415,1358.0,1336.0,15.744439125061035,1.2055206298828125,16.949959754943848,1282.0,1364.7699115044247
industrial_changeover,1696,340,1,Order1,340,6.610000000000001e-05,0.06404400989413261,1280.0,1330.0,13.840278148651123,1.0426678657531738,14.882946014404297,1230.0,1321.5941176470587
industrial_changeover,1697,340,2,Order2,340,6.608e-05,0.00225462339585647,1213.0,1213.0,13.3844313621521,1.0317621231079102,14.41619348526001,1173.0,1244.9029411764707
industrial_changeover,1698,340,3,Order3,340,6.606000000000001e-05,-0.047920617274940014,1184.0,1169.0,14.278295755386353,1.092627763748169,15.370923519134521,1169.0,1217.8382352941176
industrial_changeover,1699,340,4,Order4,340,6.604e-05,-0.04579471796751022,1237.0,1264.0,13.229530811309814,1.0059864521026611,14.235517263412476,1237.0,1286.664705882353
industrial_changeover,1700,340,5,Order5,340,6.602000000000001e-05,-0.012136920588091016,1355.0,1336.0,15.716592073440552,1.209136724472046,16.925728797912598,1282.0,1364.6852941176471
industrial_changeover,1701,341,1,Order1,341,6.599999999999999e-05,0.029560314491391182,1275.0,1330.0,13.644242525100708,1.0514111518859863,14.695653676986694,1230.0,1321.6187683284456
industrial_changeover,1702,341,2,Order2,341,6.598e-05,0.021790744736790657,1213.0,1213.0,13.541329383850098,1.0365610122680664,14.577890396118164,1173.0,1244.8093841642228
industrial_changeover,1703,341,3,Order3,341,6.596e-05,0.10294844768941402,1300.0,1169.0,14.397918462753296,1.0943756103515625,15.492294073104858,1169.0,1217.6950146627566
industrial_changeover,1704,341,4,Order4,341,6.594e-05,-0.03753287252038717,1237.0,1264.0,13.333154201507568,1.007756233215332,14.3409104347229,1237.0,1286.5982404692081
industrial_changeover,1705,341,5,Order5,341,6.592e-05,-0.05380806978791952,1334.0,1336.0,15.548623323440552,1.184570550918579,16.73319387435913,1282.0,1364.6011730205278
industrial_changeover,1706,342,1,Order1,342,6.59e-05,0.018868007697165012,1325.0,1333.0,13.686282634735107,1.0378949642181396,14.724177598953247,1230.0,1321.6520467836258
industrial_changeover,1707,342,2,Order2,342,6.588000000000001e-05,-0.01710968930274248,1204.0,1213.0,13.546477556228638,1.0165729522705078,14.563050508499146,1173.0,1244.7163742690059
industrial_changeover,1708,342,3,Order3,342,6.586000000000001e-05,0.049222744069993496,1300.0,1169.0,14.120904207229614,1.0838654041290283,15.204769611358643,1169.0,1217.5526315789473
industrial_changeover,1709,342,4,Order4,342,6.584e-05,-0.007932160748168826,1262.0,1264.0,13.28226113319397,1.0104572772979736,14.292718410491943,1237.0,1286.53216374269
industrial_changeover,1710,342,5,Order5,342,6.582e-05,-0.041920674964785576,1338.0,1335.0,15.691972017288208,1.1348662376403809,16.82683825492859,1282.0,1364.514619883041
industrial_changeover,1711,343,1,Order1,343,6.58e-05,0.013455623993650079,1307.0,1333.0,13.833515882492065,1.060401439666748,14.893917322158813,1230.0,1321.6851311953353
industrial_changeover,1712,343,2,Order2,343,6.578e-05,0.06486274674534798,1297.0,1213.0,13.351710081100464,1.0194573402404785,14.371167421340942,1173.0,1244.6239067055394
industrial_changeover,1713,343,3,Order3,343,6.576e-05,-0.08108203299343586,1169.0,1169.0,14.255450963973999,1.0702252388000488,15.325676202774048,1169.0,1217.4110787172012
industrial_changeover,1714,343,4,Order4,343,6.574e-05,-0.01946483040228486,1235.0,1264.0,13.241394758224487,1.0182380676269531,14.25963282585144,1237.0,1286.466472303207
industrial_changeover,1715,343,5,Order5,343,6.572e-05,-0.0004929410933982581,1325.0,1335.0,15.663421154022217,1.1964528560638428,16.85987401008606,1282.0,1364.4285714285713
industrial_changeover,1716,344,1,Order1,344,6.570000000000001e-05,0.01130283996462822,1223.0,1241.0,13.772637367248535,1.1177396774291992,14.890377044677734,1230.0,1321.4505813953488
industrial_changeover,1717,344,2,Order2,344,6.568000000000001e-05,0.0639395359903574,1244.0,1213.0,13.54284930229187,1.074202537536621,14.617051839828491,1173.0,1244.531976744186
industrial_changeover,1718,344,3,Order3,344,6.566e-05,0.0682678185403347,1281.0,1169.0,14.298405170440674,1.100468397140503,15.398873567581177,1169.0,1217.2703488372092
industrial_changeover,1719,344,4,Order4,344,6.564e-05,-0.02765606390312314,1235.0,1264.0,13.242137432098389,1.0384037494659424,14.280541181564331,1237.0,1286.4011627906978
industrial_changeover,1720,344,5,Order5,344,6.562e-05,-0.07465846464037895,1305.0,1336.0,15.742032289505005,1.1853022575378418,16.927334547042847,1282.0,1364.3459302325582
industrial_changeover,1721,345,1,Order1,345,6.560000000000001e-05,-0.02357950061559677,1241.0,1333.0,13.708654165267944,1.0548968315124512,14.763550996780396,1230.0,1321.4840579710144
industrial_changeover,1722,345,2,Order2,345,6.557999999999999e-05,0.011293562594801188,1210.0,1213.0,13.304365634918213,1.02131986618042,14.325685501098633,1173.0,1244.440579710145
industrial_changeover,1723,345,3,Order3,345,6.556e-05,0.055017332546412945,1279.0,1169.0,14.152573347091675,1.0861835479736328,15.238756895065308,1169.0,1217.1304347826087
industrial_changeover,1724,345,4,Order4,345,6.554e-05,0.04155143443495035,1263.0,1264.0,13.215855360031128,1.0095250606536865,14.225380420684814,1237.0,1286.336231884058
industrial_changeover,1725,345,5,Order5,345,6.552000000000001e-05,-0.02254810417070985,1335.0,1336.0,15.668972969055176,1.2217891216278076,16.890762090682983,1282.0,1364.263768115942
industrial_changeover,1726,346,1,Order1,346,6.55e-05,0.026600876357406378,1327.0,1333.0,13.706013917922974,1.056898832321167,14.76291275024414,1230.0,1321.5173410404625
industrial_changeover,1727,346,2,Order2,346,6.548e-05,-0.034385330975055695,1212.0,1213.0,13.441816568374634,1.0274255275726318,14.469242095947266,1173.0,1244.349710982659
industrial_changeover,1728,346,3,Order3,346,6.546000000000001e-05,-0.029161243699491024,1242.0,1169.0,14.232973575592041,1.080052137374878,15.313025712966919,1169.0,1216.9913294797689
industrial_changeover,1729,346,4,Order4,346,6.544e-05,-0.022534689866006374,1236.0,1264.0,13.231394529342651,1.00278902053833,14.234183549880981,1237.0,1286.271676300578
industrial_changeover,1730,346,5,Order5,346,6.542000000000001e-05,-0.0028823738102801144,1339.0,1335.0,15.535253047943115,1.1990396976470947,16.73429274559021,1282.0,1364.179190751445
industrial_changeover,1731,347,1,Order1,347,6.54e-05,-0.01753200078383088,1220.0,1333.0,13.76491403579712,1.050764799118042,14.815678834915161,1230.0,1321.5504322766571
industrial_changeover,1732,347,2,Order2,347,6.538e-05,0.04561522789299488,1213.0,1213.0,13.446489572525024,1.028245449066162,14.474735021591187,1173.0,1244.2593659942363
industrial_changeover,1733,347,3,Order3,347,6.536e-05,-0.034173889085650444,1157.0,1169.0,14.197855234146118,1.0761675834655762,15.274022817611694,1169.0,1216.8530259365994
industrial_changeover,1734,347,4,Order4,347,6.534e-05,0.039358027279376984,1264.0,1264.0,13.254332065582275,1.0222487449645996,14.276580810546875,1237.0,1286.207492795389
industrial_changeover,1735,347,5,Order5,347,6.532e-05,-0.0006724923005094752,1322.0,1336.0,15.823214054107666,1.2006127834320068,17.023826837539673,1282.0,1364.0979827089336
industrial_changeover,1736,348,1,Order1,348,6.53e-05,0.06597870774567127,1340.0,1336.0,13.858395099639893,1.0480473041534424,14.906442403793335,1230.0,1321.5919540229886
industrial_changeover,1737,348,2,Order2,348,6.528000000000001e-05,0.06870874762535095,1297.0,1213.0,13.352512121200562,1.026505708694458,14.37901782989502,1173.0,1244.1695402298851
industrial_changeover,1738,348,3,Order3,348,6.526000000000001e-05,-0.08609904907643795,1175.0,1169.0,14.212922811508179,1.082643747329712,15.29556655883789,1169.0,1216.7155172413793
industrial_changeover,1739,348,4,Order4,348,6.524e-05,-0.046941996552050114,1266.0,1264.0,13.207082033157349,0.9988117218017578,14.205893754959106,1237.0,1286.1436781609195
industrial_changeover,1740,348,5,Order5,348,6.522e-05,-0.04404275491833687,1335.0,1336.0,15.707159519195557,1.2534563541412354,16.960615873336792,1282.0,1364.0172413793102
industrial_changeover,1741,349,1,Order1,349,6.52e-05,0.05028660595417023,1327.0,1330.0,13.797823190689087,1.0464682579040527,14.84429144859314,1230.0,1321.6160458452723
industrial_changeover,1742,349,2,Order2,349,6.518e-05,0.01373610319569707,1209.0,1213.0,13.367744207382202,1.0308599472045898,14.398604154586792,1173.0,1244.080229226361
industrial_changeover,1743,349,3,Order3,349,6.515999999999999e-05,0.03127229260280728,1213.0,1169.0,14.267748594284058,1.083831548690796,15.351580142974854,1169.0,1216.5787965616046
industrial_changeover,1744,349,4,Order4,349,6.514e-05,-0.006744366139173508,1261.0,1264.0,13.236452579498291,1.0040709972381592,14.24052357673645,1237.0,1286.080229226361
industrial_changeover,1745,349,5,Order5,349,6.512e-05,-0.019813938066363335,1339.0,1336.0,15.692532062530518,1.1981391906738281,16.890671253204346,1282.0,1363.9369627507162
industrial_changeover,1746,350,1,Order1,350,6.510000000000001e-05,-0.02732091024518013,1247.0,1330.0,13.86711573600769,1.0567500591278076,14.923865795135498,1230.0,1321.64
industrial_changeover,1747,350,2,Order2,350,6.508000000000001e-05,0.09481056220829487,1301.0,1213.0,13.511509895324707,1.0298454761505127,14.54135537147522,1173.0,1243.9914285714285
industrial_changeover,1748,350,3,Order3,350,6.506e-05,-0.0343255503103137,1169.0,1169.0,14.115179538726807,1.0977978706359863,15.212977409362793,1169.0,1216.442857142857
industrial_changeover,1749,350,4,Order4,350,6.504e-05,-0.02255453960970044,1272.0,1264.0,13.248108863830566,1.0097386837005615,14.257847547531128,1237.0,1286.0171428571427
industrial_changeover,1750,350,5,Order5,350,6.502e-05,-0.04382657911628485,1322.0,1336.0,15.837422370910645,1.2093369960784912,17.046759366989136,1282.0,1363.857142857143
industrial_changeover,1751,351,1,Order1,351,6.500000000000001e-05,0.027964556589722633,1278.0,1330.0,13.954536437988281,1.0593843460083008,15.013920783996582,1230.0,1321.6638176638176
industrial_changeover,1752,351,2,Order2,351,6.497999999999999e-05,0.05805456917732954,1249.0,1213.0,13.29097056388855,1.0218398571014404,14.31281042098999,1173.0,1243.903133903134
industrial_changeover,1753,351,3,Order3,351,6.496e-05,0.005621442222036421,1197.0,1169.0,14.153008460998535,1.084672212600708,15.237680673599243,1169.0,1216.3076923076924
industrial_changeover,1754,351,4,Order4,351,6.494e-05,-0.04802846256643534,1217.0,1264.0,13.182340860366821,1.01273775100708,14.195078611373901,1237.0,1285.954415954416
industrial_changeover,1755,351,5,Order5,351,6.492000000000001e-05,-0.014453856507316232,1354.0,1336.0,15.581430435180664,1.190556526184082,16.771986961364746,1282.0,1363.7777777777778
industrial_changeover,1756,352,1,Order1,352,6.49e-05,0.050050025805830956,1327.0,1330.0,13.548545837402344,1.049288034439087,14.59783387184143,1230.0,1321.6875
industrial_changeover,1757,352,2,Order2,352,6.488e-05,0.013636886607855558,1212.0,1213.0,13.610361337661743,1.016636848449707,14.62699818611145,1173.0,1243.815340909091
industrial_changeover,1758,352,3,Order3,352,6.486000000000001e-05,-0.020099202636629343,1180.0,1169.0,14.239288806915283,1.0730321407318115,15.312320947647095,1169.0,1216.1732954545455
industrial_changeover,1759,352,4,Order4,352,6.484e-05,-0.013888464076444507,1264.0,1264.0,13.235975503921509,1.0074803829193115,14.24345588684082,1237.0,1285.8920454545455
industrial_changeover,1760,352,5,Order5,352,6.482e-05,-0.04459075536578894,1312.0,1336.0,15.586523294448853,1.2026753425598145,16.789198637008667,1282.0,1363.6988636363637
industrial_changeover,1761,353,1,Order1,353,6.48e-05,0.02731325151398778,1291.0,1330.0,13.855531930923462,1.045640468597412,14.901172399520874,1230.0,1321.7110481586403
industrial_changeover,1762,353,2,Order2,353,6.478e-05,0.02127237617969513,1208.0,1213.0,13.516333103179932,1.0248746871948242,14.541207790374756,1173.0,1243.728045325779
industrial_changeover,1763,353,3,Order3,353,6.476e-05,0.017404820304363966,1197.0,1169.0,14.210928678512573,1.0916993618011475,15.30262804031372,1169.0,1216.039660056657
industrial_changeover,1764,353,4,Order4,353,6.474000000000001e-05,0.030752387829124928,1293.0,1264.0,13.293881177902222,1.0212171077728271,14.315098285675049,1237.0,1285.830028328612
industrial_changeover,1765,353,5,Order5,353,6.472e-05,-0.03084330866113305,1318.0,1336.0,15.786892890930176,1.213545560836792,17.000438451766968,1282.0,1363.6203966005667
industrial_changeover,1766,354,1,Order1,354,6.47e-05,0.010232973378151655,1283.0,1330.0,14.150460243225098,1.076498031616211,15.226958274841309,1230.0,1321.734463276836
industrial_changeover,1767,354,2,Order2,354,6.468000000000001e-05,-0.01604627352207899,1225.0,1213.0,13.620755910873413,1.0189459323883057,14.639701843261719,1173.0,1243.6412429378531
industrial_changeover,1768,354,3,Order3,354,6.466000000000001e-05,-0.02562361303716898,1169.0,1169.0,14.174660444259644,1.0878620147705078,15.262522459030151,1169.0,1215.906779661017
industrial_changeover,1769,354,4,Order4,354,6.464e-05,0.005854224436916411,1266.0,1264.0,13.437224864959717,1.01668119430542,14.453906059265137,1237.0,1285.768361581921
industrial_changeover,1770,354,5,Order5,354,6.462e-05,0.020045846700668335,1358.0,1336.0,15.659228801727295,1.2596259117126465,16.91885471343994,1282.0,1363.542372881356
industrial_changeover,1771,355,1,Order1,355,6.460000000000001e-05,-0.0133750110398978,1224.0,1330.0,13.608623027801514,1.0979251861572266,14.70654821395874,1230.0,1321.7577464788733
industrial_changeover,1772,355,2,Order2,355,6.458e-05,0.057852975092828274,1249.0,1213.0,13.37494421005249,1.040156364440918,14.415100574493408,1173.0,1243.5549295774647
industrial_changeover,1773,355,3,Order3,355,6.455999999999999e-05,0.04400800261646509,1236.0,1169.0,14.208544492721558,1.1219825744628906,15.330527067184448,1169.0,1215.774647887324
industrial_changeover,1774,355,4,Order4,355,6.454e-05,-0.05263307597488165,1225.0,1264.0,13.135910272598267,1.0105509757995605,14.146461248397827,1237.0,1285.7070422535212
industrial_changeover,1775,355,5,Order5,355,6.452e-05,-0.03160250652581453,1334.0,1336.0,15.843371152877808,1.2302606105804443,17.073631763458252,1282.0,1363.4647887323943
industrial_changeover,1776,356,1,Order1,356,6.450000000000001e-05,0.037143935449421406,1337.0,1330.0,13.821173429489136,1.0622076988220215,14.883381128311157,1230.0,1321.7808988764045
industrial_changeover,1777,356,2,Order2,356,6.448e-05,0.005227764253504574,1209.0,1213.0,13.349473714828491,1.0321710109710693,14.38164472579956,1173.0,1243.4691011235955
industrial_changeover,1778,356,3,Order3,356,6.446e-05,-0.008713583694770932,1208.0,1169.0,14.173852920532227,1.0734062194824219,15.247259140014648,1169.0,1215.6432584269662
industrial_changeover,1779,356,4,Order4,356,6.444e-05,-0.008071742951869965,1266.0,1264.0,13.323010921478271,1.0174431800842285,14.3404541015625,1237.0,1285.6460674157304
industrial_changeover,1780,356,5,Order5,356,6.442e-05,-0.006522606476210058,1355.0,1336.0,15.639291286468506,1.1843855381011963,16.823676824569702,1282.0,1363.387640449438
industrial_changeover,1781,357,1,Order1,357,6.440000000000001e-05,-0.008454433409497142,1249.0,1241.0,13.836647748947144,1.079982042312622,14.916629791259766,1230.0,1321.5546218487395
industrial_changeover,1782,357,2,Order2,357,6.437999999999999e-05,0.05584591347724199,1254.0,1213.0,13.46990156173706,1.0321650505065918,14.502066612243652,1173.0,1243.3837535014006
industrial_changeover,1783,357,3,Order3,357,6.436e-05,-0.03298037592321634,1169.0,1169.0,14.374557256698608,1.07981276512146,15.454370021820068,1169.0,1215.5126050420167
industrial_changeover,1784,357,4,Order4,357,6.434e-05,-0.04228621907532215,1225.0,1264.0,13.21592402458191,1.0098803043365479,14.225804328918457,1237.0,1285.5854341736695
industrial_changeover,1785,357,5,Order5,357,6.432000000000001e-05,-0.006254360196180642,1335.0,1336.0,15.493919372558594,1.1961369514465332,16.690056324005127,1282.0,1363.310924369748
industrial_changeover,1786,358,1,Order1,358,6.43e-05,-0.004724474740214646,1224.0,1241.0,13.71914291381836,1.046255350112915,14.765398263931274,1230.0,1321.3296089385474
industrial_changeover,1787,358,2,Order2,358,6.428e-05,0.039490336552262306,1208.0,1213.0,13.407305002212524,1.0292913913726807,14.436596393585205,1173.0,1243.2988826815642
industrial_changeover,1788,358,3,Order3,358,6.426000000000001e-05,0.05278511717915535,1225.0,1169.0,14.190056324005127,1.0917422771453857,15.281798601150513,1169.0,1215.3826815642458
industrial_changeover,1789,358,4,Order4,358,6.424000000000001e-05,-0.013079939410090446,1229.0,1264.0,13.117215156555176,1.0157465934753418,14.132961750030518,1237.0,1285.5251396648046
industrial_changeover,1790,358,5,Order5,358,6.422e-05,-0.022068980615586042,1319.0,1336.0,15.743164539337158,1.1929609775543213,16.93612551689148,1282.0,1363.2346368715084
industrial_changeover,1791,359,1,Order1,359,6.42e-05,0.04350303020328283,1327.0,1241.0,13.806308507919312,1.0515398979187012,14.857848405838013,1230.0,1321.1058495821726
industrial_changeover,1792,359,2,Order2,359,6.418e-05,-0.060474323108792305,1145.0,1213.0,13.352661609649658,1.0262446403503418,14.37890625,1173.0,1243.2144846796657
industrial_changeover,1793,359,3,Order3,359,6.416e-05,-0.03638013172894716,1169.0,1169.0,14.202890157699585,1.0915718078613281,15.294461965560913,1169.0,1215.2534818941504
industrial_changeover,1794,359,4,Order4,359,6.414e-05,0.0345349432900548,1266.0,1285.0,13.235816478729248,1.0097110271453857,14.245527505874634,1237.0,1285.5236768802229
industrial_changeover,1795,359,5,Order5,359,6.412e-05,0.024978286121040583,1335.0,1336.0,15.696723699569702,1.1963703632354736,16.893094062805176,1282.0,1363.1587743732591
industrial_changeover,1796,360,1,Order1,360,6.41e-05,0.002366216096561402,1225.0,1241.0,13.78582501411438,1.050847053527832,14.836672067642212,1230.0,1320.8833333333334
industrial_changeover,1797,360,2,Order2,360,6.408000000000001e-05,0.03378491010516882,1212.0,1213.0,13.51005482673645,1.0336766242980957,14.543731451034546,1173.0,1243.1305555555555
industrial_changeover,1798,360,3,Order3,360,6.406e-05,-0.021479341201484203,1169.0,1169.0,14.528863668441772,1.1020758152008057,15.630939483642578,1169.0,1215.125
industrial_changeover,1799,360,4,Order4,360,6.404000000000002e-05,0.0015956811839714646,1266.0,1285.0,13.344943284988403,1.0417582988739014,14.386701583862305,1237.0,1285.5222222222221
industrial_changeover,1800,360,5,Order5,360,6.402e-05,-0.011599549558013678,1334.0,1336.0,15.638400316238403,1.2474489212036133,16.885849237442017,1282.0,1363.0833333333333
industrial_changeover,1801,361,1,Order1,361,6.400000000000001e-05,-0.025460845325142145,1223.0,1330.0,13.694194078445435,1.0652859210968018,14.759479999542236,1230.0,1320.9085872576177
industrial_changeover,1802,361,2,Order2,361,6.398e-05,0.10281418263912201,1296.0,1213.0,13.432317018508911,1.0197827816009521,14.452099800109863,1173.0,1243.0470914127425
industrial_changeover,1803,361,3,Order3,361,6.396e-05,-0.02148710284382105,1169.0,1169.0,14.120451927185059,1.083038091659546,15.203490018844604,1169.0,1214.9972299168976
industrial_changeover,1804,361,4,Order4,361,6.394e-05,-0.0241350163705647,1253.0,1285.0,13.197036027908325,1.0090656280517578,14.206101655960083,1237.0,1285.5207756232687
industrial_changeover,1805,361,5,Order5,361,6.392e-05,-0.043506672605872154,1316.0,1336.0,15.750081539154053,1.1978154182434082,16.94789695739746,1282.0,1363.0083102493074
industrial_changeover,1806,362,1,Order1,362,6.390000000000001e-05,-0.021919519640505314,1224.0,1267.0,13.79874324798584,1.0522422790527344,14.850985527038574,1230.0,1320.7596685082874
industrial_changeover,1807,362,2,Order2,362,6.388e-05,0.02752469340339303,1213.0,1213.0,13.366506338119507,1.0282208919525146,14.394727230072021,1173.0,1242.96408839779
industrial_changeover,1808,362,3,Order3,362,6.386000000000002e-05,0.13437750563025475,1300.0,1169.0,14.277668714523315,1.0927166938781738,15.37038540840149,1169.0,1214.8701657458564
industrial_changeover,1809,362,4,Order4,362,6.384000000000001e-05,-0.0025526629760861397,1249.0,1285.0,13.283332347869873,1.01419997215271,14.297532320022583,1237.0,1285.5193370165746
industrial_changeover,1810,362,5,Order5,362,6.382e-05,0.003636895737145096,1416.0,1336.0,15.618343114852905,1.1901178359985352,16.80846095085144,1282.0,1362.9337016574586
industrial_changeover,1811,363,1,Order1,363,6.38e-05,-0.07481919229030609,1225.0,1327.0,13.85646390914917,1.0472466945648193,14.90371060371399,1230.0,1320.7768595041323
industrial_changeover,1812,363,2,Order2,363,6.377999999999999e-05,0.043690125457942486,1298.0,1213.0,13.543876886367798,1.0294249057769775,14.573301792144775,1173.0,1242.8815426997246
industrial_changeover,1813,363,3,Order3,363,6.376e-05,-0.05082669481635094,1208.0,1169.0,14.10330319404602,1.095752477645874,15.199055671691895,1169.0,1214.7438016528927
industrial_changeover,1814,363,4,Order4,363,6.374e-05,-0.030033383518457413,1225.0,1285.0,13.389088869094849,1.0173449516296387,14.406433820724487,1237.0,1285.5179063360881
industrial_changeover,1815,363,5,Order5,363,6.372e-05,-0.010257032699882984,1338.0,1336.0,16.25514531135559,1.2164459228515625,17.471591234207153,1282.0,1362.8595041322315
industrial_changeover,1816,364,1,Order1,364,6.37e-05,-0.001894395420094952,1218.0,1267.0,13.734890937805176,1.057450532913208,14.792341470718384,1230.0,1320.6291208791208
industrial_changeover,1817,364,2,Order2,364,6.368e-05,0.03220892604440451,1208.0,1213.0,10.347368001937866,0.4410429000854492,10.788410902023315,1173.0,1242.7994505494505
industrial_changeover,1818,364,3,Order3,364,6.366000000000001e-05,0.04607180040329695,1235.0,1169.0,6.874209642410278,0.46873021125793457,7.342939853668213,1169.0,1214.618131868132
industrial_changeover,1819,364,4,Order4,364,6.364000000000001e-05,0.03389922436326742,1265.0,1285.0,5.676086902618408,0.441084623336792,6.1171715259552,1237.0,1285.5164835164835
industrial_changeover,1820,364,5,Order5,364,6.362e-05,-0.05145316384732723,1309.0,1336.0,6.7278733253479,0.48421168327331543,7.212085008621216,1282.0,1362.7857142857142
industrial_changeover,1821,365,1,Order1,365,6.36e-05,-0.03843852877616882,1223.0,1267.0,5.40825891494751,0.4414527416229248,5.849711656570435,1230.0,1320.482191780822
industrial_changeover,1822,365,2,Order2,365,6.358e-05,-0.012345675844699144,1205.0,1213.0,5.337629079818726,0.41382932662963867,5.751458406448364,1173.0,1242.717808219178
industrial_changeover,1823,365,3,Order3,365,6.356e-05,0.07457317598164082,1293.0,1169.0,5.673879146575928,0.45116519927978516,6.125044345855713,1169.0,1214.4931506849316
industrial_changeover,1824,365,4,Order4,365,6.354e-05,0.04213791340589523,1268.0,1285.0,5.224459171295166,0.40666937828063965,5.631128549575806,1237.0,1285.5150684931507
industrial_changeover,1825,365,5,Order5,365,6.352e-05,-0.047778502106666565,1308.0,1336.0,6.217081308364868,0.4820084571838379,6.699089765548706,1282.0,1362.7123287671234
industrial_changeover,1826,366,1,Order1,366,6.35e-05,-0.042588780634105206,1218.0,1241.0,5.465226888656616,0.43598389625549316,5.901210784912109,1230.0,1320.2650273224044
industrial_changeover,1827,366,2,Order2,366,6.348000000000001e-05,-0.0495742317289114,1174.0,1213.0,5.156049728393555,0.4258999824523926,5.581949710845947,1173.0,1242.636612021858
industrial_changeover,1828,366,3,Order3,366,6.346e-05,0.023731315042823553,1227.0,1169.0,5.530313968658447,0.43874406814575195,5.969058036804199,1169.0,1214.3688524590164
industrial_changeover,1829,366,4,Order4,366,6.344000000000002e-05,0.08416199125349522,1264.0,1285.0,5.2835307121276855,0.40120959281921387,5.684740304946899,1237.0,1285.5136612021859
industrial_changeover,1830,366,5,Order5,366,6.342e-05,0.02800311567261815,1411.0,1336.0,6.093948841094971,0.4996376037597656,6.593586444854736,1282.0,1362.639344262295
industrial_changeover,1831,367,1,Order1,367,6.340000000000001e-05,-0.004053877200931311,1265.0,1267.0,5.589667558670044,0.4667189121246338,6.056386470794678,1230.0,1320.1198910081744
industrial_changeover,1832,367,2,Order2,367,6.337999999999999e-05,-0.04803456459194422,1194.0,1213.0,5.513423681259155,0.45247864723205566,5.965902328491211,1173.0,1242.5558583106267
industrial_changeover,1833,367,3,Order3,367,6.336e-05,0.015150547260418534,1281.0,1169.0,5.707531929016113,0.46840572357177734,6.175937652587891,1169.0,1214.2452316076294
industrial_changeover,1834,367,4,Order4,367,6.334e-05,-0.043785217218101025,1229.0,1264.0,5.109300851821899,0.45027947425842285,5.559580326080322,1237.0,1285.4550408719347
industrial_changeover,1835,367,5,Order5,367,6.332e-05,-0.0407492620870471,1308.0,1336.0,6.189632415771484,0.5227258205413818,6.712358236312866,1282.0,1362.566757493188
industrial_changeover,1836,368,1,Order1,368,6.330000000000001e-05,0.029218607116490602,1285.0,1241.0,5.869709014892578,0.43877673149108887,6.308485746383667,1230.0,1319.9048913043478
industrial_changeover,1837,368,2,Order2,368,6.328e-05,0.025431295856833458,1194.0,1213.0,5.64907169342041,0.43805432319641113,6.087126016616821,1173.0,1242.4755434782608
industrial_changeover,1838,368,3,Order3,368,6.326000000000001e-05,-0.028352017048746347,1175.0,1169.0,5.877553224563599,0.4980952739715576,6.375648498535156,1169.0,1214.1222826086957
industrial_changeover,1839,368,4,Order4,368,6.324000000000001e-05,0.006003481335937977,1225.0,1285.0,5.706404209136963,0.4830923080444336,6.1894965171813965,1237.0,1285.453804347826
industrial_changeover,1840,368,5,Order5,368,6.322000000000001e-05,-0.026726048905402422,1297.0,1336.0,6.477258920669556,0.4828188419342041,6.96007776260376,1282.0,1362.4945652173913
industrial_changeover,1841,369,1,Order1,369,6.32e-05,0.06460597738623619,1270.0,1241.0,5.474182605743408,0.42682456970214844,5.901007175445557,1230.0,1319.6910569105692
industrial_changeover,1842,369,2,Order2,369,6.317999999999999e-05,0.13653047382831573,1298.0,1213.0,5.328578948974609,0.4705030918121338,5.799082040786743,1173.0,1242.3956639566395
industrial_changeover,1843,369,3,Order3,369,6.316e-05,-0.004242297320161015,1233.0,1169.0,5.679661750793457,0.45046496391296387,6.130126714706421,1169.0,1214.0
industrial_changeover,1844,369,4,Order4,369,6.314e-05,-0.0514408815652132,1267.0,1264.0,5.286529064178467,0.42295384407043457,5.709482908248901,1237.0,1285.3956639566395
industrial_changeover,1845,369,5,Order5,369,6.312e-05,-0.04377326741814613,1369.0,1336.0,6.167569637298584,0.4953293800354004,6.662899017333984,1282.0,1362.4227642276423
industrial_changeover,1846,370,1,Order1,370,6.31e-05,-0.04193733353167772,1269.0,1241.0,5.465332269668579,0.4316985607147217,5.897030830383301,1230.0,1319.4783783783785
industrial_changeover,1847,370,2,Order2,370,6.308e-05,0.07358779944479465,1296.0,1213.0,5.357472896575928,0.4158592224121094,5.773332118988037,1173.0,1242.3162162162162
industrial_changeover,1848,370,3,Order3,370,6.306000000000001e-05,0.036850656382739544,1279.0,1169.0,5.568696737289429,0.4508085250854492,6.019505262374878,1169.0,1213.8783783783783
industrial_changeover,1849,370,4,Order4,370,6.304e-05,-0.060973700135946274,1225.0,1285.0,5.249165058135986,0.4265003204345703,5.675665378570557,1237.0,1285.3945945945945
industrial_changeover,1850,370,5,Order5,370,6.302e-05,-0.048333799466490746,1319.0,1336.0,6.200445652008057,0.49311351776123047,6.693559169769287,1282.0,1362.3513513513512
industrial_changeover,1851,371,1,Order1,371,6.3e-05,-0.0456788819283247,1220.0,1241.0,5.456191539764404,0.42485857009887695,5.881050109863281,1230.0,1319.266846361186
industrial_changeover,1852,371,2,Order2,371,6.298000000000001e-05,-0.01548848720267415,1173.0,1213.0,5.263351678848267,0.42958950996398926,5.692941188812256,1173.0,1242.2371967654988
industrial_changeover,1853,371,3,Order3,371,6.296e-05,0.00230099557666108,1175.0,1169.0,5.621859073638916,0.4487619400024414,6.070621013641357,1169.0,1213.7574123989218
industrial_changeover,1854,371,4,Order4,371,6.294e-05,0.07755006104707718,1249.0,1285.0,5.2727344036102295,0.4135572910308838,5.686291694641113,1237.0,1285.3935309973047
industrial_changeover,1855,371,5,Order5,371,6.292e-05,-0.037154036574065685,1238.0,1336.0,6.259247064590454,0.5036985874176025,6.762945652008057,1282.0,1362.2803234501348
industrial_changeover,1856,372,1,Order1,372,6.29e-05,0.06416318193078041,1263.0,1241.0,5.472539186477661,0.43221473693847656,5.904753923416138,1230.0,1319.0564516129032
industrial_changeover,1857,372,2,Order2,372,6.288000000000001e-05,0.04922155383974314,1205.0,1213.0,5.440431833267212,0.43790721893310547,5.878339052200317,1173.0,1242.1586021505377
industrial_changeover,1858,372,3,Order3,372,6.286e-05,0.008279078174382448,1228.0,1169.0,5.711203098297119,0.46007537841796875,6.171278476715088,1169.0,1213.6370967741937
industrial_changeover,1859,372,4,Order4,372,6.284000000000001e-05,-0.017526371404528618,1266.0,1285.0,5.305247068405151,0.4191761016845703,5.724423170089722,1237.0,1285.3924731182797
industrial_changeover,1860,372,5,Order5,372,6.282e-05,-0.07917214743793011,1272.0,1336.0,6.32874059677124,0.508002519607544,6.836743116378784,1282.0,1362.2096774193549
industrial_changeover,1861,373,1,Order1,373,6.280000000000001e-05,-0.03635057061910629,1223.0,1241.0,5.620712041854858,0.45727968215942383,6.077991724014282,1230.0,1318.8471849865953
industrial_changeover,1862,373,2,Order2,373,6.278e-05,-0.02042205259203911,1172.0,1213.0,5.388556003570557,0.4230983257293701,5.811654329299927,1173.0,1242.0804289544235
industrial_changeover,1863,373,3,Order3,373,6.276e-05,0.11377132497727871,1293.0,1169.0,5.768837928771973,0.4967834949493408,6.2656214237213135,1169.0,1213.5174262734583
industrial_changeover,1864,373,4,Order4,373,6.274e-05,0.009205642389133573,1217.0,1285.0,5.39016580581665,0.43859362602233887,5.828759431838989,1237.0,1285.3914209115283
industrial_changeover,1865,373,5,Order5,373,6.272e-05,0.019927385728806257,1339.0,1336.0,6.326358318328857,0.48854684829711914,6.814905166625977,1282.0,1362.1394101876676
industrial_changeover,1866,374,1,Order1,374,6.27e-05,0.04925674386322498,1337.0,1241.0,5.456765413284302,0.4650747776031494,5.921840190887451,1230.0,1318.6390374331552
industrial_changeover,1867,374,2,Order2,374,6.268e-05,0.06633197702467442,1298.0,1213.0,5.44840931892395,0.41930413246154785,5.867713451385498,1173.0,1242.0026737967914
industrial_changeover,1868,374,3,Order3,374,6.266000000000001e-05,-0.08762631937861443,1196.0,1169.0,5.7259063720703125,0.43946027755737305,6.1653666496276855,1169.0,1213.3983957219252
industrial_changeover,1869,374,4,Order4,374,6.264000000000001e-05,-0.06406076066195965,1249.0,1285.0,5.332262277603149,0.4171788692474365,5.749441146850586,1237.0,1285.390374331551
industrial_changeover,1870,374,5,Order5,374,6.262000000000001e-05,-0.03388806711882353,1334.0,1358.0,6.263779640197754,0.5019412040710449,6.765720844268799,1282.0,1362.1283422459894
industrial_changeover,1871,375,1,Order1,375,6.26e-05,-0.01744208624586463,1220.0,1241.0,5.635663747787476,0.4451005458831787,6.080764293670654,1230.0,1318.432
industrial_changeover,1872,375,2,Order2,375,6.258e-05,0.05558312963694334,1213.0,1213.0,5.463618040084839,0.43715786933898926,5.900775909423828,1173.0,1241.9253333333334
industrial_changeover,1873,375,3,Order3,375,6.256e-05,0.03361915796995163,1213.0,1169.0,5.773250579833984,0.45964741706848145,6.232897996902466,1169.0,1213.28
industrial_changeover,1874,375,4,Order4,375,6.254e-05,0.033436681143939495,1266.0,1285.0,5.343417167663574,0.4312419891357422,5.774659156799316,1237.0,1285.3893333333333
industrial_changeover,1875,375,5,Order5,375,6.252e-05,-0.07958892360329628,1238.0,1335.0,6.357408285140991,0.495621919631958,6.853030204772949,1282.0,1362.056
industrial_changeover,1876,376,1,Order1,376,6.25e-05,-0.015387583989650011,1210.0,1241.0,5.535488843917847,0.4437689781188965,5.979257822036743,1230.0,1318.2260638297873
industrial_changeover,1877,376,2,Order2,376,6.248000000000001e-05,0.10369536653161049,1251.0,1213.0,5.372549057006836,0.4328787326812744,5.80542778968811,1173.0,1241.848404255319
industrial_changeover,1878,376,3,Order3,376,6.246000000000001e-05,-0.024437053129076958,1169.0,1169.0,5.687575578689575,0.4541969299316406,6.141772508621216,1169.0,1213.162234042553
industrial_changeover,1879,376,4,Order4,376,6.244e-05,0.01308722048997879,1259.0,1285.0,5.250151872634888,0.4287741184234619,5.67892599105835,1237.0,1285.3882978723404
industrial_changeover,1880,376,5,Order5,376,6.242e-05,0.009904964594170451,1359.0,1358.0,6.2123353481292725,0.5019986629486084,6.714334011077881,1282.0,1362.0452127659576
industrial_changeover,1881,377,1,Order1,377,6.24e-05,0.009904264705255628,1291.0,1241.0,5.538274765014648,0.44927072525024414,5.987545490264893,1230.0,1318.0212201591512
industrial_changeover,1882,377,2,Order2,377,6.238000000000001e-05,-0.010943056782707572,1214.0,1213.0,5.238445281982422,0.4161689281463623,5.654614210128784,1173.0,1241.7718832891246
industrial_changeover,1883,377,3,Order3,377,6.235999999999999e-05,0.04272584244608879,1291.0,1169.0,5.724514484405518,0.4587094783782959,6.1832239627838135,1169.0,1213.0450928381963
industrial_changeover,1884,377,4,Order4,377,6.234e-05,-0.018388598691672087,1266.0,1264.0,5.26972770690918,0.40511488914489746,5.674842596054077,1237.0,1285.3315649867375
industrial_changeover,1885,377,5,Order5,377,6.232e-05,-0.03917514346539974,1336.0,1335.0,6.127519607543945,0.5039596557617188,6.631479263305664,1282.0,1361.973474801061
industrial_changeover,1886,378,1,Order1,378,6.23e-05,-0.03251644968986511,1241.0,1241.0,5.336107969284058,0.4237380027770996,5.759845972061157,1230.0,1317.8174603174602
industrial_changeover,1887,378,2,Order2,378,6.228000000000001e-05,0.012828390812501311,1213.0,1213.0,5.247725486755371,0.4065732955932617,5.654298782348633,1173.0,1241.6957671957673
industrial_changeover,1888,378,3,Order3,378,6.226e-05,-0.01242613373324275,1208.0,1169.0,5.527022123336792,0.4360051155090332,5.963027238845825,1169.0,1212.9285714285713
industrial_changeover,1889,378,4,Order4,378,6.224000000000001e-05,0.045269801281392574,1285.0,1285.0,5.065136194229126,0.4121997356414795,5.4773359298706055,1237.0,1285.3306878306878
industrial_changeover,1890,378,5,Order5,378,6.222e-05,0.024493838660418987,1362.0,1335.0,6.074093580245972,0.534801721572876,6.608895301818848,1282.0,1361.9021164021165
industrial_changeover,1891,379,1,Order1,379,6.220000000000001e-05,0.011333998991176486,1266.0,1241.0,5.615201711654663,0.43848443031311035,6.053686141967773,1230.0,1317.6147757255937
industrial_changeover,1892,379,2,Order2,379,6.218e-05,-0.007543403655290604,1208.0,1213.0,5.361087083816528,0.42761874198913574,5.788705825805664,1173.0,1241.6200527704486
industrial_changeover,1893,379,3,Order3,379,6.216e-05,-0.06257469579577446,1169.0,1169.0,5.822674989700317,0.4624643325805664,6.285139322280884,1169.0,1212.8126649076517
industrial_changeover,1894,379,4,Order4,379,6.214e-05,-0.00467405142262578,1264.0,1285.0,5.626807928085327,0.42807745933532715,6.054885387420654,1237.0,1285.32981530343
industrial_changeover,1895,379,5,Order5,379,6.212e-05,-0.005243621882982552,1320.0,1335.0,6.364495038986206,0.5014219284057617,6.865916967391968,1282.0,1361.831134564644
industrial_changeover,1896,380,1,Order1,380,6.21e-05,0.03616870567202568,1266.0,1241.0,5.5925562381744385,0.46632862091064453,6.058884859085083,1230.0,1317.4131578947367
industrial_changeover,1897,380,2,Order2,380,6.208e-05,0.11890540085732937,1305.0,1213.0,5.409665584564209,0.44008779525756836,5.849753379821777,1173.0,1241.5447368421053
industrial_changeover,1898,380,3,Order3,380,6.206000000000001e-05,-0.039417365565896034,1169.0,1169.0,5.920770645141602,0.4497392177581787,6.37050986289978,1169.0,1212.6973684210527
industrial_changeover,1899,380,4,Order4,380,6.204000000000001e-05,-0.0365741653367877,1261.0,1264.0,5.261383771896362,0.42305517196655273,5.684438943862915,1237.0,1285.2736842105264
industrial_changeover,1900,380,5,Order5,380,6.202e-05,-0.03980714920908213,1339.0,1335.0,6.292496919631958,0.5033206939697266,6.795817613601685,1282.0,1361.7605263157895
industrial_changeover,1901,381,1,Order1,381,6.2e-05,-0.0331564461812377,1247.0,1241.0,5.4815754890441895,0.4285416603088379,5.910117149353027,1230.0,1317.2125984251968
industrial_changeover,1902,381,2,Order2,381,6.198e-05,0.05320094060152769,1266.0,1213.0,5.426538467407227,0.42671823501586914,5.853256702423096,1173.0,1241.4698162729658
industrial_changeover,1903,381,3,Order3,381,6.196e-05,0.05256442911922932,1242.0,1169.0,5.652610778808594,0.47730255126953125,6.129913330078125,1169.0,1212.5826771653544
industrial_changeover,1904,381,4,Order4,381,6.193999999999999e-05,-0.005460627609863877,1266.0,1264.0,5.331870079040527,0.4232523441314697,5.755122423171997,1237.0,1285.2178477690288
industrial_changeover,1905,381,5,Order5,381,6.192e-05,-0.038809437304735184,1335.0,1335.0,6.351779460906982,0.4807415008544922,6.832520961761475,1282.0,1361.6902887139108
industrial_changeover,1906,382,1,Order1,382,6.19e-05,-0.024646069388836622,1241.0,1241.0,5.563394546508789,0.44320082664489746,6.0065953731536865,1230.0,1317.0130890052355
industrial_changeover,1907,382,2,Order2,382,6.188000000000001e-05,-0.05018628388643265,1173.0,1213.0,5.408066272735596,0.43404293060302734,5.842109203338623,1173.0,1241.3952879581152
industrial_changeover,1908,382,3,Order3,382,6.186000000000001e-05,0.029715762939304113,1228.0,1169.0,5.641175985336304,0.43224644660949707,6.073422431945801,1169.0,1212.4685863874345
industrial_changeover,1909,382,4,Order4,382,6.184e-05,0.007794489152729511,1231.0,1264.0,5.306208610534668,0.4354887008666992,5.741697311401367,1237.0,1285.1623036649214
industrial_changeover,1910,382,5,Order5,382,6.182000000000001e-05,0.03637009207159281,1374.0,1335.0,6.271589040756226,0.5009479522705078,6.772536993026733,1282.0,1361.6204188481674
industrial_changeover,1911,383,1,Order1,383,6.18e-05,0.04881246481090784,1284.0,1241.0,5.535250425338745,0.4399394989013672,5.975189924240112,1230.0,1316.8146214099218
industrial_changeover,1912,383,2,Order2,383,6.178000000000001e-05,-0.0016705993912182748,1209.0,1213.0,5.36165189743042,0.44240736961364746,5.804059267044067,1173.0,1241.3211488250652
industrial_changeover,1913,383,3,Order3,383,6.175999999999999e-05,-0.04143129754811525,1180.0,1169.0,5.703377962112427,0.4349360466003418,6.1383140087127686,1169.0,1212.3550913838121
industrial_changeover,1914,383,4,Order4,383,6.174e-05,-0.03331799153238535,1235.0,1264.0,5.37258505821228,0.443356990814209,5.815942049026489,1237.0,1285.107049608355
industrial_changeover,1915,383,5,Order5,383,6.172e-05,-0.01427405048161745,1334.0,1335.0,6.591291666030884,0.5243909358978271,7.115682601928711,1282.0,1361.55091383812
industrial_changeover,1916,384,1,Order1,384,6.170000000000001e-05,0.026691938284784555,1263.0,1241.0,5.65014910697937,0.45288681983947754,6.103035926818848,1230.0,1316.6171875
industrial_changeover,1917,384,2,Order2,384,6.168e-05,0.11120037734508514,1301.0,1213.0,5.680636167526245,0.43454551696777344,6.1151816844940186,1173.0,1241.2473958333333
industrial_changeover,1918,384,3,Order3,384,6.166e-05,0.0020621270523406565,1234.0,1169.0,5.877444267272949,0.5007932186126709,6.37823748588562,1169.0,1212.2421875
industrial_changeover,1919,384,4,Order4,384,6.164000000000001e-05,-0.03198309801518917,1262.0,1264.0,5.44854474067688,0.45110297203063965,5.8996477127075195,1237.0,1285.0520833333333
industrial_changeover,1920,384,5,Order5,384,6.162000000000001e-05,-0.055052876472473145,1339.0,1336.0,6.629740238189697,0.5367276668548584,7.166467905044556,1282.0,1361.484375
industrial_changeover,1921,385,1,Order1,385,6.16e-05,0.017741461284458637,1325.0,1267.0,5.725902080535889,0.4641439914703369,6.190046072006226,1230.0,1316.4883116883118
industrial_changeover,1922,385,2,Order2,385,6.158e-05,-0.017892492935061455,1210.0,1213.0,5.521160840988159,0.4413411617279053,5.9625020027160645,1173.0,1241.1740259740259
industrial_changeover,1923,385,3,Order3,385,6.156e-05,-0.015192285180091858,1196.0,1169.0,5.823087692260742,0.476118803024292,6.299206495285034,1169.0,1212.1298701298701
industrial_changeover,1924,385,4,Order4,385,6.154e-05,-0.021714041475206614,1229.0,1264.0,5.453596591949463,0.41608119010925293,5.869677782058716,1237.0,1284.9974025974027
industrial_changeover,1925,385,5,Order5,385,6.152e-05,0.004392518661916256,1342.0,1336.0,6.40315055847168,0.5149617195129395,6.918112277984619,1282.0,1361.418181818182
industrial_changeover,1926,386,1,Order1,386,6.15e-05,0.035887498408555984,1266.0,1267.0,5.746123552322388,0.4446582794189453,6.190781831741333,1230.0,1316.360103626943
industrial_changeover,1927,386,2,Order2,386,6.148e-05,0.028726767282932997,1208.0,1213.0,5.454352140426636,0.41851139068603516,5.872863531112671,1173.0,1241.10103626943
industrial_changeover,1928,386,3,Order3,386,6.146000000000001e-05,0.05212213005870581,1265.0,1169.0,5.769845962524414,0.46032285690307617,6.23016881942749,1169.0,1212.018134715026
industrial_changeover,1929,386,4,Order4,386,6.144000000000001e-05,-0.009228947572410107,1264.0,1264.0,5.5856921672821045,0.429872989654541,6.0155651569366455,1237.0,1284.9430051813472
industrial_changeover,1930,386,5,Order5,386,6.142e-05,-0.028305143117904663,1371.0,1336.0,6.419166088104248,0.5171420574188232,6.936308145523071,1282.0,1361.3523316062176
industrial_changeover,1931,387,1,Order1,387,6.14e-05,-0.006745915859937668,1283.0,1267.0,5.648189306259155,0.44708943367004395,6.095278739929199,1230.0,1316.2325581395348
industrial_changeover,1932,387,2,Order2,387,6.138e-05,-0.03418291267007589,1207.0,1213.0,5.501473665237427,0.42806148529052734,5.929535150527954,1173.0,1241.0284237726098
industrial_changeover,1933,387,3,Order3,387,6.136e-05,-0.03191025648266077,1184.0,1169.0,5.946871280670166,0.4647390842437744,6.41161036491394,1169.0,1211.906976744186
industrial_changeover,1934,387,4,Order4,387,6.133999999999999e-05,0.01773293036967516,1264.0,1264.0,5.1543567180633545,0.40949320793151855,5.563849925994873,1237.0,1284.888888888889
industrial_changeover,1935,387,5,Order5,387,6.132e-05,0.02516642166301608,1362.0,1335.0,6.224811553955078,0.49820399284362793,6.723015546798706,1282.0,1361.2842377260981
industrial_changeover,1936,388,1,Order1,388,6.13e-05,0.06645391881465912,1337.0,1267.0,5.442150831222534,0.4280741214752197,5.870224952697754,1230.0,1316.1056701030927
industrial_changeover,1937,388,2,Order2,388,6.128000000000001e-05,0.011848609894514084,1214.0,1213.0,5.276800155639648,0.4247877597808838,5.701587915420532,1173.0,1240.9561855670104
industrial_changeover,1938,388,3,Order3,388,6.126e-05,0.002437512797769159,1245.0,1169.0,5.639365911483765,0.44428443908691406,6.083650350570679,1169.0,1211.7963917525774
industrial_changeover,1939,388,4,Order4,388,6.124e-05,-0.05124218016862869,1241.0,1264.0,5.252253770828247,0.42094922065734863,5.673202991485596,1237.0,1284.8350515463917
industrial_changeover,1940,388,5,Order5,388,6.122000000000001e-05,-0.0467445058748126,1328.0,1336.0,6.228118896484375,0.48999500274658203,6.718113899230957,1282.0,1361.2190721649486
industrial_changeover,1941,389,1,Order1,389,6.12e-05,0.05379490554332733,1336.0,1267.0,5.405977487564087,0.43517613410949707,5.841153621673584,1230.0,1315.9794344473007
industrial_changeover,1942,389,2,Order2,389,6.118000000000001e-05,-0.03184476122260094,1174.0,1213.0,5.287424325942993,0.43082499504089355,5.718249320983887,1173.0,1240.8843187660668
industrial_changeover,1943,389,3,Order3,389,6.115999999999999e-05,0.05454434920102358,1265.0,1169.0,5.658619165420532,0.4454684257507324,6.104087591171265,1169.0,1211.6863753213368
industrial_changeover,1944,389,4,Order4,389,6.114e-05,0.010562645271420479,1264.0,1264.0,5.116507053375244,0.39620089530944824,5.512707948684692,1237.0,1284.7814910025706
industrial_changeover,1945,389,5,Order5,389,6.112e-05,-0.07137015834450722,1272.0,1336.0,6.032840251922607,0.4715125560760498,6.504352807998657,1282.0,1361.1542416452442
industrial_changeover,1946,390,1,Order1,390,6.110000000000001e-05,-0.037629895843565464,1220.0,1241.0,5.30349326133728,0.42702412605285645,5.730517387390137,1230.0,1315.7871794871794
industrial_changeover,1947,390,2,Order2,390,6.108e-05,-0.008617912419140339,1176.0,1213.0,5.334905385971069,0.41018033027648926,5.745085716247559,1173.0,1240.8128205128205
industrial_changeover,1948,390,3,Order3,390,6.106e-05,0.010969500755891204,1175.0,1169.0,5.660946846008301,0.46003007888793945,6.12097692489624,1169.0,1211.576923076923
industrial_changeover,1949,390,4,Order4,390,6.104000000000001e-05,0.06426833383738995,1249.0,1285.0,5.455826282501221,0.4300251007080078,5.8858513832092285,1237.0,1284.7820512820513
industrial_changeover,1950,390,5,Order5,390,6.102000000000001e-05,0.0497379545122385,1339.0,1336.0,6.459459543228149,0.5049295425415039,6.964389085769653,1282.0,1361.0897435897436
industrial_changeover,1951,391,1,Order1,391,6.1e-05,0.03890974726527929,1278.0,1241.0,5.688733816146851,0.4516146183013916,6.140348434448242,1230.0,1315.5959079283887
industrial_changeover,1952,391,2,Order2,391,6.098e-05,-0.012768068350851536,1188.0,1213.0,5.429069757461548,0.43157267570495605,5.860642433166504,1173.0,1240.7416879795396
industrial_changeover,1953,391,3,Order3,391,6.095999999999999e-05,0.055392494425177574,1300.0,1169.0,5.885533332824707,0.4685966968536377,6.354130029678345,1169.0,1211.468030690537
industrial_changeover,1954,391,4,Order4,391,6.0939999999999996e-05,-0.07868056371808052,1223.0,1264.0,5.27342414855957,0.42404913902282715,5.6974732875823975,1237.0,1284.7289002557545
industrial_changeover,1955,391,5,Order5,391,6.092e-05,-0.07403708808124065,1320.0,1336.0,6.6214823722839355,0.5543351173400879,7.175817489624023,1282.0,1361.0255754475704
industrial_changeover,1956,392,1,Order1,392,6.09e-05,-0.0014094501093495637,1275.0,1241.0,5.78640079498291,0.4533965587615967,6.239797353744507,1230.0,1315.405612244898
industrial_changeover,1957,392,2,Order2,392,6.088000000000001e-05,0.018899987917393446,1208.0,1213.0,5.685906410217285,0.427945613861084,6.113852024078369,1173.0,1240.670918367347
industrial_changeover,1958,392,3,Order3,392,6.0860000000000003e-05,0.027527074329555035,1216.0,1169.0,5.643397569656372,0.4366428852081299,6.080040454864502,1169.0,1211.359693877551
industrial_changeover,1959,392,4,Order4,392,6.084000000000001e-05,-0.005172475706785917,1231.0,1264.0,5.254765272140503,0.43538546562194824,5.690150737762451,1237.0,1284.6760204081634
industrial_changeover,1960,392,5,Order5,392,6.082000000000001e-05,-0.04940703418105841,1275.0,1336.0,6.165736436843872,0.4890556335449219,6.654792070388794,1282.0,1360.9617346938776
industrial_changeover,1961,393,1,Order1,393,6.08e-05,0.048338690772652626,1284.0,1267.0,5.5353569984436035,0.43894267082214355,5.974299669265747,1230.0,1315.2824427480916
industrial_changeover,1962,393,2,Order2,393,6.0780000000000004e-05,0.032967643812298775,1210.0,1213.0,5.3298985958099365,0.4256422519683838,5.75554084777832,1173.0,1240.6005089058524
industrial_changeover,1963,393,3,Order3,393,6.0759999999999994e-05,-0.010983804007992148,1196.0,1169.0,5.751561880111694,0.4743189811706543,6.225880861282349,1169.0,1211.2519083969466
industrial_changeover,1964,393,4,Order4,393,6.074e-05,-0.020659026689827442,1229.0,1264.0,5.220141172409058,0.42223334312438965,5.642374515533447,1237.0,1284.6234096692112
industrial_changeover,1965,393,5,Order5,393,6.072e-05,-0.05393546260893345,1278.0,1336.0,6.271737813949585,0.49834656715393066,6.770084381103516,1282.0,1360.8982188295165
industrial_changeover,1966,394,1,Order1,394,6.07e-05,0.040707542560994625,1291.0,1210.0,5.562665700912476,0.44661569595336914,6.009281396865845,1210.0,1315.0152284263959
industrial_changeover,1967,394,2,Order2,394,6.068e-05,0.041731374338269234,1209.0,1213.0,5.416229724884033,0.42178940773010254,5.838019132614136,1173.0,1240.530456852792
industrial_changeover,1968,394,3,Order3,394,6.0660000000000005e-05,0.004927179426886141,1196.0,1169.0,5.642181873321533,0.4475827217102051,6.089764595031738,1169.0,1211.1446700507615
industrial_changeover,1969,394,4,Order4,394,6.064000000000001e-05,-0.01942252926528454,1225.0,1285.0,5.359602689743042,0.41788148880004883,5.777484178543091,1237.0,1284.6243654822335
industrial_changeover,1970,394,5,Order5,394,6.062000000000001e-05,0.04038234241306782,1387.0,1336.0,6.331806421279907,0.5109922885894775,6.842798709869385,1282.0,1360.8350253807107
industrial_changeover,1971,395,1,Order1,395,6.06e-05,-0.007385356351733208,1264.0,1210.0,5.60523533821106,0.43253254890441895,6.0377678871154785,1210.0,1314.7493670886076
industrial_changeover,1972,395,2,Order2,395,6.0580000000000006e-05,0.0008429740410065278,1210.0,1213.0,5.365574359893799,0.43306875228881836,5.798643112182617,1173.0,1240.4607594936708
industrial_changeover,1973,395,3,Order3,395,6.056e-05,-0.0320535721257329,1196.0,1169.0,5.937539339065552,0.4557762145996094,6.393315553665161,1169.0,1211.0379746835442
industrial_changeover,1974,395,4,Order4,395,6.054e-05,-0.03138013370335102,1225.0,1285.0,5.37244987487793,0.4494435787200928,5.8218934535980225,1237.0,1284.6253164556963
industrial_changeover,1975,395,5,Order5,395,6.0519999999999997e-05,0.017428939696401358,1379.0,1336.0,6.5215981006622314,0.5128128528594971,7.0344109535217285,1282.0,1360.7721518987341
industrial_changeover,1976,396,1,Order1,396,6.05e-05,0.04488473106175661,1275.0,1210.0,5.837067365646362,0.43886590003967285,6.275933265686035,1210.0,1314.4848484848485
industrial_changeover,1977,396,2,Order2,396,6.0480000000000004e-05,0.028652192559093237,1207.0,1213.0,5.66376805305481,0.4637014865875244,6.127469539642334,1173.0,1240.391414141414
industrial_changeover,1978,396,3,Order3,396,6.046000000000001e-05,-0.005263151018880308,1244.0,1169.0,6.007249355316162,0.47870779037475586,6.485957145690918,1169.0,1210.9318181818182
industrial_changeover,1979,396,4,Order4,396,6.044000000000001e-05,-0.012071320787072182,1264.0,1264.0,5.510255813598633,0.43528151512145996,5.945537328720093,1237.0,1284.5732323232323
industrial_changeover,1980,396,5,Order5,396,6.042000000000001e-05,-0.020889919716864824,1339.0,1336.0,6.5407586097717285,0.5125532150268555,7.053311824798584,1282.0,1360.709595959596
industrial_changeover,1981,397,1,Order1,397,6.04e-05,0.012939484091475606,1280.0,1210.0,5.737111330032349,0.45705556869506836,6.194166898727417,1210.0,1314.2216624685138
industrial_changeover,1982,397,2,Order2,397,6.038e-05,0.013073475332930684,1212.0,1213.0,5.635809421539307,0.43328261375427246,6.069092035293579,1173.0,1240.3224181360201
industrial_changeover,1983,397,3,Order3,397,6.0360000000000005e-05,0.004473390756174922,1227.0,1169.0,5.707165241241455,0.46817851066589355,6.175343751907349,1169.0,1210.8261964735516
industrial_changeover,1984,397,4,Order4,397,6.0339999999999995e-05,-0.03774362523108721,1225.0,1264.0,5.435347080230713,0.41680359840393066,5.8521506786346436,1237.0,1284.521410579345
industrial_changeover,1985,397,5,Order5,397,6.032e-05,-0.021537976805120707,1322.0,1336.0,6.726469039916992,0.5015261173248291,7.227995157241821,1282.0,1360.647355163728
industrial_changeover,1986,398,1,Order1,398,6.03e-05,-8.889088348951191e-05,1241.0,1210.0,5.807619333267212,0.4635772705078125,6.271196603775024,1210.0,1313.9597989949748
industrial_changeover,1987,398,2,Order2,398,6.0280000000000006e-05,-0.011585148284211755,1177.0,1213.0,5.6071813106536865,0.45418238639831543,6.061363697052002,1173.0,1240.2537688442212
industrial_changeover,1988,398,3,Order3,398,6.026e-05,0.017293632496148348,1208.0,1169.0,5.9754157066345215,0.4706864356994629,6.446102142333984,1169.0,1210.7211055276382
industrial_changeover,1989,398,4,Order4,398,6.0240000000000006e-05,0.029614186845719814,1249.0,1225.0,5.3833396434783936,0.4453613758087158,5.828701019287109,1225.0,1284.3718592964824
industrial_changeover,1990,398,5,Order5,398,6.022000000000001e-05,-0.038590896874666214,1279.0,1336.0,6.510608673095703,0.5278916358947754,7.0385003089904785,1282.0,1360.5854271356784
industrial_changeover,1991,399,1,Order1,399,6.02e-05,-0.02248740941286087,1211.0,1210.0,5.617865562438965,0.45494937896728516,6.07281494140625,1210.0,1313.6992481203008
industrial_changeover,1992,399,2,Order2,399,6.018e-05,0.04260720405727625,1208.0,1213.0,5.213441371917725,0.4151761531829834,5.628617525100708,1173.0,1240.185463659148
industrial_changeover,1993,399,3,Order3,399,6.016000000000001e-05,0.036573038436472416,1246.0,1169.0,5.596731901168823,0.4433128833770752,6.040044784545898,1169.0,1210.6165413533834
industrial_changeover,1994,399,4,Order4,399,6.014e-05,0.037105257622897625,1275.0,1231.0,5.295728921890259,0.4259607791900635,5.721689701080322,1225.0,1284.2380952380952
industrial_changeover,1995,399,5,Order5,399,6.012e-05,-0.014065355062484741,1334.0,1336.0,6.270465612411499,0.5041427612304688,6.774608373641968,1282.0,1360.5238095238096
industrial_changeover,1996,400,1,Order1,400,6.0100000000000004e-05,-0.01500170910730958,1262.0,1210.0,5.414026737213135,0.4158966541290283,5.829923391342163,1210.0,1313.44
industrial_changeover,1997,400,2,Order2,400,6.008e-05,-0.01525158784352243,1207.0,1213.0,5.259934425354004,0.41939401626586914,5.679328441619873,1173.0,1240.1175
industrial_changeover,1998,400,3,Order3,400,6.0060000000000004e-05,-0.06366872787475586,1177.0,1169.0,5.5665013790130615,0.44081807136535645,6.007319450378418,1169.0,1210.5125
industrial_changeover,1999,400,4,Order4,400,6.004000000000001e-05,-0.014833985827863216,1231.0,1231.0,5.25214409828186,0.417905330657959,5.670049428939819,1225.0,1284.105
industrial_changeover,2000,400,5,Order5,400,6.002000000000001e-05,-0.030477105639874935,1272.0,1336.0,6.229962348937988,0.49205589294433594,6.722018241882324,1282.0,1360.4625
industrial_changeover,2001,401,1,Order1,401,6e-05,0.06292428821325302,1256.0,1210.0,5.494833469390869,0.4153287410736084,5.9101622104644775,1210.0,1313.1820448877806
industrial_changeover,2002,401,2,Order2,401,5.9980000000000005e-05,0.0867871455848217,1210.0,1213.0,5.1608192920684814,0.40389037132263184,5.564709663391113,1173.0,1240.0498753117206
industrial_changeover,2003,401,3,Order3,401,5.996e-05,0.003157708386424929,1182.0,1169.0,5.59868049621582,0.4676096439361572,6.0662901401519775,1169.0,1210.4089775561097
industrial_changeover,2004,401,4,Order4,401,5.994e-05,3.0385679565370083e-05,1260.0,1231.0,5.19451117515564,0.4156808853149414,5.610192060470581,1225.0,1283.9725685785536
industrial_changeover,2005,401,5,Order5,401,5.9919999999999996e-05,-0.009857811266556382,1361.0,1336.0,6.187378883361816,0.498124361038208,6.685503244400024,1282.0,1360.4014962593517
industrial_changeover,2006,402,1,Order1,402,5.99e-05,0.0012381304113660008,1278.0,1210.0,5.398507833480835,0.47257328033447266,5.871081113815308,1210.0,1312.9253731343283
industrial_changeover,2007,402,2,Order2,402,5.988e-05,-0.016996332444250584,1208.0,1213.0,5.438934326171875,0.45763564109802246,5.8965699672698975,1173.0,1239.9825870646766
industrial_changeover,2008,402,3,Order3,402,5.9860000000000006e-05,0.009708461351692677,1228.0,1169.0,5.800707578659058,0.48662662506103516,6.287334203720093,1169.0,1210.3059701492537
industrial_changeover,2009,402,4,Order4,402,5.984000000000001e-05,-0.020851298701018095,1249.0,1231.0,5.391431570053101,0.43087148666381836,5.822303056716919,1225.0,1283.8407960199006
industrial_changeover,2010,402,5,Order5,402,5.982000000000001e-05,-0.024123386945575476,1323.0,1336.0,6.342000722885132,0.5617706775665283,6.90377140045166,1282.0,1360.3407960199006
industrial_changeover,2011,403,1,Order1,403,5.9800000000000003e-05,-0.022397348657250404,1222.0,1210.0,5.5785558223724365,0.4751119613647461,6.053667783737183,1210.0,1312.6699751861042
industrial_changeover,2012,403,2,Order2,403,5.978e-05,0.11628394946455956,1297.0,1213.0,5.543532371520996,0.4596703052520752,6.003202676773071,1173.0,1239.9156327543424
industrial_changeover,2013,403,3,Order3,403,5.9760000000000004e-05,0.03300164546817541,1246.0,1169.0,6.164860725402832,0.4823930263519287,6.647253751754761,1169.0,1210.2034739454095
industrial_changeover,2014,403,4,Order4,403,5.9739999999999994e-05,-0.020395879168063402,1261.0,1231.0,5.33782172203064,0.4396646022796631,5.777486324310303,1225.0,1283.7096774193549
industrial_changeover,2015,403,5,Order5,403,5.972e-05,-0.04956161603331566,1335.0,1336.0,6.391179323196411,0.5072095394134521,6.898388862609863,1282.0,1360.2803970223324
industrial_changeover,2016,404,1,Order1,404,5.97e-05,-0.047924503684043884,1227.0,1210.0,5.495476484298706,0.4398348331451416,5.935311317443848,1210.0,1312.4158415841584
industrial_changeover,2017,404,2,Order2,404,5.9680000000000005e-05,0.0793688353151083,1297.0,1213.0,5.291855812072754,0.4193596839904785,5.711215496063232,1173.0,1239.84900990099
industrial_changeover,2018,404,3,Order3,404,5.966000000000001e-05,-0.04456016980111599,1175.0,1169.0,5.641455888748169,0.4437382221221924,6.085194110870361,1169.0,1210.101485148515
industrial_changeover,2019,404,4,Order4,404,5.9640000000000005e-05,0.013261399231851101,1269.0,1231.0,5.318388223648071,0.41499924659729004,5.733387470245361,1225.0,1283.579207920792
industrial_changeover,2020,404,5,Order5,404,5.962000000000001e-05,-0.0181771251372993,1350.0,1336.0,6.237613201141357,0.5476038455963135,6.785217046737671,1282.0,1360.220297029703
industrial_changeover,2021,405,1,Order1,405,5.96e-05,0.0021126100909896195,1264.0,1210.0,5.443893909454346,0.44895100593566895,5.892844915390015,1210.0,1312.1629629629629
industrial_changeover,2022,405,2,Order2,405,5.958e-05,0.010074788704514503,1208.0,1213.0,5.411776781082153,0.43705081939697266,5.848827600479126,1173.0,1239.7827160493828
industrial_changeover,2023,405,3,Order3,405,5.9560000000000006e-05,0.08502167463302612,1300.0,1169.0,5.750726938247681,0.4536292552947998,6.2043561935424805,1169.0,1210.0
industrial_changeover,2024,405,4,Order4,405,5.9539999999999996e-05,-0.0035348114324733615,1266.0,1231.0,5.241764068603516,0.42781782150268555,5.669581890106201,1225.0,1283.4493827160493
industrial_changeover,2025,405,5,Order5,405,5.952e-05,-0.09074357710778713,1296.0,1336.0,6.378464937210083,0.4988830089569092,6.877347946166992,1282.0,1360.1604938271605
industrial_changeover,2026,406,1,Order1,406,5.95e-05,-0.07016833126544952,1211.0,1210.0,5.572349548339844,0.4293649196624756,6.001714468002319,1210.0,1311.911330049261
industrial_changeover,2027,406,2,Order2,406,5.948e-05,-0.024481906089931726,1184.0,1213.0,5.385908603668213,0.43235349655151367,5.818262100219727,1173.0,1239.7167487684728
industrial_changeover,2028,406,3,Order3,406,5.946e-05,0.051603724248707294,1246.0,1169.0,5.710687160491943,0.4448709487915039,6.155558109283447,1169.0,1209.8990147783252
industrial_changeover,2029,406,4,Order4,406,5.944000000000001e-05,0.043897408060729504,1225.0,1231.0,5.355586767196655,0.4421260356903076,5.797712802886963,1225.0,1283.320197044335
industrial_changeover,2030,406,5,Order5,406,5.942000000000001e-05,0.023608176037669182,1322.0,1336.0,6.373028516769409,0.5048239231109619,6.877852439880371,1282.0,1360.1009852216748
industrial_changeover,2031,407,1,Order1,407,5.94e-05,0.04562539793550968,1270.0,1210.0,5.694817543029785,0.4523446559906006,6.147162199020386,1210.0,1311.6609336609336
industrial_changeover,2032,407,2,Order2,407,5.9380000000000004e-05,-0.013728085672482848,1201.0,1213.0,5.460385322570801,0.4394855499267578,5.899870872497559,1173.0,1239.6511056511056
industrial_changeover,2033,407,3,Order3,407,5.936000000000001e-05,-0.07691283151507378,1177.0,1169.0,5.744237899780273,0.46526622772216797,6.209504127502441,1169.0,1209.7985257985258
industrial_changeover,2034,407,4,Order4,407,5.934e-05,0.015640282770618796,1260.0,1231.0,5.399037837982178,0.4613931179046631,5.860430955886841,1225.0,1283.1916461916462
industrial_changeover,2035,407,5,Order5,407,5.9319999999999994e-05,0.007755542988888919,1335.0,1336.0,6.418383836746216,0.511969804763794,6.93035364151001,1282.0,1360.041769041769
industrial_changeover,2036,408,1,Order1,408,5.93e-05,0.07450474984943867,1325.0,1210.0,5.597507953643799,0.4768545627593994,6.074362516403198,1210.0,1311.4117647058824
industrial_changeover,2037,408,2,Order2,408,5.928e-05,0.017263748683035374,1208.0,1213.0,5.662080526351929,0.46689844131469727,6.128978967666626,1173.0,1239.5857843137255
industrial_changeover,2038,408,3,Order3,408,5.9260000000000005e-05,-0.03464325424283743,1182.0,1169.0,5.899417161941528,0.45145726203918457,6.350874423980713,1169.0,1209.6985294117646
industrial_changeover,2039,408,4,Order4,408,5.924000000000001e-05,-0.010790820932015777,1264.0,1231.0,5.4176576137542725,0.4561164379119873,5.87377405166626,1225.0,1283.063725490196
industrial_changeover,2040,408,5,Order5,408,5.9220000000000006e-05,-0.02005488844588399,1335.0,1336.0,6.562047958374023,0.5135793685913086,7.075627326965332,1282.0,1359.9828431372548
industrial_changeover,2041,409,1,Order1,409,5.920000000000001e-05,-0.024559286888688803,1223.0,1210.0,5.707293748855591,0.44078898429870605,6.148082733154297,1210.0,1311.1638141809292
industrial_changeover,2042,409,2,Order2,409,5.918e-05,0.01882120594382286,1204.0,1213.0,5.426405191421509,0.42708611488342285,5.853491306304932,1173.0,1239.520782396088
industrial_changeover,2043,409,3,Order3,409,5.916e-05,0.05258935783058405,1245.0,1169.0,5.846569061279297,0.46767282485961914,6.314241886138916,1169.0,1209.59902200489
industrial_changeover,2044,409,4,Order4,409,5.913999999999999e-05,0.030975474044680595,1285.0,1231.0,5.467685222625732,0.43012237548828125,5.897807598114014,1225.0,1282.9364303178484
industrial_changeover,2045,409,5,Order5,409,5.9119999999999996e-05,-0.03286431543529034,1318.0,1336.0,6.4971747398376465,0.51100754737854,7.0081822872161865,1282.0,1359.924205378973
industrial_changeover,2046,410,1,Order1,410,5.91e-05,-0.03772121109068394,1225.0,1210.0,5.661357164382935,0.4637601375579834,6.125117301940918,1210.0,1310.9170731707318
industrial_changeover,2047,410,2,Order2,410,5.9080000000000004e-05,0.002867273287847638,1208.0,1213.0,5.6712706089019775,0.4368126392364502,6.108083248138428,1173.0,1239.4560975609756
industrial_changeover,2048,410,3,Order3,410,5.906000000000001e-05,-0.020885515492409468,1175.0,1169.0,6.077010631561279,0.4624159336090088,6.539426565170288,1169.0,1209.5
industrial_changeover,2049,410,4,Order4,410,5.9040000000000004e-05,0.040912942960858345,1285.0,1231.0,5.5006396770477295,0.44011378288269043,5.94075345993042,1225.0,1282.809756097561
industrial_changeover,2050,410,5,Order5,410,5.902000000000001e-05,0.0017349142581224442,1342.0,1336.0,6.224716663360596,0.4832346439361572,6.707951307296753,1282.0,1359.8658536585365
industrial_changeover,2051,411,1,Order1,411,5.900000000000001e-05,-0.013476430671289563,1220.0,1218.0,5.444364309310913,0.4238455295562744,5.8682098388671875,1210.0,1310.69099756691
industrial_changeover,2052,411,2,Order2,411,5.898e-05,-0.022962324786931276,1173.0,1213.0,5.450170278549194,0.4125514030456543,5.862721681594849,1173.0,1239.3917274939172
industrial_changeover,2053,411,3,Order3,411,5.8960000000000005e-05,0.03173537086695433,1213.0,1169.0,5.553252935409546,0.4653449058532715,6.018597841262817,1169.0,1209.4014598540145
industrial_changeover,2054,411,4,Order4,411,5.8939999999999995e-05,0.012440863763913512,1249.0,1231.0,5.2587127685546875,0.4640815258026123,5.7227942943573,1225.0,1282.683698296837
industrial_changeover,2055,411,5,Order5,411,5.892e-05,-0.004213442443870008,1340.0,1336.0,6.212578058242798,0.4988124370574951,6.711390495300293,1282.0,1359.807785888078
industrial_changeover,2056,412,1,Order1,412,5.89e-05,-0.014150300761684775,1241.0,1218.0,5.547720432281494,0.44092822074890137,5.9886486530303955,1210.0,1310.4660194174758
industrial_changeover,2057,412,2,Order2,412,5.888e-05,0.02201883215457201,1204.0,1213.0,5.376104116439819,0.4088261127471924,5.784930229187012,1173.0,1239.3276699029127
industrial_changeover,2058,412,3,Order3,412,5.886e-05,-0.008339994587004185,1180.0,1169.0,5.575517892837524,0.45215463638305664,6.027672529220581,1169.0,1209.3033980582525
industrial_changeover,2059,412,4,Order4,412,5.8840000000000006e-05,-0.021316626574844122,1225.0,1231.0,5.342915058135986,0.40782928466796875,5.750744342803955,1225.0,1282.5582524271845
industrial_changeover,2060,412,5,Order5,412,5.882000000000001e-05,0.05103547032922506,1404.0,1336.0,6.0993170738220215,0.48836398124694824,6.58768105506897,1282.0,1359.75
industrial_changeover,2061,413,1,Order1,413,5.880000000000001e-05,-0.006607432384043932,1227.0,1210.0,5.372681140899658,0.44321680068969727,5.8158979415893555,1210.0,1310.2227602905568
industrial_changeover,2062,413,2,Order2,413,5.878e-05,0.01946895383298397,1212.0,1213.0,5.22508692741394,0.409848690032959,5.634935617446899,1173.0,1239.26392251816
industrial_changeover,2063,413,3,Order3,413,5.876000000000001e-05,-0.03583539929240942,1169.0,1169.0,5.428732395172119,0.43420863151550293,5.862941026687622,1169.0,1209.2058111380145
industrial_changeover,2064,413,4,Order4,413,5.874e-05,-0.0004247842443874106,1261.0,1231.0,5.188871383666992,0.4155557155609131,5.604427099227905,1225.0,1282.4334140435835
industrial_changeover,2065,413,5,Order5,413,5.872e-05,0.0013105184771120548,1335.0,1336.0,6.543203353881836,0.5342204570770264,7.077423810958862,1282.0,1359.6924939467312
industrial_changeover,2066,414,1,Order1,414,5.87e-05,0.07120665349066257,1336.0,1210.0,5.508681535720825,0.4522101879119873,5.9608917236328125,1210.0,1309.9806763285023
industrial_changeover,2067,414,2,Order2,414,5.868e-05,0.08647903800010681,1297.0,1213.0,5.506834506988525,0.4268672466278076,5.933701753616333,1173.0,1239.2004830917874
industrial_changeover,2068,414,3,Order3,414,5.8660000000000004e-05,-0.06012255512177944,1169.0,1169.0,5.852761507034302,0.4411327838897705,6.293894290924072,1169.0,1209.108695652174
industrial_changeover,2069,414,4,Order4,414,5.864000000000001e-05,-0.04981462936848402,1264.0,1231.0,5.566805124282837,0.40877580642700195,5.975580930709839,1225.0,1282.3091787439614
industrial_changeover,2070,414,5,Order5,414,5.862000000000001e-05,-0.061961036175489426,1318.0,1336.0,6.467221260070801,0.517021656036377,6.984242916107178,1282.0,1359.6352657004832
industrial_changeover,2071,415,1,Order1,415,5.860000000000001e-05,0.043994360603392124,1328.0,1210.0,5.567098617553711,0.43122005462646484,5.998318672180176,1210.0,1309.7397590361445
industrial_changeover,2072,415,2,Order2,415,5.858e-05,0.04610536992549896,1245.0,1213.0,5.585854530334473,0.43259310722351074,6.018447637557983,1173.0,1239.1373493975905
industrial_changeover,2073,415,3,Order3,415,5.856e-05,-0.0032311794348061085,1180.0,1169.0,5.770421504974365,0.47363948822021484,6.24406099319458,1169.0,1209.012048192771
industrial_changeover,2074,415,4,Order4,415,5.853999999999999e-05,-0.03651811275631189,1225.0,1231.0,5.149654388427734,0.4111192226409912,5.560773611068726,1225.0,1282.1855421686746
industrial_changeover,2075,415,5,Order5,415,5.8519999999999995e-05,-0.059541539289057255,1272.0,1336.0,6.219079256057739,0.4905364513397217,6.709615707397461,1282.0,1359.578313253012
industrial_changeover,2076,416,1,Order1,416,5.85e-05,0.014028246281668544,1241.0,1210.0,5.486427545547485,0.4380381107330322,5.924465656280518,1210.0,1309.5
industrial_changeover,2077,416,2,Order2,416,5.848e-05,0.040366590954363346,1205.0,1213.0,5.266536235809326,0.44431257247924805,5.710848808288574,1173.0,1239.0745192307693
industrial_changeover,2078,416,3,Order3,416,5.8460000000000006e-05,0.01216198317706585,1169.0,1169.0,5.694064617156982,0.4506680965423584,6.144732713699341,1169.0,1208.9158653846155
industrial_changeover,2079,416,4,Order4,416,5.844e-05,0.027385367546230555,1266.0,1231.0,5.337853908538818,0.4193131923675537,5.757167100906372,1225.0,1282.0625
industrial_changeover,2080,416,5,Order5,416,5.8420000000000006e-05,0.11754494346678257,1492.0,1336.0,6.223860025405884,0.49997448921203613,6.72383451461792,1282.0,1359.5216346153845
industrial_changeover,2081,417,1,Order1,417,5.840000000000001e-05,-0.05020722188055515,1218.0,1210.0,5.541243076324463,0.4617629051208496,6.0030059814453125,1210.0,1309.2613908872902
industrial_changeover,2082,417,2,Order2,417,5.838e-05,-0.03306223172694445,1209.0,1213.0,5.387361526489258,0.4287993907928467,5.8161609172821045,1173.0,1239.011990407674
industrial_changeover,2083,417,3,Order3,417,5.8360000000000004e-05,0.03354284726083279,1279.0,1169.0,5.771482229232788,0.4754033088684082,6.246885538101196,1169.0,1208.820143884892
industrial_changeover,2084,417,4,Order4,417,5.8339999999999994e-05,-0.033051240257918835,1266.0,1231.0,5.384036540985107,0.4158749580383301,5.7999114990234375,1225.0,1281.9400479616306
industrial_changeover,2085,417,5,Order5,417,5.832e-05,-0.0546831339597702,1322.0,1336.0,6.279730319976807,0.5120983123779297,6.791828632354736,1282.0,1359.4652278177457
industrial_changeover,2086,418,1,Order1,418,5.83e-05,-0.005682048969902098,1259.0,1210.0,5.609790086746216,0.4518249034881592,6.061614990234375,1210.0,1309.0239234449762
industrial_changeover,2087,418,2,Order2,418,5.8280000000000004e-05,0.1319289207458496,1353.0,1213.0,5.482916593551636,0.41117429733276367,5.894090890884399,1173.0,1238.9497607655503
industrial_changeover,2088,418,3,Order3,418,5.826e-05,-0.01855886774137616,1197.0,1169.0,5.720098972320557,0.44739508628845215,6.167494058609009,1169.0,1208.7248803827752
industrial_changeover,2089,418,4,Order4,418,5.8240000000000005e-05,-0.024876433424651623,1264.0,1231.0,5.47713303565979,0.4426400661468506,5.919773101806641,1225.0,1281.8181818181818
industrial_changeover,2090,418,5,Order5,418,5.822000000000001e-05,-0.04959363862872124,1334.0,1336.0,6.504008054733276,0.5303409099578857,7.034348964691162,1282.0,1359.409090909091
industrial_changeover,2091,419,1,Order1,419,5.820000000000001e-05,-0.0019730598432943225,1270.0,1210.0,5.804856538772583,0.46605801582336426,6.270914554595947,1210.0,1308.7875894988067
industrial_changeover,2092,419,2,Order2,419,5.818e-05,-0.03867656085640192,1184.0,1213.0,5.481155633926392,0.41834473609924316,5.899500370025635,1173.0,1238.8878281622913
industrial_changeover,2093,419,3,Order3,419,5.8160000000000006e-05,-0.00453298888169229,1184.0,1169.0,5.9603941440582275,0.4596822261810303,6.420076370239258,1169.0,1208.6300715990453
industrial_changeover,2094,419,4,Order4,419,5.8139999999999996e-05,0.06291737779974937,1300.0,1231.0,5.447611570358276,0.4134855270385742,5.861097097396851,1225.0,1281.6968973747016
industrial_changeover,2095,419,5,Order5,419,5.812e-05,-0.01744592236354947,1318.0,1336.0,6.4876158237457275,0.5105228424072266,6.998138666152954,1282.0,1359.3532219570407
industrial_changeover,2096,420,1,Order1,420,5.8099999999999996e-05,-0.0021913349628448486,1227.0,1210.0,6.089210271835327,0.4417989253997803,6.531009197235107,1210.0,1308.5523809523809
industrial_changeover,2097,420,2,Order2,420,5.808e-05,0.013443606439977884,1208.0,1213.0,5.6835105419158936,0.4426414966583252,6.126152038574219,1173.0,1238.8261904761905
industrial_changeover,2098,420,3,Order3,420,5.806e-05,0.017647443804889917,1213.0,1169.0,5.8333470821380615,0.44701147079467773,6.280358552932739,1169.0,1208.5357142857142
industrial_changeover,2099,420,4,Order4,420,5.804000000000001e-05,-0.00843141763471067,1250.0,1231.0,5.447612047195435,0.440457820892334,5.8880698680877686,1225.0,1281.5761904761905
industrial_changeover,2100,420,5,Order5,420,5.802000000000001e-05,-0.016110450960695744,1335.0,1336.0,6.444321632385254,0.5216631889343262,6.96598482131958,1282.0,1359.297619047619
industrial_changeover,2101,421,1,Order1,421,5.800000000000001e-05,0.0027110259397886693,1249.0,1210.0,5.784498453140259,0.4481682777404785,6.232666730880737,1210.0,1308.3182897862232
industrial_changeover,2102,421,2,Order2,421,5.7980000000000004e-05,0.019044020678848028,1205.0,1213.0,5.464813470840454,0.43535852432250977,5.900171995162964,1173.0,1238.7648456057007
industrial_changeover,2103,421,3,Order3,421,5.796e-05,0.02106870338320732,1246.0,1169.0,5.8838419914245605,0.45122265815734863,6.335064649581909,1169.0,1208.4418052256533
industrial_changeover,2104,421,4,Order4,421,5.7940000000000004e-05,-0.02740004425868392,1239.0,1231.0,5.596729755401611,0.43697071075439453,6.033700466156006,1225.0,1281.456057007126
industrial_changeover,2105,421,5,Order5,421,5.7919999999999994e-05,-0.016746343113482,1339.0,1336.0,6.56876802444458,0.5008516311645508,7.069619655609131,1282.0,1359.2422802850356
industrial_changeover,2106,422,1,Order1,422,5.79e-05,0.005822290200740099,1263.0,1212.0,5.624186992645264,0.44233226776123047,6.066519260406494,1210.0,1308.090047393365
industrial_changeover,2107,422,2,Order2,422,5.788e-05,-0.03723106812685728,1177.0,1213.0,5.4820380210876465,0.4725797176361084,5.954617738723755,1173.0,1238.7037914691944
industrial_changeover,2108,422,3,Order3,422,5.7860000000000005e-05,-0.023625335656106472,1169.0,1169.0,5.713843584060669,0.466571569442749,6.180415153503418,1169.0,1208.3483412322275
industrial_changeover,2109,422,4,Order4,422,5.784000000000001e-05,0.03440249152481556,1264.0,1231.0,5.260290861129761,0.40517568588256836,5.665466547012329,1225.0,1281.3364928909953
industrial_changeover,2110,422,5,Order5,422,5.7820000000000005e-05,0.019613053649663925,1334.0,1336.0,6.151667594909668,0.48519110679626465,6.636858701705933,1282.0,1359.1872037914693
industrial_changeover,2111,423,1,Order1,423,5.780000000000001e-05,0.05380157008767128,1283.0,1210.0,5.488768577575684,0.42921948432922363,5.917988061904907,1210.0,1307.8581560283687
industrial_changeover,2112,423,2,Order2,423,5.778e-05,0.04234059527516365,1251.0,1213.0,5.256822824478149,0.42316555976867676,5.679988384246826,1173.0,1238.6430260047282
industrial_changeover,2113,423,3,Order3,423,5.776e-05,0.05726483557373285,1310.0,1169.0,5.653249979019165,0.44354772567749023,6.096797704696655,1169.0,1208.2553191489362
industrial_changeover,2114,423,4,Order4,423,5.7740000000000006e-05,-0.046682809479534626,1260.0,1231.0,5.158293962478638,0.41057467460632324,5.568868637084961,1225.0,1281.2174940898344
industrial_changeover,2115,423,5,Order5,423,5.7719999999999996e-05,-0.06364365108311176,1359.0,1336.0,6.1144630908966064,0.4879629611968994,6.602426052093506,1282.0,1359.1323877068558
industrial_changeover,2116,424,1,Order1,424,5.77e-05,-0.07986865937709808,1220.0,1212.0,5.557274580001831,0.4318106174468994,5.9890851974487305,1210.0,1307.632075471698
industrial_changeover,2117,424,2,Order2,424,5.7680000000000003e-05,0.021867838688194752,1240.0,1213.0,5.277430057525635,0.40927600860595703,5.686706066131592,1173.0,1238.5825471698113
industrial_changeover,2118,424,3,Order3,424,5.766e-05,0.042343326844275,1231.0,1169.0,5.6288158893585205,0.4444770812988281,6.073292970657349,1169.0,1208.1627358490566
industrial_changeover,2119,424,4,Order4,424,5.7640000000000004e-05,0.0026743264170363545,1229.0,1231.0,5.02727198600769,0.3947179317474365,5.421989917755127,1225.0,1281.0990566037735
industrial_changeover,2120,424,5,Order5,424,5.762000000000001e-05,-0.008151949616149068,1323.0,1335.0,6.039045333862305,0.48003196716308594,6.519077301025391,1282.0,1359.0754716981132
industrial_changeover,2121,425,1,Order1,425,5.760000000000001e-05,0.011848216876387596,1241.0,1212.0,5.446536064147949,0.4168703556060791,5.863406419754028,1210.0,1307.4070588235295
industrial_changeover,2122,425,2,Order2,425,5.758e-05,0.001672012876952067,1205.0,1213.0,5.107925653457642,0.4138309955596924,5.521756649017334,1173.0,1238.5223529411765
industrial_changeover,2123,425,3,Order3,425,5.7560000000000005e-05,-0.031106116715818644,1182.0,1169.0,5.760516405105591,0.5110852718353271,6.271601676940918,1169.0,1208.070588235294
industrial_changeover,2124,425,4,Order4,425,5.754000000000001e-05,0.039302945137023926,1266.0,1231.0,5.632455587387085,0.43150901794433594,6.063964605331421,1225.0,1280.9811764705883
industrial_changeover,2125,425,5,Order5,425,5.752e-05,0.037001509219408035,1387.0,1335.0,6.345366954803467,0.5611202716827393,6.906487226486206,1282.0,1359.0188235294117
industrial_changeover,2126,426,1,Order1,426,5.7499999999999995e-05,0.03260670881718397,1283.0,1212.0,5.429334402084351,0.45662713050842285,5.885961532592773,1210.0,1307.1830985915492
industrial_changeover,2127,426,2,Order2,426,5.748e-05,0.0070524715119972825,1244.0,1213.0,5.49479603767395,0.47161197662353516,5.966408014297485,1173.0,1238.462441314554
industrial_changeover,2128,426,3,Order3,426,5.746e-05,-0.07660061866044998,1175.0,1169.0,5.75917387008667,0.4526650905609131,6.211838960647583,1169.0,1207.9788732394366
industrial_changeover,2129,426,4,Order4,426,5.7440000000000006e-05,-0.004251838778145611,1285.0,1231.0,5.289121627807617,0.45713329315185547,5.746254920959473,1225.0,1280.8638497652582
industrial_changeover,2130,426,5,Order5,426,5.742000000000001e-05,-0.027309080585837364,1318.0,1336.0,6.400017261505127,0.5083467960357666,6.9083640575408936,1282.0,1358.9647887323943
industrial_changeover,2131,427,1,Order1,427,5.7400000000000006e-05,0.03346497006714344,1279.0,1218.0,5.591185569763184,0.43007922172546387,6.0212647914886475,1210.0,1306.9742388758782
industrial_changeover,2132,427,2,Order2,427,5.738e-05,0.02051851013675332,1207.0,1213.0,5.376943111419678,0.4237372875213623,5.80068039894104,1173.0,1238.4028103044498
industrial_changeover,2133,427,3,Order3,427,5.736e-05,-0.019748262129724026,1177.0,1169.0,5.585607290267944,0.44501805305480957,6.030625343322754,1169.0,1207.887587822014
industrial_changeover,2134,427,4,Order4,427,5.734e-05,0.010264509124681354,1269.0,1231.0,5.260891914367676,0.4259159564971924,5.686807870864868,1225.0,1280.7470725995315
industrial_changeover,2135,427,5,Order5,427,5.731999999999999e-05,-0.0013248823815956712,1338.0,1336.0,6.330124855041504,0.5002684593200684,6.830393314361572,1282.0,1358.9110070257611
industrial_changeover,2136,428,1,Order1,428,5.73e-05,-0.011762312380596995,1247.0,1218.0,5.455119371414185,0.42509961128234863,5.880218982696533,1210.0,1306.766355140187
industrial_changeover,2137,428,2,Order2,428,5.728e-05,0.017314014956355095,1212.0,1213.0,5.454196453094482,0.4452033042907715,5.899399757385254,1173.0,1238.3434579439252
industrial_changeover,2138,428,3,Order3,428,5.7260000000000004e-05,0.038964967243373394,1222.0,1169.0,5.808830499649048,0.45733118057250977,6.266161680221558,1169.0,1207.7967289719627
industrial_changeover,2139,428,4,Order4,428,5.724000000000001e-05,-0.006812617531977594,1264.0,1231.0,5.415997266769409,0.4219858646392822,5.837983131408691,1225.0,1280.6308411214952
industrial_changeover,2140,428,5,Order5,428,5.7220000000000004e-05,-0.03133606165647507,1320.0,1336.0,6.363120079040527,0.5092470645904541,6.8723671436309814,1282.0,1358.857476635514
industrial_changeover,2141,429,1,Order1,429,5.720000000000001e-05,0.01669969502836466,1283.0,1218.0,5.570470094680786,0.43327903747558594,6.003749132156372,1210.0,1306.5594405594406
industrial_changeover,2142,429,2,Order2,429,5.718e-05,0.005865642800927162,1212.0,1213.0,5.457388401031494,0.41293883323669434,5.8703272342681885,1173.0,1238.2843822843822
industrial_changeover,2143,429,3,Order3,429,5.716e-05,-0.0065355064580217,1186.0,1169.0,5.734692096710205,0.4713428020477295,6.206034898757935,1169.0,1207.7062937062938
industrial_changeover,2144,429,4,Order4,429,5.7140000000000005e-05,-0.01096953172236681,1264.0,1231.0,5.389550685882568,0.43270230293273926,5.822252988815308,1225.0,1280.5151515151515
industrial_changeover,2145,429,5,Order5,429,5.7119999999999995e-05,-0.08160047419369221,1248.0,1336.0,6.342218637466431,0.5030198097229004,6.845238447189331,1282.0,1358.8041958041958
industrial_changeover,2146,430,1,Order1,430,5.71e-05,-0.00547143432777375,1223.0,1220.0,5.546746015548706,0.43716001510620117,5.983906030654907,1210.0,1306.3581395348838
industrial_changeover,2147,430,2,Order2,430,5.708e-05,0.13717441633343697,1292.0,1213.0,5.405872106552124,0.4449596405029297,5.850831747055054,1173.0,1238.2255813953489
industrial_changeover,2148,430,3,Order3,430,5.706e-05,0.1078045666217804,1281.0,1169.0,5.921254396438599,0.5014805793762207,6.422734975814819,1169.0,1207.6162790697674
industrial_changeover,2149,430,4,Order4,430,5.704e-05,-0.026885960716754198,1249.0,1231.0,5.527261972427368,0.43567776679992676,5.962939739227295,1225.0,1280.4
industrial_changeover,2150,430,5,Order5,430,5.7020000000000006e-05,-0.06907850503921509,1319.0,1336.0,6.416967391967773,0.5289530754089355,6.945920467376709,1282.0,1358.7511627906977
industrial_changeover,2151,431,1,Order1,431,5.700000000000001e-05,-0.06413726136088371,1224.0,1218.0,5.84589147567749,0.4537374973297119,6.299628973007202,1210.0,1306.15313225058
industrial_changeover,2152,431,2,Order2,431,5.698e-05,0.006302568828687072,1213.0,1213.0,5.572141885757446,0.45375633239746094,6.025898218154907,1173.0,1238.1670533642691
industrial_changeover,2153,431,3,Order3,431,5.6960000000000004e-05,-0.03033136995509267,1175.0,1169.0,5.792138338088989,0.4732816219329834,6.265419960021973,1169.0,1207.5266821345708
industrial_changeover,2154,431,4,Order4,431,5.694000000000001e-05,0.026165282353758812,1249.0,1231.0,5.428460359573364,0.41731715202331543,5.84577751159668,1225.0,1280.2853828306265
industrial_changeover,2155,431,5,Order5,431,5.692e-05,0.017985955346375704,1322.0,1336.0,6.394509792327881,0.513298511505127,6.907808303833008,1282.0,1358.6983758700696
industrial_changeover,2156,432,1,Order1,432,5.69e-05,0.06385079212486744,1283.0,1218.0,5.682047605514526,0.46684694290161133,6.148894548416138,1210.0,1305.9490740740741
industrial_changeover,2157,432,2,Order2,432,5.688e-05,0.03234271891415119,1216.0,1213.0,5.43578028678894,0.4228498935699463,5.858630180358887,1173.0,1238.1087962962963
industrial_changeover,2158,432,3,Order3,432,5.686e-05,-0.005805027554742992,1227.0,1169.0,5.763084650039673,0.45099711418151855,6.214081764221191,1169.0,1207.4375
industrial_changeover,2159,432,4,Order4,432,5.6840000000000005e-05,-0.017659155186265707,1266.0,1231.0,5.441982984542847,0.4392058849334717,5.881188869476318,1225.0,1280.1712962962963
industrial_changeover,2160,432,5,Order5,432,5.682000000000001e-05,-0.03302270360291004,1334.0,1336.0,6.502017021179199,0.517143964767456,7.019160985946655,1282.0,1358.6458333333333
industrial_changeover,2161,433,1,Order1,433,5.680000000000001e-05,-0.036151367239654064,1224.0,1218.0,5.573803901672363,0.43935728073120117,6.0131611824035645,1210.0,1305.7459584295611
industrial_changeover,2162,433,2,Order2,433,5.678000000000001e-05,0.06500418856739998,1287.0,1213.0,5.66898250579834,0.437131404876709,6.106113910675049,1173.0,1238.0508083140878
industrial_changeover,2163,433,3,Order3,433,5.6760000000000005e-05,0.0020569016342051327,1196.0,1169.0,5.94823431968689,0.4687964916229248,6.4170308113098145,1169.0,1207.3487297921479
industrial_changeover,2164,433,4,Order4,433,5.674e-05,-0.0036356153432279825,1264.0,1231.0,5.672002077102661,0.47305822372436523,6.145060300827026,1225.0,1280.0577367205542
industrial_changeover,2165,433,5,Order5,433,5.671999999999999e-05,-0.038788857869803905,1325.0,1336.0,6.514585494995117,0.5192720890045166,7.033857583999634,1282.0,1358.593533487298
industrial_changeover,2166,434,1,Order1,434,5.6699999999999996e-05,0.021429579239338636,1280.0,1218.0,5.668687343597412,0.4442424774169922,6.112929821014404,1210.0,1305.5437788018432
industrial_changeover,2167,434,2,Order2,434,5.668e-05,0.012497327290475368,1205.0,1213.0,5.263837099075317,0.4289569854736328,5.69279408454895,1173.0,1237.9930875576038
industrial_changeover,2168,434,3,Order3,434,5.666e-05,0.06364662759006023,1281.0,1169.0,5.590787887573242,0.4317357540130615,6.022523641586304,1169.0,1207.2603686635944
industrial_changeover,2169,434,4,Order4,434,5.6640000000000007e-05,-0.036637576296925545,1231.0,1231.0,5.197062730789185,0.4151618480682373,5.612224578857422,1225.0,1279.9447004608294
industrial_changeover,2170,434,5,Order5,434,5.6620000000000003e-05,-0.04551081545650959,1318.0,1335.0,6.196979761123657,0.49539971351623535,6.692379474639893,1282.0,1358.5391705069123
industrial_changeover,2171,435,1,Order1,435,5.660000000000001e-05,-0.029763420578092337,1224.0,1220.0,5.518831253051758,0.4311516284942627,5.9499828815460205,1210.0,1305.3471264367815
industrial_changeover,2172,435,2,Order2,435,5.658000000000001e-05,0.02761369990184903,1210.0,1213.0,5.3250274658203125,0.4368278980255127,5.761855363845825,1173.0,1237.935632183908
industrial_changeover,2173,435,3,Order3,435,5.656e-05,-0.025936654768884182,1169.0,1169.0,5.5807881355285645,0.4343245029449463,6.015112638473511,1169.0,1207.1724137931035
industrial_changeover,2174,435,4,Order4,435,5.6540000000000004e-05,0.0180122097954154,1237.0,1231.0,5.182394027709961,0.4084022045135498,5.590796232223511,1225.0,1279.832183908046
industrial_changeover,2175,435,5,Order5,435,5.6519999999999994e-05,0.027807475067675114,1336.0,1335.0,6.386724472045898,0.48792147636413574,6.874645948410034,1282.0,1358.4850574712643
industrial_changeover,2176,436,1,Order1,436,5.65e-05,0.03308356739580631,1275.0,1220.0,5.306881904602051,0.4212327003479004,5.728114604949951,1210.0,1305.151376146789
industrial_changeover,2177,436,2,Order2,436,5.648e-05,0.08668823167681694,1296.0,1213.0,5.273792743682861,0.40756678581237793,5.681359529495239,1173.0,1237.8784403669724
industrial_changeover,2178,436,3,Order3,436,5.6460000000000005e-05,-0.0048678567400202155,1265.0,1169.0,5.525862455368042,0.44492626190185547,5.9707887172698975,1169.0,1207.084862385321
industrial_changeover,2179,436,4,Order4,436,5.644e-05,-0.07553723640739918,1223.0,1231.0,5.130175352096558,0.40287303924560547,5.533048391342163,1225.0,1279.7201834862385
industrial_changeover,2180,436,5,Order5,436,5.6420000000000005e-05,-0.05487433448433876,1334.0,1335.0,6.137210369110107,0.5021629333496094,6.639373302459717,1282.0,1358.4311926605506
industrial_changeover,2181,437,1,Order1,437,5.640000000000001e-05,-0.001532698341179639,1267.0,1220.0,5.357367038726807,0.446796178817749,5.804163217544556,1210.0,1304.9565217391305
industrial_changeover,2182,437,2,Order2,437,5.638000000000001e-05,0.08369162492454052,1298.0,1213.0,5.555605173110962,0.44513678550720215,6.000741958618164,1173.0,1237.8215102974827
industrial_changeover,2183,437,3,Order3,437,5.636e-05,-0.04787358269095421,1175.0,1169.0,5.661422252655029,0.46280765533447266,6.124229907989502,1169.0,1206.9977116704806
industrial_changeover,2184,437,4,Order4,437,5.6340000000000006e-05,-0.00399793719407171,1249.0,1231.0,5.572185039520264,0.421950101852417,5.994135141372681,1225.0,1279.608695652174
industrial_changeover,2185,437,5,Order5,437,5.6319999999999996e-05,-0.012825836427509785,1336.0,1335.0,6.653151273727417,0.5048341751098633,7.15798544883728,1282.0,1358.3775743707095
industrial_changeover,2186,438,1,Order1,438,5.63e-05,0.011381866177543998,1270.0,1212.0,5.421027183532715,0.43131089210510254,5.852338075637817,1210.0,1304.744292237443
industrial_changeover,2187,438,2,Order2,438,5.6279999999999996e-05,0.01173721463419497,1210.0,1213.0,5.388381242752075,0.44037890434265137,5.828760147094727,1173.0,1237.7648401826484
industrial_changeover,2188,438,3,Order3,438,5.626e-05,0.06366444379091263,1281.0,1169.0,5.897102355957031,0.45452094078063965,6.351623296737671,1169.0,1206.9109589041095
industrial_changeover,2189,438,4,Order4,438,5.6240000000000004e-05,-0.018813176080584526,1239.0,1231.0,5.253026485443115,0.4154188632965088,5.668445348739624,1225.0,1279.4977168949772
industrial_changeover,2190,438,5,Order5,438,5.622000000000001e-05,-0.04437614046037197,1323.0,1335.0,6.205703258514404,0.5373969078063965,6.743100166320801,1282.0,1358.324200913242
industrial_changeover,2191,439,1,Order1,439,5.620000000000001e-05,0.03679462894797325,1325.0,1220.0,5.53535270690918,0.43494439125061035,5.97029709815979,1210.0,1304.5512528473805
industrial_changeover,2192,439,2,Order2,439,5.618000000000001e-05,-0.012378897750750184,1209.0,1213.0,5.224441766738892,0.4163374900817871,5.640779256820679,1173.0,1237.7084282460137
industrial_changeover,2193,439,3,Order3,439,5.6160000000000004e-05,-0.06333738937973976,1169.0,1169.0,5.737772464752197,0.480365514755249,6.218137979507446,1169.0,1206.8246013667426
industrial_changeover,2194,439,4,Order4,439,5.614e-05,0.02205265313386917,1260.0,1231.0,5.256083011627197,0.4159212112426758,5.672004222869873,1225.0,1279.3872437357631
industrial_changeover,2195,439,5,Order5,439,5.612e-05,0.016392907593399286,1339.0,1335.0,6.265181064605713,0.5042691230773926,6.7694501876831055,1282.0,1358.2710706150342
industrial_changeover,2196,440,1,Order1,440,5.6099999999999995e-05,0.005826254724524915,1227.0,1225.0,5.682066917419434,0.45053625106811523,6.132603168487549,1210.0,1304.3704545454545
industrial_changeover,2197,440,2,Order2,440,5.608e-05,0.022761093452572823,1209.0,1213.0,5.334156036376953,0.4388260841369629,5.772982120513916,1173.0,1237.6522727272727
industrial_changeover,2198,440,3,Order3,440,5.606e-05,-0.019928641617298126,1169.0,1169.0,5.773184299468994,0.46425652503967285,6.237440824508667,1169.0,1206.7386363636363
industrial_changeover,2199,440,4,Order4,440,5.6040000000000006e-05,-0.012267824029549956,1225.0,1231.0,5.372772455215454,0.4265785217285156,5.79935097694397,1225.0,1279.2772727272727
industrial_changeover,2200,440,5,Order5,440,5.602000000000001e-05,0.007856473326683044,1338.0,1335.0,6.281609058380127,0.5055334568023682,6.787142515182495,1282.0,1358.2181818181818
industrial_changeover,2201,441,1,Order1,441,5.6000000000000006e-05,0.029803088400512934,1259.0,1218.0,5.565266132354736,0.43408656120300293,5.999352693557739,1210.0,1304.1746031746031
industrial_changeover,2202,441,2,Order2,441,5.598000000000001e-05,0.052975405007600784,1250.0,1213.0,5.427231550216675,0.4315767288208008,5.858808279037476,1173.0,1237.5963718820863
industrial_changeover,2203,441,3,Order3,441,5.596e-05,0.06292824540287256,1281.0,1169.0,5.723597526550293,0.4674975872039795,6.1910951137542725,1169.0,1206.6530612244899
industrial_changeover,2204,441,4,Order4,441,5.594e-05,-0.055302065797150135,1231.0,1231.0,5.318468332290649,0.42680883407592773,5.745277166366577,1225.0,1279.1678004535147
industrial_changeover,2205,441,5,Order5,441,5.591999999999999e-05,-0.1050832848995924,1275.0,1335.0,6.428951740264893,0.5222012996673584,6.951153039932251,1282.0,1358.1655328798186
industrial_changeover,2206,442,1,Order1,442,5.59e-05,0.03756233863532543,1340.0,1218.0,5.660041093826294,0.4490790367126465,6.10912013053894,1210.0,1303.9796380090497
industrial_changeover,2207,442,2,Order2,442,5.588e-05,0.10116915218532085,1296.0,1213.0,5.576391220092773,0.4398069381713867,6.01619815826416,1173.0,1237.5407239819006
industrial_changeover,2208,442,3,Order3,442,5.5860000000000004e-05,-0.023998090531677008,1208.0,1169.0,5.800387144088745,0.4747309684753418,6.275118112564087,1169.0,1206.5678733031675
industrial_changeover,2209,442,4,Order4,442,5.584e-05,-0.04142469074577093,1235.0,1231.0,5.404932260513306,0.4217820167541504,5.826714277267456,1225.0,1279.0588235294117
industrial_changeover,2210,442,5,Order5,442,5.5820000000000004e-05,-0.035601708106696606,1335.0,1336.0,6.400270462036133,0.49832677841186523,6.898597240447998,1282.0,1358.1153846153845
industrial_changeover,2211,443,1,Order1,443,5.580000000000001e-05,-0.03086992586031556,1218.0,1218.0,5.604863405227661,0.44565534591674805,6.050518751144409,1210.0,1303.7855530474042
industrial_changeover,2212,443,2,Order2,443,5.578000000000001e-05,0.015039815567433834,1210.0,1213.0,5.422711610794067,0.4213860034942627,5.84409761428833,1173.0,1237.4853273137699
industrial_changeover,2213,443,3,Order3,443,5.576e-05,-0.006340708932839334,1169.0,1169.0,5.7188122272491455,0.451369047164917,6.1701812744140625,1169.0,1206.4830699774266
industrial_changeover,2214,443,4,Order4,443,5.5740000000000005e-05,0.05064032692462206,1261.0,1231.0,5.356849193572998,0.41367673873901367,5.770525932312012,1225.0,1278.9503386004515
industrial_changeover,2215,443,5,Order5,443,5.5719999999999995e-05,0.016866765916347504,1338.0,1336.0,6.328940153121948,0.4918525218963623,6.8207926750183105,1282.0,1358.0654627539504
industrial_changeover,2216,444,1,Order1,444,5.57e-05,0.06554767303168774,1330.0,1218.0,5.676848649978638,0.4442160129547119,6.12106466293335,1210.0,1303.5923423423424
industrial_changeover,2217,444,2,Order2,444,5.5679999999999995e-05,-0.0032613661605864763,1212.0,1213.0,5.28655743598938,0.4293324947357178,5.715889930725098,1173.0,1237.4301801801803
industrial_changeover,2218,444,3,Order3,444,5.566e-05,-0.0574480090290308,1175.0,1169.0,5.7433977127075195,0.5066015720367432,6.249999284744263,1169.0,1206.3986486486488
industrial_changeover,2219,444,4,Order4,444,5.564e-05,-0.012529951287433505,1266.0,1231.0,5.362590551376343,0.4215412139892578,5.784131765365601,1225.0,1278.8423423423424
industrial_changeover,2220,444,5,Order5,444,5.5620000000000006e-05,-0.023618893697857857,1335.0,1336.0,6.421236515045166,0.5381178855895996,6.959354400634766,1282.0,1358.0157657657658
industrial_changeover,2221,445,1,Order1,445,5.560000000000001e-05,-0.020174959674477577,1223.0,1218.0,5.638416290283203,0.4423067569732666,6.08072304725647,1210.0,1303.4
industrial_changeover,2222,445,2,Order2,445,5.5580000000000007e-05,0.1025029681622982,1296.0,1213.0,5.682225704193115,0.451770544052124,6.133996248245239,1173.0,1237.3752808988763
industrial_changeover,2223,445,3,Order3,445,5.556e-05,-0.013464514398947358,1175.0,1169.0,6.038436651229858,0.48467063903808594,6.523107290267944,1169.0,1206.314606741573
industrial_changeover,2224,445,4,Order4,445,5.554e-05,-0.006942131440155208,1266.0,1231.0,5.305114269256592,0.4454531669616699,5.750567436218262,1225.0,1278.734831460674
industrial_changeover,2225,445,5,Order5,445,5.5520000000000004e-05,-0.018075771164149046,1358.0,1336.0,6.402403354644775,0.48645877838134766,6.888862133026123,1282.0,1357.9662921348315
industrial_changeover,2226,446,1,Order1,446,5.5499999999999994e-05,-0.03519127797335386,1225.0,1218.0,5.540570497512817,0.43491029739379883,5.975480794906616,1210.0,1303.2085201793723
industrial_changeover,2227,446,2,Order2,446,5.548e-05,0.09669625945389271,1301.0,1213.0,5.299180269241333,0.4109160900115967,5.71009635925293,1173.0,1237.3206278026905
industrial_changeover,2228,446,3,Order3,446,5.546e-05,-0.027174348942935467,1175.0,1169.0,5.719222068786621,0.43869495391845703,6.157917022705078,1169.0,1206.2309417040358
industrial_changeover,2229,446,4,Order4,446,5.5440000000000005e-05,-0.012887367978692055,1266.0,1231.0,5.270931005477905,0.4199340343475342,5.6908650398254395,1225.0,1278.627802690583
industrial_changeover,2230,446,5,Order5,446,5.542000000000001e-05,-0.03298790846019983,1335.0,1336.0,6.246564149856567,0.502042293548584,6.748606443405151,1282.0,1357.9170403587443
industrial_changeover,2231,447,1,Order1,447,5.5400000000000005e-05,-0.03454518970102072,1218.0,1218.0,5.395374536514282,0.43123722076416016,5.826611757278442,1210.0,1303.0178970917225
industrial_changeover,2232,447,2,Order2,447,5.538000000000001e-05,-0.03333850111812353,1177.0,1213.0,5.279416561126709,0.4184713363647461,5.697887897491455,1173.0,1237.2662192393736
industrial_changeover,2233,447,3,Order3,447,5.536e-05,0.013375804526731372,1169.0,1169.0,5.620692491531372,0.46129393577575684,6.081986427307129,1169.0,1206.1476510067114
industrial_changeover,2234,447,4,Order4,447,5.534e-05,0.0468920087441802,1266.0,1231.0,5.156075477600098,0.4137299060821533,5.569805383682251,1225.0,1278.5212527964206
industrial_changeover,2235,447,5,Order5,447,5.5320000000000006e-05,0.027180770877748728,1359.0,1336.0,6.209215879440308,0.4790968894958496,6.688312768936157,1282.0,1357.8680089485458
industrial_changeover,2236,448,1,Order1,448,5.5299999999999996e-05,-0.00028560513601405546,1224.0,1218.0,5.314319610595703,0.420501708984375,5.734821319580078,1210.0,1302.828125
industrial_changeover,2237,448,2,Order2,448,5.528e-05,0.00027294304163660854,1209.0,1213.0,5.235469579696655,0.42153334617614746,5.657002925872803,1173.0,1237.2120535714287
industrial_changeover,2238,448,3,Order3,448,5.526e-05,0.0414818087592721,1235.0,1169.0,5.447923183441162,0.43166279792785645,5.8795859813690186,1169.0,1206.064732142857
industrial_changeover,2239,448,4,Order4,448,5.524e-05,0.012541224714368582,1285.0,1231.0,5.186286687850952,0.4154014587402344,5.6016881465911865,1225.0,1278.4151785714287
industrial_changeover,2240,448,5,Order5,448,5.522e-05,-0.03886755649000406,1334.0,1336.0,6.3546788692474365,0.5096588134765625,6.864337682723999,1282.0,1357.8191964285713
industrial_changeover,2241,449,1,Order1,449,5.520000000000001e-05,0.027361310087144375,1327.0,1218.0,5.770647048950195,0.4596574306488037,6.230304479598999,1210.0,1302.639198218263
industrial_changeover,2242,449,2,Order2,449,5.518000000000001e-05,0.013080050237476826,1254.0,1213.0,5.384906053543091,0.4498932361602783,5.834799289703369,1173.0,1237.1581291759464
industrial_changeover,2243,449,3,Order3,449,5.516e-05,-0.051283691078424454,1169.0,1169.0,5.7628493309021,0.459575891494751,6.222425222396851,1169.0,1205.9821826280624
industrial_changeover,2244,449,4,Order4,449,5.5140000000000004e-05,-0.049894328229129314,1225.0,1231.0,5.612786769866943,0.43790769577026367,6.050694465637207,1225.0,1278.3095768374164
industrial_changeover,2245,449,5,Order5,449,5.512000000000001e-05,-0.040007744915783405,1309.0,1336.0,6.203457593917847,0.500032901763916,6.703490495681763,1282.0,1357.770601336303
industrial_changeover,2246,450,1,Order1,450,5.51e-05,0.019266385585069656,1241.0,1218.0,5.834221601486206,0.46427249908447266,6.298494100570679,1210.0,1302.451111111111
industrial_changeover,2247,450,2,Order2,450,5.508e-05,0.036447915248572826,1203.0,1213.0,5.474946022033691,0.4658637046813965,5.940809726715088,1173.0,1237.1044444444444
industrial_changeover,2248,450,3,Order3,450,5.506e-05,0.06803184188902378,1213.0,1169.0,6.137328863143921,0.4801137447357178,6.617442607879639,1169.0,1205.9
industrial_changeover,2249,450,4,Order4,450,5.504e-05,0.04241411853581667,1292.0,1231.0,5.343761920928955,0.4133129119873047,5.75707483291626,1225.0,1278.2044444444443
industrial_changeover,2250,450,5,Order5,450,5.5020000000000005e-05,-0.0212984555400908,1339.0,1336.0,6.229543685913086,0.4869241714477539,6.71646785736084,1282.0,1357.7222222222222
industrial_changeover,2251,451,1,Order1,451,5.500000000000001e-05,0.023368116468191147,1325.0,1218.0,5.46101713180542,0.4301338195800781,5.891150951385498,1210.0,1302.2638580931264
industrial_changeover,2252,451,2,Order2,451,5.498000000000001e-05,-0.0024108736542984843,1249.0,1213.0,5.3564231395721436,0.4224085807800293,5.778831720352173,1173.0,1237.050997782705
industrial_changeover,2253,451,3,Order3,451,5.496e-05,-0.05766273755580187,1169.0,1169.0,5.5896618366241455,0.44134068489074707,6.031002521514893,1169.0,1205.8181818181818
industrial_changeover,2254,451,4,Order4,451,5.4940000000000006e-05,-0.030778476502746344,1266.0,1231.0,5.194592237472534,0.4230809211730957,5.61767315864563,1225.0,1278.09977827051
industrial_changeover,2255,451,5,Order5,451,5.492e-05,-0.018005335237830877,1336.0,1336.0,6.25691819190979,0.4901754856109619,6.747093677520752,1282.0,1357.6740576496675
industrial_changeover,2256,452,1,Order1,452,5.489999999999999e-05,-0.014708122937008739,1224.0,1218.0,5.48134970664978,0.4435713291168213,5.924921035766602,1210.0,1302.0774336283187
industrial_changeover,2257,452,2,Order2,452,5.4879999999999996e-05,0.036486053839325905,1213.0,1213.0,5.312720775604248,0.4160456657409668,5.728766441345215,1173.0,1236.9977876106195
industrial_changeover,2258,452,3,Order3,452,5.486e-05,0.018122260458767414,1169.0,1169.0,5.6972410678863525,0.44092392921447754,6.13816499710083,1169.0,1205.736725663717
industrial_changeover,2259,452,4,Order4,452,5.4840000000000003e-05,0.0353774968534708,1275.0,1231.0,5.236219167709351,0.40721726417541504,5.643436431884766,1225.0,1277.995575221239
industrial_changeover,2260,452,5,Order5,452,5.482000000000001e-05,0.0014609177596867085,1338.0,1336.0,6.277530670166016,0.538726806640625,6.816257476806641,1282.0,1357.6261061946902
industrial_changeover,2261,453,1,Order1,453,5.4800000000000004e-05,-0.030199090484529734,1220.0,1218.0,5.609269142150879,0.4335367679595947,6.042805910110474,1210.0,1301.8918322295806
industrial_changeover,2262,453,2,Order2,453,5.478000000000001e-05,0.003654845233540982,1212.0,1213.0,5.409131288528442,0.42625927925109863,5.835390567779541,1173.0,1236.944812362031
industrial_changeover,2263,453,3,Order3,453,5.476e-05,-0.01029628375545144,1169.0,1169.0,5.613006114959717,0.4353647232055664,6.048370838165283,1169.0,1205.6556291390727
industrial_changeover,2264,453,4,Order4,453,5.474e-05,-0.023375540506094694,1231.0,1231.0,5.2757933139801025,0.42108917236328125,5.696882486343384,1225.0,1277.8918322295806
industrial_changeover,2265,453,5,Order5,453,5.4720000000000005e-05,-0.0023787440732121468,1323.0,1336.0,6.4163618087768555,0.5185248851776123,6.934886693954468,1282.0,1357.5783664459161
industrial_changeover,2266,454,1,Order1,454,5.4699999999999995e-05,0.0037651899037882686,1227.0,1218.0,5.6575727462768555,0.453183650970459,6.1107563972473145,1210.0,1301.7070484581498
industrial_changeover,2267,454,2,Order2,454,5.468e-05,0.035005927085876465,1204.0,1213.0,5.454653024673462,0.42566823959350586,5.880321264266968,1173.0,1236.8920704845816
industrial_changeover,2268,454,3,Order3,454,5.466e-05,0.00840961467474699,1169.0,1169.0,5.826586723327637,0.44750046730041504,6.274087190628052,1169.0,1205.5748898678414
industrial_changeover,2269,454,4,Order4,454,5.4640000000000005e-05,-0.011097170179709792,1235.0,1231.0,5.327622652053833,0.42811012268066406,5.755732774734497,1225.0,1277.7885462555066
industrial_changeover,2270,454,5,Order5,454,5.462e-05,0.0005200166342547163,1335.0,1336.0,6.365536689758301,0.5235569477081299,6.889093637466431,1282.0,1357.5308370044054
industrial_changeover,2271,455,1,Order1,455,5.4600000000000006e-05,-0.009566718246787786,1224.0,1218.0,5.730027914047241,0.45607495307922363,6.186102867126465,1210.0,1301.5230769230768
industrial_changeover,2272,455,2,Order2,455,5.458000000000001e-05,0.013423808617517352,1213.0,1213.0,5.491106986999512,0.4382669925689697,5.9293739795684814,1173.0,1236.8395604395605
industrial_changeover,2273,455,3,Order3,455,5.456e-05,0.03666513040661812,1213.0,1169.0,5.677871465682983,0.47279834747314453,6.150669813156128,1169.0,1205.4945054945056
industrial_changeover,2274,455,4,Order4,455,5.454e-05,0.0258500874042511,1291.0,1231.0,5.47639799118042,0.4321753978729248,5.908573389053345,1225.0,1277.6857142857143
industrial_changeover,2275,455,5,Order5,455,5.4520000000000007e-05,-0.023527525831013918,1338.0,1336.0,6.475723505020142,0.5041894912719727,6.979912996292114,1282.0,1357.4835164835165
industrial_changeover,2276,456,1,Order1,456,5.4499999999999997e-05,0.0038490508450195193,1275.0,1218.0,5.565697431564331,0.4307236671447754,5.9964210987091064,1210.0,1301.3399122807018
industrial_changeover,2277,456,2,Order2,456,5.448e-05,0.019913654774427414,1251.0,1213.0,5.500103950500488,0.44040441513061523,5.9405083656311035,1173.0,1236.7872807017543
industrial_changeover,2278,456,3,Order3,456,5.446e-05,-0.012384715024381876,1196.0,1169.0,5.753350496292114,0.46959638595581055,6.222946882247925,1169.0,1205.4144736842106
industrial_changeover,2279,456,4,Order4,456,5.444e-05,-0.02458695461973548,1253.0,1231.0,5.5099170207977295,0.4276769161224365,5.937593936920166,1225.0,1277.5833333333333
industrial_changeover,2280,456,5,Order5,456,5.4420000000000004e-05,-0.012217415496706963,1356.0,1336.0,6.633512735366821,0.5152115821838379,7.148724317550659,1282.0,1357.436403508772
industrial_changeover,2281,457,1,Order1,457,5.440000000000001e-05,-0.027832856867462397,1223.0,1218.0,5.731807470321655,0.46608448028564453,6.1978919506073,1210.0,1301.1575492341356
industrial_changeover,2282,457,2,Order2,457,5.438000000000001e-05,0.01829645037651062,1213.0,1213.0,5.684485197067261,0.45685744285583496,6.141342639923096,1173.0,1236.7352297592997
industrial_changeover,2283,457,3,Order3,457,5.436000000000001e-05,-0.0015959317679516971,1175.0,1169.0,5.927569150924683,0.4387364387512207,6.366305589675903,1169.0,1205.3347921225384
industrial_changeover,2284,457,4,Order4,457,5.4340000000000005e-05,0.02942642429843545,1264.0,1231.0,5.197979688644409,0.40752291679382324,5.605502605438232,1225.0,1277.4814004376367
industrial_changeover,2285,457,5,Order5,457,5.432e-05,0.002098618249874562,1336.0,1336.0,6.215654134750366,0.4952223300933838,6.71087646484375,1282.0,1357.3894967177243
industrial_changeover,2286,458,1,Order1,458,5.43e-05,0.06175500061362982,1328.0,1218.0,5.593435525894165,0.4472379684448242,6.040673494338989,1210.0,1300.975982532751
industrial_changeover,2287,458,2,Order2,458,5.4279999999999995e-05,-0.003205397864803672,1212.0,1213.0,5.285515069961548,0.4188957214355469,5.704410791397095,1173.0,1236.683406113537
industrial_changeover,2288,458,3,Order3,458,5.426e-05,-0.047631680965423584,1169.0,1169.0,5.687248945236206,0.4377586841583252,6.125007629394531,1169.0,1205.2554585152839
industrial_changeover,2289,458,4,Order4,458,5.424e-05,-0.019270073622465134,1264.0,1231.0,5.344375848770142,0.4075431823730469,5.7519190311431885,1225.0,1277.3799126637555
industrial_changeover,2290,458,5,Order5,458,5.4220000000000006e-05,-0.017336486373096704,1334.0,1336.0,6.25740647315979,0.4860243797302246,6.743430852890015,1282.0,1357.3427947598254
industrial_changeover,2291,459,1,Order1,459,5.420000000000001e-05,0.05297363642603159,1325.0,1218.0,5.4899890422821045,0.4266786575317383,5.916667699813843,1210.0,1300.7952069716775
industrial_changeover,2292,459,2,Order2,459,5.4180000000000006e-05,0.0026520690880715847,1209.0,1213.0,5.2481348514556885,0.41105222702026367,5.659187078475952,1173.0,1236.631808278867
industrial_changeover,2293,459,3,Order3,459,5.416000000000001e-05,-0.01661060145124793,1169.0,1169.0,5.584730625152588,0.43116331100463867,6.015893936157227,1169.0,1205.1764705882354
industrial_changeover,2294,459,4,Order4,459,5.414e-05,-0.00555042817723006,1264.0,1231.0,5.252644062042236,0.4120914936065674,5.664735555648804,1225.0,1277.2788671023966
industrial_changeover,2295,459,5,Order5,459,5.4120000000000004e-05,0.007833686657249928,1362.0,1336.0,6.019270420074463,0.4709780216217041,6.490248441696167,1282.0,1357.2962962962963
industrial_changeover,2296,460,1,Order1,460,5.4099999999999994e-05,0.026780445594340563,1281.0,1218.0,5.348632574081421,0.4197540283203125,5.768386602401733,1210.0,1300.6152173913044
industrial_changeover,2297,460,2,Order2,460,5.408e-05,0.010510837892070413,1207.0,1213.0,5.2438600063323975,0.41394782066345215,5.65780782699585,1173.0,1236.5804347826088
industrial_changeover,2298,460,3,Order3,460,5.406e-05,0.01726314751431346,1213.0,1169.0,5.651155710220337,0.46718668937683105,6.118342399597168,1169.0,1205.0978260869565
industrial_changeover,2299,460,4,Order4,460,5.4040000000000004e-05,-0.02092365501448512,1264.0,1231.0,5.225140810012817,0.4319422245025635,5.657083034515381,1225.0,1277.1782608695653
industrial_changeover,2300,460,5,Order5,460,5.402e-05,-0.02961880713701248,1334.0,1336.0,6.327942609786987,0.5410270690917969,6.868969678878784,1282.0,1357.25
industrial_changeover,2301,461,1,Order1,461,5.4000000000000005e-05,0.011052117915824056,1280.0,1218.0,5.572050333023071,0.47919130325317383,6.051241636276245,1210.0,1300.4360086767897
industrial_changeover,2302,461,2,Order2,461,5.398000000000001e-05,-0.0052090141689404845,1208.0,1213.0,5.689598083496094,0.45209527015686035,6.141693353652954,1173.0,1236.529284164859
industrial_changeover,2303,461,3,Order3,461,5.396000000000001e-05,0.04789351299405098,1235.0,1169.0,5.613621473312378,0.44150781631469727,6.055129289627075,1169.0,1205.0195227765726
industrial_changeover,2304,461,4,Order4,461,5.394e-05,-0.030414962209761143,1235.0,1231.0,5.452315330505371,0.43763017654418945,5.8899455070495605,1225.0,1277.0780911062907
industrial_changeover,2305,461,5,Order5,461,5.3920000000000006e-05,-0.06961152702569962,1279.0,1336.0,6.232214450836182,0.5315136909484863,6.763728141784668,1282.0,1357.2039045553145
industrial_changeover,2306,462,1,Order1,462,5.3899999999999996e-05,-0.0077042331686243415,1227.0,1218.0,5.515392303466797,0.42943334579467773,5.944825649261475,1210.0,1300.2575757575758
industrial_changeover,2307,462,2,Order2,462,5.388e-05,0.0514355655759573,1213.0,1213.0,5.531491279602051,0.44167566299438477,5.9731669425964355,1173.0,1236.478354978355
industrial_changeover,2308,462,3,Order3,462,5.386e-05,0.027077059727162123,1180.0,1169.0,5.867582082748413,0.4399135112762451,6.307495594024658,1169.0,1204.9415584415585
industrial_changeover,2309,462,4,Order4,462,5.384e-05,-0.00196719347150065,1229.0,1231.0,5.337262868881226,0.42823028564453125,5.765493154525757,1225.0,1276.978354978355
industrial_changeover,2310,462,5,Order5,462,5.382e-05,-0.0029297416913323104,1323.0,1336.0,6.323446035385132,0.5240278244018555,6.847473859786987,1282.0,1357.1580086580086
industrial_changeover,2311,463,1,Order1,463,5.380000000000001e-05,-0.014199975412338972,1224.0,1218.0,5.47385048866272,0.42954444885253906,5.903394937515259,1210.0,1300.0799136069115
industrial_changeover,2312,463,2,Order2,463,5.378000000000001e-05,0.10459139198064804,1301.0,1213.0,5.352073907852173,0.4343278408050537,5.786401748657227,1173.0,1236.427645788337
industrial_changeover,2313,463,3,Order3,463,5.376000000000001e-05,0.03690225724130869,1265.0,1169.0,5.692311525344849,0.44197678565979004,6.134288311004639,1169.0,1204.8639308855293
industrial_changeover,2314,463,4,Order4,463,5.3740000000000004e-05,-0.023467155173420906,1275.0,1231.0,5.263043165206909,0.4221224784851074,5.685165643692017,1225.0,1276.879049676026
industrial_changeover,2315,463,5,Order5,463,5.372e-05,-0.05684472993016243,1338.0,1336.0,6.283259868621826,0.5235521793365479,6.806812047958374,1282.0,1357.1123110151188
industrial_changeover,2316,464,1,Order1,464,5.37e-05,-0.017301865853369236,1281.0,1218.0,5.579778671264648,0.46442580223083496,6.044204473495483,1210.0,1299.9030172413793
industrial_changeover,2317,464,2,Order2,464,5.3679999999999994e-05,-0.016551817767322063,1208.0,1213.0,5.534414052963257,0.4188826084136963,5.953296661376953,1173.0,1236.3771551724137
industrial_changeover,2318,464,3,Order3,464,5.366e-05,-0.04058917798101902,1175.0,1169.0,5.629516839981079,0.4599792957305908,6.08949613571167,1169.0,1204.7866379310344
industrial_changeover,2319,464,4,Order4,464,5.364e-05,0.004664391395635903,1229.0,1231.0,5.285719156265259,0.4362010955810547,5.7219202518463135,1225.0,1276.780172413793
industrial_changeover,2320,464,5,Order5,464,5.3620000000000005e-05,-0.03872077912092209,1270.0,1335.0,6.356768846511841,0.5064663887023926,6.863235235214233,1282.0,1357.0646551724137
industrial_changeover,2321,465,1,Order1,465,5.360000000000001e-05,0.03423265740275383,1224.0,1218.0,5.482674837112427,0.4444112777709961,5.927086114883423,1210.0,1299.7268817204301
industrial_changeover,2322,465,2,Order2,465,5.3580000000000005e-05,0.06686624325811863,1207.0,1213.0,5.392449855804443,0.4360957145690918,5.828545570373535,1173.0,1236.32688172043
industrial_changeover,2323,465,3,Order3,465,5.356000000000001e-05,0.027856795117259026,1196.0,1169.0,5.81632399559021,0.4463076591491699,6.26263165473938,1169.0,1204.7096774193549
industrial_changeover,2324,465,4,Order4,465,5.354e-05,0.017599476035684347,1264.0,1231.0,5.344261646270752,0.43039584159851074,5.774657487869263,1225.0,1276.6817204301076
industrial_changeover,2325,465,5,Order5,465,5.352e-05,-0.03128009056672454,1329.0,1336.0,6.26536226272583,0.5082435607910156,6.773605823516846,1282.0,1357.0193548387097
industrial_changeover,2326,466,1,Order1,466,5.349999999999999e-05,-0.03726878482848406,1230.0,1218.0,5.595783472061157,0.469280481338501,6.065063953399658,1210.0,1299.5515021459228
industrial_changeover,2327,466,2,Order2,466,5.3479999999999996e-05,0.0016306733014062047,1210.0,1213.0,5.467298269271851,0.44536733627319336,5.912665605545044,1173.0,1236.2768240343348
industrial_changeover,2328,466,3,Order3,466,5.346e-05,0.04309376981109381,1231.0,1169.0,5.672697305679321,0.44850754737854004,6.121204853057861,1169.0,1204.6330472103004
industrial_changeover,2329,466,4,Order4,466,5.344e-05,0.009579556761309505,1269.0,1231.0,5.371066331863403,0.434528112411499,5.805594444274902,1225.0,1276.5836909871246
industrial_changeover,2330,466,5,Order5,466,5.342e-05,-0.029947753064334393,1319.0,1335.0,6.531564474105835,0.5069901943206787,7.038554668426514,1282.0,1356.9721030042917
industrial_changeover,2331,467,1,Order1,467,5.3400000000000004e-05,-0.03703915886580944,1225.0,1218.0,5.779608249664307,0.4419276714324951,6.221535921096802,1210.0,1299.3768736616703
industrial_changeover,2332,467,2,Order2,467,5.338000000000001e-05,-0.0007707859767833725,1208.0,1213.0,5.6253533363342285,0.44481754302978516,6.070170879364014,1173.0,1236.2269807280513
industrial_changeover,2333,467,3,Order3,467,5.336000000000001e-05,-0.021056851372122765,1175.0,1169.0,5.884535074234009,0.46930766105651855,6.353842735290527,1169.0,1204.556745182013
industrial_changeover,2334,467,4,Order4,467,5.334e-05,0.05722632631659508,1285.0,1231.0,5.593306303024292,0.4447743892669678,6.03808069229126,1225.0,1276.4860813704497
industrial_changeover,2335,467,5,Order5,467,5.3320000000000004e-05,0.006754539208486676,1323.0,1336.0,6.599595069885254,0.49802327156066895,7.097618341445923,1282.0,1356.9271948608136
industrial_changeover,2336,468,1,Order1,468,5.3299999999999995e-05,0.026778155006468296,1275.0,1218.0,5.672559976577759,0.4583423137664795,6.130902290344238,1210.0,1299.2029914529915
industrial_changeover,2337,468,2,Order2,468,5.328e-05,0.007672867272049189,1212.0,1213.0,5.5825889110565186,0.4305737018585205,6.013162612915039,1173.0,1236.1773504273503
industrial_changeover,2338,468,3,Order3,468,5.326e-05,-0.03407824691385031,1180.0,1169.0,6.083604335784912,0.4577980041503906,6.541402339935303,1169.0,1204.4807692307693
industrial_changeover,2339,468,4,Order4,468,5.324e-05,-0.023728907108306885,1264.0,1231.0,5.504125356674194,0.4547863006591797,5.958911657333374,1225.0,1276.388888888889
industrial_changeover,2340,468,5,Order5,468,5.322e-05,-0.010164944920688868,1338.0,1336.0,6.61071515083313,0.5284743309020996,7.1391894817352295,1282.0,1356.8824786324785
industrial_changeover,2341,469,1,Order1,469,5.3200000000000006e-05,0.014192811446264386,1285.0,1218.0,5.746813058853149,0.46513891220092773,6.211951971054077,1210.0,1299.0298507462687
industrial_changeover,2342,469,2,Order2,469,5.318000000000001e-05,0.020604700781404972,1209.0,1213.0,5.331058025360107,0.4170358180999756,5.748093843460083,1173.0,1236.1279317697229
industrial_changeover,2343,469,3,Order3,469,5.316000000000001e-05,-0.015202452661469579,1169.0,1169.0,5.716052532196045,0.4597439765930176,6.1757965087890625,1169.0,1204.4051172707889
industrial_changeover,2344,469,4,Order4,469,5.314e-05,0.008827113779261708,1269.0,1231.0,5.233886480331421,0.4094069004058838,5.643293380737305,1225.0,1276.2921108742005
industrial_changeover,2345,469,5,Order5,469,5.3120000000000006e-05,0.0021395160001702607,1335.0,1336.0,6.322863578796387,0.5151662826538086,6.838029861450195,1282.0,1356.8379530916845
industrial_changeover,2346,470,1,Order1,470,5.31e-05,0.0133349085226655,1259.0,1218.0,5.440950155258179,0.4397311210632324,5.880681276321411,1210.0,1298.8574468085105
industrial_changeover,2347,470,2,Order2,470,5.307999999999999e-05,0.01172514446079731,1204.0,1213.0,5.303223609924316,0.42652225494384766,5.729745864868164,1173.0,1236.0787234042552
industrial_changeover,2348,470,3,Order3,470,5.306e-05,-0.01668737269937992,1169.0,1169.0,5.751931667327881,0.4448268413543701,6.196758508682251,1169.0,1204.3297872340424
industrial_changeover,2349,470,4,Order4,470,5.304e-05,-0.008408212568610907,1264.0,1231.0,5.261205434799194,0.4327702522277832,5.6939756870269775,1225.0,1276.195744680851
industrial_changeover,2350,470,5,Order5,470,5.3020000000000004e-05,-0.0029225947218947113,1334.0,1336.0,6.178542613983154,0.5039057731628418,6.682448387145996,1282.0,1356.7936170212765
industrial_changeover,2351,471,1,Order1,471,5.300000000000001e-05,-0.024972778279334307,1218.0,1218.0,5.386162281036377,0.42333507537841797,5.809497356414795,1210.0,1298.6857749469214
industrial_changeover,2352,471,2,Order2,471,5.2980000000000004e-05,0.025533455424010754,1204.0,1213.0,5.278416633605957,0.40997791290283203,5.688394546508789,1173.0,1236.0297239915074
industrial_changeover,2353,471,3,Order3,471,5.296000000000001e-05,0.001112714468035847,1169.0,1169.0,5.485710144042969,0.4406859874725342,5.926396131515503,1169.0,1204.2547770700637
industrial_changeover,2354,471,4,Order4,471,5.294e-05,0.003674718434922397,1249.0,1231.0,5.111609697341919,0.4071354866027832,5.518745183944702,1225.0,1276.099787685775
industrial_changeover,2355,471,5,Order5,471,5.292e-05,-0.0009149705583695322,1319.0,1336.0,6.065952301025391,0.5180826187133789,6.5840349197387695,1282.0,1356.7494692144373
industrial_changeover,2356,472,1,Order1,472,5.2900000000000005e-05,0.022404964547604322,1259.0,1218.0,5.400654315948486,0.42976856231689453,5.830422878265381,1210.0,1298.5148305084747
industrial_changeover,2357,472,2,Order2,472,5.2879999999999995e-05,-0.013346343766897917,1187.0,1213.0,5.3323328495025635,0.4484570026397705,5.780789852142334,1173.0,1235.9809322033898
industrial_changeover,2358,472,3,Order3,472,5.286e-05,-0.002478616137523204,1169.0,1169.0,5.7667460441589355,0.47930312156677246,6.246049165725708,1169.0,1204.1800847457628
industrial_changeover,2359,472,4,Order4,472,5.284e-05,0.026626222301274538,1285.0,1231.0,5.213404178619385,0.45243406295776367,5.665838241577148,1225.0,1276.0042372881355
industrial_changeover,2360,472,5,Order5,472,5.2820000000000006e-05,0.01430844678543508,1359.0,1336.0,6.185474872589111,0.5222806930541992,6.7077555656433105,1282.0,1356.7055084745762
industrial_changeover,2361,473,1,Order1,473,5.28e-05,-0.025480900425463915,1225.0,1218.0,5.8294312953948975,0.4777035713195801,6.3071348667144775,1210.0,1298.3446088794926
industrial_changeover,2362,473,2,Order2,473,5.2780000000000006e-05,0.006107553839683533,1209.0,1213.0,5.621011018753052,0.41672658920288086,6.037737607955933,1173.0,1235.9323467230445
industrial_changeover,2363,473,3,Order3,473,5.276000000000001e-05,0.028924524784088135,1214.0,1169.0,5.9091010093688965,0.49331116676330566,6.402412176132202,1169.0,1204.105708245243
industrial_changeover,2364,473,4,Order4,473,5.274e-05,-0.043360100127756596,1225.0,1231.0,5.392042875289917,0.4568805694580078,5.848923444747925,1225.0,1275.909090909091
industrial_changeover,2365,473,5,Order5,473,5.2720000000000003e-05,0.014130022143945098,1374.0,1336.0,6.380944013595581,0.5505647659301758,6.931508779525757,1282.0,1356.661733615222
industrial_changeover,2366,474,1,Order1,474,5.270000000000001e-05,0.008091268129646778,1256.0,1218.0,5.627999305725098,0.4295654296875,6.057564735412598,1210.0,1298.175105485232
industrial_changeover,2367,474,2,Order2,474,5.268e-05,0.02171088894829154,1209.0,1213.0,5.346726417541504,0.42011213302612305,5.766838550567627,1173.0,1235.8839662447258
industrial_changeover,2368,474,3,Order3,474,5.266e-05,-0.0029019263456575572,1195.0,1169.0,5.575442552566528,0.4569528102874756,6.032395362854004,1169.0,1204.0316455696202
industrial_changeover,2369,474,4,Order4,474,5.264e-05,-0.011009971145540476,1266.0,1231.0,5.280213117599487,0.4110546112060547,5.691267728805542,1225.0,1275.8143459915611
industrial_changeover,2370,474,5,Order5,474,5.262e-05,-0.010249755810946226,1338.0,1336.0,6.176990270614624,0.49837803840637207,6.675368309020996,1282.0,1356.6181434599157
industrial_changeover,2371,475,1,Order1,475,5.2600000000000005e-05,0.014161487575620413,1275.0,1218.0,5.436765432357788,0.4396183490753174,5.8763837814331055,1210.0,1298.0063157894738
industrial_changeover,2372,475,2,Order2,475,5.258000000000001e-05,0.010698130819946527,1208.0,1213.0,5.359782457351685,0.4361412525177002,5.795923709869385,1173.0,1235.8357894736841
industrial_changeover,2373,475,3,Order3,475,5.256000000000001e-05,-0.002196157176513225,1197.0,1169.0,5.667602777481079,0.45119547843933105,6.11879825592041,1169.0,1203.957894736842
industrial_changeover,2374,475,4,Order4,475,5.254e-05,-0.026741343550384045,1251.0,1231.0,5.345229148864746,0.4421961307525635,5.78742527961731,1225.0,1275.72
industrial_changeover,2375,475,5,Order5,475,5.2520000000000005e-05,-0.02022195653989911,1332.0,1336.0,6.279490232467651,0.5039417743682861,6.7834320068359375,1282.0,1356.5747368421053
industrial_changeover,2376,476,1,Order1,476,5.25e-05,-0.020980666857212782,1220.0,1218.0,5.447322130203247,0.4495716094970703,5.896893739700317,1210.0,1297.8382352941176
industrial_changeover,2377,476,2,Order2,476,5.248e-05,-0.00286061386577785,1184.0,1213.0,5.388610124588013,0.4185628890991211,5.807173013687134,1173.0,1235.7878151260504
industrial_changeover,2378,476,3,Order3,476,5.2459999999999996e-05,0.024333338253200054,1180.0,1169.0,5.688679456710815,0.4549906253814697,6.143670082092285,1169.0,1203.8844537815125
industrial_changeover,2379,476,4,Order4,476,5.244e-05,0.03521847538650036,1264.0,1231.0,5.354846477508545,0.4301326274871826,5.7849791049957275,1225.0,1275.626050420168
industrial_changeover,2380,476,5,Order5,476,5.242e-05,0.010114239994436502,1334.0,1336.0,6.2595438957214355,0.4957263469696045,6.75527024269104,1282.0,1356.531512605042
industrial_changeover,2381,477,1,Order1,477,5.2400000000000007e-05,-0.014269664417952299,1230.0,1218.0,5.492387294769287,0.44887733459472656,5.941264629364014,1210.0,1297.670859538784
industrial_changeover,2382,477,2,Order2,477,5.238000000000001e-05,0.007658496149815619,1209.0,1213.0,5.420669317245483,0.4657454490661621,5.8864147663116455,1173.0,1235.7400419287212
industrial_changeover,2383,477,3,Order3,477,5.236000000000001e-05,-0.02500142576172948,1175.0,1169.0,5.779190301895142,0.4509096145629883,6.23009991645813,1169.0,1203.811320754717
industrial_changeover,2384,477,4,Order4,477,5.234e-05,-0.01058574439957738,1249.0,1231.0,5.361988544464111,0.4330465793609619,5.795035123825073,1225.0,1275.53249475891
industrial_changeover,2385,477,5,Order5,477,5.232e-05,0.003205286746378988,1334.0,1336.0,6.3103179931640625,0.503331184387207,6.8136491775512695,1282.0,1356.4884696016773
industrial_changeover,2386,478,1,Order1,478,5.2300000000000004e-05,-0.005993551923893392,1227.0,1218.0,5.583434104919434,0.4542670249938965,6.03770112991333,1210.0,1297.5041841004183
industrial_changeover,2387,478,2,Order2,478,5.2279999999999994e-05,0.030688229016959667,1210.0,1213.0,5.497893333435059,0.4311068058013916,5.92900013923645,1173.0,1235.692468619247
industrial_changeover,2388,478,3,Order3,478,5.226e-05,0.05423945188522339,1245.0,1169.0,5.815857648849487,0.4717724323272705,6.287630081176758,1169.0,1203.7384937238494
industrial_changeover,2389,478,4,Order4,478,5.224e-05,-0.015833749435842037,1249.0,1231.0,5.367811918258667,0.4398212432861328,5.8076331615448,1225.0,1275.439330543933
industrial_changeover,2390,478,5,Order5,478,5.2220000000000005e-05,-0.008092107949778438,1371.0,1336.0,6.387264251708984,0.4944946765899658,6.88175892829895,1282.0,1356.4456066945606
industrial_changeover,2391,479,1,Order1,479,5.22e-05,-0.0003020931326318532,1278.0,1218.0,5.651925802230835,0.4308483600616455,6.0827741622924805,1210.0,1297.3382045929018
industrial_changeover,2392,479,2,Order2,479,5.2180000000000005e-05,-0.013708278071135283,1207.0,1213.0,5.515333414077759,0.4073328971862793,5.922666311264038,1173.0,1235.6450939457202
industrial_changeover,2393,479,3,Order3,479,5.216000000000001e-05,0.0020342040224932134,1230.0,1169.0,5.75749659538269,0.47779083251953125,6.235287427902222,1169.0,1203.6659707724425
industrial_changeover,2394,479,4,Order4,479,5.214e-05,0.009203312220051885,1285.0,1231.0,5.605027437210083,0.44724154472351074,6.052268981933594,1225.0,1275.3465553235908
industrial_changeover,2395,479,5,Order5,479,5.212e-05,-0.03045807732269168,1322.0,1335.0,6.376982927322388,0.5092988014221191,6.886281728744507,1282.0,1356.400835073069
industrial_changeover,2396,480,1,Order1,480,5.2100000000000006e-05,-0.02203428139910102,1230.0,1220.0,5.6827332973480225,0.4415395259857178,6.12427282333374,1210.0,1297.1770833333333
industrial_changeover,2397,480,2,Order2,480,5.2079999999999996e-05,0.014865160686895251,1212.0,1213.0,5.449166297912598,0.42621493339538574,5.875381231307983,1173.0,1235.5979166666666
industrial_changeover,2398,480,3,Order3,480,5.206e-05,-0.02124672243371606,1169.0,1169.0,5.885178804397583,0.4759817123413086,6.361160516738892,1169.0,1203.59375
industrial_changeover,2399,480,4,Order4,480,5.204e-05,0.0036773361498489976,1233.0,1231.0,5.41821026802063,0.43677687644958496,5.854987144470215,1225.0,1275.2541666666666
industrial_changeover,2400,480,5,Order5,480,5.202e-05,-0.026109776459634304,1298.0,1334.0,6.257797718048096,0.48462677001953125,6.742424488067627,1282.0,1356.3541666666667
industrial_changeover,2401,481,1,Order1,481,5.2000000000000004e-05,0.033766006119549274,1241.0,1220.0,5.440488338470459,0.433915376663208,5.874403715133667,1210.0,1297.016632016632
industrial_changeover,2402,481,2,Order2,481,5.198000000000001e-05,0.05174242239445448,1242.0,1213.0,5.3579185009002686,0.4201016426086426,5.778020143508911,1173.0,1235.5509355509355
industrial_changeover,2403,481,3,Order3,481,5.196000000000001e-05,0.028159974608570337,1216.0,1169.0,5.5750648975372314,0.4426724910736084,6.01773738861084,1169.0,1203.5218295218294
industrial_changeover,2404,481,4,Order4,481,5.194e-05,-0.0013615084753837436,1264.0,1231.0,5.220217943191528,0.4004642963409424,5.620682239532471,1225.0,1275.162162162162
industrial_changeover,2405,481,5,Order5,481,5.1920000000000004e-05,-0.05436632223427296,1319.0,1336.0,6.261493682861328,0.4905078411102295,6.752001523971558,1282.0,1356.3118503118503
industrial_changeover,2406,482,1,Order1,482,5.19e-05,-0.0454893009737134,1220.0,1220.0,5.446625709533691,0.42018628120422363,5.866811990737915,1210.0,1296.856846473029
industrial_changeover,2407,482,2,Order2,482,5.188e-05,-0.008308039978146553,1201.0,1213.0,5.276681184768677,0.4262690544128418,5.7029502391815186,1173.0,1235.5041493775934
industrial_changeover,2408,482,3,Order3,482,5.1859999999999995e-05,0.03233012743294239,1213.0,1169.0,5.73361873626709,0.44863200187683105,6.182250738143921,1169.0,1203.4502074688796
industrial_changeover,2409,482,4,Order4,482,5.184e-05,0.008471257286146283,1231.0,1231.0,5.331274032592773,0.40972399711608887,5.740998029708862,1225.0,1275.070539419087
industrial_changeover,2410,482,5,Order5,482,5.182e-05,0.016624895855784416,1336.0,1335.0,6.1462578773498535,0.4811699390411377,6.627427816390991,1282.0,1356.2676348547718
industrial_changeover,2411,483,1,Order1,483,5.1800000000000005e-05,0.02886027144268155,1259.0,1220.0,5.396004676818848,0.43370795249938965,5.829712629318237,1210.0,1296.6977225672879
industrial_changeover,2412,483,2,Order2,483,5.178000000000001e-05,0.0029632668010890484,1210.0,1213.0,5.254539966583252,0.41651225090026855,5.6710522174835205,1173.0,1235.4575569358178
industrial_changeover,2413,483,3,Order3,483,5.1760000000000006e-05,-0.040554434061050415,1169.0,1169.0,5.561406850814819,0.43791818618774414,5.9993250370025635,1169.0,1203.3788819875776
industrial_changeover,2414,483,4,Order4,483,5.174000000000001e-05,-0.008962285704910755,1249.0,1231.0,5.078214406967163,0.40001606941223145,5.4782304763793945,1225.0,1274.9792960662526
industrial_changeover,2415,483,5,Order5,483,5.172e-05,-0.012030971003696322,1319.0,1335.0,6.125494956970215,0.5093591213226318,6.634854078292847,1282.0,1356.223602484472
industrial_changeover,2416,484,1,Order1,484,5.17e-05,-0.005141423782333732,1223.0,1220.0,5.576553821563721,0.45945215225219727,6.036005973815918,1210.0,1296.5392561983472
industrial_changeover,2417,484,2,Order2,484,5.167999999999999e-05,0.027616734616458416,1204.0,1213.0,5.655111312866211,0.4300518035888672,6.085163116455078,1173.0,1235.4111570247933
industrial_changeover,2418,484,3,Order3,484,5.166e-05,0.059760941192507744,1234.0,1169.0,5.710353851318359,0.4555668830871582,6.165920734405518,1169.0,1203.3078512396694
industrial_changeover,2419,484,4,Order4,484,5.164e-05,-0.01909847278147936,1231.0,1231.0,5.316063404083252,0.4397854804992676,5.7558488845825195,1225.0,1274.888429752066
industrial_changeover,2420,484,5,Order5,484,5.1620000000000004e-05,0.018874963279813528,1389.0,1335.0,6.318511486053467,0.533607006072998,6.852118492126465,1282.0,1356.1797520661157
industrial_changeover,2421,485,1,Order1,485,5.16e-05,0.03663939330726862,1328.0,1220.0,5.477694988250732,0.4378044605255127,5.915499448776245,1210.0,1296.381443298969
industrial_changeover,2422,485,2,Order2,485,5.1580000000000004e-05,-0.024701370391994715,1212.0,1213.0,5.351199626922607,0.47939562797546387,5.830595254898071,1173.0,1235.3649484536083
industrial_changeover,2423,485,3,Order3,485,5.156000000000001e-05,-0.08026408404111862,1169.0,1169.0,5.643272876739502,0.48226213455200195,6.125535011291504,1169.0,1203.2371134020618
industrial_changeover,2424,485,4,Order4,485,5.154000000000001e-05,-0.006080816499888897,1266.0,1231.0,5.202890157699585,0.4274165630340576,5.630306720733643,1225.0,1274.79793814433
industrial_changeover,2425,485,5,Order5,485,5.152e-05,0.004382857121527195,1327.0,1334.0,6.3962883949279785,0.49219608306884766,6.888484477996826,1282.0,1356.1340206185566
industrial_changeover,2426,486,1,Order1,486,5.1500000000000005e-05,0.004705266677774489,1223.0,1225.0,5.4320244789123535,0.43587708473205566,5.867901563644409,1210.0,1296.2345679012346
industrial_changeover,2427,486,2,Order2,486,5.1479999999999995e-05,0.07675525732338428,1251.0,1213.0,5.425750255584717,0.4616718292236328,5.88742208480835,1173.0,1235.3189300411523
industrial_changeover,2428,486,3,Order3,486,5.146e-05,0.032728442922234535,1213.0,1169.0,5.617281675338745,0.46196889877319336,6.0792505741119385,1169.0,1203.1666666666667
industrial_changeover,2429,486,4,Order4,486,5.144e-05,-0.03622713964432478,1225.0,1231.0,5.2759058475494385,0.42383241653442383,5.699738264083862,1225.0,1274.7078189300412
industrial_changeover,2430,486,5,Order5,486,5.142e-05,-0.03974318038672209,1325.0,1334.0,6.230768918991089,0.5022537708282471,6.733022689819336,1282.0,1356.0884773662551
industrial_changeover,2431,487,1,Order1,487,5.14e-05,-0.023003445472568274,1224.0,1225.0,5.4984681606292725,0.4459061622619629,5.944374322891235,1210.0,1296.088295687885
industrial_changeover,2432,487,2,Order2,487,5.1380000000000006e-05,0.017142232973128557,1207.0,1213.0,5.3045654296875,0.4083669185638428,5.712932348251343,1173.0,1235.2731006160163
industrial_changeover,2433,487,3,Order3,487,5.136000000000001e-05,-0.01049444661475718,1169.0,1169.0,5.6385698318481445,0.45858216285705566,6.0971519947052,1169.0,1203.0965092402464
industrial_changeover,2434,487,4,Order4,487,5.134000000000001e-05,0.04354351293295622,1264.0,1231.0,5.274906158447266,0.42135190963745117,5.696258068084717,1225.0,1274.618069815195
industrial_changeover,2435,487,5,Order5,487,5.132e-05,0.013497655978426337,1338.0,1334.0,6.233481168746948,0.4846465587615967,6.718127727508545,1282.0,1356.0431211498974
industrial_changeover,2436,488,1,Order1,488,5.130000000000001e-05,-0.01195832178927958,1224.0,1225.0,5.482954978942871,0.4370689392089844,5.9200239181518555,1210.0,1295.9426229508197
industrial_changeover,2437,488,2,Order2,488,5.128e-05,-0.0024741394445300102,1205.0,1213.0,5.334113121032715,0.4247324466705322,5.758845567703247,1173.0,1235.2274590163934
industrial_changeover,2438,488,3,Order3,488,5.1259999999999994e-05,-0.023152425419539213,1169.0,1169.0,5.610568523406982,0.46346282958984375,6.074031352996826,1169.0,1203.0266393442623
industrial_changeover,2439,488,4,Order4,488,5.124e-05,0.014871151652187109,1264.0,1231.0,5.287652254104614,0.4211697578430176,5.708822011947632,1225.0,1274.52868852459
industrial_changeover,2440,488,5,Order5,488,5.122e-05,-0.012993037467822433,1318.0,1334.0,6.278862237930298,0.4940974712371826,6.7729597091674805,1282.0,1355.997950819672
industrial_changeover,2441,489,1,Order1,489,5.1200000000000004e-05,0.0033637250307947397,1241.0,1220.0,5.501641750335693,0.44913530349731445,5.950777053833008,1210.0,1295.7873210633948
industrial_changeover,2442,489,2,Order2,489,5.118000000000001e-05,0.07829902321100235,1296.0,1213.0,5.435297727584839,0.4264497756958008,5.86174750328064,1173.0,1235.1820040899795
industrial_changeover,2443,489,3,Order3,489,5.1160000000000005e-05,-0.013559546787291765,1197.0,1169.0,5.7563934326171875,0.45244884490966797,6.2088422775268555,1169.0,1202.9570552147238
industrial_changeover,2444,489,4,Order4,489,5.114000000000001e-05,-0.03078420739620924,1249.0,1231.0,5.380529165267944,0.44980812072753906,5.830337285995483,1225.0,1274.4396728016359
industrial_changeover,2445,489,5,Order5,489,5.112e-05,-0.02301614871248603,1366.0,1335.0,6.348412036895752,0.520782470703125,6.869194507598877,1282.0,1355.9550102249489
industrial_changeover,2446,490,1,Order1,490,5.11e-05,0.01656075892969966,1280.0,1220.0,5.668791055679321,0.4435746669769287,6.11236572265625,1210.0,1295.6326530612246
industrial_changeover,2447,490,2,Order2,490,5.107999999999999e-05,0.028419740963727236,1250.0,1213.0,5.514952659606934,0.43859052658081055,5.953543186187744,1173.0,1235.1367346938775
industrial_changeover,2448,490,3,Order3,490,5.1059999999999996e-05,-0.031189654488116503,1169.0,1169.0,5.924640893936157,0.47697877883911133,6.4016196727752686,1169.0,1202.8877551020407
industrial_changeover,2449,490,4,Order4,490,5.104e-05,-0.03048928687348962,1237.0,1231.0,5.440556526184082,0.44336533546447754,5.88392186164856,1225.0,1274.3510204081633
industrial_changeover,2450,490,5,Order5,490,5.102e-05,-0.0014765636005904526,1358.0,1335.0,6.277603387832642,0.505363941192627,6.7829673290252686,1282.0,1355.9122448979592
industrial_changeover,2451,491,1,Order1,491,5.1000000000000006e-05,0.03634553495794535,1275.0,1220.0,5.667241811752319,0.4548609256744385,6.122102737426758,1210.0,1295.478615071283
industrial_changeover,2452,491,2,Order2,491,5.098e-05,1.0179603123106062e-05,1209.0,1213.0,5.463493824005127,0.4169735908508301,5.880467414855957,1173.0,1235.091649694501
industrial_changeover,2453,491,3,Order3,491,5.096000000000001e-05,0.023216724395751953,1213.0,1169.0,5.9548561573028564,0.46047449111938477,6.415330648422241,1169.0,1202.8187372708758
industrial_changeover,2454,491,4,Order4,491,5.094000000000001e-05,-0.001009405474178493,1264.0,1231.0,5.406417369842529,0.439572811126709,5.845990180969238,1225.0,1274.2627291242363
industrial_changeover,2455,491,5,Order5,491,5.092e-05,-0.027297749649733305,1334.0,1336.0,6.629828214645386,0.5215945243835449,7.151422739028931,1282.0,1355.8716904276985
industrial_changeover,2456,492,1,Order1,492,5.0900000000000004e-05,0.04446475952863693,1327.0,1218.0,5.679800987243652,0.46115612983703613,6.1409571170806885,1210.0,1295.321138211382
industrial_changeover,2457,492,2,Order2,492,5.0879999999999994e-05,-0.008485616417601705,1208.0,1213.0,5.501421928405762,0.4290030002593994,5.930424928665161,1173.0,1235.0467479674796
industrial_changeover,2458,492,3,Order3,492,5.086e-05,-0.0035373855498619378,1213.0,1169.0,5.910360097885132,0.46723294258117676,6.377593040466309,1169.0,1202.75
industrial_changeover,2459,492,4,Order4,492,5.084e-05,-0.041736479848623276,1231.0,1231.0,5.524310111999512,0.4034445285797119,5.927754640579224,1225.0,1274.1747967479675
industrial_changeover,2460,492,5,Order5,492,5.082e-05,0.011180543107911944,1379.0,1336.0,6.117173910140991,0.5119001865386963,6.6290740966796875,1282.0,1355.831300813008
industrial_changeover,2461,493,1,Order1,493,5.08e-05,0.012516913237050176,1256.0,1220.0,5.444644927978516,0.4269747734069824,5.871619701385498,1210.0,1295.1683569979716
industrial_changeover,2462,493,2,Order2,493,5.0780000000000005e-05,0.004996650270186365,1212.0,1213.0,5.340186357498169,0.40532851219177246,5.745514869689941,1173.0,1235.002028397566
industrial_changeover,2463,493,3,Order3,493,5.076000000000001e-05,0.024188656359910965,1216.0,1169.0,5.661741256713867,0.44898056983947754,6.110721826553345,1169.0,1202.6815415821502
industrial_changeover,2464,493,4,Order4,493,5.074000000000001e-05,0.0028444595518521965,1264.0,1231.0,5.1984827518463135,0.4059309959411621,5.604413747787476,1225.0,1274.0872210953346
industrial_changeover,2465,493,5,Order5,493,5.072e-05,-0.02007081639021635,1339.0,1336.0,6.188152551651001,0.5082106590270996,6.696363210678101,1282.0,1355.7910750507099
industrial_changeover,2466,494,1,Order1,494,5.0700000000000006e-05,-0.004528220277279615,1256.0,1220.0,5.3854005336761475,0.4475281238555908,5.832928657531738,1210.0,1295.0161943319838
industrial_changeover,2467,494,2,Order2,494,5.0679999999999996e-05,-0.008278845343738794,1207.0,1213.0,5.288964033126831,0.42128658294677734,5.710250616073608,1173.0,1234.9574898785424
industrial_changeover,2468,494,3,Order3,494,5.066e-05,0.0011130705825053155,1196.0,1169.0,5.663569450378418,0.44278860092163086,6.106358051300049,1169.0,1202.6133603238866
industrial_changeover,2469,494,4,Order4,494,5.0639999999999996e-05,0.011569674359634519,1264.0,1231.0,5.238836765289307,0.40731334686279297,5.6461501121521,1225.0,1274.0
industrial_changeover,2470,494,5,Order5,494,5.062e-05,-0.014364688890054822,1319.0,1336.0,6.10506010055542,0.48541855812072754,6.5904786586761475,1282.0,1355.751012145749
industrial_changeover,2471,495,1,Order1,495,5.0600000000000003e-05,-0.014866152312606573,1224.0,1220.0,5.337471961975098,0.42199110984802246,5.75946307182312,1210.0,1294.8646464646465
industrial_changeover,2472,495,2,Order2,495,5.058000000000001e-05,0.04959331266582012,1250.0,1213.0,5.334634780883789,0.4088435173034668,5.743478298187256,1173.0,1234.9131313131313
industrial_changeover,2473,495,3,Order3,495,5.056000000000001e-05,-0.022499080281704664,1175.0,1169.0,5.560028553009033,0.4335334300994873,5.9935619831085205,1169.0,1202.5454545454545
industrial_changeover,2474,495,4,Order4,495,5.054000000000001e-05,-0.02222680114209652,1229.0,1231.0,5.172858238220215,0.42885541915893555,5.60171365737915,1225.0,1273.9131313131313
industrial_changeover,2475,495,5,Order5,495,5.052e-05,-0.0137341667432338,1323.0,1336.0,6.3809356689453125,0.5220515727996826,6.902987241744995,1282.0,1355.7111111111112
industrial_changeover,2476,496,1,Order1,496,5.05e-05,-0.0030192522681318223,1224.0,1220.0,5.425641059875488,0.452347993850708,5.877989053726196,1210.0,1294.7137096774193
industrial_changeover,2477,496,2,Order2,496,5.0480000000000005e-05,0.019214510917663574,1204.0,1213.0,5.30916428565979,0.44237399101257324,5.751538276672363,1173.0,1234.8689516129032
industrial_changeover,2478,496,3,Order3,496,5.0459999999999995e-05,0.021072703413665295,1208.0,1169.0,5.601837873458862,0.45718932151794434,6.059027194976807,1169.0,1202.4778225806451
industrial_changeover,2479,496,4,Order4,496,5.044e-05,0.02543800789862871,1266.0,1231.0,5.351685523986816,0.47379589080810547,5.825481414794922,1225.0,1273.8266129032259
industrial_changeover,2480,496,5,Order5,496,5.042e-05,-0.032951124012470245,1305.0,1336.0,6.408035516738892,0.5068809986114502,6.914916515350342,1282.0,1355.671370967742
industrial_changeover,2481,497,1,Order1,497,5.0400000000000005e-05,0.02252174634486437,1278.0,1220.0,5.456852197647095,0.47475337982177734,5.931605577468872,1210.0,1294.5633802816901
industrial_changeover,2482,497,2,Order2,497,5.038e-05,0.0048414148623123765,1204.0,1213.0,5.4456446170806885,0.42524123191833496,5.870885848999023,1173.0,1234.8249496981891
industrial_changeover,2483,497,3,Order3,497,5.0360000000000006e-05,-0.03790146950632334,1169.0,1169.0,6.142001628875732,0.4527747631072998,6.594776391983032,1169.0,1202.4104627766599
industrial_changeover,2484,497,4,Order4,497,5.034000000000001e-05,-0.03067098930478096,1225.0,1231.0,5.27043890953064,0.43204760551452637,5.702486515045166,1225.0,1273.7404426559356
industrial_changeover,2485,497,5,Order5,497,5.032e-05,-0.0039095282554626465,1323.0,1336.0,6.227884292602539,0.4946928024291992,6.722577095031738,1282.0,1355.6317907444668
industrial_changeover,2486,498,1,Order1,498,5.03e-05,0.0014330038393381983,1218.0,1220.0,5.3885416984558105,0.4367232322692871,5.825264930725098,1210.0,1294.4136546184739
industrial_changeover,2487,498,2,Order2,498,5.0280000000000006e-05,0.04005173034965992,1204.0,1213.0,5.430069208145142,0.42478132247924805,5.85485053062439,1173.0,1234.7811244979919
industrial_changeover,2488,498,3,Order3,498,5.0259999999999997e-05,0.0100850451271981,1169.0,1169.0,5.669933319091797,0.4465751647949219,6.116508483886719,1169.0,1202.3433734939758
industrial_changeover,2489,498,4,Order4,498,5.024e-05,0.03053137892857194,1266.0,1231.0,5.263911962509155,0.43765926361083984,5.701571226119995,1225.0,1273.6546184738957
industrial_changeover,2490,498,5,Order5,498,5.0220000000000004e-05,-0.015993769746273756,1318.0,1336.0,6.424113988876343,0.5027227401733398,6.926836729049683,1282.0,1355.5923694779117
industrial_changeover,2491,499,1,Order1,499,5.02e-05,-0.029410183895379305,1220.0,1218.0,5.483114957809448,0.4388155937194824,5.921930551528931,1210.0,1294.260521042084
industrial_changeover,2492,499,2,Order2,499,5.0180000000000004e-05,0.009779472835361958,1204.0,1213.0,5.464572429656982,0.4292452335357666,5.893817663192749,1173.0,1234.7374749498997
industrial_changeover,2493,499,3,Order3,499,5.016000000000001e-05,0.011586156906560063,1198.0,1169.0,5.682081937789917,0.46308183670043945,6.1451637744903564,1169.0,1202.2765531062125
industrial_changeover,2494,499,4,Order4,499,5.014000000000001e-05,0.0007596508512506261,1249.0,1231.0,5.3563148975372314,0.41987180709838867,5.77618670463562,1225.0,1273.569138276553
industrial_changeover,2495,499,5,Order5,499,5.012e-05,-0.031266880221664906,1305.0,1336.0,6.356997013092041,0.4963052272796631,6.853302240371704,1282.0,1355.5531062124248
industrial_changeover,2496,500,1,Order1,500,5.0100000000000005e-05,0.021853874437510967,1259.0,1218.0,5.538617849349976,0.45589184761047363,5.994509696960449,1210.0,1294.108
industrial_changeover,2497,500,2,Order2,500,5.008e-05,0.02049732254818082,1209.0,1213.0,5.452215909957886,0.42305874824523926,5.875274658203125,1173.0,1234.694
industrial_changeover,2498,500,3,Order3,500,5.006e-05,-0.011622653342783451,1169.0,1169.0,5.78799843788147,0.4600508213043213,6.248049259185791,1169.0,1202.21
industrial_changeover,2499,500,4,Order4,500,5.0039999999999995e-05,-0.012350196484476328,1239.0,1231.0,5.500216960906982,0.4327850341796875,5.93300199508667,1225.0,1273.484
industrial_changeover,2500,500,5,Order5,500,5.002e-05,0.057970503345131874,1422.0,1336.0,6.451634407043457,0.5220630168914795,6.9736974239349365,1282.0,1355.514
industrial_changeover,2501,501,1,Order1,501,5e-05,-0.015820565167814493,1247.0,1218.0,5.540529727935791,0.43931126594543457,5.979840993881226,1210.0,1293.9560878243512
industrial_changeover,2502,501,2,Order2,501,4.9980000000000006e-05,0.02785896137356758,1253.0,1213.0,5.5662806034088135,0.4443192481994629,6.010599851608276,1173.0,1234.6506986027944
industrial_changeover,2503,501,3,Order3,501,4.996000000000001e-05,-0.02860249439254403,1196.0,1169.0,5.8121490478515625,0.4538748264312744,6.266023874282837,1169.0,1202.1437125748503
industrial_changeover,2504,501,4,Order4,501,4.994e-05,-0.017748810350894928,1266.0,1231.0,5.454533100128174,0.44234633445739746,5.896879434585571,1225.0,1273.3992015968063
industrial_changeover,2505,501,5,Order5,501,4.992e-05,-0.04058449249714613,1319.0,1336.0,6.538287401199341,0.5141587257385254,7.052446126937866,1282.0,1355.4750499001996
industrial_changeover,2506,502,1,Order1,502,4.99e-05,0.0662908423691988,1333.0,1218.0,5.647451877593994,0.42580342292785645,6.073255300521851,1210.0,1293.804780876494
industrial_changeover,2507,502,2,Order2,502,4.9880000000000004e-05,0.004674556665122509,1209.0,1213.0,5.609736204147339,0.4467182159423828,6.056454420089722,1173.0,1234.6075697211156
industrial_changeover,2508,502,3,Order3,502,4.986000000000001e-05,-0.024728518910706043,1175.0,1169.0,5.816373825073242,0.4589061737060547,6.275279998779297,1169.0,1202.0776892430279
industrial_changeover,2509,502,4,Order4,502,4.984e-05,-0.02777152508497238,1231.0,1231.0,5.382641315460205,0.41506266593933105,5.797703981399536,1225.0,1273.3147410358565
industrial_changeover,2510,502,5,Order5,502,4.982e-05,-0.011766997398808599,1319.0,1336.0,6.466912269592285,0.5183868408203125,6.985299110412598,1282.0,1355.4362549800796
industrial_changeover,2511,503,1,Order1,503,4.9800000000000004e-05,-0.005113658029586077,1220.0,1218.0,5.613027811050415,0.4616875648498535,6.0747153759002686,1210.0,1293.6540755467197
industrial_changeover,2512,503,2,Order2,503,4.978e-05,0.034260847605764866,1209.0,1213.0,5.528146028518677,0.4285547733306885,5.956700801849365,1173.0,1234.5646123260437
industrial_changeover,2513,503,3,Order3,503,4.9760000000000005e-05,0.01083826762624085,1169.0,1169.0,5.794159889221191,0.48476362228393555,6.278923511505127,1169.0,1202.0119284294235
industrial_changeover,2514,503,4,Order4,503,4.9739999999999995e-05,-0.008200181415304542,1225.0,1231.0,5.54344630241394,0.4387953281402588,5.982241630554199,1225.0,1273.230616302187
industrial_changeover,2515,503,5,Order5,503,4.972e-05,0.005324402824044228,1336.0,1336.0,6.468374490737915,0.5370972156524658,7.005471706390381,1282.0,1355.3976143141153
industrial_changeover,2516,504,1,Order1,504,4.97e-05,-0.00031067094823811203,1230.0,1218.0,5.727261781692505,0.4652233123779297,6.192485094070435,1210.0,1293.5039682539682
industrial_changeover,2517,504,2,Order2,504,4.9680000000000005e-05,0.02614993369206786,1208.0,1213.0,5.7339630126953125,0.42865848541259766,6.16262149810791,1173.0,1234.5218253968253
industrial_changeover,2518,504,3,Order3,504,4.966000000000001e-05,0.021056795027107,1208.0,1169.0,5.650782823562622,0.4615750312805176,6.11235785484314,1169.0,1201.9464285714287
industrial_changeover,2519,504,4,Order4,504,4.964e-05,-0.00684687087778002,1249.0,1231.0,5.317923307418823,0.41744232177734375,5.735365629196167,1225.0,1273.1468253968253
industrial_changeover,2520,504,5,Order5,504,4.962e-05,-0.03785416204482317,1327.0,1336.0,6.252531051635742,0.49563026428222656,6.748161315917969,1282.0,1355.359126984127
industrial_changeover,2521,505,1,Order1,505,4.96e-05,0.03245850559324026,1283.0,1218.0,5.582244634628296,0.4237813949584961,6.006026029586792,1210.0,1293.3544554455445
industrial_changeover,2522,505,2,Order2,505,4.958e-05,-0.032520851120352745,1174.0,1213.0,5.258806467056274,0.414003849029541,5.672810316085815,1173.0,1234.479207920792
industrial_changeover,2523,505,3,Order3,505,4.9560000000000007e-05,-0.011223087087273598,1169.0,1169.0,5.6763153076171875,0.4336676597595215,6.109982967376709,1169.0,1201.881188118812
industrial_changeover,2524,505,4,Order4,505,4.954e-05,0.029440375044941902,1265.0,1231.0,5.282511234283447,0.4039478302001953,5.686459064483643,1225.0,1273.0633663366336
industrial_changeover,2525,505,5,Order5,505,4.952e-05,0.006248626741580665,1341.0,1336.0,6.260745525360107,0.4951026439666748,6.755848169326782,1282.0,1355.3207920792079
industrial_changeover,2526,506,1,Order1,506,4.9500000000000004e-05,0.03469454310834408,1275.0,1218.0,5.437689304351807,0.4234194755554199,5.861108779907227,1210.0,1293.205533596838
industrial_changeover,2527,506,2,Order2,506,4.948000000000001e-05,0.00582595937885344,1204.0,1213.0,5.380979299545288,0.4323747158050537,5.813354015350342,1173.0,1234.4367588932807
industrial_changeover,2528,506,3,Order3,506,4.9460000000000004e-05,0.004389025620184839,1207.0,1169.0,5.552875280380249,0.4275639057159424,5.980439186096191,1169.0,1201.8162055335968
industrial_changeover,2529,506,4,Order4,506,4.9439999999999994e-05,-0.05029636528342962,1225.0,1231.0,5.116994380950928,0.40476298332214355,5.521757364273071,1225.0,1272.9802371541502
industrial_changeover,2530,506,5,Order5,506,4.942e-05,-0.03173273894935846,1318.0,1336.0,6.155937910079956,0.47556591033935547,6.6315038204193115,1282.0,1355.2826086956522
industrial_changeover,2531,507,1,Order1,507,4.94e-05,0.017650790978223085,1259.0,1218.0,5.443902492523193,0.43328309059143066,5.877185583114624,1210.0,1293.0571992110454
industrial_changeover,2532,507,2,Order2,507,4.9380000000000005e-05,0.0221452577970922,1207.0,1213.0,5.211580991744995,0.4325828552246094,5.6441638469696045,1173.0,1234.3944773175542
industrial_changeover,2533,507,3,Order3,507,4.936000000000001e-05,-0.0014500907273031771,1169.0,1169.0,6.009842395782471,0.454176664352417,6.464019060134888,1169.0,1201.7514792899408
industrial_changeover,2534,507,4,Order4,507,4.934e-05,0.022793417796492577,1264.0,1231.0,5.314669370651245,0.4310297966003418,5.745699167251587,1225.0,1272.8974358974358
industrial_changeover,2535,507,5,Order5,507,4.932e-05,-0.005699213943444192,1351.0,1336.0,6.315276145935059,0.5072124004364014,6.82248854637146,1282.0,1355.2445759368836
industrial_changeover,2536,508,1,Order1,508,4.93e-05,-0.022779094520956278,1220.0,1218.0,5.421252012252808,0.4515664577484131,5.872818470001221,1210.0,1292.9094488188975
industrial_changeover,2537,508,2,Order2,508,4.928e-05,0.018842858262360096,1209.0,1213.0,5.597182273864746,0.45421361923217773,6.051395893096924,1173.0,1234.3523622047244
industrial_changeover,2538,508,3,Order3,508,4.9260000000000006e-05,-0.0033487394102849066,1182.0,1169.0,5.78853440284729,0.4856417179107666,6.274176120758057,1169.0,1201.6870078740158
industrial_changeover,2539,508,4,Order4,508,4.9239999999999996e-05,0.008249203441664577,1264.0,1231.0,5.3966381549835205,0.4383070468902588,5.834945201873779,1225.0,1272.8149606299212
industrial_changeover,2540,508,5,Order5,508,4.922e-05,-0.012121968436986208,1331.0,1336.0,6.326725482940674,0.4824333190917969,6.809158802032471,1282.0,1355.2066929133857
industrial_changeover,2541,509,1,Order1,509,4.92e-05,0.025166099425405264,1275.0,1218.0,5.719282627105713,0.45917797088623047,6.178460597991943,1210.0,1292.762278978389
industrial_changeover,2542,509,2,Order2,509,4.918000000000001e-05,0.04156298749148846,1250.0,1213.0,5.461101531982422,0.42061495780944824,5.88171648979187,1173.0,1234.3104125736738
industrial_changeover,2543,509,3,Order3,509,4.9160000000000004e-05,-0.015094263711944222,1180.0,1169.0,5.654455900192261,0.4402425289154053,6.094698429107666,1169.0,1201.62278978389
industrial_changeover,2544,509,4,Order4,509,4.914e-05,-0.031466792337596416,1253.0,1231.0,5.271343231201172,0.42892980575561523,5.700273036956787,1225.0,1272.7328094302554
industrial_changeover,2545,509,5,Order5,509,4.912e-05,-0.024218578822910786,1335.0,1336.0,6.313358783721924,0.5056872367858887,6.8190460205078125,1282.0,1355.1689587426326
industrial_changeover,2546,510,1,Order1,510,4.91e-05,0.002998841053340584,1256.0,1218.0,5.524235725402832,0.4546239376068115,5.9788596630096436,1210.0,1292.6156862745097
industrial_changeover,2547,510,2,Order2,510,4.9080000000000004e-05,0.016717305406928062,1204.0,1213.0,5.406625986099243,0.4326455593109131,5.839271545410156,1173.0,1234.2686274509804
industrial_changeover,2548,510,3,Order3,510,4.906000000000001e-05,0.018367007840424776,1207.0,1169.0,5.812538146972656,0.46205663681030273,6.274594783782959,1169.0,1201.5588235294117
industrial_changeover,2549,510,4,Order4,510,4.904e-05,-0.013200735906139016,1235.0,1231.0,5.420912742614746,0.42568111419677734,5.846593856811523,1225.0,1272.650980392157
industrial_changeover,2550,510,5,Order5,510,4.902e-05,-0.00034485955256968737,1335.0,1336.0,6.280068397521973,0.4919915199279785,6.772059917449951,1282.0,1355.1313725490197
industrial_changeover,2551,511,1,Order1,511,4.9e-05,0.01964775286614895,1259.0,1218.0,5.561162710189819,0.44219326972961426,6.003355979919434,1210.0,1292.4696673189824
industrial_changeover,2552,511,2,Order2,511,4.898e-05,0.0038122101104818285,1204.0,1213.0,5.410247802734375,0.43206024169921875,5.842308044433594,1173.0,1234.2270058708416
industrial_changeover,2553,511,3,Order3,511,4.8960000000000006e-05,0.001723736320855096,1196.0,1169.0,5.664383888244629,0.46361589431762695,6.127999782562256,1169.0,1201.495107632094
industrial_changeover,2554,511,4,Order4,511,4.8939999999999996e-05,0.004537590662948787,1264.0,1231.0,5.442015886306763,0.43619251251220703,5.87820839881897,1225.0,1272.569471624266
industrial_changeover,2555,511,5,Order5,511,4.892e-05,-0.013508094474673271,1338.0,1336.0,6.437478303909302,0.5259943008422852,6.963472604751587,1282.0,1355.0939334637965
industrial_changeover,2556,512,1,Order1,512,4.89e-05,-0.03265515714883804,1223.0,1220.0,5.659152030944824,0.4489152431488037,6.108067274093628,1210.0,1292.328125
industrial_changeover,2557,512,2,Order2,512,4.8880000000000006e-05,0.00954624405130744,1208.0,1213.0,5.491893291473389,0.4800229072570801,5.971916198730469,1173.0,1234.185546875
industrial_changeover,2558,512,3,Order3,512,4.886e-05,0.0027646125527098775,1180.0,1169.0,5.81840181350708,0.4670107364654541,6.285412549972534,1169.0,1201.431640625
industrial_changeover,2559,512,4,Order4,512,4.884e-05,-0.007472434313967824,1225.0,1231.0,5.478024959564209,0.45459628105163574,5.932621240615845,1225.0,1272.48828125
industrial_changeover,2560,512,5,Order5,512,4.882e-05,-0.0067832706263288856,1315.0,1336.0,6.504091739654541,0.5276322364807129,7.031723976135254,1282.0,1355.056640625
industrial_changeover,2561,513,1,Order1,513,4.88e-05,0.05115340556949377,1280.0,1220.0,5.655219316482544,0.4514913558959961,6.10671067237854,1210.0,1292.187134502924
industrial_changeover,2562,513,2,Order2,513,4.8780000000000004e-05,0.01641744375228882,1213.0,1213.0,5.575281620025635,0.45105433464050293,6.026335954666138,1173.0,1234.1442495126705
industrial_changeover,2563,513,3,Order3,513,4.876000000000001e-05,-0.006018618703819811,1197.0,1169.0,5.9697394371032715,0.4873631000518799,6.457102537155151,1169.0,1201.3684210526317
industrial_changeover,2564,513,4,Order4,513,4.874000000000001e-05,-0.030448392033576965,1235.0,1231.0,5.446493148803711,0.43242979049682617,5.878922939300537,1225.0,1272.4074074074074
industrial_changeover,2565,513,5,Order5,513,4.872e-05,-0.015918534249067307,1351.0,1336.0,6.486803293228149,0.5049004554748535,6.991703748703003,1282.0,1355.0194931773879
industrial_changeover,2566,514,1,Order1,514,4.87e-05,-0.015081916470080614,1225.0,1218.0,5.813871145248413,0.4534440040588379,6.267315149307251,1210.0,1292.0428015564203
industrial_changeover,2567,514,2,Order2,514,4.868e-05,-0.021799093578010798,1173.0,1213.0,5.520203590393066,0.4693152904510498,5.989518880844116,1173.0,1234.103112840467
industrial_changeover,2568,514,3,Order3,514,4.8660000000000005e-05,0.039442237466573715,1196.0,1169.0,5.791000604629517,0.4450099468231201,6.236010551452637,1169.0,1201.3054474708172
industrial_changeover,2569,514,4,Order4,514,4.864000000000001e-05,0.020132675301283598,1231.0,1231.0,5.413157939910889,0.41209840774536133,5.82525634765625,1225.0,1272.3268482490273
industrial_changeover,2570,514,5,Order5,514,4.862e-05,0.013607114320620894,1334.0,1336.0,6.357885360717773,0.4944450855255127,6.852330446243286,1282.0,1354.9824902723735
industrial_changeover,2571,515,1,Order1,515,4.86e-05,0.031138652935624123,1275.0,1218.0,5.624694585800171,0.43337321281433105,6.058067798614502,1210.0,1291.8990291262137
industrial_changeover,2572,515,2,Order2,515,4.8580000000000006e-05,0.05105978716164827,1289.0,1208.0,5.524848699569702,0.44857287406921387,5.973421573638916,1173.0,1234.052427184466
industrial_changeover,2573,515,3,Order3,515,4.856e-05,-0.06089974753558636,1169.0,1169.0,5.93390965461731,0.4617424011230469,6.3956520557403564,1169.0,1201.2427184466019
industrial_changeover,2574,515,4,Order4,515,4.8540000000000006e-05,-0.029807031620293856,1264.0,1231.0,5.491115570068359,0.426316499710083,5.917432069778442,1225.0,1272.2466019417475
industrial_changeover,2575,515,5,Order5,515,4.8519999999999996e-05,0.0029384043300524354,1386.0,1336.0,6.470629930496216,0.5179808139801025,6.988610744476318,1282.0,1354.9456310679611
industrial_changeover,2576,516,1,Order1,516,4.85e-05,-0.0007129835721570998,1259.0,1220.0,5.591969728469849,0.42702341079711914,6.018993139266968,1210.0,1291.7596899224807
industrial_changeover,2577,516,2,Order2,516,4.8480000000000003e-05,-0.03549608588218689,1177.0,1213.0,5.398234605789185,0.41023731231689453,5.808471918106079,1173.0,1234.0116279069769
industrial_changeover,2578,516,3,Order3,516,4.846000000000001e-05,0.03402148652821779,1213.0,1169.0,5.52573823928833,0.4537332057952881,5.979471445083618,1169.0,1201.1802325581396
industrial_changeover,2579,516,4,Order4,516,4.844000000000001e-05,0.019115152303129435,1259.0,1231.0,5.313348770141602,0.4383218288421631,5.751670598983765,1225.0,1272.1666666666667
industrial_changeover,2580,516,5,Order5,516,4.842e-05,-0.02110298490151763,1323.0,1336.0,6.305129766464233,0.4935429096221924,6.798672676086426,1282.0,1354.9089147286822
industrial_changeover,2581,517,1,Order1,517,4.8400000000000004e-05,-0.013330003246665001,1230.0,1218.0,5.500997543334961,0.4336209297180176,5.9346184730529785,1210.0,1291.6170212765958
industrial_changeover,2582,517,2,Order2,517,4.838e-05,0.002311458345502615,1204.0,1213.0,5.34976053237915,0.4114990234375,5.76125955581665,1173.0,1233.970986460348
industrial_changeover,2583,517,3,Order3,517,4.8360000000000005e-05,0.018783350475132465,1208.0,1169.0,5.569372653961182,0.4503903388977051,6.019762992858887,1169.0,1201.1179883945842
industrial_changeover,2584,517,4,Order4,517,4.834000000000001e-05,0.02240911452099681,1264.0,1231.0,5.40546989440918,0.4145948886871338,5.8200647830963135,1225.0,1272.0870406189556
industrial_changeover,2585,517,5,Order5,517,4.832e-05,-0.013440623413771391,1334.0,1336.0,6.176508903503418,0.4996318817138672,6.676140785217285,1282.0,1354.872340425532
industrial_changeover,2586,518,1,Order1,518,4.83e-05,-0.016141480300575495,1241.0,1220.0,5.55370020866394,0.42387914657592773,5.977579355239868,1210.0,1291.4787644787646
industrial_changeover,2587,518,2,Order2,518,4.8280000000000005e-05,-0.00011483462003525347,1208.0,1213.0,5.212500095367432,0.4129447937011719,5.6254448890686035,1173.0,1233.930501930502
industrial_changeover,2588,518,3,Order3,518,4.826e-05,0.003812669194303453,1196.0,1169.0,5.608664035797119,0.4347538948059082,6.043417930603027,1169.0,1201.0559845559847
industrial_changeover,2589,518,4,Order4,518,4.8240000000000006e-05,-0.02068320754915476,1231.0,1231.0,5.114499092102051,0.40149712562561035,5.515996217727661,1225.0,1272.007722007722
industrial_changeover,2590,518,5,Order5,518,4.8219999999999996e-05,-0.014515202958136797,1328.0,1334.0,6.028724431991577,0.5244054794311523,6.5531299114227295,1282.0,1354.8320463320463
industrial_changeover,2591,519,1,Order1,519,4.82e-05,-0.005481852451339364,1223.0,1220.0,5.696107625961304,0.46878623962402344,6.164893865585327,1210.0,1291.3410404624278
industrial_changeover,2592,519,2,Order2,519,4.818e-05,0.03129468346014619,1208.0,1213.0,5.41960334777832,0.45728564262390137,5.876888990402222,1173.0,1233.8901734104047
industrial_changeover,2593,519,3,Order3,519,4.8160000000000006e-05,0.002762022486422211,1175.0,1169.0,5.833700656890869,0.44717931747436523,6.280879974365234,1169.0,1200.9942196531792
industrial_changeover,2594,519,4,Order4,519,4.814000000000001e-05,0.03038207208737731,1266.0,1231.0,5.267543077468872,0.43198728561401367,5.699530363082886,1225.0,1271.9287090558767
industrial_changeover,2595,519,5,Order5,519,4.812e-05,-0.014235805254429579,1323.0,1335.0,6.3080244064331055,0.5557265281677246,6.86375093460083,1282.0,1354.7938342967245
industrial_changeover,2596,520,1,Order1,520,4.8100000000000004e-05,0.00927635165862739,1256.0,1220.0,5.427917242050171,0.46724534034729004,5.895162582397461,1210.0,1291.2038461538461
industrial_changeover,2597,520,2,Order2,520,4.808e-05,-0.0037419345462694764,1213.0,1213.0,5.3862175941467285,0.4463181495666504,5.832535743713379,1173.0,1233.85
industrial_changeover,2598,520,3,Order3,520,4.8060000000000004e-05,0.03505072742700577,1231.0,1169.0,5.840518474578857,0.48511719703674316,6.325635671615601,1169.0,1200.9326923076924
industrial_changeover,2599,520,4,Order4,520,4.804000000000001e-05,-0.03971858788281679,1225.0,1231.0,5.359112739562988,0.4397869110107422,5.7988996505737305,1225.0,1271.85
industrial_changeover,2600,520,5,Order5,520,4.802e-05,-0.04224561993032694,1312.0,1334.0,6.17426609992981,0.5034003257751465,6.677666425704956,1282.0,1354.753846153846
industrial_changeover,2601,521,1,Order1,521,4.8e-05,0.001990698045119643,1241.0,1220.0,5.446947813034058,0.43051815032958984,5.8774659633636475,1210.0,1291.0671785028792
industrial_changeover,2602,521,2,Order2,521,4.7980000000000005e-05,0.024624578189104795,1205.0,1213.0,5.41426420211792,0.4255032539367676,5.8397674560546875,1173.0,1233.809980806142
industrial_changeover,2603,521,3,Order3,521,4.796e-05,0.037739179097115993,1216.0,1169.0,5.658356189727783,0.4456160068511963,6.1039721965789795,1169.0,1200.8714011516315
industrial_changeover,2604,521,4,Order4,521,4.7940000000000005e-05,9.716201020637527e-05,1235.0,1231.0,5.182777643203735,0.4089388847351074,5.591716527938843,1225.0,1271.7715930902111
industrial_changeover,2605,521,5,Order5,521,4.7919999999999995e-05,-0.027143766172230244,1319.0,1334.0,6.311630010604858,0.5055351257324219,6.81716513633728,1282.0,1354.7140115163147
industrial_changeover,2606,522,1,Order1,522,4.79e-05,-0.012606155360117555,1247.0,1220.0,5.535549640655518,0.42572498321533203,5.96127462387085,1210.0,1290.9310344827586
industrial_changeover,2607,522,2,Order2,522,4.788e-05,0.023408408742398024,1213.0,1213.0,5.405546426773071,0.41718220710754395,5.822728633880615,1173.0,1233.7701149425288
industrial_changeover,2608,522,3,Order3,522,4.7860000000000006e-05,-0.03349605295807123,1169.0,1169.0,5.712311267852783,0.45256876945495605,6.164880037307739,1169.0,1200.8103448275863
industrial_changeover,2609,522,4,Order4,522,4.784000000000001e-05,0.03272983990609646,1266.0,1231.0,5.310608863830566,0.41420650482177734,5.724815368652344,1225.0,1271.6934865900382
industrial_changeover,2610,522,5,Order5,522,4.782e-05,-0.0021475809044204652,1323.0,1334.0,6.30155873298645,0.5492298603057861,6.850788593292236,1282.0,1354.6743295019157
industrial_changeover,2611,523,1,Order1,523,4.78e-05,-0.013856603298336267,1220.0,1220.0,5.474141836166382,0.4502542018890381,5.92439603805542,1210.0,1290.795411089866
industrial_changeover,2612,523,2,Order2,523,4.778e-05,0.0175553853623569,1210.0,1213.0,5.400602340698242,0.4200882911682129,5.820690631866455,1173.0,1233.7304015296368
industrial_changeover,2613,523,3,Order3,523,4.7760000000000004e-05,0.045512146316468716,1232.0,1169.0,5.7584593296051025,0.4643712043762207,6.222830533981323,1169.0,1200.7495219885277
industrial_changeover,2614,523,4,Order4,523,4.774000000000001e-05,-0.023118143901228905,1231.0,1231.0,5.350508213043213,0.4277536869049072,5.77826189994812,1225.0,1271.6156787762907
industrial_changeover,2615,523,5,Order5,523,4.772e-05,-0.02151900576427579,1338.0,1334.0,6.241505146026611,0.5095703601837158,6.751075506210327,1282.0,1354.6347992351816
industrial_changeover,2616,524,1,Order1,524,4.77e-05,-0.010548015823587775,1241.0,1220.0,5.559607028961182,0.4447135925292969,6.0043206214904785,1210.0,1290.6603053435115
industrial_changeover,2617,524,2,Order2,524,4.7680000000000004e-05,0.03421181160956621,1241.0,1213.0,5.4097137451171875,0.4431324005126953,5.852846145629883,1173.0,1233.6908396946565
industrial_changeover,2618,524,3,Order3,524,4.766000000000001e-05,0.026500010397285223,1242.0,1169.0,5.707224369049072,0.45544910430908203,6.162673473358154,1169.0,1200.6889312977098
industrial_changeover,2619,524,4,Order4,524,4.7640000000000005e-05,0.015133710345253348,1285.0,1231.0,5.296951770782471,0.4199039936065674,5.716855764389038,1225.0,1271.5381679389313
industrial_changeover,2620,524,5,Order5,524,4.7619999999999995e-05,-0.06452918983995914,1319.0,1334.0,6.319279670715332,0.5231249332427979,6.84240460395813,1282.0,1354.5954198473282
industrial_changeover,2621,525,1,Order1,525,4.76e-05,-0.04877174645662308,1218.0,1220.0,5.532306432723999,0.44876790046691895,5.981074333190918,1210.0,1290.5257142857142
industrial_changeover,2622,525,2,Order2,525,4.758e-05,0.013143771793693304,1218.0,1213.0,5.483793497085571,0.43314123153686523,5.9169347286224365,1173.0,1233.6514285714286
industrial_changeover,2623,525,3,Order3,525,4.7560000000000005e-05,0.01045057037845254,1197.0,1169.0,5.613664388656616,0.4475409984588623,6.0612053871154785,1169.0,1200.6285714285714
industrial_changeover,2624,525,4,Order4,525,4.754000000000001e-05,0.04637569468468428,1249.0,1231.0,5.33945107460022,0.42964768409729004,5.76909875869751,1225.0,1271.4609523809524
industrial_changeover,2625,525,5,Order5,525,4.752e-05,0.009855304844677448,1336.0,1334.0,6.31277322769165,0.5031070709228516,6.815880298614502,1282.0,1354.5561904761905
industrial_changeover,2626,526,1,Order1,526,4.75e-05,0.036730761639773846,1280.0,1220.0,5.5324835777282715,0.4624800682067871,5.994963645935059,1210.0,1290.3916349809886
industrial_changeover,2627,526,2,Order2,526,4.748e-05,-0.012475667288526893,1205.0,1213.0,5.368192195892334,0.4352231025695801,5.803415298461914,1173.0,1233.6121673003802
industrial_changeover,2628,526,3,Order3,526,4.746e-05,-0.056250808760523796,1182.0,1169.0,5.701595783233643,0.45919227600097656,6.160788059234619,1169.0,1200.5684410646388
industrial_changeover,2629,526,4,Order4,526,4.7440000000000007e-05,0.0036694990121759474,1260.0,1231.0,5.262267112731934,0.41066765785217285,5.6729347705841064,1225.0,1271.3840304182509
industrial_changeover,2630,526,5,Order5,526,4.7419999999999997e-05,-0.013412299333140254,1312.0,1334.0,6.41635274887085,0.5046677589416504,6.9210205078125,1282.0,1354.5171102661598
industrial_changeover,2631,527,1,Order1,527,4.74e-05,0.019161554519087076,1241.0,1220.0,5.594350576400757,0.4261767864227295,6.020527362823486,1210.0,1290.258064516129
industrial_changeover,2632,527,2,Order2,527,4.7380000000000004e-05,0.03522737044841051,1208.0,1213.0,5.4538280963897705,0.43660497665405273,5.890433073043823,1173.0,1233.573055028463
industrial_changeover,2633,527,3,Order3,527,4.736000000000001e-05,-0.011108461767435074,1175.0,1169.0,5.7845659255981445,0.46416711807250977,6.248733043670654,1169.0,1200.5085388994307
industrial_changeover,2634,527,4,Order4,527,4.7340000000000004e-05,-0.01764592621475458,1225.0,1231.0,5.566607236862183,0.42467522621154785,5.9912824630737305,1225.0,1271.3074003795066
industrial_changeover,2635,527,5,Order5,527,4.732e-05,-0.005637022317387164,1322.0,1334.0,6.444910526275635,0.5194759368896484,6.964386463165283,1282.0,1354.4781783681215
industrial_changeover,2636,528,1,Order1,528,4.73e-05,0.03154726140201092,1266.0,1220.0,5.493989706039429,0.4266698360443115,5.92065954208374,1210.0,1290.125
industrial_changeover,2637,528,2,Order2,528,4.728e-05,0.048438078723847866,1245.0,1213.0,5.309719085693359,0.42444610595703125,5.734165191650391,1173.0,1233.534090909091
industrial_changeover,2638,528,3,Order3,528,4.7260000000000005e-05,-0.033443805761635303,1169.0,1169.0,5.641724586486816,0.47606325149536133,6.117787837982178,1169.0,1200.4488636363637
industrial_changeover,2639,528,4,Order4,528,4.724000000000001e-05,-0.0411375192925334,1225.0,1231.0,5.156833171844482,0.42070984840393066,5.577543020248413,1225.0,1271.2310606060605
industrial_changeover,2640,528,5,Order5,528,4.722e-05,0.003701039240695536,1358.0,1334.0,6.182919979095459,0.48912763595581055,6.6720476150512695,1282.0,1354.439393939394
industrial_changeover,2641,529,1,Order1,529,4.72e-05,-0.005063014919869602,1227.0,1220.0,5.483440160751343,0.45981597900390625,5.943256139755249,1210.0,1289.9924385633271
industrial_changeover,2642,529,2,Order2,529,4.718e-05,0.026812393218278885,1203.0,1213.0,5.231106519699097,0.42542600631713867,5.656532526016235,1173.0,1233.4952741020793
industrial_changeover,2643,529,3,Order3,529,4.716e-05,0.0815192200243473,1265.0,1169.0,5.7255330085754395,0.44019460678100586,6.165727615356445,1169.0,1200.389413988658
industrial_changeover,2644,529,4,Order4,529,4.7140000000000006e-05,-0.02298617083579302,1231.0,1231.0,5.203613519668579,0.4148366451263428,5.618450164794922,1225.0,1271.1550094517959
industrial_changeover,2645,529,5,Order5,529,4.7119999999999996e-05,0.048610773868858814,1457.0,1336.0,6.125843286514282,0.48067474365234375,6.606518030166626,1282.0,1354.4045368620039
industrial_changeover,2646,530,1,Order1,530,4.71e-05,-0.05694245267659426,1224.0,1218.0,5.378326416015625,0.4231555461883545,5.8014819622039795,1210.0,1289.856603773585
industrial_changeover,2647,530,2,Order2,530,4.708e-05,-0.035734623670578,1208.0,1213.0,5.179827690124512,0.4092214107513428,5.5890491008758545,1173.0,1233.456603773585
industrial_changeover,2648,530,3,Order3,530,4.706000000000001e-05,0.006353170494548976,1242.0,1169.0,5.563883066177368,0.44343137741088867,6.007314443588257,1169.0,1200.3301886792453
industrial_changeover,2649,530,4,Order4,530,4.7040000000000004e-05,0.03807481657713652,1287.0,1231.0,5.170121192932129,0.39724183082580566,5.567363023757935,1225.0,1271.079245283019
industrial_changeover,2650,530,5,Order5,530,4.702e-05,-0.01524480152875185,1336.0,1334.0,6.232504606246948,0.514244556427002,6.74674916267395,1282.0,1354.366037735849
industrial_changeover,2651,531,1,Order1,531,4.7e-05,0.009061230113729835,1275.0,1220.0,5.502381801605225,0.4583003520965576,5.960682153701782,1210.0,1289.7250470809793
industrial_changeover,2652,531,2,Order2,531,4.698e-05,-0.016814465634524822,1204.0,1213.0,5.812864303588867,0.4441561698913574,6.257020473480225,1173.0,1233.4180790960452
industrial_changeover,2653,531,3,Order3,531,4.6960000000000004e-05,-0.048367565497756004,1169.0,1169.0,5.790587663650513,0.4617605209350586,6.252348184585571,1169.0,1200.2711864406779
industrial_changeover,2654,531,4,Order4,531,4.694000000000001e-05,0.014078582869842649,1266.0,1231.0,5.313308000564575,0.4414196014404297,5.754727602005005,1225.0,1271.0037664783426
industrial_changeover,2655,531,5,Order5,531,4.692e-05,5.7582838053349406e-05,1331.0,1334.0,6.458414077758789,0.510441780090332,6.968855857849121,1282.0,1354.3276836158193
industrial_changeover,2656,532,1,Order1,532,4.69e-05,0.044293769635260105,1280.0,1220.0,5.801693677902222,0.46734070777893066,6.269034385681152,1210.0,1289.593984962406
industrial_changeover,2657,532,2,Order2,532,4.688e-05,0.00712344644125551,1207.0,1213.0,5.549838542938232,0.43857407569885254,5.988412618637085,1173.0,1233.3796992481202
industrial_changeover,2658,532,3,Order3,532,4.686e-05,-0.009730922058224678,1197.0,1169.0,5.789066314697266,0.4618978500366211,6.250964164733887,1169.0,1200.2124060150377
industrial_changeover,2659,532,4,Order4,532,4.6840000000000006e-05,-0.008627290138974786,1260.0,1231.0,5.417579412460327,0.4364955425262451,5.854074954986572,1225.0,1270.9285714285713
industrial_changeover,2660,532,5,Order5,532,4.6819999999999996e-05,-0.022891507018357515,1323.0,1334.0,6.356109142303467,0.5197830200195312,6.875892162322998,1282.0,1354.2894736842106
industrial_changeover,2661,533,1,Order1,533,4.68e-05,-0.021051879972219467,1224.0,1220.0,5.539030075073242,0.43326735496520996,5.972297430038452,1210.0,1289.4634146341464
industrial_changeover,2662,533,2,Order2,533,4.678e-05,0.020743739791214466,1209.0,1213.0,5.349903345108032,0.4580960273742676,5.8079993724823,1173.0,1233.341463414634
industrial_changeover,2663,533,3,Order3,533,4.6760000000000006e-05,0.015473913634195924,1197.0,1169.0,5.6908745765686035,0.4446218013763428,6.135496377944946,1169.0,1200.1538461538462
industrial_changeover,2664,533,4,Order4,533,4.674e-05,0.008588746888563037,1249.0,1231.0,5.3672685623168945,0.42673301696777344,5.794001579284668,1225.0,1270.8536585365853
industrial_changeover,2665,533,5,Order5,533,4.672e-05,-0.0027369383024051785,1338.0,1334.0,6.3750364780426025,0.49504828453063965,6.870084762573242,1282.0,1354.2514071294559
industrial_changeover,2666,534,1,Order1,534,4.67e-05,-0.016856092028319836,1223.0,1220.0,5.430031776428223,0.4328324794769287,5.862864255905151,1210.0,1289.3333333333333
industrial_changeover,2667,534,2,Order2,534,4.668e-05,0.03947093337774277,1241.0,1213.0,5.415928363800049,0.435718297958374,5.851646661758423,1173.0,1233.3033707865168
industrial_changeover,2668,534,3,Order3,534,4.6660000000000004e-05,-0.013927650405094028,1182.0,1169.0,5.725965738296509,0.4731626510620117,6.1991283893585205,1169.0,1200.0955056179776
industrial_changeover,2669,534,4,Order4,534,4.664000000000001e-05,-0.020808258093893528,1235.0,1231.0,5.263981342315674,0.4798574447631836,5.743838787078857,1225.0,1270.7790262172284
industrial_changeover,2670,534,5,Order5,534,4.662e-05,-0.019963625818490982,1329.0,1334.0,6.521839618682861,0.5082626342773438,7.030102252960205,1282.0,1354.2134831460673
industrial_changeover,2671,535,1,Order1,535,4.66e-05,0.02212336752563715,1256.0,1220.0,5.578155279159546,0.44209861755371094,6.020253896713257,1210.0,1289.203738317757
industrial_changeover,2672,535,2,Order2,535,4.6580000000000005e-05,-0.02316530141979456,1174.0,1213.0,5.384158611297607,0.42159056663513184,5.805749177932739,1173.0,1233.2654205607478
industrial_changeover,2673,535,3,Order3,535,4.656e-05,-0.007095400593243539,1169.0,1169.0,5.7681884765625,0.447613000869751,6.215801477432251,1169.0,1200.03738317757
industrial_changeover,2674,535,4,Order4,535,4.6540000000000005e-05,0.04186468757688999,1264.0,1231.0,5.370248794555664,0.42092466354370117,5.791173458099365,1225.0,1270.7046728971964
industrial_changeover,2675,535,5,Order5,535,4.6519999999999995e-05,0.015413546934723854,1334.0,1334.0,6.329487323760986,0.5100176334381104,6.839504957199097,1282.0,1354.1757009345795
industrial_changeover,2676,536,1,Order1,536,4.65e-05,0.04129079915583134,1283.0,1220.0,5.558931827545166,0.4439084529876709,6.002840280532837,1210.0,1289.0746268656717
industrial_changeover,2677,536,2,Order2,536,4.648e-05,0.07256364077329636,1301.0,1208.0,5.5424582958221436,0.4297044277191162,5.97216272354126,1173.0,1233.2182835820895
industrial_changeover,2678,536,3,Order3,536,4.6460000000000006e-05,-0.06269684713333845,1169.0,1169.0,5.735421180725098,0.4598548412322998,6.1952760219573975,1169.0,1199.9794776119404
industrial_changeover,2679,536,4,Order4,536,4.644e-05,-0.0750948004424572,1237.0,1231.0,5.376081228256226,0.43717455863952637,5.813255786895752,1225.0,1270.6305970149253
industrial_changeover,2680,536,5,Order5,536,4.642e-05,-0.02645018743351102,1358.0,1335.0,6.221147775650024,0.5050811767578125,6.726228952407837,1282.0,1354.1399253731342
industrial_changeover,2681,537,1,Order1,537,4.6399999999999996e-05,-0.020200720988214016,1227.0,1220.0,5.565680980682373,0.45325541496276855,6.018936395645142,1210.0,1288.9459962756052
industrial_changeover,2682,537,2,Order2,537,4.638e-05,0.02495343517512083,1212.0,1213.0,5.473809003829956,0.4177396297454834,5.8915486335754395,1173.0,1233.1806331471137
industrial_changeover,2683,537,3,Order3,537,4.636e-05,0.04327063914388418,1195.0,1169.0,5.685175895690918,0.4525797367095947,6.137755632400513,1169.0,1199.9217877094973
industrial_changeover,2684,537,4,Order4,537,4.634000000000001e-05,-0.0053576716454699636,1225.0,1231.0,5.303703546524048,0.41852855682373047,5.722232103347778,1225.0,1270.5567970204843
industrial_changeover,2685,537,5,Order5,537,4.632e-05,0.06820941343903542,1422.0,1335.0,6.1926703453063965,0.4937763214111328,6.686446666717529,1282.0,1354.1042830540036
industrial_changeover,2686,538,1,Order1,538,4.63e-05,-0.018855012953281403,1230.0,1218.0,5.566389560699463,0.437086820602417,6.00347638130188,1210.0,1288.814126394052
industrial_changeover,2687,538,2,Order2,538,4.6280000000000004e-05,-0.018709108233451843,1208.0,1213.0,5.312953233718872,0.4283277988433838,5.741281032562256,1173.0,1233.1431226765799
industrial_changeover,2688,538,3,Order3,538,4.626e-05,-0.03826773166656494,1169.0,1169.0,5.691922903060913,0.46104884147644043,6.1529717445373535,1169.0,1199.864312267658
industrial_changeover,2689,538,4,Order4,538,4.6240000000000005e-05,-0.03073774604126811,1225.0,1231.0,5.517972469329834,0.4350893497467041,5.953061819076538,1225.0,1270.4832713754647
industrial_changeover,2690,538,5,Order5,538,4.622000000000001e-05,0.04689846932888031,1410.0,1335.0,6.529463529586792,0.5232203006744385,7.0526838302612305,1282.0,1354.0687732342008
industrial_changeover,2691,539,1,Order1,539,4.62e-05,0.03128862753510475,1256.0,1218.0,5.718217611312866,0.4558851718902588,6.174102783203125,1210.0,1288.682745825603
industrial_changeover,2692,539,2,Order2,539,4.618e-05,0.013968490529805422,1209.0,1213.0,5.655127048492432,0.43616771697998047,6.091294765472412,1173.0,1233.1057513914657
industrial_changeover,2693,539,3,Order3,539,4.6160000000000005e-05,-0.013667745748534799,1169.0,1169.0,5.786160707473755,0.44203710556030273,6.228197813034058,1169.0,1199.8070500927645
industrial_changeover,2694,539,4,Order4,539,4.614e-05,-0.026372398249804974,1237.0,1231.0,5.148566484451294,0.42225003242492676,5.570816516876221,1225.0,1270.4100185528757
industrial_changeover,2695,539,5,Order5,539,4.6120000000000006e-05,-0.01738671539351344,1335.0,1334.0,6.287866115570068,0.5022072792053223,6.790073394775391,1282.0,1354.0315398886828
industrial_changeover,2696,540,1,Order1,540,4.6099999999999996e-05,-0.008778217481449246,1227.0,1220.0,5.455859661102295,0.42964887619018555,5.8855085372924805,1210.0,1288.5555555555557
industrial_changeover,2697,540,2,Order2,540,4.608e-05,0.02610501740127802,1209.0,1213.0,5.272242546081543,0.4294612407684326,5.701703786849976,1173.0,1233.0685185185184
industrial_changeover,2698,540,3,Order3,540,4.606e-05,0.00045083006261847913,1169.0,1169.0,5.651982545852661,0.44722509384155273,6.099207639694214,1169.0,1199.75
industrial_changeover,2699,540,4,Order4,540,4.6040000000000006e-05,-0.009378246730193496,1229.0,1231.0,5.232764720916748,0.4056859016418457,5.638450622558594,1225.0,1270.3370370370371
industrial_changeover,2700,540,5,Order5,540,4.602000000000001e-05,-0.012182114645838737,1318.0,1334.0,6.13897442817688,0.5185565948486328,6.657531023025513,1282.0,1353.9944444444445
industrial_changeover,2701,541,1,Order1,541,4.6e-05,0.032967074774205685,1259.0,1220.0,5.395245552062988,0.44127440452575684,5.836519956588745,1210.0,1288.4288354898335
industrial_changeover,2702,541,2,Order2,541,4.5980000000000004e-05,0.010880190413445234,1209.0,1213.0,5.360306024551392,0.407914400100708,5.7682204246521,1173.0,1233.0314232902033
industrial_changeover,2703,541,3,Order3,541,4.596e-05,0.008546412456780672,1196.0,1169.0,5.586995601654053,0.43552184104919434,6.022517442703247,1169.0,1199.6931608133086
industrial_changeover,2704,541,4,Order4,541,4.5940000000000004e-05,-0.01864169631153345,1237.0,1231.0,5.0367937088012695,0.41777658462524414,5.454570293426514,1225.0,1270.264325323475
industrial_changeover,2705,541,5,Order5,541,4.592000000000001e-05,-0.02179545257240534,1351.0,1334.0,6.123517274856567,0.5048000812530518,6.628317356109619,1282.0,1353.9574861367837
industrial_changeover,2706,542,1,Order1,542,4.59e-05,-0.005057092756032944,1247.0,1220.0,5.3212950229644775,0.4285101890563965,5.749805212020874,1210.0,1288.3025830258302
industrial_changeover,2707,542,2,Order2,542,4.588e-05,0.02098076557740569,1212.0,1213.0,5.238945484161377,0.4085242748260498,5.647469758987427,1173.0,1232.9944649446495
industrial_changeover,2708,542,3,Order3,542,4.5860000000000005e-05,-0.0008204765763366595,1175.0,1169.0,5.479320049285889,0.45081233978271484,5.9301323890686035,1169.0,1199.6365313653137
industrial_changeover,2709,542,4,Order4,542,4.584000000000001e-05,-0.012048509903252125,1225.0,1231.0,5.390141010284424,0.43102097511291504,5.821161985397339,1225.0,1270.1918819188193
industrial_changeover,2710,542,5,Order5,542,4.5820000000000005e-05,-0.017340137623250484,1313.0,1334.0,6.451009273529053,0.510535478591919,6.961544752120972,1282.0,1353.920664206642
industrial_changeover,2711,543,1,Order1,543,4.5799999999999995e-05,0.006051021860912442,1224.0,1220.0,5.736312389373779,0.4648118019104004,6.20112419128418,1210.0,1288.1767955801106
industrial_changeover,2712,543,2,Order2,543,4.578e-05,0.03511643409729004,1213.0,1213.0,5.565903186798096,0.4587867259979248,6.0246899127960205,1173.0,1232.9576427255986
industrial_changeover,2713,543,3,Order3,543,4.576e-05,0.0014956622326280922,1175.0,1169.0,5.923389911651611,0.4528472423553467,6.376237154006958,1169.0,1199.5801104972375
industrial_changeover,2714,543,4,Order4,543,4.5740000000000006e-05,-0.003295246046036482,1237.0,1231.0,5.367401599884033,0.44304943084716797,5.810451030731201,1225.0,1270.1197053406997
industrial_changeover,2715,543,5,Order5,543,4.572000000000001e-05,-0.008732868358492851,1335.0,1334.0,6.424530029296875,0.5300216674804688,6.954551696777344,1282.0,1353.8839779005525
industrial_changeover,2716,544,1,Order1,544,4.57e-05,0.019993902649730444,1256.0,1220.0,5.4724531173706055,0.4565248489379883,5.928977966308594,1210.0,1288.0514705882354
industrial_changeover,2717,544,2,Order2,544,4.568e-05,0.001991293451283127,1210.0,1213.0,5.405368328094482,0.44754576683044434,5.852914094924927,1173.0,1232.920955882353
industrial_changeover,2718,544,3,Order3,544,4.566e-05,0.020455846097320318,1214.0,1169.0,5.7261035442352295,0.4436075687408447,6.169711112976074,1169.0,1199.5238970588234
industrial_changeover,2719,544,4,Order4,544,4.5640000000000003e-05,0.002391121059190482,1266.0,1231.0,5.191701412200928,0.41931629180908203,5.61101770401001,1225.0,1270.047794117647
industrial_changeover,2720,544,5,Order5,544,4.562000000000001e-05,-0.027957725804299116,1350.0,1334.0,6.330473184585571,0.5024964809417725,6.832969665527344,1282.0,1353.8474264705883
industrial_changeover,2721,545,1,Order1,545,4.56e-05,0.009763208916410804,1285.0,1220.0,5.538061618804932,0.4270365238189697,5.965098142623901,1210.0,1287.926605504587
industrial_changeover,2722,545,2,Order2,545,4.558e-05,-0.04301259759813547,1177.0,1208.0,5.328956604003906,0.4366745948791504,5.765631198883057,1173.0,1232.8752293577982
industrial_changeover,2723,545,3,Order3,545,4.5560000000000004e-05,-0.018077725544571877,1169.0,1169.0,5.685694932937622,0.44173550605773926,6.127430438995361,1169.0,1199.467889908257
industrial_changeover,2724,545,4,Order4,545,4.554000000000001e-05,0.009168955031782389,1231.0,1231.0,5.233515024185181,0.4212765693664551,5.654791593551636,1225.0,1269.9761467889907
industrial_changeover,2725,545,5,Order5,545,4.5520000000000005e-05,0.029063927475363016,1341.0,1334.0,6.253042936325073,0.5074489116668701,6.760491847991943,1282.0,1353.811009174312
industrial_changeover,2726,546,1,Order1,546,4.55e-05,0.06551954336464405,1280.0,1220.0,5.538062810897827,0.4288065433502197,5.966869354248047,1210.0,1287.8021978021977
industrial_changeover,2727,546,2,Order2,546,4.548e-05,0.015141627984121442,1209.0,1208.0,5.266557216644287,0.4245152473449707,5.691072463989258,1173.0,1232.8296703296703
industrial_changeover,2728,546,3,Order3,546,4.546e-05,-0.01222139922901988,1184.0,1169.0,5.798486232757568,0.4400162696838379,6.238502502441406,1169.0,1199.4120879120878
industrial_changeover,2729,546,4,Order4,546,4.5440000000000005e-05,-0.018435767386108637,1264.0,1231.0,5.255451917648315,0.4134547710418701,5.6689066886901855,1225.0,1269.904761904762
industrial_changeover,2730,546,5,Order5,546,4.542000000000001e-05,-0.03173705097287893,1331.0,1335.0,6.188122272491455,0.5012640953063965,6.689386367797852,1282.0,1353.7765567765568
industrial_changeover,2731,547,1,Order1,547,4.54e-05,-0.02872705366462469,1224.0,1220.0,5.5362749099731445,0.4323747158050537,5.968649625778198,1210.0,1287.6782449725777
industrial_changeover,2732,547,2,Order2,547,4.538e-05,0.02475018845871091,1204.0,1208.0,5.380974531173706,0.41832661628723145,5.7993011474609375,1173.0,1232.784277879342
industrial_changeover,2733,547,3,Order3,547,4.536e-05,0.006859980640001595,1169.0,1169.0,5.821807146072388,0.45571446418762207,6.27752161026001,1169.0,1199.3564899451553
industrial_changeover,2734,547,4,Order4,547,4.534e-05,0.017930325120687485,1260.0,1231.0,5.255174160003662,0.4428277015686035,5.698001861572266,1225.0,1269.8336380255942
industrial_changeover,2735,547,5,Order5,547,4.5320000000000007e-05,-0.009570107096806169,1320.0,1334.0,6.329326629638672,0.4924337863922119,6.821760416030884,1282.0,1353.7404021937843
industrial_changeover,2736,548,1,Order1,548,4.5299999999999997e-05,-0.014111215714365244,1224.0,1220.0,5.549721002578735,0.43082284927368164,5.980543851852417,1210.0,1287.5547445255474
industrial_changeover,2737,548,2,Order2,548,4.528e-05,0.025065964087843895,1219.0,1208.0,5.4015052318573,0.4251282215118408,5.826633453369141,1173.0,1232.7390510948906
industrial_changeover,2738,548,3,Order3,548,4.5260000000000004e-05,-0.007059068069793284,1169.0,1169.0,5.678685426712036,0.4618041515350342,6.14048957824707,1169.0,1199.301094890511
industrial_changeover,2739,548,4,Order4,548,4.524000000000001e-05,-0.020212958566844463,1225.0,1231.0,5.348739147186279,0.41988253593444824,5.7686216831207275,1225.0,1269.7627737226278
industrial_changeover,2740,548,5,Order5,548,4.5220000000000004e-05,-0.03494805656373501,1304.0,1334.0,6.403824329376221,0.48967790603637695,6.893502235412598,1282.0,1353.7043795620439
industrial_changeover,2741,549,1,Order1,549,4.52e-05,0.007698331493884325,1225.0,1220.0,5.536426305770874,0.43971920013427734,5.976145505905151,1210.0,1287.431693989071
industrial_changeover,2742,549,2,Order2,549,4.518e-05,0.007055126246996224,1183.0,1208.0,5.353815793991089,0.41770267486572266,5.7715184688568115,1173.0,1232.6939890710382
industrial_changeover,2743,549,3,Order3,549,4.516e-05,0.053582146763801575,1196.0,1169.0,5.637109279632568,0.4479365348815918,6.08504581451416,1169.0,1199.2459016393443
industrial_changeover,2744,549,4,Order4,549,4.5140000000000005e-05,0.023446185048669577,1249.0,1231.0,5.292795896530151,0.4119234085083008,5.704719305038452,1225.0,1269.6921675774136
industrial_changeover,2745,549,5,Order5,549,4.512000000000001e-05,-0.018789955880492926,1323.0,1335.0,6.2150962352752686,0.49597883224487305,6.711075067520142,1282.0,1353.6703096539163
industrial_changeover,2746,550,1,Order1,550,4.51e-05,-0.020568471867591143,1225.0,1220.0,5.517269611358643,0.4316215515136719,5.9488911628723145,1210.0,1287.3090909090909
industrial_changeover,2747,550,2,Order2,550,4.508e-05,0.009944907389581203,1203.0,1208.0,5.329193830490112,0.4432337284088135,5.772427558898926,1173.0,1232.649090909091
industrial_changeover,2748,550,3,Order3,550,4.506e-05,0.013050869572907686,1196.0,1169.0,5.916640996932983,0.48726773262023926,6.403908729553223,1169.0,1199.1909090909091
industrial_changeover,2749,550,4,Order4,550,4.504e-05,-0.02217469271272421,1225.0,1231.0,5.4972310066223145,0.4380357265472412,5.935266733169556,1225.0,1269.621818181818
industrial_changeover,2750,550,5,Order5,550,4.5020000000000006e-05,-0.0006400682614184916,1338.0,1335.0,6.362823247909546,0.5104129314422607,6.873236179351807,1282.0,1353.6363636363637
industrial_changeover,2751,551,1,Order1,551,4.4999999999999996e-05,0.007242292980663478,1241.0,1220.0,5.707719802856445,0.4755384922027588,6.183258295059204,1210.0,1287.186932849365
industrial_changeover,2752,551,2,Order2,551,4.498e-05,0.010970513336360455,1203.0,1208.0,5.492586851119995,0.41865038871765137,5.9112372398376465,1173.0,1232.6043557168784
industrial_changeover,2753,551,3,Order3,551,4.496e-05,-0.01587543124333024,1175.0,1169.0,5.527453184127808,0.47432518005371094,6.0017783641815186,1169.0,1199.13611615245
industrial_changeover,2754,551,4,Order4,551,4.494000000000001e-05,0.009954174980521202,1249.0,1231.0,5.15003228187561,0.4281187057495117,5.578150987625122,1225.0,1269.551724137931
industrial_changeover,2755,551,5,Order5,551,4.4920000000000004e-05,0.0020102810813114047,1335.0,1335.0,6.14624285697937,0.4973740577697754,6.6436169147491455,1282.0,1353.6025408348457
industrial_changeover,2756,552,1,Order1,552,4.49e-05,-0.011430509621277452,1220.0,1220.0,5.413127183914185,0.454540491104126,5.8676676750183105,1210.0,1287.0652173913043
industrial_changeover,2757,552,2,Order2,552,4.488e-05,0.02073348220437765,1218.0,1208.0,5.302297353744507,0.41835641860961914,5.720653772354126,1173.0,1232.5597826086957
industrial_changeover,2758,552,3,Order3,552,4.486e-05,-0.008817449677735567,1169.0,1169.0,5.5870397090911865,0.4422285556793213,6.029268264770508,1169.0,1199.0815217391305
industrial_changeover,2759,552,4,Order4,552,4.4840000000000004e-05,0.015703662764281034,1253.0,1231.0,5.189990997314453,0.4246804714202881,5.614671468734741,1225.0,1269.481884057971
industrial_changeover,2760,552,5,Order5,552,4.482000000000001e-05,0.01462395186536014,1361.0,1335.0,6.1214213371276855,0.4976165294647217,6.619037866592407,1282.0,1353.5688405797102
industrial_changeover,2761,553,1,Order1,553,4.48e-05,0.000595214354689233,1241.0,1220.0,5.454742908477783,0.42874932289123535,5.8834922313690186,1210.0,1286.9439421338157
industrial_changeover,2762,553,2,Order2,553,4.478e-05,0.012084804708138108,1210.0,1208.0,5.28939414024353,0.4075477123260498,5.69694185256958,1173.0,1232.515370705244
industrial_changeover,2763,553,3,Order3,553,4.4760000000000005e-05,-0.03108855662867427,1169.0,1169.0,5.475466728210449,0.434826135635376,5.910292863845825,1169.0,1199.0271247739602
industrial_changeover,2764,553,4,Order4,553,4.474e-05,0.007943162927404046,1264.0,1231.0,5.27688455581665,0.4103257656097412,5.687210321426392,1225.0,1269.4122965641952
industrial_changeover,2765,553,5,Order5,553,4.4720000000000006e-05,-0.05841577332466841,1281.0,1335.0,6.10573148727417,0.4774763584136963,6.583207845687866,1282.0,1353.5352622061482
industrial_changeover,2766,554,1,Order1,554,4.4699999999999996e-05,-0.0024790751631371677,1223.0,1220.0,5.398899555206299,0.42271924018859863,5.8216187953948975,1210.0,1286.8231046931407
industrial_changeover,2767,554,2,Order2,554,4.468e-05,0.2640218660235405,1434.0,1208.0,5.266146183013916,0.4353952407836914,5.701541423797607,1173.0,1232.4711191335741
industrial_changeover,2768,554,3,Order3,554,4.466e-05,-0.01805829955264926,1184.0,1169.0,5.929483890533447,0.4821352958679199,6.411619186401367,1169.0,1198.9729241877255
industrial_changeover,2769,554,4,Order4,554,4.4640000000000006e-05,-0.09328621812164783,1217.0,1231.0,5.568913459777832,0.43538904190063477,6.004302501678467,1225.0,1269.3429602888086
industrial_changeover,2770,554,5,Order5,554,4.462e-05,-0.06603783182799816,1356.0,1336.0,6.397930145263672,0.5281767845153809,6.926106929779053,1282.0,1353.5036101083033
industrial_changeover,2771,555,1,Order1,555,4.46e-05,0.01637662248685956,1327.0,1218.0,5.424025297164917,0.43186473846435547,5.8558900356292725,1210.0,1286.6990990990992
industrial_changeover,2772,555,2,Order2,555,4.458e-05,-0.05327972862869501,1177.0,1208.0,5.448949575424194,0.468508243560791,5.917457818984985,1173.0,1232.427027027027
industrial_changeover,2773,555,3,Order3,555,4.456e-05,0.035640970803797245,1228.0,1169.0,5.820688962936401,0.5194013118743896,6.340090274810791,1169.0,1198.918918918919
industrial_changeover,2774,555,4,Order4,555,4.4540000000000004e-05,0.04202198050916195,1283.0,1231.0,5.312862157821655,0.4418294429779053,5.7546916007995605,1225.0,1269.273873873874
industrial_changeover,2775,555,5,Order5,555,4.452000000000001e-05,-0.02640981739386916,1309.0,1335.0,6.599713087081909,0.5152318477630615,7.114944934844971,1282.0,1353.4702702702702
industrial_changeover,2776,556,1,Order1,556,4.45e-05,-0.019338547717779875,1218.0,1218.0,5.653783798217773,0.44141125679016113,6.095195055007935,1210.0,1286.5755395683452
industrial_changeover,2777,556,2,Order2,556,4.448e-05,0.016300519462674856,1215.0,1213.0,5.349035739898682,0.4330863952636719,5.7821221351623535,1173.0,1232.3920863309352
industrial_changeover,2778,556,3,Order3,556,4.4460000000000005e-05,-0.010837741894647479,1169.0,1169.0,5.560997247695923,0.4639582633972168,6.02495551109314,1169.0,1198.8651079136691
industrial_changeover,2779,556,4,Order4,556,4.444e-05,-0.003408159129321575,1231.0,1231.0,5.294182300567627,0.4077579975128174,5.701940298080444,1225.0,1269.205035971223
industrial_changeover,2780,556,5,Order5,556,4.4420000000000005e-05,-0.005851358990184963,1320.0,1335.0,6.192889213562012,0.4749162197113037,6.667805433273315,1282.0,1353.4370503597122
industrial_changeover,2781,557,1,Order1,557,4.4399999999999995e-05,0.019145656377077103,1241.0,1218.0,5.397331237792969,0.45096898078918457,5.848300218582153,1210.0,1286.452423698384
industrial_changeover,2782,557,2,Order2,557,4.438e-05,0.04730664286762476,1249.0,1208.0,5.497015714645386,0.43349194526672363,5.930507659912109,1173.0,1232.3482944344703
industrial_changeover,2783,557,3,Order3,557,4.436e-05,0.006631092284806073,1197.0,1169.0,5.796998739242554,0.4523470401763916,6.249345779418945,1169.0,1198.8114901256733
industrial_changeover,2784,557,4,Order4,557,4.4340000000000006e-05,-0.02761629782617092,1229.0,1231.0,5.21325945854187,0.413161039352417,5.626420497894287,1225.0,1269.1364452423697
industrial_changeover,2785,557,5,Order5,557,4.432000000000001e-05,-0.04423485603183508,1318.0,1335.0,6.214057683944702,0.5002431869506836,6.714300870895386,1282.0,1353.4039497307
industrial_changeover,2786,558,1,Order1,558,4.43e-05,0.005664304015226662,1241.0,1218.0,5.545460939407349,0.4430363178253174,5.988497257232666,1210.0,1286.3297491039427
industrial_changeover,2787,558,2,Order2,558,4.4279999999999996e-05,-0.016301883850246668,1187.0,1208.0,5.3282692432403564,0.4385108947753906,5.766780138015747,1173.0,1232.304659498208
industrial_changeover,2788,558,3,Order3,558,4.426e-05,0.05399566516280174,1228.0,1169.0,5.576622009277344,0.4425539970397949,6.019176006317139,1169.0,1198.758064516129
industrial_changeover,2789,558,4,Order4,558,4.424e-05,0.029278059024363756,1249.0,1231.0,5.298035621643066,0.42269086837768555,5.720726490020752,1225.0,1269.068100358423
industrial_changeover,2790,558,5,Order5,558,4.422000000000001e-05,-0.01470899791456759,1323.0,1334.0,6.298062086105347,0.4888145923614502,6.786876678466797,1282.0,1353.36917562724
industrial_changeover,2791,559,1,Order1,559,4.42e-05,-0.011804393958300352,1227.0,1218.0,5.662269592285156,0.4203782081604004,6.082647800445557,1210.0,1286.2075134168158
industrial_changeover,2792,559,2,Order2,559,4.418e-05,0.012552949134260416,1230.0,1208.0,5.377211332321167,0.4371776580810547,5.814388990402222,1173.0,1232.2611806797854
industrial_changeover,2793,559,3,Order3,559,4.4160000000000004e-05,-0.03023955738171935,1169.0,1169.0,5.788164138793945,0.4800717830657959,6.268235921859741,1169.0,1198.7048300536674
industrial_changeover,2794,559,4,Order4,559,4.414e-05,0.01948960544541478,1266.0,1231.0,5.331423282623291,0.42009878158569336,5.751522064208984,1225.0,1269.0
industrial_changeover,2795,559,5,Order5,559,4.4120000000000004e-05,0.0570312412455678,1422.0,1334.0,6.250787019729614,0.49582624435424805,6.746613264083862,1282.0,1353.3345259391772
industrial_changeover,2796,560,1,Order1,560,4.4099999999999995e-05,0.02087166253477335,1278.0,1218.0,5.49176549911499,0.43645238876342773,5.928217887878418,1210.0,1286.0857142857142
industrial_changeover,2797,560,2,Order2,560,4.408e-05,-0.025490296073257923,1212.0,1208.0,5.536981821060181,0.421161413192749,5.95814323425293,1173.0,1232.2178571428572
industrial_changeover,2798,560,3,Order3,560,4.406e-05,-0.050338334403932095,1175.0,1169.0,5.659761190414429,0.45198583602905273,6.1117470264434814,1169.0,1198.6517857142858
industrial_changeover,2799,560,4,Order4,560,4.4040000000000005e-05,-0.019891515374183655,1253.0,1231.0,5.3263890743255615,0.41390514373779297,5.7402942180633545,1225.0,1268.932142857143
industrial_changeover,2800,560,5,Order5,560,4.402000000000001e-05,0.06937575526535511,1455.0,1335.0,6.359823226928711,0.5415096282958984,6.901332855224609,1282.0,1353.3017857142856
industrial_changeover,2801,561,1,Order1,561,4.4e-05,-0.028375263791531324,1218.0,1218.0,5.550148248672485,0.443342924118042,5.993491172790527,1210.0,1285.9643493761141
industrial_changeover,2802,561,2,Order2,561,4.3979999999999996e-05,0.0009087155922316015,1208.0,1213.0,5.391922235488892,0.42206859588623047,5.813990831375122,1173.0,1232.1836007130125
industrial_changeover,2803,561,3,Order3,561,4.396e-05,0.01440913020633161,1196.0,1169.0,5.849443435668945,0.4561305046081543,6.3055739402771,1169.0,1198.5989304812833
industrial_changeover,2804,561,4,Order4,561,4.394e-05,-0.020689196418970823,1231.0,1231.0,5.340695858001709,0.4283621311187744,5.769057989120483,1225.0,1268.8645276292334
industrial_changeover,2805,561,5,Order5,561,4.3920000000000006e-05,-0.025977655313909054,1328.0,1334.0,6.318006753921509,0.5097477436065674,6.827754497528076,1282.0,1353.2673796791444
industrial_changeover,2806,562,1,Order1,562,4.3899999999999996e-05,-0.006820955080911517,1225.0,1218.0,5.674997091293335,0.46535658836364746,6.140353679656982,1210.0,1285.8434163701068
industrial_changeover,2807,562,2,Order2,562,4.388e-05,0.03596354089677334,1218.0,1213.0,5.580499172210693,0.4319627285003662,6.01246190071106,1173.0,1232.1494661921708
industrial_changeover,2808,562,3,Order3,562,4.3860000000000004e-05,0.0015693418099544942,1169.0,1169.0,5.753954648971558,0.45346903800964355,6.207423686981201,1169.0,1198.5462633451957
industrial_changeover,2809,562,4,Order4,562,4.384e-05,0.03413679823279381,1269.0,1231.0,5.287911891937256,0.41934657096862793,5.707258462905884,1225.0,1268.797153024911
industrial_changeover,2810,562,5,Order5,562,4.3820000000000004e-05,-0.0009136239095823839,1354.0,1335.0,6.379079580307007,0.48126649856567383,6.860346078872681,1282.0,1353.2348754448399
industrial_changeover,2811,563,1,Order1,563,4.3799999999999994e-05,0.02703478466719389,1283.0,1218.0,5.5019850730896,0.42804574966430664,5.930030822753906,1210.0,1285.7229129662521
industrial_changeover,2812,563,2,Order2,563,4.378e-05,-0.014226427534595132,1208.0,1213.0,5.412747383117676,0.4503340721130371,5.863081455230713,1173.0,1232.1154529307282
industrial_changeover,2813,563,3,Order3,563,4.376e-05,0.0016945845272857696,1213.0,1169.0,5.553009510040283,0.44831323623657227,6.0013227462768555,1169.0,1198.49378330373
industrial_changeover,2814,563,4,Order4,563,4.3740000000000005e-05,-0.014678959734737873,1264.0,1231.0,5.240115165710449,0.4293243885040283,5.6694395542144775,1225.0,1268.7300177619893
industrial_changeover,2815,563,5,Order5,563,4.372000000000001e-05,-0.04692977387458086,1329.0,1335.0,6.213528871536255,0.49123334884643555,6.70476222038269,1282.0,1353.202486678508
industrial_changeover,2816,564,1,Order1,564,4.3700000000000005e-05,-0.03000001609325409,1218.0,1218.0,5.519196271896362,0.43532443046569824,5.9545207023620605,1210.0,1285.6028368794325
industrial_changeover,2817,564,2,Order2,564,4.368e-05,0.015922945458441973,1207.0,1213.0,5.2545483112335205,0.4275691509246826,5.682117462158203,1173.0,1232.0815602836878
industrial_changeover,2818,564,3,Order3,564,4.366e-05,0.010485480772331357,1175.0,1169.0,5.573099374771118,0.4409029483795166,6.014002323150635,1169.0,1198.4414893617022
industrial_changeover,2819,564,4,Order4,564,4.364e-05,0.04059128649532795,1264.0,1231.0,5.2726662158966064,0.4306178092956543,5.703284025192261,1225.0,1268.663120567376
industrial_changeover,2820,564,5,Order5,564,4.3620000000000006e-05,0.02726466115564108,1371.0,1335.0,6.1772215366363525,0.485795259475708,6.6630167961120605,1282.0,1353.1702127659576
industrial_changeover,2821,565,1,Order1,565,4.360000000000001e-05,0.03693701513111591,1280.0,1218.0,5.4797327518463135,0.4207141399383545,5.900446891784668,1210.0,1285.483185840708
industrial_changeover,2822,565,2,Order2,565,4.358e-05,-0.020316621754318476,1209.0,1213.0,5.516494035720825,0.5274007320404053,6.0438947677612305,1173.0,1232.0477876106195
industrial_changeover,2823,565,3,Order3,565,4.356e-05,-0.03821316733956337,1175.0,1169.0,5.510011911392212,0.4388456344604492,5.948857545852661,1169.0,1198.3893805309735
industrial_changeover,2824,565,4,Order4,565,4.354e-05,-0.03407631255686283,1235.0,1231.0,5.255970001220703,0.40653228759765625,5.662502288818359,1225.0,1268.596460176991
industrial_changeover,2825,565,5,Order5,565,4.3520000000000003e-05,-0.003389120101928711,1338.0,1335.0,6.0642406940460205,0.4745619297027588,6.538802623748779,1282.0,1353.1380530973452
industrial_changeover,2826,566,1,Order1,566,4.350000000000001e-05,0.051457186229527,1283.0,1218.0,5.412222623825073,0.4385092258453369,5.85073184967041,1210.0,1285.363957597173
industrial_changeover,2827,566,2,Order2,566,4.348e-05,0.028432199265807867,1210.0,1213.0,5.2698750495910645,0.44553589820861816,5.715410947799683,1173.0,1232.0141342756183
industrial_changeover,2828,566,3,Order3,566,4.346e-05,0.09572381898760796,1293.0,1169.0,6.059685945510864,0.4781837463378906,6.537869691848755,1169.0,1198.3374558303888
industrial_changeover,2829,566,4,Order4,566,4.3440000000000004e-05,-0.052019921131432056,1231.0,1231.0,5.343062400817871,0.4584004878997803,5.801462888717651,1225.0,1268.530035335689
industrial_changeover,2830,566,5,Order5,566,4.342000000000001e-05,-0.062226809561252594,1319.0,1335.0,6.760364055633545,0.5271029472351074,7.287467002868652,1282.0,1353.1060070671379
industrial_changeover,2831,567,1,Order1,567,4.3400000000000005e-05,-0.03622318897396326,1241.0,1218.0,5.52071475982666,0.48855018615722656,6.009264945983887,1210.0,1285.2451499118165
industrial_changeover,2832,567,2,Order2,567,4.338e-05,0.006558066699653864,1231.0,1213.0,5.35107421875,0.4642057418823242,5.815279960632324,1173.0,1231.9805996472662
industrial_changeover,2833,567,3,Order3,567,4.336e-05,-0.0011812952579930425,1182.0,1169.0,5.779520511627197,0.46874141693115234,6.24826192855835,1169.0,1198.2857142857142
industrial_changeover,2834,567,4,Order4,567,4.334e-05,0.0453178696334362,1264.0,1231.0,5.336354970932007,0.4563736915588379,5.792728662490845,1225.0,1268.4638447971781
industrial_changeover,2835,567,5,Order5,567,4.3320000000000005e-05,0.07114562951028347,1422.0,1334.0,6.216543674468994,0.4859893321990967,6.702533006668091,1282.0,1353.0723104056437
industrial_changeover,2836,568,1,Order1,568,4.330000000000001e-05,-0.03056805906817317,1241.0,1218.0,5.400653600692749,0.41786694526672363,5.818520545959473,1210.0,1285.1267605633802
industrial_changeover,2837,568,2,Order2,568,4.328e-05,-0.02485993644222617,1209.0,1213.0,5.234174966812134,0.40955615043640137,5.643731117248535,1173.0,1231.9471830985915
industrial_changeover,2838,568,3,Order3,568,4.326e-05,-0.004691136069595814,1213.0,1169.0,5.573544263839722,0.4553055763244629,6.028849840164185,1169.0,1198.2341549295775
industrial_changeover,2839,568,4,Order4,568,4.324e-05,-0.03876093961298466,1229.0,1231.0,5.247568368911743,0.40839338302612305,5.655961751937866,1225.0,1268.3978873239437
industrial_changeover,2840,568,5,Order5,568,4.322e-05,-0.007417040527798235,1339.0,1334.0,6.1433939933776855,0.4987633228302002,6.642157316207886,1282.0,1353.0387323943662
industrial_changeover,2841,569,1,Order1,569,4.3200000000000007e-05,0.043529889546334743,1280.0,1218.0,5.417823314666748,0.43236541748046875,5.850188732147217,1210.0,1285.0087873462214
industrial_changeover,2842,569,2,Order2,569,4.3179999999999997e-05,0.05001061875373125,1250.0,1213.0,5.324328184127808,0.41507983207702637,5.739408016204834,1173.0,1231.9138840070298
industrial_changeover,2843,569,3,Order3,569,4.316e-05,0.03980105184018612,1232.0,1169.0,5.6221959590911865,0.43730759620666504,6.059503555297852,1169.0,1198.182776801406
industrial_changeover,2844,569,4,Order4,569,4.3140000000000004e-05,-0.045782928355038166,1235.0,1231.0,5.166109800338745,0.412503719329834,5.578613519668579,1225.0,1268.3321616871706
industrial_changeover,2845,569,5,Order5,569,4.312000000000001e-05,-0.04171568062156439,1334.0,1334.0,6.24538779258728,0.49022936820983887,6.735617160797119,1282.0,1353.005272407733
industrial_changeover,2846,570,1,Order1,570,4.3100000000000004e-05,-0.036555223166942596,1247.0,1220.0,5.531087398529053,0.43115949630737305,5.962246894836426,1210.0,1284.8947368421052
industrial_changeover,2847,570,2,Order2,570,4.308e-05,0.012085780035704374,1213.0,1213.0,5.393487930297852,0.411029577255249,5.804517507553101,1173.0,1231.8807017543859
industrial_changeover,2848,570,3,Order3,570,4.306e-05,-0.02364469924941659,1169.0,1169.0,5.607778549194336,0.4511690139770508,6.058947563171387,1169.0,1198.1315789473683
industrial_changeover,2849,570,4,Order4,570,4.304e-05,0.012423518812283874,1235.0,1231.0,5.328488349914551,0.43081068992614746,5.759299039840698,1225.0,1268.2666666666667
industrial_changeover,2850,570,5,Order5,570,4.3020000000000005e-05,0.004159501404501498,1318.0,1334.0,6.241457223892212,0.5116195678710938,6.753076791763306,1282.0,1352.9719298245614
industrial_changeover,2851,571,1,Order1,571,4.300000000000001e-05,0.012135773431509733,1247.0,1220.0,5.50736665725708,0.4300525188446045,5.937419176101685,1210.0,1284.7810858143607
industrial_changeover,2852,571,2,Order2,571,4.298e-05,0.018795606214553118,1210.0,1213.0,5.46055006980896,0.4311084747314453,5.891658544540405,1173.0,1231.847635726795
industrial_changeover,2853,571,3,Order3,571,4.296e-05,-0.02089808788150549,1169.0,1169.0,5.875278949737549,0.46585917472839355,6.341138124465942,1169.0,1198.0805604203151
industrial_changeover,2854,571,4,Order4,571,4.2940000000000006e-05,0.017013919074088335,1260.0,1231.0,5.446576356887817,0.41499948501586914,5.8615758419036865,1225.0,1268.201401050788
industrial_changeover,2855,571,5,Order5,571,4.292e-05,-0.014844298362731934,1322.0,1334.0,6.384423017501831,0.4880995750427246,6.872522592544556,1282.0,1352.938704028021
industrial_changeover,2856,572,1,Order1,572,4.2900000000000006e-05,0.008409759029746056,1249.0,1220.0,5.5934717655181885,0.4297497272491455,6.023221492767334,1210.0,1284.667832167832
industrial_changeover,2857,572,2,Order2,572,4.2879999999999996e-05,0.09482368268072605,1298.0,1213.0,5.573755502700806,0.42505908012390137,5.998814582824707,1173.0,1231.8146853146852
industrial_changeover,2858,572,3,Order3,572,4.286e-05,-0.03654999099671841,1169.0,1169.0,5.847434043884277,0.449737548828125,6.297171592712402,1169.0,1198.0297202797203
industrial_changeover,2859,572,4,Order4,572,4.284e-05,-0.05023210123181343,1231.0,1231.0,5.269817590713501,0.42211008071899414,5.691927671432495,1225.0,1268.1363636363637
industrial_changeover,2860,572,5,Order5,572,4.282000000000001e-05,-0.02708148630335927,1339.0,1334.0,6.431084871292114,0.5017542839050293,6.9328391551971436,1282.0,1352.9055944055945
industrial_changeover,2861,573,1,Order1,573,4.2800000000000004e-05,0.0066975937224924564,1259.0,1218.0,5.628755807876587,0.45229196548461914,6.081047773361206,1210.0,1284.5514834205933
industrial_changeover,2862,573,2,Order2,573,4.278e-05,0.040407576598227024,1250.0,1213.0,5.435805320739746,0.417788028717041,5.853593349456787,1173.0,1231.78184991274
industrial_changeover,2863,573,3,Order3,573,4.276e-05,0.016935919411480427,1196.0,1169.0,5.716559171676636,0.4422895908355713,6.158848762512207,1169.0,1197.9790575916231
industrial_changeover,2864,573,4,Order4,573,4.274e-05,-0.024187497794628143,1231.0,1231.0,5.325140953063965,0.4303610324859619,5.755501985549927,1225.0,1268.0715532286213
industrial_changeover,2865,573,5,Order5,573,4.2720000000000004e-05,-0.017496899235993624,1339.0,1335.0,6.708896636962891,0.5209155082702637,7.229812145233154,1282.0,1352.874345549738
industrial_changeover,2866,574,1,Order1,574,4.270000000000001e-05,-0.019305260851979256,1224.0,1218.0,5.715364456176758,0.45198488235473633,6.167349338531494,1210.0,1284.4355400696863
industrial_changeover,2867,574,2,Order2,574,4.268e-05,0.008359236177057028,1207.0,1213.0,5.724032640457153,0.4524552822113037,6.176487922668457,1173.0,1231.7491289198606
industrial_changeover,2868,574,3,Order3,574,4.266e-05,0.005821937695145607,1186.0,1169.0,5.987325191497803,0.4638488292694092,6.451174020767212,1169.0,1197.9285714285713
industrial_changeover,2869,574,4,Order4,574,4.2640000000000005e-05,0.024188064504414797,1260.0,1231.0,5.508087158203125,0.4363267421722412,5.944413900375366,1225.0,1268.006968641115
industrial_changeover,2870,574,5,Order5,574,4.262e-05,-0.01111265760846436,1336.0,1335.0,6.277403354644775,0.5045664310455322,6.781969785690308,1282.0,1352.8432055749129
industrial_changeover,2871,575,1,Order1,575,4.2600000000000005e-05,-0.014887603931128979,1225.0,1218.0,5.463889122009277,0.4281339645385742,5.892023086547852,1210.0,1284.32
industrial_changeover,2872,575,2,Order2,575,4.2579999999999996e-05,0.007441252586431801,1204.0,1213.0,5.50531005859375,0.41993260383605957,5.92524266242981,1173.0,1231.7165217391305
industrial_changeover,2873,575,3,Order3,575,4.256e-05,-0.009446116629987955,1169.0,1169.0,5.528072357177734,0.4591104984283447,5.987182855606079,1169.0,1197.878260869565
industrial_changeover,2874,575,4,Order4,575,4.254e-05,0.02738613821566105,1266.0,1231.0,5.187587022781372,0.4589989185333252,5.646585941314697,1225.0,1267.942608695652
industrial_changeover,2875,575,5,Order5,575,4.2520000000000006e-05,-0.07808792404830456,1239.0,1334.0,6.171675205230713,0.49636411666870117,6.668039321899414,1282.0,1352.8104347826088
industrial_changeover,2876,576,1,Order1,576,4.250000000000001e-05,0.00919964537024498,1227.0,1218.0,5.33689022064209,0.43282580375671387,5.769716024398804,1210.0,1284.204861111111
industrial_changeover,2877,576,2,Order2,576,4.248e-05,-0.0028732907376252115,1174.0,1213.0,5.396244764328003,0.4298214912414551,5.826066255569458,1173.0,1231.6840277777778
industrial_changeover,2878,576,3,Order3,576,4.246e-05,0.048258024267852306,1197.0,1169.0,5.7127602100372314,0.445202112197876,6.157962322235107,1169.0,1197.828125
industrial_changeover,2879,576,4,Order4,576,4.244e-05,0.019738949369639158,1225.0,1231.0,5.21330451965332,0.4175553321838379,5.630859851837158,1225.0,1267.8784722222222
industrial_changeover,2880,576,5,Order5,576,4.2420000000000004e-05,0.0012381854467093945,1320.0,1335.0,6.065866231918335,0.47170186042785645,6.537568092346191,1282.0,1352.779513888889
industrial_changeover,2881,577,1,Order1,577,4.240000000000001e-05,0.014224065700545907,1241.0,1218.0,5.4329259395599365,0.4122903347015381,5.845216274261475,1210.0,1284.0901213171578
industrial_changeover,2882,577,2,Order2,577,4.238e-05,-0.025557500775903463,1184.0,1208.0,5.259305953979492,0.41225147247314453,5.671557426452637,1173.0,1231.6429809358751
industrial_changeover,2883,577,3,Order3,577,4.236e-05,0.011217003455385566,1196.0,1169.0,5.582879304885864,0.4345855712890625,6.017464876174927,1169.0,1197.7781629116118
industrial_changeover,2884,577,4,Order4,577,4.2340000000000005e-05,-0.005972177488729358,1235.0,1231.0,5.223912954330444,0.43087291717529297,5.654785871505737,1225.0,1267.8145580589255
industrial_changeover,2885,577,5,Order5,577,4.232e-05,0.00048059909750008956,1338.0,1334.0,6.602120637893677,0.4912834167480469,7.093404054641724,1282.0,1352.7469670710573
industrial_changeover,2886,578,1,Order1,578,4.2300000000000005e-05,0.04256015736609697,1283.0,1220.0,5.671355962753296,0.44500303268432617,6.116358995437622,1210.0,1283.9792387543253
industrial_changeover,2887,578,2,Order2,578,4.2279999999999995e-05,-6.600777851417661e-05,1207.0,1208.0,5.553730487823486,0.4500908851623535,6.00382137298584,1173.0,1231.6020761245675
industrial_changeover,2888,578,3,Order3,578,4.226e-05,-0.027490952517837286,1169.0,1169.0,5.824234485626221,0.4446594715118408,6.2688939571380615,1169.0,1197.7283737024222
industrial_changeover,2889,578,4,Order4,578,4.224e-05,0.010956643614917994,1264.0,1231.0,5.502152919769287,0.41089653968811035,5.9130494594573975,1225.0,1267.750865051903
industrial_changeover,2890,578,5,Order5,578,4.2220000000000006e-05,-0.004250119556672871,1336.0,1334.0,6.717422723770142,0.48688268661499023,7.204305410385132,1282.0,1352.7145328719723
industrial_changeover,2891,579,1,Order1,579,4.220000000000001e-05,-0.016515405382961035,1225.0,1220.0,5.770782470703125,0.4735269546508789,6.244309425354004,1210.0,1283.8687392055267
industrial_changeover,2892,579,2,Order2,579,4.218e-05,0.06292910128831863,1254.0,1208.0,5.545069694519043,0.4867434501647949,6.031813144683838,1173.0,1231.5613126079447
industrial_changeover,2893,579,3,Order3,579,4.2159999999999996e-05,-0.01992232957854867,1169.0,1169.0,5.7266130447387695,0.48240113258361816,6.209014177322388,1169.0,1197.678756476684
industrial_changeover,2894,579,4,Order4,579,4.214e-05,0.010401788866147399,1275.0,1231.0,5.440731763839722,0.43035054206848145,5.871082305908203,1225.0,1267.6873920552678
industrial_changeover,2895,579,5,Order5,579,4.212e-05,-0.021365131717175245,1330.0,1334.0,6.129857778549194,0.4846618175506592,6.6145195960998535,1282.0,1352.6822107081175
industrial_changeover,2896,580,1,Order1,580,4.210000000000001e-05,-0.0282911229878664,1225.0,1220.0,5.453504323959351,0.4282984733581543,5.881802797317505,1210.0,1283.7586206896551
industrial_changeover,2897,580,2,Order2,580,4.208e-05,0.00038372763810912147,1201.0,1208.0,5.32958459854126,0.41543006896972656,5.745014667510986,1173.0,1231.5206896551724
industrial_changeover,2898,580,3,Order3,580,4.206e-05,0.03887732978910208,1213.0,1169.0,5.553129434585571,0.4437839984893799,5.996913433074951,1169.0,1197.6293103448277
industrial_changeover,2899,580,4,Order4,580,4.2040000000000004e-05,0.014427968300879002,1260.0,1231.0,5.276681184768677,0.4239652156829834,5.70064640045166,1225.0,1267.6241379310345
industrial_changeover,2900,580,5,Order5,580,4.202e-05,-0.00210486922878772,1339.0,1334.0,6.3328728675842285,0.4943656921386719,6.8272385597229,1282.0,1352.65
industrial_changeover,2901,581,1,Order1,581,4.2000000000000004e-05,-0.027412247844040394,1220.0,1220.0,5.466424942016602,0.4192221164703369,5.8856470584869385,1210.0,1283.6488812392427
industrial_changeover,2902,581,2,Order2,581,4.1979999999999994e-05,0.0022246965090744197,1203.0,1207.0,5.329988479614258,0.41971731185913086,5.749705791473389,1173.0,1231.4784853700517
industrial_changeover,2903,581,3,Order3,581,4.196e-05,-0.010637855855748057,1169.0,1169.0,5.660411596298218,0.45081663131713867,6.1112282276153564,1169.0,1197.5800344234078
industrial_changeover,2904,581,4,Order4,581,4.194e-05,0.02396622858941555,1264.0,1231.0,5.195154666900635,0.42354488372802734,5.618699550628662,1225.0,1267.5611015490533
industrial_changeover,2905,581,5,Order5,581,4.1920000000000005e-05,0.007014292990788817,1336.0,1334.0,6.2986345291137695,0.4885578155517578,6.787192344665527,1282.0,1352.617900172117
industrial_changeover,2906,582,1,Order1,582,4.190000000000001e-05,-0.009737608721479774,1225.0,1220.0,5.408430099487305,0.4231405258178711,5.831570625305176,1210.0,1283.5395189003436
industrial_changeover,2907,582,2,Order2,582,4.188e-05,0.014205072307959199,1203.0,1207.0,5.39120078086853,0.4272122383117676,5.818413019180298,1173.0,1231.4364261168384
industrial_changeover,2908,582,3,Order3,582,4.186e-05,-0.008919522631913424,1175.0,1169.0,5.716190576553345,0.43654847145080566,6.15273904800415,1169.0,1197.5309278350514
industrial_changeover,2909,582,4,Order4,582,4.184e-05,0.03222241252660751,1287.0,1231.0,5.24250602722168,0.42663097381591797,5.669137001037598,1225.0,1267.4982817869416
industrial_changeover,2910,582,5,Order5,582,4.182e-05,0.013438499299809337,1370.0,1334.0,6.374972105026245,0.49980926513671875,6.874781370162964,1282.0,1352.585910652921
industrial_changeover,2911,583,1,Order1,583,4.1800000000000006e-05,-0.014678678009659052,1241.0,1220.0,5.602678298950195,0.4512627124786377,6.053941011428833,1210.0,1283.4305317324186
industrial_changeover,2912,583,2,Order2,583,4.1779999999999996e-05,-0.006734242895618081,1205.0,1207.0,5.477535247802734,0.44283008575439453,5.920365333557129,1173.0,1231.394511149228
industrial_changeover,2913,583,3,Order3,583,4.176e-05,-0.025838952511548996,1169.0,1169.0,5.716286659240723,0.4651458263397217,6.181432485580444,1169.0,1197.4819897084049
industrial_changeover,2914,583,4,Order4,583,4.1740000000000004e-05,-0.007899529999122024,1249.0,1231.0,5.320399045944214,0.41631627082824707,5.736715316772461,1225.0,1267.435677530017
industrial_changeover,2915,583,5,Order5,583,4.172e-05,0.004113557399250567,1338.0,1334.0,6.292648077011108,0.486635684967041,6.779283761978149,1282.0,1352.5540308747857
industrial_changeover,2916,584,1,Order1,584,4.1700000000000004e-05,0.026091158390045166,1259.0,1225.0,5.563402891159058,0.4597136974334717,6.023116588592529,1210.0,1283.3304794520548
industrial_changeover,2917,584,2,Order2,584,4.1679999999999994e-05,0.021816969383507967,1209.0,1213.0,5.3542070388793945,0.4236299991607666,5.777837038040161,1173.0,1231.36301369863
industrial_changeover,2918,584,3,Order3,584,4.166e-05,0.01870660576969385,1196.0,1169.0,5.6981728076934814,0.44307446479797363,6.141247272491455,1169.0,1197.4332191780823
industrial_changeover,2919,584,4,Order4,584,4.164e-05,-0.009040492586791515,1266.0,1231.0,5.335561275482178,0.42279052734375,5.758351802825928,1225.0,1267.373287671233
industrial_changeover,2920,584,5,Order5,584,4.1620000000000005e-05,-0.020304935052990913,1339.0,1334.0,6.43719744682312,0.5069870948791504,6.9441845417022705,1282.0,1352.5222602739725
industrial_changeover,2921,585,1,Order1,585,4.160000000000001e-05,-0.005852782633155584,1259.0,1225.0,5.545850992202759,0.4463515281677246,5.992202520370483,1210.0,1283.2307692307693
industrial_changeover,2922,585,2,Order2,585,4.158e-05,0.1671793833374977,1387.0,1213.0,5.529618978500366,0.45654773712158203,5.986166715621948,1173.0,1231.3316239316239
industrial_changeover,2923,585,3,Order3,585,4.156e-05,-0.05178409535437822,1169.0,1169.0,5.80823278427124,0.4781608581542969,6.286393642425537,1169.0,1197.3846153846155
industrial_changeover,2924,585,4,Order4,585,4.154e-05,-0.04722491558641195,1266.0,1231.0,5.3393800258636475,0.40776586532592773,5.747145891189575,1225.0,1267.3111111111111
industrial_changeover,2925,585,5,Order5,585,4.152e-05,-0.06982720084488392,1318.0,1334.0,6.586679697036743,0.5137612819671631,7.100440979003906,1282.0,1352.4905982905982
industrial_changeover,2926,586,1,Order1,586,4.1500000000000006e-05,-0.04292313940823078,1225.0,1225.0,5.901056528091431,0.432356595993042,6.333413124084473,1210.0,1283.1313993174062
industrial_changeover,2927,586,2,Order2,586,4.1479999999999996e-05,0.010443525854498148,1205.0,1213.0,5.572188138961792,0.4416661262512207,6.013854265213013,1173.0,1231.3003412969283
industrial_changeover,2928,586,3,Order3,586,4.146e-05,0.043701253831386566,1196.0,1169.0,5.705770015716553,0.42865514755249023,6.134425163269043,1169.0,1197.3361774744028
industrial_changeover,2929,586,4,Order4,586,4.144e-05,0.04087126348167658,1264.0,1231.0,5.184274911880493,0.4217252731323242,5.606000185012817,1225.0,1267.2491467576792
industrial_changeover,2930,586,5,Order5,586,4.142000000000001e-05,0.001185944740427658,1335.0,1334.0,6.13814640045166,0.5101108551025391,6.648257255554199,1282.0,1352.4590443686006
industrial_changeover,2931,587,1,Order1,587,4.1400000000000003e-05,0.007411783677525818,1259.0,1220.0,5.381763458251953,0.4268460273742676,5.808609485626221,1210.0,1283.0238500851788
industrial_changeover,2932,587,2,Order2,587,4.1379999999999993e-05,0.02940247254446149,1253.0,1213.0,5.381858825683594,0.4181180000305176,5.799976825714111,1173.0,1231.2691652470187
industrial_changeover,2933,587,3,Order3,587,4.136e-05,-0.041382499039173126,1175.0,1169.0,5.662563800811768,0.4500892162322998,6.112653017044067,1169.0,1197.2879045996592
industrial_changeover,2934,587,4,Order4,587,4.134e-05,-0.04699395317584276,1231.0,1231.0,5.139273166656494,0.4370851516723633,5.576358318328857,1225.0,1267.1873935264055
industrial_changeover,2935,587,5,Order5,587,4.1320000000000004e-05,-0.020585145335644484,1334.0,1334.0,6.27332329750061,0.5011849403381348,6.774508237838745,1282.0,1352.427597955707
industrial_changeover,2936,588,1,Order1,588,4.130000000000001e-05,0.021336998790502548,1259.0,1220.0,5.457138299942017,0.4230067729949951,5.880145072937012,1210.0,1282.9166666666667
industrial_changeover,2937,588,2,Order2,588,4.128e-05,-0.019513716455549,1173.0,1213.0,5.3268749713897705,0.4186513423919678,5.745526313781738,1173.0,1231.2380952380952
industrial_changeover,2938,588,3,Order3,588,4.126e-05,0.03335376176983118,1195.0,1169.0,5.580006837844849,0.4351470470428467,6.015153884887695,1169.0,1197.2397959183672
industrial_changeover,2939,588,4,Order4,588,4.124e-05,0.00790791679173708,1231.0,1231.0,5.18697452545166,0.425769567489624,5.612744092941284,1225.0,1267.1258503401361
industrial_changeover,2940,588,5,Order5,588,4.122e-05,0.025810344144701958,1369.0,1334.0,6.117523193359375,0.47401952743530273,6.591542720794678,1282.0,1352.3962585034014
industrial_changeover,2941,589,1,Order1,589,4.1200000000000005e-05,0.005063633434474468,1241.0,1218.0,5.2684009075164795,0.42005038261413574,5.688451290130615,1210.0,1282.8064516129032
industrial_changeover,2942,589,2,Order2,589,4.118000000000001e-05,-0.009144585346803069,1204.0,1213.0,5.269798755645752,0.4093613624572754,5.679160118103027,1173.0,1231.207130730051
industrial_changeover,2943,589,3,Order3,589,4.116e-05,0.005404779105447233,1196.0,1169.0,5.590593576431274,0.4872097969055176,6.077803373336792,1169.0,1197.1918505942276
industrial_changeover,2944,589,4,Order4,589,4.114e-05,0.0018117386207450181,1264.0,1231.0,5.13891863822937,0.42415857315063477,5.563077211380005,1225.0,1267.0645161290322
industrial_changeover,2945,589,5,Order5,589,4.1120000000000006e-05,-0.020197087433189154,1335.0,1334.0,6.617382764816284,0.5161838531494141,7.133566617965698,1282.0,1352.365025466893
industrial_changeover,2946,590,1,Order1,590,4.11e-05,-0.019791662227362394,1227.0,1220.0,5.858006000518799,0.4284656047821045,6.286471605300903,1210.0,1282.7
industrial_changeover,2947,590,2,Order2,590,4.1080000000000006e-05,0.0034522561472840607,1203.0,1213.0,5.261770486831665,0.44266557693481445,5.7044360637664795,1173.0,1231.1762711864408
industrial_changeover,2948,590,3,Order3,590,4.1059999999999997e-05,-0.008348402101546526,1169.0,1169.0,5.942896366119385,0.45998311042785645,6.402879476547241,1169.0,1197.1440677966102
industrial_changeover,2949,590,4,Order4,590,4.104e-05,0.001099715125747025,1231.0,1231.0,5.211549520492554,0.44692230224609375,5.6584718227386475,1225.0,1267.0033898305085
industrial_changeover,2950,590,5,Order5,590,4.1020000000000004e-05,0.0006790016632294282,1326.0,1334.0,6.246135473251343,0.501028299331665,6.747163772583008,1282.0,1352.3338983050849
industrial_changeover,2951,591,1,Order1,591,4.100000000000001e-05,0.016642840579152107,1232.0,1218.0,5.393306732177734,0.4522550106048584,5.845561742782593,1210.0,1282.590524534687
industrial_changeover,2952,591,2,Order2,591,4.0980000000000004e-05,0.02566281845793128,1205.0,1213.0,5.629180192947388,0.4267127513885498,6.0558929443359375,1173.0,1231.1455160744501
industrial_changeover,2953,591,3,Order3,591,4.096e-05,-0.004002850968390703,1169.0,1169.0,5.641332626342773,0.4527733325958252,6.094105958938599,1169.0,1197.0964467005076
industrial_changeover,2954,591,4,Order4,591,4.094e-05,0.016994033474475145,1264.0,1231.0,5.223698377609253,0.40990185737609863,5.633600234985352,1225.0,1266.942470389171
industrial_changeover,2955,591,5,Order5,591,4.092e-05,-0.03032307792454958,1316.0,1334.0,6.310176610946655,0.48272252082824707,6.792899131774902,1282.0,1352.3028764805415
industrial_changeover,2956,592,1,Order1,592,4.0900000000000005e-05,-0.015834932681173086,1227.0,1218.0,5.596456527709961,0.436737060546875,6.033193588256836,1210.0,1282.481418918919
industrial_changeover,2957,592,2,Order2,592,4.088000000000001e-05,0.005355718079954386,1203.0,1213.0,5.341361999511719,0.42560553550720215,5.766967535018921,1173.0,1231.1148648648648
industrial_changeover,2958,592,3,Order3,592,4.086e-05,5.526192398974672e-05,1169.0,1169.0,5.672757863998413,0.42975425720214844,6.1025121212005615,1169.0,1197.0489864864865
industrial_changeover,2959,592,4,Order4,592,4.084e-05,0.027273064013570547,1264.0,1231.0,5.312460422515869,0.4273858070373535,5.739846229553223,1225.0,1266.8817567567567
industrial_changeover,2960,592,5,Order5,592,4.0820000000000006e-05,-0.00979404617100954,1319.0,1334.0,6.2814671993255615,0.49287867546081543,6.774345874786377,1282.0,1352.2719594594594
industrial_changeover,2961,593,1,Order1,593,4.08e-05,0.03821002785116434,1283.0,1218.0,5.560927152633667,0.4479339122772217,6.008861064910889,1210.0,1282.372681281619
industrial_changeover,2962,593,2,Order2,593,4.0780000000000006e-05,0.005237718462012708,1209.0,1213.0,5.245088338851929,0.4145932197570801,5.659681558609009,1173.0,1231.0843170320404
industrial_changeover,2963,593,3,Order3,593,4.0759999999999996e-05,-0.02337908511981368,1169.0,1169.0,5.745837450027466,0.4590935707092285,6.204931020736694,1169.0,1197.0016863406408
industrial_changeover,2964,593,4,Order4,593,4.074e-05,0.0053994678892195225,1285.0,1231.0,5.327878475189209,0.42614006996154785,5.754018545150757,1225.0,1266.821247892074
industrial_changeover,2965,593,5,Order5,593,4.072e-05,-0.0177431283518672,1339.0,1335.0,6.297616481781006,0.4989283084869385,6.796544790267944,1282.0,1352.2428330522766
industrial_changeover,2966,594,1,Order1,594,4.070000000000001e-05,-0.02842034911736846,1224.0,1218.0,5.502289533615112,0.44936037063598633,5.951649904251099,1210.0,1282.2643097643097
industrial_changeover,2967,594,2,Order2,594,4.068000000000001e-05,0.013044736348092556,1207.0,1213.0,5.48974084854126,0.4081759452819824,5.897916793823242,1173.0,1231.053872053872
industrial_changeover,2968,594,3,Order3,594,4.066e-05,0.025757867377251387,1186.0,1169.0,5.7658851146698,0.4604792594909668,6.226364374160767,1169.0,1196.9545454545455
industrial_changeover,2969,594,4,Order4,594,4.064e-05,0.007218871382065117,1266.0,1231.0,5.497956037521362,0.4373588562011719,5.935314893722534,1225.0,1266.7609427609427
industrial_changeover,2970,594,5,Order5,594,4.062e-05,-0.017540451604872942,1323.0,1335.0,6.547394752502441,0.504906415939331,7.0523011684417725,1282.0,1352.2138047138046
industrial_changeover,2971,595,1,Order1,595,4.0600000000000004e-05,-0.006972981384024024,1241.0,1218.0,5.688327789306641,0.4574246406555176,6.145752429962158,1210.0,1282.1563025210085
industrial_changeover,2972,595,2,Order2,595,4.058000000000001e-05,0.06528125330805779,1287.0,1213.0,5.627645015716553,0.45249080657958984,6.080135822296143,1173.0,1231.0235294117647
industrial_changeover,2973,595,3,Order3,595,4.056e-05,-0.013934355229139328,1175.0,1169.0,5.980736494064331,0.48525309562683105,6.465989589691162,1169.0,1196.90756302521
industrial_changeover,2974,595,4,Order4,595,4.054e-05,-0.04316658992320299,1225.0,1231.0,5.465361833572388,0.41263461112976074,5.877996444702148,1225.0,1266.7008403361344
industrial_changeover,2975,595,5,Order5,595,4.0520000000000005e-05,-0.01755651691928506,1336.0,1335.0,6.509141206741333,0.4997889995574951,7.008930206298828,1282.0,1352.18487394958
industrial_changeover,2976,596,1,Order1,596,4.05e-05,0.017677538096904755,1256.0,1218.0,5.7265706062316895,0.46166110038757324,6.188231706619263,1210.0,1282.0486577181207
industrial_changeover,2977,596,2,Order2,596,4.0480000000000005e-05,0.016390821430832148,1209.0,1213.0,5.5802741050720215,0.43584537506103516,6.016119480133057,1173.0,1230.993288590604
industrial_changeover,2978,596,3,Order3,596,4.0459999999999995e-05,0.04379981569945812,1213.0,1169.0,5.891204357147217,0.4711334705352783,6.362337827682495,1169.0,1196.8607382550335
industrial_changeover,2979,596,4,Order4,596,4.044e-05,-0.023225330747663975,1225.0,1231.0,5.373844385147095,0.42657041549682617,5.800414800643921,1225.0,1266.6409395973155
industrial_changeover,2980,596,5,Order5,596,4.042e-05,-0.012929353164508939,1335.0,1335.0,6.454377174377441,0.5081837177276611,6.9625608921051025,1282.0,1352.1560402684563
industrial_changeover,2981,597,1,Order1,597,4.0400000000000006e-05,0.026423638220876455,1283.0,1218.0,5.5777058601379395,0.43863749504089355,6.016343355178833,1210.0,1281.9413735343383
industrial_changeover,2982,597,2,Order2,597,4.038000000000001e-05,-0.0006494177359854802,1204.0,1213.0,5.639848470687866,0.4385964870452881,6.078444957733154,1173.0,1230.963149078727
industrial_changeover,2983,597,3,Order3,597,4.036e-05,-0.006864165770821273,1186.0,1169.0,5.900120258331299,0.45121335983276367,6.3513336181640625,1169.0,1196.8140703517588
industrial_changeover,2984,597,4,Order4,597,4.034e-05,-0.025349645409733057,1229.0,1231.0,5.403055667877197,0.4632751941680908,5.866330862045288,1225.0,1266.5812395309883
industrial_changeover,2985,597,5,Order5,597,4.032e-05,0.013098415918648243,1362.0,1334.0,6.3950395584106445,0.5309736728668213,6.926013231277466,1282.0,1352.1256281407036
industrial_changeover,2986,598,1,Order1,598,4.0300000000000004e-05,-0.0003477033751551062,1247.0,1220.0,5.814056634902954,0.44369006156921387,6.257746696472168,1210.0,1281.8377926421404
industrial_changeover,2987,598,2,Order2,598,4.028000000000001e-05,0.01785728568211198,1208.0,1213.0,5.26678466796875,0.42188000679016113,5.688664674758911,1173.0,1230.933110367893
industrial_changeover,2988,598,3,Order3,598,4.026e-05,-0.014303236734122038,1169.0,1169.0,5.638279914855957,0.4626734256744385,6.1009533405303955,1169.0,1196.767558528428
industrial_changeover,2989,598,4,Order4,598,4.024e-05,-0.011387667385861278,1225.0,1231.0,5.208446502685547,0.44049811363220215,5.648944616317749,1225.0,1266.5217391304348
industrial_changeover,2990,598,5,Order5,598,4.0220000000000005e-05,0.006126596941612661,1335.0,1334.0,6.150679111480713,0.5066454410552979,6.657324552536011,1282.0,1352.0953177257525
industrial_changeover,2991,599,1,Order1,599,4.02e-05,0.051088372245430946,1283.0,1218.0,5.5576581954956055,0.4314424991607666,5.989100694656372,1210.0,1281.7312186978297
industrial_changeover,2992,599,2,Order2,599,4.0180000000000005e-05,-0.03172887209802866,1177.0,1213.0,5.323664665222168,0.41671061515808105,5.740375280380249,1173.0,1230.9031719532554
industrial_changeover,2993,599,3,Order3,599,4.0159999999999995e-05,-0.015523554990068078,1175.0,1169.0,5.5874950885772705,0.44557642936706543,6.033071517944336,1169.0,1196.721202003339
industrial_changeover,2994,599,4,Order4,599,4.014e-05,0.015341050457209349,1266.0,1231.0,5.3146302700042725,0.40770649909973145,5.722336769104004,1225.0,1266.4624373956594
industrial_changeover,2995,599,5,Order5,599,4.012e-05,0.0003697777137858793,1336.0,1335.0,6.322472095489502,0.5077919960021973,6.830264091491699,1282.0,1352.0667779632722
industrial_changeover,2996,600,1,Order1,600,4.0100000000000006e-05,0.014002531068399549,1259.0,1218.0,5.605931758880615,0.4124014377593994,6.018333196640015,1210.0,1281.625
industrial_changeover,2997,600,2,Order2,600,4.008000000000001e-05,0.008876709500327706,1210.0,1213.0,5.163316249847412,0.4058527946472168,5.569169044494629,1173.0,1230.8733333333332
industrial_changeover,2998,600,3,Order3,600,4.006e-05,-0.01659479597583413,1175.0,1169.0,5.601470947265625,0.43826746940612793,6.039738416671753,1169.0,1196.675
industrial_changeover,2999,600,4,Order4,600,4.004e-05,0.010694777825847268,1285.0,1231.0,5.15170693397522,0.40845251083374023,5.56015944480896,1225.0,1266.4033333333334
industrial_changeover,3000,600,5,Order5,600,4.002e-05,-0.06385316513478756,1275.0,1335.0,6.147268772125244,0.4752466678619385,6.622515439987183,1282.0,1352.0383333333334
industrial_changeover,3001,601,1,Order1,601,4e-05,0.016195774544030428,1259.0,1218.0,5.540239572525024,0.4765024185180664,6.016741991043091,1210.0,1281.5191347753744
industrial_changeover,3002,601,2,Order2,601,3.998000000000001e-05,0.10843724757432938,1296.0,1213.0,5.527106046676636,0.42375993728637695,5.950865983963013,1173.0,1230.8435940099835
industrial_changeover,3003,601,3,Order3,601,3.996e-05,-0.002662767714355141,1169.0,1169.0,5.71833610534668,0.471698522567749,6.190034627914429,1169.0,1196.6289517470882
industrial_changeover,3004,601,4,Order4,601,3.994e-05,-0.04233879689127207,1235.0,1231.0,5.350610256195068,0.42705535888671875,5.777665615081787,1225.0,1266.3444259567389
industrial_changeover,3005,601,5,Order5,601,3.9920000000000004e-05,-0.0236946321092546,1338.0,1335.0,6.410163402557373,0.5128247737884521,6.922988176345825,1282.0,1352.009983361065
industrial_changeover,3006,602,1,Order1,602,3.99e-05,-0.01241285097785294,1241.0,1218.0,5.746413469314575,0.49860310554504395,6.245016574859619,1210.0,1281.4136212624585
industrial_changeover,3007,602,2,Order2,602,3.9880000000000004e-05,0.01296496787108481,1208.0,1213.0,5.489417552947998,0.42814064025878906,5.917558193206787,1173.0,1230.8139534883721
industrial_changeover,3008,602,3,Order3,602,3.9859999999999994e-05,-0.0019836402498185635,1169.0,1169.0,5.786624431610107,0.46260881423950195,6.249233245849609,1169.0,1196.5830564784053
industrial_changeover,3009,602,4,Order4,602,3.984e-05,-0.013833146309480071,1229.0,1231.0,5.274873733520508,0.436443567276001,5.711317300796509,1225.0,1266.2857142857142
industrial_changeover,3010,602,5,Order5,602,3.982e-05,0.0054047362646088,1338.0,1335.0,6.285723924636841,0.49086570739746094,6.776589632034302,1282.0,1351.9817275747507
industrial_changeover,3011,603,1,Order1,603,3.9800000000000005e-05,0.04388803243637085,1278.0,1220.0,5.525111675262451,0.4330892562866211,5.958200931549072,1210.0,1281.311774461028
industrial_changeover,3012,603,2,Order2,603,3.978000000000001e-05,0.015239213826134801,1212.0,1213.0,5.2536842823028564,0.4224894046783447,5.676173686981201,1173.0,1230.7844112769485
industrial_changeover,3013,603,3,Order3,603,3.976e-05,-0.01195225608535111,1169.0,1169.0,5.716583490371704,0.43620848655700684,6.152791976928711,1169.0,1196.5373134328358
industrial_changeover,3014,603,4,Order4,603,3.974e-05,-0.03988293558359146,1225.0,1231.0,5.306946039199829,0.41831469535827637,5.7252607345581055,1225.0,1266.2271973466004
industrial_changeover,3015,603,5,Order5,603,3.972e-05,-0.009481305256485939,1334.0,1334.0,6.064866304397583,0.4889488220214844,6.553815126419067,1282.0,1351.9519071310117
industrial_changeover,3016,604,1,Order1,604,3.97e-05,-0.009813468204811215,1224.0,1220.0,5.4759438037872314,0.4506349563598633,5.926578760147095,1210.0,1281.2102649006622
industrial_changeover,3017,604,2,Order2,604,3.9680000000000006e-05,0.059662182815372944,1250.0,1213.0,5.386143922805786,0.44708847999572754,5.833232402801514,1173.0,1230.7549668874171
industrial_changeover,3018,604,3,Order3,604,3.9659999999999996e-05,0.005247127381153405,1169.0,1169.0,5.623443126678467,0.4609947204589844,6.084437847137451,1169.0,1196.4917218543046
industrial_changeover,3019,604,4,Order4,604,3.964e-05,0.008827634854242206,1266.0,1231.0,5.299378156661987,0.40913867950439453,5.708516836166382,1225.0,1266.1688741721855
industrial_changeover,3020,604,5,Order5,604,3.9620000000000004e-05,-0.026570384856313467,1319.0,1334.0,6.276542663574219,0.49368882179260254,6.770231485366821,1282.0,1351.9221854304635
industrial_changeover,3021,605,1,Order1,605,3.960000000000001e-05,0.00012975325080333278,1256.0,1220.0,5.534772157669067,0.42998766899108887,5.964759826660156,1210.0,1281.1090909090908
industrial_changeover,3022,605,2,Order2,605,3.9580000000000004e-05,-0.0072657117852941155,1212.0,1213.0,5.312656402587891,0.42363905906677246,5.736295461654663,1173.0,1230.7256198347106
industrial_changeover,3023,605,3,Order3,605,3.9559999999999994e-05,-0.014667435549199581,1169.0,1169.0,5.640292406082153,0.43901658058166504,6.079308986663818,1169.0,1196.4462809917356
industrial_changeover,3024,605,4,Order4,605,3.954e-05,0.011872008442878723,1264.0,1231.0,5.25766658782959,0.41262340545654297,5.670289993286133,1225.0,1266.110743801653
industrial_changeover,3025,605,5,Order5,605,3.952e-05,-0.01789468200877309,1319.0,1334.0,6.274997711181641,0.4861321449279785,6.761129856109619,1282.0,1351.892561983471
industrial_changeover,3026,606,1,Order1,606,3.9500000000000005e-05,-0.008102018386125565,1230.0,1220.0,5.503764390945435,0.4324920177459717,5.936256408691406,1210.0,1281.0082508250825
industrial_changeover,3027,606,2,Order2,606,3.948000000000001e-05,0.020409561693668365,1212.0,1213.0,5.537942886352539,0.44609737396240234,5.984040260314941,1173.0,1230.6963696369637
industrial_changeover,3028,606,3,Order3,606,3.946e-05,0.027451705653220415,1197.0,1169.0,5.810796737670898,0.44803357124328613,6.258830308914185,1169.0,1196.40099009901
industrial_changeover,3029,606,4,Order4,606,3.944e-05,-0.016469881869852543,1231.0,1231.0,5.3470845222473145,0.4525277614593506,5.799612283706665,1225.0,1266.052805280528
industrial_changeover,3030,606,5,Order5,606,3.942e-05,-0.011210463242605329,1336.0,1334.0,6.335419178009033,0.49978208541870117,6.835201263427734,1282.0,1351.8630363036305
industrial_changeover,3031,607,1,Order1,607,3.94e-05,0.013780661625787616,1259.0,1220.0,5.641466379165649,0.47516894340515137,6.116635322570801,1210.0,1280.9077429983527
industrial_changeover,3032,607,2,Order2,607,3.9380000000000006e-05,0.009104992495849729,1212.0,1213.0,5.531256675720215,0.450115442276001,5.981372117996216,1173.0,1230.667215815486
industrial_changeover,3033,607,3,Order3,607,3.9359999999999996e-05,0.0112003767862916,1197.0,1169.0,5.840451002120972,0.46202540397644043,6.302476406097412,1169.0,1196.355848434926
industrial_changeover,3034,607,4,Order4,607,3.934e-05,-0.0009057761053554714,1260.0,1231.0,5.459899187088013,0.4438893795013428,5.9037885665893555,1225.0,1265.9950576606261
industrial_changeover,3035,607,5,Order5,607,3.932e-05,-0.0062208411982283,1357.0,1334.0,6.386605978012085,0.5099775791168213,6.896583557128906,1282.0,1351.833607907743
industrial_changeover,3036,608,1,Order1,608,3.9300000000000007e-05,0.018255621194839478,1280.0,1220.0,5.5060036182403564,0.45079851150512695,5.956802129745483,1210.0,1280.8075657894738
industrial_changeover,3037,608,2,Order2,608,3.9280000000000003e-05,-0.009107082383707166,1209.0,1213.0,5.5695672035217285,0.42885470390319824,5.998421907424927,1173.0,1230.6381578947369
industrial_changeover,3038,608,3,Order3,608,3.9259999999999993e-05,-0.026826480869203806,1169.0,1169.0,5.8161139488220215,0.47403454780578613,6.290148496627808,1169.0,1196.310855263158
industrial_changeover,3039,608,4,Order4,608,3.924e-05,-0.02702675759792328,1231.0,1231.0,5.292073488235474,0.4242367744445801,5.716310262680054,1225.0,1265.9375
industrial_changeover,3040,608,5,Order5,608,3.922e-05,-0.011044073849916458,1320.0,1334.0,6.350510597229004,0.5007166862487793,6.851227283477783,1282.0,1351.8042763157894
industrial_changeover,3041,609,1,Order1,609,3.9200000000000004e-05,-0.003651200677268207,1218.0,1220.0,5.664055824279785,0.4302380084991455,6.094293832778931,1210.0,1280.7077175697866
industrial_changeover,3042,609,2,Order2,609,3.918000000000001e-05,0.11867875419557095,1298.0,1213.0,5.727339029312134,0.44063401222229004,6.167973041534424,1173.0,1230.6091954022988
industrial_changeover,3043,609,3,Order3,609,3.916e-05,-0.004337789840064943,1169.0,1169.0,5.871604919433594,0.5045576095581055,6.376162528991699,1169.0,1196.2660098522167
industrial_changeover,3044,609,4,Order4,609,3.914e-05,-0.007957425899803638,1265.0,1231.0,5.6127448081970215,0.43953394889831543,6.052278757095337,1225.0,1265.88013136289
industrial_changeover,3045,609,5,Order5,609,3.912e-05,-0.03291006572544575,1339.0,1334.0,6.324965476989746,0.5113198757171631,6.836285352706909,1282.0,1351.7750410509032
industrial_changeover,3046,610,1,Order1,610,3.91e-05,-0.04874230921268463,1218.0,1220.0,5.5623438358306885,0.4326024055480957,5.994946241378784,1210.0,1280.6081967213115
industrial_changeover,3047,610,2,Order2,610,3.9080000000000005e-05,-0.0038248380296863616,1212.0,1213.0,5.349950790405273,0.43105220794677734,5.781002998352051,1173.0,1230.5803278688525
industrial_changeover,3048,610,3,Order3,610,3.9059999999999995e-05,-0.0050726900808513165,1169.0,1169.0,5.629253149032593,0.44205522537231445,6.071308374404907,1169.0,1196.22131147541
industrial_changeover,3049,610,4,Order4,610,3.904e-05,0.035366241820156574,1260.0,1231.0,5.266820430755615,0.4190506935119629,5.685871124267578,1225.0,1265.822950819672
industrial_changeover,3050,610,5,Order5,610,3.902e-05,0.01566030876711011,1338.0,1334.0,6.425128221511841,0.5126333236694336,6.937761545181274,1282.0,1351.7459016393443
industrial_changeover,3051,611,1,Order1,611,3.9000000000000006e-05,-0.0054222241742536426,1224.0,1220.0,5.565508842468262,0.42284131050109863,5.98835015296936,1210.0,1280.5090016366612
industrial_changeover,3052,611,2,Order2,611,3.898e-05,0.0881764404475689,1296.0,1213.0,5.345814228057861,0.4234912395477295,5.769305467605591,1173.0,1230.5515548281505
industrial_changeover,3053,611,3,Order3,611,3.896e-05,-0.027994357980787754,1169.0,1169.0,5.6566221714019775,0.4451751708984375,6.101797342300415,1169.0,1196.1767594108019
industrial_changeover,3054,611,4,Order4,611,3.8939999999999996e-05,-0.055291617289185524,1231.0,1231.0,5.221334218978882,0.4015181064605713,5.622852325439453,1225.0,1265.7659574468084
industrial_changeover,3055,611,5,Order5,611,3.892e-05,-0.03488593362271786,1334.0,1334.0,6.098578453063965,0.475665807723999,6.574244260787964,1282.0,1351.7168576104746
industrial_changeover,3056,612,1,Order1,612,3.8900000000000004e-05,0.003532849601469934,1256.0,1220.0,5.3639891147613525,0.4141709804534912,5.778160095214844,1210.0,1280.4101307189542
industrial_changeover,3057,612,2,Order2,612,3.888000000000001e-05,0.09274118021130562,1298.0,1213.0,5.1492838859558105,0.4115476608276367,5.560831546783447,1173.0,1230.5228758169935
industrial_changeover,3058,612,3,Order3,612,3.886e-05,0.019168897531926632,1208.0,1169.0,5.515761137008667,0.4291820526123047,5.944943189620972,1169.0,1196.1323529411766
industrial_changeover,3059,612,4,Order4,612,3.884e-05,-0.04878465365618467,1225.0,1231.0,5.087609052658081,0.4003868103027344,5.487995862960815,1225.0,1265.7091503267975
industrial_changeover,3060,612,5,Order5,612,3.882e-05,-0.0481531098484993,1333.0,1335.0,6.048399209976196,0.5011532306671143,6.5495524406433105,1282.0,1351.68954248366
industrial_changeover,3061,613,1,Order1,613,3.88e-05,-0.036071475595235825,1218.0,1218.0,5.624431848526001,0.45055437088012695,6.074986219406128,1210.0,1280.3083197389885
industrial_changeover,3062,613,2,Order2,613,3.8780000000000005e-05,0.044595830142498016,1254.0,1213.0,5.544758319854736,0.43901920318603516,5.9837775230407715,1173.0,1230.494290375204
industrial_changeover,3063,613,3,Order3,613,3.8759999999999995e-05,0.044709281995892525,1214.0,1169.0,5.706670045852661,0.47045254707336426,6.177122592926025,1169.0,1196.0880913539968
industrial_changeover,3064,613,4,Order4,613,3.874e-05,0.024215093813836575,1266.0,1231.0,5.230162143707275,0.4104270935058594,5.640589237213135,1225.0,1265.6525285481239
industrial_changeover,3065,613,5,Order5,613,3.872e-05,-0.03099482972174883,1340.0,1335.0,6.358703374862671,0.5233008861541748,6.882004261016846,1282.0,1351.662316476346
industrial_changeover,3066,614,1,Order1,614,3.8700000000000006e-05,0.003754772827960551,1270.0,1218.0,5.463209867477417,0.4499945640563965,5.9132044315338135,1210.0,1280.2068403908795
industrial_changeover,3067,614,2,Order2,614,3.868e-05,-0.02454817108809948,1208.0,1208.0,5.383142709732056,0.4595913887023926,5.842734098434448,1173.0,1230.457654723127
industrial_changeover,3068,614,3,Order3,614,3.8660000000000006e-05,-0.026294760406017303,1180.0,1169.0,5.756220102310181,0.49410486221313477,6.250324964523315,1169.0,1196.043973941368
industrial_changeover,3069,614,4,Order4,614,3.8639999999999996e-05,0.012508433079347014,1264.0,1231.0,5.354602575302124,0.4612452983856201,5.815847873687744,1225.0,1265.5960912052117
industrial_changeover,3070,614,5,Order5,614,3.862e-05,-0.013151092454791069,1338.0,1335.0,6.328664541244507,0.4923369884490967,6.8210015296936035,1282.0,1351.6351791530944
industrial_changeover,3071,615,1,Order1,615,3.86e-05,-0.019388819579035044,1218.0,1218.0,5.454777002334595,0.4314277172088623,5.886204719543457,1210.0,1280.1056910569105
industrial_changeover,3072,615,2,Order2,615,3.858000000000001e-05,-0.02240639878436923,1184.0,1208.0,5.434082508087158,0.4187002182006836,5.852782726287842,1173.0,1230.4211382113822
industrial_changeover,3073,615,3,Order3,615,3.856000000000001e-05,0.01509675639681518,1175.0,1169.0,5.683996677398682,0.4499626159667969,6.1339592933654785,1169.0,1196.0
industrial_changeover,3074,615,4,Order4,615,3.854e-05,0.05457870475947857,1264.0,1231.0,5.314224004745483,0.4207630157470703,5.734987020492554,1225.0,1265.539837398374
industrial_changeover,3075,615,5,Order5,615,3.8520000000000004e-05,-0.04697546735405922,1272.0,1335.0,6.534211158752441,0.521580696105957,7.055791854858398,1282.0,1351.6081300813007
industrial_changeover,3076,616,1,Order1,616,3.85e-05,0.0005277946474961936,1227.0,1218.0,5.6341636180877686,0.4518744945526123,6.086038112640381,1210.0,1280.0048701298701
industrial_changeover,3077,616,2,Order2,616,3.8480000000000004e-05,-0.024240190163254738,1173.0,1208.0,5.518640041351318,0.4342629909515381,5.9529030323028564,1173.0,1230.3847402597403
industrial_changeover,3078,616,3,Order3,616,3.846000000000001e-05,0.018918421119451523,1169.0,1169.0,5.771172285079956,0.46575212478637695,6.236924409866333,1169.0,1195.9561688311687
industrial_changeover,3079,616,4,Order4,616,3.844e-05,0.010478862561285496,1229.0,1231.0,5.332252025604248,0.4199788570404053,5.752230882644653,1225.0,1265.4837662337663
industrial_changeover,3080,616,5,Order5,616,3.842e-05,0.0038551102625206113,1328.0,1335.0,6.394211769104004,0.49881482124328613,6.89302659034729,1282.0,1351.5811688311687
industrial_changeover,3081,617,1,Order1,617,3.8400000000000005e-05,0.0544365243986249,1275.0,1218.0,5.5219597816467285,0.4451780319213867,5.967137813568115,1210.0,1279.904376012966
industrial_changeover,3082,617,2,Order2,617,3.838e-05,-0.019481686409562826,1174.0,1208.0,5.538483619689941,0.4465506076812744,5.985034227371216,1173.0,1230.3484602917342
industrial_changeover,3083,617,3,Order3,617,3.8360000000000005e-05,0.005084661999717355,1182.0,1169.0,5.877901077270508,0.4599165916442871,6.337817668914795,1169.0,1195.9124797406807
industrial_changeover,3084,617,4,Order4,617,3.8339999999999995e-05,0.02648747293278575,1287.0,1231.0,5.501168727874756,0.44414210319519043,5.945310831069946,1225.0,1265.4278768233387
industrial_changeover,3085,617,5,Order5,617,3.832e-05,0.04896868672221899,1422.0,1335.0,6.402912616729736,0.5099105834960938,6.91282320022583,1282.0,1351.554294975689
industrial_changeover,3086,618,1,Order1,618,3.83e-05,0.009893161011859775,1283.0,1218.0,5.764373302459717,0.5011968612670898,6.265570163726807,1210.0,1279.804207119741
industrial_changeover,3087,618,2,Order2,618,3.8280000000000006e-05,0.051046496257185936,1300.0,1208.0,5.6245551109313965,0.4364302158355713,6.060985326766968,1173.0,1230.312297734628
industrial_changeover,3088,618,3,Order3,618,3.826000000000001e-05,-0.024093173444271088,1213.0,1169.0,5.874125242233276,0.4713430404663086,6.345468282699585,1169.0,1195.868932038835
industrial_changeover,3089,618,4,Order4,618,3.824e-05,-0.09038676880300045,1229.0,1231.0,5.7030675411224365,0.4668264389038086,6.169893980026245,1225.0,1265.3721682847897
industrial_changeover,3090,618,5,Order5,618,3.822e-05,-0.0697826687246561,1318.0,1335.0,6.5417633056640625,0.528174638748169,7.0699379444122314,1282.0,1351.527508090615
industrial_changeover,3091,619,1,Order1,619,3.82e-05,-0.04269134160131216,1218.0,1218.0,5.690765619277954,0.4382812976837158,6.12904691696167,1210.0,1279.7043618739904
industrial_changeover,3092,619,2,Order2,619,3.8180000000000004e-05,-0.02157559897750616,1172.0,1208.0,5.575666427612305,0.4450042247772217,6.020670652389526,1173.0,1230.2762520193862
industrial_changeover,3093,619,3,Order3,619,3.816000000000001e-05,0.057079349644482136,1186.0,1169.0,5.97783088684082,0.47948265075683594,6.457313537597656,1169.0,1195.8255250403877
industrial_changeover,3094,619,4,Order4,619,3.814e-05,0.045517390593886375,1243.0,1231.0,5.530422687530518,0.46193718910217285,5.99235987663269,1225.0,1265.3166397415187
industrial_changeover,3095,619,5,Order5,619,3.812e-05,0.039221336133778095,1338.0,1335.0,6.5794336795806885,0.528700590133667,7.1081342697143555,1282.0,1351.5008077544426
industrial_changeover,3096,620,1,Order1,620,3.8100000000000005e-05,0.05584738589823246,1275.0,1218.0,5.696552276611328,0.4369626045227051,6.133514881134033,1210.0,1279.6048387096773
industrial_changeover,3097,620,2,Order2,620,3.808e-05,-0.028872715309262276,1177.0,1208.0,5.653928279876709,0.43550586700439453,6.0894341468811035,1173.0,1230.2403225806452
industrial_changeover,3098,620,3,Order3,620,3.8060000000000005e-05,-0.014721565181389451,1182.0,1169.0,5.941164970397949,0.4875063896179199,6.428671360015869,1169.0,1195.782258064516
industrial_changeover,3099,620,4,Order4,620,3.8039999999999995e-05,-0.03928861394524574,1225.0,1231.0,5.5847673416137695,0.43025827407836914,6.015025615692139,1225.0,1265.2612903225806
industrial_changeover,3100,620,5,Order5,620,3.802e-05,-0.019351314287632704,1319.0,1335.0,6.5425355434417725,0.50374436378479,7.0462799072265625,1282.0,1351.4741935483871
industrial_changeover,3101,621,1,Order1,621,3.8e-05,-0.012489138403907418,1220.0,1218.0,5.686770439147949,0.45975613594055176,6.146526575088501,1210.0,1279.5056360708534
industrial_changeover,3102,621,2,Order2,621,3.7980000000000006e-05,0.024609748739749193,1205.0,1208.0,5.629998445510864,0.43682217597961426,6.0668206214904785,1173.0,1230.2045088566829
industrial_changeover,3103,621,3,Order3,621,3.796000000000001e-05,0.009218736551702023,1169.0,1169.0,5.680663585662842,0.4516329765319824,6.132296562194824,1169.0,1195.7391304347825
industrial_changeover,3104,621,4,Order4,621,3.794e-05,-0.001058095134794712,1225.0,1231.0,5.251638412475586,0.4416995048522949,5.693337917327881,1225.0,1265.2061191626408
industrial_changeover,3105,621,5,Order5,621,3.792e-05,0.016346690244972706,1338.0,1335.0,6.287412166595459,0.49430370330810547,6.7817158699035645,1282.0,1351.4476650563606
industrial_changeover,3106,622,1,Order1,622,3.79e-05,0.002360127866268158,1227.0,1220.0,5.498006343841553,0.43207764625549316,5.930083990097046,1210.0,1279.4099678456591
industrial_changeover,3107,622,2,Order2,622,3.788e-05,0.018522737082093954,1208.0,1208.0,5.439884901046753,0.4314546585083008,5.871339559555054,1173.0,1230.168810289389
industrial_changeover,3108,622,3,Order3,622,3.786000000000001e-05,0.009186954936012626,1186.0,1169.0,5.58466649055481,0.4538547992706299,6.0385212898254395,1169.0,1195.6961414790997
industrial_changeover,3109,622,4,Order4,622,3.784e-05,0.005825697327964008,1264.0,1231.0,5.201189279556274,0.4339334964752197,5.635122776031494,1225.0,1265.1511254019292
industrial_changeover,3110,622,5,Order5,622,3.782e-05,-0.06211968045681715,1282.0,1335.0,6.108232259750366,0.4915914535522461,6.599823713302612,1282.0,1351.4212218649518
industrial_changeover,3111,623,1,Order1,623,3.7800000000000004e-05,0.02878133300691843,1278.0,1220.0,5.393130302429199,0.42666101455688477,5.819791316986084,1210.0,1279.314606741573
industrial_changeover,3112,623,2,Order2,623,3.778000000000001e-05,-0.01887174043804407,1184.0,1208.0,5.443675994873047,0.4137451648712158,5.857421159744263,1173.0,1230.1332263242375
industrial_changeover,3113,623,3,Order3,623,3.7760000000000004e-05,0.042395999655127525,1213.0,1169.0,5.48730993270874,0.44539809226989746,5.932708024978638,1169.0,1195.653290529695
industrial_changeover,3114,623,4,Order4,623,3.7739999999999994e-05,-0.004760342766530812,1231.0,1231.0,5.119924068450928,0.4242715835571289,5.544195652008057,1225.0,1265.0963081861958
industrial_changeover,3115,623,5,Order5,623,3.772e-05,-0.014654270373284817,1315.0,1335.0,6.110286474227905,0.4802665710449219,6.590553045272827,1282.0,1351.3948635634029
industrial_changeover,3116,624,1,Order1,624,3.77e-05,-0.011258590733632445,1223.0,1218.0,5.3998754024505615,0.41975879669189453,5.819634199142456,1210.0,1279.2163461538462
industrial_changeover,3117,624,2,Order2,624,3.7680000000000005e-05,-0.022658665664494038,1176.0,1208.0,5.2005250453948975,0.40494561195373535,5.605470657348633,1173.0,1230.0977564102564
industrial_changeover,3118,624,3,Order3,624,3.766000000000001e-05,0.00415707950014621,1169.0,1169.0,5.531195402145386,0.4507002830505371,5.981895685195923,1169.0,1195.610576923077
industrial_changeover,3119,624,4,Order4,624,3.764e-05,0.0525492699816823,1266.0,1231.0,5.576631784439087,0.4114189147949219,5.988050699234009,1225.0,1265.0416666666667
industrial_changeover,3120,624,5,Order5,624,3.762e-05,-0.03742234501987696,1271.0,1335.0,6.440950870513916,0.4926152229309082,6.933566093444824,1282.0,1351.3685897435898
industrial_changeover,3121,625,1,Order1,625,3.76e-05,-0.004306457936763763,1220.0,1218.0,5.673708438873291,0.4537203311920166,6.127428770065308,1210.0,1279.1184
industrial_changeover,3122,625,2,Order2,625,3.758e-05,-0.011398838367313147,1176.0,1208.0,5.341161012649536,0.4397306442260742,5.78089165687561,1173.0,1230.0624
industrial_changeover,3123,625,3,Order3,625,3.7560000000000006e-05,0.01953172218054533,1182.0,1169.0,5.740320920944214,0.4981536865234375,6.238474607467651,1169.0,1195.568
industrial_changeover,3124,625,4,Order4,625,3.7539999999999996e-05,0.011636486509814858,1235.0,1231.0,5.23733925819397,0.45912814140319824,5.696467399597168,1225.0,1264.9872
industrial_changeover,3125,625,5,Order5,625,3.752e-05,0.005762592772953212,1323.0,1335.0,6.469274520874023,0.5131025314331055,6.982377052307129,1282.0,1351.3424
industrial_changeover,3126,626,1,Order1,626,3.7500000000000003e-05,-0.004351445939391851,1225.0,1218.0,9.836063146591187,0.4636557102203369,10.299718856811523,1210.0,1279.020766773163
industrial_changeover,3127,626,2,Order2,626,3.748000000000001e-05,0.018606821540743113,1204.0,1208.0,5.721455335617065,0.4416811466217041,6.1631364822387695,1173.0,1230.0271565495207
industrial_changeover,3128,626,3,Order3,626,3.7460000000000004e-05,0.03146658744663,1213.0,1169.0,5.643493413925171,0.4626946449279785,6.106188058853149,1169.0,1195.5255591054313
industrial_changeover,3129,626,4,Order4,626,3.744e-05,-0.021806497126817703,1229.0,1231.0,5.268754005432129,0.40438008308410645,5.673134088516235,1225.0,1264.932907348243
industrial_changeover,3130,626,5,Order5,626,3.742e-05,-0.056370798498392105,1282.0,1335.0,6.219871997833252,0.5011200904846191,6.720992088317871,1282.0,1351.3162939297124
industrial_changeover,3131,627,1,Order1,627,3.74e-05,0.030488768126815557,1275.0,1218.0,5.4172070026397705,0.47136783599853516,5.888574838638306,1210.0,1278.9234449760766
industrial_changeover,3132,627,2,Order2,627,3.7380000000000005e-05,-0.008183138212189078,1187.0,1213.0,5.347354173660278,0.42655444145202637,5.773908615112305,1173.0,1230.0
industrial_changeover,3133,627,3,Order3,627,3.736000000000001e-05,0.03664094768464565,1213.0,1169.0,5.715440511703491,0.45742297172546387,6.172863483428955,1169.0,1195.4832535885168
industrial_changeover,3134,627,4,Order4,627,3.734e-05,0.020938492845743895,1264.0,1231.0,5.324204683303833,0.429229736328125,5.753434419631958,1225.0,1264.878787878788
industrial_changeover,3135,627,5,Order5,627,3.732e-05,-0.008346864487975836,1323.0,1335.0,6.257681131362915,0.50846266746521,6.766143798828125,1282.0,1351.2902711323763
industrial_changeover,3136,628,1,Order1,628,3.73e-05,-0.017488300800323486,1227.0,1218.0,5.60204005241394,0.45452880859375,6.05656886100769,1210.0,1278.8264331210191
industrial_changeover,3137,628,2,Order2,628,3.728e-05,-0.02586085582152009,1184.0,1213.0,5.492162466049194,0.42879796028137207,5.920960426330566,1173.0,1229.9729299363057
industrial_changeover,3138,628,3,Order3,628,3.7260000000000006e-05,0.0102789425291121,1196.0,1169.0,5.791787147521973,0.47066402435302734,6.262451171875,1169.0,1195.4410828025477
industrial_changeover,3139,628,4,Order4,628,3.7239999999999996e-05,0.025128661189228296,1266.0,1231.0,5.507051467895508,0.4186999797821045,5.925751447677612,1225.0,1264.8248407643312
industrial_changeover,3140,628,5,Order5,628,3.722e-05,0.006961802719160914,1335.0,1334.0,6.384321928024292,0.5006158351898193,6.884937763214111,1282.0,1351.2627388535032
industrial_changeover,3141,629,1,Order1,629,3.72e-05,-0.018266848288476467,1223.0,1218.0,5.5860912799835205,0.4747753143310547,6.060866594314575,1210.0,1278.7297297297298
industrial_changeover,3142,629,2,Order2,629,3.7180000000000007e-05,0.04545089229941368,1250.0,1208.0,5.580229043960571,0.4529874324798584,6.03321647644043,1173.0,1229.9379968203498
industrial_changeover,3143,629,3,Order3,629,3.716e-05,-0.03376717958599329,1169.0,1169.0,5.771594524383545,0.45660948753356934,6.228204011917114,1169.0,1195.3990461049284
industrial_changeover,3144,629,4,Order4,629,3.714e-05,0.0035440014908090234,1264.0,1231.0,5.436914920806885,0.4315657615661621,5.868480682373047,1225.0,1264.77106518283
industrial_changeover,3145,629,5,Order5,629,3.712e-05,-0.016982913948595524,1326.0,1335.0,6.428696155548096,0.5296328067779541,6.95832896232605,1282.0,1351.2368839427663
industrial_changeover,3146,630,1,Order1,630,3.71e-05,0.009880488039925694,1256.0,1218.0,5.498435974121094,0.4357421398162842,5.934178113937378,1210.0,1278.6333333333334
industrial_changeover,3147,630,2,Order2,630,3.7080000000000004e-05,0.010411916300654411,1204.0,1208.0,5.471839904785156,0.43299293518066406,5.90483283996582,1173.0,1229.9031746031746
industrial_changeover,3148,630,3,Order3,630,3.706000000000001e-05,-0.016001601703464985,1175.0,1169.0,5.913166522979736,0.4880657196044922,6.4012322425842285,1169.0,1195.357142857143
industrial_changeover,3149,630,4,Order4,630,3.704e-05,-0.0026103362906724215,1249.0,1231.0,5.652708530426025,0.453965425491333,6.106673955917358,1225.0,1264.7174603174603
industrial_changeover,3150,630,5,Order5,630,3.702e-05,0.0022132868180051446,1335.0,1335.0,6.49030065536499,0.5407726764678955,7.031073331832886,1282.0,1351.2111111111112
industrial_changeover,3151,631,1,Order1,631,3.7e-05,0.01499913353472948,1252.0,1218.0,5.6301422119140625,0.4510495662689209,6.081191778182983,1210.0,1278.5372424722661
industrial_changeover,3152,631,2,Order2,631,3.698e-05,-0.02367973979562521,1172.0,1208.0,5.496525287628174,0.45157837867736816,5.948103666305542,1173.0,1229.8684627575278
industrial_changeover,3153,631,3,Order3,631,3.6960000000000005e-05,0.005299108102917671,1182.0,1169.0,5.867870807647705,0.44861459732055664,6.316485404968262,1169.0,1195.3153724247227
industrial_changeover,3154,631,4,Order4,631,3.6939999999999995e-05,0.03357521537691355,1285.0,1231.0,5.410684585571289,0.41565895080566406,5.826343536376953,1225.0,1264.6640253565768
industrial_changeover,3155,631,5,Order5,631,3.692e-05,0.00428179872687906,1335.0,1335.0,6.484890699386597,0.5361025333404541,7.020993232727051,1282.0,1351.1854199683044
industrial_changeover,3156,632,1,Order1,632,3.69e-05,0.029470146168023348,1283.0,1218.0,5.701029300689697,0.4495372772216797,6.150566577911377,1210.0,1278.4414556962026
industrial_changeover,3157,632,2,Order2,632,3.6880000000000006e-05,-0.03657893184572458,1177.0,1208.0,5.576376914978027,0.43920326232910156,6.015580177307129,1173.0,1229.8338607594937
industrial_changeover,3158,632,3,Order3,632,3.686e-05,0.034394046291708946,1235.0,1169.0,5.8579630851745605,0.450634241104126,6.3085973262786865,1169.0,1195.2737341772151
industrial_changeover,3159,632,4,Order4,632,3.684e-05,-0.026143678929656744,1249.0,1231.0,5.3855719566345215,0.4258298873901367,5.811401844024658,1225.0,1264.610759493671
industrial_changeover,3160,632,5,Order5,632,3.6819999999999996e-05,-0.031741623766720295,1319.0,1335.0,6.497982025146484,0.5070626735687256,7.00504469871521,1282.0,1351.1598101265822
industrial_changeover,3161,633,1,Order1,633,3.68e-05,-0.028772890102118254,1225.0,1218.0,5.634678602218628,0.43695783615112305,6.071636438369751,1210.0,1278.345971563981
industrial_changeover,3162,633,2,Order2,633,3.6780000000000004e-05,0.019880850799381733,1207.0,1208.0,5.3530356884002686,0.4238393306732178,5.776875019073486,1173.0,1229.7993680884676
industrial_changeover,3163,633,3,Order3,633,3.676000000000001e-05,0.012863507494330406,1180.0,1169.0,5.624671936035156,0.4415926933288574,6.066264629364014,1169.0,1195.2322274881517
industrial_changeover,3164,633,4,Order4,633,3.674e-05,0.023133288137614727,1264.0,1231.0,5.252238988876343,0.4326941967010498,5.684933185577393,1225.0,1264.5576619273302
industrial_changeover,3165,633,5,Order5,633,3.672e-05,-0.04122490156441927,1282.0,1335.0,6.290045261383057,0.5142614841461182,6.804306745529175,1282.0,1351.134281200632
industrial_changeover,3166,634,1,Order1,634,3.6700000000000004e-05,0.035890000872313976,1275.0,1218.0,5.4653637409210205,0.43622493743896484,5.901588678359985,1210.0,1278.250788643533
industrial_changeover,3167,634,2,Order2,634,3.668e-05,0.016142574604600668,1204.0,1208.0,5.274775981903076,0.430499792098999,5.705275774002075,1173.0,1229.7649842271294
industrial_changeover,3168,634,3,Order3,634,3.6660000000000005e-05,0.006179962889291346,1196.0,1169.0,5.6905481815338135,0.4479234218597412,6.138471603393555,1169.0,1195.1908517350157
industrial_changeover,3169,634,4,Order4,634,3.6639999999999995e-05,-0.030649333260953426,1231.0,1231.0,5.261409044265747,0.40152859687805176,5.662937641143799,1225.0,1264.5047318611987
industrial_changeover,3170,634,5,Order5,634,3.662e-05,-0.02103353338316083,1320.0,1335.0,6.190240144729614,0.48236536979675293,6.672605514526367,1282.0,1351.108832807571
industrial_changeover,3171,635,1,Order1,635,3.66e-05,-0.01953833969309926,1222.0,1218.0,5.504728317260742,0.45168161392211914,5.956409931182861,1210.0,1278.155905511811
industrial_changeover,3172,635,2,Order2,635,3.6580000000000006e-05,0.021237369626760483,1210.0,1213.0,5.216855764389038,0.4333384037017822,5.65019416809082,1173.0,1229.7385826771654
industrial_changeover,3173,635,3,Order3,635,3.656e-05,0.023415408562868834,1197.0,1169.0,5.432733774185181,0.4363100528717041,5.869043827056885,1169.0,1195.1496062992126
industrial_changeover,3174,635,4,Order4,635,3.654e-05,0.036534265615046024,1264.0,1231.0,5.091673374176025,0.39940905570983887,5.491082429885864,1225.0,1264.451968503937
industrial_changeover,3175,635,5,Order5,635,3.6519999999999996e-05,0.0050124566769227386,1339.0,1335.0,6.138290166854858,0.4832484722137451,6.6215386390686035,1282.0,1351.083464566929
industrial_changeover,3176,636,1,Order1,636,3.65e-05,-0.023091814946383238,1225.0,1218.0,5.388758659362793,0.4306933879852295,5.8194520473480225,1210.0,1278.061320754717
industrial_changeover,3177,636,2,Order2,636,3.648e-05,0.01171262701973319,1213.0,1208.0,5.409342527389526,0.418776273727417,5.828118801116943,1173.0,1229.7044025157234
industrial_changeover,3178,636,3,Order3,636,3.646000000000001e-05,-0.001797003991669044,1196.0,1169.0,5.603423833847046,0.4605374336242676,6.0639612674713135,1169.0,1195.1084905660377
industrial_changeover,3179,636,4,Order4,636,3.644e-05,-0.024378813803195953,1233.0,1231.0,5.508363246917725,0.45161890983581543,5.95998215675354,1225.0,1264.3993710691823
industrial_changeover,3180,636,5,Order5,636,3.642e-05,-0.0015082159370649606,1335.0,1335.0,6.385595798492432,0.5262653827667236,6.911861181259155,1282.0,1351.058176100629
industrial_changeover,3181,637,1,Order1,637,3.6400000000000004e-05,-0.006110079004429281,1230.0,1218.0,5.5070295333862305,0.4601449966430664,5.967174530029297,1210.0,1277.967032967033
industrial_changeover,3182,637,2,Order2,637,3.638e-05,0.021791367791593075,1208.0,1213.0,5.577704668045044,0.42890167236328125,6.006606340408325,1173.0,1229.6781789638933
industrial_changeover,3183,637,3,Order3,637,3.6360000000000004e-05,-0.016246287152171135,1169.0,1169.0,5.848871946334839,0.48366808891296387,6.332540035247803,1169.0,1195.0675039246469
industrial_changeover,3184,637,4,Order4,637,3.6339999999999994e-05,0.02333730785176158,1260.0,1231.0,5.322547674179077,0.4484884738922119,5.771036148071289,1225.0,1264.3469387755101
industrial_changeover,3185,637,5,Order5,637,3.632e-05,0.017880892381072044,1357.0,1335.0,6.646620512008667,0.5283770561218262,7.174997568130493,1282.0,1351.032967032967
industrial_changeover,3186,638,1,Order1,638,3.63e-05,0.015980873256921768,1256.0,1218.0,5.543480396270752,0.46273112297058105,6.006211519241333,1210.0,1277.873040752351
industrial_changeover,3187,638,2,Order2,638,3.6280000000000005e-05,-0.03140777535736561,1187.0,1208.0,5.36634373664856,0.4432661533355713,5.809609889984131,1173.0,1229.6442006269592
industrial_changeover,3188,638,3,Order3,638,3.626e-05,0.011282562743872404,1213.0,1169.0,5.717458486557007,0.46014928817749023,6.177607774734497,1169.0,1195.026645768025
industrial_changeover,3189,638,4,Order4,638,3.6240000000000005e-05,-0.007897469215095043,1253.0,1231.0,5.3342578411102295,0.4201653003692627,5.754423141479492,1225.0,1264.294670846395
industrial_changeover,3190,638,5,Order5,638,3.6219999999999995e-05,-0.024762036744505167,1316.0,1335.0,6.253594398498535,0.5071637630462646,6.7607581615448,1282.0,1351.0078369905957
industrial_changeover,3191,639,1,Order1,639,3.62e-05,-0.011553086806088686,1234.0,1218.0,5.6378254890441895,0.4576864242553711,6.0955119132995605,1210.0,1277.7793427230047
industrial_changeover,3192,639,2,Order2,639,3.618e-05,-0.007897036615759134,1188.0,1208.0,5.518761396408081,0.42152953147888184,5.940290927886963,1173.0,1229.6103286384975
industrial_changeover,3193,639,3,Order3,639,3.6160000000000006e-05,0.010478366632014513,1182.0,1169.0,5.7600579261779785,0.4701728820800781,6.230230808258057,1169.0,1194.9859154929577
industrial_changeover,3194,639,4,Order4,639,3.614000000000001e-05,0.024968599900603294,1249.0,1231.0,5.41508674621582,0.43238186836242676,5.847468614578247,1225.0,1264.242566510172
industrial_changeover,3195,639,5,Order5,639,3.612e-05,0.0014615117106586695,1316.0,1335.0,6.308272123336792,0.518944501876831,6.827216625213623,1282.0,1350.982785602504
industrial_changeover,3196,640,1,Order1,640,3.61e-05,-0.0005043715209467337,1226.0,1218.0,5.666335582733154,0.44165539741516113,6.107990980148315,1210.0,1277.6859375
industrial_changeover,3197,640,2,Order2,640,3.608e-05,0.10229046270251274,1298.0,1208.0,5.452822923660278,0.42894458770751953,5.881767511367798,1173.0,1229.5765625
industrial_changeover,3198,640,3,Order3,640,3.6060000000000004e-05,-0.029595263302326202,1169.0,1169.0,5.87905216217041,0.4664034843444824,6.345455646514893,1169.0,1194.9453125
industrial_changeover,3199,640,4,Order4,640,3.604000000000001e-05,-0.050720580853521824,1231.0,1231.0,5.379106521606445,0.42878150939941406,5.807888031005859,1225.0,1264.190625
industrial_changeover,3200,640,5,Order5,640,3.602e-05,-0.039862035773694515,1323.0,1335.0,6.3672730922698975,0.500922441482544,6.868195533752441,1282.0,1350.9578125
industrial_changeover,3201,641,1,Order1,641,3.6e-05,-0.028437896631658077,1223.0,1218.0,5.708177089691162,0.47328925132751465,6.181466341018677,1210.0,1277.5928237129485
industrial_changeover,3202,641,2,Order2,641,3.5980000000000004e-05,-0.023644189350306988,1173.0,1208.0,5.592616558074951,0.4535830020904541,6.046199560165405,1173.0,1229.5429017160686
industrial_changeover,3203,641,3,Order3,641,3.596000000000001e-05,0.01300145615823567,1175.0,1169.0,5.930124759674072,0.4697239398956299,6.399848699569702,1169.0,1194.9048361934476
industrial_changeover,3204,641,4,Order4,641,3.5940000000000005e-05,0.05284193251281977,1266.0,1231.0,5.464876890182495,0.44512343406677246,5.910000324249268,1225.0,1264.1388455538222
industrial_changeover,3205,641,5,Order5,641,3.5919999999999995e-05,0.021995223127305508,1323.0,1319.0,6.525012254714966,0.5685317516326904,7.093544006347656,1282.0,1350.9079563182527
industrial_changeover,3206,642,1,Order1,642,3.59e-05,0.014402860309928656,1241.0,1218.0,5.7178754806518555,0.4311347007751465,6.149010181427002,1210.0,1277.5
industrial_changeover,3207,642,2,Order2,642,3.588e-05,-0.03150305803865194,1174.0,1208.0,5.617737770080566,0.42939114570617676,6.047128915786743,1173.0,1229.5093457943926
industrial_changeover,3208,642,3,Order3,642,3.5860000000000006e-05,-0.005461697117425501,1182.0,1169.0,5.915352821350098,0.46602368354797363,6.381376504898071,1169.0,1194.8644859813085
industrial_changeover,3209,642,4,Order4,642,3.584000000000001e-05,0.011112119071185589,1264.0,1231.0,5.4239661693573,0.431809663772583,5.855775833129883,1225.0,1264.0872274143303
industrial_changeover,3210,642,5,Order5,642,3.582e-05,0.022943999152630568,1369.0,1319.0,6.453734874725342,0.5117051601409912,6.965440034866333,1282.0,1350.8582554517134
industrial_changeover,3211,643,1,Order1,643,3.58e-05,-0.015286922454833984,1224.0,1218.0,5.5977935791015625,0.43897175788879395,6.0367653369903564,1210.0,1277.407465007776
industrial_changeover,3212,643,2,Order2,643,3.578e-05,0.006618021288886666,1207.0,1208.0,5.431666374206543,0.4429612159729004,5.874627590179443,1173.0,1229.475894245723
industrial_changeover,3213,643,3,Order3,643,3.576e-05,-0.017043305560946465,1169.0,1169.0,5.792925596237183,0.45639967918395996,6.249325275421143,1169.0,1194.8242612752722
industrial_changeover,3214,643,4,Order4,643,3.574000000000001e-05,0.010031800251454115,1264.0,1231.0,5.3062827587127686,0.4486856460571289,5.7549684047698975,1225.0,1264.035769828927
industrial_changeover,3215,643,5,Order5,643,3.572e-05,-0.01899343030527234,1312.0,1319.0,6.416244983673096,0.4971897602081299,6.913434743881226,1282.0,1350.8087091757386
industrial_changeover,3216,644,1,Order1,644,3.57e-05,-0.017917719669640064,1218.0,1218.0,5.560663938522339,0.43529629707336426,5.995960235595703,1210.0,1277.3152173913043
industrial_changeover,3217,644,2,Order2,644,3.5680000000000004e-05,0.02231262531131506,1212.0,1208.0,5.617184162139893,0.43775177001953125,6.054935932159424,1173.0,1229.442546583851
industrial_changeover,3218,644,3,Order3,644,3.566000000000001e-05,0.003756465099286288,1169.0,1169.0,5.892319917678833,0.46166396141052246,6.3539838790893555,1169.0,1194.7841614906831
industrial_changeover,3219,644,4,Order4,644,3.5640000000000004e-05,0.020905917044728994,1264.0,1231.0,5.478713512420654,0.4239981174468994,5.902711629867554,1225.0,1263.9844720496894
industrial_changeover,3220,644,5,Order5,644,3.562e-05,-0.006344316294416785,1325.0,1319.0,6.258924722671509,0.4975440502166748,6.756468772888184,1282.0,1350.7593167701864
industrial_changeover,3221,645,1,Order1,645,3.56e-05,0.033316836692392826,1278.0,1218.0,5.466580629348755,0.4602394104003906,5.9268200397491455,1210.0,1277.2232558139535
industrial_changeover,3222,645,2,Order2,645,3.558e-05,-0.035768124274909496,1172.0,1208.0,5.407959222793579,0.4163386821746826,5.824297904968262,1173.0,1229.4093023255814
industrial_changeover,3223,645,3,Order3,645,3.5560000000000005e-05,-0.0003913372929673642,1182.0,1169.0,5.555561065673828,0.45745205879211426,6.013013124465942,1169.0,1194.7441860465117
industrial_changeover,3224,645,4,Order4,645,3.554000000000001e-05,0.0007327107741730288,1260.0,1231.0,5.251825332641602,0.42631077766418457,5.678136110305786,1225.0,1263.9333333333334
industrial_changeover,3225,645,5,Order5,645,3.552e-05,-0.010193803813308477,1319.0,1319.0,6.1877195835113525,0.49027252197265625,6.677992105484009,1282.0,1350.7100775193799
industrial_changeover,3226,646,1,Order1,646,3.55e-05,0.042391314171254635,1283.0,1218.0,5.405292272567749,0.4282412528991699,5.833533525466919,1210.0,1277.1315789473683
industrial_changeover,3227,646,2,Order2,646,3.548e-05,0.012146026827394962,1204.0,1208.0,5.392211675643921,0.4189751148223877,5.811186790466309,1173.0,1229.3761609907122
industrial_changeover,3228,646,3,Order3,646,3.546e-05,0.025683917105197906,1213.0,1169.0,5.611812353134155,0.4286534786224365,6.040465831756592,1169.0,1194.7043343653252
industrial_changeover,3229,646,4,Order4,646,3.5440000000000006e-05,-0.026648983359336853,1249.0,1231.0,5.271590232849121,0.4112074375152588,5.68279767036438,1225.0,1263.8823529411766
industrial_changeover,3230,646,5,Order5,646,3.5419999999999996e-05,-0.034933848306536674,1320.0,1319.0,6.157002925872803,0.47284817695617676,6.6298511028289795,1282.0,1350.6609907120744
industrial_changeover,3231,647,1,Order1,647,3.54e-05,0.0126025197096169,1275.0,1218.0,5.377291202545166,0.4247612953186035,5.8020524978637695,1210.0,1277.0401854714064
industrial_changeover,3232,647,2,Order2,647,3.5380000000000003e-05,-0.033089748583734035,1172.0,1177.0,5.16315221786499,0.4029667377471924,5.566118955612183,1173.0,1229.2952086553323
industrial_changeover,3233,647,3,Order3,647,3.536000000000001e-05,0.006039914675056934,1184.0,1169.0,5.434840440750122,0.44136929512023926,5.876209735870361,1169.0,1194.6646058732613
industrial_changeover,3234,647,4,Order4,647,3.5340000000000004e-05,0.007666839170269668,1253.0,1231.0,5.199809312820435,0.4082207679748535,5.608030080795288,1225.0,1263.8315301391035
industrial_changeover,3235,647,5,Order5,647,3.532e-05,-0.0013653075438924134,1322.0,1319.0,6.254985094070435,0.4926278591156006,6.747612953186035,1282.0,1350.6120556414219
industrial_changeover,3236,648,1,Order1,648,3.53e-05,0.021459961775690317,1256.0,1218.0,5.634091377258301,0.43660497665405273,6.0706963539123535,1210.0,1276.9490740740741
industrial_changeover,3237,648,2,Order2,648,3.528e-05,0.06057526636868715,1253.0,1177.0,5.595988988876343,0.44740748405456543,6.043396472930908,1173.0,1229.2145061728395
industrial_changeover,3238,648,3,Order3,648,3.5260000000000005e-05,-0.025259297341108322,1169.0,1169.0,5.732876777648926,0.4738903045654297,6.2067670822143555,1169.0,1194.625
industrial_changeover,3239,648,4,Order4,648,3.524000000000001e-05,-0.02372320042923093,1253.0,1231.0,5.353737831115723,0.4266049861907959,5.7803428173065186,1225.0,1263.780864197531
industrial_changeover,3240,648,5,Order5,648,3.522e-05,-0.027764052618294954,1322.0,1319.0,6.242255687713623,0.5534186363220215,6.7956743240356445,1282.0,1350.5632716049383
industrial_changeover,3241,649,1,Order1,649,3.52e-05,0.024506503250449896,1278.0,1218.0,5.572312593460083,0.4620828628540039,6.034395456314087,1210.0,1276.8582434514637
industrial_changeover,3242,649,2,Order2,649,3.518e-05,-0.019848098512738943,1184.0,1177.0,5.50827693939209,0.42980456352233887,5.938081502914429,1173.0,1229.1340523882898
industrial_changeover,3243,649,3,Order3,649,3.516e-05,-0.0034679955570027232,1175.0,1169.0,5.696569919586182,0.4572110176086426,6.153780937194824,1169.0,1194.5855161787365
industrial_changeover,3244,649,4,Order4,649,3.5140000000000006e-05,0.0024721406516619027,1249.0,1231.0,5.41876482963562,0.4205923080444336,5.839357137680054,1225.0,1263.7303543913713
industrial_changeover,3245,649,5,Order5,649,3.5119999999999996e-05,-0.026888216845691204,1304.0,1319.0,6.233348846435547,0.49272584915161133,6.726074695587158,1282.0,1350.5146379044684
industrial_changeover,3246,650,1,Order1,650,3.51e-05,-0.0022329817875288427,1224.0,1218.0,5.470669507980347,0.43823862075805664,5.908908128738403,1210.0,1276.7676923076924
industrial_changeover,3247,650,2,Order2,650,3.508e-05,0.06357797048985958,1241.0,1177.0,5.447597980499268,0.4137580394744873,5.861356019973755,1173.0,1229.053846153846
industrial_changeover,3248,650,3,Order3,650,3.5060000000000007e-05,0.0043177136685699224,1169.0,1169.0,5.733255386352539,0.4598658084869385,6.1931211948394775,1169.0,1194.5461538461539
industrial_changeover,3249,650,4,Order4,650,3.504e-05,0.007863331586122513,1264.0,1231.0,5.370991945266724,0.43152880668640137,5.802520751953125,1225.0,1263.68
industrial_changeover,3250,650,5,Order5,650,3.502e-05,-0.04251185432076454,1305.0,1319.0,6.418011903762817,0.5107145309448242,6.928726434707642,1282.0,1350.466153846154
industrial_changeover,3251,651,1,Order1,651,3.5e-05,0.008947722148150206,1259.0,1218.0,5.6105077266693115,0.44995546340942383,6.060463190078735,1210.0,1276.6774193548388
industrial_changeover,3252,651,2,Order2,651,3.498e-05,0.01366243464872241,1207.0,1177.0,5.405635595321655,0.440521240234375,5.84615683555603,1173.0,1228.973886328725
industrial_changeover,3253,651,3,Order3,651,3.4960000000000004e-05,0.019704889971762896,1196.0,1169.0,5.8166117668151855,0.4643738269805908,6.280985593795776,1169.0,1194.5069124423962
industrial_changeover,3254,651,4,Order4,651,3.494000000000001e-05,0.0036444704746827483,1264.0,1231.0,5.358309984207153,0.4242243766784668,5.78253436088562,1225.0,1263.6298003072197
industrial_changeover,3255,651,5,Order5,651,3.492e-05,-0.015235122526064515,1337.0,1319.0,6.359010696411133,0.5015623569488525,6.860573053359985,1282.0,1350.4178187403993
industrial_changeover,3256,652,1,Order1,652,3.49e-05,-0.024338996037840843,1230.0,1218.0,5.60793399810791,0.44173383712768555,6.049667835235596,1210.0,1276.5874233128834
industrial_changeover,3257,652,2,Order2,652,3.4880000000000005e-05,-0.028718252666294575,1173.0,1177.0,5.397378921508789,0.4385216236114502,5.835900545120239,1173.0,1228.894171779141
industrial_changeover,3258,652,3,Order3,652,3.486e-05,0.0006034857651684433,1175.0,1169.0,5.7584216594696045,0.43822574615478516,6.19664740562439,1169.0,1194.467791411043
industrial_changeover,3259,652,4,Order4,652,3.4840000000000005e-05,0.0066181233851239085,1235.0,1231.0,5.488851308822632,0.4232797622680664,5.912131071090698,1225.0,1263.579754601227
industrial_changeover,3260,652,5,Order5,652,3.4819999999999995e-05,-0.006819785223342478,1308.0,1319.0,6.462120771408081,0.5502161979675293,7.01233696937561,1282.0,1350.3696319018404
industrial_changeover,3261,653,1,Order1,653,3.48e-05,0.019335106015205383,1225.0,1218.0,5.611018419265747,0.4458198547363281,6.056838274002075,1210.0,1276.4977029096478
industrial_changeover,3262,653,2,Order2,653,3.478e-05,0.0038216455723159015,1176.0,1177.0,5.510775327682495,0.4532923698425293,5.964067697525024,1173.0,1228.8147013782543
industrial_changeover,3263,653,3,Order3,653,3.4760000000000006e-05,0.043053668923676014,1196.0,1169.0,5.9087073802948,0.4578993320465088,6.366606712341309,1169.0,1194.4287901990813
industrial_changeover,3264,653,4,Order4,653,3.474e-05,-0.004244624404236674,1231.0,1231.0,5.513669013977051,0.4139692783355713,5.927638292312622,1225.0,1263.529862174579
industrial_changeover,3265,653,5,Order5,653,3.472e-05,-0.005406125681474805,1323.0,1319.0,6.37009859085083,0.533735990524292,6.903834581375122,1282.0,1350.3215926493108
industrial_changeover,3266,654,1,Order1,654,3.4699999999999996e-05,-0.017370582558214664,1225.0,1218.0,5.638220310211182,0.475919246673584,6.114139556884766,1210.0,1276.408256880734
industrial_changeover,3267,654,2,Order2,654,3.468e-05,-0.025734712835401297,1177.0,1177.0,5.499534845352173,0.43920063972473145,5.938735485076904,1173.0,1228.7354740061162
industrial_changeover,3268,654,3,Order3,654,3.4660000000000004e-05,0.018155924510210752,1196.0,1169.0,5.882636547088623,0.4398763179779053,6.322512865066528,1169.0,1194.3899082568807
industrial_changeover,3269,654,4,Order4,654,3.464000000000001e-05,0.02200455078855157,1261.0,1231.0,5.461184024810791,0.44177699089050293,5.902961015701294,1225.0,1263.480122324159
industrial_changeover,3270,654,5,Order5,654,3.462e-05,-0.0011379902134649456,1323.0,1319.0,6.432137966156006,0.49000048637390137,6.922138452529907,1282.0,1350.2737003058105
industrial_changeover,3271,655,1,Order1,655,3.46e-05,-0.013352766633033752,1220.0,1218.0,5.663914918899536,0.4431157112121582,6.107030630111694,1210.0,1276.3190839694657
industrial_changeover,3272,655,2,Order2,655,3.4580000000000004e-05,-0.022001742850989103,1174.0,1177.0,5.6258063316345215,0.44896411895751953,6.074770450592041,1173.0,1228.6564885496184
industrial_changeover,3273,655,3,Order3,655,3.456e-05,0.035476441495120525,1213.0,1169.0,5.814041376113892,0.44568610191345215,6.259727478027344,1169.0,1194.351145038168
industrial_changeover,3274,655,4,Order4,655,3.4540000000000005e-05,0.026839339174330235,1264.0,1231.0,5.587983131408691,0.43597412109375,6.023957252502441,1225.0,1263.430534351145
industrial_changeover,3275,655,5,Order5,655,3.4519999999999995e-05,-0.0009830367635004222,1339.0,1319.0,6.527378082275391,0.5359680652618408,7.0633461475372314,1282.0,1350.2259541984733
industrial_changeover,3276,656,1,Order1,656,3.45e-05,-0.023369743488729,1225.0,1218.0,5.740494012832642,0.4236934185028076,6.164187431335449,1210.0,1276.2301829268292
industrial_changeover,3277,656,2,Order2,656,3.448e-05,-0.025959311053156853,1184.0,1177.0,5.50365138053894,0.422865629196167,5.926517009735107,1173.0,1228.5777439024391
industrial_changeover,3278,656,3,Order3,656,3.4460000000000005e-05,-0.018841714598238468,1169.0,1169.0,5.641238212585449,0.43864965438842773,6.079887866973877,1169.0,1194.3125
industrial_changeover,3279,656,4,Order4,656,3.444e-05,0.04325371701270342,1285.0,1231.0,5.33946418762207,0.41650843620300293,5.755972623825073,1225.0,1263.3810975609756
industrial_changeover,3280,656,5,Order5,656,3.442e-05,-0.03181107435375452,1279.0,1319.0,6.186813116073608,0.49121832847595215,6.6780314445495605,1282.0,1350.1783536585365
industrial_changeover,3281,657,1,Order1,657,3.4399999999999996e-05,0.05260853562504053,1283.0,1218.0,5.598767280578613,0.46192455291748047,6.060691833496094,1210.0,1276.1415525114155
industrial_changeover,3282,657,2,Order2,657,3.438e-05,-0.014558164170011878,1174.0,1177.0,5.210777044296265,0.43691229820251465,5.647689342498779,1173.0,1228.4992389649924
industrial_changeover,3283,657,3,Order3,657,3.436e-05,-0.012437894940376282,1169.0,1169.0,5.675214052200317,0.4487597942352295,6.123973846435547,1169.0,1194.2739726027398
industrial_changeover,3284,657,4,Order4,657,3.434000000000001e-05,-0.0026711386162787676,1249.0,1231.0,5.2112555503845215,0.4143378734588623,5.625593423843384,1225.0,1263.331811263318
industrial_changeover,3285,657,5,Order5,657,3.432e-05,-0.023120127618312836,1304.0,1319.0,6.055683851242065,0.4754774570465088,6.531161308288574,1282.0,1350.130898021309
industrial_changeover,3286,658,1,Order1,658,3.43e-05,0.050837770104408264,1284.0,1218.0,5.6511311531066895,0.42345356941223145,6.074584722518921,1210.0,1276.0531914893618
industrial_changeover,3287,658,2,Order2,658,3.4280000000000004e-05,-0.0008668053051223978,1184.0,1177.0,5.314469575881958,0.40944528579711914,5.723914861679077,1173.0,1228.420972644377
industrial_changeover,3288,658,3,Order3,658,3.426e-05,-0.0002520546258892864,1175.0,1169.0,5.691091775894165,0.44910550117492676,6.140197277069092,1169.0,1194.2355623100304
industrial_changeover,3289,658,4,Order4,658,3.4240000000000004e-05,-0.025861196219921112,1231.0,1231.0,5.190803050994873,0.4205470085144043,5.611350059509277,1225.0,1263.2826747720364
industrial_changeover,3290,658,5,Order5,658,3.4219999999999994e-05,-0.04459852632135153,1274.0,1319.0,6.070029258728027,0.4822273254394531,6.5522565841674805,1282.0,1350.0835866261398
industrial_changeover,3291,659,1,Order1,659,3.42e-05,0.006439435062929988,1230.0,1218.0,5.685912132263184,0.4204528331756592,6.106364965438843,1210.0,1275.9650986342945
industrial_changeover,3292,659,2,Order2,659,3.418e-05,0.01555902254767716,1184.0,1177.0,5.177791118621826,0.41487646102905273,5.592667579650879,1173.0,1228.3429438543246
industrial_changeover,3293,659,3,Order3,659,3.4160000000000005e-05,0.02434881078079343,1175.0,1169.0,5.609827041625977,0.4837932586669922,6.093620300292969,1169.0,1194.1972685887708
industrial_changeover,3294,659,4,Order4,659,3.414000000000001e-05,0.0037416244740597904,1231.0,1231.0,5.504317760467529,0.45257019996643066,5.95688796043396,1225.0,1263.2336874051593
industrial_changeover,3295,659,5,Order5,659,3.412e-05,-0.0009513583790976554,1313.0,1319.0,6.324379920959473,0.5422511100769043,6.866631031036377,1282.0,1350.0364188163885
industrial_changeover,3296,660,1,Order1,660,3.4099999999999995e-05,0.012530370149761438,1241.0,1218.0,5.583998680114746,0.4866795539855957,6.070678234100342,1210.0,1275.8772727272728
industrial_changeover,3297,660,2,Order2,660,3.408e-05,0.02503990614786744,1207.0,1177.0,5.638362407684326,0.4357335567474365,6.074095964431763,1173.0,1228.2651515151515
industrial_changeover,3298,660,3,Order3,660,3.406e-05,0.005879254080355167,1197.0,1169.0,5.696305990219116,0.4954507350921631,6.191756725311279,1169.0,1194.159090909091
industrial_changeover,3299,660,4,Order4,660,3.4040000000000006e-05,-0.030904999934136868,1231.0,1231.0,5.569391489028931,0.44418907165527344,6.013580560684204,1225.0,1263.1848484848485
industrial_changeover,3300,660,5,Order5,660,3.4019999999999996e-05,-0.017051298171281815,1318.0,1319.0,6.444436311721802,0.5250718593597412,6.969508171081543,1282.0,1349.989393939394
industrial_changeover,3301,661,1,Order1,661,3.4e-05,-0.01324681960977614,1225.0,1218.0,5.771206617355347,0.4379713535308838,6.2091779708862305,1210.0,1275.7897125567322
industrial_changeover,3302,661,2,Order2,661,3.398e-05,-0.012963378801941872,1177.0,1177.0,5.293044090270996,0.41416072845458984,5.707204818725586,1173.0,1228.1875945537065
industrial_changeover,3303,661,3,Order3,661,3.396e-05,0.02501941379159689,1196.0,1169.0,5.80343222618103,0.4503300189971924,6.253762245178223,1169.0,1194.1210287443268
industrial_changeover,3304,661,4,Order4,661,3.3940000000000004e-05,0.007607729523442686,1235.0,1231.0,5.307907342910767,0.4350881576538086,5.742995500564575,1225.0,1263.1361573373676
industrial_changeover,3305,661,5,Order5,661,3.3919999999999994e-05,0.007811000221408904,1320.0,1319.0,6.493721008300781,0.5004007816314697,6.994121789932251,1282.0,1349.9425113464447
industrial_changeover,3306,662,1,Order1,662,3.39e-05,0.013954170513898134,1241.0,1218.0,5.538968801498413,0.4370236396789551,5.975992441177368,1210.0,1275.702416918429
industrial_changeover,3307,662,2,Order2,662,3.388e-05,-0.023450715467333794,1174.0,1177.0,5.50285792350769,0.4288771152496338,5.931735038757324,1173.0,1228.1102719033233
industrial_changeover,3308,662,3,Order3,662,3.3860000000000004e-05,-0.020342028234153986,1169.0,1169.0,5.949742078781128,0.45751404762268066,6.407256126403809,1169.0,1194.083081570997
industrial_changeover,3309,662,4,Order4,662,3.384000000000001e-05,-0.00389454560354352,1231.0,1231.0,5.4544806480407715,0.49431467056274414,5.948795318603516,1225.0,1263.0876132930514
industrial_changeover,3310,662,5,Order5,662,3.382e-05,0.00817146897315979,1327.0,1319.0,6.451154470443726,0.5044267177581787,6.955581188201904,1282.0,1349.8957703927492
industrial_changeover,3311,663,1,Order1,663,3.38e-05,0.007366832462139428,1223.0,1218.0,5.6097471714019775,0.4316699504852295,6.041417121887207,1210.0,1275.6153846153845
industrial_changeover,3312,663,2,Order2,663,3.378e-05,0.06935527175664902,1244.0,1177.0,5.54495644569397,0.4432840347290039,5.988240480422974,1173.0,1228.0331825037708
industrial_changeover,3313,663,3,Order3,663,3.376e-05,-0.013141059083864093,1169.0,1169.0,5.699467897415161,0.45447468757629395,6.153942584991455,1169.0,1194.0452488687783
industrial_changeover,3314,663,4,Order4,663,3.3740000000000006e-05,-0.021222590003162622,1235.0,1231.0,5.558383226394653,0.42168498039245605,5.980068206787109,1225.0,1263.0392156862745
industrial_changeover,3315,663,5,Order5,663,3.372000000000001e-05,-0.018234177492558956,1315.0,1319.0,6.52521824836731,0.5267813205718994,7.051999568939209,1282.0,1349.8491704374057
industrial_changeover,3316,664,1,Order1,664,3.37e-05,-0.012937503634020686,1224.0,1218.0,5.831815481185913,0.4708132743835449,6.302628755569458,1210.0,1275.5286144578313
industrial_changeover,3317,664,2,Order2,664,3.368e-05,-0.01491136197000742,1173.0,1177.0,5.5679192543029785,0.444122314453125,6.0120415687561035,1173.0,1227.9563253012047
industrial_changeover,3318,664,3,Order3,664,3.366e-05,0.014488789485767484,1182.0,1169.0,6.038239240646362,0.4794454574584961,6.517684698104858,1169.0,1194.007530120482
industrial_changeover,3319,664,4,Order4,664,3.364e-05,0.03893114347010851,1264.0,1231.0,5.6017420291900635,0.4503307342529297,6.052072763442993,1225.0,1262.9909638554218
industrial_changeover,3320,664,5,Order5,664,3.362000000000001e-05,0.0060436633648350835,1326.0,1319.0,6.5710601806640625,0.5332424640655518,7.104302644729614,1282.0,1349.8027108433735
industrial_changeover,3321,665,1,Order1,665,3.36e-05,0.042059602215886116,1280.0,1218.0,5.905839443206787,0.45809078216552734,6.3639302253723145,1210.0,1275.4421052631578
industrial_changeover,3322,665,2,Order2,665,3.358e-05,-0.02235868899151683,1184.0,1177.0,5.651173114776611,0.44782257080078125,6.098995685577393,1173.0,1227.8796992481202
industrial_changeover,3323,665,3,Order3,665,3.3560000000000004e-05,-0.030452987644821405,1169.0,1169.0,5.977453231811523,0.48790502548217773,6.465358257293701,1169.0,1193.96992481203
industrial_changeover,3324,665,4,Order4,665,3.354000000000001e-05,-0.003540858393535018,1260.0,1231.0,5.546074390411377,0.4533541202545166,5.9994285106658936,1225.0,1262.942857142857
industrial_changeover,3325,665,5,Order5,665,3.3520000000000004e-05,0.005791981937363744,1355.0,1319.0,6.565094470977783,0.5402305126190186,7.105324983596802,1282.0,1349.7563909774435
industrial_changeover,3326,666,1,Order1,666,3.35e-05,-0.013508252799510956,1224.0,1218.0,5.790563106536865,0.4795083999633789,6.270071506500244,1210.0,1275.355855855856
industrial_changeover,3327,666,2,Order2,666,3.348e-05,-0.005871237255632877,1184.0,1177.0,5.7024147510528564,0.45726943016052246,6.159684181213379,1173.0,1227.8033033033032
industrial_changeover,3328,666,3,Order3,666,3.346e-05,0.0032765267533250153,1169.0,1169.0,6.105576515197754,0.4659004211425781,6.571476936340332,1169.0,1193.9324324324325
industrial_changeover,3329,666,4,Order4,666,3.3440000000000005e-05,0.021307825576514006,1264.0,1231.0,5.522988796234131,0.44568800926208496,5.968676805496216,1225.0,1262.8948948948948
industrial_changeover,3330,666,5,Order5,666,3.342000000000001e-05,0.016510159242898226,1355.0,1319.0,6.612395524978638,0.5240123271942139,7.136407852172852,1282.0,1349.71021021021
industrial_changeover,3331,667,1,Order1,667,3.34e-05,-0.013209006283432245,1225.0,1218.0,5.88381290435791,0.47530603408813477,6.359118938446045,1210.0,1275.2698650674663
industrial_changeover,3332,667,2,Order2,667,3.338e-05,0.019538727588951588,1209.0,1177.0,5.559924364089966,0.45540642738342285,6.015330791473389,1173.0,1227.7271364317842
industrial_changeover,3333,667,3,Order3,667,3.336e-05,0.005964052281342447,1196.0,1169.0,5.971687078475952,0.4552316665649414,6.4269187450408936,1169.0,1193.8950524737631
industrial_changeover,3334,667,4,Order4,667,3.334e-05,-0.014042373048141599,1249.0,1231.0,5.613036155700684,0.438859224319458,6.051895380020142,1225.0,1262.8470764617691
industrial_changeover,3335,667,5,Order5,667,3.3320000000000006e-05,-0.03632786311209202,1308.0,1319.0,6.587587833404541,0.49186110496520996,7.079448938369751,1282.0,1349.664167916042
industrial_changeover,3336,668,1,Order1,668,3.3299999999999996e-05,-0.01619263691827655,1225.0,1218.0,5.5494396686553955,0.460921049118042,6.0103607177734375,1210.0,1275.184131736527
industrial_changeover,3337,668,2,Order2,668,3.328e-05,0.025588897988200188,1204.0,1177.0,5.338635444641113,0.4266176223754883,5.765253067016602,1173.0,1227.6511976047905
industrial_changeover,3338,668,3,Order3,668,3.3260000000000003e-05,0.00961009762249887,1175.0,1169.0,5.661029100418091,0.45954251289367676,6.120571613311768,1169.0,1193.8577844311378
industrial_changeover,3339,668,4,Order4,668,3.324000000000001e-05,0.026044754311442375,1264.0,1231.0,5.426813840866089,0.4458506107330322,5.872664451599121,1225.0,1262.7994011976048
industrial_changeover,3340,668,5,Order5,668,3.3220000000000004e-05,0.05899292882531881,1416.0,1319.0,6.22345495223999,0.49139404296875,6.71484899520874,1282.0,1349.618263473054
industrial_changeover,3341,669,1,Order1,669,3.32e-05,-0.0036069448105990887,1253.0,1218.0,5.405372142791748,0.4329686164855957,5.838340759277344,1210.0,1275.0986547085201
industrial_changeover,3342,669,2,Order2,669,3.318e-05,-0.038743287324905396,1184.0,1177.0,5.319696664810181,0.4124641418457031,5.732160806655884,1173.0,1227.575485799701
industrial_changeover,3343,669,3,Order3,669,3.316e-05,-0.03358645178377628,1169.0,1169.0,5.553170442581177,0.46193575859069824,6.015106201171875,1169.0,1193.8206278026905
industrial_changeover,3344,669,4,Order4,669,3.3140000000000005e-05,-0.029404337983578444,1231.0,1231.0,5.155664443969727,0.41507530212402344,5.57073974609375,1225.0,1262.7518684603886
industrial_changeover,3345,669,5,Order5,669,3.312000000000001e-05,-0.0025623837136663496,1316.0,1319.0,6.301378965377808,0.484393835067749,6.785772800445557,1282.0,1349.5724962630793
industrial_changeover,3346,670,1,Order1,670,3.31e-05,0.05787918623536825,1283.0,1218.0,5.4403076171875,0.4179973602294922,5.858304977416992,1210.0,1275.0134328358208
industrial_changeover,3347,670,2,Order2,670,3.308e-05,0.035259862430393696,1208.0,1177.0,5.27620530128479,0.4116780757904053,5.687883377075195,1173.0,1227.5
industrial_changeover,3348,670,3,Order3,670,3.3060000000000005e-05,-0.0022146188421174884,1169.0,1169.0,5.454034328460693,0.45009493827819824,5.904129266738892,1169.0,1193.7835820895523
industrial_changeover,3349,670,4,Order4,670,3.304e-05,0.010783829493448138,1285.0,1231.0,5.135986566543579,0.4026458263397217,5.538632392883301,1225.0,1262.7044776119403
industrial_changeover,3350,670,5,Order5,670,3.3020000000000006e-05,-0.043752907775342464,1305.0,1319.0,6.145853757858276,0.4907824993133545,6.636636257171631,1282.0,1349.5268656716419
industrial_changeover,3351,671,1,Order1,671,3.2999999999999996e-05,-0.0009170451667159796,1263.0,1218.0,5.7420244216918945,0.4823899269104004,6.224414348602295,1210.0,1274.9284649776453
industrial_changeover,3352,671,2,Order2,671,3.298e-05,0.008144807536154985,1203.0,1177.0,5.733943223953247,0.4635336399078369,6.197476863861084,1173.0,1227.424739195231
industrial_changeover,3353,671,3,Order3,671,3.296e-05,-0.008015254279598594,1169.0,1169.0,5.5594635009765625,0.4671177864074707,6.026581287384033,1169.0,1193.746646795827
industrial_changeover,3354,671,4,Order4,671,3.2940000000000006e-05,-0.03272107243537903,1225.0,1231.0,5.63232946395874,0.4384279251098633,6.0707573890686035,1225.0,1262.6572280178837
industrial_changeover,3355,671,5,Order5,671,3.292e-05,-0.002036267949733883,1319.0,1319.0,6.265791893005371,0.5544049739837646,6.820196866989136,1282.0,1349.4813710879284
industrial_changeover,3356,672,1,Order1,672,3.29e-05,-0.007776129525154829,1218.0,1218.0,5.528296232223511,0.45890378952026367,5.987200021743774,1210.0,1274.84375
industrial_changeover,3357,672,2,Order2,672,3.288e-05,0.0008586719923187047,1173.0,1177.0,5.308120489120483,0.43919801712036133,5.747318506240845,1173.0,1227.3497023809523
industrial_changeover,3358,672,3,Order3,672,3.286e-05,0.024889273568987846,1169.0,1169.0,5.7477867603302,0.43929100036621094,6.187077760696411,1169.0,1193.7098214285713
industrial_changeover,3359,672,4,Order4,672,3.2840000000000004e-05,0.005332508706487715,1233.0,1231.0,5.221282958984375,0.41106629371643066,5.632349252700806,1225.0,1262.610119047619
industrial_changeover,3360,672,5,Order5,672,3.282000000000001e-05,0.0206964616663754,1335.0,1319.0,6.149625778198242,0.49644899368286133,6.6460747718811035,1282.0,1349.436011904762
industrial_changeover,3361,673,1,Order1,673,3.28e-05,0.0011331183486618102,1234.0,1218.0,5.4390709400177,0.42635250091552734,5.8654234409332275,1210.0,1274.7592867756316
industrial_changeover,3362,673,2,Order2,673,3.278e-05,0.019811002537608147,1204.0,1177.0,5.342942714691162,0.42371463775634766,5.76665735244751,1173.0,1227.2748885586925
industrial_changeover,3363,673,3,Order3,673,3.2760000000000005e-05,0.004912986420094967,1184.0,1169.0,5.557942628860474,0.4535641670227051,6.011506795883179,1169.0,1193.673105497771
industrial_changeover,3364,673,4,Order4,673,3.274e-05,-0.004608941380865872,1264.0,1231.0,5.223366975784302,0.42598676681518555,5.649353742599487,1225.0,1262.5631500742943
industrial_changeover,3365,673,5,Order5,673,3.2720000000000005e-05,-0.007975529646500945,1352.0,1319.0,6.189890384674072,0.4925093650817871,6.682399749755859,1282.0,1349.3907875185735
industrial_changeover,3366,674,1,Order1,674,3.2699999999999995e-05,-0.028807336930185556,1225.0,1218.0,5.5261454582214355,0.4409475326538086,5.967092990875244,1210.0,1274.6750741839762
industrial_changeover,3367,674,2,Order2,674,3.268e-05,-0.02696632081642747,1177.0,1177.0,5.442383766174316,0.42679357528686523,5.869177341461182,1173.0,1227.200296735905
industrial_changeover,3368,674,3,Order3,674,3.266e-05,-0.004899091320112348,1169.0,1169.0,5.698620319366455,0.4570465087890625,6.155666828155518,1169.0,1193.6364985163204
industrial_changeover,3369,674,4,Order4,674,3.2640000000000006e-05,0.023027476854622364,1253.0,1231.0,5.414929628372192,0.4216938018798828,5.836623430252075,1225.0,1262.5163204747776
industrial_changeover,3370,674,5,Order5,674,3.262e-05,0.022542877588421106,1335.0,1319.0,6.278961181640625,0.49407052993774414,6.773031711578369,1282.0,1349.345697329377
industrial_changeover,3371,675,1,Order1,675,3.26e-05,0.037311666645109653,1263.0,1218.0,5.4831297397613525,0.4250051975250244,5.908134937286377,1210.0,1274.591111111111
industrial_changeover,3372,675,2,Order2,675,3.2579999999999996e-05,0.020620079711079597,1213.0,1177.0,5.451280832290649,0.43235087394714355,5.883631706237793,1173.0,1227.125925925926
industrial_changeover,3373,675,3,Order3,675,3.256e-05,-0.014254115056246519,1180.0,1169.0,5.688914775848389,0.45472049713134766,6.143635272979736,1169.0,1193.6
industrial_changeover,3374,675,4,Order4,675,3.2540000000000004e-05,-0.01872413931414485,1264.0,1231.0,5.320273399353027,0.41417980194091797,5.734453201293945,1225.0,1262.4696296296297
industrial_changeover,3375,675,5,Order5,675,3.252000000000001e-05,-0.03582650888711214,1319.0,1319.0,6.450336694717407,0.49019384384155273,6.94053053855896,1282.0,1349.3007407407408
industrial_changeover,3376,676,1,Order1,676,3.25e-05,-0.011560186510905623,1241.0,1218.0,5.604946136474609,0.453357458114624,6.058303594589233,1210.0,1274.5073964497042
industrial_changeover,3377,676,2,Order2,676,3.248e-05,0.016341331880539656,1205.0,1177.0,5.483861923217773,0.42613983154296875,5.910001754760742,1173.0,1227.051775147929
industrial_changeover,3378,676,3,Order3,676,3.2460000000000004e-05,-0.0014921660185791552,1169.0,1169.0,5.699728488922119,0.4572327136993408,6.15696120262146,1169.0,1193.5636094674555
industrial_changeover,3379,676,4,Order4,676,3.244e-05,-0.007208021357655525,1235.0,1231.0,5.479996204376221,0.42484021186828613,5.904836416244507,1225.0,1262.423076923077
industrial_changeover,3380,676,5,Order5,676,3.2420000000000005e-05,0.0006438799173338339,1319.0,1319.0,6.384353160858154,0.4990255832672119,6.883378744125366,1282.0,1349.2559171597634
industrial_changeover,3381,677,1,Order1,677,3.2399999999999995e-05,-0.0016434348654001951,1223.0,1218.0,5.546205520629883,0.4438760280609131,5.990081548690796,1210.0,1274.423929098966
industrial_changeover,3382,677,2,Order2,677,3.238e-05,0.0024633207940496504,1184.0,1177.0,5.480815172195435,0.4425344467163086,5.923349618911743,1173.0,1226.9778434268833
industrial_changeover,3383,677,3,Order3,677,3.236e-05,0.027346964459866285,1186.0,1169.0,5.837767124176025,0.4602644443511963,6.298031568527222,1169.0,1193.5273264401771
industrial_changeover,3384,677,4,Order4,677,3.2340000000000005e-05,0.015101472148671746,1253.0,1231.0,5.301480531692505,0.44393277168273926,5.745413303375244,1225.0,1262.3766617429837
industrial_changeover,3385,677,5,Order5,677,3.232000000000001e-05,-0.007618841947987676,1320.0,1319.0,6.351557970046997,0.5016744136810303,6.853232383728027,1282.0,1349.2112259970459
industrial_changeover,3386,678,1,Order1,678,3.23e-05,-0.010556904599070549,1230.0,1218.0,5.630350112915039,0.45325279235839844,6.0836029052734375,1210.0,1274.3407079646017
industrial_changeover,3387,678,2,Order2,678,3.2279999999999996e-05,0.014666237169876695,1208.0,1177.0,5.484050273895264,0.4298884868621826,5.913938760757446,1173.0,1226.9041297935103
industrial_changeover,3388,678,3,Order3,678,3.226e-05,-0.0062234848737716675,1182.0,1169.0,5.883268356323242,0.4579002857208252,6.341168642044067,1169.0,1193.4911504424779
industrial_changeover,3389,678,4,Order4,678,3.224e-05,0.024449297226965427,1285.0,1231.0,5.368899583816528,0.4351968765258789,5.804096460342407,1225.0,1262.330383480826
industrial_changeover,3390,678,5,Order5,678,3.2220000000000007e-05,-0.013602937571704388,1346.0,1319.0,6.714534282684326,0.5237767696380615,7.238311052322388,1282.0,1349.1666666666667
industrial_changeover,3391,679,1,Order1,679,3.22e-05,-0.0170443682000041,1230.0,1218.0,5.768785238265991,0.4308919906616211,6.199677228927612,1210.0,1274.2577319587629
industrial_changeover,3392,679,2,Order2,679,3.218e-05,-0.0225771376863122,1184.0,1177.0,5.4211106300354,0.4631617069244385,5.884272336959839,1173.0,1226.8306332842415
industrial_changeover,3393,679,3,Order3,679,3.2160000000000004e-05,-0.0065054327715188265,1169.0,1169.0,5.979856729507446,0.4833412170410156,6.463197946548462,1169.0,1193.4550810014728
industrial_changeover,3394,679,4,Order4,679,3.214e-05,0.020924102049320936,1264.0,1231.0,5.373321771621704,0.4153320789337158,5.78865385055542,1225.0,1262.2842415316643
industrial_changeover,3395,679,5,Order5,679,3.2120000000000004e-05,-0.015876663848757744,1305.0,1319.0,6.288536071777344,0.5116157531738281,6.800151824951172,1282.0,1349.122238586156
industrial_changeover,3396,680,1,Order1,680,3.2099999999999994e-05,0.0015598864119965583,1224.0,1218.0,5.369408845901489,0.42768144607543945,5.797090291976929,1210.0,1274.175
industrial_changeover,3397,680,2,Order2,680,3.208e-05,0.0075062563410028815,1187.0,1177.0,5.276787281036377,0.42120981216430664,5.697997093200684,1173.0,1226.7573529411766
industrial_changeover,3398,680,3,Order3,680,3.206e-05,0.011108752805739641,1169.0,1169.0,5.64303731918335,0.43256163597106934,6.075598955154419,1169.0,1193.4191176470588
industrial_changeover,3399,680,4,Order4,680,3.2040000000000005e-05,0.02118868473917246,1266.0,1231.0,5.2322962284088135,0.4178121089935303,5.650108337402344,1225.0,1262.2382352941177
industrial_changeover,3400,680,5,Order5,680,3.202000000000001e-05,-0.0061961853643879294,1318.0,1319.0,6.130942344665527,0.48792386054992676,6.618866205215454,1282.0,1349.0779411764706
industrial_changeover,3401,681,1,Order1,681,3.2e-05,0.035792816430330276,1283.0,1256.0,5.456184148788452,0.4284806251525879,5.88466477394104,1210.0,1274.1483113069016
industrial_changeover,3402,681,2,Order2,681,3.198e-05,-0.029340459499508142,1176.0,1177.0,5.321018218994141,0.4190704822540283,5.740088701248169,1173.0,1226.684287812041
industrial_changeover,3403,681,3,Order3,681,3.196e-05,-0.016125076450407505,1169.0,1169.0,5.637739419937134,0.452739953994751,6.090479373931885,1169.0,1193.3832599118944
industrial_changeover,3404,681,4,Order4,681,3.194e-05,-0.027743450831621885,1235.0,1231.0,5.141628980636597,0.4140594005584717,5.555688381195068,1225.0,1262.1923641703377
industrial_changeover,3405,681,5,Order5,681,3.1920000000000006e-05,0.004511605598963797,1326.0,1319.0,6.142279624938965,0.48705530166625977,6.629334926605225,1282.0,1349.0337738619678
industrial_changeover,3406,682,1,Order1,682,3.1899999999999996e-05,-0.002038466278463602,1225.0,1218.0,5.42462158203125,0.4174814224243164,5.842103004455566,1210.0,1274.065982404692
industrial_changeover,3407,682,2,Order2,682,3.188e-05,0.009971016552299261,1184.0,1177.0,5.185377836227417,0.4224967956542969,5.607874631881714,1173.0,1226.6114369501465
industrial_changeover,3408,682,3,Order3,682,3.186e-05,0.01572223426774144,1169.0,1169.0,5.537418842315674,0.43910694122314453,5.976525783538818,1169.0,1193.3475073313782
industrial_changeover,3409,682,4,Order4,682,3.184e-05,0.0205936161801219,1264.0,1231.0,5.385972499847412,0.44237565994262695,5.828348159790039,1225.0,1262.1466275659825
industrial_changeover,3410,682,5,Order5,682,3.1820000000000004e-05,0.01213915622793138,1339.0,1319.0,6.32174015045166,0.537456750869751,6.859196901321411,1282.0,1348.9897360703812
industrial_changeover,3411,683,1,Order1,683,3.1799999999999994e-05,-0.018176255747675896,1225.0,1218.0,5.727609395980835,0.45812511444091797,6.185734510421753,1210.0,1273.9838945827232
industrial_changeover,3412,683,2,Order2,683,3.178e-05,-0.016045473981648684,1184.0,1177.0,5.405785322189331,0.4140594005584717,5.819844722747803,1173.0,1226.5387994143484
industrial_changeover,3413,683,3,Order3,683,3.176e-05,-0.006783081335015595,1169.0,1169.0,5.551163196563721,0.42906880378723145,5.980232000350952,1169.0,1193.311859443631
industrial_changeover,3414,683,4,Order4,683,3.1740000000000004e-05,-0.01696718018501997,1233.0,1231.0,5.132591247558594,0.4538717269897461,5.58646297454834,1225.0,1262.1010248901903
industrial_changeover,3415,683,5,Order5,683,3.172000000000001e-05,0.0064316034549847245,1323.0,1319.0,6.328561305999756,0.4989967346191406,6.8275580406188965,1282.0,1348.9458272327965
industrial_changeover,3416,684,1,Order1,684,3.17e-05,0.007952039828523993,1234.0,1218.0,5.70130467414856,0.46239137649536133,6.163696050643921,1210.0,1273.9020467836258
industrial_changeover,3417,684,2,Order2,684,3.168e-05,-0.003449188603553921,1174.0,1177.0,5.27420711517334,0.46723246574401855,5.741439580917358,1173.0,1226.4663742690059
industrial_changeover,3418,684,3,Order3,684,3.166e-05,0.016295534558594227,1169.0,1169.0,5.698559999465942,0.49265408515930176,6.191214084625244,1169.0,1193.2763157894738
industrial_changeover,3419,684,4,Order4,684,3.164e-05,0.021858757361769676,1260.0,1231.0,5.307554006576538,0.4298872947692871,5.737441301345825,1225.0,1262.0555555555557
industrial_changeover,3420,684,5,Order5,684,3.1620000000000006e-05,0.010299347806721926,1335.0,1319.0,6.2354302406311035,0.4985015392303467,6.73393177986145,1282.0,1348.9020467836258
industrial_changeover,3421,685,1,Order1,685,3.1599999999999996e-05,0.0038113833870738745,1241.0,1218.0,5.462362766265869,0.4502990245819092,5.912661790847778,1210.0,1273.8204379562044
industrial_changeover,3422,685,2,Order2,685,3.158e-05,-0.012187786167487502,1188.0,1177.0,5.332598924636841,0.41248369216918945,5.74508261680603,1173.0,1226.3941605839416
industrial_changeover,3423,685,3,Order3,685,3.156e-05,-0.009780912660062313,1169.0,1169.0,5.580657005310059,0.44037318229675293,6.0210301876068115,1169.0,1193.2408759124087
industrial_changeover,3424,685,4,Order4,685,3.154e-05,0.017448533326387405,1283.0,1231.0,5.413183212280273,0.4239521026611328,5.837135314941406,1225.0,1262.010218978102
industrial_changeover,3425,685,5,Order5,685,3.152e-05,0.0014696189609821886,1336.0,1319.0,6.346590280532837,0.4954688549041748,6.842059135437012,1282.0,1348.8583941605839
industrial_changeover,3426,686,1,Order1,686,3.149999999999999e-05,-0.02669912064447999,1218.0,1218.0,5.528811454772949,0.4360332489013672,5.964844703674316,1210.0,1273.7390670553937
industrial_changeover,3427,686,2,Order2,686,3.148e-05,0.06575869768857956,1254.0,1177.0,5.404274225234985,0.43139076232910156,5.835664987564087,1173.0,1226.3221574344022
industrial_changeover,3428,686,3,Order3,686,3.146e-05,-0.013623055769130588,1169.0,1169.0,5.748155117034912,0.4569525718688965,6.205107688903809,1169.0,1193.2055393586006
industrial_changeover,3429,686,4,Order4,686,3.1440000000000004e-05,-0.039568373933434486,1231.0,1231.0,5.251183748245239,0.41993093490600586,5.671114683151245,1225.0,1261.9650145772596
industrial_changeover,3430,686,5,Order5,686,3.142000000000001e-05,-0.01658469531685114,1319.0,1319.0,6.358874797821045,0.5049834251403809,6.863858222961426,1282.0,1348.8148688046647
industrial_changeover,3431,687,1,Order1,687,3.14e-05,-0.01484530814923346,1223.0,1218.0,5.761500358581543,0.4473259449005127,6.208826303482056,1210.0,1273.6579330422126
industrial_changeover,3432,687,2,Order2,687,3.138e-05,-0.008553149411454797,1173.0,1177.0,5.463750839233398,0.41604185104370117,5.8797926902771,1173.0,1226.250363901019
industrial_changeover,3433,687,3,Order3,687,3.136e-05,0.018543765880167484,1169.0,1169.0,5.663543462753296,0.4396240711212158,6.103167533874512,1169.0,1193.1703056768558
industrial_changeover,3434,687,4,Order4,687,3.134e-05,0.05517345108091831,1287.0,1231.0,5.328599214553833,0.41617631912231445,5.7447755336761475,1225.0,1261.919941775837
industrial_changeover,3435,687,5,Order5,687,3.1320000000000005e-05,-0.015506758587434888,1308.0,1319.0,6.3834452629089355,0.5039029121398926,6.887348175048828,1282.0,1348.7714701601165
industrial_changeover,3436,688,1,Order1,688,3.1299999999999995e-05,0.005943368771113455,1241.0,1218.0,5.635854005813599,0.4521901607513428,6.088044166564941,1210.0,1273.577034883721
industrial_changeover,3437,688,2,Order2,688,3.128e-05,-0.019041367806494236,1176.0,1177.0,5.408410549163818,0.44597673416137695,5.854387283325195,1173.0,1226.1787790697674
industrial_changeover,3438,688,3,Order3,688,3.126e-05,0.01694101933389902,1197.0,1169.0,5.901376962661743,0.48769307136535645,6.3890700340271,1169.0,1193.1351744186047
industrial_changeover,3439,688,4,Order4,688,3.1240000000000006e-05,-0.026594275142997503,1225.0,1231.0,5.493040084838867,0.41309356689453125,5.906133651733398,1225.0,1261.875
industrial_changeover,3440,688,5,Order5,688,3.122e-05,-0.04373389948159456,1272.0,1319.0,6.283867835998535,0.5306813716888428,6.814549207687378,1282.0,1348.7281976744187
industrial_changeover,3441,689,1,Order1,689,3.1200000000000006e-05,0.06111716851592064,1283.0,1218.0,5.599527359008789,0.43741703033447266,6.036944389343262,1210.0,1273.4963715529752
industrial_changeover,3442,689,2,Order2,689,3.1179999999999996e-05,0.037091909907758236,1208.0,1177.0,5.586784839630127,0.4404110908508301,6.027195930480957,1173.0,1226.1074020319304
industrial_changeover,3443,689,3,Order3,689,3.116e-05,-0.006900490145199001,1169.0,1169.0,5.806921720504761,0.4569685459136963,6.263890266418457,1169.0,1193.100145137881
industrial_changeover,3444,689,4,Order4,689,3.1140000000000003e-05,-0.02908990066498518,1231.0,1231.0,5.475340127944946,0.4268522262573242,5.9021923542022705,1225.0,1261.8301886792453
industrial_changeover,3445,689,5,Order5,689,3.112000000000001e-05,-0.05212354753166437,1275.0,1319.0,6.393732309341431,0.5144596099853516,6.908191919326782,1282.0,1348.6850507982583
industrial_changeover,3446,690,1,Order1,690,3.1100000000000004e-05,-0.005994449136778712,1225.0,1218.0,5.663895845413208,0.43585824966430664,6.099754095077515,1210.0,1273.4159420289855
industrial_changeover,3447,690,2,Order2,690,3.108e-05,0.0438014967367053,1208.0,1177.0,5.3994574546813965,0.43320465087890625,5.832662105560303,1173.0,1226.036231884058
industrial_changeover,3448,690,3,Order3,690,3.106e-05,0.028401007875800133,1182.0,1169.0,5.817492246627808,0.46978187561035156,6.287274122238159,1169.0,1193.0652173913043
industrial_changeover,3449,690,4,Order4,690,3.104e-05,0.03228042088449001,1262.0,1231.0,5.315206050872803,0.41359734535217285,5.728803396224976,1225.0,1261.7855072463767
industrial_changeover,3450,690,5,Order5,690,3.1020000000000005e-05,-0.0007083678356138989,1335.0,1319.0,6.389410495758057,0.5156741142272949,6.905084609985352,1282.0,1348.6420289855073
industrial_changeover,3451,691,1,Order1,691,3.100000000000001e-05,0.02533899899572134,1278.0,1218.0,5.659316539764404,0.4411158561706543,6.100432395935059,1210.0,1273.3357452966716
industrial_changeover,3452,691,2,Order2,691,3.098e-05,-0.038639442063868046,1177.0,1177.0,5.459151268005371,0.43300890922546387,5.892160177230835,1173.0,1225.9652677279305
industrial_changeover,3453,691,3,Order3,691,3.096e-05,-0.029894490726292133,1169.0,1169.0,5.567691326141357,0.4559659957885742,6.023657321929932,1169.0,1193.0303907380608
industrial_changeover,3454,691,4,Order4,691,3.0940000000000005e-05,-0.028376608155667782,1229.0,1231.0,5.2344841957092285,0.41356825828552246,5.648052453994751,1225.0,1261.740955137482
industrial_changeover,3455,691,5,Order5,691,3.092e-05,0.06281579844653606,1417.0,1319.0,6.204647541046143,0.5023086071014404,6.706956148147583,1282.0,1348.5991316931982
industrial_changeover,3456,692,1,Order1,692,3.0900000000000006e-05,0.045133001171052456,1284.0,1218.0,5.3831658363342285,0.45052409172058105,5.83368992805481,1210.0,1273.2557803468208
industrial_changeover,3457,692,2,Order2,692,3.0879999999999996e-05,-0.019882826134562492,1184.0,1177.0,5.513894319534302,0.4309043884277344,5.944798707962036,1173.0,1225.8945086705203
industrial_changeover,3458,692,3,Order3,692,3.086e-05,-0.012950248783454299,1180.0,1169.0,5.593823671340942,0.43878769874572754,6.03261137008667,1169.0,1192.9956647398844
industrial_changeover,3459,692,4,Order4,692,3.084e-05,-0.011976700276136398,1264.0,1231.0,5.249473810195923,0.42722415924072266,5.6766979694366455,1225.0,1261.6965317919075
industrial_changeover,3460,692,5,Order5,692,3.0820000000000006e-05,-0.022804394830018282,1323.0,1319.0,6.3026511669158936,0.5020792484283447,6.804730415344238,1282.0,1348.5563583815028
industrial_changeover,3461,693,1,Order1,693,3.08e-05,-0.02014653291553259,1225.0,1218.0,5.459681272506714,0.4392406940460205,5.898921966552734,1210.0,1273.1760461760462
industrial_changeover,3462,693,2,Order2,693,3.078e-05,0.02008289797231555,1204.0,1177.0,5.307519435882568,0.412916898727417,5.720436334609985,1173.0,1225.8239538239538
industrial_changeover,3463,693,3,Order3,693,3.076e-05,0.018877025693655014,1182.0,1169.0,5.559046745300293,0.42867231369018555,5.9877190589904785,1169.0,1192.9610389610389
industrial_changeover,3464,693,4,Order4,693,3.074e-05,-0.009745282121002674,1231.0,1231.0,5.23345685005188,0.4056220054626465,5.639078855514526,1225.0,1261.6522366522368
industrial_changeover,3465,693,5,Order5,693,3.0720000000000004e-05,0.0004971059825038537,1319.0,1319.0,6.111520290374756,0.4768075942993164,6.588327884674072,1282.0,1348.5137085137085
industrial_changeover,3466,694,1,Order1,694,3.070000000000001e-05,0.0015537248109467328,1230.0,1218.0,5.559062480926514,0.4222698211669922,5.981332302093506,1210.0,1273.0965417867435
industrial_changeover,3467,694,2,Order2,694,3.068e-05,-0.01768070785328746,1174.0,1177.0,5.161598205566406,0.42441773414611816,5.586015939712524,1173.0,1225.7536023054754
industrial_changeover,3468,694,3,Order3,694,3.066e-05,0.03919725492596626,1213.0,1169.0,5.776492357254028,0.4811849594116211,6.257677316665649,1169.0,1192.9265129682997
industrial_changeover,3469,694,4,Order4,694,3.0640000000000005e-05,0.006672603660263121,1249.0,1231.0,5.529599189758301,0.4308011531829834,5.960400342941284,1225.0,1261.608069164265
industrial_changeover,3470,694,5,Order5,694,3.062e-05,-0.012072528712451458,1323.0,1319.0,6.371126413345337,0.5211663246154785,6.892292737960815,1282.0,1348.471181556196
industrial_changeover,3471,695,1,Order1,695,3.0600000000000005e-05,-0.02227654866874218,1222.0,1218.0,5.468034982681274,0.42833876609802246,5.896373748779297,1210.0,1273.0172661870504
industrial_changeover,3472,695,2,Order2,695,3.0579999999999995e-05,-0.023914063349366188,1173.0,1177.0,5.600268602371216,0.43614912033081055,6.036417722702026,1173.0,1225.68345323741
industrial_changeover,3473,695,3,Order3,695,3.056e-05,-0.007974632550030947,1169.0,1169.0,6.058876991271973,0.4949612617492676,6.55383825302124,1169.0,1192.8920863309352
industrial_changeover,3474,695,4,Order4,695,3.054e-05,0.007740186294540763,1229.0,1231.0,5.4419708251953125,0.440673828125,5.8826446533203125,1225.0,1261.5640287769784
industrial_changeover,3475,695,5,Order5,695,3.0520000000000006e-05,-0.004181223921477795,1305.0,1319.0,6.865615367889404,0.5211312770843506,7.386746644973755,1282.0,1348.4287769784173
industrial_changeover,3476,696,1,Order1,696,3.0500000000000006e-05,0.01602557860314846,1220.0,1218.0,5.706770658493042,0.47591066360473633,6.182681322097778,1210.0,1272.9382183908046
industrial_changeover,3477,696,2,Order2,696,3.0479999999999996e-05,0.015451399609446526,1185.0,1177.0,5.37110161781311,0.41647958755493164,5.787581205368042,1173.0,1225.6135057471265
industrial_changeover,3478,696,3,Order3,696,3.046e-05,0.02974990103393793,1196.0,1169.0,5.7082061767578125,0.43979692459106445,6.148003101348877,1169.0,1192.8577586206898
industrial_changeover,3479,696,4,Order4,696,3.0440000000000003e-05,0.002787494915537536,1235.0,1231.0,5.276370525360107,0.4138767719268799,5.690247297286987,1225.0,1261.5201149425288
industrial_changeover,3480,696,5,Order5,696,3.0420000000000004e-05,0.0011415313056204468,1336.0,1319.0,6.289574384689331,0.4811866283416748,6.770761013031006,1282.0,1348.3864942528735
industrial_changeover,3481,697,1,Order1,697,3.0400000000000007e-05,0.027472611982375383,1275.0,1218.0,5.3713624477386475,0.4344480037689209,5.805810451507568,1210.0,1272.8593974175035
industrial_changeover,3482,697,2,Order2,697,3.0379999999999997e-05,-0.027288321405649185,1187.0,1177.0,5.481516361236572,0.42564845085144043,5.907164812088013,1173.0,1225.5437589670014
industrial_changeover,3483,697,3,Order3,697,3.036e-05,-0.034275878220796585,1169.0,1169.0,5.7274463176727295,0.45183706283569336,6.179283380508423,1169.0,1192.8235294117646
industrial_changeover,3484,697,4,Order4,697,3.034e-05,0.0025657425867393613,1262.0,1231.0,5.3717522621154785,0.4251737594604492,5.796926021575928,1225.0,1261.4763271162124
industrial_changeover,3485,697,5,Order5,697,3.0320000000000004e-05,-0.009239905280992389,1326.0,1319.0,6.211844444274902,0.493863582611084,6.705708026885986,1282.0,1348.3443328550932
industrial_changeover,3486,698,1,Order1,698,3.0300000000000005e-05,0.022867551539093256,1256.0,1218.0,5.551390171051025,0.4328486919403076,5.984238862991333,1210.0,1272.7808022922636
industrial_changeover,3487,698,2,Order2,698,3.0279999999999998e-05,-0.004505918361246586,1184.0,1177.0,5.454635381698608,0.4354126453399658,5.890048027038574,1173.0,1225.474212034384
industrial_changeover,3488,698,3,Order3,698,3.0259999999999998e-05,-0.008112565148621798,1169.0,1169.0,5.682870626449585,0.4539189338684082,6.136789560317993,1169.0,1192.7893982808023
industrial_changeover,3489,698,4,Order4,698,3.0240000000000002e-05,-0.01555331377312541,1225.0,1231.0,5.376149654388428,0.4197573661804199,5.795907020568848,1225.0,1261.432664756447
industrial_changeover,3490,698,5,Order5,698,3.0220000000000005e-05,-0.035710922442376614,1272.0,1319.0,6.31247878074646,0.4895210266113281,6.801999807357788,1282.0,1348.3022922636103
industrial_changeover,3491,699,1,Order1,699,3.0200000000000006e-05,0.06258879415690899,1280.0,1218.0,5.573544502258301,0.4568765163421631,6.030421018600464,1210.0,1272.7024320457797
industrial_changeover,3492,699,2,Order2,699,3.0179999999999996e-05,0.06699367985129356,1240.0,1177.0,5.465398550033569,0.41960978507995605,5.885008335113525,1173.0,1225.4048640915594
industrial_changeover,3493,699,3,Order3,699,3.016e-05,-0.008104333886876702,1169.0,1169.0,5.808220624923706,0.4393172264099121,6.247537851333618,1169.0,1192.755364806867
industrial_changeover,3494,699,4,Order4,699,3.0140000000000003e-05,-0.03405849449336529,1231.0,1231.0,5.50136399269104,0.4307734966278076,5.932137489318848,1225.0,1261.3891273247496
industrial_changeover,3495,699,5,Order5,699,3.0120000000000003e-05,-0.02909614471718669,1325.0,1319.0,6.403645753860474,0.5215957164764404,6.925241470336914,1282.0,1348.2603719599429
industrial_changeover,3496,700,1,Order1,700,3.0100000000000007e-05,-0.0025795032270252705,1241.0,1218.0,5.601485967636108,0.45813655853271484,6.059622526168823,1210.0,1272.6242857142856
industrial_changeover,3497,700,2,Order2,700,3.0079999999999997e-05,-0.016011808067560196,1173.0,1177.0,5.541538953781128,0.44428110122680664,5.985820055007935,1173.0,1225.3357142857142
industrial_changeover,3498,700,3,Order3,700,3.006e-05,0.007800116436555982,1175.0,1169.0,5.825766563415527,0.4577291011810303,6.283495664596558,1169.0,1192.7214285714285
industrial_changeover,3499,700,4,Order4,700,3.004e-05,0.03058098955079913,1266.0,1231.0,5.341007471084595,0.4435296058654785,5.784537076950073,1225.0,1261.3457142857144
industrial_changeover,3500,700,5,Order5,700,3.0020000000000004e-05,-0.03694270923733711,1271.0,1319.0,6.362439393997192,0.5109648704528809,6.873404264450073,1282.0,1348.2185714285715
industrial_changeover,3501,701,1,Order1,701,3.0000000000000008e-05,0.031857023015618324,1256.0,1218.0,5.550816059112549,0.44119977951049805,5.992015838623047,1210.0,1272.5463623395149
industrial_changeover,3502,701,2,Order2,701,2.9979999999999998e-05,-0.004521552240476012,1173.0,1177.0,5.350779294967651,0.41904354095458984,5.769822835922241,1173.0,1225.2667617689015
industrial_changeover,3503,701,3,Order3,701,2.9959999999999998e-05,-0.00013060073979431763,1169.0,1169.0,5.684347629547119,0.4588470458984375,6.143194675445557,1169.0,1192.6875891583452
industrial_changeover,3504,701,4,Order4,701,2.994e-05,0.02101186802610755,1266.0,1231.0,5.393313407897949,0.42888402938842773,5.822197437286377,1225.0,1261.30242510699
industrial_changeover,3505,701,5,Order5,701,2.9920000000000005e-05,-0.00039452144119422883,1319.0,1319.0,6.325254917144775,0.5071227550506592,6.832377672195435,1282.0,1348.1768901569187
industrial_changeover,3506,702,1,Order1,702,2.9900000000000005e-05,-0.011600416619330645,1224.0,1218.0,5.745688438415527,0.4406156539916992,6.186304092407227,1210.0,1272.468660968661
industrial_changeover,3507,702,2,Order2,702,2.988e-05,0.01898125186562538,1207.0,1177.0,5.439556121826172,0.4608466625213623,5.900402784347534,1173.0,1225.1980056980058
industrial_changeover,3508,702,3,Order3,702,2.986e-05,-0.008320016553625464,1169.0,1169.0,6.075411081314087,0.47214484214782715,6.547555923461914,1169.0,1192.6538461538462
industrial_changeover,3509,702,4,Order4,702,2.9840000000000002e-05,0.003963377675972879,1264.0,1231.0,5.811781883239746,0.4398336410522461,6.251615524291992,1225.0,1261.2592592592594
industrial_changeover,3510,702,5,Order5,702,2.9820000000000002e-05,-0.0010603278933558613,1336.0,1319.0,6.443246126174927,0.5071029663085938,6.9503490924835205,1282.0,1348.1353276353277
industrial_changeover,3511,703,1,Order1,703,2.9800000000000006e-05,-0.018926448188722134,1223.0,1218.0,5.534189224243164,0.4371931552886963,5.97138237953186,1210.0,1272.3911806543385
industrial_changeover,3512,703,2,Order2,703,2.9779999999999996e-05,-0.015245170798152685,1173.0,1177.0,5.5292253494262695,0.44368577003479004,5.97291111946106,1173.0,1225.1294452347083
industrial_changeover,3513,703,3,Order3,703,2.976e-05,0.0023262150934897363,1169.0,1169.0,5.637317657470703,0.4519927501678467,6.08931040763855,1169.0,1192.620199146515
industrial_changeover,3514,703,4,Order4,703,2.974e-05,0.02043663803488016,1260.0,1231.0,5.30470609664917,0.4312152862548828,5.735921382904053,1225.0,1261.2162162162163
industrial_changeover,3515,703,5,Order5,703,2.9720000000000003e-05,0.01671603973954916,1338.0,1319.0,6.447657108306885,0.5757668018341064,7.023423910140991,1282.0,1348.0938833570412
industrial_changeover,3516,704,1,Order1,704,2.9700000000000007e-05,-0.00339602492749691,1224.0,1218.0,5.4726479053497314,0.42452454566955566,5.897172451019287,1210.0,1272.3139204545455
industrial_changeover,3517,704,2,Order2,704,2.9679999999999997e-05,-0.010051131946966052,1177.0,1177.0,5.294145107269287,0.42779970169067383,5.721944808959961,1173.0,1225.0610795454545
industrial_changeover,3518,704,3,Order3,704,2.9659999999999997e-05,-0.0016847774968482554,1169.0,1169.0,5.7631120681762695,0.4400160312652588,6.203128099441528,1169.0,1192.5866477272727
industrial_changeover,3519,704,4,Order4,704,2.964e-05,-0.020031899213790894,1225.0,1231.0,5.254144191741943,0.4171450138092041,5.6712892055511475,1225.0,1261.1732954545455
industrial_changeover,3520,704,5,Order5,704,2.9620000000000004e-05,0.010423230705782771,1338.0,1319.0,6.149043798446655,0.5022785663604736,6.651322364807129,1282.0,1348.0525568181818
industrial_changeover,3521,705,1,Order1,705,2.9600000000000005e-05,0.019628879614174366,1241.0,1218.0,5.336208343505859,0.42287230491638184,5.759080648422241,1210.0,1272.2368794326242
industrial_changeover,3522,705,2,Order2,705,2.9579999999999998e-05,-0.005682239541783929,1174.0,1177.0,5.1727941036224365,0.4052150249481201,5.578009128570557,1173.0,1224.9929078014184
industrial_changeover,3523,705,3,Order3,705,2.9559999999999998e-05,0.017531696241348982,1182.0,1169.0,5.4678955078125,0.44931507110595703,5.917210578918457,1169.0,1192.5531914893618
industrial_changeover,3524,705,4,Order4,705,2.9540000000000002e-05,0.0025646593421697617,1249.0,1231.0,5.1744914054870605,0.4141209125518799,5.58861231803894,1225.0,1261.1304964539006
industrial_changeover,3525,705,5,Order5,705,2.9520000000000002e-05,-0.023331831209361553,1308.0,1319.0,6.136747121810913,0.5004892349243164,6.6372363567352295,1282.0,1348.0113475177304
industrial_changeover,3526,706,1,Order1,706,2.9500000000000006e-05,-0.011584837920963764,1223.0,1218.0,5.599336385726929,0.45899128913879395,6.058327674865723,1210.0,1272.1600566572238
industrial_changeover,3527,706,2,Order2,706,2.9479999999999996e-05,-0.0010431970295030624,1183.0,1177.0,5.506483316421509,0.43021416664123535,5.936697483062744,1173.0,1224.9249291784702
industrial_changeover,3528,706,3,Order3,706,2.946e-05,0.014650058466941118,1182.0,1169.0,5.843772888183594,0.4744701385498047,6.318243026733398,1169.0,1192.5198300283287
industrial_changeover,3529,706,4,Order4,706,2.944e-05,0.0255449996329844,1266.0,1231.0,5.294742584228516,0.40642714500427246,5.701169729232788,1225.0,1261.087818696884
industrial_changeover,3530,706,5,Order5,706,2.9420000000000003e-05,-0.01049119234085083,1316.0,1319.0,6.177962064743042,0.5426831245422363,6.720645189285278,1282.0,1347.970254957507
industrial_changeover,3531,707,1,Order1,707,2.9400000000000007e-05,-0.013306986074894667,1223.0,1218.0,5.960508584976196,0.4440627098083496,6.404571294784546,1210.0,1272.0834512022632
industrial_changeover,3532,707,2,Order2,707,2.9379999999999997e-05,0.014635845553129911,1204.0,1177.0,5.47417950630188,0.4557375907897949,5.929917097091675,1173.0,1224.857142857143
industrial_changeover,3533,707,3,Order3,707,2.936e-05,-0.009841621620580554,1169.0,1169.0,5.583754777908325,0.5069239139556885,6.090678691864014,1169.0,1192.4865629420085
industrial_changeover,3534,707,4,Order4,707,2.934e-05,0.008849696023389697,1260.0,1231.0,5.556056499481201,0.4550306797027588,6.01108717918396,1225.0,1261.045261669024
industrial_changeover,3535,707,5,Order5,707,2.9320000000000004e-05,-0.008069524774327874,1326.0,1319.0,6.435010671615601,0.4922652244567871,6.927275896072388,1282.0,1347.92927864215
industrial_changeover,3536,708,1,Order1,708,2.9300000000000004e-05,-0.006399448961019516,1227.0,1218.0,5.425034999847412,0.43180322647094727,5.856838226318359,1210.0,1272.0070621468926
industrial_changeover,3537,708,2,Order2,708,2.9279999999999997e-05,-0.009383317083120346,1176.0,1177.0,5.241112470626831,0.4166841506958008,5.657796621322632,1173.0,1224.7895480225989
industrial_changeover,3538,708,3,Order3,708,2.9259999999999998e-05,0.0014528556785080582,1169.0,1169.0,5.615329027175903,0.4549076557159424,6.070236682891846,1169.0,1192.4533898305085
industrial_changeover,3539,708,4,Order4,708,2.924e-05,0.02882508747279644,1264.0,1231.0,5.347045183181763,0.4306807518005371,5.7777259349823,1225.0,1261.002824858757
industrial_changeover,3540,708,5,Order5,708,2.922e-05,0.023253428284078836,1351.0,1319.0,6.259947776794434,0.49051666259765625,6.75046443939209,1282.0,1347.888418079096
industrial_changeover,3541,709,1,Order1,709,2.9200000000000005e-05,0.034771012142300606,1280.0,1218.0,5.384700775146484,0.4302487373352051,5.8149495124816895,1210.0,1271.9308885754583
industrial_changeover,3542,709,2,Order2,709,2.9179999999999995e-05,-0.03396276105195284,1173.0,1177.0,5.461906671524048,0.4316096305847168,5.893516302108765,1173.0,1224.7221438645981
industrial_changeover,3543,709,3,Order3,709,2.916e-05,-0.017811014782637358,1180.0,1169.0,5.7012951374053955,0.4602482318878174,6.161543369293213,1169.0,1192.420310296192
industrial_changeover,3544,709,4,Order4,709,2.9140000000000002e-05,-0.010207518935203552,1266.0,1231.0,5.217696905136108,0.43058037757873535,5.648277282714844,1225.0,1260.9605077574047
industrial_changeover,3545,709,5,Order5,709,2.9120000000000002e-05,-0.01684147445484996,1319.0,1319.0,6.354355335235596,0.49518442153930664,6.849539756774902,1282.0,1347.8476727785614
industrial_changeover,3546,710,1,Order1,710,2.9100000000000006e-05,-0.014437781414017081,1225.0,1218.0,5.481337547302246,0.4495718479156494,5.9309093952178955,1210.0,1271.8549295774649
industrial_changeover,3547,710,2,Order2,710,2.9079999999999996e-05,0.060001030564308167,1244.0,1177.0,5.376867055892944,0.42803239822387695,5.804899454116821,1173.0,1224.6549295774648
industrial_changeover,3548,710,3,Order3,710,2.906e-05,0.004523941315710545,1175.0,1169.0,5.606891393661499,0.4512171745300293,6.058108568191528,1169.0,1192.387323943662
industrial_changeover,3549,710,4,Order4,710,2.904e-05,0.005715071107260883,1266.0,1231.0,5.333951950073242,0.4186439514160156,5.752595901489258,1225.0,1260.918309859155
industrial_changeover,3550,710,5,Order5,710,2.9020000000000003e-05,-0.013514720369130373,1320.0,1319.0,6.357659339904785,0.514427661895752,6.872087001800537,1282.0,1347.807042253521
industrial_changeover,3551,711,1,Order1,711,2.9000000000000004e-05,-0.022997750900685787,1223.0,1218.0,5.613011837005615,0.44231176376342773,6.055323600769043,1210.0,1271.7791842475388
industrial_changeover,3552,711,2,Order2,711,2.8979999999999997e-05,-0.017496067564934492,1177.0,1177.0,5.303649187088013,0.41107749938964844,5.714726686477661,1173.0,1224.5879043600562
industrial_changeover,3553,711,3,Order3,711,2.8959999999999997e-05,-0.0016214234055951238,1169.0,1169.0,5.780843734741211,0.4641249179840088,6.24496865272522,1169.0,1192.3544303797469
industrial_changeover,3554,711,4,Order4,711,2.894e-05,-0.0067510055378079414,1231.0,1231.0,5.442282199859619,0.4329719543457031,5.875254154205322,1225.0,1260.8762306610408
industrial_changeover,3555,711,5,Order5,711,2.8920000000000004e-05,0.035105856135487556,1351.0,1319.0,6.425282955169678,0.49943995475769043,6.924722909927368,1282.0,1347.7665260196907
industrial_changeover,3556,712,1,Order1,712,2.8900000000000005e-05,0.005769411684013903,1225.0,1218.0,5.524892568588257,0.4568042755126953,5.981696844100952,1210.0,1271.7036516853932
industrial_changeover,3557,712,2,Order2,712,2.8879999999999995e-05,0.05066125374287367,1241.0,1177.0,5.430683374404907,0.43688464164733887,5.867568016052246,1173.0,1224.5210674157304
industrial_changeover,3558,712,3,Order3,712,2.8859999999999998e-05,-0.01477617840282619,1169.0,1169.0,5.772040605545044,0.45804357528686523,6.230084180831909,1169.0,1192.3216292134832
industrial_changeover,3559,712,4,Order4,712,2.8840000000000002e-05,-0.009457855252549052,1266.0,1231.0,5.463971853256226,0.4363136291503906,5.900285482406616,1225.0,1260.8342696629213
industrial_changeover,3560,712,5,Order5,712,2.8820000000000002e-05,-0.017105604987591505,1339.0,1319.0,6.35892391204834,0.49563026428222656,6.854554176330566,1282.0,1347.7261235955057
industrial_changeover,3561,713,1,Order1,713,2.8800000000000005e-05,-0.02527326298877597,1225.0,1218.0,5.570146560668945,0.43558478355407715,6.0057313442230225,1210.0,1271.6283309957923
industrial_changeover,3562,713,2,Order2,713,2.8779999999999996e-05,0.014404294779524207,1208.0,1177.0,5.443357944488525,0.43150758743286133,5.874865531921387,1173.0,1224.454417952314
industrial_changeover,3563,713,3,Order3,713,2.876e-05,-0.004485788871534169,1169.0,1169.0,5.800246953964233,0.46110105514526367,6.261348009109497,1169.0,1192.288920056101
industrial_changeover,3564,713,4,Order4,713,2.874e-05,0.022662308998405933,1264.0,1231.0,5.315039396286011,0.43761396408081055,5.752653360366821,1225.0,1260.7924263674615
industrial_changeover,3565,713,5,Order5,713,2.8720000000000003e-05,-0.043342046439647675,1272.0,1319.0,6.680571556091309,0.5151565074920654,7.195728063583374,1282.0,1347.6858345021037
industrial_changeover,3566,714,1,Order1,714,2.8700000000000003e-05,0.00321077584521845,1230.0,1218.0,5.700406551361084,0.4564054012298584,6.156811952590942,1210.0,1271.5532212885155
industrial_changeover,3567,714,2,Order2,714,2.8680000000000007e-05,0.03499974403530359,1207.0,1177.0,5.677752494812012,0.4301936626434326,6.107946157455444,1173.0,1224.3879551820728
industrial_changeover,3568,714,3,Order3,714,2.8659999999999997e-05,0.008572445251047611,1169.0,1169.0,5.972030878067017,0.48487162590026855,6.456902503967285,1169.0,1192.2563025210084
industrial_changeover,3569,714,4,Order4,714,2.864e-05,0.00845876894891262,1260.0,1231.0,5.450446605682373,0.4182441234588623,5.868690729141235,1225.0,1260.7507002801121
industrial_changeover,3570,714,5,Order5,714,2.8620000000000004e-05,-0.010897437576204538,1319.0,1319.0,6.15929913520813,0.5310828685760498,6.69038200378418,1282.0,1347.6456582633052
industrial_changeover,3571,715,1,Order1,715,2.8600000000000004e-05,-0.0042756046168506145,1232.0,1218.0,5.503659963607788,0.4244256019592285,5.928085565567017,1210.0,1271.4783216783217
industrial_changeover,3572,715,2,Order2,715,2.8580000000000008e-05,0.012365264818072319,1205.0,1177.0,5.25278902053833,0.4319121837615967,5.684701204299927,1173.0,1224.3216783216783
industrial_changeover,3573,715,3,Order3,715,2.8559999999999998e-05,-0.00514991267118603,1175.0,1169.0,5.650561094284058,0.4428684711456299,6.0934295654296875,1169.0,1192.2237762237762
industrial_changeover,3574,715,4,Order4,715,2.854e-05,-0.004705506493337452,1253.0,1231.0,5.262205362319946,0.42296719551086426,5.6851725578308105,1225.0,1260.709090909091
industrial_changeover,3575,715,5,Order5,715,2.852e-05,-0.007061365409754217,1320.0,1336.0,6.093371629714966,0.5179252624511719,6.611296892166138,1282.0,1347.6293706293707
industrial_changeover,3576,716,1,Order1,716,2.8500000000000005e-05,0.015849123243242502,1256.0,1218.0,5.5456764698028564,0.42860841751098633,5.974284887313843,1210.0,1271.4036312849162
industrial_changeover,3577,716,2,Order2,716,2.8480000000000005e-05,-0.008686540415510535,1188.0,1177.0,5.323588132858276,0.4226953983306885,5.746283531188965,1173.0,1224.2555865921788
industrial_changeover,3578,716,3,Order3,716,2.846e-05,-0.002073883602861315,1175.0,1169.0,5.753157377243042,0.4411163330078125,6.1942737102508545,1169.0,1192.191340782123
industrial_changeover,3579,716,4,Order4,716,2.844e-05,0.01015998050570488,1264.0,1231.0,5.175319671630859,0.41156601905822754,5.586885690689087,1225.0,1260.667597765363
industrial_changeover,3580,716,5,Order5,716,2.8420000000000002e-05,-0.0138195448089391,1323.0,1319.0,6.084577322006226,0.4935426712036133,6.578119993209839,1282.0,1347.5893854748604
industrial_changeover,3581,717,1,Order1,717,2.8400000000000006e-05,0.01645901706069708,1259.0,1218.0,5.33378267288208,0.44464635848999023,5.77842903137207,1210.0,1271.329149232915
industrial_changeover,3582,717,2,Order2,717,2.8380000000000006e-05,-0.020501354709267616,1173.0,1177.0,5.223979234695435,0.4189300537109375,5.642909288406372,1173.0,1224.189679218968
industrial_changeover,3583,717,3,Order3,717,2.8359999999999996e-05,-0.0027593611157499254,1169.0,1169.0,5.52570104598999,0.4374392032623291,5.963140249252319,1169.0,1192.1589958158995
industrial_changeover,3584,717,4,Order4,717,2.834e-05,0.009883023332804441,1266.0,1231.0,5.2556164264678955,0.4433290958404541,5.69894552230835,1225.0,1260.626220362622
industrial_changeover,3585,717,5,Order5,717,2.8320000000000003e-05,-0.001115701801609248,1323.0,1319.0,6.266043663024902,0.5064191818237305,6.772462844848633,1282.0,1347.549511854951
industrial_changeover,3586,718,1,Order1,718,2.8300000000000003e-05,0.047206057235598564,1280.0,1218.0,5.421618938446045,0.448028564453125,5.86964750289917,1210.0,1271.2548746518105
industrial_changeover,3587,718,2,Order2,718,2.8280000000000007e-05,-0.0209557362832129,1173.0,1177.0,5.5675048828125,0.4522857666015625,6.0197906494140625,1173.0,1224.123955431755
industrial_changeover,3588,718,3,Order3,718,2.8259999999999997e-05,-1.5271842130459845e-05,1182.0,1169.0,6.026232957839966,0.4803178310394287,6.5065507888793945,1169.0,1192.1267409470752
industrial_changeover,3589,718,4,Order4,718,2.824e-05,0.008391280192881823,1287.0,1231.0,5.870458126068115,0.45256590843200684,6.323024034500122,1225.0,1260.5849582172702
industrial_changeover,3590,718,5,Order5,718,2.822e-05,-0.018990763928741217,1326.0,1319.0,6.374109506607056,0.5389063358306885,6.913015842437744,1282.0,1347.5097493036212
industrial_changeover,3591,719,1,Order1,719,2.8200000000000004e-05,-0.02923462074249983,1223.0,1218.0,5.577875852584839,0.47925686836242676,6.057132720947266,1210.0,1271.1808066759388
industrial_changeover,3592,719,2,Order2,719,2.8180000000000008e-05,0.017949766479432583,1207.0,1177.0,5.47843599319458,0.4575529098510742,5.935988903045654,1173.0,1224.058414464534
industrial_changeover,3593,719,3,Order3,719,2.8159999999999998e-05,0.0038591406191699207,1169.0,1169.0,5.892813205718994,0.46156954765319824,6.354382753372192,1169.0,1192.0945757997217
industrial_changeover,3594,719,4,Order4,719,2.8139999999999998e-05,-0.020949616096913815,1231.0,1231.0,5.2568206787109375,0.4081583023071289,5.664978981018066,1225.0,1260.5438108484007
industrial_changeover,3595,719,5,Order5,719,2.8120000000000002e-05,0.011357595445588231,1334.0,1336.0,6.188431978225708,0.4867360591888428,6.675168037414551,1282.0,1347.4937413073712
industrial_changeover,3596,720,1,Order1,720,2.8100000000000005e-05,-0.0011478055967018008,1224.0,1218.0,5.461819171905518,0.4397871494293213,5.901606321334839,1210.0,1271.1069444444445
industrial_changeover,3597,720,2,Order2,720,2.8080000000000006e-05,0.034917247481644154,1207.0,1177.0,5.331890344619751,0.4483325481414795,5.7802228927612305,1173.0,1223.9930555555557
industrial_changeover,3598,720,3,Order3,720,2.806e-05,0.004620529129169881,1169.0,1169.0,5.531671047210693,0.4367644786834717,5.968435525894165,1169.0,1192.0625
industrial_changeover,3599,720,4,Order4,720,2.804e-05,-0.0255468119867146,1229.0,1231.0,5.274448871612549,0.4372825622558594,5.711731433868408,1225.0,1260.5027777777777
industrial_changeover,3600,720,5,Order5,720,2.8020000000000003e-05,-0.043434216640889645,1275.0,1336.0,6.285440444946289,0.48477625846862793,6.770216703414917,1282.0,1347.4777777777779
industrial_changeover,3601,721,1,Order1,721,2.8000000000000003e-05,0.08162701688706875,1327.0,1218.0,5.535998821258545,0.43627285957336426,5.972271680831909,1210.0,1271.0332871012483
industrial_changeover,3602,721,2,Order2,721,2.7980000000000007e-05,0.0023299361346289515,1188.0,1177.0,5.30960488319397,0.4101276397705078,5.7197325229644775,1173.0,1223.9278779472954
industrial_changeover,3603,721,3,Order3,721,2.7959999999999997e-05,0.01271143346093595,1196.0,1169.0,5.682016372680664,0.45233845710754395,6.134354829788208,1169.0,1192.0305131761443
industrial_changeover,3604,721,4,Order4,721,2.794e-05,0.0037108283722773194,1285.0,1225.0,5.34586501121521,0.41460394859313965,5.76046895980835,1225.0,1260.4535367545077
industrial_changeover,3605,721,5,Order5,721,2.792e-05,-0.04580786172300577,1304.0,1319.0,6.2266716957092285,0.4951009750366211,6.72177267074585,1282.0,1347.4382801664356
industrial_changeover,3606,722,1,Order1,722,2.7900000000000004e-05,0.018598534166812897,1280.0,1218.0,5.532233476638794,0.4337780475616455,5.9660115242004395,1210.0,1270.9598337950138
industrial_changeover,3607,722,2,Order2,722,2.7880000000000008e-05,0.005939044174738228,1208.0,1177.0,5.337410926818848,0.4169492721557617,5.754360198974609,1173.0,1223.8628808864266
industrial_changeover,3608,722,3,Order3,722,2.7859999999999998e-05,-0.01747794495895505,1169.0,1169.0,5.660350561141968,0.4533219337463379,6.113672494888306,1169.0,1191.9986149584488
industrial_changeover,3609,722,4,Order4,722,2.7839999999999998e-05,-0.010155013762414455,1264.0,1231.0,5.353256940841675,0.4160892963409424,5.769346237182617,1225.0,1260.4127423822715
industrial_changeover,3610,722,5,Order5,722,2.782e-05,-0.013877531746402383,1315.0,1319.0,6.387298107147217,0.4937911033630371,6.881089210510254,1282.0,1347.398891966759
industrial_changeover,3611,723,1,Order1,723,2.7800000000000005e-05,-0.013600253500044346,1225.0,1218.0,5.566427707672119,0.43227624893188477,5.998703956604004,1210.0,1270.886583679115
industrial_changeover,3612,723,2,Order2,723,2.7780000000000005e-05,0.00024285847757710144,1177.0,1177.0,5.36772608757019,0.4388141632080078,5.806540250778198,1173.0,1223.7980636237899
industrial_changeover,3613,723,3,Order3,723,2.776e-05,0.012367903022095561,1169.0,1169.0,5.696226119995117,0.44638657569885254,6.14261269569397,1169.0,1191.966804979253
industrial_changeover,3614,723,4,Order4,723,2.774e-05,0.02110899705439806,1264.0,1231.0,5.430870771408081,0.4357750415802002,5.866645812988281,1225.0,1260.3720608575381
industrial_changeover,3615,723,5,Order5,723,2.7720000000000002e-05,0.011633781250566244,1327.0,1319.0,6.296539783477783,0.4929325580596924,6.789472341537476,1282.0,1347.3596127247579
industrial_changeover,3616,724,1,Order1,724,2.7700000000000002e-05,0.04787681717425585,1283.0,1218.0,5.643603086471558,0.4353611469268799,6.0789642333984375,1210.0,1270.8135359116022
industrial_changeover,3617,724,2,Order2,724,2.7680000000000006e-05,0.015189687721431255,1208.0,1177.0,5.3549275398254395,0.42371273040771484,5.778640270233154,1173.0,1223.7334254143645
industrial_changeover,3618,724,3,Order3,724,2.7659999999999996e-05,-0.02503696270287037,1169.0,1169.0,5.81890606880188,0.4642035961151123,6.283109664916992,1169.0,1191.9350828729282
industrial_changeover,3619,724,4,Order4,724,2.764e-05,-0.028716293163597584,1264.0,1231.0,5.393097162246704,0.4237642288208008,5.816861391067505,1225.0,1260.3314917127072
industrial_changeover,3620,724,5,Order5,724,2.762e-05,-0.061823674477636814,1275.0,1319.0,6.395207166671753,0.507824182510376,6.903031349182129,1282.0,1347.3204419889503
industrial_changeover,3621,725,1,Order1,725,2.7600000000000003e-05,-0.020005826838314533,1223.0,1218.0,5.614900827407837,0.4633471965789795,6.078248023986816,1210.0,1270.7406896551724
industrial_changeover,3622,725,2,Order2,725,2.7580000000000007e-05,0.010231336345896125,1177.0,1177.0,5.413825035095215,0.43479275703430176,5.848617792129517,1173.0,1223.6689655172413
industrial_changeover,3623,725,3,Order3,725,2.7559999999999997e-05,0.03605356067419052,1169.0,1169.0,5.784134149551392,0.4801318645477295,6.264266014099121,1169.0,1191.903448275862
industrial_changeover,3624,725,4,Order4,725,2.754e-05,0.005080434144474566,1225.0,1231.0,5.515885591506958,0.45226550102233887,5.968151092529297,1225.0,1260.2910344827587
industrial_changeover,3625,725,5,Order5,725,2.752e-05,0.024003397207707167,1326.0,1319.0,6.771939277648926,0.5601658821105957,7.3321051597595215,1282.0,1347.2813793103448
industrial_changeover,3626,726,1,Order1,726,2.7500000000000004e-05,0.048022775910794735,1275.0,1218.0,5.917895793914795,0.462604284286499,6.380500078201294,1210.0,1270.668044077135
industrial_changeover,3627,726,2,Order2,726,2.7480000000000005e-05,-0.004543400602415204,1185.0,1177.0,5.749778747558594,0.45890188217163086,6.208680629730225,1173.0,1223.6046831955923
industrial_changeover,3628,726,3,Order3,726,2.7459999999999998e-05,-0.018450400326400995,1169.0,1169.0,5.593724012374878,0.4361226558685303,6.029846668243408,1169.0,1191.8719008264463
industrial_changeover,3629,726,4,Order4,726,2.7439999999999998e-05,-0.04070992674678564,1231.0,1231.0,5.189637660980225,0.4148738384246826,5.604511499404907,1225.0,1260.250688705234
industrial_changeover,3630,726,5,Order5,726,2.7420000000000002e-05,-0.012625224888324738,1323.0,1319.0,6.3126304149627686,0.4844372272491455,6.797067642211914,1282.0,1347.2424242424242
industrial_changeover,3631,727,1,Order1,727,2.7400000000000002e-05,-0.017760103568434715,1218.0,1218.0,5.4671642780303955,0.4179041385650635,5.885068416595459,1210.0,1270.595598349381
industrial_changeover,3632,727,2,Order2,727,2.7380000000000006e-05,0.005268814391456544,1177.0,1177.0,5.175746440887451,0.4164454936981201,5.592191934585571,1173.0,1223.5405777166438
industrial_changeover,3633,727,3,Order3,727,2.7359999999999996e-05,0.03311890363693237,1180.0,1169.0,5.761137247085571,0.4344351291656494,6.195572376251221,1169.0,1191.8404401650619
industrial_changeover,3634,727,4,Order4,727,2.734e-05,0.028644914738833904,1264.0,1231.0,5.221818447113037,0.404801607131958,5.626620054244995,1225.0,1260.21045392022
industrial_changeover,3635,727,5,Order5,727,2.7320000000000003e-05,0.006960041238926351,1324.0,1319.0,6.231994152069092,0.48093485832214355,6.712929010391235,1282.0,1347.203576341128
industrial_changeover,3636,728,1,Order1,728,2.7300000000000003e-05,0.03330889716744423,1280.0,1218.0,5.330024480819702,0.4383697509765625,5.768394231796265,1210.0,1270.5233516483515
industrial_changeover,3637,728,2,Order2,728,2.7280000000000006e-05,-0.02099692402407527,1185.0,1177.0,5.498648166656494,0.47167134284973145,5.970319509506226,1173.0,1223.4766483516485
industrial_changeover,3638,728,3,Order3,728,2.7259999999999997e-05,-0.02828667126595974,1175.0,1169.0,5.733787536621094,0.42897796630859375,6.1627655029296875,1169.0,1191.809065934066
industrial_changeover,3639,728,4,Order4,728,2.724e-05,-0.03434628713876009,1235.0,1231.0,5.066673517227173,0.4018867015838623,5.468560218811035,1225.0,1260.1703296703297
industrial_changeover,3640,728,5,Order5,728,2.722e-05,-0.02502298168838024,1305.0,1319.0,6.1948511600494385,0.4826774597167969,6.677528619766235,1282.0,1347.1648351648353
industrial_changeover,3641,729,1,Order1,729,2.7200000000000004e-05,-0.005689760087989271,1218.0,1218.0,5.324965476989746,0.4119727611541748,5.736938238143921,1210.0,1270.4513031550068
industrial_changeover,3642,729,2,Order2,729,2.7180000000000004e-05,0.020466369576752186,1184.0,1177.0,5.42779016494751,0.4049980640411377,5.8327882289886475,1173.0,1223.4128943758574
industrial_changeover,3643,729,3,Order3,729,2.7159999999999997e-05,0.037377770990133286,1182.0,1169.0,6.098468542098999,0.480832576751709,6.579301118850708,1169.0,1191.7777777777778
industrial_changeover,3644,729,4,Order4,729,2.7139999999999998e-05,0.0051241605542600155,1231.0,1231.0,5.5010669231414795,0.44750070571899414,5.948567628860474,1225.0,1260.1303155006858
industrial_changeover,3645,729,5,Order5,729,2.712e-05,-0.030018843710422516,1271.0,1319.0,6.626946687698364,0.5178124904632568,7.144759178161621,1282.0,1347.1262002743483
industrial_changeover,3646,730,1,Order1,730,2.7100000000000005e-05,0.054656908847391605,1278.0,1218.0,5.776750802993774,0.4338681697845459,6.21061897277832,1210.0,1270.3794520547945
industrial_changeover,3647,730,2,Order2,730,2.7080000000000005e-05,0.025913129560649395,1205.0,1177.0,5.61876106262207,0.4271669387817383,6.045928001403809,1173.0,1223.349315068493
industrial_changeover,3648,730,3,Order3,730,2.7059999999999995e-05,-0.01366973645053804,1175.0,1169.0,5.7108378410339355,0.47705888748168945,6.187896728515625,1169.0,1191.7465753424658
industrial_changeover,3649,730,4,Order4,730,2.704e-05,-0.005238941288553178,1262.0,1231.0,5.484602451324463,0.45067429542541504,5.935276746749878,1225.0,1260.0904109589042
industrial_changeover,3650,730,5,Order5,730,2.7020000000000002e-05,-0.008184093981981277,1335.0,1319.0,6.514187574386597,0.5434346199035645,7.057622194290161,1282.0,1347.0876712328768
industrial_changeover,3651,731,1,Order1,731,2.7000000000000002e-05,0.01662735128775239,1275.0,1218.0,5.635032653808594,0.4680204391479492,6.103053092956543,1210.0,1270.3077975376198
industrial_changeover,3652,731,2,Order2,731,2.6980000000000006e-05,-0.026745743583887815,1177.0,1177.0,5.382968425750732,0.41671109199523926,5.799679517745972,1173.0,1223.2859097127223
industrial_changeover,3653,731,3,Order3,731,2.6959999999999996e-05,-0.02355510275810957,1169.0,1169.0,5.680065155029297,0.4464097023010254,6.126474857330322,1169.0,1191.7154582763337
industrial_changeover,3654,731,4,Order4,731,2.694e-05,0.001774840522557497,1264.0,1231.0,5.246031045913696,0.4204428195953369,5.666473865509033,1225.0,1260.0506155950752
industrial_changeover,3655,731,5,Order5,731,2.692e-05,0.006297841086052358,1335.0,1319.0,6.280380487442017,0.5008881092071533,6.78126859664917,1282.0,1347.0492476060192
industrial_changeover,3656,732,1,Order1,732,2.6900000000000003e-05,-0.006285163457505405,1225.0,1218.0,5.567587375640869,0.4412558078765869,6.008843183517456,1210.0,1270.2363387978141
industrial_changeover,3657,732,2,Order2,732,2.6880000000000004e-05,0.009439834393560886,1188.0,1177.0,5.435297966003418,0.43243861198425293,5.867736577987671,1173.0,1223.2226775956285
industrial_changeover,3658,732,3,Order3,732,2.6859999999999997e-05,0.002822269219905138,1169.0,1169.0,5.788475751876831,0.45751142501831055,6.245987176895142,1169.0,1191.6844262295083
industrial_changeover,3659,732,4,Order4,732,2.6839999999999997e-05,0.02732797898352146,1264.0,1231.0,5.561062574386597,0.44085216522216797,6.001914739608765,1225.0,1260.0109289617487
industrial_changeover,3660,732,5,Order5,732,2.682e-05,0.0045100467978045344,1335.0,1319.0,6.39558482170105,0.5066831111907959,6.902267932891846,1282.0,1347.0109289617487
industrial_changeover,3661,733,1,Order1,733,2.6800000000000004e-05,0.013554946752265096,1259.0,1218.0,5.69084906578064,0.4591999053955078,6.1500489711761475,1210.0,1270.1650750341064
industrial_changeover,3662,733,2,Order2,733,2.6780000000000004e-05,-0.02010960876941681,1177.0,1177.0,5.3718907833099365,0.42766618728637695,5.7995569705963135,1173.0,1223.1596180081856
industrial_changeover,3663,733,3,Order3,733,2.6759999999999995e-05,0.010197962168604136,1198.0,1169.0,5.783664226531982,0.45080089569091797,6.2344651222229,1169.0,1191.6534788540246
industrial_changeover,3664,733,4,Order4,733,2.6739999999999998e-05,-0.007078537135384977,1264.0,1231.0,5.333693981170654,0.4242827892303467,5.757976770401001,1225.0,1259.9713506139153
industrial_changeover,3665,733,5,Order5,733,2.672e-05,-0.015661146258935332,1319.0,1319.0,6.45866847038269,0.5144026279449463,6.973071098327637,1282.0,1346.9727148703955
industrial_changeover,3666,734,1,Order1,734,2.6700000000000002e-05,-0.025866070296615362,1218.0,1218.0,5.489105224609375,0.42615604400634766,5.915261268615723,1210.0,1270.0940054495914
industrial_changeover,3667,734,2,Order2,734,2.6680000000000005e-05,0.0028276803204789758,1185.0,1177.0,5.546385765075684,0.4411275386810303,5.987513303756714,1173.0,1223.0967302452316
industrial_changeover,3668,734,3,Order3,734,2.6659999999999995e-05,0.010311920661479235,1169.0,1169.0,5.7977941036224365,0.462432861328125,6.2602269649505615,1169.0,1191.6226158038148
industrial_changeover,3669,734,4,Order4,734,2.664e-05,-0.003802506369538605,1231.0,1231.0,5.473382949829102,0.42760133743286133,5.900984287261963,1225.0,1259.931880108992
industrial_changeover,3670,734,5,Order5,734,2.662e-05,0.025104581844061613,1338.0,1336.0,6.4449782371521,0.5016608238220215,6.946639060974121,1282.0,1346.957765667575
industrial_changeover,3671,735,1,Order1,735,2.6600000000000003e-05,0.029359740670770407,1259.0,1218.0,5.729250192642212,0.4511227607727051,6.180372953414917,1210.0,1270.0231292517008
industrial_changeover,3672,735,2,Order2,735,2.6580000000000006e-05,0.04916761536151171,1241.0,1177.0,5.5242204666137695,0.42932844161987305,5.953548908233643,1173.0,1223.0340136054422
industrial_changeover,3673,735,3,Order3,735,2.6559999999999996e-05,-0.02201093826442957,1169.0,1169.0,5.757099151611328,0.4683706760406494,6.2254698276519775,1169.0,1191.591836734694
industrial_changeover,3674,735,4,Order4,735,2.6539999999999997e-05,-0.020094927866011858,1264.0,1225.0,5.530845642089844,0.43494343757629395,5.965789079666138,1225.0,1259.8843537414966
industrial_changeover,3675,735,5,Order5,735,2.652e-05,-0.062474386766552925,1272.0,1319.0,6.520963668823242,0.5114541053771973,7.0324177742004395,1282.0,1346.9197278911565
industrial_changeover,3676,736,1,Order1,736,2.6500000000000004e-05,-0.0020581826684065163,1241.0,1218.0,5.550070762634277,0.4680311679840088,6.018101930618286,1210.0,1269.952445652174
industrial_changeover,3677,736,2,Order2,736,2.6480000000000004e-05,-0.006167120765894651,1174.0,1177.0,5.57872200012207,0.48780202865600586,6.066524028778076,1173.0,1222.9714673913043
industrial_changeover,3678,736,3,Order3,736,2.6459999999999997e-05,0.025675547774881124,1182.0,1169.0,5.914031744003296,0.4685018062591553,6.382533550262451,1169.0,1191.5611413043478
industrial_changeover,3679,736,4,Order4,736,2.6439999999999998e-05,-0.0012384205765556544,1225.0,1231.0,5.471598148345947,0.43331289291381836,5.904911041259766,1225.0,1259.8451086956522
industrial_changeover,3680,736,5,Order5,736,2.642e-05,0.019096783362329006,1324.0,1319.0,6.5382771492004395,0.5127973556518555,7.051074504852295,1282.0,1346.8817934782608
industrial_changeover,3681,737,1,Order1,737,2.64e-05,0.003750299452804029,1225.0,1218.0,5.636767387390137,0.4604029655456543,6.097170352935791,1210.0,1269.8819538670284
industrial_changeover,3682,737,2,Order2,737,2.6380000000000005e-05,-0.003867340332362801,1177.0,1177.0,5.542064666748047,0.43199896812438965,5.9740636348724365,1173.0,1222.909090909091
industrial_changeover,3683,737,3,Order3,737,2.6359999999999995e-05,0.0015707187412772328,1175.0,1169.0,5.981461763381958,0.47104978561401367,6.452511548995972,1169.0,1191.5305291723203
industrial_changeover,3684,737,4,Order4,737,2.634e-05,0.01448319130577147,1264.0,1231.0,5.405795097351074,0.4355180263519287,5.841313123703003,1225.0,1259.8059701492537
industrial_changeover,3685,737,5,Order5,737,2.632e-05,-0.03786700498312712,1272.0,1319.0,6.630201578140259,0.5074584484100342,7.137660026550293,1282.0,1346.843962008141
industrial_changeover,3686,738,1,Order1,738,2.6300000000000002e-05,0.044141268357634544,1283.0,1218.0,5.493351936340332,0.4367823600769043,5.930134296417236,1210.0,1269.8116531165313
industrial_changeover,3687,738,2,Order2,738,2.6280000000000006e-05,-0.0016063549846876413,1185.0,1177.0,5.30012583732605,0.41995930671691895,5.720085144042969,1173.0,1222.8468834688347
industrial_changeover,3688,738,3,Order3,738,2.6259999999999996e-05,-0.00963424309156835,1169.0,1169.0,5.556183576583862,0.43450140953063965,5.990684986114502,1169.0,1191.5
industrial_changeover,3689,738,4,Order4,738,2.624e-05,0.0011737329186871648,1260.0,1231.0,5.198629856109619,0.46364712715148926,5.662276983261108,1225.0,1259.7669376693766
industrial_changeover,3690,738,5,Order5,738,2.622e-05,-0.04404896963387728,1271.0,1319.0,6.386997699737549,0.4930448532104492,6.880042552947998,1282.0,1346.8062330623306
industrial_changeover,3691,739,1,Order1,739,2.6200000000000003e-05,0.004539920832030475,1230.0,1218.0,5.436412572860718,0.41875743865966797,5.855170011520386,1210.0,1269.7415426251691
industrial_changeover,3692,739,2,Order2,739,2.6180000000000003e-05,0.010875937063246965,1184.0,1177.0,5.375611305236816,0.42174696922302246,5.797358274459839,1173.0,1222.7848443843031
industrial_changeover,3693,739,3,Order3,739,2.6160000000000007e-05,0.01034738915041089,1169.0,1169.0,5.676339149475098,0.44509291648864746,6.121432065963745,1169.0,1191.4695534506088
industrial_changeover,3694,739,4,Order4,739,2.6139999999999997e-05,-0.0049961499171331525,1229.0,1231.0,5.271695613861084,0.40816330909729004,5.679858922958374,1225.0,1259.7280108254397
industrial_changeover,3695,739,5,Order5,739,2.612e-05,0.008951797848567367,1319.0,1319.0,6.1366047859191895,0.47885942459106445,6.615464210510254,1282.0,1346.7686062246278
industrial_changeover,3696,740,1,Order1,740,2.61e-05,-0.004571593715809286,1218.0,1218.0,5.418729066848755,0.46390557289123535,5.88263463973999,1210.0,1269.6716216216216
industrial_changeover,3697,740,2,Order2,740,2.6080000000000004e-05,0.0010682644788175821,1177.0,1177.0,5.291617393493652,0.4115865230560303,5.703203916549683,1173.0,1222.722972972973
industrial_changeover,3698,740,3,Order3,740,2.6060000000000008e-05,0.007976704509928823,1169.0,1169.0,5.4962708950042725,0.4351334571838379,5.93140435218811,1169.0,1191.4391891891892
industrial_changeover,3699,740,4,Order4,740,2.6039999999999998e-05,0.029958083759993315,1266.0,1231.0,5.235039234161377,0.41101598739624023,5.646055221557617,1225.0,1259.6891891891892
industrial_changeover,3700,740,5,Order5,740,2.602e-05,0.011344375554472208,1339.0,1319.0,6.0291924476623535,0.510239839553833,6.5394322872161865,1282.0,1346.7310810810811
industrial_changeover,3701,741,1,Order1,741,2.6000000000000002e-05,0.0006528754311148077,1241.0,1218.0,5.5058794021606445,0.45338964462280273,5.959269046783447,1210.0,1269.6018893387316
industrial_changeover,3702,741,2,Order2,741,2.5980000000000005e-05,-0.025083448737859726,1174.0,1177.0,5.446108102798462,0.4399833679199219,5.886091470718384,1173.0,1222.6612685560053
industrial_changeover,3703,741,3,Order3,741,2.5960000000000006e-05,-0.019589387346059084,1169.0,1169.0,5.93993353843689,0.43066954612731934,6.370603084564209,1169.0,1191.408906882591
industrial_changeover,3704,741,4,Order4,741,2.594e-05,0.0011804868699982762,1264.0,1225.0,5.731365919113159,0.4367847442626953,6.1681506633758545,1225.0,1259.642375168691
industrial_changeover,3705,741,5,Order5,741,2.592e-05,-0.034537152387201786,1272.0,1319.0,6.410597562789917,0.549206018447876,6.959803581237793,1282.0,1346.693657219973
industrial_changeover,3706,742,1,Order1,742,2.5900000000000003e-05,0.008746508741751313,1230.0,1218.0,5.477560758590698,0.4880495071411133,5.9656102657318115,1210.0,1269.5323450134772
industrial_changeover,3707,742,2,Order2,742,2.5880000000000003e-05,0.03948984667658806,1204.0,1177.0,5.380244255065918,0.474881649017334,5.855125904083252,1173.0,1222.599730458221
industrial_changeover,3708,742,3,Order3,742,2.5860000000000007e-05,0.037415278144180775,1197.0,1169.0,5.88282322883606,0.4768409729003906,6.35966420173645,1169.0,1191.378706199461
industrial_changeover,3709,742,4,Order4,742,2.5839999999999997e-05,0.014429311733692884,1264.0,1225.0,5.314918756484985,0.4597814083099365,5.774700164794922,1225.0,1259.5956873315363
industrial_changeover,3710,742,5,Order5,742,2.582e-05,-0.009825944434851408,1334.0,1319.0,6.447272777557373,0.48467397689819336,6.931946754455566,1282.0,1346.6563342318059
industrial_changeover,3711,743,1,Order1,743,2.58e-05,0.009324020007625222,1280.0,1256.0,5.51525616645813,0.4330027103424072,5.948258876800537,1210.0,1269.5141318977119
industrial_changeover,3712,743,2,Order2,743,2.5780000000000004e-05,-0.007906177779659629,1204.0,1177.0,5.367304801940918,0.42720890045166016,5.794513702392578,1173.0,1222.5383580080754
industrial_changeover,3713,743,3,Order3,743,2.5760000000000007e-05,-0.023318225983530283,1182.0,1169.0,5.68562650680542,0.47390294075012207,6.159529447555542,1169.0,1191.3485868102289
industrial_changeover,3714,743,4,Order4,743,2.5739999999999998e-05,-0.02160448720678687,1264.0,1225.0,5.319390535354614,0.42638564109802246,5.745776176452637,1225.0,1259.549125168237
industrial_changeover,3715,743,5,Order5,743,2.572e-05,-0.018454579170793295,1319.0,1319.0,6.331823348999023,0.49971532821655273,6.831538677215576,1282.0,1346.6191117092867
industrial_changeover,3716,744,1,Order1,744,2.57e-05,0.0020366269163787365,1241.0,1218.0,5.5032958984375,0.429917573928833,5.933213472366333,1210.0,1269.4448924731182
industrial_changeover,3717,744,2,Order2,744,2.5680000000000005e-05,0.004015950602479279,1184.0,1177.0,5.426512002944946,0.4188804626464844,5.845392465591431,1173.0,1222.4771505376343
industrial_changeover,3718,744,3,Order3,744,2.5660000000000005e-05,0.013805390102788806,1175.0,1169.0,5.774194717407227,0.45401453971862793,6.2282092571258545,1169.0,1191.3185483870968
industrial_changeover,3719,744,4,Order4,744,2.564e-05,0.005852515576407313,1249.0,1225.0,5.22048544883728,0.40871191024780273,5.629197359085083,1225.0,1259.502688172043
industrial_changeover,3720,744,5,Order5,744,2.562e-05,-0.03556037228554487,1271.0,1319.0,6.314702033996582,0.4939882755279541,6.808690309524536,1282.0,1346.5819892473119
industrial_changeover,3721,745,1,Order1,745,2.5600000000000002e-05,-0.0014209070359356701,1225.0,1218.0,5.536168813705444,0.44089698791503906,5.977065801620483,1210.0,1269.3758389261745
industrial_changeover,3722,745,2,Order2,745,2.5580000000000002e-05,0.007684000418521464,1174.0,1177.0,5.270057678222656,0.42018914222717285,5.690246820449829,1173.0,1222.4161073825503
industrial_changeover,3723,745,3,Order3,745,2.5560000000000006e-05,0.01982913352549076,1169.0,1169.0,5.776301383972168,0.44621920585632324,6.222520589828491,1169.0,1191.288590604027
industrial_changeover,3724,745,4,Order4,745,2.5539999999999996e-05,0.04041718877851963,1266.0,1225.0,5.253533124923706,0.4210205078125,5.674553632736206,1225.0,1259.456375838926
industrial_changeover,3725,745,5,Order5,745,2.552e-05,0.005193997058086097,1323.0,1319.0,6.329529523849487,0.5115351676940918,6.841064691543579,1282.0,1346.544966442953
industrial_changeover,3726,746,1,Order1,746,2.5500000000000003e-05,-0.013274812372401357,1227.0,1218.0,5.55598521232605,0.44157910346984863,5.997564315795898,1210.0,1269.3069705093833
industrial_changeover,3727,746,2,Order2,746,2.5480000000000003e-05,0.018500053323805332,1205.0,1177.0,5.4222118854522705,0.4206228256225586,5.842834711074829,1173.0,1222.3552278820375
industrial_changeover,3728,746,3,Order3,746,2.5460000000000007e-05,-0.005489664035849273,1182.0,1169.0,5.70974063873291,0.4523897171020508,6.162130355834961,1169.0,1191.2587131367293
industrial_changeover,3729,746,4,Order4,746,2.5439999999999997e-05,-0.0067047710763290524,1264.0,1225.0,5.384430885314941,0.42955946922302246,5.813990354537964,1225.0,1259.4101876675604
industrial_changeover,3730,746,5,Order5,746,2.542e-05,-0.02885221317410469,1304.0,1319.0,6.368299961090088,0.49773120880126953,6.866031169891357,1282.0,1346.5080428954423
industrial_changeover,3731,747,1,Order1,747,2.54e-05,0.010582524817436934,1256.0,1218.0,5.680049419403076,0.45917367935180664,6.139223098754883,1210.0,1269.2382864792503
industrial_changeover,3732,747,2,Order2,747,2.5380000000000004e-05,-0.012716480996459723,1174.0,1177.0,5.451247930526733,0.4369323253631592,5.888180255889893,1173.0,1222.2945113788487
industrial_changeover,3733,747,3,Order3,747,2.5360000000000005e-05,-0.0008081369305728003,1169.0,1169.0,5.780109882354736,0.47222042083740234,6.252330303192139,1169.0,1191.2289156626507
industrial_changeover,3734,747,4,Order4,747,2.5339999999999998e-05,0.016944434493780136,1266.0,1225.0,5.425110816955566,0.42172670364379883,5.846837520599365,1225.0,1259.364123159304
industrial_changeover,3735,747,5,Order5,747,2.5319999999999998e-05,0.0007570116576971486,1313.0,1319.0,6.317458629608154,0.5031812191009521,6.8206398487091064,1282.0,1346.471218206158
industrial_changeover,3736,748,1,Order1,748,2.5300000000000002e-05,0.03243791963905096,1275.0,1218.0,5.469540357589722,0.4555065631866455,5.925046920776367,1210.0,1269.1697860962568
industrial_changeover,3737,748,2,Order2,748,2.5280000000000005e-05,0.020087081007659435,1207.0,1177.0,5.330219745635986,0.4262392520904541,5.75645899772644,1173.0,1222.2339572192514
industrial_changeover,3738,748,3,Order3,748,2.5260000000000005e-05,-0.019075097516179085,1169.0,1169.0,5.758975982666016,0.45708346366882324,6.216059446334839,1169.0,1191.1991978609626
industrial_changeover,3739,748,4,Order4,748,2.5239999999999996e-05,-0.04511563014239073,1231.0,1225.0,5.30632472038269,0.4118223190307617,5.718147039413452,1225.0,1259.3181818181818
industrial_changeover,3740,748,5,Order5,748,2.522e-05,-0.013188157929107547,1323.0,1319.0,6.484333515167236,0.5098083019256592,6.9941418170928955,1282.0,1346.4344919786097
industrial_changeover,3741,749,1,Order1,749,2.5200000000000003e-05,0.03665273357182741,1283.0,1218.0,5.705381393432617,0.4358634948730469,6.141244888305664,1210.0,1269.1014686248332
industrial_changeover,3742,749,2,Order2,749,2.5180000000000003e-05,-0.00795589154586196,1174.0,1177.0,5.498938798904419,0.4472682476043701,5.946207046508789,1173.0,1222.173564753004
industrial_changeover,3743,749,3,Order3,749,2.5160000000000006e-05,0.0011541217972990125,1169.0,1169.0,5.866274833679199,0.45366740226745605,6.319942235946655,1169.0,1191.1695594125501
industrial_changeover,3744,749,4,Order4,749,2.5139999999999996e-05,-0.025144444312900305,1225.0,1225.0,5.338057279586792,0.4148569107055664,5.752914190292358,1225.0,1259.272363150868
industrial_changeover,3745,749,5,Order5,749,2.512e-05,0.007453891099430621,1327.0,1319.0,6.254815340042114,0.48813867568969727,6.7429540157318115,1282.0,1346.3978638184246
industrial_changeover,3746,750,1,Order1,750,2.51e-05,0.04354705475270748,1278.0,1218.0,5.447916746139526,0.44625163078308105,5.894168376922607,1210.0,1269.0333333333333
industrial_changeover,3747,750,2,Order2,750,2.5080000000000004e-05,0.030129108112305403,1208.0,1177.0,5.248788595199585,0.42928147315979004,5.678070068359375,1173.0,1222.1133333333332
industrial_changeover,3748,750,3,Order3,750,2.5060000000000004e-05,-0.010244576493278146,1175.0,1169.0,5.6262757778167725,0.4609994888305664,6.087275266647339,1169.0,1191.14
industrial_changeover,3749,750,4,Order4,750,2.5039999999999997e-05,-0.04054634552448988,1231.0,1225.0,5.249489068984985,0.41852831840515137,5.668017387390137,1225.0,1259.2266666666667
industrial_changeover,3750,750,5,Order5,750,2.5019999999999998e-05,-0.013724271208047867,1319.0,1319.0,6.178943634033203,0.4804553985595703,6.659399032592773,1282.0,1346.3613333333333
industrial_changeover,3751,751,1,Order1,751,2.5e-05,0.03847384545952082,1283.0,1218.0,5.538561105728149,0.43367505073547363,5.972236156463623,1210.0,1268.965379494008
industrial_changeover,3752,751,2,Order2,751,2.4980000000000005e-05,-0.006950332201085985,1184.0,1177.0,5.297635793685913,0.4143671989440918,5.712002992630005,1173.0,1222.0532623169108
industrial_changeover,3753,751,3,Order3,751,2.4960000000000005e-05,-0.012050042627379298,1169.0,1169.0,5.690641403198242,0.45223355293273926,6.1428749561309814,1169.0,1191.1105193075898
industrial_changeover,3754,751,4,Order4,751,2.494e-05,-0.030457439366728067,1225.0,1225.0,5.23066782951355,0.40078258514404297,5.631450414657593,1225.0,1259.1810918774968
industrial_changeover,3755,751,5,Order5,751,2.492e-05,-0.005729083903133869,1315.0,1319.0,6.077401876449585,0.4736671447753906,6.551069021224976,1282.0,1346.3249001331558
industrial_changeover,3756,752,1,Order1,752,2.4900000000000002e-05,0.01485917647369206,1241.0,1218.0,5.314067602157593,0.41480112075805664,5.728868722915649,1210.0,1268.8976063829787
industrial_changeover,3757,752,2,Order2,752,2.4880000000000002e-05,0.003458845487330109,1173.0,1177.0,5.190596580505371,0.40674304962158203,5.597339630126953,1173.0,1221.9933510638298
industrial_changeover,3758,752,3,Order3,752,2.4860000000000006e-05,0.018151743803173304,1175.0,1169.0,5.435672283172607,0.449552059173584,5.885224342346191,1169.0,1191.0811170212767
industrial_changeover,3759,752,4,Order4,752,2.4839999999999996e-05,0.019330736249685287,1264.0,1225.0,5.203502893447876,0.4239833354949951,5.627486228942871,1225.0,1259.1356382978724
industrial_changeover,3760,752,5,Order5,752,2.482e-05,0.02342346217483282,1355.0,1319.0,6.220203161239624,0.5298686027526855,6.75007176399231,1282.0,1346.2885638297873
industrial_changeover,3761,753,1,Order1,753,2.48e-05,-0.023625629022717476,1223.0,1218.0,5.674815893173218,0.4737410545349121,6.14855694770813,1210.0,1268.8300132802124
industrial_changeover,3762,753,2,Order2,753,2.4780000000000003e-05,0.014829432824626565,1208.0,1177.0,5.618747234344482,0.4603102207183838,6.079057455062866,1173.0,1221.933598937583
industrial_changeover,3763,753,3,Order3,753,2.4760000000000007e-05,0.04476132523268461,1233.0,1169.0,5.845603942871094,0.4439699649810791,6.289573907852173,1169.0,1191.0517928286852
industrial_changeover,3764,753,4,Order4,753,2.4739999999999997e-05,-0.04701366554945707,1225.0,1225.0,5.25579833984375,0.43634605407714844,5.692144393920898,1225.0,1259.090305444887
industrial_changeover,3765,753,5,Order5,753,2.4719999999999997e-05,-0.025968855246901512,1323.0,1319.0,6.359395265579224,0.542351245880127,6.901746511459351,1282.0,1346.2523240371845
industrial_changeover,3766,754,1,Order1,754,2.47e-05,-0.03093196777626872,1223.0,1218.0,5.737987995147705,0.4768826961517334,6.2148706912994385,1210.0,1268.762599469496
industrial_changeover,3767,754,2,Order2,754,2.4680000000000004e-05,-0.01710149645805359,1172.0,1177.0,5.678608417510986,0.4613649845123291,6.139973402023315,1173.0,1221.8740053050399
industrial_changeover,3768,754,3,Order3,754,2.4660000000000004e-05,-0.003264954430051148,1169.0,1169.0,6.088208436965942,0.457775354385376,6.545983791351318,1169.0,1191.022546419098
industrial_changeover,3769,754,4,Order4,754,2.4639999999999998e-05,0.0622916417196393,1285.0,1231.0,5.29176926612854,0.41778087615966797,5.709550142288208,1225.0,1259.053050397878
industrial_changeover,3770,754,5,Order5,754,2.4619999999999998e-05,-0.005844894447363913,1303.0,1319.0,6.221364259719849,0.4929795265197754,6.714343786239624,1282.0,1346.2161803713527
industrial_changeover,3771,755,1,Order1,755,2.46e-05,0.028312509413808584,1259.0,1218.0,5.410560131072998,0.4369690418243408,5.847529172897339,1210.0,1268.6953642384105
industrial_changeover,3772,755,2,Order2,755,2.4580000000000002e-05,-0.008230140432715416,1183.0,1177.0,5.368426322937012,0.42647218704223633,5.794898509979248,1173.0,1221.8145695364237
industrial_changeover,3773,755,3,Order3,755,2.4560000000000005e-05,-0.012186767067760229,1182.0,1169.0,5.636882066726685,0.4514286518096924,6.088310718536377,1169.0,1190.9933774834437
industrial_changeover,3774,755,4,Order4,755,2.4539999999999995e-05,0.006460174219682813,1264.0,1225.0,5.259922027587891,0.42914819717407227,5.689070224761963,1225.0,1259.0079470198675
industrial_changeover,3775,755,5,Order5,755,2.452e-05,-0.013509820215404034,1318.0,1319.0,6.320189476013184,0.4982001781463623,6.818389654159546,1282.0,1346.180132450331
industrial_changeover,3776,756,1,Order1,756,2.45e-05,-0.018741424661129713,1224.0,1218.0,5.686768293380737,0.45304155349731445,6.139809846878052,1210.0,1268.6283068783068
industrial_changeover,3777,756,2,Order2,756,2.4480000000000003e-05,-0.008716820739209652,1177.0,1177.0,5.598883628845215,0.4329807758331299,6.031864404678345,1173.0,1221.755291005291
industrial_changeover,3778,756,3,Order3,756,2.4460000000000006e-05,0.012320926412940025,1182.0,1169.0,5.767068147659302,0.4591085910797119,6.226176738739014,1169.0,1190.9642857142858
industrial_changeover,3779,756,4,Order4,756,2.4439999999999996e-05,0.013707288773730397,1253.0,1231.0,5.375561475753784,0.4228513240814209,5.798412799835205,1225.0,1258.9708994708994
industrial_changeover,3780,756,5,Order5,756,2.442e-05,-0.005830304347909987,1306.0,1319.0,6.424736022949219,0.5006000995635986,6.925336122512817,1282.0,1346.1441798941798
industrial_changeover,3781,757,1,Order1,757,2.44e-05,-0.005263554630801082,1225.0,1218.0,5.548966407775879,0.45647168159484863,6.0054380893707275,1210.0,1268.5614266842801
industrial_changeover,3782,757,2,Order2,757,2.4380000000000004e-05,0.03326840419322252,1208.0,1177.0,5.519507646560669,0.4237668514251709,5.94327449798584,1173.0,1221.6961690885073
industrial_changeover,3783,757,3,Order3,757,2.4360000000000004e-05,-0.0027714772731997073,1169.0,1169.0,5.754782676696777,0.47707676887512207,6.231859445571899,1169.0,1190.9352708058125
industrial_changeover,3784,757,4,Order4,757,2.4339999999999997e-05,-0.016618297435343266,1231.0,1231.0,5.481053113937378,0.42990994453430176,5.91096305847168,1225.0,1258.9339498018494
industrial_changeover,3785,757,5,Order5,757,2.4319999999999998e-05,-0.05150480382144451,1255.0,1319.0,6.545960187911987,0.5366420745849609,7.082602262496948,1282.0,1346.108322324967
industrial_changeover,3786,758,1,Order1,758,2.43e-05,0.0061766772996634245,1227.0,1218.0,5.63450813293457,0.46549272537231445,6.100000858306885,1210.0,1268.494722955145
industrial_changeover,3787,758,2,Order2,758,2.428e-05,0.015929419081658125,1177.0,1177.0,5.626967430114746,0.45992445945739746,6.0868918895721436,1173.0,1221.637203166227
industrial_changeover,3788,758,3,Order3,758,2.4260000000000005e-05,0.020274991169571877,1175.0,1169.0,5.916353940963745,0.4803504943847656,6.396704435348511,1169.0,1190.9063324538258
industrial_changeover,3789,758,4,Order4,758,2.4239999999999995e-05,0.036443461664021015,1264.0,1231.0,5.6179234981536865,0.43204736709594727,6.049970865249634,1225.0,1258.8970976253297
industrial_changeover,3790,758,5,Order5,758,2.422e-05,-0.025660288520157337,1272.0,1319.0,6.5894646644592285,0.5032258033752441,7.092690467834473,1282.0,1346.0725593667546
industrial_changeover,3791,759,1,Order1,759,2.4200000000000002e-05,-0.013608437264338136,1218.0,1218.0,5.689515113830566,0.4635343551635742,6.153049468994141,1210.0,1268.4281949934125
industrial_changeover,3792,759,2,Order2,759,2.4180000000000002e-05,-0.0044734267285093665,1174.0,1177.0,5.526224851608276,0.4541449546813965,5.980369806289673,1173.0,1221.578392621871
industrial_changeover,3793,759,3,Order3,759,2.4160000000000006e-05,0.0010630455799400806,1169.0,1169.0,5.890174865722656,0.500908613204956,6.391083478927612,1169.0,1190.8774703557312
industrial_changeover,3794,759,4,Order4,759,2.4139999999999996e-05,-0.0031071080011315644,1231.0,1231.0,5.568422079086304,0.40906763076782227,5.977489709854126,1225.0,1258.8603425559947
industrial_changeover,3795,759,5,Order5,759,2.412e-05,-0.003392362443264574,1305.0,1319.0,6.4313225746154785,0.5019042491912842,6.933226823806763,1282.0,1346.0368906455863
industrial_changeover,3796,760,1,Order1,760,2.41e-05,0.005624084384180605,1225.0,1218.0,5.69292688369751,0.45294690132141113,6.145873785018921,1210.0,1268.3618421052631
industrial_changeover,3797,760,2,Order2,760,2.4080000000000003e-05,0.04816536605358124,1225.0,1177.0,5.452154159545898,0.41573548316955566,5.867889642715454,1173.0,1221.5197368421052
industrial_changeover,3798,760,3,Order3,760,2.4060000000000003e-05,0.0075891707092523575,1180.0,1169.0,5.75864577293396,0.44918298721313477,6.207828760147095,1169.0,1190.8486842105262
industrial_changeover,3799,760,4,Order4,760,2.4039999999999997e-05,-0.019794519059360027,1229.0,1231.0,5.486347436904907,0.45196080207824707,5.938308238983154,1225.0,1258.8236842105264
industrial_changeover,3800,760,5,Order5,760,2.4019999999999997e-05,-0.0088847316801548,1318.0,1319.0,6.5906195640563965,0.5302588939666748,7.120878458023071,1282.0,1346.0013157894737
industrial_changeover,3801,761,1,Order1,761,2.4e-05,0.02921156445518136,1275.0,1218.0,5.750542640686035,0.44512057304382324,6.195663213729858,1210.0,1268.2956636005256
industrial_changeover,3802,761,2,Order2,761,2.398e-05,-0.01975926384329796,1173.0,1177.0,5.524149417877197,0.42608141899108887,5.950230836868286,1173.0,1221.46123521682
industrial_changeover,3803,761,3,Order3,761,2.3960000000000004e-05,-0.013384583406150341,1182.0,1169.0,5.720196962356567,0.45036983489990234,6.17056679725647,1169.0,1190.819973718791
industrial_changeover,3804,761,4,Order4,761,2.3939999999999994e-05,-0.014810344902798533,1235.0,1231.0,5.302190542221069,0.431898832321167,5.734089374542236,1225.0,1258.7871222076215
industrial_changeover,3805,761,5,Order5,761,2.3919999999999998e-05,0.003337899746838957,1327.0,1319.0,6.3460469245910645,0.5049691200256348,6.851016044616699,1282.0,1345.9658344283837
industrial_changeover,3806,762,1,Order1,762,2.39e-05,0.01241264259442687,1241.0,1218.0,5.447025537490845,0.4373514652252197,5.8843770027160645,1210.0,1268.229658792651
industrial_changeover,3807,762,2,Order2,762,2.3880000000000002e-05,-0.0039099822752177715,1172.0,1177.0,5.209806442260742,0.43404603004455566,5.643852472305298,1173.0,1221.4028871391076
industrial_changeover,3808,762,3,Order3,762,2.3860000000000005e-05,0.035343813709914684,1213.0,1169.0,5.729489326477051,0.43024349212646484,6.159732818603516,1169.0,1190.791338582677
industrial_changeover,3809,762,4,Order4,762,2.3839999999999995e-05,0.03317708242684603,1287.0,1231.0,5.274817705154419,0.42257142066955566,5.697389125823975,1225.0,1258.750656167979
industrial_changeover,3810,762,5,Order5,762,2.382e-05,-0.029666290152817965,1304.0,1319.0,6.2307960987091064,0.4826829433441162,6.713479042053223,1282.0,1345.9304461942256
industrial_changeover,3811,763,1,Order1,763,2.38e-05,-0.028749323915690184,1223.0,1218.0,5.510195255279541,0.43139052391052246,5.9415857791900635,1210.0,1268.1638269986893
industrial_changeover,3812,763,2,Order2,763,2.3780000000000003e-05,-0.012383778113871813,1185.0,1177.0,5.349313974380493,0.42117762565612793,5.770491600036621,1173.0,1221.3446920052425
industrial_changeover,3813,763,3,Order3,763,2.3760000000000003e-05,-0.02013138262555003,1169.0,1169.0,5.502358675003052,0.4367406368255615,5.939099311828613,1169.0,1190.7627785058978
industrial_changeover,3814,763,4,Order4,763,2.3740000000000006e-05,0.022732852958142757,1266.0,1231.0,5.11864709854126,0.41161441802978516,5.530261516571045,1225.0,1258.7142857142858
industrial_changeover,3815,763,5,Order5,763,2.3719999999999997e-05,0.015838873106986284,1320.0,1319.0,6.156538009643555,0.4897477626800537,6.646285772323608,1282.0,1345.8951507208387
industrial_changeover,3816,764,1,Order1,764,2.37e-05,-0.0038120915414765477,1223.0,1218.0,5.376818418502808,0.41477465629577637,5.791593074798584,1210.0,1268.098167539267
industrial_changeover,3817,764,2,Order2,764,2.3680000000000004e-05,0.004642092972062528,1184.0,1177.0,5.249891519546509,0.4608488082885742,5.710740327835083,1173.0,1221.2866492146597
industrial_changeover,3818,764,3,Order3,764,2.3660000000000004e-05,-0.00369509618030861,1175.0,1169.0,5.657645225524902,0.44066715240478516,6.0983123779296875,1169.0,1190.7342931937173
industrial_changeover,3819,764,4,Order4,764,2.3640000000000007e-05,0.024035717360675335,1264.0,1231.0,5.536955833435059,0.44014477729797363,5.977100610733032,1225.0,1258.6780104712043
industrial_changeover,3820,764,5,Order5,764,2.3619999999999997e-05,-0.01734989881515503,1305.0,1319.0,6.478093385696411,0.49697327613830566,6.975066661834717,1282.0,1345.859947643979
industrial_changeover,3821,765,1,Order1,765,2.36e-05,-0.00949078518897295,1224.0,1218.0,5.6238439083099365,0.4541475772857666,6.077991485595703,1210.0,1268.0326797385621
industrial_changeover,3822,765,2,Order2,765,2.358e-05,-0.005621074233204126,1177.0,1177.0,5.5884411334991455,0.4403371810913086,6.028778314590454,1173.0,1221.2287581699347
industrial_changeover,3823,765,3,Order3,765,2.3560000000000005e-05,-0.0036684447550214827,1169.0,1169.0,5.817024230957031,0.4822120666503906,6.299236297607422,1169.0,1190.7058823529412
industrial_changeover,3824,765,4,Order4,765,2.3540000000000005e-05,0.016234463546425104,1264.0,1231.0,5.220019817352295,0.404172420501709,5.624192237854004,1225.0,1258.6418300653595
industrial_changeover,3825,765,5,Order5,765,2.352e-05,-0.0030784491100348532,1308.0,1319.0,6.569813251495361,0.5477452278137207,7.117558479309082,1282.0,1345.8248366013072
industrial_changeover,3826,766,1,Order1,766,2.35e-05,0.023064319975674152,1256.0,1218.0,5.695463180541992,0.4482102394104004,6.143673419952393,1210.0,1267.967362924282
industrial_changeover,3827,766,2,Order2,766,2.3480000000000002e-05,-0.0035878605558536947,1177.0,1177.0,5.388027906417847,0.4285697937011719,5.8165977001190186,1173.0,1221.1710182767624
industrial_changeover,3828,766,3,Order3,766,2.3460000000000006e-05,-0.01152039016596973,1169.0,1169.0,5.7129435539245605,0.4449489116668701,6.157892465591431,1169.0,1190.677545691906
industrial_changeover,3829,766,4,Order4,766,2.3440000000000006e-05,-0.022833085153251886,1231.0,1231.0,5.262250661849976,0.42780375480651855,5.690054416656494,1225.0,1258.6057441253263
industrial_changeover,3830,766,5,Order5,766,2.3419999999999996e-05,-0.027297466527670622,1272.0,1319.0,6.244908809661865,0.47951793670654297,6.724426746368408,1282.0,1345.789817232376
industrial_changeover,3831,767,1,Order1,767,2.34e-05,0.06350715272128582,1283.0,1218.0,5.458522319793701,0.4221310615539551,5.880653381347656,1210.0,1267.9022164276403
industrial_changeover,3832,767,2,Order2,767,2.3380000000000003e-05,0.005489412462338805,1173.0,1177.0,5.494807481765747,0.4267125129699707,5.921519994735718,1173.0,1221.1134289439374
industrial_changeover,3833,767,3,Order3,767,2.3360000000000003e-05,-0.0007212485652416945,1169.0,1169.0,5.862260580062866,0.4599432945251465,6.322203874588013,1169.0,1190.6492829204694
industrial_changeover,3834,767,4,Order4,767,2.3340000000000007e-05,0.0031089242547750473,1264.0,1231.0,5.287190198898315,0.4341137409210205,5.721303939819336,1225.0,1258.5697522816167
industrial_changeover,3835,767,5,Order5,767,2.3319999999999997e-05,-0.03748116549104452,1275.0,1319.0,6.422746896743774,0.49399328231811523,6.91674017906189,1282.0,1345.754889178618
industrial_changeover,3836,768,1,Order1,768,2.33e-05,-0.008807206759229302,1227.0,1218.0,5.710959196090698,0.4570732116699219,6.16803240776062,1210.0,1267.8372395833333
industrial_changeover,3837,768,2,Order2,768,2.328e-05,0.011693106265738606,1183.0,1177.0,5.461269855499268,0.42654991149902344,5.887819766998291,1173.0,1221.0559895833333
industrial_changeover,3838,768,3,Order3,768,2.3260000000000004e-05,0.006160905584692955,1169.0,1169.0,5.676843643188477,0.45552873611450195,6.1323723793029785,1169.0,1190.62109375
industrial_changeover,3839,768,4,Order4,768,2.3240000000000008e-05,-0.01369334920309484,1225.0,1231.0,5.2722389698028564,0.41666364669799805,5.6889026165008545,1225.0,1258.5338541666667
industrial_changeover,3840,768,5,Order5,768,2.3219999999999998e-05,0.006871597724966705,1308.0,1319.0,6.327913045883179,0.4943206310272217,6.8222336769104,1282.0,1345.7200520833333
industrial_changeover,3841,769,1,Order1,769,2.3199999999999998e-05,0.04998678155243397,1275.0,1218.0,5.562875509262085,0.4526381492614746,6.01551365852356,1210.0,1267.7724317295188
industrial_changeover,3842,769,2,Order2,769,2.318e-05,0.03369208611547947,1207.0,1177.0,5.5428221225738525,0.4496324062347412,5.992454528808594,1173.0,1220.998699609883
industrial_changeover,3843,769,3,Order3,769,2.3160000000000005e-05,0.025977148674428463,1213.0,1169.0,5.839156150817871,0.4536881446838379,6.292844295501709,1169.0,1190.592977893368
industrial_changeover,3844,769,4,Order4,769,2.3140000000000005e-05,-0.003281402983702719,1285.0,1231.0,5.491923570632935,0.42420482635498047,5.916128396987915,1225.0,1258.4980494148244
industrial_changeover,3845,769,5,Order5,769,2.312e-05,-0.04511105176061392,1309.0,1319.0,6.427547216415405,0.5092239379882812,6.9367711544036865,1282.0,1345.6853055916774
industrial_changeover,3846,770,1,Order1,770,2.31e-05,-0.051212381571531296,1220.0,1218.0,5.605608701705933,0.4605250358581543,6.066133737564087,1210.0,1267.7077922077922
industrial_changeover,3847,770,2,Order2,770,2.3080000000000003e-05,-0.024456876795738935,1173.0,1177.0,5.624494314193726,0.4575316905975342,6.08202600479126,1173.0,1220.9415584415585
industrial_changeover,3848,770,3,Order3,770,2.3060000000000003e-05,-0.0073509663343429565,1169.0,1169.0,5.949988603591919,0.4831733703613281,6.433161973953247,1169.0,1190.564935064935
industrial_changeover,3849,770,4,Order4,770,2.3040000000000006e-05,0.026091419626027346,1264.0,1231.0,5.475078821182251,0.4320530891418457,5.907131910324097,1225.0,1258.4623376623376
industrial_changeover,3850,770,5,Order5,770,2.3019999999999996e-05,-0.013551917858421803,1271.0,1308.0,6.553248405456543,0.5218579769134521,7.075106382369995,1282.0,1345.6363636363637
industrial_changeover,3851,771,1,Order1,771,2.3e-05,0.012054624268785119,1225.0,1218.0,5.771607398986816,0.4475245475769043,6.219131946563721,1210.0,1267.6433203631648
industrial_changeover,3852,771,2,Order2,771,2.298e-05,0.019587263464927673,1176.0,1177.0,5.637391567230225,0.44019269943237305,6.077584266662598,1173.0,1220.8845654993515
industrial_changeover,3853,771,3,Order3,771,2.2960000000000004e-05,0.010686897207051516,1169.0,1169.0,5.787333250045776,0.4707767963409424,6.258110046386719,1169.0,1190.5369649805448
industrial_changeover,3854,771,4,Order4,771,2.2940000000000007e-05,-0.0022816776181571186,1235.0,1231.0,5.562639474868774,0.4526808261871338,6.015320301055908,1225.0,1258.4267185473411
industrial_changeover,3855,771,5,Order5,771,2.2919999999999997e-05,0.027862554416060448,1345.0,1319.0,6.513591289520264,0.5325484275817871,7.046139717102051,1282.0,1345.6018158236056
industrial_changeover,3856,772,1,Order1,772,2.2899999999999998e-05,0.0010696887911763042,1230.0,1218.0,5.66613507270813,0.4654660224914551,6.131601095199585,1210.0,1267.5790155440413
industrial_changeover,3857,772,2,Order2,772,2.288e-05,-0.0011319104523863643,1184.0,1177.0,5.582381963729858,0.4604828357696533,6.042864799499512,1173.0,1220.8277202072538
industrial_changeover,3858,772,3,Order3,772,2.2860000000000005e-05,-0.001017716305796057,1184.0,1169.0,6.080842018127441,0.47334814071655273,6.554190158843994,1169.0,1190.509067357513
industrial_changeover,3859,772,4,Order4,772,2.2840000000000005e-05,0.009411457926034927,1264.0,1231.0,5.516911268234253,0.43430399894714355,5.9512152671813965,1225.0,1258.3911917098446
industrial_changeover,3860,772,5,Order5,772,2.282e-05,-0.03967238962650299,1274.0,1319.0,6.602048635482788,0.5238540172576904,7.1259026527404785,1282.0,1345.5673575129533
industrial_changeover,3861,773,1,Order1,773,2.28e-05,-0.019799480214715004,1223.0,1218.0,5.468073129653931,0.4330425262451172,5.901115655899048,1210.0,1267.5148771021993
industrial_changeover,3862,773,2,Order2,773,2.2780000000000002e-05,-0.0006191900611156598,1174.0,1177.0,5.2716264724731445,0.4111325740814209,5.682759046554565,1173.0,1220.771021992238
industrial_changeover,3863,773,3,Order3,773,2.2760000000000002e-05,0.005005880841054022,1169.0,1169.0,5.667593479156494,0.4512765407562256,6.11887001991272,1169.0,1190.4812419146183
industrial_changeover,3864,773,4,Order4,773,2.2740000000000006e-05,-0.0023260522866621614,1229.0,1231.0,5.216144561767578,0.425534725189209,5.641679286956787,1225.0,1258.3557567917205
industrial_changeover,3865,773,5,Order5,773,2.2719999999999996e-05,0.03326966613531113,1339.0,1319.0,6.27488899230957,0.4855048656463623,6.760393857955933,1282.0,1345.5329883570505
industrial_changeover,3866,774,1,Order1,774,2.27e-05,0.01113259419798851,1230.0,1218.0,5.559412956237793,0.4376070499420166,5.99702000617981,1210.0,1267.4509043927649
industrial_changeover,3867,774,2,Order2,774,2.268e-05,0.0025529793929308653,1173.0,1177.0,5.226557731628418,0.4463958740234375,5.6729536056518555,1173.0,1220.7144702842377
industrial_changeover,3868,774,3,Order3,774,2.2660000000000003e-05,-0.004689195309765637,1169.0,1169.0,5.728753089904785,0.44420909881591797,6.172962188720703,1169.0,1190.453488372093
industrial_changeover,3869,774,4,Order4,774,2.2640000000000007e-05,-0.022940248250961304,1225.0,1231.0,5.193545579910278,0.41501379013061523,5.6085593700408936,1225.0,1258.3204134366924
industrial_changeover,3870,774,5,Order5,774,2.2619999999999997e-05,-0.02197399642318487,1275.0,1308.0,6.174682378768921,0.47850966453552246,6.653192043304443,1282.0,1345.484496124031
industrial_changeover,3871,775,1,Order1,775,2.26e-05,0.06081246770918369,1283.0,1218.0,5.340775489807129,0.4229588508605957,5.763734340667725,1210.0,1267.3870967741937
industrial_changeover,3872,775,2,Order2,775,2.258e-05,0.009041215060278773,1176.0,1177.0,5.293758153915405,0.42203593254089355,5.715794086456299,1173.0,1220.6580645161291
industrial_changeover,3873,775,3,Order3,775,2.2560000000000004e-05,-0.007987875724211335,1169.0,1169.0,5.481790542602539,0.42611193656921387,5.907902479171753,1169.0,1190.425806451613
industrial_changeover,3874,775,4,Order4,775,2.2540000000000004e-05,-0.02329488843679428,1231.0,1231.0,5.019897222518921,0.4033966064453125,5.423293828964233,1225.0,1258.2851612903225
industrial_changeover,3875,775,5,Order5,775,2.2519999999999998e-05,-0.007422379101626575,1310.0,1308.0,6.174870014190674,0.5019965171813965,6.67686653137207,1282.0,1345.4361290322581
industrial_changeover,3876,776,1,Order1,776,2.2499999999999998e-05,0.042312479577958584,1283.0,1218.0,5.78551721572876,0.4627206325531006,6.24823784828186,1210.0,1267.3234536082475
industrial_changeover,3877,776,2,Order2,776,2.248e-05,-0.004483558004721999,1174.0,1177.0,5.418260097503662,0.41718411445617676,5.835444211959839,1173.0,1220.6018041237114
industrial_changeover,3878,776,3,Order3,776,2.2460000000000002e-05,0.0030880223494023085,1184.0,1169.0,5.661423206329346,0.469651460647583,6.131074666976929,1169.0,1190.3981958762886
industrial_changeover,3879,776,4,Order4,776,2.2440000000000005e-05,-0.0028339954442344606,1264.0,1231.0,5.362736940383911,0.4327540397644043,5.795490980148315,1225.0,1258.25
industrial_changeover,3880,776,5,Order5,776,2.2419999999999995e-05,-0.03984172269701958,1275.0,1308.0,6.643234968185425,0.539086103439331,7.182321071624756,1282.0,1345.3878865979382
industrial_changeover,3881,777,1,Order1,777,2.24e-05,-0.014782215468585491,1224.0,1218.0,5.613402605056763,0.4592099189758301,6.072612524032593,1210.0,1267.2599742599743
industrial_changeover,3882,777,2,Order2,777,2.2380000000000003e-05,0.008227207232266665,1177.0,1177.0,5.289099931716919,0.4345386028289795,5.723638534545898,1173.0,1220.5456885456886
industrial_changeover,3883,777,3,Order3,777,2.2360000000000003e-05,0.005700207548215985,1169.0,1169.0,5.596038341522217,0.44897961616516113,6.045017957687378,1169.0,1190.3706563706564
industrial_changeover,3884,777,4,Order4,777,2.2340000000000006e-05,0.025075861252844334,1266.0,1231.0,5.361692190170288,0.4316251277923584,5.7933173179626465,1225.0,1258.2149292149293
industrial_changeover,3885,777,5,Order5,777,2.2319999999999996e-05,-0.021441434044390917,1272.0,1319.0,6.245711326599121,0.49323153495788574,6.738942861557007,1282.0,1345.3539253539254
industrial_changeover,3886,778,1,Order1,778,2.23e-05,0.012551780790090561,1241.0,1218.0,5.428180456161499,0.4375748634338379,5.865755319595337,1210.0,1267.1966580976864
industrial_changeover,3887,778,2,Order2,778,2.228e-05,0.007429849123582244,1177.0,1177.0,5.305755138397217,0.4148674011230469,5.720622539520264,1173.0,1220.4897172236504
industrial_changeover,3888,778,3,Order3,778,2.2260000000000004e-05,-0.001418269530404359,1169.0,1169.0,5.676086664199829,0.4441087245941162,6.120195388793945,1169.0,1190.3431876606685
industrial_changeover,3889,778,4,Order4,778,2.2240000000000004e-05,-0.01673638168722391,1231.0,1231.0,5.187897205352783,0.4147613048553467,5.60265851020813,1225.0,1258.1799485861181
industrial_changeover,3890,778,5,Order5,778,2.2219999999999997e-05,-0.0038499420043081045,1307.0,1308.0,6.292122840881348,0.49353456497192383,6.7856574058532715,1282.0,1345.305912596401
industrial_changeover,3891,779,1,Order1,779,2.2199999999999998e-05,-0.0032716026762500405,1225.0,1218.0,5.497498035430908,0.43401288986206055,5.931510925292969,1210.0,1267.1335044929397
industrial_changeover,3892,779,2,Order2,779,2.218e-05,0.010845857439562678,1177.0,1177.0,5.310523271560669,0.427565336227417,5.738088607788086,1173.0,1220.433889602054
industrial_changeover,3893,779,3,Order3,779,2.2160000000000005e-05,0.009255070006474853,1175.0,1169.0,5.755234241485596,0.4538602828979492,6.209094524383545,1169.0,1190.3157894736842
industrial_changeover,3894,779,4,Order4,779,2.2140000000000005e-05,0.007935050642117858,1249.0,1231.0,5.24648380279541,0.42049670219421387,5.666980504989624,1225.0,1258.1450577663672
industrial_changeover,3895,779,5,Order5,779,2.2119999999999995e-05,-0.005494519718922675,1306.0,1308.0,6.152596712112427,0.5116233825683594,6.664220094680786,1282.0,1345.258023106547
industrial_changeover,3896,780,1,Order1,780,2.21e-05,-0.010876217391341925,1223.0,1218.0,5.5462377071380615,0.44099855422973633,5.987236261367798,1210.0,1267.070512820513
industrial_changeover,3897,780,2,Order2,780,2.2080000000000002e-05,0.06841357424855232,1250.0,1177.0,5.341769695281982,0.4318516254425049,5.773621320724487,1173.0,1220.378205128205
industrial_changeover,3898,780,3,Order3,780,2.2060000000000002e-05,-0.014244715217500925,1169.0,1169.0,5.707993745803833,0.4566822052001953,6.164675951004028,1169.0,1190.2884615384614
industrial_changeover,3899,780,4,Order4,780,2.2040000000000006e-05,-0.008576154941692948,1262.0,1231.0,5.313422203063965,0.41422343254089355,5.727645635604858,1225.0,1258.1102564102564
industrial_changeover,3900,780,5,Order5,780,2.2019999999999996e-05,-0.012360677355900407,1322.0,1319.0,6.360244274139404,0.5114665031433105,6.871710777282715,1282.0,1345.224358974359
industrial_changeover,3901,781,1,Order1,781,2.2e-05,-0.02535790903493762,1224.0,1218.0,5.5907886028289795,0.44210314750671387,6.032891750335693,1210.0,1267.0076824583866
industrial_changeover,3902,781,2,Order2,781,2.198e-05,-0.012212397996336222,1177.0,1177.0,5.351089239120483,0.41956496238708496,5.770654201507568,1173.0,1220.3226632522408
industrial_changeover,3903,781,3,Order3,781,2.1960000000000003e-05,0.01961025921627879,1197.0,1169.0,5.78282904624939,0.4776139259338379,6.2604429721832275,1169.0,1190.2612035851473
industrial_changeover,3904,781,4,Order4,781,2.1940000000000003e-05,0.017553655430674553,1269.0,1231.0,5.430601119995117,0.4309053421020508,5.861506462097168,1225.0,1258.0755441741358
industrial_changeover,3905,781,5,Order5,781,2.1919999999999997e-05,-0.03124099923297763,1275.0,1319.0,6.307433128356934,0.5071146488189697,6.814547777175903,1282.0,1345.190781049936
industrial_changeover,3906,782,1,Order1,782,2.1899999999999997e-05,-0.014626391930505633,1220.0,1218.0,5.555451393127441,0.4375312328338623,5.992982625961304,1210.0,1266.9450127877237
industrial_changeover,3907,782,2,Order2,782,2.188e-05,0.011722660157829523,1184.0,1177.0,5.419691324234009,0.4325692653656006,5.852260589599609,1173.0,1220.26726342711
industrial_changeover,3908,782,3,Order3,782,2.1860000000000004e-05,0.006241228198632598,1175.0,1169.0,5.6788170337677,0.4567253589630127,6.135542392730713,1169.0,1190.2340153452685
industrial_changeover,3909,782,4,Order4,782,2.1840000000000004e-05,0.013255058089271188,1249.0,1231.0,5.484709739685059,0.439464807510376,5.924174547195435,1225.0,1258.0409207161126
industrial_changeover,3910,782,5,Order5,782,2.1819999999999994e-05,0.026432649698108435,1346.0,1319.0,6.3363800048828125,0.4925711154937744,6.828951120376587,1282.0,1345.1572890025575
industrial_changeover,3911,783,1,Order1,783,2.1799999999999998e-05,0.023044473491609097,1259.0,1218.0,5.5538506507873535,0.435302734375,5.9891533851623535,1210.0,1266.882503192848
industrial_changeover,3912,783,2,Order2,783,2.178e-05,-0.012600786751136184,1177.0,1177.0,5.275083541870117,0.41949033737182617,5.694573879241943,1173.0,1220.212005108557
industrial_changeover,3913,783,3,Order3,783,2.1760000000000002e-05,-0.011951264925301075,1180.0,1169.0,5.754793882369995,0.4399399757385254,6.1947338581085205,1169.0,1190.2068965517242
industrial_changeover,3914,783,4,Order4,783,2.1740000000000005e-05,-0.03549195732921362,1225.0,1231.0,5.364544153213501,0.43358898162841797,5.798133134841919,1225.0,1258.006385696041
industrial_changeover,3915,783,5,Order5,783,2.1719999999999995e-05,-0.032344057224690914,1275.0,1308.0,6.372615814208984,0.4920220375061035,6.864637851715088,1282.0,1345.1098339719028
industrial_changeover,3916,784,1,Order1,784,2.17e-05,-0.0030848794849589467,1223.0,1218.0,5.59200644493103,0.4380204677581787,6.030026912689209,1210.0,1266.8201530612246
industrial_changeover,3917,784,2,Order2,784,2.168e-05,0.024329752661287785,1184.0,1177.0,5.427989482879639,0.4192328453063965,5.847222328186035,1173.0,1220.156887755102
industrial_changeover,3918,784,3,Order3,784,2.1660000000000003e-05,0.026206054724752903,1182.0,1169.0,5.7470362186431885,0.45415616035461426,6.201192378997803,1169.0,1190.1798469387754
industrial_changeover,3919,784,4,Order4,784,2.1640000000000006e-05,0.031179416924715042,1264.0,1231.0,5.3450539112091064,0.4115157127380371,5.7565696239471436,1225.0,1257.9719387755101
industrial_changeover,3920,784,5,Order5,784,2.1619999999999996e-05,0.011104106204584241,1319.0,1308.0,6.327308654785156,0.49454712867736816,6.821855783462524,1282.0,1345.0625
industrial_changeover,3921,785,1,Order1,785,2.1599999999999996e-05,-0.022231307812035084,1218.0,1218.0,5.420966386795044,0.4272799491882324,5.848246335983276,1210.0,1266.7579617834394
industrial_changeover,3922,785,2,Order2,785,2.158e-05,-0.013354358728975058,1177.0,1177.0,5.277696847915649,0.4098544120788574,5.687551259994507,1173.0,1220.1019108280254
industrial_changeover,3923,785,3,Order3,785,2.1560000000000004e-05,-0.016114039812237024,1169.0,1169.0,5.697056531906128,0.4422445297241211,6.139301061630249,1169.0,1190.1528662420383
industrial_changeover,3924,785,4,Order4,785,2.1540000000000004e-05,-0.015597535530105233,1231.0,1231.0,5.211701154708862,0.4068613052368164,5.618562459945679,1225.0,1257.9375796178344
industrial_changeover,3925,785,5,Order5,785,2.1519999999999997e-05,0.002104306418914348,1316.0,1308.0,6.225444555282593,0.49273228645324707,6.71817684173584,1282.0,1345.0152866242038
industrial_changeover,3926,786,1,Order1,786,2.1499999999999997e-05,0.0190962259657681,1241.0,1218.0,5.418917655944824,0.43262624740600586,5.85154390335083,1210.0,1266.6959287531806
industrial_changeover,3927,786,2,Order2,786,2.148e-05,0.007203661487437785,1174.0,1177.0,5.238606214523315,0.4345057010650635,5.673111915588379,1173.0,1220.0470737913486
industrial_changeover,3928,786,3,Order3,786,2.146e-05,0.0013682317803613842,1169.0,1169.0,5.6221723556518555,0.44595885276794434,6.0681312084198,1169.0,1190.1259541984732
industrial_changeover,3929,786,4,Order4,786,2.1440000000000005e-05,0.01889175735414028,1266.0,1231.0,5.201080799102783,0.40386056900024414,5.604941368103027,1225.0,1257.9033078880407
industrial_changeover,3930,786,5,Order5,786,2.1419999999999995e-05,-0.008740810677409172,1306.0,1308.0,6.185652256011963,0.48438215255737305,6.670034408569336,1282.0,1344.968193384224
industrial_changeover,3931,787,1,Order1,787,2.14e-05,0.0031830559601075947,1241.0,1218.0,5.3182055950164795,0.4248502254486084,5.743055820465088,1210.0,1266.6340533672173
industrial_changeover,3932,787,2,Order2,787,2.138e-05,0.022492564283311367,1204.0,1177.0,5.34375262260437,0.41866588592529297,5.762418508529663,1173.0,1219.992376111817
industrial_changeover,3933,787,3,Order3,787,2.1360000000000002e-05,-0.014938150299713016,1169.0,1169.0,5.576803684234619,0.4325907230377197,6.009394407272339,1169.0,1190.0991105463786
industrial_changeover,3934,787,4,Order4,787,2.1340000000000006e-05,-0.002360475598834455,1260.0,1225.0,5.260798931121826,0.41771817207336426,5.67851710319519,1225.0,1257.861499364676
industrial_changeover,3935,787,5,Order5,787,2.1319999999999996e-05,-0.06578877381980419,1236.0,1308.0,6.380061626434326,0.5139636993408203,6.8940253257751465,1282.0,1344.9212198221094
industrial_changeover,3936,788,1,Order1,788,2.13e-05,0.02378737786784768,1259.0,1218.0,5.783979415893555,0.4578726291656494,6.241852045059204,1210.0,1266.5723350253807
industrial_changeover,3937,788,2,Order2,788,2.128e-05,0.018889743834733963,1185.0,1177.0,5.458006858825684,0.4451870918273926,5.903193950653076,1173.0,1219.9378172588833
industrial_changeover,3938,788,3,Order3,788,2.1260000000000003e-05,0.01010880246758461,1169.0,1169.0,5.58650541305542,0.46938347816467285,6.055888891220093,1169.0,1190.0723350253807
industrial_changeover,3939,788,4,Order4,788,2.1240000000000003e-05,0.012030249228700995,1253.0,1231.0,5.689913988113403,0.43952035903930664,6.12943434715271,1225.0,1257.8274111675128
industrial_changeover,3940,788,5,Order5,788,2.1220000000000007e-05,0.05718148220330477,1397.0,1308.0,6.616525411605835,0.4877171516418457,7.104242563247681,1282.0,1344.8743654822335
industrial_changeover,3941,789,1,Order1,789,2.1199999999999997e-05,-0.004586795344948769,1241.0,1218.0,5.766260385513306,0.48462510108947754,6.250885486602783,1210.0,1266.510773130545
industrial_changeover,3942,789,2,Order2,789,2.118e-05,0.03521088417619467,1241.0,1177.0,5.326897859573364,0.46706295013427734,5.793960809707642,1173.0,1219.8833967046894
industrial_changeover,3943,789,3,Order3,789,2.116e-05,-0.034577191807329655,1169.0,1169.0,5.6281023025512695,0.4663534164428711,6.094455718994141,1169.0,1190.045627376426
industrial_changeover,3944,789,4,Order4,789,2.1140000000000004e-05,-0.05284158419817686,1225.0,1231.0,5.25019907951355,0.41879892349243164,5.6689980030059814,1225.0,1257.7934093789606
industrial_changeover,3945,789,5,Order5,789,2.1120000000000008e-05,-0.014053890714421868,1326.0,1308.0,6.247203350067139,0.4981522560119629,6.745355606079102,1282.0,1344.8276299112802
industrial_changeover,3946,790,1,Order1,790,2.1099999999999998e-05,-0.019085632171481848,1218.0,1218.0,5.384451150894165,0.430436372756958,5.814887523651123,1210.0,1266.4493670886077
industrial_changeover,3947,790,2,Order2,790,2.1079999999999998e-05,0.012812681263312697,1184.0,1177.0,5.379651784896851,0.428635835647583,5.808287620544434,1173.0,1219.8291139240507
industrial_changeover,3948,790,3,Order3,790,2.106e-05,0.035847024992108345,1196.0,1169.0,5.6932213306427,0.4760630130767822,6.169284343719482,1169.0,1190.0189873417721
industrial_changeover,3949,790,4,Order4,790,2.1040000000000005e-05,0.02031207922846079,1253.0,1231.0,5.3013975620269775,0.4182891845703125,5.71968674659729,1225.0,1257.759493670886
industrial_changeover,3950,790,5,Order5,790,2.1020000000000005e-05,0.025230078026652336,1351.0,1308.0,6.309261798858643,0.4887659549713135,6.798027753829956,1282.0,1344.7810126582278
industrial_changeover,3951,791,1,Order1,791,2.1e-05,-0.015887957997620106,1223.0,1218.0,5.628961563110352,0.44335055351257324,6.072312116622925,1210.0,1266.3881163084702
industrial_changeover,3952,791,2,Order2,791,2.098e-05,-0.016541166696697474,1174.0,1177.0,5.456154108047485,0.4155731201171875,5.871727228164673,1173.0,1219.7749683944373
industrial_changeover,3953,791,3,Order3,791,2.0960000000000003e-05,-0.01245676213875413,1182.0,1169.0,5.6552510261535645,0.4572148323059082,6.112465858459473,1169.0,1189.992414664981
industrial_changeover,3954,791,4,Order4,791,2.0940000000000003e-05,-0.014918430708348751,1231.0,1231.0,5.332933664321899,0.4295530319213867,5.762486696243286,1225.0,1257.725663716814
industrial_changeover,3955,791,5,Order5,791,2.0920000000000006e-05,-0.03207568917423487,1272.0,1308.0,6.349429130554199,0.5105452537536621,6.859974384307861,1282.0,1344.7345132743362
industrial_changeover,3956,792,1,Order1,792,2.0899999999999996e-05,0.0026379978517070413,1220.0,1218.0,5.624689817428589,0.4351165294647217,6.0598063468933105,1210.0,1266.32702020202
industrial_changeover,3957,792,2,Order2,792,2.088e-05,0.016708477400243282,1177.0,1177.0,5.357445478439331,0.42575907707214355,5.783204555511475,1173.0,1219.7209595959596
industrial_changeover,3958,792,3,Order3,792,2.086e-05,0.0175428562797606,1175.0,1169.0,5.6875505447387695,0.4489748477935791,6.136525392532349,1169.0,1189.965909090909
industrial_changeover,3959,792,4,Order4,792,2.0840000000000004e-05,0.03161997348070145,1253.0,1231.0,5.440132141113281,0.4553546905517578,5.895486831665039,1225.0,1257.6919191919192
industrial_changeover,3960,792,5,Order5,792,2.0820000000000007e-05,0.018600380048155785,1326.0,1308.0,6.622895240783691,0.5370583534240723,7.159953594207764,1282.0,1344.6881313131314
industrial_changeover,3961,793,1,Order1,793,2.0799999999999997e-05,0.047108521685004234,1280.0,1218.0,5.817175388336182,0.450681209564209,6.267856597900391,1210.0,1266.266078184111
industrial_changeover,3962,793,2,Order2,793,2.078e-05,-0.023496375419199467,1176.0,1177.0,5.560632228851318,0.42848849296569824,5.989120721817017,1173.0,1219.6670870113494
industrial_changeover,3963,793,3,Order3,793,2.076e-05,-0.040794639848172665,1169.0,1169.0,5.891432285308838,0.45905637741088867,6.350488662719727,1169.0,1189.9394703657
industrial_changeover,3964,793,4,Order4,793,2.0740000000000005e-05,0.0077504010405391455,1287.0,1231.0,5.497202396392822,0.42778539657592773,5.92498779296875,1225.0,1257.658259773014
industrial_changeover,3965,793,5,Order5,793,2.0720000000000005e-05,-0.027423406019806862,1307.0,1308.0,6.42026948928833,0.49605298042297363,6.916322469711304,1282.0,1344.641866330391
industrial_changeover,3966,794,1,Order1,794,2.07e-05,0.023561456240713596,1278.0,1218.0,5.655058860778809,0.4454314708709717,6.10049033164978,1210.0,1266.205289672544
industrial_changeover,3967,794,2,Order2,794,2.068e-05,0.10447949357330799,1296.0,1177.0,5.425320625305176,0.4190104007720947,5.8443310260772705,1173.0,1219.6133501259446
industrial_changeover,3968,794,3,Order3,794,2.0660000000000002e-05,-0.028649271931499243,1169.0,1169.0,5.715206861495972,0.4493675231933594,6.164574384689331,1169.0,1189.9130982367758
industrial_changeover,3969,794,4,Order4,794,2.0640000000000002e-05,-0.05773487314581871,1231.0,1225.0,5.374983549118042,0.4254286289215088,5.800412178039551,1225.0,1257.617128463476
industrial_changeover,3970,794,5,Order5,794,2.0620000000000006e-05,-0.04246722534298897,1305.0,1308.0,6.298960447311401,0.5006520748138428,6.799612522125244,1282.0,1344.595717884131
industrial_changeover,3971,795,1,Order1,795,2.0599999999999996e-05,-0.015749039128422737,1241.0,1218.0,5.599706172943115,0.43233513832092285,6.032041311264038,1210.0,1266.1446540880504
industrial_changeover,3972,795,2,Order2,795,2.058e-05,0.0010366150527261198,1185.0,1177.0,5.439343214035034,0.43199658393859863,5.871339797973633,1173.0,1219.559748427673
industrial_changeover,3973,795,3,Order3,795,2.0560000000000003e-05,0.010435916250571609,1175.0,1169.0,5.724395513534546,0.4948093891143799,6.219204902648926,1169.0,1189.8867924528302
industrial_changeover,3974,795,4,Order4,795,2.0540000000000003e-05,-0.0110252620652318,1225.0,1225.0,5.552162408828735,0.4661715030670166,6.018333911895752,1225.0,1257.5761006289308
industrial_changeover,3975,795,5,Order5,795,2.0520000000000007e-05,0.01080491067841649,1323.0,1308.0,6.5309154987335205,0.5151565074920654,7.046072006225586,1282.0,1344.5496855345912
industrial_changeover,3976,796,1,Order1,796,2.0499999999999997e-05,-0.0011737020104192197,1218.0,1218.0,5.776270866394043,0.43814969062805176,6.214420557022095,1210.0,1266.0841708542714
industrial_changeover,3977,796,2,Order2,796,2.048e-05,0.00923902913928032,1177.0,1177.0,5.36100172996521,0.4384310245513916,5.799432754516602,1173.0,1219.5062814070352
industrial_changeover,3978,796,3,Order3,796,2.046e-05,0.020378782879561186,1182.0,1169.0,5.727613210678101,0.44547438621520996,6.1730875968933105,1169.0,1189.860552763819
industrial_changeover,3979,796,4,Order4,796,2.0440000000000004e-05,0.03321046568453312,1266.0,1225.0,5.2820234298706055,0.41168761253356934,5.693711042404175,1225.0,1257.535175879397
industrial_changeover,3980,796,5,Order5,796,2.0420000000000004e-05,0.01712651178240776,1351.0,1308.0,6.228351593017578,0.4843170642852783,6.7126686573028564,1282.0,1344.5037688442212
industrial_changeover,3981,797,1,Order1,797,2.0399999999999998e-05,-0.02823856845498085,1220.0,1218.0,5.378843069076538,0.4383199214935303,5.817162990570068,1210.0,1266.0238393977415
industrial_changeover,3982,797,2,Order2,797,2.0379999999999998e-05,-0.022581296507269144,1177.0,1177.0,5.345331430435181,0.43550777435302734,5.780839204788208,1173.0,1219.452948557089
industrial_changeover,3983,797,3,Order3,797,2.036e-05,-0.01949214469641447,1169.0,1169.0,5.63213038444519,0.44028162956237793,6.072412014007568,1169.0,1189.8343789209537
industrial_changeover,3984,797,4,Order4,797,2.0340000000000005e-05,0.008109158836305141,1264.0,1225.0,5.179968595504761,0.4239673614501953,5.603935956954956,1225.0,1257.4943538268508
industrial_changeover,3985,797,5,Order5,797,2.0320000000000005e-05,0.03278310317546129,1371.0,1308.0,6.240429162979126,0.49276256561279297,6.733191728591919,1282.0,1344.4579673776661
industrial_changeover,3986,798,1,Order1,798,2.0299999999999995e-05,-0.016091066878288984,1223.0,1218.0,5.423760652542114,0.4251980781555176,5.848958730697632,1210.0,1265.9636591478697
industrial_changeover,3987,798,2,Order2,798,2.028e-05,-0.009203442838042974,1177.0,1177.0,5.3286895751953125,0.41095471382141113,5.739644289016724,1173.0,1219.3997493734337
industrial_changeover,3988,798,3,Order3,798,2.0260000000000003e-05,-0.008490372216328979,1169.0,1169.0,5.508765459060669,0.435899019241333,5.944664478302002,1169.0,1189.8082706766918
industrial_changeover,3989,798,4,Order4,798,2.0240000000000003e-05,0.009375516325235367,1266.0,1225.0,5.15126371383667,0.4066038131713867,5.557867527008057,1225.0,1257.453634085213
industrial_changeover,3990,798,5,Order5,798,2.0220000000000006e-05,-0.02989215962588787,1275.0,1308.0,6.1399009227752686,0.4783668518066406,6.618267774581909,1282.0,1344.4122807017543
industrial_changeover,3991,799,1,Order1,799,2.0199999999999996e-05,0.017459306865930557,1241.0,1218.0,5.364680528640747,0.42395710945129395,5.788637638092041,1210.0,1265.9036295369212
industrial_changeover,3992,799,2,Order2,799,2.018e-05,0.002479595714248717,1177.0,1177.0,5.223183631896973,0.4607994556427002,5.683983087539673,1173.0,1219.3466833541927
industrial_changeover,3993,799,3,Order3,799,2.016e-05,0.009943730430677533,1175.0,1169.0,5.713382244110107,0.4598357677459717,6.173218011856079,1169.0,1189.7822277847308
industrial_changeover,3994,799,4,Order4,799,2.0140000000000004e-05,0.020809490233659744,1264.0,1225.0,5.152710676193237,0.43562936782836914,5.5883400440216064,1225.0,1257.413016270338
industrial_changeover,3995,799,5,Order5,799,2.0120000000000004e-05,-0.014391289791092277,1309.0,1308.0,6.193844556808472,0.4841115474700928,6.6779561042785645,1282.0,1344.3667083854818
industrial_changeover,3996,800,1,Order1,800,2.0099999999999997e-05,0.028864718973636627,1275.0,1218.0,5.431143283843994,0.45611095428466797,5.887254238128662,1210.0,1265.84375
industrial_changeover,3997,800,2,Order2,800,2.0079999999999997e-05,-0.012565742712467909,1173.0,1177.0,5.452841758728027,0.47301340103149414,5.9258551597595215,1173.0,1219.29375
industrial_changeover,3998,800,3,Order3,800,2.006e-05,-0.015118804527446628,1169.0,1169.0,5.67837381362915,0.4761629104614258,6.154536724090576,1169.0,1189.75625
industrial_changeover,3999,800,4,Order4,800,2.0040000000000005e-05,-0.0302153998054564,1231.0,1225.0,5.554529190063477,0.44486284255981445,5.999392032623291,1225.0,1257.3725
industrial_changeover,4000,800,5,Order5,800,2.0020000000000005e-05,-0.016939133871346712,1300.0,1308.0,6.27245020866394,0.5260345935821533,6.798484802246094,1282.0,1344.32125
industrial_changeover,4001,801,1,Order1,801,1.9999999999999995e-05,0.049845246598124504,1280.0,1218.0,5.707000732421875,0.48381733894348145,6.1908180713653564,1210.0,1265.7840199750312
industrial_changeover,4002,801,2,Order2,801,1.998e-05,0.0028259261744096875,1173.0,1177.0,5.341325998306274,0.42142295837402344,5.762748956680298,1173.0,1219.2409488139824
industrial_changeover,4003,801,3,Order3,801,1.9960000000000002e-05,0.030694520100951195,1196.0,1169.0,5.607341051101685,0.4637722969055176,6.071113348007202,1169.0,1189.7303370786517
industrial_changeover,4004,801,4,Order4,801,1.9940000000000002e-05,-0.026896577794104815,1225.0,1225.0,5.333770990371704,0.4189896583557129,5.752760648727417,1225.0,1257.3320848938827
industrial_changeover,4005,801,5,Order5,801,1.9920000000000006e-05,-0.014562400756403804,1308.0,1308.0,6.207310676574707,0.48972010612487793,6.697030782699585,1282.0,1344.2759051186017
industrial_changeover,4006,802,1,Order1,802,1.9899999999999996e-05,-0.000938889614189975,1230.0,1218.0,5.511204957962036,0.4325225353240967,5.943727493286133,1210.0,1265.724438902743
industrial_changeover,4007,802,2,Order2,802,1.988e-05,0.007410051301121712,1187.0,1177.0,5.28393816947937,0.41578030586242676,5.699718475341797,1173.0,1219.1882793017455
industrial_changeover,4008,802,3,Order3,802,1.986e-05,0.01746082678437233,1197.0,1169.0,5.699950933456421,0.44765233993530273,6.147603273391724,1169.0,1189.7044887780548
industrial_changeover,4009,802,4,Order4,802,1.9840000000000003e-05,0.01713708136230707,1266.0,1225.0,5.311508655548096,0.42783284187316895,5.739341497421265,1225.0,1257.291770573566
industrial_changeover,4010,802,5,Order5,802,1.9820000000000007e-05,-0.015819373074918985,1306.0,1308.0,6.268017530441284,0.49393200874328613,6.76194953918457,1282.0,1344.2306733167081
industrial_changeover,4011,803,1,Order1,803,1.9799999999999997e-05,-0.017633375246077776,1223.0,1218.0,5.553807497024536,0.4386169910430908,5.992424488067627,1210.0,1265.6650062266501
industrial_changeover,4012,803,2,Order2,803,1.9779999999999997e-05,-0.004616035264916718,1177.0,1177.0,5.3658506870269775,0.4243321418762207,5.790182828903198,1173.0,1219.1357409713573
industrial_changeover,4013,803,3,Order3,803,1.976e-05,-0.012367436196655035,1169.0,1169.0,5.670888423919678,0.45610785484313965,6.126996278762817,1169.0,1189.6787048567871
industrial_changeover,4014,803,4,Order4,803,1.9740000000000004e-05,0.02610224625095725,1269.0,1225.0,5.2151453495025635,0.43065595626831055,5.645801305770874,1225.0,1257.2515566625157
industrial_changeover,4015,803,5,Order5,803,1.9720000000000004e-05,-0.0070295981131494045,1305.0,1308.0,6.363081455230713,0.4943976402282715,6.857479095458984,1282.0,1344.1855541718555
industrial_changeover,4016,804,1,Order1,804,1.9699999999999998e-05,0.042072868905961514,1280.0,1218.0,5.5421037673950195,0.4421825408935547,5.984286308288574,1210.0,1265.6057213930349
industrial_changeover,4017,804,2,Order2,804,1.9679999999999998e-05,-0.010676609817892313,1172.0,1177.0,5.3435587882995605,0.4207782745361328,5.764337062835693,1173.0,1219.0833333333333
industrial_changeover,4018,804,3,Order3,804,1.966e-05,0.008390601258724928,1208.0,1169.0,5.678314447402954,0.45340561866760254,6.131720066070557,1169.0,1189.652985074627
industrial_changeover,4019,804,4,Order4,804,1.9640000000000002e-05,-0.028557973448187113,1231.0,1225.0,5.383081436157227,0.4194173812866211,5.802498817443848,1225.0,1257.2114427860697
industrial_changeover,4020,804,5,Order5,804,1.9620000000000005e-05,-0.0036688148975372314,1324.0,1308.0,6.339168548583984,0.5002961158752441,6.8394646644592285,1282.0,1344.1405472636816
industrial_changeover,4021,805,1,Order1,805,1.9599999999999995e-05,-0.021092564333230257,1218.0,1218.0,5.682065010070801,0.43795204162597656,6.120017051696777,1210.0,1265.5465838509317
industrial_changeover,4022,805,2,Order2,805,1.958e-05,0.004377614823170006,1183.0,1177.0,5.4302146434783936,0.43055248260498047,5.860767126083374,1173.0,1219.0310559006211
industrial_changeover,4023,805,3,Order3,805,1.956e-05,0.006471872795373201,1182.0,1169.0,5.782170057296753,0.4573395252227783,6.239509582519531,1169.0,1189.6273291925465
industrial_changeover,4024,805,4,Order4,805,1.9540000000000003e-05,-0.004688334185630083,1231.0,1231.0,5.403814077377319,0.4242894649505615,5.828103542327881,1225.0,1257.1788819875776
industrial_changeover,4025,805,5,Order5,805,1.9520000000000006e-05,-0.03677958436310291,1256.0,1308.0,6.481368780136108,0.5175237655639648,6.998892545700073,1282.0,1344.095652173913
industrial_changeover,4026,806,1,Order1,806,1.9499999999999996e-05,0.007321108365431428,1225.0,1218.0,5.525852680206299,0.4234158992767334,5.949268579483032,1210.0,1265.487593052109
industrial_changeover,4027,806,2,Order2,806,1.948e-05,0.04475117102265358,1205.0,1177.0,5.515880346298218,0.4229562282562256,5.938836574554443,1173.0,1218.9789081885856
industrial_changeover,4028,806,3,Order3,806,1.946e-05,0.02618138352409005,1196.0,1169.0,5.828505039215088,0.5126628875732422,6.34116792678833,1169.0,1189.6017369727047
industrial_changeover,4029,806,4,Order4,806,1.9440000000000004e-05,0.013673063134774566,1249.0,1231.0,5.345361232757568,0.43359971046447754,5.778960943222046,1225.0,1257.1464019851117
industrial_changeover,4030,806,5,Order5,806,1.9420000000000004e-05,0.03217240422964096,1366.0,1308.0,6.434469699859619,0.4885249137878418,6.922994613647461,1282.0,1344.0508684863523
industrial_changeover,4031,807,1,Order1,807,1.9399999999999997e-05,0.007544864667579532,1259.0,1218.0,5.6632513999938965,0.45818042755126953,6.121431827545166,1210.0,1265.4287484510533
industrial_changeover,4032,807,2,Order2,807,1.9379999999999997e-05,-0.003990168566815555,1205.0,1177.0,5.873097896575928,0.44812560081481934,6.321223497390747,1173.0,1218.9268897149939
industrial_changeover,4033,807,3,Order3,807,1.936e-05,-0.02487282734364271,1196.0,1169.0,6.025287628173828,0.4731142520904541,6.498401880264282,1169.0,1189.5762081784387
industrial_changeover,4034,807,4,Order4,807,1.934e-05,-0.04015844687819481,1229.0,1231.0,5.756906986236572,0.45835065841674805,6.21525764465332,1225.0,1257.1140024783147
industrial_changeover,4035,807,5,Order5,807,1.9320000000000005e-05,-0.015018468024209142,1320.0,1308.0,6.538601875305176,0.5182883739471436,7.056890249252319,1282.0,1344.006195786865
industrial_changeover,4036,808,1,Order1,808,1.9299999999999995e-05,-0.019417867064476013,1218.0,1218.0,5.4712982177734375,0.4304211139678955,5.901719331741333,1210.0,1265.3700495049504
industrial_changeover,4037,808,2,Order2,808,1.928e-05,0.00974988448433578,1188.0,1177.0,5.326029300689697,0.4355194568634033,5.761548757553101,1173.0,1218.875
industrial_changeover,4038,808,3,Order3,808,1.9260000000000002e-05,0.02086900221183896,1197.0,1169.0,5.678231239318848,0.4634263515472412,6.141657590866089,1169.0,1189.5507425742574
industrial_changeover,4039,808,4,Order4,808,1.9240000000000002e-05,0.0056998791405931115,1231.0,1231.0,5.212443113327026,0.4363560676574707,5.648799180984497,1225.0,1257.0816831683169
industrial_changeover,4040,808,5,Order5,808,1.9220000000000006e-05,0.006699364050291479,1324.0,1308.0,6.20015549659729,0.4889261722564697,6.68908166885376,1282.0,1343.9616336633662
industrial_changeover,4041,809,1,Order1,809,1.9199999999999996e-05,0.022297996561974287,1241.0,1218.0,5.337162971496582,0.4190959930419922,5.756258964538574,1210.0,1265.3114956736713
industrial_changeover,4042,809,2,Order2,809,1.918e-05,-0.011577950557693839,1174.0,1177.0,5.322965860366821,0.4131736755371094,5.736139535903931,1173.0,1218.823238566131
industrial_changeover,4043,809,3,Order3,809,1.916e-05,-0.021663918159902096,1169.0,1169.0,5.6043171882629395,0.43854832649230957,6.042865514755249,1169.0,1189.5253399258343
industrial_changeover,4044,809,4,Order4,809,1.9140000000000003e-05,-0.011064992984756827,1231.0,1231.0,5.125552177429199,0.4086322784423828,5.534184455871582,1225.0,1257.0494437577256
industrial_changeover,4045,809,5,Order5,809,1.9120000000000003e-05,0.008791967760771513,1330.0,1308.0,6.306551694869995,0.48354077339172363,6.790092468261719,1282.0,1343.9171817058098
industrial_changeover,4046,810,1,Order1,810,1.9099999999999997e-05,0.02743601007387042,1256.0,1218.0,5.376732587814331,0.4192929267883301,5.796025514602661,1210.0,1265.2530864197531
industrial_changeover,4047,810,2,Order2,810,1.9079999999999997e-05,-0.0038228605990298092,1177.0,1177.0,5.206997871398926,0.42078709602355957,5.627784967422485,1173.0,1218.7716049382716
industrial_changeover,4048,810,3,Order3,810,1.906e-05,-0.01496333652175963,1169.0,1169.0,5.5948264598846436,0.44045281410217285,6.035279273986816,1169.0,1189.5
industrial_changeover,4049,810,4,Order4,810,1.904e-05,0.005191406002268195,1249.0,1231.0,5.142868518829346,0.4010279178619385,5.543896436691284,1225.0,1257.0172839506172
industrial_changeover,4050,810,5,Order5,810,1.9020000000000004e-05,-0.015219074906781316,1303.0,1308.0,6.138997316360474,0.4774818420410156,6.616479158401489,1282.0,1343.8728395061728
industrial_changeover,4051,811,1,Order1,811,1.8999999999999994e-05,-0.006189385894685984,1225.0,1218.0,5.393923997879028,0.4660916328430176,5.860015630722046,1210.0,1265.1948212083846
industrial_changeover,4052,811,2,Order2,811,1.8979999999999998e-05,0.009578807046636939,1184.0,1177.0,5.484484910964966,0.43733954429626465,5.9218244552612305,1173.0,1218.7200986436499
industrial_changeover,4053,811,3,Order3,811,1.896e-05,0.009121299255639315,1182.0,1169.0,5.662036418914795,0.4528017044067383,6.114838123321533,1169.0,1189.474722564735
industrial_changeover,4054,811,4,Order4,811,1.894e-05,-0.007289105444215238,1229.0,1231.0,5.592813968658447,0.4171731472015381,6.009987115859985,1225.0,1256.9852034525277
industrial_changeover,4055,811,5,Order5,811,1.8920000000000005e-05,0.024969960562884808,1350.0,1308.0,6.282500505447388,0.5090365409851074,6.791537046432495,1282.0,1343.8286066584465
industrial_changeover,4056,812,1,Order1,812,1.8899999999999995e-05,-0.00907215615734458,1223.0,1218.0,5.547686815261841,0.46258974075317383,6.010276556015015,1210.0,1265.1366995073893
industrial_changeover,4057,812,2,Order2,812,1.888e-05,-0.005273757386021316,1173.0,1177.0,5.551758766174316,0.42462825775146484,5.976387023925781,1173.0,1218.6687192118227
industrial_changeover,4058,812,3,Order3,812,1.886e-05,0.013411501189693809,1196.0,1169.0,5.835771083831787,0.49176979064941406,6.327540874481201,1169.0,1189.4495073891626
industrial_changeover,4059,812,4,Order4,812,1.8840000000000003e-05,-0.013207179494202137,1229.0,1231.0,5.418851613998413,0.42261719703674316,5.841468811035156,1225.0,1256.9532019704434
industrial_changeover,4060,812,5,Order5,812,1.8820000000000003e-05,-0.012492853216826916,1309.0,1308.0,6.545544862747192,0.488025426864624,7.033570289611816,1282.0,1343.7844827586207
industrial_changeover,4061,813,1,Order1,813,1.8799999999999996e-05,-0.00874484796077013,1223.0,1218.0,5.466797590255737,0.42052555084228516,5.8873231410980225,1210.0,1265.0787207872079
industrial_changeover,4062,813,2,Order2,813,1.8779999999999996e-05,0.0069507204461842775,1184.0,1177.0,5.348530292510986,0.42568302154541016,5.7742133140563965,1173.0,1218.6174661746618
industrial_changeover,4063,813,3,Order3,813,1.876e-05,-0.008301075082272291,1169.0,1169.0,5.631428241729736,0.4407927989959717,6.072221040725708,1169.0,1189.4243542435424
industrial_changeover,4064,813,4,Order4,813,1.8740000000000004e-05,-5.585789040196687e-05,1225.0,1231.0,5.277156829833984,0.4237382411956787,5.700895071029663,1225.0,1256.9212792127921
industrial_changeover,4065,813,5,Order5,813,1.8720000000000004e-05,0.0008156641124514863,1305.0,1308.0,6.261487245559692,0.5164575576782227,6.777944803237915,1282.0,1343.740467404674
industrial_changeover,4066,814,1,Order1,814,1.8700000000000007e-05,0.04107931908220053,1259.0,1218.0,5.571908235549927,0.45003676414489746,6.021944999694824,1210.0,1265.0208845208845
industrial_changeover,4067,814,2,Order2,814,1.8679999999999997e-05,0.03312008921056986,1207.0,1177.0,5.375329971313477,0.42160534858703613,5.796935319900513,1173.0,1218.566339066339
industrial_changeover,4068,814,3,Order3,814,1.866e-05,0.022043026983737946,1213.0,1169.0,5.741162300109863,0.44902467727661133,6.190186977386475,1169.0,1189.3992628992628
industrial_changeover,4069,814,4,Order4,814,1.864e-05,-0.0062917162431403995,1249.0,1231.0,5.315971851348877,0.45082545280456543,5.766797304153442,1225.0,1256.8894348894348
industrial_changeover,4070,814,5,Order5,814,1.8620000000000005e-05,-0.03532647993415594,1305.0,1308.0,6.248783111572266,0.4961662292480469,6.7449493408203125,1282.0,1343.69656019656
industrial_changeover,4071,815,1,Order1,815,1.8600000000000005e-05,-0.027745121624320745,1226.0,1218.0,5.582656621932983,0.450824499130249,6.033481121063232,1210.0,1264.9631901840492
industrial_changeover,4072,815,2,Order2,815,1.8579999999999998e-05,-0.017769240774214268,1173.0,1177.0,5.455812692642212,0.41182899475097656,5.8676416873931885,1173.0,1218.515337423313
industrial_changeover,4073,815,3,Order3,815,1.856e-05,-0.020413312129676342,1169.0,1169.0,5.587239980697632,0.45281028747558594,6.040050268173218,1169.0,1189.3742331288342
industrial_changeover,4074,815,4,Order4,815,1.8540000000000002e-05,0.03184747137129307,1264.0,1231.0,5.341552019119263,0.428600549697876,5.770152568817139,1225.0,1256.8576687116565
industrial_changeover,4075,815,5,Order5,815,1.8520000000000006e-05,0.0011524237343110144,1308.0,1308.0,6.520104646682739,0.5097687244415283,7.029873371124268,1282.0,1343.6527607361963
industrial_changeover,4076,816,1,Order1,816,1.8500000000000006e-05,0.0032914961921051145,1223.0,1218.0,5.562600612640381,0.45526766777038574,6.017868280410767,1210.0,1264.9056372549019
industrial_changeover,4077,816,2,Order2,816,1.8479999999999996e-05,0.004741981974802911,1176.0,1177.0,5.429527521133423,0.4384186267852783,5.867946147918701,1173.0,1218.4644607843138
industrial_changeover,4078,816,3,Order3,816,1.846e-05,-0.005405153497122228,1169.0,1169.0,5.7620861530303955,0.44171929359436035,6.203805446624756,1169.0,1189.3492647058824
industrial_changeover,4079,816,4,Order4,816,1.8440000000000003e-05,0.019384741317480803,1253.0,1231.0,5.306034803390503,0.4293191432952881,5.735353946685791,1225.0,1256.825980392157
industrial_changeover,4080,816,5,Order5,816,1.8420000000000003e-05,-0.042241908609867096,1252.0,1308.0,6.367891073226929,0.5208821296691895,6.888773202896118,1282.0,1343.609068627451
industrial_changeover,4081,817,1,Order1,817,1.8400000000000007e-05,0.0006723165570292622,1225.0,1218.0,5.645474195480347,0.46546292304992676,6.110937118530273,1210.0,1264.8482252141982
industrial_changeover,4082,817,2,Order2,817,1.8379999999999997e-05,0.00639646069612354,1173.0,1177.0,5.500725030899048,0.43525004386901855,5.935975074768066,1173.0,1218.4137086903304
industrial_changeover,4083,817,3,Order3,817,1.836e-05,0.00900174304842949,1175.0,1169.0,5.727338552474976,0.44617795944213867,6.173516511917114,1169.0,1189.3243574051407
industrial_changeover,4084,817,4,Order4,817,1.834e-05,0.03277797996997833,1264.0,1231.0,5.470633268356323,0.4263901710510254,5.897023439407349,1225.0,1256.794369645043
industrial_changeover,4085,817,5,Order5,817,1.8320000000000004e-05,0.0015209536941256374,1316.0,1308.0,6.302753448486328,0.5106265544891357,6.813380002975464,1282.0,1343.5654834761322
industrial_changeover,4086,818,1,Order1,818,1.8300000000000004e-05,-0.012410469586029649,1218.0,1218.0,5.563958644866943,0.44562244415283203,6.009581089019775,1210.0,1264.7909535452322
industrial_changeover,4087,818,2,Order2,818,1.8279999999999998e-05,-0.0030019719270057976,1177.0,1177.0,5.248612880706787,0.4240074157714844,5.6726202964782715,1173.0,1218.3630806845965
industrial_changeover,4088,818,3,Order3,818,1.8259999999999998e-05,0.05676024500280619,1232.0,1169.0,5.744137525558472,0.4547898769378662,6.198927402496338,1169.0,1189.299511002445
industrial_changeover,4089,818,4,Order4,818,1.824e-05,-0.003455064201261848,1249.0,1231.0,5.3478782176971436,0.4067814350128174,5.754659652709961,1225.0,1256.762836185819
industrial_changeover,4090,818,5,Order5,818,1.8220000000000005e-05,-0.049674599431455135,1272.0,1308.0,6.428419351577759,0.5129969120025635,6.941416263580322,1282.0,1343.5220048899755
industrial_changeover,4091,819,1,Order1,819,1.8200000000000005e-05,0.019842906389385462,1275.0,1218.0,5.677304267883301,0.45297980308532715,6.130284070968628,1210.0,1264.7338217338217
industrial_changeover,4092,819,2,Order2,819,1.8179999999999995e-05,-0.013128680177032948,1174.0,1177.0,5.551022291183472,0.4689905643463135,6.020012855529785,1173.0,1218.3125763125763
industrial_changeover,4093,819,3,Order3,819,1.816e-05,0.016857535112649202,1213.0,1169.0,5.8061769008636475,0.4576888084411621,6.26386570930481,1169.0,1189.2747252747254
industrial_changeover,4094,819,4,Order4,819,1.8140000000000003e-05,-5.34950231667608e-05,1253.0,1231.0,5.512603282928467,0.40756821632385254,5.920171499252319,1225.0,1256.7313797313798
industrial_changeover,4095,819,5,Order5,819,1.8120000000000003e-05,-0.04379400331526995,1271.0,1308.0,6.254424333572388,0.5288097858428955,6.783234119415283,1282.0,1343.4786324786326
industrial_changeover,4096,820,1,Order1,820,1.8100000000000006e-05,0.003110312216449529,1241.0,1218.0,5.437355279922485,0.4211735725402832,5.8585288524627686,1210.0,1264.6768292682927
industrial_changeover,4097,820,2,Order2,820,1.8079999999999996e-05,0.006107290042564273,1184.0,1177.0,5.339973449707031,0.41582345962524414,5.755796909332275,1173.0,1218.2621951219512
industrial_changeover,4098,820,3,Order3,820,1.806e-05,-0.012355607701465487,1169.0,1169.0,5.553989410400391,0.4543633460998535,6.008352756500244,1169.0,1189.25
industrial_changeover,4099,820,4,Order4,820,1.804e-05,-0.0031608924036845565,1225.0,1231.0,5.240757703781128,0.4004499912261963,5.641207695007324,1225.0,1256.7
industrial_changeover,4100,820,5,Order5,820,1.8020000000000004e-05,0.007211304386146367,1309.0,1308.0,6.17223334312439,0.4899771213531494,6.662210464477539,1282.0,1343.4353658536586
industrial_changeover,4101,821,1,Order1,821,1.8000000000000007e-05,0.054284374229609966,1278.0,1218.0,5.482074737548828,0.42717409133911133,5.9092488288879395,1210.0,1264.619975639464
industrial_changeover,4102,821,2,Order2,821,1.7979999999999997e-05,0.009216649690642953,1184.0,1177.0,5.283861398696899,0.4302341938018799,5.714095592498779,1173.0,1218.2119366626066
industrial_changeover,4103,821,3,Order3,821,1.7959999999999997e-05,-0.019581455271691084,1175.0,1169.0,5.670926809310913,0.45037293434143066,6.121299743652344,1169.0,1189.2253349573691
industrial_changeover,4104,821,4,Order4,821,1.794e-05,0.0058937371941283345,1260.0,1231.0,5.197569847106934,0.4120752811431885,5.609645128250122,1225.0,1256.6686967113276
industrial_changeover,4105,821,5,Order5,821,1.7920000000000005e-05,-0.014760448597371578,1305.0,1308.0,6.045385360717773,0.4904301166534424,6.535815477371216,1282.0,1343.3922046285018
industrial_changeover,4106,822,1,Order1,822,1.7900000000000005e-05,-0.02350229909643531,1218.0,1218.0,5.348595380783081,0.41725826263427734,5.765853643417358,1210.0,1264.5632603406325
industrial_changeover,4107,822,2,Order2,822,1.7879999999999998e-05,-0.006591707235202193,1174.0,1177.0,5.307754039764404,0.412639856338501,5.720393896102905,1173.0,1218.161800486618
industrial_changeover,4108,822,3,Order3,822,1.786e-05,-0.0035365837975405157,1175.0,1169.0,5.600750207901001,0.43216967582702637,6.032919883728027,1169.0,1189.2007299270074
industrial_changeover,4109,822,4,Order4,822,1.7840000000000002e-05,-0.002321859123185277,1231.0,1231.0,5.14065957069397,0.43133068084716797,5.571990251541138,1225.0,1256.6374695863747
industrial_changeover,4110,822,5,Order5,822,1.7820000000000002e-05,0.0317827882245183,1345.0,1308.0,6.394665241241455,0.49525880813598633,6.889924049377441,1282.0,1343.3491484184915
industrial_changeover,4111,823,1,Order1,823,1.7800000000000006e-05,0.046191977337002754,1275.0,1218.0,5.760444402694702,0.457700252532959,6.218144655227661,1210.0,1264.5066828675576
industrial_changeover,4112,823,2,Order2,823,1.7779999999999996e-05,0.004820849862881005,1188.0,1177.0,5.4067511558532715,0.4578242301940918,5.864575386047363,1173.0,1218.1117861482383
industrial_changeover,4113,823,3,Order3,823,1.776e-05,-0.02027354994788766,1175.0,1169.0,5.66630744934082,0.4837639331817627,6.150071382522583,1169.0,1189.176184690158
industrial_changeover,4114,823,4,Order4,823,1.774e-05,-0.013518261956050992,1249.0,1231.0,5.424407482147217,0.4574589729309082,5.881866455078125,1225.0,1256.6063183475092
industrial_changeover,4115,823,5,Order5,823,1.7720000000000003e-05,-0.019223244860768318,1313.0,1308.0,6.195736885070801,0.5094857215881348,6.7052226066589355,1282.0,1343.3061968408263
industrial_changeover,4116,824,1,Order1,824,1.7700000000000007e-05,0.032659051939845085,1283.0,1218.0,5.69594144821167,0.45667600631713867,6.152617454528809,1210.0,1264.4502427184466
industrial_changeover,4117,824,2,Order2,824,1.7679999999999997e-05,-0.009388930862769485,1173.0,1177.0,5.524524688720703,0.433974027633667,5.95849871635437,1173.0,1218.0618932038835
industrial_changeover,4118,824,3,Order3,824,1.766e-05,-0.01515204505994916,1169.0,1169.0,5.877635955810547,0.49581098556518555,6.373446941375732,1169.0,1189.1516990291261
industrial_changeover,4119,824,4,Order4,824,1.764e-05,-0.005207512644119561,1249.0,1225.0,5.314721345901489,0.4179844856262207,5.73270583152771,1225.0,1256.5679611650485
industrial_changeover,4120,824,5,Order5,824,1.7620000000000004e-05,-0.005677121924236417,1308.0,1308.0,6.329035997390747,0.5049021244049072,6.833938121795654,1282.0,1343.263349514563
industrial_changeover,4121,825,1,Order1,825,1.7600000000000004e-05,-0.00786571903154254,1224.0,1218.0,5.468672513961792,0.4363064765930176,5.90497899055481,1210.0,1264.3939393939395
industrial_changeover,4122,825,2,Order2,825,1.7579999999999998e-05,0.016058162786066532,1188.0,1177.0,5.318591833114624,0.4241187572479248,5.742710590362549,1173.0,1218.0121212121212
industrial_changeover,4123,825,3,Order3,825,1.7559999999999998e-05,0.0002767110272543505,1169.0,1169.0,5.647538423538208,0.4606971740722656,6.108235597610474,1169.0,1189.1272727272728
industrial_changeover,4124,825,4,Order4,825,1.754e-05,-0.01639573834836483,1225.0,1225.0,5.3556365966796875,0.4521455764770508,5.807782173156738,1225.0,1256.529696969697
industrial_changeover,4125,825,5,Order5,825,1.752e-05,-0.04029879719018936,1251.0,1308.0,6.3945207595825195,0.5125343799591064,6.907055139541626,1282.0,1343.220606060606
industrial_changeover,4126,826,1,Order1,826,1.7500000000000005e-05,0.05752748530358076,1283.0,1218.0,5.601416826248169,0.44486570358276367,6.046282529830933,1210.0,1264.3377723970943
industrial_changeover,4127,826,2,Order2,826,1.7479999999999995e-05,0.012457121862098575,1174.0,1177.0,5.393472194671631,0.42426633834838867,5.8177385330200195,1173.0,1217.9624697336562
industrial_changeover,4128,826,3,Order3,826,1.746e-05,0.009254324482753873,1175.0,1169.0,5.710464954376221,0.4440724849700928,6.1545374393463135,1169.0,1189.1029055690074
industrial_changeover,4129,826,4,Order4,826,1.7440000000000002e-05,-0.01658036094158888,1229.0,1225.0,5.282063961029053,0.42953968048095703,5.71160364151001,1225.0,1256.4915254237287
industrial_changeover,4130,826,5,Order5,826,1.7420000000000003e-05,-0.02317368471994996,1275.0,1308.0,6.299543857574463,0.4905390739440918,6.790082931518555,1282.0,1343.177966101695
industrial_changeover,4131,827,1,Order1,827,1.7400000000000006e-05,0.02326184045523405,1256.0,1218.0,5.549256801605225,0.4440433979034424,5.993300199508667,1210.0,1264.2817412333736
industrial_changeover,4132,827,2,Order2,827,1.7379999999999996e-05,0.0114736114628613,1184.0,1177.0,5.369110584259033,0.42200493812561035,5.7911155223846436,1173.0,1217.912938331318
industrial_changeover,4133,827,3,Order3,827,1.736e-05,-0.003833084541838616,1169.0,1169.0,5.589582681655884,0.4455997943878174,6.035182476043701,1169.0,1189.0785973397824
industrial_changeover,4134,827,4,Order4,827,1.734e-05,0.02050098543986678,1264.0,1225.0,5.30368185043335,0.41394829750061035,5.71763014793396,1225.0,1256.453446191052
industrial_changeover,4135,827,5,Order5,827,1.7320000000000004e-05,-0.03481113538146019,1272.0,1308.0,6.311645984649658,0.4967992305755615,6.80844521522522,1282.0,1343.1354292623942
industrial_changeover,4136,828,1,Order1,828,1.7300000000000004e-05,-0.013797499937936664,1225.0,1218.0,5.498239278793335,0.4587724208831787,5.957011699676514,1210.0,1264.225845410628
industrial_changeover,4137,828,2,Order2,828,1.7279999999999997e-05,0.044864680618047714,1225.0,1177.0,5.446306943893433,0.4236335754394531,5.869940519332886,1173.0,1217.8635265700484
industrial_changeover,4138,828,3,Order3,828,1.7259999999999997e-05,-0.004537201952189207,1169.0,1169.0,5.722511291503906,0.4424479007720947,6.164959192276001,1169.0,1189.054347826087
industrial_changeover,4139,828,4,Order4,828,1.724e-05,-0.018875329289585352,1229.0,1225.0,5.374689340591431,0.41825342178344727,5.792942762374878,1225.0,1256.415458937198
industrial_changeover,4140,828,5,Order5,828,1.722e-05,0.06717711500823498,1420.0,1308.0,6.2592058181762695,0.4974970817565918,6.756702899932861,1282.0,1343.092995169082
industrial_changeover,4141,829,1,Order1,829,1.7200000000000005e-05,0.030349138658493757,1278.0,1218.0,5.563155651092529,0.4319603443145752,5.9951159954071045,1210.0,1264.1700844390832
industrial_changeover,4142,829,2,Order2,829,1.7179999999999995e-05,-0.02074455749243498,1174.0,1177.0,5.388503789901733,0.4251110553741455,5.813614845275879,1173.0,1217.814234016888
industrial_changeover,4143,829,3,Order3,829,1.716e-05,-0.03053476521745324,1169.0,1169.0,5.788241624832153,0.4777350425720215,6.265976667404175,1169.0,1189.0301568154403
industrial_changeover,4144,829,4,Order4,829,1.7140000000000002e-05,0.00026221453299513087,1264.0,1225.0,5.4711220264434814,0.4465956687927246,5.917717695236206,1225.0,1256.3775633293124
industrial_changeover,4145,829,5,Order5,829,1.7120000000000002e-05,0.029818044044077396,1387.0,1308.0,6.450453996658325,0.4931671619415283,6.9436211585998535,1282.0,1343.0506634499397
industrial_changeover,4146,830,1,Order1,830,1.7100000000000006e-05,-0.028238534461706877,1223.0,1218.0,5.626976490020752,0.4507148265838623,6.077691316604614,1210.0,1264.1144578313254
industrial_changeover,4147,830,2,Order2,830,1.7079999999999996e-05,-0.017363601364195347,1177.0,1177.0,5.4995903968811035,0.4293661117553711,5.928956508636475,1173.0,1217.7650602409637
industrial_changeover,4148,830,3,Order3,830,1.706e-05,0.006184161058627069,1196.0,1169.0,5.913752555847168,0.4987814426422119,6.41253399848938,1169.0,1189.0060240963855
industrial_changeover,4149,830,4,Order4,830,1.704e-05,-0.029364125803112984,1225.0,1225.0,5.663804054260254,0.4402945041656494,6.104098558425903,1225.0,1256.3397590361446
industrial_changeover,4150,830,5,Order5,830,1.7020000000000003e-05,-0.011015740456059575,1313.0,1308.0,6.5080201625823975,0.5515007972717285,7.059520959854126,1282.0,1343.0084337349397
industrial_changeover,4151,831,1,Order1,831,1.7000000000000003e-05,0.054843053221702576,1283.0,1218.0,5.842928171157837,0.4480435848236084,6.290971755981445,1210.0,1264.0589651022865
industrial_changeover,4152,831,2,Order2,831,1.6979999999999997e-05,0.0007346898782998323,1177.0,1177.0,5.6180970668792725,0.45613765716552734,6.0742347240448,1173.0,1217.7160048134776
industrial_changeover,4153,831,3,Order3,831,1.6959999999999997e-05,-0.008604558650404215,1169.0,1169.0,5.783294677734375,0.4678914546966553,6.25118613243103,1169.0,1188.9819494584838
industrial_changeover,4154,831,4,Order4,831,1.694e-05,-0.01632840046659112,1235.0,1225.0,5.275200605392456,0.4232821464538574,5.6984827518463135,1225.0,1256.3020457280386
industrial_changeover,4155,831,5,Order5,831,1.6920000000000004e-05,-0.009542640065774322,1305.0,1308.0,6.160212993621826,0.4865736961364746,6.646786689758301,1282.0,1342.9663056558363
industrial_changeover,4156,832,1,Order1,832,1.6900000000000004e-05,-0.014279790921136737,1218.0,1218.0,5.459032773971558,0.4298982620239258,5.888931035995483,1210.0,1264.0036057692307
industrial_changeover,4157,832,2,Order2,832,1.6879999999999994e-05,0.0027238294715061784,1173.0,1177.0,5.23372745513916,0.41358232498168945,5.64730978012085,1173.0,1217.6670673076924
industrial_changeover,4158,832,3,Order3,832,1.6859999999999998e-05,0.014942995505407453,1182.0,1169.0,5.680990695953369,0.43679356575012207,6.117784261703491,1169.0,1188.9579326923076
industrial_changeover,4159,832,4,Order4,832,1.684e-05,0.03423916082829237,1264.0,1225.0,5.165575981140137,0.42247486114501953,5.588050842285156,1225.0,1256.264423076923
industrial_changeover,4160,832,5,Order5,832,1.682e-05,0.03400669898837805,1351.0,1308.0,6.086772203445435,0.4888293743133545,6.575601577758789,1282.0,1342.9242788461538
industrial_changeover,4161,833,1,Order1,833,1.6800000000000005e-05,0.005946635152213275,1241.0,1218.0,5.560489892959595,0.4547245502471924,6.015214443206787,1210.0,1263.9483793517406
industrial_changeover,4162,833,2,Order2,833,1.6779999999999995e-05,-0.012019636342301965,1184.0,1177.0,5.334686279296875,0.4086422920227051,5.74332857131958,1173.0,1217.6182472989196
industrial_changeover,4163,833,3,Order3,833,1.676e-05,-0.028289790265262127,1169.0,1169.0,5.656073331832886,0.44413256645202637,6.100205898284912,1169.0,1188.9339735894357
industrial_changeover,4164,833,4,Order4,833,1.674e-05,-0.034008671529591084,1231.0,1225.0,5.041190147399902,0.401613712310791,5.442803859710693,1225.0,1256.2268907563025
industrial_changeover,4165,833,5,Order5,833,1.6720000000000003e-05,-0.03761660400778055,1270.0,1308.0,6.127345561981201,0.4962441921234131,6.623589754104614,1282.0,1342.8823529411766
industrial_changeover,4166,834,1,Order1,834,1.6700000000000006e-05,0.009102846030145884,1241.0,1218.0,5.445030212402344,0.42996716499328613,5.87499737739563,1210.0,1263.8932853717026
industrial_changeover,4167,834,2,Order2,834,1.6679999999999996e-05,0.011117395013570786,1177.0,1177.0,5.201873064041138,0.40683627128601074,5.608709335327148,1173.0,1217.5695443645084
industrial_changeover,4168,834,3,Order3,834,1.6659999999999996e-05,0.010495377937331796,1169.0,1169.0,5.640300750732422,0.46745753288269043,6.107758283615112,1169.0,1188.910071942446
industrial_changeover,4169,834,4,Order4,834,1.664e-05,0.03771157842129469,1264.0,1225.0,5.483919382095337,0.4275975227355957,5.911516904830933,1225.0,1256.189448441247
industrial_changeover,4170,834,5,Order5,834,1.6620000000000004e-05,-0.0015543477784376591,1305.0,1308.0,6.330788850784302,0.5282192230224609,6.859008073806763,1282.0,1342.8405275779376
industrial_changeover,4171,835,1,Order1,835,1.6600000000000004e-05,-0.011022692546248436,1223.0,1218.0,5.461452960968018,0.490048885345459,5.951501846313477,1210.0,1263.8383233532934
industrial_changeover,4172,835,2,Order2,835,1.6579999999999997e-05,0.006735412054695189,1184.0,1177.0,5.358334064483643,0.44194746017456055,5.800281524658203,1173.0,1217.5209580838323
industrial_changeover,4173,835,3,Order3,835,1.6559999999999997e-05,0.059799330309033394,1232.0,1169.0,5.967613220214844,0.487074613571167,6.454687833786011,1169.0,1188.88622754491
industrial_changeover,4174,835,4,Order4,835,1.654e-05,0.0006831500650150701,1264.0,1225.0,5.404005765914917,0.4646930694580078,5.868698835372925,1225.0,1256.1520958083831
industrial_changeover,4175,835,5,Order5,835,1.652e-05,-0.04227448347955942,1275.0,1308.0,6.449662446975708,0.5609984397888184,7.010660886764526,1282.0,1342.7988023952096
industrial_changeover,4176,836,1,Order1,836,1.6500000000000005e-05,-0.016586047131568193,1230.0,1218.0,5.7418532371521,0.4798460006713867,6.221699237823486,1210.0,1263.7834928229665
industrial_changeover,4177,836,2,Order2,836,1.6479999999999995e-05,-0.016087388154119253,1173.0,1177.0,5.880473375320435,0.42601871490478516,6.30649209022522,1173.0,1217.4724880382776
industrial_changeover,4178,836,3,Order3,836,1.6459999999999998e-05,-0.017531472258269787,1169.0,1169.0,5.557255983352661,0.4398770332336426,5.997133016586304,1169.0,1188.8624401913876
industrial_changeover,4179,836,4,Order4,836,1.644e-05,-0.013099431991577148,1225.0,1225.0,5.258455038070679,0.4087977409362793,5.667252779006958,1225.0,1256.1148325358852
industrial_changeover,4180,836,5,Order5,836,1.6420000000000002e-05,0.03570386581122875,1352.0,1308.0,6.298532724380493,0.49712467193603516,6.795657396316528,1282.0,1342.7571770334928
industrial_changeover,4181,837,1,Order1,837,1.6400000000000006e-05,-0.002257060317788273,1218.0,1218.0,5.4553351402282715,0.4635326862335205,5.918867826461792,1210.0,1263.7287933094385
industrial_changeover,4182,837,2,Order2,837,1.6379999999999996e-05,0.007159801898524165,1177.0,1177.0,5.387627840042114,0.43246960639953613,5.82009744644165,1173.0,1217.4241338112306
industrial_changeover,4183,837,3,Order3,837,1.636e-05,0.018368831370025873,1196.0,1169.0,5.611021518707275,0.4632885456085205,6.074310064315796,1169.0,1188.8387096774193
industrial_changeover,4184,837,4,Order4,837,1.634e-05,-0.009450008161365986,1225.0,1225.0,5.364442825317383,0.4216604232788086,5.786103248596191,1225.0,1256.0776583034647
industrial_changeover,4185,837,5,Order5,837,1.6320000000000003e-05,-0.00844802032224834,1304.0,1308.0,6.453424453735352,0.5206851959228516,6.974109649658203,1282.0,1342.715651135006
industrial_changeover,4186,838,1,Order1,838,1.6300000000000003e-05,0.0008402385137742385,1227.0,1218.0,5.600129127502441,0.45006752014160156,6.050196647644043,1210.0,1263.6742243436754
industrial_changeover,4187,838,2,Order2,838,1.6279999999999997e-05,0.00811796891503036,1184.0,1177.0,5.488910436630249,0.4195561408996582,5.908466577529907,1173.0,1217.3758949880669
industrial_changeover,4188,838,3,Order3,838,1.6259999999999997e-05,-0.009863412473350763,1175.0,1169.0,5.73004674911499,0.44590115547180176,6.175947904586792,1169.0,1188.8150357995228
industrial_changeover,4189,838,4,Order4,838,1.624e-05,-0.0033256617607548833,1231.0,1225.0,5.304157257080078,0.4166545867919922,5.72081184387207,1225.0,1256.0405727923628
industrial_changeover,4190,838,5,Order5,838,1.622e-05,-0.002801004739012569,1308.0,1308.0,6.490436553955078,0.5082480907440186,6.998684644699097,1282.0,1342.6742243436754
industrial_changeover,4191,839,1,Order1,839,1.6200000000000004e-05,-0.000922392908250913,1223.0,1218.0,5.666531324386597,0.46036529541015625,6.126896619796753,1210.0,1263.6197854588795
industrial_changeover,4192,839,2,Order2,839,1.6180000000000008e-05,0.004115714691579342,1176.0,1177.0,5.511548042297363,0.44516515731811523,5.9567131996154785,1173.0,1217.3277711561382
industrial_changeover,4193,839,3,Order3,839,1.6159999999999998e-05,-0.006478064693510532,1169.0,1169.0,5.778314828872681,0.452085018157959,6.23039984703064,1169.0,1188.7914183551848
industrial_changeover,4194,839,4,Order4,839,1.6139999999999998e-05,0.030972430482506752,1266.0,1225.0,5.448484659194946,0.4109039306640625,5.859388589859009,1225.0,1256.0035756853397
industrial_changeover,4195,839,5,Order5,839,1.612e-05,0.03515210095793009,1352.0,1308.0,6.572082281112671,0.5066721439361572,7.078754425048828,1282.0,1342.632896305125
industrial_changeover,4196,840,1,Order1,840,1.6100000000000005e-05,0.03834318742156029,1275.0,1218.0,5.723922967910767,0.46401071548461914,6.187933683395386,1210.0,1263.5654761904761
industrial_changeover,4197,840,2,Order2,840,1.6080000000000005e-05,-0.012395472265779972,1185.0,1177.0,5.505906105041504,0.4556570053100586,5.9615631103515625,1173.0,1217.279761904762
industrial_changeover,4198,840,3,Order3,840,1.606e-05,-0.03534003160893917,1175.0,1169.0,5.9416821002960205,0.4587099552154541,6.400392055511475,1169.0,1188.767857142857
industrial_changeover,4199,840,4,Order4,840,1.604e-05,-0.037813177332282066,1229.0,1225.0,5.465155839920044,0.4393150806427002,5.904470920562744,1225.0,1255.9666666666667
industrial_changeover,4200,840,5,Order5,840,1.6020000000000002e-05,-0.010109108639881015,1319.0,1308.0,6.514232873916626,0.5122685432434082,7.026501417160034,1282.0,1342.5916666666667
industrial_changeover,4201,841,1,Order1,841,1.6000000000000003e-05,-0.01657719910144806,1223.0,1218.0,5.5547239780426025,0.45967864990234375,6.014402627944946,1210.0,1263.5112960760998
industrial_changeover,4202,841,2,Order2,841,1.5980000000000006e-05,0.012897595064714551,1188.0,1177.0,5.634108066558838,0.440248966217041,6.074357032775879,1173.0,1217.231866825208
industrial_changeover,4203,841,3,Order3,841,1.5959999999999996e-05,0.002973849361296743,1169.0,1169.0,5.874738931655884,0.4533829689025879,6.328121900558472,1169.0,1188.74435196195
industrial_changeover,4204,841,4,Order4,841,1.594e-05,-0.0006243134994292632,1231.0,1225.0,5.37189793586731,0.42838072776794434,5.800278663635254,1225.0,1255.9298454221166
industrial_changeover,4205,841,5,Order5,841,1.592e-05,-0.014302557799965143,1274.0,1308.0,6.407103538513184,0.5226917266845703,6.929795265197754,1282.0,1342.550535077289
industrial_changeover,4206,842,1,Order1,842,1.5900000000000004e-05,0.027351795230060816,1241.0,1218.0,5.687205076217651,0.46902990341186523,6.156234979629517,1210.0,1263.457244655582
industrial_changeover,4207,842,2,Order2,842,1.5880000000000007e-05,0.0066853954922407866,1174.0,1177.0,5.62268590927124,0.4560859203338623,6.0787718296051025,1173.0,1217.1840855106889
industrial_changeover,4208,842,3,Order3,842,1.5859999999999997e-05,0.053066535852849483,1228.0,1169.0,5.791431188583374,0.4714014530181885,6.2628326416015625,1169.0,1188.7209026128266
industrial_changeover,4209,842,4,Order4,842,1.584e-05,-0.018299784511327744,1225.0,1225.0,5.547058820724487,0.428638219833374,5.975697040557861,1225.0,1255.893111638955
industrial_changeover,4210,842,5,Order5,842,1.582e-05,-0.04124601650983095,1272.0,1308.0,6.4292521476745605,0.5165374279022217,6.945789575576782,1282.0,1342.5095011876485
industrial_changeover,4211,843,1,Order1,843,1.5800000000000005e-05,0.017390872817486525,1259.0,1218.0,5.670470237731934,0.44314098358154297,6.113611221313477,1210.0,1263.403321470937
industrial_changeover,4212,843,2,Order2,843,1.5780000000000005e-05,0.0008096573874354362,1185.0,1177.0,5.326728582382202,0.4141349792480469,5.740863561630249,1173.0,1217.1364175563465
industrial_changeover,4213,843,3,Order3,843,1.5759999999999998e-05,-0.019285323563963175,1169.0,1169.0,5.595573425292969,0.44303226470947266,6.038605690002441,1169.0,1188.6975088967972
industrial_changeover,4214,843,4,Order4,843,1.574e-05,0.018878118600696325,1266.0,1225.0,5.221243619918823,0.41649699211120605,5.637740612030029,1225.0,1255.856465005931
industrial_changeover,4215,843,5,Order5,843,1.5720000000000002e-05,-0.008291398175060749,1306.0,1308.0,6.096783876419067,0.4747579097747803,6.571541786193848,1282.0,1342.4685646500593
industrial_changeover,4216,844,1,Order1,844,1.5700000000000002e-05,0.006996028707362711,1241.0,1218.0,5.3260276317596436,0.428818941116333,5.754846572875977,1210.0,1263.3495260663508
industrial_changeover,4217,844,2,Order2,844,1.5680000000000006e-05,0.006753314170055091,1188.0,1177.0,5.394765377044678,0.41648411750793457,5.811249494552612,1173.0,1217.0888625592418
industrial_changeover,4218,844,3,Order3,844,1.5659999999999996e-05,0.027054911013692617,1213.0,1169.0,5.605567932128906,0.4590132236480713,6.0645811557769775,1169.0,1188.6741706161138
industrial_changeover,4219,844,4,Order4,844,1.564e-05,0.017654568422585726,1264.0,1225.0,5.193579196929932,0.4211764335632324,5.614755630493164,1225.0,1255.8199052132702
industrial_changeover,4220,844,5,Order5,844,1.5620000000000003e-05,-0.024010874330997467,1305.0,1308.0,6.168286561965942,0.5030484199523926,6.671334981918335,1282.0,1342.4277251184835
industrial_changeover,4221,845,1,Order1,845,1.5600000000000003e-05,-0.025486492086201906,1225.0,1218.0,5.403822660446167,0.41951537132263184,5.823338031768799,1210.0,1263.2958579881656
industrial_changeover,4222,845,2,Order2,845,1.5580000000000007e-05,-0.0052475364645943046,1187.0,1177.0,5.297396898269653,0.41692519187927246,5.714322090148926,1173.0,1217.0414201183432
industrial_changeover,4223,845,3,Order3,845,1.5559999999999997e-05,-0.019136678893119097,1169.0,1169.0,5.3956990242004395,0.43567872047424316,5.831377744674683,1169.0,1188.6508875739646
industrial_changeover,4224,845,4,Order4,845,1.554e-05,0.014887113589793444,1264.0,1225.0,5.137096643447876,0.4254488945007324,5.562545537948608,1225.0,1255.7834319526628
industrial_changeover,4225,845,5,Order5,845,1.552e-05,-0.02264035027474165,1272.0,1308.0,6.066503524780273,0.4935030937194824,6.560006618499756,1282.0,1342.3869822485208
industrial_changeover,4226,846,1,Order1,846,1.5500000000000004e-05,0.04940178897231817,1283.0,1218.0,5.346431732177734,0.45523691177368164,5.801668643951416,1210.0,1263.24231678487
industrial_changeover,4227,846,2,Order2,846,1.5480000000000004e-05,0.009236940648406744,1184.0,1177.0,5.373802185058594,0.45427846908569336,5.828080654144287,1173.0,1216.9940898345153
industrial_changeover,4228,846,3,Order3,846,1.5459999999999998e-05,-0.014843355398625135,1169.0,1169.0,5.656616449356079,0.48216772079467773,6.138784170150757,1169.0,1188.627659574468
industrial_changeover,4229,846,4,Order4,846,1.5439999999999998e-05,0.007481145206838846,1260.0,1225.0,5.2905778884887695,0.49041175842285156,5.780989646911621,1225.0,1255.7470449172577
industrial_changeover,4230,846,5,Order5,846,1.542e-05,-0.011185226729139686,1306.0,1308.0,6.450807094573975,0.49360013008117676,6.944407224655151,1282.0,1342.3463356973996
industrial_changeover,4231,847,1,Order1,847,1.54e-05,0.015075239352881908,1259.0,1218.0,5.65224552154541,0.4835793972015381,6.135824918746948,1210.0,1263.188902007084
industrial_changeover,4232,847,2,Order2,847,1.5380000000000005e-05,0.003682984795887023,1188.0,1177.0,5.612267255783081,0.46515750885009766,6.077424764633179,1173.0,1216.9468713105077
industrial_changeover,4233,847,3,Order3,847,1.5359999999999995e-05,-0.0018462856533005834,1184.0,1169.0,5.669132232666016,0.49155592918395996,6.160688161849976,1169.0,1188.6044864226683
industrial_changeover,4234,847,4,Order4,847,1.534e-05,-0.028015417978167534,1225.0,1225.0,5.353672027587891,0.4308924674987793,5.78456449508667,1225.0,1255.7107438016528
industrial_changeover,4235,847,5,Order5,847,1.5320000000000002e-05,-0.0006612771248910576,1319.0,1308.0,6.3540239334106445,0.5323677062988281,6.886391639709473,1282.0,1342.3057851239669
industrial_changeover,4236,848,1,Order1,848,1.5300000000000003e-05,-0.010967359878122807,1225.0,1218.0,5.534665584564209,0.4404778480529785,5.9751434326171875,1210.0,1263.135613207547
industrial_changeover,4237,848,2,Order2,848,1.5280000000000006e-05,0.002374960866291076,1176.0,1177.0,5.24922776222229,0.41367101669311523,5.662898778915405,1173.0,1216.8997641509434
industrial_changeover,4238,848,3,Order3,848,1.5259999999999996e-05,-0.0028040179749950767,1169.0,1169.0,5.628265142440796,0.43581295013427734,6.064078092575073,1169.0,1188.5813679245282
industrial_changeover,4239,848,4,Order4,848,1.5239999999999998e-05,0.02553481049835682,1264.0,1225.0,5.258977174758911,0.4119138717651367,5.670891046524048,1225.0,1255.6745283018868
industrial_changeover,4240,848,5,Order5,848,1.5220000000000002e-05,0.008877752115949988,1323.0,1308.0,6.224850654602051,0.4980940818786621,6.722944736480713,1282.0,1342.2653301886792
industrial_changeover,4241,849,1,Order1,849,1.5200000000000004e-05,0.01770251151174307,1241.0,1218.0,5.440282106399536,0.432586669921875,5.872868776321411,1210.0,1263.0824499411071
industrial_changeover,4242,849,2,Order2,849,1.5180000000000005e-05,-0.001219627243699506,1173.0,1177.0,5.376963376998901,0.41459107398986816,5.7915544509887695,1173.0,1216.8527679623087
industrial_changeover,4243,849,3,Order3,849,1.5159999999999997e-05,-0.016604775097221136,1169.0,1169.0,5.723559379577637,0.4538142681121826,6.177373647689819,1169.0,1188.5583038869258
industrial_changeover,4244,849,4,Order4,849,1.5139999999999999e-05,-0.018017828930169344,1231.0,1225.0,5.259943246841431,0.4240379333496094,5.68398118019104,1225.0,1255.63839811543
industrial_changeover,4245,849,5,Order5,849,1.5120000000000001e-05,0.007941993186250329,1324.0,1308.0,6.242966175079346,0.4954688549041748,6.7384350299835205,1282.0,1342.2249705535924
industrial_changeover,4246,850,1,Order1,850,1.5100000000000003e-05,-0.0021178608294576406,1227.0,1218.0,5.551948547363281,0.43689441680908203,5.988842964172363,1210.0,1263.0294117647059
industrial_changeover,4247,850,2,Order2,850,1.5080000000000005e-05,0.0005373276508180425,1174.0,1177.0,5.381614685058594,0.4251222610473633,5.806736946105957,1173.0,1216.8058823529411
industrial_changeover,4248,850,3,Order3,850,1.5059999999999996e-05,0.03927841875702143,1213.0,1169.0,5.600360870361328,0.4543766975402832,6.054737567901611,1169.0,1188.535294117647
industrial_changeover,4249,850,4,Order4,850,1.5039999999999998e-05,0.031102220062166452,1285.0,1225.0,5.341231107711792,0.4143822193145752,5.755613327026367,1225.0,1255.6023529411764
industrial_changeover,4250,850,5,Order5,850,1.502e-05,-0.004588801180943847,1327.0,1308.0,6.317415714263916,0.5034370422363281,6.820852756500244,1282.0,1342.184705882353
industrial_changeover,4251,851,1,Order1,851,1.5000000000000004e-05,-0.007301219855435193,1241.0,1218.0,5.59041690826416,0.46549034118652344,6.055907249450684,1210.0,1262.9764982373679
industrial_changeover,4252,851,2,Order2,851,1.4980000000000006e-05,-0.010403374675661325,1188.0,1177.0,5.445607900619507,0.4316976070404053,5.877305507659912,1173.0,1216.75910693302
industrial_changeover,4253,851,3,Order3,851,1.4959999999999996e-05,-0.03069001017138362,1169.0,1169.0,5.774662017822266,0.4502263069152832,6.224888324737549,1169.0,1188.5123384253818
industrial_changeover,4254,851,4,Order4,851,1.494e-05,-0.0017564743175171316,1266.0,1225.0,5.451566457748413,0.43598508834838867,5.887551546096802,1225.0,1255.566392479436
industrial_changeover,4255,851,5,Order5,851,1.4920000000000001e-05,-0.011331885820254683,1308.0,1308.0,6.516069173812866,0.5104520320892334,7.0265212059021,1282.0,1342.144535840188
industrial_changeover,4256,852,1,Order1,852,1.4900000000000003e-05,0.02226728480309248,1256.0,1218.0,5.683502912521362,0.43384861946105957,6.117351531982422,1210.0,1262.923708920188
industrial_changeover,4257,852,2,Order2,852,1.4880000000000005e-05,-0.004272869089618325,1173.0,1177.0,5.5147693157196045,0.46666669845581055,5.981436014175415,1173.0,1216.712441314554
industrial_changeover,4258,852,3,Order3,852,1.4859999999999997e-05,-0.011526945512741804,1169.0,1169.0,6.021122455596924,0.5029196739196777,6.524042129516602,1169.0,1188.4894366197184
industrial_changeover,4259,852,4,Order4,852,1.4839999999999999e-05,0.006943812360987067,1264.0,1225.0,5.578511953353882,0.4339742660522461,6.012486219406128,1225.0,1255.530516431925
industrial_changeover,4260,852,5,Order5,852,1.482e-05,-0.010657250881195068,1304.0,1308.0,6.636267900466919,0.521113395690918,7.157381296157837,1282.0,1342.1044600938967
industrial_changeover,4261,853,1,Order1,853,1.4800000000000002e-05,0.03497529774904251,1278.0,1218.0,5.641972780227661,0.46566033363342285,6.107633113861084,1210.0,1262.8710433763188
industrial_changeover,4262,853,2,Order2,853,1.4780000000000004e-05,0.009151703212410212,1188.0,1177.0,5.564794301986694,0.44272732734680176,6.007521629333496,1173.0,1216.6658851113716
industrial_changeover,4263,853,3,Order3,853,1.4759999999999996e-05,-0.01445427443832159,1169.0,1169.0,5.891171216964722,0.4541175365447998,6.3452887535095215,1169.0,1188.4665885111372
industrial_changeover,4264,853,4,Order4,853,1.4739999999999998e-05,0.00029524760611820966,1264.0,1225.0,5.560874938964844,0.43975114822387695,6.000626087188721,1225.0,1255.4947245017586
industrial_changeover,4265,853,5,Order5,853,1.472e-05,0.017068793065845966,1352.0,1308.0,6.385027647018433,0.5183162689208984,6.903343915939331,1282.0,1342.0644783118405
industrial_changeover,4266,854,1,Order1,854,1.4700000000000003e-05,-0.029512084554880857,1218.0,1218.0,5.629434585571289,0.44203758239746094,6.07147216796875,1210.0,1262.8185011709602
industrial_changeover,4267,854,2,Order2,854,1.4680000000000005e-05,0.018815441988408566,1207.0,1177.0,5.6002020835876465,0.43778300285339355,6.03798508644104,1173.0,1216.61943793911
industrial_changeover,4268,854,3,Order3,854,1.4659999999999995e-05,-0.01203324319794774,1169.0,1169.0,5.9265077114105225,0.4743630886077881,6.4008708000183105,1169.0,1188.443793911007
industrial_changeover,4269,854,4,Order4,854,1.4639999999999999e-05,0.010068026604130864,1264.0,1225.0,5.3614537715911865,0.4354109764099121,5.796864748001099,1225.0,1255.4590163934427
industrial_changeover,4270,854,5,Order5,854,1.462e-05,-0.0005380398215493187,1323.0,1308.0,6.271483421325684,0.47987937927246094,6.7513628005981445,1282.0,1342.0245901639344
industrial_changeover,4271,855,1,Order1,855,1.4600000000000003e-05,-0.022637937683612108,1223.0,1218.0,5.495736837387085,0.42192697525024414,5.917663812637329,1210.0,1262.766081871345
industrial_changeover,4272,855,2,Order2,855,1.4580000000000004e-05,-0.0067400464322417974,1174.0,1177.0,5.288210391998291,0.4263756275177002,5.714586019515991,1173.0,1216.5730994152048
industrial_changeover,4273,855,3,Order3,855,1.4559999999999996e-05,-0.003189679409842938,1169.0,1169.0,5.707659006118774,0.45181727409362793,6.159476280212402,1169.0,1188.421052631579
industrial_changeover,4274,855,4,Order4,855,1.4539999999999998e-05,-0.012294574175029993,1235.0,1225.0,5.276681184768677,0.41571474075317383,5.692395925521851,1225.0,1255.4233918128655
industrial_changeover,4275,855,5,Order5,855,1.452e-05,0.010591641766950488,1316.0,1308.0,6.1582417488098145,0.4981217384338379,6.656363487243652,1282.0,1341.9847953216374
industrial_changeover,4276,856,1,Order1,856,1.4500000000000002e-05,-0.0072327167727053165,1220.0,1218.0,5.516332387924194,0.44771289825439453,5.964045286178589,1210.0,1262.713785046729
industrial_changeover,4277,856,2,Order2,856,1.4480000000000005e-05,0.01645931275561452,1183.0,1177.0,5.237565279006958,0.4194645881652832,5.657029867172241,1173.0,1216.5268691588785
industrial_changeover,4278,856,3,Order3,856,1.4459999999999995e-05,0.005362767959013581,1169.0,1169.0,5.623380184173584,0.4467191696166992,6.070099353790283,1169.0,1188.3983644859813
industrial_changeover,4279,856,4,Order4,856,1.4439999999999997e-05,0.016076793428510427,1260.0,1225.0,5.18191933631897,0.40746307373046875,5.5893824100494385,1225.0,1255.3878504672898
industrial_changeover,4280,856,5,Order5,856,1.4420000000000001e-05,0.0006674336036667228,1308.0,1308.0,6.066556930541992,0.4790184497833252,6.545575380325317,1282.0,1341.9450934579438
industrial_changeover,4281,857,1,Order1,857,1.4400000000000003e-05,0.018543239682912827,1256.0,1218.0,5.365478515625,0.4190948009490967,5.784573316574097,1210.0,1262.6616102683781
industrial_changeover,4282,857,2,Order2,857,1.4380000000000005e-05,-0.003698697837535292,1177.0,1177.0,5.184516191482544,0.4074573516845703,5.591973543167114,1173.0,1216.4807467911319
industrial_changeover,4283,857,3,Order3,857,1.4359999999999996e-05,-0.010383806889876723,1169.0,1169.0,5.5625176429748535,0.44478869438171387,6.007306337356567,1169.0,1188.3757292882146
industrial_changeover,4284,857,4,Order4,857,1.4339999999999998e-05,0.0022160669905133545,1264.0,1231.0,5.114075422286987,0.44173192977905273,5.55580735206604,1225.0,1255.3593932322053
industrial_changeover,4285,857,5,Order5,857,1.432e-05,0.008252694737166166,1341.0,1308.0,6.349656105041504,0.5152559280395508,6.864912033081055,1282.0,1341.9054842473745
industrial_changeover,4286,858,1,Order1,858,1.4300000000000002e-05,-0.01748448982834816,1223.0,1218.0,5.634797811508179,0.4703958034515381,6.105193614959717,1210.0,1262.609557109557
industrial_changeover,4287,858,2,Order2,858,1.4280000000000004e-05,0.0019753724336624146,1185.0,1177.0,5.305403232574463,0.4331331253051758,5.738536357879639,1173.0,1216.4347319347319
industrial_changeover,4288,858,3,Order3,858,1.4259999999999996e-05,0.020870026666671038,1196.0,1169.0,5.71631121635437,0.45557594299316406,6.171887159347534,1169.0,1188.3531468531469
industrial_changeover,4289,858,4,Order4,858,1.4239999999999997e-05,-0.018152423202991486,1235.0,1231.0,5.283283948898315,0.42330312728881836,5.706587076187134,1225.0,1255.3310023310023
industrial_changeover,4290,858,5,Order5,858,1.422e-05,0.00440786883700639,1323.0,1308.0,6.234961986541748,0.515887975692749,6.750849962234497,1282.0,1341.8659673659674
industrial_changeover,4291,859,1,Order1,859,1.4200000000000003e-05,-0.01985187502577901,1218.0,1218.0,5.799544811248779,0.467299222946167,6.266844034194946,1210.0,1262.557625145518
industrial_changeover,4292,859,2,Order2,859,1.4180000000000005e-05,-0.0018975915445480496,1176.0,1177.0,5.549638509750366,0.4626646041870117,6.012303113937378,1173.0,1216.3888242142025
industrial_changeover,4293,859,3,Order3,859,1.4159999999999995e-05,0.009231451665982604,1184.0,1169.0,5.822815418243408,0.4873082637786865,6.310123682022095,1169.0,1188.3306169965076
industrial_changeover,4294,859,4,Order4,859,1.4139999999999998e-05,0.019111589062958956,1266.0,1231.0,5.357888221740723,0.4241175651550293,5.782005786895752,1225.0,1255.302677532014
industrial_changeover,4295,859,5,Order5,859,1.412e-05,0.0019983385573141277,1313.0,1308.0,6.269374847412109,0.5022947788238525,6.771669626235962,1282.0,1341.8265424912688
industrial_changeover,4296,860,1,Order1,860,1.4100000000000002e-05,-0.010161855956539512,1225.0,1218.0,5.500316619873047,0.45654988288879395,5.956866502761841,1210.0,1262.5058139534883
industrial_changeover,4297,860,2,Order2,860,1.4080000000000004e-05,-0.002293580095283687,1177.0,1177.0,5.336443185806274,0.43146300315856934,5.767906188964844,1173.0,1216.343023255814
industrial_changeover,4298,860,3,Order3,860,1.4059999999999996e-05,-0.010545705212280154,1169.0,1169.0,5.840818166732788,0.48537230491638184,6.32619047164917,1169.0,1188.3081395348838
industrial_changeover,4299,860,4,Order4,860,1.4039999999999998e-05,-0.010065724374726415,1231.0,1231.0,5.4781012535095215,0.4477818012237549,5.925883054733276,1225.0,1255.2744186046511
industrial_changeover,4300,860,5,Order5,860,1.402e-05,-0.0041904839454218745,1305.0,1308.0,6.4627649784088135,0.5036084651947021,6.966373443603516,1282.0,1341.7872093023257
industrial_changeover,4301,861,1,Order1,861,1.4000000000000001e-05,0.006106980377808213,1227.0,1218.0,5.6563193798065186,0.4280531406402588,6.084372520446777,1210.0,1262.4541231126598
industrial_changeover,4302,861,2,Order2,861,1.3980000000000003e-05,0.009105108678340912,1176.0,1177.0,5.620213270187378,0.4408237934112549,6.061037063598633,1173.0,1216.2973286875726
industrial_changeover,4303,861,3,Order3,861,1.3959999999999995e-05,0.0022210583556443453,1169.0,1169.0,5.836548805236816,0.4732053279876709,6.309754133224487,1169.0,1188.2857142857142
industrial_changeover,4304,861,4,Order4,861,1.3939999999999997e-05,0.022573473397642374,1264.0,1231.0,5.363878965377808,0.4291808605194092,5.793059825897217,1225.0,1255.246225319396
industrial_changeover,4305,861,5,Order5,861,1.3919999999999999e-05,-0.01061593578197062,1296.0,1308.0,6.438828945159912,0.49797701835632324,6.936805963516235,1282.0,1341.7479674796748
industrial_changeover,4306,862,1,Order1,862,1.3900000000000002e-05,-0.00895986007526517,1223.0,1218.0,5.801649332046509,0.44403505325317383,6.245684385299683,1210.0,1262.4025522041763
industrial_changeover,4307,862,2,Order2,862,1.3880000000000004e-05,-0.0013085183454677463,1174.0,1177.0,5.428832292556763,0.43022871017456055,5.859061002731323,1173.0,1216.251740139211
industrial_changeover,4308,862,3,Order3,862,1.3859999999999996e-05,0.03745749779045582,1213.0,1169.0,5.752237558364868,0.47103190422058105,6.223269462585449,1169.0,1188.2633410672854
industrial_changeover,4309,862,4,Order4,862,1.3839999999999998e-05,0.02499602595344186,1266.0,1231.0,5.380743741989136,0.4274940490722656,5.808237791061401,1225.0,1255.2180974477958
industrial_changeover,4310,862,5,Order5,862,1.382e-05,-0.009595168521627784,1316.0,1308.0,6.530071020126343,0.5221951007843018,7.0522661209106445,1282.0,1341.7088167053364
industrial_changeover,4311,863,1,Order1,863,1.3800000000000002e-05,-0.02494355896487832,1223.0,1218.0,5.623533248901367,0.44371676445007324,6.06725001335144,1210.0,1262.351100811124
industrial_changeover,4312,863,2,Order2,863,1.3780000000000004e-05,-0.014218358555808663,1176.0,1177.0,5.507117748260498,0.4354979991912842,5.942615747451782,1173.0,1216.2062572421785
industrial_changeover,4313,863,3,Order3,863,1.3759999999999995e-05,-0.019575240090489388,1169.0,1169.0,5.756057977676392,0.46598172187805176,6.222039699554443,1169.0,1188.2410196987253
industrial_changeover,4314,863,4,Order4,863,1.3739999999999997e-05,0.031453064642846584,1287.0,1231.0,5.361252784729004,0.43288683891296387,5.794139623641968,1225.0,1255.1900347624564
industrial_changeover,4315,863,5,Order5,863,1.3719999999999999e-05,-0.05446053482592106,1236.0,1308.0,6.38167929649353,0.5152602195739746,6.896939516067505,1282.0,1341.6697566628043
industrial_changeover,4316,864,1,Order1,864,1.3700000000000001e-05,0.04263823851943016,1280.0,1218.0,5.5736870765686035,0.4340977668762207,6.007784843444824,1210.0,1262.2997685185185
industrial_changeover,4317,864,2,Order2,864,1.3680000000000005e-05,0.006542197777889669,1176.0,1177.0,5.426618576049805,0.43824315071105957,5.864861726760864,1173.0,1216.1608796296296
industrial_changeover,4318,864,3,Order3,864,1.3660000000000006e-05,0.0008271763217635453,1175.0,1169.0,5.766117095947266,0.44652533531188965,6.212642431259155,1169.0,1188.21875
industrial_changeover,4319,864,4,Order4,864,1.3639999999999996e-05,0.011443675495684147,1264.0,1231.0,5.421826601028442,0.4417273998260498,5.863554000854492,1225.0,1255.162037037037
industrial_changeover,4320,864,5,Order5,864,1.362e-05,0.03003550972789526,1352.0,1308.0,6.380961894989014,0.49978137016296387,6.8807432651519775,1282.0,1341.630787037037
industrial_changeover,4321,865,1,Order1,865,1.3600000000000002e-05,-0.02239679591730237,1223.0,1218.0,5.478089332580566,0.4614584445953369,5.939547777175903,1210.0,1262.2485549132948
industrial_changeover,4322,865,2,Order2,865,1.3580000000000004e-05,-0.008614981081336737,1177.0,1177.0,5.490992784500122,0.43253326416015625,5.923526048660278,1173.0,1216.1156069364163
industrial_changeover,4323,865,3,Order3,865,1.3560000000000006e-05,0.028986113611608744,1213.0,1169.0,5.876945734024048,0.4670243263244629,6.343970060348511,1169.0,1188.1965317919075
industrial_changeover,4324,865,4,Order4,865,1.3539999999999997e-05,-0.02823220519348979,1231.0,1231.0,5.4612932205200195,0.4142303466796875,5.875523567199707,1225.0,1255.1341040462428
industrial_changeover,4325,865,5,Order5,865,1.352e-05,-0.013333182549104095,1309.0,1308.0,6.551846504211426,0.5188138484954834,7.070660352706909,1282.0,1341.591907514451
industrial_changeover,4326,866,1,Order1,866,1.3500000000000001e-05,-0.001696973224170506,1241.0,1218.0,5.667039632797241,0.4698152542114258,6.136854887008667,1210.0,1262.1974595842955
industrial_changeover,4327,866,2,Order2,866,1.3480000000000003e-05,0.16019393503665924,1347.0,1177.0,5.731837034225464,0.44092512130737305,6.172762155532837,1173.0,1216.070438799076
industrial_changeover,4328,866,3,Order3,866,1.3460000000000007e-05,-0.023033539298921824,1175.0,1169.0,5.596970081329346,0.4521780014038086,6.049148082733154,1169.0,1188.174364896074
industrial_changeover,4329,866,4,Order4,866,1.3439999999999997e-05,-0.04700815863907337,1229.0,1225.0,5.2118449211120605,0.4379708766937256,5.649815797805786,1225.0,1255.0993071593534
industrial_changeover,4330,866,5,Order5,866,1.3419999999999999e-05,-0.05753491632640362,1271.0,1308.0,6.277146577835083,0.5022759437561035,6.7794225215911865,1282.0,1341.55311778291
industrial_changeover,4331,867,1,Order1,867,1.3400000000000002e-05,0.021166375372558832,1280.0,1218.0,5.549914360046387,0.4431581497192383,5.993072509765625,1210.0,1262.1464821222607
industrial_changeover,4332,867,2,Order2,867,1.3380000000000004e-05,-0.01845805160701275,1177.0,1177.0,5.327830791473389,0.4216902256011963,5.749521017074585,1173.0,1216.0253748558248
industrial_changeover,4333,867,3,Order3,867,1.3360000000000006e-05,-0.025562012568116188,1169.0,1169.0,5.730703592300415,0.4382309913635254,6.16893458366394,1169.0,1188.152249134948
industrial_changeover,4334,867,4,Order4,867,1.3339999999999998e-05,0.02871137484908104,1285.0,1225.0,5.233751058578491,0.406771183013916,5.640522241592407,1225.0,1255.0645905420993
industrial_changeover,4335,867,5,Order5,867,1.332e-05,-0.0016616381471976638,1319.0,1308.0,6.232770919799805,0.5184695720672607,6.751240491867065,1282.0,1341.5144175317187
industrial_changeover,4336,868,1,Order1,868,1.3300000000000001e-05,0.01603795401751995,1256.0,1218.0,5.358548641204834,0.42324066162109375,5.781789302825928,1210.0,1262.0956221198157
industrial_changeover,4337,868,2,Order2,868,1.3280000000000003e-05,-0.005701251095160842,1177.0,1177.0,5.293092489242554,0.4294016361236572,5.722494125366211,1173.0,1215.9804147465438
industrial_changeover,4338,868,3,Order3,868,1.3260000000000005e-05,-0.015622136881574988,1169.0,1169.0,5.6432204246521,0.4243769645690918,6.067597389221191,1169.0,1188.1301843317972
industrial_changeover,4339,868,4,Order4,868,1.3239999999999997e-05,0.018271810840815306,1264.0,1225.0,5.112823486328125,0.40217089653015137,5.514994382858276,1225.0,1255.0299539170508
industrial_changeover,4340,868,5,Order5,868,1.3219999999999999e-05,0.002523984177969396,1323.0,1308.0,6.140216827392578,0.49973607063293457,6.639952898025513,1282.0,1341.475806451613
industrial_changeover,4341,869,1,Order1,869,1.32e-05,-0.019205682445317507,1223.0,1218.0,5.4236743450164795,0.41710758209228516,5.840781927108765,1210.0,1262.0448791714614
industrial_changeover,4342,869,2,Order2,869,1.3180000000000004e-05,-0.007499314146116376,1173.0,1177.0,5.162925720214844,0.4102487564086914,5.573174476623535,1173.0,1215.9355581127734
industrial_changeover,4343,869,3,Order3,869,1.3160000000000006e-05,-0.007042608107440174,1169.0,1169.0,5.904044151306152,0.46689462661743164,6.370938777923584,1169.0,1188.108170310702
industrial_changeover,4344,869,4,Order4,869,1.3139999999999996e-05,0.02416641591116786,1264.0,1225.0,5.374716758728027,0.44461727142333984,5.819334030151367,1225.0,1254.9953970080553
industrial_changeover,4345,869,5,Order5,869,1.312e-05,-0.0023094271891750395,1305.0,1308.0,6.432497024536133,0.521343469619751,6.953840494155884,1282.0,1341.4372842347525
industrial_changeover,4346,870,1,Order1,870,1.3100000000000002e-05,0.0025492782006040215,1241.0,1218.0,5.408274173736572,0.4322042465209961,5.840478420257568,1210.0,1261.9942528735633
industrial_changeover,4347,870,2,Order2,870,1.3080000000000004e-05,0.008139459881931543,1185.0,1177.0,5.449280261993408,0.4266049861907959,5.875885248184204,1173.0,1215.8908045977012
industrial_changeover,4348,870,3,Order3,870,1.3060000000000005e-05,-0.0026284342166036367,1175.0,1169.0,5.804559707641602,0.49683165550231934,6.301391363143921,1169.0,1188.0862068965516
industrial_changeover,4349,870,4,Order4,870,1.3039999999999997e-05,0.004719529650174081,1266.0,1225.0,5.541995525360107,0.414780855178833,5.95677638053894,1225.0,1254.96091954023
industrial_changeover,4350,870,5,Order5,870,1.3019999999999999e-05,-0.009069316321983933,1304.0,1308.0,6.407026052474976,0.5326321125030518,6.939658164978027,1282.0,1341.3988505747127
industrial_changeover,4351,871,1,Order1,871,1.3000000000000001e-05,0.012221926357597113,1256.0,1218.0,5.462178707122803,0.4589040279388428,5.9210827350616455,1210.0,1261.9437428243398
industrial_changeover,4352,871,2,Order2,871,1.2980000000000003e-05,0.0012747004220727831,1183.0,1177.0,5.4903154373168945,0.42773008346557617,5.918045520782471,1173.0,1215.8461538461538
industrial_changeover,4353,871,3,Order3,871,1.2960000000000005e-05,-0.008813976077362895,1169.0,1169.0,5.72844934463501,0.45243310928344727,6.180882453918457,1169.0,1188.0642939150403
industrial_changeover,4354,871,4,Order4,871,1.2939999999999996e-05,0.002751783118583262,1266.0,1225.0,5.244403839111328,0.4204261302947998,5.664829969406128,1225.0,1254.9265212399541
industrial_changeover,4355,871,5,Order5,871,1.2919999999999998e-05,0.004528961842879653,1327.0,1308.0,6.373379945755005,0.5007832050323486,6.8741631507873535,1282.0,1341.3605051664754
industrial_changeover,4356,872,1,Order1,872,1.29e-05,0.010881526628509164,1259.0,1218.0,5.487349987030029,0.4325242042541504,5.91987419128418,1210.0,1261.8933486238532
industrial_changeover,4357,872,2,Order2,872,1.2880000000000004e-05,-0.010020408779382706,1174.0,1177.0,5.335063219070435,0.4362947940826416,5.771358013153076,1173.0,1215.801605504587
industrial_changeover,4358,872,3,Order3,872,1.2860000000000006e-05,0.01181471487507224,1196.0,1169.0,5.753831148147583,0.47405290603637695,6.22788405418396,1169.0,1188.0424311926606
industrial_changeover,4359,872,4,Order4,872,1.2839999999999996e-05,-0.0043597661424428225,1264.0,1225.0,5.34996223449707,0.4197988510131836,5.769761085510254,1225.0,1254.8922018348624
industrial_changeover,4360,872,5,Order5,872,1.282e-05,-0.00961641175672412,1316.0,1308.0,6.332737922668457,0.5151381492614746,6.847876071929932,1282.0,1341.322247706422
industrial_changeover,4361,873,1,Order1,873,1.2800000000000001e-05,0.029195692855864763,1283.0,1218.0,5.520723819732666,0.4444441795349121,5.965167999267578,1210.0,1261.8430698739978
industrial_changeover,4362,873,2,Order2,873,1.2780000000000003e-05,-0.009758951840922236,1176.0,1177.0,5.593583583831787,0.4359908103942871,6.029574394226074,1173.0,1215.7571592210768
industrial_changeover,4363,873,3,Order3,873,1.2760000000000005e-05,0.0075119780376553535,1196.0,1169.0,5.727622032165527,0.4475975036621094,6.175219535827637,1169.0,1188.020618556701
industrial_changeover,4364,873,4,Order4,873,1.2739999999999997e-05,-0.006126414751634002,1266.0,1225.0,5.3318212032318115,0.41625356674194336,5.748074769973755,1225.0,1254.8579610538372
industrial_changeover,4365,873,5,Order5,873,1.2719999999999998e-05,0.056839472614228725,1421.0,1308.0,6.389732122421265,0.5068068504333496,6.896538972854614,1282.0,1341.2840778923253
industrial_changeover,4366,874,1,Order1,874,1.27e-05,-0.03617616090923548,1220.0,1218.0,5.64022970199585,0.45169496536254883,6.091924667358398,1210.0,1261.7929061784896
industrial_changeover,4367,874,2,Order2,874,1.2680000000000002e-05,-0.013098029419779778,1184.0,1177.0,5.463670969009399,0.45059776306152344,5.914268732070923,1173.0,1215.712814645309
industrial_changeover,4368,874,3,Order3,874,1.2660000000000006e-05,0.0006498343136627227,1197.0,1169.0,5.88484787940979,0.48425841331481934,6.369106292724609,1169.0,1187.9988558352402
industrial_changeover,4369,874,4,Order4,874,1.2639999999999996e-05,-0.033975495025515556,1231.0,1225.0,5.583932638168335,0.4374959468841553,6.02142858505249,1225.0,1254.8237986270024
industrial_changeover,4370,874,5,Order5,874,1.2619999999999998e-05,-0.020733117125928402,1303.0,1308.0,6.592158317565918,0.5126438140869141,7.104802131652832,1282.0,1341.245995423341
industrial_changeover,4371,875,1,Order1,875,1.2600000000000001e-05,-0.01638901000842452,1223.0,1218.0,5.851625919342041,0.4615440368652344,6.313169956207275,1210.0,1261.7428571428572
industrial_changeover,4372,875,2,Order2,875,1.2580000000000003e-05,0.001732908422127366,1174.0,1177.0,5.571320295333862,0.4424316883087158,6.013751983642578,1173.0,1215.6685714285713
industrial_changeover,4373,875,3,Order3,875,1.2560000000000005e-05,0.0049169345293194056,1169.0,1169.0,5.862677097320557,0.4994950294494629,6.3621721267700195,1169.0,1187.9771428571428
industrial_changeover,4374,875,4,Order4,875,1.2539999999999997e-05,-0.007861283840611577,1225.0,1225.0,5.532338380813599,0.45807433128356934,5.990412712097168,1225.0,1254.7897142857144
industrial_changeover,4375,875,5,Order5,875,1.2519999999999999e-05,0.018213222734630108,1323.0,1308.0,6.507426500320435,0.5361835956573486,7.043610095977783,1282.0,1341.208
industrial_changeover,4376,876,1,Order1,876,1.25e-05,0.005489217233844101,1224.0,1218.0,5.680415391921997,0.4470858573913574,6.1275012493133545,1210.0,1261.6929223744291
industrial_changeover,4377,876,2,Order2,876,1.2480000000000002e-05,0.01828607637435198,1183.0,1177.0,5.4927449226379395,0.44367361068725586,5.936418533325195,1173.0,1215.6244292237443
industrial_changeover,4378,876,3,Order3,876,1.2460000000000004e-05,0.026251227594912052,1196.0,1169.0,5.84429407119751,0.4437980651855469,6.288092136383057,1169.0,1187.9554794520548
industrial_changeover,4379,876,4,Order4,876,1.2439999999999996e-05,-0.012353211175650358,1231.0,1225.0,5.4582531452178955,0.4304831027984619,5.888736248016357,1225.0,1254.755707762557
industrial_changeover,4380,876,5,Order5,876,1.2419999999999998e-05,-0.030215321574360132,1275.0,1308.0,6.548532485961914,0.5489568710327148,7.097489356994629,1282.0,1341.170091324201
industrial_changeover,4381,877,1,Order1,877,1.24e-05,0.046977464109659195,1280.0,1218.0,5.855821371078491,0.45531201362609863,6.31113338470459,1210.0,1261.643101482326
industrial_changeover,4382,877,2,Order2,877,1.2380000000000003e-05,0.0043373111402615905,1184.0,1177.0,5.577306509017944,0.4428732395172119,6.020179748535156,1173.0,1215.5803876852908
industrial_changeover,4383,877,3,Order3,877,1.2360000000000005e-05,-0.014843738172203302,1169.0,1169.0,5.953142166137695,0.460216760635376,6.413358926773071,1169.0,1187.933865450399
industrial_changeover,4384,877,4,Order4,877,1.2339999999999995e-05,0.0001233611037605442,1253.0,1225.0,5.541947841644287,0.4443531036376953,5.986300945281982,1225.0,1254.7217787913341
industrial_changeover,4385,877,5,Order5,877,1.2319999999999999e-05,-0.012592686340212822,1308.0,1308.0,6.613509654998779,0.5031254291534424,7.116635084152222,1282.0,1341.1322690992017
industrial_changeover,4386,878,1,Order1,878,1.23e-05,-0.01951764803379774,1220.0,1218.0,5.414004564285278,0.4486260414123535,5.862630605697632,1210.0,1261.5933940774487
industrial_changeover,4387,878,2,Order2,878,1.2280000000000003e-05,0.006462067598477006,1184.0,1177.0,5.3155529499053955,0.44869518280029297,5.7642481327056885,1173.0,1215.5364464692484
industrial_changeover,4388,878,3,Order3,878,1.2260000000000005e-05,-0.006211160565726459,1169.0,1169.0,5.774890422821045,0.43976879119873047,6.214659214019775,1169.0,1187.9123006833713
industrial_changeover,4389,878,4,Order4,878,1.2239999999999996e-05,-0.004194088629446924,1235.0,1225.0,5.155391693115234,0.4108262062072754,5.56621789932251,1225.0,1254.6879271070616
industrial_changeover,4390,878,5,Order5,878,1.2219999999999998e-05,0.009409536141902208,1324.0,1308.0,6.410417556762695,0.49726343154907227,6.907680988311768,1282.0,1341.0945330296126
industrial_changeover,4391,879,1,Order1,879,1.22e-05,0.027140780352056026,1256.0,1218.0,5.493738651275635,0.4410533905029297,5.9347920417785645,1210.0,1261.5437997724687
industrial_changeover,4392,879,2,Order2,879,1.2180000000000002e-05,0.01586866332218051,1188.0,1177.0,5.358480215072632,0.4421854019165039,5.800665616989136,1173.0,1215.4926052332196
industrial_changeover,4393,879,3,Order3,879,1.2160000000000006e-05,0.015110646840184927,1197.0,1169.0,5.5627121925354,0.4484672546386719,6.011179447174072,1169.0,1187.8907849829352
industrial_changeover,4394,879,4,Order4,879,1.2139999999999996e-05,0.004846140975132585,1264.0,1225.0,5.226722478866577,0.4310915470123291,5.657814025878906,1225.0,1254.6541524459612
industrial_changeover,4395,879,5,Order5,879,1.2119999999999997e-05,-0.014426687499508262,1315.0,1308.0,6.2750563621521,0.47859811782836914,6.753654479980469,1282.0,1341.056882821388
industrial_changeover,4396,880,1,Order1,880,1.2100000000000001e-05,0.00559781224001199,1256.0,1218.0,5.367626667022705,0.4258449077606201,5.793471574783325,1210.0,1261.4943181818182
industrial_changeover,4397,880,2,Order2,880,1.2080000000000003e-05,-0.006064635002985597,1184.0,1177.0,5.17664909362793,0.43071627616882324,5.607365369796753,1173.0,1215.4488636363637
industrial_changeover,4398,880,3,Order3,880,1.2060000000000005e-05,-0.01902204565703869,1175.0,1169.0,5.533203840255737,0.4340629577636719,5.967266798019409,1169.0,1187.8693181818182
industrial_changeover,4399,880,4,Order4,880,1.2039999999999997e-05,-0.0019530535209923983,1261.0,1225.0,5.203140020370483,0.3975682258605957,5.600708246231079,1225.0,1254.6204545454545
industrial_changeover,4400,880,5,Order5,880,1.2019999999999998e-05,-0.012592061655595899,1309.0,1308.0,6.215156078338623,0.511279821395874,6.726435899734497,1282.0,1341.019318181818
industrial_changeover,4401,881,1,Order1,881,1.2e-05,-0.013464313931763172,1225.0,1218.0,5.509757041931152,0.44983458518981934,5.959591627120972,1210.0,1261.44494892168
industrial_changeover,4402,881,2,Order2,881,1.1980000000000002e-05,0.10031100548803806,1289.0,1177.0,5.429630517959595,0.432877779006958,5.862508296966553,1173.0,1215.405221339387
industrial_changeover,4403,881,3,Order3,881,1.1960000000000004e-05,-0.013821402564644814,1169.0,1169.0,6.012812852859497,0.47385096549987793,6.486663818359375,1169.0,1187.8479001135074
industrial_changeover,4404,881,4,Order4,881,1.1939999999999996e-05,-0.03244152944535017,1225.0,1225.0,5.2325439453125,0.4225437641143799,5.65508770942688,1225.0,1254.5868331441543
industrial_changeover,4405,881,5,Order5,881,1.1919999999999998e-05,-0.016591656021773815,1316.0,1308.0,6.466593265533447,0.4998021125793457,6.966395378112793,1282.0,1340.9818388195233
industrial_changeover,4406,882,1,Order1,882,1.19e-05,0.025948706082999706,1278.0,1218.0,5.672316789627075,0.4717676639556885,6.144084453582764,1210.0,1261.3956916099773
industrial_changeover,4407,882,2,Order2,882,1.1880000000000001e-05,-0.009206489194184542,1177.0,1177.0,5.462177753448486,0.4701805114746094,5.932358264923096,1173.0,1215.3616780045352
industrial_changeover,4408,882,3,Order3,882,1.1860000000000005e-05,-0.01790324179455638,1169.0,1169.0,5.759916067123413,0.5247035026550293,6.284619569778442,1169.0,1187.8265306122448
industrial_changeover,4409,882,4,Order4,882,1.1839999999999995e-05,0.0031910554389469326,1264.0,1225.0,5.6611878871917725,0.4200286865234375,6.08121657371521,1225.0,1254.5532879818595
industrial_changeover,4410,882,5,Order5,882,1.1819999999999997e-05,-0.015311638824641705,1304.0,1308.0,6.689715385437012,0.5090651512145996,7.198780536651611,1282.0,1340.9444444444443
industrial_changeover,4411,883,1,Order1,883,1.18e-05,0.031955476850271225,1278.0,1218.0,5.369452714920044,0.4540879726409912,5.823540687561035,1210.0,1261.3465458663647
industrial_changeover,4412,883,2,Order2,883,1.1780000000000002e-05,0.0018246113613713533,1183.0,1177.0,5.372610569000244,0.4414346218109131,5.814045190811157,1173.0,1215.3182332955832
industrial_changeover,4413,883,3,Order3,883,1.1760000000000004e-05,-0.012887355871498585,1169.0,1169.0,5.830609083175659,0.45359158515930176,6.284200668334961,1169.0,1187.8052095130238
industrial_changeover,4414,883,4,Order4,883,1.1739999999999996e-05,0.004711451125331223,1266.0,1225.0,5.356250286102295,0.42429590225219727,5.780546188354492,1225.0,1254.519818799547
industrial_changeover,4415,883,5,Order5,883,1.1719999999999998e-05,0.0006882420420879498,1324.0,1308.0,6.188770771026611,0.48822879791259766,6.676999568939209,1282.0,1340.9071347678369
industrial_changeover,4416,884,1,Order1,884,1.17e-05,-0.02542712027207017,1218.0,1218.0,5.507623910903931,0.4280669689178467,5.935690879821777,1210.0,1261.2975113122172
industrial_changeover,4417,884,2,Order2,884,1.1680000000000002e-05,0.021355892065912485,1207.0,1177.0,5.333873987197876,0.4289538860321045,5.7628278732299805,1173.0,1215.274886877828
industrial_changeover,4418,884,3,Order3,884,1.1660000000000004e-05,-0.007710245787166059,1169.0,1169.0,5.610548734664917,0.454235315322876,6.064784049987793,1169.0,1187.7839366515836
industrial_changeover,4419,884,4,Order4,884,1.1639999999999995e-05,0.006292310426943004,1266.0,1225.0,5.43906569480896,0.423433780670166,5.862499475479126,1225.0,1254.4864253393664
industrial_changeover,4420,884,5,Order5,884,1.1619999999999997e-05,-0.03246126789599657,1275.0,1308.0,6.458391427993774,0.505906343460083,6.964297771453857,1282.0,1340.8699095022625
industrial_changeover,4421,885,1,Order1,885,1.1599999999999999e-05,-0.006974145770072937,1227.0,1218.0,5.636401653289795,0.4360978603363037,6.072499513626099,1210.0,1261.2485875706216
industrial_changeover,4422,885,2,Order2,885,1.1580000000000003e-05,0.01171785849146545,1185.0,1177.0,5.368797779083252,0.4308617115020752,5.799659490585327,1173.0,1215.231638418079
industrial_changeover,4423,885,3,Order3,885,1.1560000000000005e-05,0.023138913791626692,1195.0,1169.0,5.805718898773193,0.46815967559814453,6.273878574371338,1169.0,1187.7627118644068
industrial_changeover,4424,885,4,Order4,885,1.1539999999999995e-05,-0.014252845663577318,1229.0,1225.0,5.486378908157349,0.43259477615356445,5.918973684310913,1225.0,1254.4531073446328
industrial_changeover,4425,885,5,Order5,885,1.1519999999999998e-05,0.02580138249322772,1353.0,1308.0,6.55791163444519,0.5067586898803711,7.0646703243255615,1282.0,1340.8327683615819
industrial_changeover,4426,886,1,Order1,886,1.15e-05,-0.008583382936194539,1224.0,1218.0,5.662134170532227,0.4583163261413574,6.120450496673584,1210.0,1261.1997742663657
industrial_changeover,4427,886,2,Order2,886,1.1480000000000002e-05,-0.0014170397480484098,1177.0,1177.0,5.598257541656494,0.4566490650177002,6.054906606674194,1173.0,1215.1884875846501
industrial_changeover,4428,886,3,Order3,886,1.1460000000000004e-05,-0.005979110253974795,1169.0,1169.0,5.954744338989258,0.4620857238769531,6.416830062866211,1169.0,1187.7415349887133
industrial_changeover,4429,886,4,Order4,886,1.1439999999999996e-05,-0.015655053313821554,1231.0,1225.0,5.454056739807129,0.4437599182128906,5.8978166580200195,1225.0,1254.4198645598194
industrial_changeover,4430,886,5,Order5,886,1.1419999999999997e-05,-0.00424730044323951,1306.0,1308.0,6.598567008972168,0.5090758800506592,7.107642889022827,1282.0,1340.7957110609482
industrial_changeover,4431,887,1,Order1,887,1.14e-05,-0.005881271907128394,1225.0,1218.0,5.8160789012908936,0.4599587917327881,6.276037693023682,1210.0,1261.1510710259302
industrial_changeover,4432,887,2,Order2,887,1.1380000000000001e-05,0.01673963386565447,1188.0,1177.0,5.536760330200195,0.441058874130249,5.977819204330444,1173.0,1215.1454340473506
industrial_changeover,4433,887,3,Order3,887,1.1360000000000005e-05,-4.252768849255517e-05,1169.0,1169.0,5.786893606185913,0.4787769317626953,6.265670537948608,1169.0,1187.7204058624577
industrial_changeover,4434,887,4,Order4,887,1.1339999999999995e-05,-0.012104314751923084,1225.0,1225.0,5.529755592346191,0.43555784225463867,5.96531343460083,1225.0,1254.3866967305523
industrial_changeover,4435,887,5,Order5,887,1.1319999999999997e-05,0.042333703488111496,1371.0,1308.0,6.508364677429199,0.5467731952667236,7.055137872695923,1282.0,1340.7587373167983
industrial_changeover,4436,888,1,Order1,888,1.13e-05,-0.0029690582887269557,1224.0,1218.0,5.827057600021362,0.4348723888397217,6.261929988861084,1210.0,1261.1024774774776
industrial_changeover,4437,888,2,Order2,888,1.1280000000000002e-05,0.052504885010421276,1241.0,1177.0,5.51274561882019,0.4137606620788574,5.926506280899048,1173.0,1215.1024774774776
industrial_changeover,4438,888,3,Order3,888,1.1260000000000004e-05,-0.01649659452959895,1169.0,1169.0,5.930465221405029,0.45174241065979004,6.382207632064819,1169.0,1187.6993243243244
industrial_changeover,4439,888,4,Order4,888,1.1240000000000006e-05,0.014339368790388107,1264.0,1225.0,5.469799518585205,0.4259481430053711,5.895747661590576,1225.0,1254.3536036036037
industrial_changeover,4440,888,5,Order5,888,1.1219999999999998e-05,-0.04132819268852472,1270.0,1308.0,6.517971754074097,0.5216808319091797,7.039652585983276,1282.0,1340.7218468468468
industrial_changeover,4441,889,1,Order1,889,1.12e-05,-0.019346250221133232,1227.0,1218.0,5.757391452789307,0.4814004898071289,6.2387919425964355,1210.0,1261.0539932508436
industrial_changeover,4442,889,2,Order2,889,1.1180000000000001e-05,0.025211780797690153,1214.0,1177.0,5.7695887088775635,0.4227628707885742,6.192351579666138,1173.0,1215.0596175478065
industrial_changeover,4443,889,3,Order3,889,1.1160000000000003e-05,-0.007589229615405202,1175.0,1169.0,5.920638084411621,0.46132588386535645,6.3819639682769775,1169.0,1187.6782902137234
industrial_changeover,4444,889,4,Order4,889,1.1140000000000005e-05,0.008368910290300846,1266.0,1225.0,5.197652339935303,0.4128992557525635,5.610551595687866,1225.0,1254.320584926884
industrial_changeover,4445,889,5,Order5,889,1.1119999999999997e-05,-0.05267365649342537,1251.0,1308.0,6.337575674057007,0.47904443740844727,6.816620111465454,1282.0,1340.6850393700788
industrial_changeover,4446,890,1,Order1,890,1.1099999999999999e-05,-0.01727371010929346,1218.0,1218.0,5.506901264190674,0.4135322570800781,5.920433521270752,1210.0,1261.0056179775281
industrial_changeover,4447,890,2,Order2,890,1.1080000000000002e-05,0.011466751573607326,1184.0,1177.0,5.24010705947876,0.4247732162475586,5.664880275726318,1173.0,1215.0168539325844
industrial_changeover,4448,890,3,Order3,890,1.1060000000000004e-05,0.05155211687088013,1213.0,1169.0,5.607914686203003,0.4362916946411133,6.044206380844116,1169.0,1187.6573033707866
industrial_changeover,4449,890,4,Order4,890,1.1040000000000006e-05,0.02189308265224099,1264.0,1225.0,5.262673854827881,0.4181027412414551,5.680776596069336,1225.0,1254.2876404494382
industrial_changeover,4450,890,5,Order5,890,1.1019999999999998e-05,-0.0036768147838301957,1309.0,1308.0,6.25606632232666,0.4962468147277832,6.752313137054443,1282.0,1340.6483146067417
industrial_changeover,4451,891,1,Order1,891,1.1e-05,-0.015289975330233574,1223.0,1218.0,5.356632232666016,0.4266836643218994,5.783315896987915,1210.0,1260.9573512906845
industrial_changeover,4452,891,2,Order2,891,1.0980000000000002e-05,-0.009275599615648389,1173.0,1177.0,5.512083053588867,0.41749143600463867,5.929574489593506,1173.0,1214.9741863075196
industrial_changeover,4453,891,3,Order3,891,1.0960000000000003e-05,-0.010561834322288632,1175.0,1169.0,5.635482549667358,0.4383699893951416,6.0738525390625,1169.0,1187.6363636363637
industrial_changeover,4454,891,4,Order4,891,1.0940000000000005e-05,-0.017121325246989727,1225.0,1225.0,5.1685402393341064,0.40957212448120117,5.578112363815308,1225.0,1254.2547699214365
industrial_changeover,4455,891,5,Order5,891,1.0919999999999997e-05,-0.029254676774144173,1272.0,1308.0,6.119477987289429,0.47739267349243164,6.59687066078186,1282.0,1340.611672278339
industrial_changeover,4456,892,1,Order1,892,1.0899999999999999e-05,0.0014967045863159,1225.0,1218.0,5.333882808685303,0.437300443649292,5.771183252334595,1210.0,1260.909192825112
industrial_changeover,4457,892,2,Order2,892,1.0880000000000001e-05,0.009328929241746664,1173.0,1177.0,5.3365254402160645,0.4147067070007324,5.751232147216797,1173.0,1214.9316143497758
industrial_changeover,4458,892,3,Order3,892,1.0860000000000003e-05,0.005780205363407731,1169.0,1169.0,5.5509865283966064,0.47306060791015625,6.024047136306763,1169.0,1187.615470852018
industrial_changeover,4459,892,4,Order4,892,1.0840000000000006e-05,0.024728079326450825,1249.0,1225.0,5.472813844680786,0.4346199035644531,5.907433748245239,1225.0,1254.2219730941704
industrial_changeover,4460,892,5,Order5,892,1.0819999999999996e-05,0.006774884182959795,1312.0,1308.0,6.758993864059448,0.5312163829803467,7.290210247039795,1282.0,1340.5751121076232
industrial_changeover,4461,893,1,Order1,893,1.0799999999999998e-05,0.03136538062244654,1256.0,1218.0,5.585834503173828,0.45572733879089355,6.041561841964722,1210.0,1260.8611422172453
industrial_changeover,4462,893,2,Order2,893,1.0780000000000002e-05,0.005366723169572651,1173.0,1177.0,5.33131742477417,0.4434075355529785,5.774724960327148,1173.0,1214.8891377379618
industrial_changeover,4463,893,3,Order3,893,1.0760000000000004e-05,-0.008476298535242677,1169.0,1169.0,5.877316951751709,0.4620065689086914,6.3393235206604,1169.0,1187.5946248600223
industrial_changeover,4464,893,4,Order4,893,1.0740000000000006e-05,0.028676518239080906,1285.0,1225.0,5.336955308914185,0.4287452697753906,5.765700578689575,1225.0,1254.1892497200447
industrial_changeover,4465,893,5,Order5,893,1.0719999999999997e-05,-0.010248811217024922,1304.0,1308.0,6.2456138134002686,0.4754657745361328,6.721079587936401,1282.0,1340.538633818589
industrial_changeover,4466,894,1,Order1,894,1.07e-05,-0.01943374052643776,1223.0,1218.0,5.578038215637207,0.4529426097869873,6.030980825424194,1210.0,1260.8131991051455
industrial_changeover,4467,894,2,Order2,894,1.0680000000000001e-05,-0.001477891782997176,1183.0,1177.0,5.471743583679199,0.46003103256225586,5.931774616241455,1173.0,1214.8467561521252
industrial_changeover,4468,894,3,Order3,894,1.0660000000000003e-05,-0.01670673443004489,1169.0,1169.0,5.791925668716431,0.4899933338165283,6.281919002532959,1169.0,1187.5738255033557
industrial_changeover,4469,894,4,Order4,894,1.0640000000000005e-05,0.008449847111478448,1264.0,1231.0,5.258445501327515,0.4091496467590332,5.667595148086548,1225.0,1254.1633109619686
industrial_changeover,4470,894,5,Order5,894,1.0619999999999997e-05,-0.0108980773948133,1304.0,1308.0,6.22832727432251,0.49246954917907715,6.720796823501587,1282.0,1340.5022371364653
industrial_changeover,4471,895,1,Order1,895,1.0599999999999998e-05,-0.010787306586280465,1225.0,1218.0,5.519621849060059,0.433011531829834,5.952633380889893,1210.0,1260.7653631284916
industrial_changeover,4472,895,2,Order2,895,1.058e-05,0.010404747445136309,1183.0,1177.0,5.287200450897217,0.441009521484375,5.728209972381592,1173.0,1214.804469273743
industrial_changeover,4473,895,3,Order3,895,1.0560000000000004e-05,-0.002864584152121097,1169.0,1169.0,5.713880300521851,0.4581272602081299,6.1720075607299805,1169.0,1187.5530726256984
industrial_changeover,4474,895,4,Order4,895,1.0540000000000006e-05,-0.013054207433015108,1225.0,1231.0,5.454038619995117,0.41467928886413574,5.868717908859253,1225.0,1254.1374301675978
industrial_changeover,4475,895,5,Order5,895,1.0519999999999996e-05,-0.017243279609829187,1271.0,1308.0,6.446832180023193,0.5116372108459473,6.958469390869141,1282.0,1340.4659217877095
industrial_changeover,4476,896,1,Order1,896,1.05e-05,0.051499892957508564,1280.0,1218.0,5.701634645462036,0.4424304962158203,6.1440651416778564,1210.0,1260.7176339285713
industrial_changeover,4477,896,2,Order2,896,1.0480000000000001e-05,0.01587974838912487,1184.0,1177.0,5.5116188526153564,0.4368312358856201,5.948450088500977,1173.0,1214.7622767857142
industrial_changeover,4478,896,3,Order3,896,1.0460000000000003e-05,-0.0042194664711132646,1169.0,1169.0,5.787748575210571,0.4520144462585449,6.239763021469116,1169.0,1187.5323660714287
industrial_changeover,4479,896,4,Order4,896,1.0440000000000005e-05,-0.019661819096654654,1225.0,1231.0,5.315865993499756,0.41608524322509766,5.7319512367248535,1225.0,1254.111607142857
industrial_changeover,4480,896,5,Order5,896,1.0419999999999997e-05,-0.0036773979081772268,1304.0,1308.0,6.337387323379517,0.5114414691925049,6.8488287925720215,1282.0,1340.4296875
industrial_changeover,4481,897,1,Order1,897,1.0399999999999999e-05,-0.010517884278669953,1223.0,1218.0,5.535802125930786,0.42919397354125977,5.964996099472046,1210.0,1260.6700111482721
industrial_changeover,4482,897,2,Order2,897,1.038e-05,0.008897335268557072,1183.0,1177.0,5.455689191818237,0.43141818046569824,5.8871073722839355,1173.0,1214.7201783723524
industrial_changeover,4483,897,3,Order3,897,1.0360000000000002e-05,-0.004958967445418239,1169.0,1169.0,5.821279048919678,0.4524397850036621,6.27371883392334,1169.0,1187.5117056856188
industrial_changeover,4484,897,4,Order4,897,1.0340000000000006e-05,-0.00833658897317946,1231.0,1225.0,5.456302165985107,0.4664642810821533,5.922766447067261,1225.0,1254.0791527313268
industrial_changeover,4485,897,5,Order5,897,1.0319999999999996e-05,0.013561195228248835,1326.0,1308.0,6.55488395690918,0.539421796798706,7.094305753707886,1282.0,1340.3935340022297
industrial_changeover,4486,898,1,Order1,898,1.0299999999999998e-05,0.0296756774187088,1259.0,1218.0,5.725875616073608,0.47905802726745605,6.2049336433410645,1210.0,1260.6224944320713
industrial_changeover,4487,898,2,Order2,898,1.0280000000000002e-05,0.005897138500586152,1174.0,1177.0,5.5711894035339355,0.4438357353210449,6.0150251388549805,1173.0,1214.6781737193764
industrial_changeover,4488,898,3,Order3,898,1.0260000000000003e-05,-0.00882046902552247,1169.0,1169.0,5.88223671913147,0.4718785285949707,6.35411524772644,1169.0,1187.491091314031
industrial_changeover,4489,898,4,Order4,898,1.0240000000000005e-05,-0.017455107998102903,1231.0,1225.0,5.361583709716797,0.4387941360473633,5.80037784576416,1225.0,1254.0467706013362
industrial_changeover,4490,898,5,Order5,898,1.0219999999999997e-05,-0.005874874768778682,1304.0,1308.0,6.390281915664673,0.5205795764923096,6.910861492156982,1282.0,1340.357461024499
industrial_changeover,4491,899,1,Order1,899,1.0199999999999999e-05,0.011540558421984315,1241.0,1218.0,5.871699571609497,0.45452451705932617,6.326224088668823,1210.0,1260.5750834260289
industrial_changeover,4492,899,2,Order2,899,1.018e-05,-1.3840894098393619e-05,1177.0,1177.0,5.441068172454834,0.43711304664611816,5.878181219100952,1173.0,1214.6362625139043
industrial_changeover,4493,899,3,Order3,899,1.0160000000000003e-05,-0.006699603865854442,1169.0,1169.0,5.763461589813232,0.4668004512786865,6.230262041091919,1169.0,1187.4705228031146
industrial_changeover,4494,899,4,Order4,899,1.0140000000000005e-05,-0.008986808359622955,1235.0,1225.0,5.51086163520813,0.42567014694213867,5.9365317821502686,1225.0,1254.0144605116795
industrial_changeover,4495,899,5,Order5,899,1.0119999999999996e-05,-0.02592676505446434,1274.0,1308.0,6.536198139190674,0.5315313339233398,7.067729473114014,1282.0,1340.321468298109
industrial_changeover,4496,900,1,Order1,900,1.0099999999999998e-05,0.021868915762752295,1241.0,1218.0,5.781024932861328,0.448620080947876,6.229645013809204,1210.0,1260.5277777777778
industrial_changeover,4497,900,2,Order2,900,1.008e-05,0.007944445125758648,1177.0,1177.0,5.493915557861328,0.4388260841369629,5.932741641998291,1173.0,1214.5944444444444
industrial_changeover,4498,900,3,Order3,900,1.0060000000000002e-05,0.004478550748899579,1175.0,1169.0,5.978638410568237,0.45238614082336426,6.431024551391602,1169.0,1187.45
industrial_changeover,4499,900,4,Order4,900,1.0040000000000006e-05,0.034729874692857265,1266.0,1225.0,5.524616479873657,0.44766831398010254,5.97228479385376,1225.0,1253.9822222222222
industrial_changeover,4500,900,5,Order5,900,1.0019999999999996e-05,-0.003641735762357712,1306.0,1308.0,6.621485471725464,0.5178351402282715,7.139320611953735,1282.0,1340.2855555555554
industrial_changeover,4501,901,1,Order1,901,1e-05,-0.007250080234371126,1227.0,1218.0,5.809671640396118,0.4280226230621338,6.237694263458252,1210.0,1260.480577136515
industrial_changeover,4502,901,2,Order2,901,1e-05,0.0029637598199769855,1183.0,1177.0,5.505767345428467,0.4114651679992676,5.917232513427734,1173.0,1214.5527192008879
industrial_changeover,4503,901,3,Order3,901,1e-05,-0.005056701367720962,1175.0,1169.0,5.520292282104492,0.44326043128967285,5.963552713394165,1169.0,1187.4295227524972
industrial_changeover,4504,901,4,Order4,901,1e-05,0.009479796513915062,1266.0,1225.0,5.265316963195801,0.435319185256958,5.700636148452759,1225.0,1253.9500554938957
industrial_changeover,4505,901,5,Order5,901,1e-05,-0.011453387327492237,1305.0,1308.0,6.269627094268799,0.5325336456298828,6.802160739898682,1282.0,1340.2497225305217
industrial_changeover,4506,902,1,Order1,902,1e-05,0.01732745300978422,1259.0,1218.0,5.4444050788879395,0.43985962867736816,5.884264707565308,1210.0,1260.4334811529934
industrial_changeover,4507,902,2,Order2,902,1e-05,0.05277759023010731,1245.0,1177.0,5.321122646331787,0.43381524085998535,5.7549378871917725,1173.0,1214.511086474501
industrial_changeover,4508,902,3,Order3,902,1e-05,-0.01715080253779888,1169.0,1169.0,5.610144138336182,0.4563920497894287,6.06653618812561,1169.0,1187.409090909091
industrial_changeover,4509,902,4,Order4,902,1e-05,-0.00467448343988508,1266.0,1225.0,5.268730401992798,0.4269285202026367,5.695658922195435,1225.0,1253.9179600886919
industrial_changeover,4510,902,5,Order5,902,1e-05,-0.021995183546096087,1308.0,1308.0,6.208175897598267,0.4854249954223633,6.69360089302063,1282.0,1340.2139689578714
industrial_changeover,4511,903,1,Order1,903,1e-05,0.004965455154888332,1259.0,1218.0,5.49825382232666,0.42185497283935547,5.920108795166016,1210.0,1260.3864894795126
industrial_changeover,4512,903,2,Order2,903,1e-05,-0.01220960053615272,1177.0,1177.0,5.298614740371704,0.4045848846435547,5.703199625015259,1173.0,1214.469545957918
industrial_changeover,4513,903,3,Order3,903,1e-05,0.007834515301510692,1197.0,1169.0,5.549289226531982,0.4360949993133545,5.985384225845337,1169.0,1187.3887043189368
industrial_changeover,4514,903,4,Order4,903,1e-05,0.0007072427833918482,1264.0,1225.0,5.185752868652344,0.41202664375305176,5.5977795124053955,1225.0,1253.8859357696567
industrial_changeover,4515,903,5,Order5,903,1e-05,0.015814509242773056,1351.0,1308.0,6.075647592544556,0.48003482818603516,6.555682420730591,1282.0,1340.1782945736434
industrial_changeover,4516,904,1,Order1,904,1e-05,-0.02607016172260046,1220.0,1218.0,5.365147590637207,0.46760058403015137,5.832748174667358,1210.0,1260.3396017699115
industrial_changeover,4517,904,2,Order2,904,1e-05,-0.0017768482503015548,1185.0,1177.0,5.399203062057495,0.42476868629455566,5.823971748352051,1173.0,1214.4280973451328
industrial_changeover,4518,904,3,Order3,904,1e-05,-0.007263113395310938,1175.0,1169.0,5.8926682472229,0.4584343433380127,6.351102590560913,1169.0,1187.3683628318583
industrial_changeover,4519,904,4,Order4,904,1e-05,0.006399936624802649,1264.0,1225.0,5.260096788406372,0.42754507064819336,5.687641859054565,1225.0,1253.853982300885
industrial_changeover,4520,904,5,Order5,904,1e-05,-0.004787919577211142,1308.0,1308.0,6.588961839675903,0.5079736709594727,7.096935510635376,1282.0,1340.1426991150443
industrial_changeover,4521,905,1,Order1,905,1e-05,0.030374606139957905,1275.0,1218.0,5.636616468429565,0.4432084560394287,6.079824924468994,1210.0,1260.292817679558
industrial_changeover,4522,905,2,Order2,905,1e-05,-0.006093391217291355,1174.0,1177.0,5.47887396812439,0.4438624382019043,5.922736406326294,1173.0,1214.3867403314916
industrial_changeover,4523,905,3,Order3,905,1e-05,-0.012078797211870551,1169.0,1169.0,5.732051849365234,0.44336438179016113,6.1754162311553955,1169.0,1187.3480662983425
industrial_changeover,4524,905,4,Order4,905,1e-05,-0.028580993879586458,1225.0,1225.0,5.4686033725738525,0.4319741725921631,5.900577545166016,1225.0,1253.822099447514
industrial_changeover,4525,905,5,Order5,905,1e-05,0.042926667258143425,1394.0,1308.0,6.430035352706909,0.559051513671875,6.989086866378784,1282.0,1340.107182320442
industrial_changeover,4526,906,1,Order1,906,1e-05,-0.02149243652820587,1218.0,1218.0,5.520626783370972,0.4339406490325928,5.9545674324035645,1210.0,1260.2461368653421
industrial_changeover,4527,906,2,Order2,906,1e-05,0.10098431631922722,1290.0,1177.0,5.308335781097412,0.41529321670532227,5.723628997802734,1173.0,1214.3454746136865
industrial_changeover,4528,906,3,Order3,906,1e-05,-0.017156905960291624,1169.0,1169.0,5.532703399658203,0.4463779926300049,5.979081392288208,1169.0,1187.3278145695365
industrial_changeover,4529,906,4,Order4,906,1e-05,-0.037826621904969215,1225.0,1225.0,5.235903024673462,0.4229865074157715,5.658889532089233,1225.0,1253.7902869757174
industrial_changeover,4530,906,5,Order5,906,1e-05,-0.01187765784561634,1323.0,1308.0,6.192479610443115,0.4943258762359619,6.686805486679077,1282.0,1340.0717439293599
industrial_changeover,4531,907,1,Order1,907,1e-05,0.02416342170909047,1280.0,1218.0,5.54130482673645,0.43516039848327637,5.976465225219727,1210.0,1260.199558985667
industrial_changeover,4532,907,2,Order2,907,1e-05,-0.01526157115586102,1173.0,1177.0,5.216355323791504,0.4419841766357422,5.658339500427246,1173.0,1214.3042998897465
industrial_changeover,4533,907,3,Order3,907,1e-05,-0.019501376897096634,1169.0,1169.0,5.742246150970459,0.47228312492370605,6.214529275894165,1169.0,1187.3076074972437
industrial_changeover,4534,907,4,Order4,907,1e-05,0.0019374068069737405,1264.0,1225.0,5.320807695388794,0.4244973659515381,5.745305061340332,1225.0,1253.7585446527012
industrial_changeover,4535,907,5,Order5,907,1e-05,-0.00785685726441443,1313.0,1308.0,6.408783197402954,0.4980318546295166,6.906815052032471,1282.0,1340.0363836824697
industrial_changeover,4536,908,1,Order1,908,1e-05,-0.015887560788542032,1223.0,1218.0,5.4044013023376465,0.4358184337615967,5.840219736099243,1210.0,1260.1530837004404
industrial_changeover,4537,908,2,Order2,908,1e-05,-0.0017439206421840936,1177.0,1177.0,5.3989527225494385,0.44031357765197754,5.839266300201416,1173.0,1214.2632158590309
industrial_changeover,4538,908,3,Order3,908,1e-05,0.02698188740760088,1196.0,1169.0,5.702422857284546,0.44285011291503906,6.145272970199585,1169.0,1187.2874449339206
industrial_changeover,4539,908,4,Order4,908,1e-05,0.032463766634464264,1285.0,1225.0,5.212141513824463,0.4127633571624756,5.6249048709869385,1225.0,1253.726872246696
industrial_changeover,4540,908,5,Order5,908,1e-05,0.0008958791731856763,1335.0,1308.0,6.286018133163452,0.5198547840118408,6.805872917175293,1282.0,1340.0011013215858
industrial_changeover,4541,909,1,Order1,909,1e-05,0.041376867331564426,1283.0,1218.0,5.620143413543701,0.4317507743835449,6.051894187927246,1210.0,1260.106710671067
industrial_changeover,4542,909,2,Order2,909,1e-05,-0.015134323621168733,1177.0,1177.0,5.346647024154663,0.43315839767456055,5.779805421829224,1173.0,1214.2222222222222
industrial_changeover,4543,909,3,Order3,909,1e-05,-0.02415657276287675,1169.0,1169.0,5.667477369308472,0.4632422924041748,6.1307196617126465,1169.0,1187.2673267326732
industrial_changeover,4544,909,4,Order4,909,1e-05,-0.03877505753189325,1225.0,1225.0,5.3759446144104,0.4241983890533447,5.800143003463745,1225.0,1253.6952695269526
industrial_changeover,4545,909,5,Order5,909,1e-05,-0.0447855805978179,1271.0,1308.0,6.351701498031616,0.5261168479919434,6.87781834602356,1282.0,1339.965896589659
industrial_changeover,4546,910,1,Order1,910,1e-05,0.04280713200569153,1283.0,1218.0,5.635145425796509,0.4852886199951172,6.120434045791626,1210.0,1260.0604395604396
industrial_changeover,4547,910,2,Order2,910,1e-05,-0.0019944433588534594,1176.0,1177.0,5.334095478057861,0.4283578395843506,5.762453317642212,1173.0,1214.1813186813188
industrial_changeover,4548,910,3,Order3,910,1e-05,-0.0050492038717493415,1169.0,1169.0,5.747206926345825,0.4479687213897705,6.195175647735596,1169.0,1187.2472527472528
industrial_changeover,4549,910,4,Order4,910,1e-05,-0.01920102722942829,1225.0,1225.0,5.320497989654541,0.4165370464324951,5.737035036087036,1225.0,1253.6637362637362
industrial_changeover,4550,910,5,Order5,910,1e-05,-0.028359032701700926,1272.0,1308.0,6.347509145736694,0.48796606063842773,6.835475206375122,1282.0,1339.9307692307693
industrial_changeover,4551,911,1,Order1,911,1e-05,-0.0035150510957464576,1225.0,1218.0,5.659465074539185,0.45520615577697754,6.114671230316162,1210.0,1260.0142700329309
industrial_changeover,4552,911,2,Order2,911,1e-05,0.012495764764025807,1176.0,1177.0,5.4697511196136475,0.4283480644226074,5.898099184036255,1173.0,1214.1405049396267
industrial_changeover,4553,911,3,Order3,911,1e-05,0.07647019997239113,1232.0,1169.0,5.696770906448364,0.4490633010864258,6.14583420753479,1169.0,1187.2272228320528
industrial_changeover,4554,911,4,Order4,911,1e-05,-0.009304471546784043,1225.0,1225.0,5.402034282684326,0.4250016212463379,5.827035903930664,1225.0,1253.6322722283205
industrial_changeover,4555,911,5,Order5,911,1e-05,-0.019473977852612734,1275.0,1308.0,6.303926467895508,0.5377428531646729,6.841669321060181,1282.0,1339.8957189901207
industrial_changeover,4556,912,1,Order1,912,1e-05,0.019125505816191435,1256.0,1218.0,5.805684804916382,0.4503042697906494,6.255989074707031,1210.0,1259.968201754386
industrial_changeover,4557,912,2,Order2,912,1e-05,-0.004919242230243981,1173.0,1177.0,5.584641218185425,0.4552321434020996,6.039873361587524,1173.0,1214.0997807017543
industrial_changeover,4558,912,3,Order3,912,1e-05,0.01997833466157317,1208.0,1169.0,5.968742847442627,0.44980788230895996,6.418550729751587,1169.0,1187.2072368421052
industrial_changeover,4559,912,4,Order4,912,1e-05,-0.012002628529444337,1235.0,1225.0,5.688747882843018,0.43767714500427246,6.12642502784729,1225.0,1253.6008771929824
industrial_changeover,4560,912,5,Order5,912,1e-05,-0.0069033276522532105,1315.0,1308.0,6.373729944229126,0.5025539398193359,6.876283884048462,1282.0,1339.860745614035
industrial_changeover,4561,913,1,Order1,913,1e-05,-0.014531759079545736,1225.0,1218.0,5.344492435455322,0.44177746772766113,5.786269903182983,1210.0,1259.922234392114
industrial_changeover,4562,913,2,Order2,913,1e-05,0.0017007033457048237,1184.0,1177.0,5.308603048324585,0.4119448661804199,5.720547914505005,1173.0,1214.0591456736036
industrial_changeover,4563,913,3,Order3,913,1e-05,-0.01538211340084672,1169.0,1169.0,5.6025519371032715,0.44663572311401367,6.049187660217285,1169.0,1187.1872946330777
industrial_changeover,4564,913,4,Order4,913,1e-05,0.015491947066038847,1261.0,1225.0,5.300191402435303,0.42123866081237793,5.721430063247681,1225.0,1253.5695509309967
industrial_changeover,4565,913,5,Order5,913,1e-05,0.02915962692350149,1355.0,1308.0,6.20903468132019,0.49620723724365234,6.705241918563843,1282.0,1339.8258488499453
industrial_changeover,4566,914,1,Order1,914,1e-05,-0.015547315590083599,1220.0,1218.0,5.403311014175415,0.4232792854309082,5.826590299606323,1210.0,1259.8763676148797
industrial_changeover,4567,914,2,Order2,914,1e-05,0.001304365083342418,1184.0,1177.0,5.238305330276489,0.42061662673950195,5.658921957015991,1173.0,1214.0185995623633
industrial_changeover,4568,914,3,Order3,914,1e-05,-0.017531607765704393,1169.0,1169.0,5.720685243606567,0.4544222354888916,6.175107479095459,1169.0,1187.167396061269
industrial_changeover,4569,914,4,Order4,914,1e-05,-0.008804421639069915,1235.0,1225.0,5.317821502685547,0.40578579902648926,5.723607301712036,1225.0,1253.53829321663
industrial_changeover,4570,914,5,Order5,914,1e-05,0.026388610247522593,1369.0,1308.0,6.245650291442871,0.5202524662017822,6.765902757644653,1282.0,1339.7910284463894
industrial_changeover,4571,915,1,Order1,915,1e-05,0.036650680005550385,1275.0,1218.0,5.321849822998047,0.4192490577697754,5.741098880767822,1210.0,1259.8306010928961
industrial_changeover,4572,915,2,Order2,915,1e-05,-0.005350565770640969,1177.0,1177.0,5.211649656295776,0.40965938568115234,5.621309041976929,1173.0,1213.9781420765028
industrial_changeover,4573,915,3,Order3,915,1e-05,0.02335202507674694,1213.0,1169.0,5.539250373840332,0.4326188564300537,5.971869230270386,1169.0,1187.1475409836066
industrial_changeover,4574,915,4,Order4,915,1e-05,-0.024654880166053772,1229.0,1225.0,5.154529571533203,0.4123983383178711,5.566927909851074,1225.0,1253.5071038251367
industrial_changeover,4575,915,5,Order5,915,1e-05,-0.022412643302232027,1305.0,1308.0,6.141906023025513,0.4895322322845459,6.631438255310059,1282.0,1339.7562841530055
industrial_changeover,4576,916,1,Order1,916,1e-05,0.01882035518065095,1259.0,1218.0,5.481061697006226,0.4661247730255127,5.947186470031738,1210.0,1259.7849344978165
industrial_changeover,4577,916,2,Order2,916,1e-05,-0.015106879873201251,1174.0,1177.0,5.7059032917022705,0.4687988758087158,6.174702167510986,1173.0,1213.9377729257642
industrial_changeover,4578,916,3,Order3,916,1e-05,0.019966856576502323,1213.0,1169.0,5.647006034851074,0.4848968982696533,6.1319029331207275,1169.0,1187.127729257642
industrial_changeover,4579,916,4,Order4,916,1e-05,0.004642202868126333,1262.0,1225.0,5.2929346561431885,0.4358382225036621,5.728772878646851,1225.0,1253.475982532751
industrial_changeover,4580,916,5,Order5,916,1e-05,0.02216847939416766,1355.0,1308.0,6.384150981903076,0.5468153953552246,6.930966377258301,1282.0,1339.721615720524
industrial_changeover,4581,917,1,Order1,917,1e-05,0.005556619726121426,1256.0,1218.0,5.579925537109375,0.4432668685913086,6.023192405700684,1210.0,1259.7393675027263
industrial_changeover,4582,917,2,Order2,917,1e-05,-0.009752275422215462,1188.0,1177.0,5.337942361831665,0.4287075996398926,5.766649961471558,1173.0,1213.8974918211559
industrial_changeover,4583,917,3,Order3,917,1e-05,-0.03271498158574104,1169.0,1169.0,6.11029577255249,0.5005536079406738,6.610849380493164,1169.0,1187.1079607415486
industrial_changeover,4584,917,4,Order4,917,1e-05,-0.026330926921218634,1231.0,1225.0,5.382235288619995,0.43250441551208496,5.81473970413208,1225.0,1253.4449291166848
industrial_changeover,4585,917,5,Order5,917,1e-05,-0.008316862862557173,1319.0,1308.0,6.335106372833252,0.5053319931030273,6.840438365936279,1282.0,1339.6870229007634
industrial_changeover,4586,918,1,Order1,918,1e-05,0.011247916147112846,1241.0,1218.0,5.513407230377197,0.43469905853271484,5.948106288909912,1210.0,1259.693899782135
industrial_changeover,4587,918,2,Order2,918,1e-05,-0.0026571318740025163,1177.0,1177.0,5.3620765209198,0.4282512664794922,5.790327787399292,1173.0,1213.8572984749455
industrial_changeover,4588,918,3,Order3,918,1e-05,0.012925541959702969,1197.0,1169.0,5.616181373596191,0.44437146186828613,6.0605528354644775,1169.0,1187.0882352941176
industrial_changeover,4589,918,4,Order4,918,1e-05,0.030890143010765314,1264.0,1225.0,5.173811435699463,0.4385244846343994,5.612335920333862,1225.0,1253.4139433551197
industrial_changeover,4590,918,5,Order5,918,1e-05,-0.026343826670199633,1272.0,1308.0,6.331815481185913,0.5068948268890381,6.838710308074951,1282.0,1339.652505446623
industrial_changeover,4591,919,1,Order1,919,1e-05,0.0352051667869091,1280.0,1218.0,5.68225359916687,0.43949389457702637,6.1217474937438965,1210.0,1259.6485310119695
industrial_changeover,4592,919,2,Order2,919,1e-05,-0.007494359044358134,1176.0,1177.0,5.395775079727173,0.43002820014953613,5.825803279876709,1173.0,1213.8171926006528
industrial_changeover,4593,919,3,Order3,919,1e-05,-0.006569314515218139,1180.0,1169.0,5.688410758972168,0.4545931816101074,6.143003940582275,1169.0,1187.068552774755
industrial_changeover,4594,919,4,Order4,919,1e-05,0.014628694858402014,1264.0,1225.0,5.373986482620239,0.42287254333496094,5.7968590259552,1225.0,1253.3830250272035
industrial_changeover,4595,919,5,Order5,919,1e-05,-0.018265025224536657,1304.0,1308.0,6.4796812534332275,0.49337005615234375,6.973051309585571,1282.0,1339.6180631120783
industrial_changeover,4596,920,1,Order1,920,1e-05,-0.004708091611973941,1241.0,1218.0,5.439802646636963,0.43356990814208984,5.873372554779053,1210.0,1259.6032608695652
industrial_changeover,4597,920,2,Order2,920,1e-05,-0.009052656823769212,1177.0,1177.0,5.447364568710327,0.43251538276672363,5.879879951477051,1173.0,1213.7771739130435
industrial_changeover,4598,920,3,Order3,920,1e-05,-0.0022881290642544627,1184.0,1169.0,5.714735984802246,0.4340958595275879,6.148831844329834,1169.0,1187.0489130434783
industrial_changeover,4599,920,4,Order4,920,1e-05,0.0008704310312168673,1249.0,1231.0,5.262178182601929,0.42185139656066895,5.684029579162598,1225.0,1253.358695652174
industrial_changeover,4600,920,5,Order5,920,1e-05,-0.00850850366987288,1308.0,1308.0,6.49636173248291,0.5024573802947998,6.99881911277771,1282.0,1339.583695652174
industrial_changeover,4601,921,1,Order1,921,1e-05,0.021461044903844595,1259.0,1218.0,5.6247406005859375,0.4422013759613037,6.066941976547241,1210.0,1259.5580890336591
industrial_changeover,4602,921,2,Order2,921,1e-05,-0.003944519907236099,1174.0,1177.0,5.4722065925598145,0.43582797050476074,5.908034563064575,1173.0,1213.7372421281216
industrial_changeover,4603,921,3,Order3,921,1e-05,0.010487772291526198,1197.0,1169.0,5.704291105270386,0.44724178314208984,6.151532888412476,1169.0,1187.029315960912
industrial_changeover,4604,921,4,Order4,921,1e-05,0.007909214124083519,1262.0,1231.0,5.501443147659302,0.44544267654418945,5.946885824203491,1225.0,1253.3344191096635
industrial_changeover,4605,921,5,Order5,921,1e-05,-0.011120438342913985,1308.0,1308.0,6.62222957611084,0.5101070404052734,7.132336616516113,1282.0,1339.5494028230185
industrial_changeover,4606,922,1,Order1,922,1e-05,0.008506998419761658,1241.0,1218.0,5.745687484741211,0.4460289478302002,6.191716432571411,1210.0,1259.5130151843819
industrial_changeover,4607,922,2,Order2,922,1e-05,-0.005911443382501602,1177.0,1177.0,5.362515211105347,0.44169068336486816,5.804205894470215,1173.0,1213.6973969631235
industrial_changeover,4608,922,3,Order3,922,1e-05,-0.017116799019277096,1169.0,1169.0,5.72865891456604,0.4655139446258545,6.1941728591918945,1169.0,1187.0097613882863
industrial_changeover,4609,922,4,Order4,922,1e-05,0.020257479045540094,1264.0,1231.0,5.459462642669678,0.4044680595397949,5.863930702209473,1225.0,1253.3101952277657
industrial_changeover,4610,922,5,Order5,922,1e-05,-0.004082403378561139,1308.0,1308.0,6.44115424156189,0.5153803825378418,6.9565346240997314,1282.0,1339.5151843817787
industrial_changeover,4611,923,1,Order1,923,1e-05,-0.020590702537447214,1220.0,1218.0,5.7393577098846436,0.45122337341308594,6.1905810832977295,1210.0,1259.4680390032502
industrial_changeover,4612,923,2,Order2,923,1e-05,0.0032860219944268465,1184.0,1177.0,5.640908718109131,0.45221686363220215,6.093125581741333,1173.0,1213.6576381365114
industrial_changeover,4613,923,3,Order3,923,1e-05,0.015468301717191935,1196.0,1169.0,5.791808843612671,0.4815685749053955,6.273377418518066,1169.0,1186.9902491874323
industrial_changeover,4614,923,4,Order4,923,1e-05,0.00954984943382442,1264.0,1231.0,5.63264536857605,0.43781614303588867,6.0704615116119385,1225.0,1253.2860238353196
industrial_changeover,4615,923,5,Order5,923,1e-05,-0.0032102357945404947,1308.0,1308.0,6.559645175933838,0.5132606029510498,7.072905778884888,1282.0,1339.4810400866738
industrial_changeover,4616,924,1,Order1,924,1e-05,-0.0008228392252931371,1241.0,1218.0,5.772839069366455,0.4781351089477539,6.250974178314209,1210.0,1259.42316017316
industrial_changeover,4617,924,2,Order2,924,1e-05,-0.0075054733315482736,1174.0,1177.0,5.808794260025024,0.4487342834472656,6.25752854347229,1173.0,1213.6179653679653
industrial_changeover,4618,924,3,Order3,924,1e-05,-0.014103209832683206,1169.0,1169.0,5.8442888259887695,0.4355587959289551,6.279847621917725,1169.0,1186.9707792207791
industrial_changeover,4619,924,4,Order4,924,1e-05,0.011105067795142531,1264.0,1231.0,5.2891526222229,0.4086732864379883,5.697825908660889,1225.0,1253.2619047619048
industrial_changeover,4620,924,5,Order5,924,1e-05,-0.0027048533083871007,1315.0,1308.0,6.236865520477295,0.49816441535949707,6.735029935836792,1282.0,1339.4469696969697
industrial_changeover,4621,925,1,Order1,925,1e-05,-0.01311970129609108,1225.0,1218.0,5.478072166442871,0.4473299980163574,5.9254021644592285,1210.0,1259.3783783783783
industrial_changeover,4622,925,2,Order2,925,1e-05,0.010793299181386828,1188.0,1177.0,5.229334354400635,0.4548928737640381,5.684227228164673,1173.0,1213.5783783783784
industrial_changeover,4623,925,3,Order3,925,1e-05,-0.008642883272841573,1169.0,1169.0,5.662108421325684,0.46106886863708496,6.1231772899627686,1169.0,1186.9513513513514
industrial_changeover,4624,925,4,Order4,925,1e-05,0.013342812890186906,1264.0,1231.0,5.306371212005615,0.40415024757385254,5.710521459579468,1225.0,1253.2378378378378
industrial_changeover,4625,925,5,Order5,925,1e-05,-0.042704385705292225,1251.0,1308.0,6.27351450920105,0.49291229248046875,6.7664268016815186,1282.0,1339.412972972973
industrial_changeover,4626,926,1,Order1,926,1e-05,0.05372600816190243,1283.0,1218.0,5.525312423706055,0.43216991424560547,5.95748233795166,1210.0,1259.3336933045357
industrial_changeover,4627,926,2,Order2,926,1e-05,0.002709832217078656,1176.0,1177.0,5.281532287597656,0.44399070739746094,5.725522994995117,1173.0,1213.5388768898488
industrial_changeover,4628,926,3,Order3,926,1e-05,0.021339132450520992,1196.0,1169.0,5.575206518173218,0.4487123489379883,6.023918867111206,1169.0,1186.9319654427645
industrial_changeover,4629,926,4,Order4,926,1e-05,0.0029895901097916067,1264.0,1231.0,5.146646499633789,0.41715312004089355,5.563799619674683,1225.0,1253.2138228941685
industrial_changeover,4630,926,5,Order5,926,1e-05,-0.015781895723193884,1304.0,1308.0,6.145639896392822,0.4857449531555176,6.63138484954834,1282.0,1339.379049676026
industrial_changeover,4631,927,1,Order1,927,1e-05,0.019559047650545835,1275.0,1218.0,5.335397958755493,0.417630672454834,5.753028631210327,1210.0,1259.2891046386192
industrial_changeover,4632,927,2,Order2,927,1e-05,-0.01053358311764896,1177.0,1177.0,5.16167950630188,0.43495750427246094,5.596637010574341,1173.0,1213.4994606256741
industrial_changeover,4633,927,3,Order3,927,1e-05,-0.021809258963912725,1169.0,1169.0,5.848083019256592,0.4760103225708008,6.324093341827393,1169.0,1186.9126213592233
industrial_changeover,4634,927,4,Order4,927,1e-05,-0.00264845450874418,1260.0,1231.0,5.5493552684783936,0.4135925769805908,5.962947845458984,1225.0,1253.1898597626753
industrial_changeover,4635,927,5,Order5,927,1e-05,-0.008579689543694258,1305.0,1308.0,6.460066556930542,0.537250280380249,6.997316837310791,1282.0,1339.3451995685004
industrial_changeover,4636,928,1,Order1,928,1e-05,-0.02427703980356455,1218.0,1218.0,5.621938943862915,0.4617631435394287,6.083702087402344,1210.0,1259.2446120689656
industrial_changeover,4637,928,2,Order2,928,1e-05,0.00179990372271277,1177.0,1177.0,5.5033533573150635,0.4333155155181885,5.936668872833252,1173.0,1213.4601293103449
industrial_changeover,4638,928,3,Order3,928,1e-05,-0.002793302701320499,1169.0,1169.0,5.634286165237427,0.48603367805480957,6.120319843292236,1169.0,1186.8933189655172
industrial_changeover,4639,928,4,Order4,928,1e-05,-0.013984934659674764,1225.0,1231.0,5.55197286605835,0.4528355598449707,6.00480842590332,1225.0,1253.165948275862
industrial_changeover,4640,928,5,Order5,928,1e-05,0.03878487925976515,1352.0,1308.0,6.350246429443359,0.5407719612121582,6.891018390655518,1282.0,1339.311422413793
industrial_changeover,4641,929,1,Order1,929,1e-05,-0.0022258313256315887,1225.0,1218.0,5.67160964012146,0.49477338790893555,6.1663830280303955,1210.0,1259.2002152852529
industrial_changeover,4642,929,2,Order2,929,1e-05,0.01479782466776669,1184.0,1177.0,5.452560901641846,0.4163963794708252,5.868957281112671,1173.0,1213.4208826695371
industrial_changeover,4643,929,3,Order3,929,1e-05,0.027609471697360277,1196.0,1169.0,5.657073736190796,0.44338369369506836,6.100457429885864,1169.0,1186.8740581270183
industrial_changeover,4644,929,4,Order4,929,1e-05,0.011435296619310975,1264.0,1231.0,5.260181427001953,0.4242360591888428,5.684417486190796,1225.0,1253.1420882669538
industrial_changeover,4645,929,5,Order5,929,1e-05,0.0016679131076671183,1322.0,1308.0,6.113473653793335,0.5016036033630371,6.615077257156372,1282.0,1339.2777179763186
industrial_changeover,4646,930,1,Order1,930,1e-05,-0.023261139169335365,1223.0,1218.0,5.444528102874756,0.4253053665161133,5.869833469390869,1210.0,1259.1559139784947
industrial_changeover,4647,930,2,Order2,930,1e-05,-0.009333649417385459,1173.0,1177.0,5.294213056564331,0.41976475715637207,5.713977813720703,1173.0,1213.3817204301076
industrial_changeover,4648,930,3,Order3,930,1e-05,-0.017797917127609253,1169.0,1169.0,5.666227340698242,0.43802499771118164,6.104252338409424,1169.0,1186.8548387096773
industrial_changeover,4649,930,4,Order4,930,1e-05,0.025848742108792067,1287.0,1231.0,5.22576642036438,0.4579591751098633,5.683725595474243,1225.0,1253.1182795698924
industrial_changeover,4650,930,5,Order5,930,1e-05,0.07055611163377762,1415.0,1308.0,6.223466157913208,0.4912571907043457,6.714723348617554,1282.0,1339.2440860215054
industrial_changeover,4651,931,1,Order1,931,1e-05,0.015866443049162626,1259.0,1218.0,5.45093297958374,0.43503594398498535,5.885968923568726,1210.0,1259.1117078410311
industrial_changeover,4652,931,2,Order2,931,1e-05,0.002343179890885949,1205.0,1177.0,5.394360780715942,0.41022729873657227,5.804588079452515,1173.0,1213.342642320086
industrial_changeover,4653,931,3,Order3,931,1e-05,-0.033126916736364365,1169.0,1169.0,5.610517263412476,0.4422264099121094,6.052743673324585,1169.0,1186.8356605800216
industrial_changeover,4654,931,4,Order4,931,1e-05,-0.009323959005996585,1264.0,1231.0,5.214319705963135,0.4269394874572754,5.64125919342041,1225.0,1253.0945220193341
industrial_changeover,4655,931,5,Order5,931,1e-05,0.016014673281461,1382.0,1308.0,6.230375051498413,0.49847936630249023,6.728854417800903,1282.0,1339.2105263157894
industrial_changeover,4656,932,1,Order1,932,1e-05,-0.04168883245438337,1218.0,1218.0,5.50569748878479,0.4371986389160156,5.942896127700806,1210.0,1259.0675965665237
industrial_changeover,4657,932,2,Order2,932,1e-05,-0.016301351599395275,1177.0,1177.0,5.315827369689941,0.42362093925476074,5.739448308944702,1173.0,1213.3036480686694
industrial_changeover,4658,932,3,Order3,932,1e-05,-0.016420466359704733,1169.0,1169.0,5.721017122268677,0.4569387435913086,6.177955865859985,1169.0,1186.8165236051502
industrial_changeover,4659,932,4,Order4,932,1e-05,0.005389203084632754,1264.0,1231.0,5.278982400894165,0.43399548530578613,5.712977886199951,1225.0,1253.0708154506437
industrial_changeover,4660,932,5,Order5,932,1e-05,-0.03210862912237644,1271.0,1308.0,6.274187803268433,0.4843933582305908,6.758581161499023,1282.0,1339.1770386266094
industrial_changeover,4661,933,1,Order1,933,1e-05,0.0179816042073071,1241.0,1218.0,5.517836570739746,0.43724918365478516,5.955085754394531,1210.0,1259.0235798499464
industrial_changeover,4662,933,2,Order2,933,1e-05,0.007440052693709731,1174.0,1177.0,5.485119104385376,0.42166781425476074,5.906786918640137,1173.0,1213.2647374062165
industrial_changeover,4663,933,3,Order3,933,1e-05,0.005304836784489453,1169.0,1169.0,5.726166725158691,0.4681282043457031,6.1942949295043945,1169.0,1186.7974276527332
industrial_changeover,4664,933,4,Order4,933,1e-05,0.018649394158273935,1264.0,1231.0,5.311427116394043,0.43573904037475586,5.747166156768799,1225.0,1253.0471596998927
industrial_changeover,4665,933,5,Order5,933,1e-05,0.00920487754046917,1320.0,1308.0,6.3762006759643555,0.507282018661499,6.8834826946258545,1282.0,1339.1436227224008
industrial_changeover,4666,934,1,Order1,934,1e-05,0.020189139526337385,1259.0,1218.0,5.584863901138306,0.4353325366973877,6.020196437835693,1210.0,1258.9796573875803
industrial_changeover,4667,934,2,Order2,934,1e-05,0.0004322131135268137,1177.0,1177.0,5.593121767044067,0.43857288360595703,6.031694650650024,1173.0,1213.2259100642398
industrial_changeover,4668,934,3,Order3,934,1e-05,-0.0026343900244683027,1175.0,1169.0,5.737788200378418,0.44800281524658203,6.185791015625,1169.0,1186.7783725910065
industrial_changeover,4669,934,4,Order4,934,1e-05,0.013550332048907876,1264.0,1231.0,5.334242343902588,0.42232561111450195,5.75656795501709,1225.0,1253.0235546038543
industrial_changeover,4670,934,5,Order5,934,1e-05,-0.028162183240056038,1275.0,1308.0,6.381532430648804,0.5135581493377686,6.895090579986572,1282.0,1339.110278372591
industrial_changeover,4671,935,1,Order1,935,1e-05,-0.019198967143893242,1225.0,1218.0,5.560694217681885,0.429675817489624,5.990370035171509,1210.0,1258.9358288770054
industrial_changeover,4672,935,2,Order2,935,1e-05,0.008082299027591944,1185.0,1177.0,5.648270845413208,0.45126819610595703,6.099539041519165,1173.0,1213.1871657754011
industrial_changeover,4673,935,3,Order3,935,1e-05,0.0019212007755413651,1175.0,1169.0,5.863847970962524,0.47823023796081543,6.34207820892334,1169.0,1186.75935828877
industrial_changeover,4674,935,4,Order4,935,1e-05,0.007143551716580987,1264.0,1231.0,5.5825934410095215,0.450991153717041,6.0335845947265625,1225.0,1253.0
industrial_changeover,4675,935,5,Order5,935,1e-05,-0.0007791712268954143,1308.0,1308.0,6.523024082183838,0.5254194736480713,7.048443555831909,1282.0,1339.0770053475935
industrial_changeover,4676,936,1,Order1,936,1e-05,-0.01863753702491522,1220.0,1218.0,5.632840156555176,0.43482303619384766,6.067663192749023,1210.0,1258.892094017094
industrial_changeover,4677,936,2,Order2,936,1e-05,0.0013884128129575402,1173.0,1177.0,5.286242485046387,0.4162442684173584,5.702486753463745,1173.0,1213.1485042735044
industrial_changeover,4678,936,3,Order3,936,1e-05,0.012832109816372395,1182.0,1169.0,5.602754354476929,0.4572567939758301,6.060011148452759,1169.0,1186.7403846153845
industrial_changeover,4679,936,4,Order4,936,1e-05,0.028829620219767094,1285.0,1231.0,5.132710695266724,0.4020838737487793,5.534794569015503,1225.0,1252.9764957264956
industrial_changeover,4680,936,5,Order5,936,1e-05,-0.030095387250185013,1271.0,1308.0,6.099354028701782,0.4731454849243164,6.572499513626099,1282.0,1339.0438034188035
industrial_changeover,4681,937,1,Order1,937,1e-05,-0.01917973393574357,1220.0,1218.0,5.472509860992432,0.4341452121734619,5.9066550731658936,1210.0,1258.8484525080044
industrial_changeover,4682,937,2,Order2,937,1e-05,0.002065531734842807,1174.0,1177.0,5.248594760894775,0.4183948040008545,5.66698956489563,1173.0,1213.1099252934898
industrial_changeover,4683,937,3,Order3,937,1e-05,-0.0005719424516428262,1169.0,1169.0,5.533810377120972,0.44022631645202637,5.974036693572998,1169.0,1186.7214514407683
industrial_changeover,4684,937,4,Order4,937,1e-05,-0.01789637515321374,1225.0,1231.0,5.225039005279541,0.4115622043609619,5.636601209640503,1225.0,1252.9530416221985
industrial_changeover,4685,937,5,Order5,937,1e-05,0.002083481289446354,1304.0,1308.0,6.189429044723511,0.497194766998291,6.686623811721802,1282.0,1339.0106723585911
industrial_changeover,4686,938,1,Order1,938,1e-05,0.011651416076347232,1230.0,1218.0,5.429842472076416,0.4258749485015869,5.855717420578003,1210.0,1258.8049040511728
industrial_changeover,4687,938,2,Order2,938,1e-05,0.01523186662234366,1177.0,1177.0,5.1886749267578125,0.4028325080871582,5.591507434844971,1173.0,1213.0714285714287
industrial_changeover,4688,938,3,Order3,938,1e-05,0.006467730039730668,1169.0,1169.0,5.584731340408325,0.43108105659484863,6.015812397003174,1169.0,1186.7025586353946
industrial_changeover,4689,938,4,Order4,938,1e-05,-0.005975599866360426,1235.0,1231.0,5.117412090301514,0.4058849811553955,5.523297071456909,1225.0,1252.9296375266524
industrial_changeover,4690,938,5,Order5,938,1e-05,0.0007494287128793076,1309.0,1308.0,6.106977939605713,0.48795604705810547,6.594933986663818,1282.0,1338.9776119402984
industrial_changeover,4691,939,1,Order1,939,1e-05,-0.006427212036214769,1225.0,1218.0,5.445321559906006,0.41905832290649414,5.8643798828125,1210.0,1258.7614483493078
industrial_changeover,4692,939,2,Order2,939,1e-05,0.0344858281314373,1207.0,1177.0,5.346336841583252,0.4270961284637451,5.773432970046997,1173.0,1213.0330138445154
industrial_changeover,4693,939,3,Order3,939,1e-05,-0.002046857145614922,1169.0,1169.0,5.7943434715271,0.4612281322479248,6.255571603775024,1169.0,1186.6837060702876
industrial_changeover,4694,939,4,Order4,939,1e-05,0.010503578698262572,1264.0,1231.0,5.346339702606201,0.41527533531188965,5.761615037918091,1225.0,1252.9062832800853
industrial_changeover,4695,939,5,Order5,939,1e-05,0.012736116535961628,1327.0,1308.0,6.444193363189697,0.5185647010803223,6.9627580642700195,1282.0,1338.944621938232
industrial_changeover,4696,940,1,Order1,940,1e-05,-0.02288698684424162,1218.0,1218.0,5.423771142959595,0.44062066078186035,5.864391803741455,1210.0,1258.718085106383
industrial_changeover,4697,940,2,Order2,940,1e-05,-0.005731818499043584,1173.0,1177.0,5.317028522491455,0.43427348136901855,5.751302003860474,1173.0,1212.9946808510638
industrial_changeover,4698,940,3,Order3,940,1e-05,-0.009198501007631421,1169.0,1169.0,6.265651226043701,0.4876384735107422,6.753289699554443,1169.0,1186.6648936170213
industrial_changeover,4699,940,4,Order4,940,1e-05,-0.018933081533759832,1229.0,1231.0,5.733942985534668,0.4635140895843506,6.1974570751190186,1225.0,1252.8829787234042
industrial_changeover,4700,940,5,Order5,940,1e-05,-0.01836006296798587,1272.0,1308.0,6.557786226272583,0.5847294330596924,7.142515659332275,1282.0,1338.9117021276595
industrial_changeover,4701,941,1,Order1,941,1e-05,0.04838069062680006,1283.0,1218.0,5.535303354263306,0.45144081115722656,5.986744165420532,1210.0,1258.6748140276302
industrial_changeover,4702,941,2,Order2,941,1e-05,0.0350048765540123,1207.0,1177.0,5.425555229187012,0.41112446784973145,5.836679697036743,1173.0,1212.9564293304995
industrial_changeover,4703,941,3,Order3,941,1e-05,-0.002537656342610717,1169.0,1169.0,5.742255449295044,0.4712061882019043,6.213461637496948,1169.0,1186.6461211477151
industrial_changeover,4704,941,4,Order4,941,1e-05,0.005570034962147474,1266.0,1231.0,5.190004110336304,0.42522740364074707,5.615231513977051,1225.0,1252.8597236981934
industrial_changeover,4705,941,5,Order5,941,1e-05,-0.011921999277547002,1308.0,1308.0,6.262134790420532,0.5106737613677979,6.77280855178833,1282.0,1338.8788522848033
industrial_changeover,4706,942,1,Order1,942,1e-05,-0.02606380870565772,1220.0,1218.0,5.431339979171753,0.42850685119628906,5.859846830368042,1210.0,1258.631634819533
industrial_changeover,4707,942,2,Order2,942,1e-05,0.002396588446572423,1184.0,1177.0,5.362278461456299,0.4387059211730957,5.8009843826293945,1173.0,1212.9182590233545
industrial_changeover,4708,942,3,Order3,942,1e-05,0.0057418562937527895,1184.0,1169.0,5.591464281082153,0.441875696182251,6.033339977264404,1169.0,1186.6273885350317
industrial_changeover,4709,942,4,Order4,942,1e-05,0.006439069169573486,1264.0,1231.0,5.277092695236206,0.41515398025512695,5.692246675491333,1225.0,1252.8365180467092
industrial_changeover,4710,942,5,Order5,942,1e-05,0.009971077321097255,1323.0,1308.0,6.321763277053833,0.51239013671875,6.834153413772583,1282.0,1338.8460721868364
industrial_changeover,4711,943,1,Order1,943,1e-05,0.009765045484527946,1241.0,1218.0,5.68274998664856,0.42908453941345215,6.111834526062012,1210.0,1258.5885471898198
industrial_changeover,4712,943,2,Order2,943,1e-05,-0.00270282500423491,1177.0,1177.0,5.328114748001099,0.4273836612701416,5.75549840927124,1173.0,1212.880169671262
industrial_changeover,4713,943,3,Order3,943,1e-05,-0.01245177024975419,1169.0,1169.0,5.8269641399383545,0.4515058994293213,6.278470039367676,1169.0,1186.608695652174
industrial_changeover,4714,943,4,Order4,943,1e-05,0.02217243006452918,1287.0,1231.0,5.311500072479248,0.41038036346435547,5.7218804359436035,1225.0,1252.813361611877
industrial_changeover,4715,943,5,Order5,943,1e-05,-0.026897013187408447,1275.0,1308.0,6.32719612121582,0.49760937690734863,6.824805498123169,1282.0,1338.813361611877
industrial_changeover,4716,944,1,Order1,944,1e-05,-0.021684957668185234,1223.0,1218.0,5.586435317993164,0.46161675453186035,6.048052072525024,1210.0,1258.5455508474577
industrial_changeover,4717,944,2,Order2,944,1e-05,0.02187496656551957,1204.0,1177.0,5.52422571182251,0.4480156898498535,5.972241401672363,1173.0,1212.8421610169491
industrial_changeover,4718,944,3,Order3,944,1e-05,-0.006178382434882224,1169.0,1169.0,5.8659844398498535,0.453352689743042,6.3193371295928955,1169.0,1186.5900423728813
industrial_changeover,4719,944,4,Order4,944,1e-05,0.007640998926945031,1266.0,1231.0,5.349303722381592,0.4169747829437256,5.766278505325317,1225.0,1252.790254237288
industrial_changeover,4720,944,5,Order5,944,1e-05,-0.022629208397120237,1272.0,1308.0,6.4812071323394775,0.5090334415435791,6.990240573883057,1282.0,1338.780720338983
industrial_changeover,4721,945,1,Order1,945,1e-05,0.03193461149930954,1275.0,1218.0,5.776668071746826,0.460918664932251,6.237586736679077,1210.0,1258.5026455026455
industrial_changeover,4722,945,2,Order2,945,1e-05,-0.0015609234396833926,1173.0,1177.0,5.606424808502197,0.44225406646728516,6.048678874969482,1173.0,1212.8042328042327
industrial_changeover,4723,945,3,Order3,945,1e-05,0.0048963368171826005,1180.0,1169.0,5.824808597564697,0.46468257904052734,6.289491176605225,1169.0,1186.5714285714287
industrial_changeover,4724,945,4,Order4,945,1e-05,-0.02378987055271864,1231.0,1231.0,5.436616659164429,0.42857980728149414,5.865196466445923,1225.0,1252.7671957671957
industrial_changeover,4725,945,5,Order5,945,1e-05,0.0003340411712997593,1313.0,1308.0,6.429054021835327,0.5007951259613037,6.929849147796631,1282.0,1338.7481481481482
industrial_changeover,4726,946,1,Order1,946,1e-05,0.01669954974204302,1259.0,1218.0,5.6396119594573975,0.44675755500793457,6.086369514465332,1210.0,1258.4598308668076
industrial_changeover,4727,946,2,Order2,946,1e-05,0.00953025626949966,1184.0,1177.0,5.396319627761841,0.42656397819519043,5.822883605957031,1173.0,1212.7663847780127
industrial_changeover,4728,946,3,Order3,946,1e-05,0.02307758154347539,1196.0,1169.0,5.760515213012695,0.45841073989868164,6.218925952911377,1169.0,1186.5528541226215
industrial_changeover,4729,946,4,Order4,946,1e-05,-0.025585921481251717,1231.0,1231.0,5.449042797088623,0.42649102210998535,5.875533819198608,1225.0,1252.7441860465117
industrial_changeover,4730,946,5,Order5,946,1e-05,-0.005107288132421672,1313.0,1308.0,6.477163791656494,0.5329058170318604,7.0100696086883545,1282.0,1338.715644820296
industrial_changeover,4731,947,1,Order1,947,1e-05,0.0049693918554112315,1241.0,1218.0,5.9317626953125,0.4746065139770508,6.406369209289551,1210.0,1258.417106652587
industrial_changeover,4732,947,2,Order2,947,1e-05,-0.005204403656534851,1174.0,1177.0,5.662942886352539,0.4190254211425781,6.081968307495117,1173.0,1212.7286166842662
industrial_changeover,4733,947,3,Order3,947,1e-05,0.0017694790149107575,1182.0,1169.0,6.072956562042236,0.46652817726135254,6.539484739303589,1169.0,1186.5343189017951
industrial_changeover,4734,947,4,Order4,947,1e-05,-0.019152062013745308,1231.0,1231.0,5.405693054199219,0.4255690574645996,5.831262111663818,1225.0,1252.7212249208026
industrial_changeover,4735,947,5,Order5,947,1e-05,0.021622910629957914,1343.0,1308.0,6.517557621002197,0.49242401123046875,7.009981632232666,1282.0,1338.6832101372756
industrial_changeover,4736,948,1,Order1,948,1e-05,-0.01371475262567401,1223.0,1218.0,5.5533952713012695,0.43643712997436523,5.989832401275635,1210.0,1258.3744725738397
industrial_changeover,4737,948,2,Order2,948,1e-05,0.004589092102833092,1173.0,1177.0,5.266249656677246,0.4138939380645752,5.680143594741821,1173.0,1212.6909282700421
industrial_changeover,4738,948,3,Order3,948,1e-05,0.03801702614873648,1213.0,1169.0,5.600842237472534,0.4368126392364502,6.037654876708984,1169.0,1186.51582278481
industrial_changeover,4739,948,4,Order4,948,1e-05,-0.01747709233313799,1231.0,1231.0,5.204709768295288,0.39826107025146484,5.602970838546753,1225.0,1252.698312236287
industrial_changeover,4740,948,5,Order5,948,1e-05,0.01921044196933508,1346.0,1308.0,6.1718361377716064,0.4912252426147461,6.6630613803863525,1282.0,1338.6508438818566
industrial_changeover,4741,949,1,Order1,949,1e-05,-0.01494763046503067,1227.0,1218.0,5.394691467285156,0.42363405227661133,5.818325519561768,1210.0,1258.331928345627
industrial_changeover,4742,949,2,Order2,949,1e-05,-0.008689215406775475,1177.0,1177.0,5.264545440673828,0.4075906276702881,5.672136068344116,1173.0,1212.6533192834563
industrial_changeover,4743,949,3,Order3,949,1e-05,-0.01666866848245263,1175.0,1169.0,5.607174873352051,0.4456157684326172,6.052790641784668,1169.0,1186.4973656480506
industrial_changeover,4744,949,4,Order4,949,1e-05,0.01943871984258294,1264.0,1225.0,5.31834077835083,0.4151785373687744,5.7335193157196045,1225.0,1252.6691253951528
industrial_changeover,4745,949,5,Order5,949,1e-05,-0.030343749094754457,1275.0,1308.0,6.0975987911224365,0.4851827621459961,6.582781553268433,1282.0,1338.618545837724
industrial_changeover,4746,950,1,Order1,950,1e-05,0.02038599131628871,1259.0,1218.0,5.368983030319214,0.42185425758361816,5.790837287902832,1210.0,1258.2894736842106
industrial_changeover,4747,950,2,Order2,950,1e-05,-0.002781105227768421,1173.0,1177.0,5.186413764953613,0.41284632682800293,5.599260091781616,1173.0,1212.6157894736841
industrial_changeover,4748,950,3,Order3,950,1e-05,0.019904446322470903,1196.0,1169.0,5.540188789367676,0.48308873176574707,6.023277521133423,1169.0,1186.4789473684211
industrial_changeover,4749,950,4,Order4,950,1e-05,-0.01223845244385302,1235.0,1225.0,5.084008455276489,0.4100503921508789,5.494058847427368,1225.0,1252.64
industrial_changeover,4750,950,5,Order5,950,1e-05,-0.0056994997430592775,1313.0,1308.0,6.298396348953247,0.4977703094482422,6.796166658401489,1282.0,1338.5863157894737
industrial_changeover,4751,951,1,Order1,951,1e-05,0.03628145530819893,1283.0,1218.0,5.7708704471588135,0.4384944438934326,6.209364891052246,1210.0,1258.2471083070452
industrial_changeover,4752,951,2,Order2,951,1e-05,0.0025047488161362708,1184.0,1177.0,5.3156561851501465,0.4174060821533203,5.733062267303467,1173.0,1212.578338590957
industrial_changeover,4753,951,3,Order3,951,1e-05,-0.021387304179370403,1169.0,1169.0,5.750725030899048,0.46286630630493164,6.2135913372039795,1169.0,1186.4605678233438
industrial_changeover,4754,951,4,Order4,951,1e-05,0.011133820982649922,1264.0,1225.0,5.503695964813232,0.4560103416442871,5.9597063064575195,1225.0,1252.6109358569927
industrial_changeover,4755,951,5,Order5,951,1e-05,-0.011413638014346361,1316.0,1308.0,6.452811241149902,0.5502066612243652,7.003017902374268,1282.0,1338.5541535226077
industrial_changeover,4756,952,1,Order1,952,1e-05,-0.01772351237013936,1224.0,1218.0,5.815290927886963,0.4843275547027588,6.299618482589722,1210.0,1258.204831932773
industrial_changeover,4757,952,2,Order2,952,1e-05,-0.006183096207678318,1174.0,1177.0,5.5285351276397705,0.4048757553100586,5.933410882949829,1173.0,1212.5409663865546
industrial_changeover,4758,952,3,Order3,952,1e-05,-0.01140151615254581,1169.0,1169.0,5.744704723358154,0.4593629837036133,6.204067707061768,1169.0,1186.4422268907563
industrial_changeover,4759,952,4,Order4,952,1e-05,-0.01170487329363823,1231.0,1225.0,5.310894727706909,0.4147191047668457,5.725613832473755,1225.0,1252.5819327731092
industrial_changeover,4760,952,5,Order5,952,1e-05,0.05158836767077446,1387.0,1308.0,6.212472915649414,0.48186564445495605,6.69433856010437,1282.0,1338.5220588235295
industrial_changeover,4761,953,1,Order1,953,1e-05,0.0249030077829957,1259.0,1218.0,5.431721925735474,0.4261596202850342,5.857881546020508,1210.0,1258.1626442812171
industrial_changeover,4762,953,2,Order2,953,1e-05,0.008499583695083857,1184.0,1177.0,5.263361930847168,0.4118845462799072,5.675246477127075,1173.0,1212.5036726128017
industrial_changeover,4763,953,3,Order3,953,1e-05,-0.0017697858274914324,1180.0,1169.0,5.5896315574646,0.44617223739624023,6.03580379486084,1169.0,1186.423924449108
industrial_changeover,4764,953,4,Order4,953,1e-05,-0.008695098105818033,1253.0,1225.0,5.205335855484009,0.41832661628723145,5.62366247177124,1225.0,1252.5529905561384
industrial_changeover,4765,953,5,Order5,953,1e-05,-0.015084132552146912,1315.0,1308.0,6.256750583648682,0.5028541088104248,6.7596046924591064,1282.0,1338.4900314795384
industrial_changeover,4766,954,1,Order1,954,1e-05,0.022235420532524586,1278.0,1218.0,5.420913934707642,0.42772603034973145,5.848639965057373,1210.0,1258.1205450733753
industrial_changeover,4767,954,2,Order2,954,1e-05,-0.011736120330169797,1174.0,1177.0,5.383256673812866,0.41798901557922363,5.80124568939209,1173.0,1212.4664570230607
industrial_changeover,4768,954,3,Order3,954,1e-05,-0.021549046505242586,1169.0,1169.0,5.692596435546875,0.4523959159851074,6.144992351531982,1169.0,1186.4056603773586
industrial_changeover,4769,954,4,Order4,954,1e-05,0.0007470868295058608,1262.0,1225.0,5.36303186416626,0.4248204231262207,5.7878522872924805,1225.0,1252.524109014675
industrial_changeover,4770,954,5,Order5,954,1e-05,-0.057704840786755085,1236.0,1308.0,6.272761821746826,0.5025129318237305,6.775274753570557,1282.0,1338.458071278826
industrial_changeover,4771,955,1,Order1,955,1e-05,0.03197337035089731,1275.0,1218.0,5.5452916622161865,0.4319791793823242,5.977270841598511,1210.0,1258.0785340314137
industrial_changeover,4772,955,2,Order2,955,1e-05,0.014093699399381876,1184.0,1177.0,5.428112506866455,0.42040586471557617,5.848518371582031,1173.0,1212.4293193717278
industrial_changeover,4773,955,3,Order3,955,1e-05,-0.0014177704870235175,1169.0,1169.0,5.777209997177124,0.4540224075317383,6.231232404708862,1169.0,1186.3874345549739
industrial_changeover,4774,955,4,Order4,955,1e-05,0.011054045055061579,1264.0,1225.0,5.313219785690308,0.42879509925842285,5.7420148849487305,1225.0,1252.4952879581151
industrial_changeover,4775,955,5,Order5,955,1e-05,0.0016072553407866508,1308.0,1308.0,6.36313009262085,0.49900269508361816,6.862132787704468,1282.0,1338.4261780104712
industrial_changeover,4776,956,1,Order1,956,1e-05,-0.012508490355685353,1224.0,1218.0,5.6504504680633545,0.4356567859649658,6.08610725402832,1210.0,1258.0366108786611
industrial_changeover,4777,956,2,Order2,956,1e-05,0.010727257700636983,1184.0,1177.0,5.449153661727905,0.4363844394683838,5.885538101196289,1173.0,1212.392259414226
industrial_changeover,4778,956,3,Order3,956,1e-05,-0.006480391253717244,1169.0,1169.0,5.797356367111206,0.4576914310455322,6.255047798156738,1169.0,1186.3692468619247
industrial_changeover,4779,956,4,Order4,956,1e-05,0.02250047493726015,1264.0,1225.0,5.414481163024902,0.4180750846862793,5.832556247711182,1225.0,1252.4665271966528
industrial_changeover,4780,956,5,Order5,956,1e-05,-0.004357586265541613,1306.0,1308.0,6.48131799697876,0.48927760124206543,6.970595598220825,1282.0,1338.3943514644352
industrial_changeover,4781,957,1,Order1,957,1e-05,-0.023055323865264654,1218.0,1218.0,5.636466026306152,0.43823742866516113,6.0747034549713135,1210.0,1257.994775339603
industrial_changeover,4782,957,2,Order2,957,1e-05,0.009252051124349236,1184.0,1177.0,5.561105489730835,0.46056604385375977,6.021671533584595,1173.0,1212.355276907001
industrial_changeover,4783,957,3,Order3,957,1e-05,0.023813203908503056,1196.0,1169.0,5.859889507293701,0.4542684555053711,6.314157962799072,1169.0,1186.3510971786834
industrial_changeover,4784,957,4,Order4,957,1e-05,-0.020566636230796576,1231.0,1231.0,5.402501344680786,0.4497244358062744,5.8522257804870605,1225.0,1252.4440961337514
industrial_changeover,4785,957,5,Order5,957,1e-05,-0.022087140008807182,1275.0,1308.0,6.411162853240967,0.5032188892364502,6.914381742477417,1282.0,1338.362591431557
industrial_changeover,4786,958,1,Order1,958,1e-05,-0.012859122827649117,1225.0,1218.0,5.683932065963745,0.45786428451538086,6.141796350479126,1210.0,1257.9530271398748
industrial_changeover,4787,958,2,Order2,958,1e-05,0.09478607214987278,1266.0,1177.0,5.363054275512695,0.4385979175567627,5.801652193069458,1173.0,1212.3183716075157
industrial_changeover,4788,958,3,Order3,958,1e-05,-0.00989618175663054,1169.0,1169.0,5.80922794342041,0.4549529552459717,6.264180898666382,1169.0,1186.3329853862213
industrial_changeover,4789,958,4,Order4,958,1e-05,0.004056683392263949,1264.0,1231.0,5.72712516784668,0.44548964500427246,6.172614812850952,1225.0,1252.4217118997913
industrial_changeover,4790,958,5,Order5,958,1e-05,-0.031399838626384735,1272.0,1308.0,6.630289793014526,0.5076417922973633,7.13793158531189,1282.0,1338.330897703549
industrial_changeover,4791,959,1,Order1,959,1e-05,-0.02766349632292986,1218.0,1218.0,5.893163442611694,0.43318676948547363,6.326350212097168,1210.0,1257.9113660062565
industrial_changeover,4792,959,2,Order2,959,1e-05,-0.003936531371437013,1173.0,1177.0,5.684474229812622,0.43514394760131836,6.11961817741394,1173.0,1212.281543274244
industrial_changeover,4793,959,3,Order3,959,1e-05,-0.0038056738558225334,1175.0,1169.0,5.929257154464722,0.43541932106018066,6.364676475524902,1169.0,1186.3149113660063
industrial_changeover,4794,959,4,Order4,959,1e-05,0.011441020993515849,1253.0,1225.0,5.189986705780029,0.4058833122253418,5.595870018005371,1225.0,1252.393117831074
industrial_changeover,4795,959,5,Order5,959,1e-05,-0.024826706387102604,1271.0,1308.0,6.294578313827515,0.48026084899902344,6.774839162826538,1282.0,1338.2992700729926
industrial_changeover,4796,960,1,Order1,960,1e-05,0.05283382814377546,1278.0,1218.0,5.420596599578857,0.43517017364501953,5.855766773223877,1210.0,1257.8697916666667
industrial_changeover,4797,960,2,Order2,960,1e-05,0.07490089908242226,1254.0,1177.0,5.425567388534546,0.4248631000518799,5.850430488586426,1173.0,1212.2447916666667
industrial_changeover,4798,960,3,Order3,960,1e-05,0.015178876230493188,1196.0,1169.0,5.5968849658966064,0.4364597797393799,6.033344745635986,1169.0,1186.296875
industrial_changeover,4799,960,4,Order4,960,1e-05,-0.01560707506723702,1249.0,1231.0,5.153437376022339,0.43767285346984863,5.5911102294921875,1225.0,1252.3708333333334
industrial_changeover,4800,960,5,Order5,960,1e-05,0.012859178939834237,1355.0,1308.0,6.224458932876587,0.47728633880615234,6.701745271682739,1282.0,1338.2677083333333
industrial_changeover,4801,961,1,Order1,961,1e-05,-0.0255334647372365,1241.0,1218.0,5.426235914230347,0.43409299850463867,5.860328912734985,1210.0,1257.828303850156
industrial_changeover,4802,961,2,Order2,961,1e-05,-0.020908761769533157,1184.0,1177.0,5.337866544723511,0.4176027774810791,5.75546932220459,1173.0,1212.2081165452653
industrial_changeover,4803,961,3,Order3,961,1e-05,-0.0073377222288399935,1196.0,1169.0,5.580116271972656,0.43792057037353516,6.018036842346191,1169.0,1186.2788761706556
industrial_changeover,4804,961,4,Order4,961,1e-05,-0.01460766838863492,1253.0,1231.0,5.25366735458374,0.40487146377563477,5.658538818359375,1225.0,1252.3485952133194
industrial_changeover,4805,961,5,Order5,961,1e-05,-0.0689582098275423,1236.0,1308.0,6.103149652481079,0.46936798095703125,6.57251763343811,1282.0,1338.236212278876
industrial_changeover,4806,962,1,Order1,962,1e-05,0.02974335290491581,1280.0,1218.0,5.406998157501221,0.42779111862182617,5.834789276123047,1210.0,1257.7869022869022
industrial_changeover,4807,962,2,Order2,962,1e-05,0.0014301782357506454,1177.0,1177.0,5.202257394790649,0.41219663619995117,5.614454030990601,1173.0,1212.1715176715177
industrial_changeover,4808,962,3,Order3,962,1e-05,-0.010306078707799315,1169.0,1169.0,5.565635442733765,0.4717519283294678,6.037387371063232,1169.0,1186.2609147609148
industrial_changeover,4809,962,4,Order4,962,1e-05,-0.006944705732166767,1231.0,1231.0,5.53609561920166,0.4419989585876465,5.978094577789307,1225.0,1252.3264033264034
industrial_changeover,4810,962,5,Order5,962,1e-05,0.002484388998709619,1308.0,1308.0,6.328489065170288,0.5314183235168457,6.859907388687134,1282.0,1338.2047817047817
industrial_changeover,4811,963,1,Order1,963,1e-05,0.028731529135257006,1256.0,1218.0,5.558433532714844,0.4702916145324707,6.0287251472473145,1210.0,1257.7455867082035
industrial_changeover,4812,963,2,Order2,963,1e-05,0.00919297058135271,1177.0,1177.0,5.648351192474365,0.43417930603027344,6.082530498504639,1173.0,1212.134994807892
industrial_changeover,4813,963,3,Order3,963,1e-05,0.03522936347872019,1213.0,1169.0,5.801191806793213,0.48084092140197754,6.28203272819519,1169.0,1186.2429906542056
industrial_changeover,4814,963,4,Order4,963,1e-05,0.010729049798101187,1260.0,1231.0,5.369357109069824,0.436145544052124,5.805502653121948,1225.0,1252.3042575285565
industrial_changeover,4815,963,5,Order5,963,1e-05,0.020030456595122814,1352.0,1308.0,6.34030294418335,0.515557050704956,6.855859994888306,1282.0,1338.1734164070613
industrial_changeover,4816,964,1,Order1,964,1e-05,-0.025657844729721546,1225.0,1218.0,5.768449544906616,0.4803318977355957,6.248781442642212,1210.0,1257.704356846473
industrial_changeover,4817,964,2,Order2,964,1e-05,-0.014839947456493974,1177.0,1177.0,5.579450607299805,0.4331934452056885,6.012644052505493,1173.0,1212.0985477178424
industrial_changeover,4818,964,3,Order3,964,1e-05,-0.025777784176170826,1169.0,1169.0,5.7253806591033936,0.44222068786621094,6.1676013469696045,1169.0,1186.22510373444
industrial_changeover,4819,964,4,Order4,964,1e-05,-0.022603494580835104,1231.0,1231.0,5.401732444763184,0.4094510078430176,5.811183452606201,1225.0,1252.2821576763486
industrial_changeover,4820,964,5,Order5,964,1e-05,-0.008471121778711677,1302.0,1308.0,6.211001634597778,0.4820671081542969,6.693068742752075,1282.0,1338.1421161825726
industrial_changeover,4821,965,1,Order1,965,1e-05,0.016136452089995146,1241.0,1218.0,5.482040882110596,0.4408833980560303,5.922924280166626,1210.0,1257.6632124352332
industrial_changeover,4822,965,2,Order2,965,1e-05,0.025680928025394678,1204.0,1177.0,5.365077495574951,0.4384493827819824,5.803526878356934,1173.0,1212.062176165803
industrial_changeover,4823,965,3,Order3,965,1e-05,0.019579011481255293,1196.0,1169.0,5.75078272819519,0.44103074073791504,6.1918134689331055,1169.0,1186.2072538860104
industrial_changeover,4824,965,4,Order4,965,1e-05,0.0026334395515732467,1249.0,1231.0,5.306629657745361,0.4153754711151123,5.722005128860474,1225.0,1252.260103626943
industrial_changeover,4825,965,5,Order5,965,1e-05,-0.0046445392072200775,1322.0,1308.0,6.343940734863281,0.5159938335418701,6.859934568405151,1282.0,1338.1108808290155
industrial_changeover,4826,966,1,Order1,966,1e-05,-0.023848246783018112,1220.0,1218.0,5.7388176918029785,0.45101261138916016,6.189830303192139,1210.0,1257.6221532091097
industrial_changeover,4827,966,2,Order2,966,1e-05,-0.008398999692872167,1173.0,1177.0,5.547701835632324,0.454883337020874,6.002585172653198,1173.0,1212.0258799171843
industrial_changeover,4828,966,3,Order3,966,1e-05,-0.018024819437414408,1169.0,1169.0,5.917328596115112,0.4523310661315918,6.369659662246704,1169.0,1186.1894409937888
industrial_changeover,4829,966,4,Order4,966,1e-05,0.014889208599925041,1260.0,1231.0,5.4223878383636475,0.44704365730285645,5.869431495666504,1225.0,1252.2380952380952
industrial_changeover,4830,966,5,Order5,966,1e-05,-0.0265488694421947,1272.0,1308.0,6.500772714614868,0.5213930606842041,7.022165775299072,1282.0,1338.0797101449275
industrial_changeover,4831,967,1,Order1,967,1e-05,-0.009882365120574832,1220.0,1218.0,5.67316460609436,0.4571807384490967,6.130345344543457,1210.0,1257.5811789038262
industrial_changeover,4832,967,2,Order2,967,1e-05,0.011344240279868245,1177.0,1177.0,5.5702879428863525,0.4544820785522461,6.024770021438599,1173.0,1211.9896587383662
industrial_changeover,4833,967,3,Order3,967,1e-05,0.024434230756014585,1198.0,1169.0,6.054423809051514,0.4580535888671875,6.512477397918701,1169.0,1186.171664943123
industrial_changeover,4834,967,4,Order4,967,1e-05,-0.0005501386331161484,1231.0,1231.0,5.4811036586761475,0.42861485481262207,5.9097185134887695,1225.0,1252.216132368149
industrial_changeover,4835,967,5,Order5,967,1e-05,0.005276558571495116,1305.0,1308.0,6.508957147598267,0.5297403335571289,7.0386974811553955,1282.0,1338.0486039296795
industrial_changeover,4836,968,1,Order1,968,1e-05,0.04437677841633558,1280.0,1218.0,5.707795858383179,0.4447510242462158,6.1525468826293945,1210.0,1257.5402892561983
industrial_changeover,4837,968,2,Order2,968,1e-05,0.010179619072005153,1185.0,1177.0,5.445882081985474,0.43392348289489746,5.879805564880371,1173.0,1211.9535123966941
industrial_changeover,4838,968,3,Order3,968,1e-05,-0.021477898582816124,1169.0,1169.0,5.862975835800171,0.47177743911743164,6.3347532749176025,1169.0,1186.1539256198348
industrial_changeover,4839,968,4,Order4,968,1e-05,0.003646587021648884,1264.0,1231.0,5.4698193073272705,0.43648648262023926,5.90630578994751,1225.0,1252.1942148760331
industrial_changeover,4840,968,5,Order5,968,1e-05,0.01616678573191166,1354.0,1308.0,6.662686586380005,0.5373528003692627,7.200039386749268,1282.0,1338.017561983471
industrial_changeover,4841,969,1,Order1,969,1e-05,0.02736614877358079,1275.0,1218.0,5.656251430511475,0.44152235984802246,6.097773790359497,1210.0,1257.499484004128
industrial_changeover,4842,969,2,Order2,969,1e-05,-0.00347709160996601,1188.0,1177.0,5.490227699279785,0.43242740631103516,5.92265510559082,1173.0,1211.9174406604748
industrial_changeover,4843,969,3,Order3,969,1e-05,-0.03191183786839247,1169.0,1169.0,5.844096422195435,0.47577810287475586,6.31987452507019,1169.0,1186.1362229102167
industrial_changeover,4844,969,4,Order4,969,1e-05,-0.032626181840896606,1231.0,1231.0,5.409624814987183,0.4328196048736572,5.84244441986084,1225.0,1252.172342621259
industrial_changeover,4845,969,5,Order5,969,1e-05,-0.05434539634734392,1251.0,1308.0,6.531250238418579,0.5158040523529053,7.047054290771484,1282.0,1337.9865841073272
industrial_changeover,4846,970,1,Order1,970,1e-05,-0.011594823328778148,1224.0,1218.0,5.712796449661255,0.42665934562683105,6.139455795288086,1210.0,1257.458762886598
industrial_changeover,4847,970,2,Order2,970,1e-05,0.01858940999954939,1187.0,1177.0,5.518920183181763,0.4309060573577881,5.949826240539551,1173.0,1211.881443298969
industrial_changeover,4848,970,3,Order3,970,1e-05,0.07058323547244072,1246.0,1169.0,5.952877044677734,0.4549827575683594,6.407859802246094,1169.0,1186.118556701031
industrial_changeover,4849,970,4,Order4,970,1e-05,0.023220236878842115,1264.0,1231.0,5.618326663970947,0.4443395137786865,6.062666177749634,1225.0,1252.1505154639176
industrial_changeover,4850,970,5,Order5,970,1e-05,-0.0020005886326543987,1308.0,1308.0,6.559480667114258,0.5242824554443359,7.083763122558594,1282.0,1337.9556701030929
industrial_changeover,4851,971,1,Order1,971,1e-05,0.0010397965961601585,1241.0,1218.0,5.809786081314087,0.45937299728393555,6.2691590785980225,1210.0,1257.4181256436664
industrial_changeover,4852,971,2,Order2,971,1e-05,0.020211866591125727,1207.0,1177.0,5.3538289070129395,0.4246647357940674,5.778493642807007,1173.0,1211.8455200823894
industrial_changeover,4853,971,3,Order3,971,1e-05,-0.026044165715575218,1169.0,1169.0,5.6262595653533936,0.44253110885620117,6.068790674209595,1169.0,1186.1009268795058
industrial_changeover,4854,971,4,Order4,971,1e-05,-0.022673855535686016,1231.0,1231.0,5.309820652008057,0.4067726135253906,5.716593265533447,1225.0,1252.1287332646757
industrial_changeover,4855,971,5,Order5,971,1e-05,-0.025955600664019585,1275.0,1308.0,6.30399489402771,0.5000441074371338,6.804039001464844,1282.0,1337.9248197734294
industrial_changeover,4856,972,1,Order1,972,1e-05,-0.018564486410468817,1218.0,1218.0,5.464320421218872,0.4249722957611084,5.8892927169799805,1210.0,1257.3775720164608
industrial_changeover,4857,972,2,Order2,972,1e-05,0.004769569030031562,1172.0,1177.0,5.239747762680054,0.42394137382507324,5.663689136505127,1173.0,1211.809670781893
industrial_changeover,4858,972,3,Order3,972,1e-05,0.0008021106914384291,1175.0,1169.0,5.549283981323242,0.4471449851989746,5.996428966522217,1169.0,1186.0833333333333
industrial_changeover,4859,972,4,Order4,972,1e-05,0.005254151648841798,1235.0,1225.0,5.24143385887146,0.41324567794799805,5.654679536819458,1225.0,1252.1008230452676
industrial_changeover,4860,972,5,Order5,972,1e-05,0.018795218784362078,1327.0,1308.0,6.220751523971558,0.4901998043060303,6.710951328277588,1282.0,1337.8940329218108
industrial_changeover,4861,973,1,Order1,973,1e-05,-0.004194817855022848,1218.0,1218.0,5.429202079772949,0.4267005920410156,5.855902671813965,1210.0,1257.3371017471736
industrial_changeover,4862,973,2,Order2,973,1e-05,0.01833678362891078,1184.0,1177.0,5.314269065856934,0.4045143127441406,5.718783378601074,1173.0,1211.7738951695787
industrial_changeover,4863,973,3,Order3,973,1e-05,-0.006858850712887943,1169.0,1169.0,5.424323320388794,0.43062639236450195,5.854949712753296,1169.0,1186.065775950668
industrial_changeover,4864,973,4,Order4,973,1e-05,-0.005098361638374627,1231.0,1225.0,5.229965925216675,0.42642641067504883,5.656392335891724,1225.0,1252.0729701952723
industrial_changeover,4865,973,5,Order5,973,1e-05,0.0035818570759147406,1316.0,1308.0,6.068410873413086,0.4862980842590332,6.554708957672119,1282.0,1337.863309352518
industrial_changeover,4866,974,1,Order1,974,1e-05,0.050024340860545635,1278.0,1218.0,5.548171758651733,0.4374206066131592,5.985592365264893,1210.0,1257.2967145790553
industrial_changeover,4867,974,2,Order2,974,1e-05,0.007770179538056254,1184.0,1177.0,5.286114454269409,0.44011831283569336,5.7262327671051025,1173.0,1211.7381930184804
industrial_changeover,4868,974,3,Order3,974,1e-05,-0.018802044447511435,1169.0,1169.0,5.892225503921509,0.445162296295166,6.337387800216675,1169.0,1186.0482546201233
industrial_changeover,4869,974,4,Order4,974,1e-05,-0.019989702384918928,1231.0,1225.0,5.619118690490723,0.4516568183898926,6.070775508880615,1225.0,1252.0451745379876
industrial_changeover,4870,974,5,Order5,974,1e-05,-0.00635209702886641,1309.0,1308.0,6.333075284957886,0.5177528858184814,6.850828170776367,1282.0,1337.8326488706366
industrial_changeover,4871,975,1,Order1,975,1e-05,0.022556590382009745,1256.0,1218.0,5.523891448974609,0.45810365676879883,5.981995105743408,1210.0,1257.2564102564102
industrial_changeover,4872,975,2,Order2,975,1e-05,0.003902220749296248,1184.0,1177.0,5.481070518493652,0.40990638732910156,5.890976905822754,1173.0,1211.702564102564
industrial_changeover,4873,975,3,Order3,975,1e-05,0.02546867774799466,1213.0,1169.0,5.718174695968628,0.46394777297973633,6.182122468948364,1169.0,1186.0307692307692
industrial_changeover,4874,975,4,Order4,975,1e-05,-0.026652464643120766,1225.0,1231.0,5.643395185470581,0.47153258323669434,6.114927768707275,1225.0,1252.0235897435898
industrial_changeover,4875,975,5,Order5,975,1e-05,-0.008519124006852508,1320.0,1308.0,6.357892990112305,0.4912302494049072,6.849123239517212,1282.0,1337.8020512820513
industrial_changeover,4876,976,1,Order1,976,1e-05,0.012425113935023546,1259.0,1218.0,5.436534404754639,0.4520149230957031,5.888549327850342,1210.0,1257.21618852459
industrial_changeover,4877,976,2,Order2,976,1e-05,0.0010041229252237827,1184.0,1177.0,5.345667362213135,0.41866374015808105,5.764331102371216,1173.0,1211.6670081967213
industrial_changeover,4878,976,3,Order3,976,1e-05,-0.02085684798657894,1169.0,1169.0,5.661485910415649,0.44498109817504883,6.106467008590698,1169.0,1186.013319672131
industrial_changeover,4879,976,4,Order4,976,1e-05,-0.02232309151440859,1225.0,1231.0,5.257393836975098,0.41241908073425293,5.669812917709351,1225.0,1252.002049180328
industrial_changeover,4880,976,5,Order5,976,1e-05,0.02523441193625331,1351.0,1308.0,6.329517364501953,0.5036137104034424,6.8331310749053955,1282.0,1337.7715163934427
industrial_changeover,4881,977,1,Order1,977,1e-05,-0.016857780050486326,1218.0,1218.0,5.475194931030273,0.4384334087371826,5.913628339767456,1210.0,1257.1760491299897
industrial_changeover,4882,977,2,Order2,977,1e-05,0.02145908772945404,1203.0,1177.0,5.382474660873413,0.4257056713104248,5.808180332183838,1173.0,1211.6315250767657
industrial_changeover,4883,977,3,Order3,977,1e-05,-0.014292962150648236,1169.0,1169.0,5.7361626625061035,0.4668595790863037,6.203022241592407,1169.0,1185.9959058341863
industrial_changeover,4884,977,4,Order4,977,1e-05,-0.006345985806547105,1235.0,1231.0,5.422524452209473,0.42618894577026367,5.848713397979736,1225.0,1251.980552712385
industrial_changeover,4885,977,5,Order5,977,1e-05,-0.01770008262246847,1275.0,1308.0,6.348486423492432,0.4972085952758789,6.8456950187683105,1282.0,1337.7410440122826
industrial_changeover,4886,978,1,Order1,978,1e-05,-0.004323584260419011,1225.0,1218.0,5.51824688911438,0.44390249252319336,5.962149381637573,1210.0,1257.135991820041
industrial_changeover,4887,978,2,Order2,978,1e-05,0.00546115287579596,1173.0,1177.0,5.470492601394653,0.4371933937072754,5.907685995101929,1173.0,1211.5961145194274
industrial_changeover,4888,978,3,Order3,978,1e-05,0.0006262727983994409,1175.0,1169.0,5.724657297134399,0.4660799503326416,6.190737247467041,1169.0,1185.978527607362
industrial_changeover,4889,978,4,Order4,978,1e-05,0.0009235767793143168,1231.0,1225.0,5.394103288650513,0.4279594421386719,5.822062730789185,1225.0,1251.952965235174
industrial_changeover,4890,978,5,Order5,978,1e-05,0.009391878265887499,1304.0,1308.0,6.186172008514404,0.4920365810394287,6.678208589553833,1282.0,1337.7106339468303
industrial_changeover,4891,979,1,Order1,979,1e-05,0.033262766897678375,1259.0,1218.0,5.563039064407349,0.4391951560974121,6.002234220504761,1210.0,1257.0960163432073
industrial_changeover,4892,979,2,Order2,979,1e-05,0.005133343627676368,1176.0,1177.0,5.539402961730957,0.43087315559387207,5.970276117324829,1173.0,1211.5607763023493
industrial_changeover,4893,979,3,Order3,979,1e-05,0.0026910152519121766,1184.0,1169.0,5.709787607192993,0.4555704593658447,6.165358066558838,1169.0,1185.9611848825332
industrial_changeover,4894,979,4,Order4,979,1e-05,0.006406503962352872,1253.0,1231.0,5.293851375579834,0.4218125343322754,5.715663909912109,1225.0,1251.9315628192032
industrial_changeover,4895,979,5,Order5,979,1e-05,0.009698566049337387,1340.0,1308.0,6.376361131668091,0.4966726303100586,6.873033761978149,1282.0,1337.6802860061287
industrial_changeover,4896,980,1,Order1,980,1e-05,-0.018798555713146925,1225.0,1218.0,5.660440683364868,0.44925522804260254,6.109695911407471,1210.0,1257.0561224489795
industrial_changeover,4897,980,2,Order2,980,1e-05,-0.01062510209158063,1173.0,1177.0,5.425918817520142,0.4289278984069824,5.854846715927124,1173.0,1211.5255102040817
industrial_changeover,4898,980,3,Order3,980,1e-05,-0.0047729372745379806,1184.0,1169.0,5.802204132080078,0.46748781204223633,6.2696919441223145,1169.0,1185.9438775510205
industrial_changeover,4899,980,4,Order4,980,1e-05,-0.014434533193707466,1231.0,1231.0,5.365143775939941,0.4153892993927002,5.780533075332642,1225.0,1251.9102040816326
industrial_changeover,4900,980,5,Order5,980,1e-05,-0.0018813993083313107,1304.0,1308.0,6.401532411575317,0.4953267574310303,6.896859169006348,1282.0,1337.65
industrial_changeover,4901,981,1,Order1,981,1e-05,0.03383670188486576,1259.0,1218.0,5.643768310546875,0.4277162551879883,6.071484565734863,1210.0,1257.0163098878695
industrial_changeover,4902,981,2,Order2,981,1e-05,0.003644918790087104,1173.0,1177.0,5.314840078353882,0.4153907299041748,5.730230808258057,1173.0,1211.4903160040774
industrial_changeover,4903,981,3,Order3,981,1e-05,-0.01677190698683262,1169.0,1169.0,5.663272142410278,0.4396662712097168,6.102938413619995,1169.0,1185.926605504587
industrial_changeover,4904,981,4,Order4,981,1e-05,0.014320552116259933,1266.0,1231.0,5.27066707611084,0.4308192729949951,5.701486349105835,1225.0,1251.888888888889
industrial_changeover,4905,981,5,Order5,981,1e-05,-0.02186535159125924,1274.0,1308.0,6.338707208633423,0.5214688777923584,6.860176086425781,1282.0,1337.6197757390419
industrial_changeover,4906,982,1,Order1,982,1e-05,0.03558842930942774,1278.0,1218.0,5.525467395782471,0.4333305358886719,5.958797931671143,1210.0,1256.9765784114054
industrial_changeover,4907,982,2,Order2,982,1e-05,0.00500341912265867,1184.0,1177.0,5.441884756088257,0.4218430519104004,5.863727807998657,1173.0,1211.4551934826884
industrial_changeover,4908,982,3,Order3,982,1e-05,0.007335328962653875,1196.0,1169.0,5.926381826400757,0.46210527420043945,6.388487100601196,1169.0,1185.9093686354379
industrial_changeover,4909,982,4,Order4,982,1e-05,0.004098682198673487,1264.0,1231.0,5.502898454666138,0.41690683364868164,5.919805288314819,1225.0,1251.867617107943
industrial_changeover,4910,982,5,Order5,982,1e-05,-0.029442626051604748,1275.0,1308.0,6.38088321685791,0.4802994728088379,6.861182689666748,1282.0,1337.5896130346232
industrial_changeover,4911,983,1,Order1,983,1e-05,-0.016015037894248962,1227.0,1218.0,5.499661207199097,0.44223523139953613,5.941896438598633,1210.0,1256.9369277721262
industrial_changeover,4912,983,2,Order2,983,1e-05,-0.006436712923459709,1174.0,1177.0,5.324141979217529,0.4196958541870117,5.743837833404541,1173.0,1211.4201424211597
industrial_changeover,4913,983,3,Order3,983,1e-05,0.0026979250251315534,1186.0,1169.0,5.565906524658203,0.4757075309753418,6.041614055633545,1169.0,1185.8921668362157
industrial_changeover,4914,983,4,Order4,983,1e-05,-0.01642470434308052,1225.0,1231.0,5.274328947067261,0.4315059185028076,5.705834865570068,1225.0,1251.8463886063073
industrial_changeover,4915,983,5,Order5,983,1e-05,-0.02505687577649951,1272.0,1308.0,6.274854421615601,0.48269224166870117,6.757546663284302,1282.0,1337.559511698881
industrial_changeover,4916,984,1,Order1,984,1e-05,0.03115439647808671,1259.0,1218.0,5.454373121261597,0.4399271011352539,5.894300222396851,1210.0,1256.8973577235772
industrial_changeover,4917,984,2,Order2,984,1e-05,0.011467589531093836,1177.0,1177.0,5.369773626327515,0.4202897548675537,5.790063381195068,1173.0,1211.385162601626
industrial_changeover,4918,984,3,Order3,984,1e-05,0.025644125416874886,1196.0,1169.0,5.580806493759155,0.457106351852417,6.037912845611572,1169.0,1185.875
industrial_changeover,4919,984,4,Order4,984,1e-05,0.0380278080701828,1287.0,1231.0,5.15175461769104,0.40361738204956055,5.555371999740601,1225.0,1251.8252032520325
industrial_changeover,4920,984,5,Order5,984,1e-05,-0.003018953080754727,1305.0,1308.0,6.130175828933716,0.47400927543640137,6.604185104370117,1282.0,1337.5294715447155
industrial_changeover,4921,985,1,Order1,985,1e-05,-0.024874026887118816,1220.0,1218.0,5.321793556213379,0.41703319549560547,5.738826751708984,1210.0,1256.8578680203045
industrial_changeover,4922,985,2,Order2,985,1e-05,-0.011164254741743207,1174.0,1177.0,5.272057056427002,0.4534618854522705,5.7255189418792725,1173.0,1211.3502538071066
industrial_changeover,4923,985,3,Order3,985,1e-05,0.0414338568225503,1232.0,1169.0,5.535781383514404,0.439272403717041,5.975053787231445,1169.0,1185.8578680203045
industrial_changeover,4924,985,4,Order4,985,1e-05,0.0016378214058931917,1264.0,1231.0,5.035147666931152,0.41037821769714355,5.445525884628296,1225.0,1251.8040609137056
industrial_changeover,4925,985,5,Order5,985,1e-05,-0.040827819146215916,1272.0,1308.0,6.3209617137908936,0.5306253433227539,6.8515870571136475,1282.0,1337.4994923857869
industrial_changeover,4926,986,1,Order1,986,1e-05,0.007616992690600455,1259.0,1218.0,5.811583757400513,0.4366903305053711,6.248274087905884,1210.0,1256.8184584178498
industrial_changeover,4927,986,2,Order2,986,1e-05,0.014391368255019188,1205.0,1177.0,5.666442632675171,0.48439455032348633,6.150837182998657,1173.0,1211.3154158215011
industrial_changeover,4928,986,3,Order3,986,1e-05,-0.02658339822664857,1169.0,1169.0,5.5841076374053955,0.4826526641845703,6.066760301589966,1169.0,1185.840770791075
industrial_changeover,4929,986,4,Order4,986,1e-05,0.02357419626787305,1285.0,1231.0,5.3943190574646,0.4379725456237793,5.832291603088379,1225.0,1251.7829614604464
industrial_changeover,4930,986,5,Order5,986,1e-05,-0.034802380949258804,1272.0,1308.0,6.57827091217041,0.5148749351501465,7.093145847320557,1282.0,1337.4695740365112
industrial_changeover,4931,987,1,Order1,987,1e-05,0.011944704689085484,1256.0,1218.0,5.673784255981445,0.477832555770874,6.151616811752319,1210.0,1256.7791286727456
industrial_changeover,4932,987,2,Order2,987,1e-05,0.005381275434046984,1184.0,1177.0,5.518179416656494,0.4467813968658447,5.964960813522339,1173.0,1211.2806484295845
industrial_changeover,4933,987,3,Order3,987,1e-05,-0.01671584602445364,1169.0,1169.0,6.0220043659210205,0.47040700912475586,6.492411375045776,1169.0,1185.823708206687
industrial_changeover,4934,987,4,Order4,987,1e-05,-0.018181875348091125,1229.0,1231.0,5.392753839492798,0.47179532051086426,5.864549160003662,1225.0,1251.7619047619048
industrial_changeover,4935,987,5,Order5,987,1e-05,0.06444363668560982,1404.0,1308.0,6.206878185272217,0.5053184032440186,6.712196588516235,1282.0,1337.4397163120568
industrial_changeover,4936,988,1,Order1,988,1e-05,0.0020131689379923046,1241.0,1218.0,5.532474517822266,0.4322516918182373,5.964726209640503,1210.0,1256.73987854251
industrial_changeover,4937,988,2,Order2,988,1e-05,-0.006976817734539509,1174.0,1177.0,5.383552074432373,0.4231553077697754,5.806707382202148,1173.0,1211.245951417004
industrial_changeover,4938,988,3,Order3,988,1e-05,-0.016875213012099266,1169.0,1169.0,5.608079195022583,0.44616007804870605,6.054239273071289,1169.0,1185.8066801619434
industrial_changeover,4939,988,4,Order4,988,1e-05,-0.02692008577287197,1225.0,1231.0,5.341324806213379,0.4325122833251953,5.773837089538574,1225.0,1251.740890688259
industrial_changeover,4940,988,5,Order5,988,1e-05,-0.00048726166278356686,1323.0,1308.0,6.381468296051025,0.5001928806304932,6.8816611766815186,1282.0,1337.40991902834
industrial_changeover,4941,989,1,Order1,989,1e-05,-0.018018775153905153,1218.0,1218.0,5.5494704246521,0.4491751194000244,5.998645544052124,1210.0,1256.700707785642
industrial_changeover,4942,989,2,Order2,989,1e-05,0.018801672384142876,1188.0,1177.0,5.429680109024048,0.42018604278564453,5.849866151809692,1173.0,1211.211324570273
industrial_changeover,4943,989,3,Order3,989,1e-05,0.05903681647032499,1241.0,1169.0,5.7585227489471436,0.47353625297546387,6.232059001922607,1169.0,1185.789686552073
industrial_changeover,4944,989,4,Order4,989,1e-05,-0.008456871611997485,1235.0,1231.0,5.493305683135986,0.4356648921966553,5.928970575332642,1225.0,1251.7199191102122
industrial_changeover,4945,989,5,Order5,989,1e-05,-0.025754996109753847,1272.0,1308.0,6.307426691055298,0.5377469062805176,6.845173597335815,1282.0,1337.3801820020221
industrial_changeover,4946,990,1,Order1,990,1e-05,0.014970403164625168,1259.0,1218.0,5.4705305099487305,0.4339892864227295,5.90451979637146,1210.0,1256.6616161616162
industrial_changeover,4947,990,2,Order2,990,1e-05,-0.0050862031057477,1173.0,1177.0,5.495856046676636,0.42955899238586426,5.9254150390625,1173.0,1211.1767676767677
industrial_changeover,4948,990,3,Order3,990,1e-05,-0.022901681251823902,1169.0,1169.0,5.794568061828613,0.4661884307861328,6.260756492614746,1169.0,1185.7727272727273
industrial_changeover,4949,990,4,Order4,990,1e-05,-0.011426560347899795,1235.0,1231.0,5.403296709060669,0.43675851821899414,5.840055227279663,1225.0,1251.6989898989898
industrial_changeover,4950,990,5,Order5,990,1e-05,-0.003913181368261576,1308.0,1308.0,6.491961717605591,0.5198371410369873,7.011798858642578,1282.0,1337.350505050505
industrial_changeover,4951,991,1,Order1,991,1e-05,0.006368404952809215,1230.0,1218.0,5.669086217880249,0.44635653495788574,6.115442752838135,1210.0,1256.622603430878
industrial_changeover,4952,991,2,Order2,991,1e-05,0.012002315139397979,1184.0,1177.0,5.596811532974243,0.4478330612182617,6.044644594192505,1173.0,1211.1422805247225
industrial_changeover,4953,991,3,Order3,991,1e-05,-0.010474096052348614,1169.0,1169.0,5.771637678146362,0.47260308265686035,6.244240760803223,1169.0,1185.7558022199798
industrial_changeover,4954,991,4,Order4,991,1e-05,-0.008627919713035226,1229.0,1231.0,5.3869569301605225,0.43293166160583496,5.819888591766357,1225.0,1251.678102926337
industrial_changeover,4955,991,5,Order5,991,1e-05,-0.02412264095619321,1272.0,1308.0,6.422662734985352,0.49727749824523926,6.919940233230591,1282.0,1337.3208879919273
industrial_changeover,4956,992,1,Order1,992,1e-05,-0.007339435978792608,1218.0,1218.0,5.615043640136719,0.44475507736206055,6.059798717498779,1210.0,1256.5836693548388
industrial_changeover,4957,992,2,Order2,992,1e-05,0.03958826791495085,1208.0,1177.0,5.6396026611328125,0.45215368270874023,6.091756343841553,1173.0,1211.1078629032259
industrial_changeover,4958,992,3,Order3,992,1e-05,-0.0031206615967676044,1169.0,1169.0,5.9409568309783936,0.49762868881225586,6.438585519790649,1169.0,1185.7389112903227
industrial_changeover,4959,992,4,Order4,992,1e-05,0.024314675014466047,1262.0,1231.0,5.590247869491577,0.4536018371582031,6.04384970664978,1225.0,1251.657258064516
industrial_changeover,4960,992,5,Order5,992,1e-05,-0.014169833390042186,1272.0,1308.0,6.58164381980896,0.5325298309326172,7.114173650741577,1282.0,1337.2913306451612
industrial_changeover,4961,993,1,Order1,993,1e-05,-0.01138000562787056,1218.0,1218.0,5.7547547817230225,0.42292356491088867,6.177678346633911,1210.0,1256.5448136958712
industrial_changeover,4962,993,2,Order2,993,1e-05,0.01257968065328896,1184.0,1177.0,5.6129772663116455,0.4395630359649658,6.052540302276611,1173.0,1211.0735146022155
industrial_changeover,4963,993,3,Order3,993,1e-05,-0.004370413022115827,1175.0,1169.0,5.873371124267578,0.48381757736206055,6.357188701629639,1169.0,1185.7220543806648
industrial_changeover,4964,993,4,Order4,993,1e-05,0.025247865822166204,1269.0,1231.0,5.462723016738892,0.4258241653442383,5.88854718208313,1225.0,1251.6364551863041
industrial_changeover,4965,993,5,Order5,993,1e-05,-0.0013268882757984102,1316.0,1308.0,6.600278854370117,0.5010695457458496,7.101348400115967,1282.0,1337.2618328298086
industrial_changeover,4966,994,1,Order1,994,1e-05,0.03917510621249676,1275.0,1218.0,5.786799430847168,0.436352014541626,6.223151445388794,1210.0,1256.5060362173037
industrial_changeover,4967,994,2,Order2,994,1e-05,0.001096085150493309,1183.0,1177.0,5.537071466445923,0.409745454788208,5.946816921234131,1173.0,1211.039235412475
industrial_changeover,4968,994,3,Order3,994,1e-05,-0.0009022196900332347,1196.0,1169.0,5.6581995487213135,0.4582998752593994,6.116499423980713,1169.0,1185.70523138833
industrial_changeover,4969,994,4,Order4,994,1e-05,-0.03397561237215996,1225.0,1231.0,5.371318578720093,0.4026799201965332,5.773998498916626,1225.0,1251.61569416499
industrial_changeover,4970,994,5,Order5,994,1e-05,-0.01692224619910121,1308.0,1308.0,6.277203321456909,0.5212883949279785,6.798491716384888,1282.0,1337.2323943661972
industrial_changeover,4971,995,1,Order1,995,1e-05,-0.022178866900503635,1223.0,1218.0,5.534383296966553,0.42502713203430176,5.9594104290008545,1210.0,1256.467336683417
industrial_changeover,4972,995,2,Order2,995,1e-05,0.0043031846871599555,1184.0,1177.0,5.4415717124938965,0.4114208221435547,5.852992534637451,1173.0,1211.0050251256282
industrial_changeover,4973,995,3,Order3,995,1e-05,-0.008311437210068107,1175.0,1169.0,5.559536695480347,0.4873695373535156,6.046906232833862,1169.0,1185.6884422110552
industrial_changeover,4974,995,4,Order4,995,1e-05,0.017201653216034174,1264.0,1231.0,5.256740570068359,0.4030158519744873,5.659756422042847,1225.0,1251.594974874372
industrial_changeover,4975,995,5,Order5,995,1e-05,0.006985088926739991,1323.0,1308.0,6.07551121711731,0.4788680076599121,6.554379224777222,1282.0,1337.203015075377
industrial_changeover,4976,996,1,Order1,996,1e-05,0.03879493661224842,1275.0,1218.0,5.471654415130615,0.42824244499206543,5.899896860122681,1210.0,1256.4287148594378
industrial_changeover,4977,996,2,Order2,996,1e-05,0.007430847967043519,1184.0,1177.0,5.2482688426971436,0.42740464210510254,5.675673484802246,1173.0,1210.9708835341366
industrial_changeover,4978,996,3,Order3,996,1e-05,-0.014800546457991004,1175.0,1169.0,5.55308198928833,0.4326498508453369,5.985731840133667,1169.0,1185.671686746988
industrial_changeover,4979,996,4,Order4,996,1e-05,0.0028173569589853287,1264.0,1231.0,5.110692977905273,0.40950632095336914,5.520199298858643,1225.0,1251.574297188755
industrial_changeover,4980,996,5,Order5,996,1e-05,-0.014395934529602528,1305.0,1308.0,6.14945650100708,0.48964858055114746,6.6391050815582275,1282.0,1337.1736947791164
industrial_changeover,4981,997,1,Order1,997,1e-05,0.02084609493613243,1259.0,1218.0,5.392016172409058,0.4167966842651367,5.808812856674194,1210.0,1256.3901705115345
industrial_changeover,4982,997,2,Order2,997,1e-05,-0.008449087617918849,1173.0,1177.0,5.157330751419067,0.46752476692199707,5.6248555183410645,1173.0,1210.936810431294
industrial_changeover,4983,997,3,Order3,997,1e-05,-0.01925415452569723,1169.0,1169.0,5.809303283691406,0.4741196632385254,6.283422946929932,1169.0,1185.654964894684
industrial_changeover,4984,997,4,Order4,997,1e-05,0.0028401814633980393,1260.0,1231.0,5.345547199249268,0.4343116283416748,5.779858827590942,1225.0,1251.553660982949
industrial_changeover,4985,997,5,Order5,997,1e-05,0.05878469627350569,1404.0,1308.0,6.481719017028809,0.503018856048584,6.984737873077393,1282.0,1337.1444332998997
industrial_changeover,4986,998,1,Order1,998,1e-05,-0.006670068250969052,1230.0,1218.0,5.7456605434417725,0.4282710552215576,6.17393159866333,1210.0,1256.3517034068136
industrial_changeover,4987,998,2,Order2,998,1e-05,-0.0015986720682121813,1185.0,1177.0,5.541399955749512,0.48268842697143555,6.024088382720947,1173.0,1210.9028056112224
industrial_changeover,4988,998,3,Order3,998,1e-05,-0.02433812851086259,1169.0,1169.0,5.883013725280762,0.46664929389953613,6.349663019180298,1169.0,1185.6382765531062
industrial_changeover,4989,998,4,Order4,998,1e-05,-0.009742983616888523,1253.0,1231.0,5.325022220611572,0.4047422409057617,5.729764461517334,1225.0,1251.5330661322646
industrial_changeover,4990,998,5,Order5,998,1e-05,-0.0012915348925162107,1318.0,1308.0,6.206571578979492,0.5156495571136475,6.72222113609314,1282.0,1337.1152304609218
industrial_changeover,4991,999,1,Order1,999,1e-05,-0.019115209579467773,1225.0,1218.0,5.46713924407959,0.46680617332458496,5.933945417404175,1210.0,1256.3133133133133
industrial_changeover,4992,999,2,Order2,999,1e-05,0.008099124766886234,1185.0,1177.0,5.460853338241577,0.4099409580230713,5.870794296264648,1173.0,1210.868868868869
industrial_changeover,4993,999,3,Order3,999,1e-05,0.0023232949315570295,1180.0,1169.0,5.755577564239502,0.4488551616668701,6.204432725906372,1169.0,1185.6216216216217
industrial_changeover,4994,999,4,Order4,999,1e-05,-0.012939215172082186,1235.0,1231.0,5.29456353187561,0.433485746383667,5.728049278259277,1225.0,1251.5125125125126
industrial_changeover,4995,999,5,Order5,999,1e-05,0.019701443146914244,1341.0,1308.0,6.402841806411743,0.48305416107177734,6.8858959674835205,1282.0,1337.0860860860862
industrial_changeover,4996,1000,1,Order1,1000,1e-05,0.047749522142112255,1280.0,1218.0,5.499791860580444,0.42386507987976074,5.923656940460205,1210.0,1256.275
industrial_changeover,4997,1000,2,Order2,1000,1e-05,0.0028964573284611106,1183.0,1177.0,5.421727180480957,0.4222254753112793,5.843952655792236,1173.0,1210.835
industrial_changeover,4998,1000,3,Order3,1000,1e-05,0.003574198402930051,1197.0,1169.0,5.66820764541626,0.4567842483520508,6.1249918937683105,1169.0,1185.605
industrial_changeover,4999,1000,4,Order4,1000,1e-05,-0.013376199174672365,1249.0,1231.0,5.385615587234497,0.4199519157409668,5.805567502975464,1225.0,1251.492
industrial_changeover,5000,1000,5,Order5,1000,1e-05,-0.036071546375751495,1272.0,1308.0,6.286298036575317,0.5045568943023682,6.7908549308776855,1282.0,1337.057
