variant_name,epoch,round_id,round_pos,instance_id,instance_occurrence,lr,train_loss,train_rollout_cmax,current_objective,train_time_sec,eval_time_sec,cycle_time_sec,running_cb,running_ca
industrial_changeover,4,1,4,Order4,1,9.994e-05,0.060477360151708126,1336.0,1275.0,13.724963665008545,1.0597004890441895,14.784664154052734,1275.0,1275.0
industrial_changeover,9,2,4,Order4,2,9.984e-05,-0.13984354212880135,1255.0,1275.0,13.173343420028687,1.001760721206665,14.175104141235352,1275.0,1275.0
industrial_changeover,14,3,4,Order4,3,9.974e-05,-0.07582021877169609,1291.0,1264.0,13.135849475860596,1.0217764377593994,14.157625913619995,1264.0,1271.3333333333333
industrial_changeover,19,4,4,Order4,4,9.964e-05,-0.02862840471789241,1358.0,1259.0,13.201407194137573,1.000016689300537,14.20142388343811,1259.0,1268.25
industrial_changeover,24,5,4,Order4,5,9.954e-05,-0.0792323425412178,1294.0,1259.0,13.186759233474731,1.0013418197631836,14.188101053237915,1259.0,1266.4
industrial_changeover,29,6,4,Order4,6,9.944e-05,-0.10171560011804104,1281.0,1264.0,13.169360399246216,1.0110487937927246,14.18040919303894,1259.0,1266.0
industrial_changeover,34,7,4,Order4,7,9.934e-05,-0.130411297082901,1282.0,1272.0,13.537974119186401,1.0186803340911865,14.556654453277588,1259.0,1266.857142857143
industrial_changeover,39,8,4,Order4,8,9.924e-05,-0.03204447589814663,1356.0,1264.0,13.16958737373352,1.0041697025299072,14.173757076263428,1259.0,1266.5
industrial_changeover,44,9,4,Order4,9,9.914e-05,-0.06801391020417213,1295.0,1260.0,13.156657457351685,1.0311365127563477,14.187793970108032,1259.0,1265.7777777777778
industrial_changeover,49,10,4,Order4,10,9.904e-05,-0.03137228125706315,1356.0,1260.0,13.058417797088623,1.0081486701965332,14.066566467285156,1259.0,1265.2
industrial_changeover,54,11,4,Order4,11,9.894e-05,-0.08595638163387775,1274.0,1259.0,13.07949948310852,1.0026466846466064,14.082146167755127,1259.0,1264.6363636363637
industrial_changeover,59,12,4,Order4,12,9.884e-05,0.03261349909007549,1358.0,1281.0,13.205732345581055,1.0146260261535645,14.22035837173462,1259.0,1266.0
industrial_changeover,64,13,4,Order4,13,9.874e-05,-0.08250336349010468,1362.0,1259.0,13.289224863052368,1.0132133960723877,14.302438259124756,1259.0,1265.4615384615386
industrial_changeover,69,14,4,Order4,14,9.864e-05,-4.102467210032046e-05,1362.0,1259.0,14.20239543914795,1.1411030292510986,15.343498468399048,1259.0,1265.0
industrial_changeover,74,15,4,Order4,15,9.854000000000002e-05,-0.019567058887332678,1356.0,1268.0,13.519447565078735,1.0415675640106201,14.561015129089355,1259.0,1265.2
industrial_changeover,79,16,4,Order4,16,9.844000000000001e-05,0.012025531847029924,1362.0,1268.0,13.837486505508423,1.0695505142211914,14.907037019729614,1259.0,1265.375
industrial_changeover,84,17,4,Order4,17,9.834000000000001e-05,-0.11290268041193485,1264.0,1268.0,13.640840291976929,1.0650739669799805,14.70591425895691,1259.0,1265.5294117647059
industrial_changeover,89,18,4,Order4,18,9.824000000000001e-05,-0.0422129537910223,1362.0,1268.0,14.055490016937256,1.041234016418457,15.096724033355713,1259.0,1265.6666666666667
industrial_changeover,94,19,4,Order4,19,9.814e-05,-0.04798406269401312,1253.0,1268.0,13.626938581466675,1.0649709701538086,14.691909551620483,1259.0,1265.7894736842106
industrial_changeover,99,20,4,Order4,20,9.804e-05,-0.08427937515079975,1273.0,1266.0,10.961621761322021,0.46201300621032715,11.423634767532349,1259.0,1265.8
industrial_changeover,104,21,4,Order4,21,9.794000000000001e-05,-0.04758369363844395,1315.0,1259.0,13.357577800750732,1.015683650970459,14.373261451721191,1259.0,1265.4761904761904
industrial_changeover,109,22,4,Order4,22,9.784000000000001e-05,-0.014140417333692312,1269.0,1268.0,13.44744062423706,1.031698226928711,14.479138851165771,1259.0,1265.590909090909
industrial_changeover,114,23,4,Order4,23,9.774000000000001e-05,-0.09657892026007175,1310.0,1268.0,13.55974793434143,1.0501518249511719,14.609899759292603,1259.0,1265.695652173913
industrial_changeover,119,24,4,Order4,24,9.764000000000001e-05,0.05472071561962366,1312.0,1282.0,13.369287490844727,1.0181987285614014,14.387486219406128,1259.0,1266.375
industrial_changeover,124,25,4,Order4,25,9.754e-05,-0.0710052065551281,1291.0,1268.0,13.607494115829468,1.031606674194336,14.639100790023804,1259.0,1266.44
industrial_changeover,129,26,4,Order4,26,9.744000000000002e-05,-0.009865110041573644,1327.0,1275.0,13.554620265960693,1.044097900390625,14.598718166351318,1259.0,1266.7692307692307
industrial_changeover,134,27,4,Order4,27,9.734000000000001e-05,-0.0717696100473404,1294.0,1275.0,13.44258737564087,1.0253033638000488,14.467890739440918,1259.0,1267.0740740740741
industrial_changeover,139,28,4,Order4,28,9.724000000000001e-05,0.027838832698762417,1314.0,1268.0,13.390010118484497,1.0168969631195068,14.406907081604004,1259.0,1267.107142857143
industrial_changeover,144,29,4,Order4,29,9.714000000000001e-05,-0.10026326589286327,1236.0,1268.0,13.490943193435669,1.0245227813720703,14.51546597480774,1259.0,1267.1379310344828
industrial_changeover,149,30,4,Order4,30,9.704e-05,0.031990050338208675,1290.0,1268.0,13.751651763916016,1.1156952381134033,14.867347002029419,1259.0,1267.1666666666667
industrial_changeover,154,31,4,Order4,31,9.694e-05,0.005580387427471578,1249.0,1266.0,13.426691770553589,1.030829668045044,14.457521438598633,1259.0,1267.1290322580646
industrial_changeover,159,32,4,Order4,32,9.684000000000001e-05,0.042616214603185654,1359.0,1266.0,13.73817491531372,1.0429232120513916,14.781098127365112,1259.0,1267.09375
industrial_changeover,164,33,4,Order4,33,9.674000000000001e-05,-0.029165692161768675,1304.0,1268.0,13.542654037475586,1.0049724578857422,14.547626495361328,1259.0,1267.121212121212
industrial_changeover,169,34,4,Order4,34,9.664000000000001e-05,0.045833006501197815,1307.0,1268.0,13.299665212631226,1.0199317932128906,14.319597005844116,1259.0,1267.1470588235295
industrial_changeover,174,35,4,Order4,35,9.654000000000001e-05,-0.020353357307612896,1355.0,1266.0,13.357845067977905,1.0126020908355713,14.370447158813477,1259.0,1267.1142857142856
industrial_changeover,179,36,4,Order4,36,9.644e-05,0.07024092599749565,1356.0,1266.0,13.307020902633667,1.050546407699585,14.357567310333252,1259.0,1267.0833333333333
industrial_changeover,184,37,4,Order4,37,9.634e-05,0.021331211552023888,1344.0,1266.0,13.139778852462769,1.035506248474121,14.17528510093689,1259.0,1267.054054054054
industrial_changeover,189,38,4,Order4,38,9.624000000000001e-05,-0.05409438069909811,1296.0,1266.0,13.289528131484985,1.0122008323669434,14.301728963851929,1259.0,1267.0263157894738
industrial_changeover,194,39,4,Order4,39,9.614000000000001e-05,-0.05305228289216757,1254.0,1266.0,13.306226968765259,1.0187346935272217,14.32496166229248,1259.0,1267.0
industrial_changeover,199,40,4,Order4,40,9.604000000000001e-05,-0.007202736916951835,1316.0,1266.0,8.728290796279907,0.42427730560302734,9.152568101882935,1259.0,1266.975
industrial_changeover,204,41,4,Order4,41,9.594e-05,0.04304493125528097,1290.0,1266.0,13.62242078781128,1.0273690223693848,14.649789810180664,1259.0,1266.9512195121952
industrial_changeover,209,42,4,Order4,42,9.584e-05,-0.01308823423460126,1321.0,1266.0,13.464933395385742,1.019503116607666,14.484436511993408,1259.0,1266.9285714285713
industrial_changeover,214,43,4,Order4,43,9.574e-05,-0.009392790496349335,1314.0,1266.0,13.616774559020996,1.05839204788208,14.675166606903076,1259.0,1266.906976744186
industrial_changeover,219,44,4,Order4,44,9.564000000000001e-05,-0.12558390945196152,1261.0,1266.0,13.591166496276855,1.060821533203125,14.65198802947998,1259.0,1266.8863636363637
industrial_changeover,224,45,4,Order4,45,9.554000000000001e-05,0.0104679090436548,1358.0,1266.0,13.441622018814087,1.044677734375,14.486299753189087,1259.0,1266.8666666666666
industrial_changeover,229,46,4,Order4,46,9.544000000000001e-05,0.04885770007967949,1318.0,1266.0,13.634585857391357,1.023864984512329,14.658450841903687,1259.0,1266.8478260869565
industrial_changeover,234,47,4,Order4,47,9.534e-05,0.012287756195291877,1326.0,1266.0,13.33768367767334,1.022897720336914,14.360581398010254,1259.0,1266.8297872340424
industrial_changeover,239,48,4,Order4,48,9.524e-05,-0.03785769548267126,1291.0,1266.0,13.646896123886108,1.032377004623413,14.679273128509521,1259.0,1266.8125
industrial_changeover,244,49,4,Order4,49,9.514e-05,0.005314846872352064,1269.0,1266.0,13.771069288253784,1.0320765972137451,14.80314588546753,1259.0,1266.795918367347
industrial_changeover,249,50,4,Order4,50,9.504000000000001e-05,0.07919641025364399,1317.0,1266.0,13.28041386604309,1.0263876914978027,14.306801557540894,1259.0,1266.78
industrial_changeover,254,51,4,Order4,51,9.494000000000001e-05,-0.037014189176261425,1353.0,1266.0,13.232242345809937,1.082366943359375,14.314609289169312,1259.0,1266.764705882353
industrial_changeover,259,52,4,Order4,52,9.484e-05,0.026897345203906298,1269.0,1266.0,13.516494512557983,1.0472450256347656,14.563739538192749,1259.0,1266.75
industrial_changeover,264,53,4,Order4,53,9.474e-05,-0.058651858009397984,1340.0,1356.0,13.669447898864746,1.0378773212432861,14.707325220108032,1259.0,1268.433962264151
industrial_changeover,269,54,4,Order4,54,9.464e-05,-0.03138771001249552,1264.0,1268.0,13.536323308944702,1.0269684791564941,14.563291788101196,1259.0,1268.4259259259259
industrial_changeover,274,55,4,Order4,55,9.454000000000001e-05,0.0009616274328436702,1362.0,1356.0,13.37448263168335,1.0356006622314453,14.410083293914795,1259.0,1270.0181818181818
industrial_changeover,279,56,4,Order4,56,9.444000000000001e-05,0.09974570572376251,1359.0,1357.0,13.689045190811157,1.0126452445983887,14.701690435409546,1259.0,1271.5714285714287
industrial_changeover,284,57,4,Order4,57,9.434000000000001e-05,-0.02660286659374833,1300.0,1359.0,13.866626977920532,1.0542957782745361,14.920922756195068,1259.0,1273.1052631578948
industrial_changeover,289,58,4,Order4,58,9.424e-05,0.05101228039711714,1282.0,1359.0,13.818833827972412,0.9885799884796143,14.807413816452026,1259.0,1274.5862068965516
industrial_changeover,294,59,4,Order4,59,9.414e-05,-0.032568493857979774,1278.0,1357.0,13.442985773086548,1.0254802703857422,14.46846604347229,1259.0,1275.9830508474577
industrial_changeover,299,60,4,Order4,60,9.404e-05,0.03568608500063419,1314.0,1357.0,13.251944303512573,1.0172781944274902,14.269222497940063,1259.0,1277.3333333333333
industrial_changeover,304,61,4,Order4,61,9.394000000000001e-05,-0.05019694287329912,1381.0,1356.0,13.27606201171875,1.009164810180664,14.285226821899414,1259.0,1278.622950819672
industrial_changeover,309,62,4,Order4,62,9.384000000000001e-05,0.06947552785277367,1272.0,1357.0,13.315553188323975,1.027144432067871,14.342697620391846,1259.0,1279.8870967741937
industrial_changeover,314,63,4,Order4,63,9.374000000000001e-05,-0.08052673377096653,1296.0,1356.0,13.260928392410278,1.0803217887878418,14.34125018119812,1259.0,1281.095238095238
industrial_changeover,319,64,4,Order4,64,9.364e-05,0.03726883605122566,1268.0,1274.0,13.301846027374268,1.008173942565918,14.310019969940186,1259.0,1280.984375
industrial_changeover,324,65,4,Order4,65,9.354e-05,-0.0013866987428627908,1262.0,1274.0,13.46779465675354,1.0245676040649414,14.492362260818481,1259.0,1280.876923076923
industrial_changeover,329,66,4,Order4,66,9.344e-05,0.06244159210473299,1356.0,1358.0,13.594586610794067,1.0260272026062012,14.620613813400269,1259.0,1282.0454545454545
industrial_changeover,334,67,4,Order4,67,9.334000000000001e-05,0.03353812824934721,1356.0,1358.0,13.24793529510498,1.0340349674224854,14.281970262527466,1259.0,1283.1791044776119
industrial_changeover,339,68,4,Order4,68,9.324000000000001e-05,-0.025510435923933983,1290.0,1289.0,13.235875368118286,1.0099692344665527,14.245844602584839,1259.0,1283.264705882353
industrial_changeover,344,69,4,Order4,69,9.314e-05,0.044099356047809124,1226.0,1266.0,13.479552984237671,1.020195484161377,14.499748468399048,1259.0,1283.0144927536232
industrial_changeover,349,70,4,Order4,70,9.304e-05,0.0005053156346548349,1298.0,1266.0,13.56519103050232,1.0269169807434082,14.592108011245728,1259.0,1282.7714285714285
industrial_changeover,354,71,4,Order4,71,9.294e-05,0.0879601277410984,1359.0,1266.0,13.652878761291504,1.0281927585601807,14.681071519851685,1259.0,1282.5352112676057
industrial_changeover,359,72,4,Order4,72,9.284e-05,-0.02941417694091797,1316.0,1264.0,13.262014150619507,1.0221354961395264,14.284149646759033,1259.0,1282.2777777777778
industrial_changeover,364,73,4,Order4,73,9.274000000000001e-05,-0.02127742161974311,1268.0,1264.0,13.610140323638916,1.0148379802703857,14.624978303909302,1259.0,1282.027397260274
industrial_changeover,369,74,4,Order4,74,9.264000000000001e-05,-0.026056835893541574,1285.0,1264.0,13.353708744049072,1.0540978908538818,14.407806634902954,1259.0,1281.7837837837837
industrial_changeover,374,75,4,Order4,75,9.254e-05,0.040134815499186516,1269.0,1272.0,13.239140748977661,1.033179521560669,14.27232027053833,1259.0,1281.6533333333334
industrial_changeover,379,76,4,Order4,76,9.244e-05,-0.04197333753108978,1262.0,1264.0,13.453019380569458,1.0357167720794678,14.488736152648926,1259.0,1281.421052631579
industrial_changeover,384,77,4,Order4,77,9.234e-05,0.08182931318879128,1355.0,1266.0,13.343297004699707,0.9883122444152832,14.33160924911499,1259.0,1281.2207792207791
industrial_changeover,389,78,4,Order4,78,9.224e-05,0.11103063635528088,1361.0,1289.0,13.179717063903809,1.0659358501434326,14.245652914047241,1259.0,1281.320512820513
industrial_changeover,394,79,4,Order4,79,9.214000000000001e-05,-0.03453400731086731,1308.0,1264.0,13.670520544052124,1.0291361808776855,14.69965672492981,1259.0,1281.1012658227849
industrial_changeover,399,80,4,Order4,80,9.204e-05,-0.004601767752319574,1356.0,1277.0,13.404285907745361,1.0117177963256836,14.416003704071045,1259.0,1281.05
industrial_changeover,404,81,4,Order4,81,9.194e-05,0.01970015186816454,1298.0,1356.0,13.533976554870605,1.0353541374206543,14.56933069229126,1259.0,1281.9753086419753
industrial_changeover,409,82,4,Order4,82,9.184e-05,-0.0008486191218253225,1288.0,1356.0,13.640210151672363,1.0606262683868408,14.700836420059204,1259.0,1282.878048780488
industrial_changeover,414,83,4,Order4,83,9.174e-05,0.03680591098964214,1311.0,1277.0,13.164082527160645,1.0245099067687988,14.188592433929443,1259.0,1282.8072289156626
industrial_changeover,419,84,4,Order4,84,9.164000000000001e-05,0.04345783591270447,1358.0,1275.0,13.652875185012817,1.0731627941131592,14.726037979125977,1259.0,1282.7142857142858
industrial_changeover,424,85,4,Order4,85,9.154000000000001e-05,-0.022371859289705753,1278.0,1277.0,13.493823289871216,1.0361368656158447,14.52996015548706,1259.0,1282.6470588235295
industrial_changeover,429,86,4,Order4,86,9.144e-05,0.0322687104344368,1342.0,1277.0,13.262951135635376,1.0162267684936523,14.279177904129028,1259.0,1282.5813953488373
industrial_changeover,434,87,4,Order4,87,9.134e-05,-0.004758116672746837,1308.0,1277.0,13.516201972961426,1.0208408832550049,14.53704285621643,1259.0,1282.5172413793102
industrial_changeover,439,88,4,Order4,88,9.124e-05,0.05966517049819231,1356.0,1277.0,13.436665773391724,1.0400927066802979,14.476758480072021,1259.0,1282.4545454545455
industrial_changeover,444,89,4,Order4,89,9.114e-05,-0.01170568005181849,1264.0,1277.0,13.289613485336304,1.0256483554840088,14.315261840820312,1259.0,1282.3932584269662
industrial_changeover,449,90,4,Order4,90,9.104000000000001e-05,0.0012677917839027941,1282.0,1277.0,13.30950665473938,1.0303213596343994,14.33982801437378,1259.0,1282.3333333333333
industrial_changeover,454,91,4,Order4,91,9.094000000000001e-05,0.0014030066377017647,1264.0,1277.0,13.4805588722229,1.0477542877197266,14.528313159942627,1259.0,1282.2747252747254
industrial_changeover,459,92,4,Order4,92,9.084e-05,-0.016888172831386328,1277.0,1275.0,13.480944395065308,1.0467791557312012,14.527723550796509,1259.0,1282.195652173913
industrial_changeover,464,93,4,Order4,93,9.074e-05,0.07476010359823704,1320.0,1284.0,13.655105829238892,1.0196175575256348,14.674723386764526,1259.0,1282.215053763441
industrial_changeover,469,94,4,Order4,94,9.064e-05,-0.046209159307181835,1357.0,1284.0,13.613271236419678,1.0603041648864746,14.673575401306152,1259.0,1282.2340425531916
industrial_changeover,474,95,4,Order4,95,9.054e-05,0.03905017673969269,1289.0,1284.0,13.366787672042847,1.0344922542572021,14.401279926300049,1259.0,1282.2526315789473
industrial_changeover,479,96,4,Order4,96,9.044000000000001e-05,-0.052594300359487534,1310.0,1284.0,13.450137615203857,1.0275726318359375,14.477710247039795,1259.0,1282.2708333333333
industrial_changeover,484,97,4,Order4,97,9.034e-05,0.0458128172904253,1262.0,1284.0,13.331946849822998,1.0292251110076904,14.361171960830688,1259.0,1282.2886597938145
industrial_changeover,489,98,4,Order4,98,9.024e-05,0.05430648382753134,1331.0,1277.0,13.426689624786377,1.0248780250549316,14.451567649841309,1259.0,1282.234693877551
industrial_changeover,494,99,4,Order4,99,9.014e-05,-0.11023834347724915,1267.0,1357.0,13.394864559173584,1.0458509922027588,14.440715551376343,1259.0,1282.989898989899
industrial_changeover,499,100,4,Order4,100,9.004e-05,0.03401958476752043,1296.0,1357.0,13.582822799682617,1.0510666370391846,14.633889436721802,1259.0,1283.73
industrial_changeover,504,101,4,Order4,101,8.994e-05,0.08476558141410351,1359.0,1357.0,13.645472526550293,1.0169990062713623,14.662471532821655,1259.0,1284.4554455445545
industrial_changeover,509,102,4,Order4,102,8.984000000000001e-05,0.06939114071428776,1356.0,1357.0,13.668280363082886,1.0732755661010742,14.74155592918396,1259.0,1285.1666666666667
industrial_changeover,514,103,4,Order4,103,8.974e-05,-0.040186566300690174,1264.0,1357.0,13.601667165756226,1.0303473472595215,14.632014513015747,1259.0,1285.8640776699028
industrial_changeover,519,104,4,Order4,104,8.964e-05,-0.07292677275836468,1304.0,1380.0,13.807192087173462,1.0725469589233398,14.879739046096802,1259.0,1286.7692307692307
industrial_changeover,524,105,4,Order4,105,8.954e-05,0.12050538696348667,1356.0,1365.0,13.443220615386963,1.0283701419830322,14.471590757369995,1259.0,1287.5142857142857
industrial_changeover,529,106,4,Order4,106,8.944e-05,-0.01570255309343338,1362.0,1380.0,13.340749979019165,1.0642249584197998,14.404974937438965,1259.0,1288.3867924528302
industrial_changeover,534,107,4,Order4,107,8.934e-05,0.010639739921316504,1295.0,1365.0,13.832522869110107,1.0713896751403809,14.903912544250488,1259.0,1289.1028037383178
industrial_changeover,539,108,4,Order4,108,8.924e-05,-0.018397584557533264,1314.0,1357.0,13.520073890686035,1.0338540077209473,14.553927898406982,1259.0,1289.7314814814815
industrial_changeover,544,109,4,Order4,109,8.914e-05,0.01672903588041663,1357.0,1357.0,13.353022575378418,1.0801656246185303,14.433188199996948,1259.0,1290.348623853211
industrial_changeover,549,110,4,Order4,110,8.904e-05,0.05495484359562397,1310.0,1357.0,13.535781860351562,1.0257761478424072,14.56155800819397,1259.0,1290.9545454545455
industrial_changeover,554,111,4,Order4,111,8.894e-05,0.027219827752560377,1275.0,1368.0,13.419362306594849,1.0318636894226074,14.451225996017456,1259.0,1291.6486486486488
industrial_changeover,559,112,4,Order4,112,8.884e-05,0.02487212046980858,1324.0,1365.0,13.091299533843994,0.9976956844329834,14.088995218276978,1259.0,1292.3035714285713
industrial_changeover,564,113,4,Order4,113,8.874000000000001e-05,0.025772422552108765,1317.0,1365.0,13.156137228012085,1.064272165298462,14.220409393310547,1259.0,1292.9469026548672
industrial_changeover,569,114,4,Order4,114,8.864e-05,0.001098158973036334,1296.0,1365.0,13.230170965194702,1.0070104598999023,14.237181425094604,1259.0,1293.578947368421
industrial_changeover,574,115,4,Order4,115,8.854e-05,0.05585302971303463,1358.0,1365.0,13.318271160125732,0.9994032382965088,14.317674398422241,1259.0,1294.2
industrial_changeover,579,116,4,Order4,116,8.844e-05,-0.00012658745981752872,1357.0,1365.0,13.162455797195435,1.0374336242675781,14.199889421463013,1259.0,1294.8103448275863
industrial_changeover,584,117,4,Order4,117,8.834e-05,-0.03289570286870003,1290.0,1365.0,13.077781915664673,1.0097274780273438,14.087509393692017,1259.0,1295.4102564102564
industrial_changeover,589,118,4,Order4,118,8.824e-05,-0.015884448308497667,1268.0,1365.0,13.122983932495117,1.011282205581665,14.134266138076782,1259.0,1296.0
industrial_changeover,594,119,4,Order4,119,8.814e-05,0.050057907588779926,1359.0,1365.0,13.103520393371582,1.0132064819335938,14.116726875305176,1259.0,1296.579831932773
industrial_changeover,599,120,4,Order4,120,8.804e-05,-0.04440458491444588,1289.0,1365.0,13.177363634109497,1.0030760765075684,14.180439710617065,1259.0,1297.15
industrial_changeover,604,121,4,Order4,121,8.794e-05,-0.04756796732544899,1268.0,1365.0,13.247865915298462,1.0700581073760986,14.31792402267456,1259.0,1297.7107438016528
industrial_changeover,609,122,4,Order4,122,8.784e-05,-0.013005825225263834,1268.0,1368.0,12.996705055236816,1.0541727542877197,14.050877809524536,1259.0,1298.2868852459017
industrial_changeover,614,123,4,Order4,123,8.774e-05,-0.08899194747209549,1353.0,1357.0,13.272174835205078,0.9999628067016602,14.272137641906738,1259.0,1298.7642276422764
industrial_changeover,619,124,4,Order4,124,8.764e-05,0.040945167653262615,1316.0,1357.0,13.220806360244751,1.009155035018921,14.229961395263672,1259.0,1299.233870967742
industrial_changeover,624,125,4,Order4,125,8.754e-05,-0.010327191324904561,1359.0,1357.0,13.101799249649048,1.0050358772277832,14.106835126876831,1259.0,1299.696
industrial_changeover,629,126,4,Order4,126,8.744000000000002e-05,0.035834237933158875,1325.0,1357.0,13.370289087295532,1.0180017948150635,14.388290882110596,1259.0,1300.1507936507937
industrial_changeover,634,127,4,Order4,127,8.734e-05,0.0037848574575036764,1269.0,1357.0,13.236168146133423,1.006460189819336,14.242628335952759,1259.0,1300.5984251968505
industrial_changeover,639,128,4,Order4,128,8.724000000000001e-05,0.0008526618912583217,1356.0,1357.0,13.266977548599243,1.0091757774353027,14.276153326034546,1259.0,1301.0390625
industrial_changeover,644,129,4,Order4,129,8.714e-05,0.05173220671713352,1284.0,1357.0,13.34209132194519,1.0111238956451416,14.353215217590332,1259.0,1301.4728682170542
industrial_changeover,649,130,4,Order4,130,8.704000000000001e-05,0.006648085778579116,1314.0,1357.0,13.092364072799683,1.0115547180175781,14.10391879081726,1259.0,1301.9
industrial_changeover,654,131,4,Order4,131,8.694e-05,0.004221498034894466,1325.0,1368.0,13.285224676132202,1.0182366371154785,14.30346131324768,1259.0,1302.4045801526718
industrial_changeover,659,132,4,Order4,132,8.684000000000002e-05,0.010449072578921914,1289.0,1324.0,13.201883554458618,1.0658907890319824,14.2677743434906,1259.0,1302.5681818181818
industrial_changeover,664,133,4,Order4,133,8.674e-05,0.03983807098120451,1359.0,1357.0,13.183753252029419,1.0093634128570557,14.193116664886475,1259.0,1302.9774436090227
industrial_changeover,669,134,4,Order4,134,8.664000000000001e-05,-0.07644541747868061,1307.0,1277.0,13.132188081741333,1.0198414325714111,14.152029514312744,1259.0,1302.7835820895523
industrial_changeover,674,135,4,Order4,135,8.654e-05,-0.0298486752435565,1358.0,1357.0,13.27852177619934,1.0069115161895752,14.285433292388916,1259.0,1303.1851851851852
industrial_changeover,679,136,4,Order4,136,8.644e-05,0.04495117533951998,1312.0,1357.0,13.236671924591064,0.9984633922576904,14.235135316848755,1259.0,1303.5808823529412
industrial_changeover,684,137,4,Order4,137,8.634e-05,-0.0068277278915047646,1274.0,1357.0,13.149025201797485,1.008141279220581,14.157166481018066,1259.0,1303.970802919708
industrial_changeover,689,138,4,Order4,138,8.624000000000001e-05,-0.014361074194312096,1356.0,1277.0,13.184498310089111,1.0052154064178467,14.189713716506958,1259.0,1303.7753623188405
industrial_changeover,694,139,4,Order4,139,8.614e-05,-0.0174022545106709,1282.0,1277.0,13.162537336349487,1.005793571472168,14.168330907821655,1259.0,1303.5827338129495
industrial_changeover,699,140,4,Order4,140,8.604000000000001e-05,0.06679431349039078,1336.0,1355.0,13.334392070770264,1.0209906101226807,14.355382680892944,1259.0,1303.95
industrial_changeover,704,141,4,Order4,141,8.594e-05,0.007816601195372641,1325.0,1357.0,13.120325803756714,1.0071654319763184,14.127491235733032,1259.0,1304.3262411347519
industrial_changeover,709,142,4,Order4,142,8.584e-05,0.011803156230598688,1283.0,1357.0,13.090277194976807,1.049701452255249,14.139978647232056,1259.0,1304.6971830985915
industrial_changeover,714,143,4,Order4,143,8.574e-05,0.0957874059677124,1359.0,1355.0,13.21384334564209,1.079080581665039,14.292923927307129,1259.0,1305.048951048951
industrial_changeover,719,144,4,Order4,144,8.564000000000001e-05,-0.008338813437148929,1264.0,1277.0,13.193586349487305,1.0006310939788818,14.194217443466187,1259.0,1304.8541666666667
industrial_changeover,724,145,4,Order4,145,8.554e-05,0.010670744348317385,1252.0,1277.0,13.417361974716187,1.0073835849761963,14.424745559692383,1259.0,1304.6620689655172
industrial_changeover,729,146,4,Order4,146,8.544000000000001e-05,-0.014140583341941237,1283.0,1275.0,13.211387872695923,1.0136687755584717,14.225056648254395,1259.0,1304.458904109589
industrial_changeover,734,147,4,Order4,147,8.533999999999999e-05,-0.0016018931637518108,1293.0,1277.0,13.1453115940094,1.008885145187378,14.154196739196777,1259.0,1304.2721088435374
industrial_changeover,739,148,4,Order4,148,8.524e-05,-0.06301488354802132,1308.0,1277.0,13.45113229751587,1.0084929466247559,14.459625244140625,1259.0,1304.087837837838
industrial_changeover,744,149,4,Order4,149,8.514e-05,0.06506110355257988,1357.0,1310.0,13.184906721115112,1.0410051345825195,14.225911855697632,1259.0,1304.1275167785234
industrial_changeover,749,150,4,Order4,150,8.504000000000001e-05,-0.02666950924322009,1285.0,1310.0,13.142294645309448,1.0206949710845947,14.162989616394043,1259.0,1304.1666666666667
industrial_changeover,754,151,4,Order4,151,8.494e-05,-0.015706493286415935,1315.0,1310.0,13.146504878997803,1.0093715190887451,14.155876398086548,1259.0,1304.205298013245
industrial_changeover,759,152,4,Order4,152,8.484000000000001e-05,-0.0007081800722517073,1292.0,1311.0,13.316852331161499,1.0331227779388428,14.349975109100342,1259.0,1304.25
industrial_changeover,764,153,4,Order4,153,8.473999999999999e-05,-0.01637669885531068,1357.0,1310.0,13.1210036277771,1.0052542686462402,14.12625789642334,1259.0,1304.2875816993464
industrial_changeover,769,154,4,Order4,154,8.464e-05,-0.01996339065954089,1304.0,1310.0,13.318147897720337,1.0201091766357422,14.338257074356079,1259.0,1304.3246753246754
industrial_changeover,774,155,4,Order4,155,8.454000000000001e-05,0.07014214619994164,1327.0,1310.0,13.188000917434692,1.0040004253387451,14.192001342773438,1259.0,1304.3612903225805
industrial_changeover,779,156,4,Order4,156,8.444000000000001e-05,-0.05130152404308319,1249.0,1282.0,13.253117322921753,1.0211081504821777,14.27422547340393,1259.0,1304.2179487179487
industrial_changeover,784,157,4,Order4,157,8.434000000000001e-05,-0.062438495457172394,1290.0,1283.0,13.239380359649658,1.0073175430297852,14.246697902679443,1259.0,1304.0828025477706
industrial_changeover,789,158,4,Order4,158,8.424e-05,-0.03632084932178259,1340.0,1275.0,13.209998607635498,1.0145492553710938,14.224547863006592,1259.0,1303.8987341772151
industrial_changeover,794,159,4,Order4,159,8.414e-05,0.07954473234713078,1308.0,1275.0,13.290967464447021,1.0158348083496094,14.30680227279663,1259.0,1303.7169811320755
industrial_changeover,799,160,4,Order4,160,8.404e-05,-0.07658479921519756,1272.0,1275.0,13.278854131698608,1.0102040767669678,14.289058208465576,1259.0,1303.5375
industrial_changeover,804,161,4,Order4,161,8.394000000000001e-05,-0.03509513195604086,1278.0,1277.0,13.132618188858032,1.0011391639709473,14.13375735282898,1259.0,1303.3726708074535
industrial_changeover,809,162,4,Order4,162,8.384000000000001e-05,-0.048719909973442554,1289.0,1277.0,13.256324052810669,1.0884556770324707,14.34477972984314,1259.0,1303.20987654321
industrial_changeover,814,163,4,Order4,163,8.374000000000001e-05,0.10347220115363598,1262.0,1311.0,13.291979312896729,1.01163649559021,14.303615808486938,1259.0,1303.2576687116564
industrial_changeover,819,164,4,Order4,164,8.364e-05,0.0291224243119359,1356.0,1255.0,13.561216592788696,1.0204176902770996,14.581634283065796,1255.0,1302.9634146341464
industrial_changeover,824,165,4,Order4,165,8.354e-05,0.061275115236639977,1358.0,1255.0,13.245539903640747,0.9974048137664795,14.242944717407227,1255.0,1302.6727272727273
industrial_changeover,829,166,4,Order4,166,8.344e-05,-0.047334392555058,1250.0,1255.0,13.250226736068726,1.0086033344268799,14.258830070495605,1255.0,1302.3855421686746
industrial_changeover,834,167,4,Order4,167,8.334000000000001e-05,-0.0924941785633564,1264.0,1264.0,13.440779447555542,1.015974998474121,14.456754446029663,1255.0,1302.1556886227545
industrial_changeover,839,168,4,Order4,168,8.324000000000001e-05,-0.05632940586656332,1278.0,1264.0,13.181181192398071,1.0051960945129395,14.18637728691101,1255.0,1301.9285714285713
industrial_changeover,844,169,4,Order4,169,8.314000000000001e-05,0.0690036378800869,1357.0,1264.0,13.138456583023071,1.0047929286956787,14.14324951171875,1255.0,1301.7041420118344
industrial_changeover,849,170,4,Order4,170,8.304e-05,-0.012659916887059808,1259.0,1311.0,13.222076654434204,1.0260505676269531,14.248127222061157,1255.0,1301.7588235294118
industrial_changeover,854,171,4,Order4,171,8.294e-05,-0.023289312608540058,1282.0,1311.0,13.07028079032898,1.0038583278656006,14.07413911819458,1255.0,1301.812865497076
industrial_changeover,859,172,4,Order4,172,8.284000000000001e-05,0.009176104562357068,1266.0,1311.0,13.272409915924072,1.0102970600128174,14.28270697593689,1255.0,1301.8662790697674
industrial_changeover,864,173,4,Order4,173,8.274000000000001e-05,-0.004678972996771336,1250.0,1311.0,13.175521612167358,1.002887487411499,14.178409099578857,1255.0,1301.9190751445087
industrial_changeover,869,174,4,Order4,174,8.264000000000001e-05,-0.06014593318104744,1286.0,1311.0,13.200865983963013,0.9996986389160156,14.200564622879028,1255.0,1301.971264367816
industrial_changeover,874,175,4,Order4,175,8.254e-05,-0.020287686493247747,1280.0,1311.0,13.26549506187439,1.0145065784454346,14.280001640319824,1255.0,1302.0228571428572
industrial_changeover,879,176,4,Order4,176,8.244e-05,0.12022768147289753,1339.0,1264.0,13.286925315856934,1.0057744979858398,14.292699813842773,1255.0,1301.8068181818182
industrial_changeover,884,177,4,Order4,177,8.234e-05,-0.02968537900596857,1266.0,1272.0,13.164390802383423,1.025979995727539,14.190370798110962,1255.0,1301.638418079096
industrial_changeover,889,178,4,Order4,178,8.224000000000001e-05,-0.025821929797530174,1264.0,1272.0,13.19853138923645,1.0618255138397217,14.260356903076172,1255.0,1301.4719101123596
industrial_changeover,894,179,4,Order4,179,8.214000000000001e-05,-0.08938824385404587,1290.0,1272.0,13.149563789367676,1.0514051914215088,14.200968980789185,1255.0,1301.3072625698323
industrial_changeover,899,180,4,Order4,180,8.204000000000001e-05,0.029987848829478025,1294.0,1272.0,13.272392511367798,1.0113632678985596,14.283755779266357,1255.0,1301.1444444444444
industrial_changeover,904,181,4,Order4,181,8.194e-05,-0.026437375228852034,1242.0,1264.0,13.220757007598877,0.998542070388794,14.219299077987671,1255.0,1300.9392265193371
industrial_changeover,909,182,4,Order4,182,8.184e-05,-0.03822531644254923,1344.0,1272.0,13.25032114982605,1.0107579231262207,14.26107907295227,1255.0,1300.7802197802198
industrial_changeover,914,183,4,Order4,183,8.174e-05,-0.0017758574686013162,1266.0,1272.0,13.381390571594238,1.028028964996338,14.409419536590576,1255.0,1300.622950819672
industrial_changeover,919,184,4,Order4,184,8.164000000000001e-05,-0.035593326203525066,1264.0,1272.0,13.22618055343628,1.0006210803985596,14.226801633834839,1255.0,1300.4673913043478
industrial_changeover,924,185,4,Order4,185,8.154000000000001e-05,0.00904943747445941,1311.0,1264.0,13.267048835754395,1.0006988048553467,14.267747640609741,1255.0,1300.2702702702702
industrial_changeover,929,186,4,Order4,186,8.144e-05,-0.02038386045023799,1316.0,1268.0,13.325881004333496,1.0128653049468994,14.338746309280396,1255.0,1300.0967741935483
industrial_changeover,934,187,4,Order4,187,8.134e-05,-0.02032324904575944,1281.0,1268.0,13.297943353652954,1.0629174709320068,14.360860824584961,1255.0,1299.9251336898396
industrial_changeover,939,188,4,Order4,188,8.124e-05,-0.053456585854291916,1297.0,1268.0,13.258472204208374,1.0066828727722168,14.26515507698059,1255.0,1299.7553191489362
industrial_changeover,944,189,4,Order4,189,8.114e-05,0.03461519908159971,1311.0,1264.0,13.221603155136108,1.0003137588500977,14.221916913986206,1255.0,1299.5661375661375
industrial_changeover,949,190,4,Order4,190,8.104000000000001e-05,0.011364228092133999,1314.0,1264.0,13.037940263748169,1.0036725997924805,14.04161286354065,1255.0,1299.378947368421
industrial_changeover,954,191,4,Order4,191,8.094000000000001e-05,0.04711311589926481,1297.0,1264.0,13.282963037490845,1.008521556854248,14.291484594345093,1255.0,1299.193717277487
industrial_changeover,959,192,4,Order4,192,8.084e-05,-0.010064964182674885,1246.0,1264.0,13.319859027862549,1.0103600025177002,14.330219030380249,1255.0,1299.0104166666667
industrial_changeover,964,193,4,Order4,193,8.074e-05,-0.048682378605008125,1295.0,1264.0,13.220610857009888,1.0082817077636719,14.22889256477356,1255.0,1298.8290155440413
industrial_changeover,969,194,4,Order4,194,8.064e-05,0.09954950213432312,1357.0,1264.0,13.240030527114868,1.0134294033050537,14.253459930419922,1255.0,1298.6494845360826
industrial_changeover,974,195,4,Order4,195,8.054e-05,-0.012435110285878181,1264.0,1264.0,13.08836817741394,1.0149500370025635,14.103318214416504,1255.0,1298.4717948717948
industrial_changeover,979,196,4,Order4,196,8.044000000000001e-05,-0.034516639076173306,1275.0,1264.0,13.180893182754517,1.0132787227630615,14.194171905517578,1255.0,1298.295918367347
industrial_changeover,984,197,4,Order4,197,8.034e-05,0.028019182849675417,1336.0,1264.0,13.242030382156372,1.0052742958068848,14.247304677963257,1255.0,1298.1218274111675
industrial_changeover,989,198,4,Order4,198,8.024e-05,-0.0441509960219264,1272.0,1264.0,13.106681823730469,1.0009357929229736,14.107617616653442,1255.0,1297.949494949495
industrial_changeover,994,199,4,Order4,199,8.014e-05,-0.05894140060991049,1275.0,1264.0,13.288307189941406,1.0081496238708496,14.296456813812256,1255.0,1297.7788944723618
industrial_changeover,999,200,4,Order4,200,8.004e-05,0.09777011163532734,1296.0,1264.0,13.273470878601074,0.9952247142791748,14.268695592880249,1255.0,1297.61
industrial_changeover,1004,201,4,Order4,201,7.994000000000001e-05,-0.058112844824790955,1274.0,1264.0,13.16299557685852,1.0026934146881104,14.16568899154663,1255.0,1297.4427860696517
industrial_changeover,1009,202,4,Order4,202,7.984000000000001e-05,0.006960462313145399,1304.0,1264.0,13.3900465965271,1.0232183933258057,14.413264989852905,1255.0,1297.2772277227723
industrial_changeover,1014,203,4,Order4,203,7.974e-05,-0.03238613437861204,1274.0,1264.0,13.010008811950684,1.0153539180755615,14.025362730026245,1255.0,1297.1133004926107
industrial_changeover,1019,204,4,Order4,204,7.964e-05,-0.11830258555710316,1278.0,1264.0,13.11780047416687,1.00880765914917,14.12660813331604,1255.0,1296.950980392157
industrial_changeover,1024,205,4,Order4,205,7.954e-05,0.09811590239405632,1277.0,1311.0,13.353224277496338,1.0291874408721924,14.38241171836853,1255.0,1297.019512195122
industrial_changeover,1029,206,4,Order4,206,7.944e-05,-0.05115651711821556,1217.0,1264.0,13.051347732543945,1.003237009048462,14.054584741592407,1255.0,1296.8592233009708
industrial_changeover,1034,207,4,Order4,207,7.934000000000001e-05,0.014303755480796099,1282.0,1264.0,13.26029109954834,1.0081498622894287,14.268440961837769,1255.0,1296.7004830917874
industrial_changeover,1039,208,4,Order4,208,7.924000000000001e-05,-0.03372789826244116,1300.0,1264.0,13.244929313659668,0.9984955787658691,14.243424892425537,1255.0,1296.5432692307693
industrial_changeover,1044,209,4,Order4,209,7.914e-05,0.040347620844841,1310.0,1311.0,13.038506984710693,1.0052835941314697,14.043790578842163,1255.0,1296.6124401913876
industrial_changeover,1049,210,4,Order4,210,7.904e-05,0.045338770374655724,1274.0,1311.0,13.258418798446655,1.004073143005371,14.262491941452026,1255.0,1296.6809523809525
industrial_changeover,1054,211,4,Order4,211,7.894e-05,-0.021043876186013222,1252.0,1311.0,13.188125133514404,1.010007381439209,14.198132514953613,1255.0,1296.7488151658767
industrial_changeover,1059,212,4,Order4,212,7.884e-05,-0.046907548792660236,1264.0,1311.0,13.119861841201782,1.0041122436523438,14.123974084854126,1255.0,1296.816037735849
industrial_changeover,1064,213,4,Order4,213,7.874000000000001e-05,-0.0012438067351467907,1270.0,1311.0,13.137005805969238,1.003607988357544,14.140613794326782,1255.0,1296.8826291079813
industrial_changeover,1069,214,4,Order4,214,7.864e-05,-0.02207826031371951,1275.0,1272.0,13.18236517906189,1.006330966949463,14.188696146011353,1255.0,1296.766355140187
industrial_changeover,1074,215,4,Order4,215,7.854e-05,0.024176157545298338,1281.0,1311.0,13.085192441940308,1.0036325454711914,14.088824987411499,1255.0,1296.832558139535
industrial_changeover,1079,216,4,Order4,216,7.844e-05,-0.047944750636816025,1275.0,1272.0,13.222859382629395,1.0070176124572754,14.22987699508667,1255.0,1296.7175925925926
industrial_changeover,1084,217,4,Order4,217,7.834e-05,0.023481577169150114,1295.0,1311.0,13.231528282165527,1.0119030475616455,14.243431329727173,1255.0,1296.7834101382489
industrial_changeover,1089,218,4,Order4,218,7.824e-05,-0.003238163306377828,1253.0,1311.0,13.191321611404419,1.0383000373840332,14.229621648788452,1255.0,1296.848623853211
industrial_changeover,1094,219,4,Order4,219,7.814000000000001e-05,-0.02979993587359786,1264.0,1311.0,13.265191316604614,1.000169277191162,14.265360593795776,1255.0,1296.9132420091323
industrial_changeover,1099,220,4,Order4,220,7.804e-05,-0.009844243992120028,1294.0,1264.0,13.23648715019226,1.0043771266937256,14.240864276885986,1255.0,1296.7636363636364
industrial_changeover,1104,221,4,Order4,221,7.794e-05,-0.04810638818889856,1259.0,1264.0,13.257743120193481,1.0179479122161865,14.275691032409668,1255.0,1296.6153846153845
industrial_changeover,1109,222,4,Order4,222,7.784e-05,-0.029887306969612837,1266.0,1264.0,13.265060901641846,1.0023975372314453,14.267458438873291,1255.0,1296.4684684684685
industrial_changeover,1114,223,4,Order4,223,7.774e-05,0.0038812170387245715,1288.0,1311.0,13.272655010223389,1.0108847618103027,14.283539772033691,1255.0,1296.5336322869955
industrial_changeover,1119,224,4,Order4,224,7.764e-05,-0.06179705634713173,1292.0,1311.0,13.208502292633057,1.016951084136963,14.22545337677002,1255.0,1296.5982142857142
industrial_changeover,1124,225,4,Order4,225,7.754e-05,0.03658426273614168,1278.0,1311.0,13.172102451324463,1.0106585025787354,14.182760953903198,1255.0,1296.6622222222222
industrial_changeover,1129,226,4,Order4,226,7.744e-05,-0.026863299775868654,1249.0,1311.0,13.301546335220337,1.0142560005187988,14.315802335739136,1255.0,1296.725663716814
industrial_changeover,1134,227,4,Order4,227,7.734e-05,-0.008079213323071599,1285.0,1311.0,13.184972047805786,1.0110867023468018,14.196058750152588,1255.0,1296.7885462555066
industrial_changeover,1139,228,4,Order4,228,7.724e-05,-0.04921983927488327,1275.0,1311.0,13.148985862731934,1.005098819732666,14.1540846824646,1255.0,1296.8508771929824
industrial_changeover,1144,229,4,Order4,229,7.714e-05,0.010377558413892984,1249.0,1311.0,13.231801748275757,1.010026216506958,14.241827964782715,1255.0,1296.9126637554584
industrial_changeover,1149,230,4,Order4,230,7.704000000000001e-05,-0.012212545610964298,1262.0,1311.0,13.292526483535767,1.0062227249145508,14.298749208450317,1255.0,1296.9739130434782
industrial_changeover,1154,231,4,Order4,231,7.694e-05,0.006330125615932047,1268.0,1264.0,13.132992267608643,0.9975295066833496,14.130521774291992,1255.0,1296.8311688311687
industrial_changeover,1159,232,4,Order4,232,7.684e-05,-0.044939545914530754,1299.0,1264.0,13.084448337554932,1.005441665649414,14.089890003204346,1255.0,1296.6896551724137
industrial_changeover,1164,233,4,Order4,233,7.674e-05,0.012194606009870768,1266.0,1311.0,13.250219345092773,0.9985082149505615,14.248727560043335,1255.0,1296.7510729613734
industrial_changeover,1169,234,4,Order4,234,7.664e-05,-0.05976203642785549,1281.0,1311.0,13.228269815444946,1.0098648071289062,14.238134622573853,1255.0,1296.8119658119658
industrial_changeover,1174,235,4,Order4,235,7.654e-05,-0.032600194215774536,1267.0,1264.0,13.156174182891846,1.003584861755371,14.159759044647217,1255.0,1296.672340425532
industrial_changeover,1179,236,4,Order4,236,7.644e-05,-0.03785900119692087,1270.0,1239.0,13.260321378707886,1.0017409324645996,14.262062311172485,1239.0,1296.427966101695
industrial_changeover,1184,237,4,Order4,237,7.634e-05,-0.04058788903057575,1264.0,1311.0,13.735344648361206,1.0870096683502197,14.822354316711426,1239.0,1296.4894514767932
industrial_changeover,1189,238,4,Order4,238,7.624e-05,-0.007325468468479812,1277.0,1311.0,13.503118515014648,1.029036283493042,14.53215479850769,1239.0,1296.5504201680671
industrial_changeover,1194,239,4,Order4,239,7.614e-05,0.10631436482071877,1284.0,1239.0,13.528677940368652,1.0278973579406738,14.556575298309326,1239.0,1296.3096234309623
industrial_changeover,1199,240,4,Order4,240,7.604e-05,0.004587801871821284,1283.0,1239.0,13.750913143157959,1.063866138458252,14.814779281616211,1239.0,1296.0708333333334
industrial_changeover,1204,241,4,Order4,241,7.594e-05,-0.07448375038802624,1295.0,1311.0,13.478458881378174,1.0579211711883545,14.536380052566528,1239.0,1296.1327800829877
industrial_changeover,1209,242,4,Order4,242,7.584e-05,-0.011265338864177465,1251.0,1311.0,13.727795362472534,1.051830768585205,14.77962613105774,1239.0,1296.1942148760331
industrial_changeover,1214,243,4,Order4,243,7.574e-05,-0.00600969057995826,1259.0,1311.0,13.590469598770142,1.0589830875396729,14.649452686309814,1239.0,1296.2551440329219
industrial_changeover,1219,244,4,Order4,244,7.564e-05,-0.0501748975366354,1217.0,1311.0,13.55505108833313,1.043581247329712,14.598632335662842,1239.0,1296.3155737704917
industrial_changeover,1224,245,4,Order4,245,7.554e-05,0.020202479790896177,1266.0,1311.0,13.58119249343872,1.0369102954864502,14.618102788925171,1239.0,1296.3755102040816
industrial_changeover,1229,246,4,Order4,246,7.544e-05,-0.04024619609117508,1289.0,1311.0,13.606630802154541,1.0351340770721436,14.641764879226685,1239.0,1296.4349593495936
industrial_changeover,1234,247,4,Order4,247,7.534e-05,-0.004688289714977145,1267.0,1311.0,13.272673845291138,1.02170729637146,14.294381141662598,1239.0,1296.4939271255062
industrial_changeover,1239,248,4,Order4,248,7.524e-05,0.01763762580230832,1298.0,1311.0,13.509600639343262,1.0324983596801758,14.542098999023438,1239.0,1296.5524193548388
industrial_changeover,1244,249,4,Order4,249,7.514000000000002e-05,-0.028790812473744154,1280.0,1311.0,14.133679866790771,1.060424566268921,15.194104433059692,1239.0,1296.6104417670683
industrial_changeover,1249,250,4,Order4,250,7.504e-05,-0.08534042537212372,1253.0,1311.0,13.103135824203491,0.9993658065795898,14.102501630783081,1239.0,1296.668
industrial_changeover,1254,251,4,Order4,251,7.494000000000001e-05,0.03403094504028559,1264.0,1239.0,13.269335746765137,1.019502878189087,14.288838624954224,1239.0,1296.4382470119522
industrial_changeover,1259,252,4,Order4,252,7.484e-05,-0.09933784790337086,1270.0,1311.0,13.218157052993774,1.0211939811706543,14.239351034164429,1239.0,1296.4960317460318
industrial_changeover,1264,253,4,Order4,253,7.474e-05,-0.003068758873268962,1255.0,1239.0,13.091532945632935,1.0122203826904297,14.103753328323364,1239.0,1296.2687747035573
industrial_changeover,1269,254,4,Order4,254,7.464e-05,-0.03743308503180742,1260.0,1237.0,13.429060935974121,1.0400023460388184,14.46906328201294,1237.0,1296.0354330708662
industrial_changeover,1274,255,4,Order4,255,7.454000000000001e-05,0.02217495860531926,1283.0,1239.0,13.305581331253052,1.0217864513397217,14.327367782592773,1237.0,1295.8117647058823
industrial_changeover,1279,256,4,Order4,256,7.444e-05,-0.0325778229162097,1239.0,1239.0,13.050649881362915,1.0068471431732178,14.057497024536133,1237.0,1295.58984375
industrial_changeover,1284,257,4,Order4,257,7.434000000000001e-05,0.00016820832388475537,1277.0,1239.0,13.257166624069214,1.0091698169708252,14.266336441040039,1237.0,1295.3696498054476
industrial_changeover,1289,258,4,Order4,258,7.424e-05,-0.03683175425976515,1225.0,1239.0,13.15061068534851,1.070777416229248,14.221388101577759,1237.0,1295.1511627906978
industrial_changeover,1294,259,4,Order4,259,7.414e-05,-0.03140817862004042,1258.0,1239.0,13.162781953811646,1.0085053443908691,14.171287298202515,1237.0,1294.934362934363
industrial_changeover,1299,260,4,Order4,260,7.404e-05,0.03227151185274124,1249.0,1239.0,13.26785135269165,1.0065641403198242,14.274415493011475,1237.0,1294.7192307692308
industrial_changeover,1304,261,4,Order4,261,7.394000000000001e-05,-0.019749019294977188,1237.0,1239.0,13.19458794593811,1.0647799968719482,14.259367942810059,1237.0,1294.5057471264367
industrial_changeover,1309,262,4,Order4,262,7.384e-05,0.013089985819533467,1289.0,1239.0,13.214116096496582,1.0183296203613281,14.23244571685791,1237.0,1294.293893129771
industrial_changeover,1314,263,4,Order4,263,7.374000000000001e-05,0.021873808465898037,1280.0,1239.0,13.118443727493286,1.0081286430358887,14.126572370529175,1237.0,1294.083650190114
industrial_changeover,1319,264,4,Order4,264,7.363999999999999e-05,-0.06477880291640759,1262.0,1239.0,13.277832984924316,1.0090398788452148,14.286872863769531,1237.0,1293.875
industrial_changeover,1324,265,4,Order4,265,7.354e-05,0.028750520199537277,1327.0,1239.0,13.350405216217041,1.000744342803955,14.351149559020996,1237.0,1293.667924528302
industrial_changeover,1329,266,4,Order4,266,7.344e-05,0.017778499517589808,1349.0,1239.0,13.192993402481079,1.014110803604126,14.207104206085205,1237.0,1293.4624060150377
industrial_changeover,1334,267,4,Order4,267,7.334000000000001e-05,0.0017431415617465973,1285.0,1239.0,13.211106777191162,1.006727695465088,14.21783447265625,1237.0,1293.258426966292
industrial_changeover,1339,268,4,Order4,268,7.324e-05,-0.02437222423031926,1259.0,1239.0,13.230919361114502,1.0726470947265625,14.303566455841064,1237.0,1293.0559701492537
industrial_changeover,1344,269,4,Order4,269,7.314000000000001e-05,-0.04859230946749449,1236.0,1239.0,13.20453929901123,1.0074031352996826,14.211942434310913,1237.0,1292.8550185873605
industrial_changeover,1349,270,4,Order4,270,7.303999999999999e-05,-0.03869905788451433,1264.0,1239.0,13.13869309425354,1.0159893035888672,14.154682397842407,1237.0,1292.6555555555556
industrial_changeover,1354,271,4,Order4,271,7.294e-05,-0.03313975501805544,1262.0,1239.0,13.320468425750732,1.0247535705566406,14.345221996307373,1237.0,1292.4575645756458
industrial_changeover,1359,272,4,Order4,272,7.284e-05,0.0051058424869552255,1303.0,1264.0,13.247576236724854,1.0166869163513184,14.264263153076172,1237.0,1292.3529411764705
industrial_changeover,1364,273,4,Order4,273,7.274000000000001e-05,-0.07568915374577045,1259.0,1264.0,13.081474304199219,1.0656726360321045,14.147146940231323,1237.0,1292.2490842490843
industrial_changeover,1369,274,4,Order4,274,7.264e-05,0.010655548190698028,1231.0,1264.0,13.188084840774536,1.0283758640289307,14.216460704803467,1237.0,1292.14598540146
industrial_changeover,1374,275,4,Order4,275,7.254000000000001e-05,-0.016389915719628334,1262.0,1264.0,13.209828615188599,0.9973430633544922,14.20717167854309,1237.0,1292.0436363636363
industrial_changeover,1379,276,4,Order4,276,7.243999999999999e-05,-0.03111403528600931,1266.0,1264.0,13.237744569778442,1.0046260356903076,14.24237060546875,1237.0,1291.9420289855072
industrial_changeover,1384,277,4,Order4,277,7.234e-05,-0.001763261592714116,1262.0,1264.0,13.265775203704834,1.0104897022247314,14.276264905929565,1237.0,1291.841155234657
industrial_changeover,1389,278,4,Order4,278,7.224e-05,0.0038574409554712474,1272.0,1264.0,13.100538730621338,1.0152368545532227,14.11577558517456,1237.0,1291.7410071942445
industrial_changeover,1394,279,4,Order4,279,7.214000000000001e-05,0.022239350248128176,1259.0,1264.0,13.164859294891357,1.0513861179351807,14.216245412826538,1237.0,1291.641577060932
industrial_changeover,1399,280,4,Order4,280,7.204e-05,-0.04510117694735527,1266.0,1264.0,13.251355648040771,1.005392074584961,14.256747722625732,1237.0,1291.5428571428572
industrial_changeover,1404,281,4,Order4,281,7.194e-05,-0.05503186210989952,1217.0,1264.0,12.881498336791992,1.001502513885498,13.88300085067749,1237.0,1291.4448398576512
industrial_changeover,1409,282,4,Order4,282,7.183999999999999e-05,-0.046044714748859406,1275.0,1264.0,13.24611759185791,1.0170142650604248,14.263131856918335,1237.0,1291.3475177304965
industrial_changeover,1414,283,4,Order4,283,7.174e-05,-0.055110570043325424,1264.0,1264.0,13.309700727462769,1.011878252029419,14.321578979492188,1237.0,1291.2508833922261
industrial_changeover,1419,284,4,Order4,284,7.164e-05,0.015870272181928158,1272.0,1264.0,13.21768307685852,1.0076649188995361,14.225347995758057,1237.0,1291.1549295774648
industrial_changeover,1424,285,4,Order4,285,7.154000000000001e-05,-0.031314770225435495,1249.0,1264.0,13.152353763580322,1.0107669830322266,14.163120746612549,1237.0,1291.059649122807
industrial_changeover,1429,286,4,Order4,286,7.144e-05,-0.02131945826113224,1255.0,1264.0,13.211212635040283,1.0082495212554932,14.219462156295776,1237.0,1290.9650349650349
industrial_changeover,1434,287,4,Order4,287,7.134e-05,-0.03998832684010267,1283.0,1264.0,13.387813091278076,1.0143167972564697,14.402129888534546,1237.0,1290.871080139373
industrial_changeover,1439,288,4,Order4,288,7.124e-05,0.06698733568191528,1291.0,1264.0,13.201965570449829,0.9970629215240479,14.199028491973877,1237.0,1290.7777777777778
industrial_changeover,1444,289,4,Order4,289,7.114e-05,-0.04513232130557299,1285.0,1264.0,13.113190650939941,1.0213713645935059,14.134562015533447,1237.0,1290.6851211072665
industrial_changeover,1449,290,4,Order4,290,7.104e-05,-0.0037686325958929956,1277.0,1264.0,13.183706283569336,1.0228772163391113,14.206583499908447,1237.0,1290.5931034482758
industrial_changeover,1454,291,4,Order4,291,7.094000000000001e-05,0.05907823238521814,1293.0,1264.0,13.210632085800171,1.0096256732940674,14.220257759094238,1237.0,1290.5017182130584
industrial_changeover,1459,292,4,Order4,292,7.083999999999999e-05,-0.07491937465965748,1264.0,1283.0,13.267690658569336,1.0167067050933838,14.28439736366272,1237.0,1290.4760273972602
industrial_changeover,1464,293,4,Order4,293,7.074e-05,0.012494517955929041,1264.0,1264.0,13.21121096611023,1.0127193927764893,14.223930358886719,1237.0,1290.3856655290103
industrial_changeover,1469,294,4,Order4,294,7.064e-05,-0.021856296341866255,1266.0,1264.0,13.129633903503418,1.000349760055542,14.12998366355896,1237.0,1290.295918367347
industrial_changeover,1474,295,4,Order4,295,7.054000000000001e-05,-0.01089780917391181,1264.0,1264.0,13.105293989181519,1.010983943939209,14.116277933120728,1237.0,1290.206779661017
industrial_changeover,1479,296,4,Order4,296,7.044000000000001e-05,-0.09392937459051609,1223.0,1264.0,13.223501920700073,1.008540391921997,14.23204231262207,1237.0,1290.1182432432433
industrial_changeover,1484,297,4,Order4,297,7.034000000000001e-05,-0.04081265069544315,1266.0,1264.0,13.160313129425049,1.0091159343719482,14.169429063796997,1237.0,1290.030303030303
industrial_changeover,1489,298,4,Order4,298,7.024e-05,-0.016768731642514467,1272.0,1264.0,13.10791563987732,1.0175395011901855,14.125455141067505,1237.0,1289.9429530201342
industrial_changeover,1494,299,4,Order4,299,7.014e-05,-0.05536829214543104,1264.0,1264.0,13.27709174156189,1.0085415840148926,14.285633325576782,1237.0,1289.85618729097
industrial_changeover,1499,300,4,Order4,300,7.004e-05,0.007731716381385922,1283.0,1264.0,13.138734340667725,1.026876449584961,14.165610790252686,1237.0,1289.77
industrial_changeover,1504,301,4,Order4,301,6.994000000000001e-05,-0.05600694287568331,1264.0,1264.0,13.229491472244263,1.0084545612335205,14.237946033477783,1237.0,1289.6843853820599
industrial_changeover,1509,302,4,Order4,302,6.984000000000001e-05,0.03880874253809452,1264.0,1264.0,13.122755765914917,1.000319242477417,14.123075008392334,1237.0,1289.5993377483444
industrial_changeover,1514,303,4,Order4,303,6.974e-05,-0.0784674733877182,1246.0,1264.0,13.301445245742798,1.0045711994171143,14.306016445159912,1237.0,1289.5148514851485
industrial_changeover,1519,304,4,Order4,304,6.964e-05,-0.04244550783187151,1223.0,1264.0,13.145449161529541,0.9967668056488037,14.142215967178345,1237.0,1289.4309210526317
industrial_changeover,1524,305,4,Order4,305,6.954e-05,-0.02927504852414131,1264.0,1264.0,13.139223098754883,1.006690502166748,14.14591360092163,1237.0,1289.3475409836065
industrial_changeover,1529,306,4,Order4,306,6.944e-05,0.012449601665139198,1272.0,1264.0,13.551249027252197,1.026484489440918,14.577733516693115,1237.0,1289.264705882353
industrial_changeover,1534,307,4,Order4,307,6.934000000000001e-05,-0.08586766757071018,1217.0,1264.0,13.206299066543579,1.01167631149292,14.217975378036499,1237.0,1289.1824104234527
industrial_changeover,1539,308,4,Order4,308,6.924000000000001e-05,0.02886038227006793,1231.0,1264.0,13.15098237991333,1.0235753059387207,14.17455768585205,1237.0,1289.1006493506493
industrial_changeover,1544,309,4,Order4,309,6.914e-05,-0.0012881361762993038,1233.0,1264.0,13.320189952850342,1.009479284286499,14.32966923713684,1237.0,1289.0194174757282
industrial_changeover,1549,310,4,Order4,310,6.904e-05,-0.09063425846397877,1239.0,1264.0,13.091089963912964,1.0088722705841064,14.09996223449707,1237.0,1288.9387096774194
industrial_changeover,1554,311,4,Order4,311,6.894e-05,-0.007107103010639548,1261.0,1264.0,13.244121789932251,1.0166015625,14.260723352432251,1237.0,1288.8585209003215
industrial_changeover,1559,312,4,Order4,312,6.884e-05,0.0022791759693063796,1225.0,1264.0,13.214003801345825,1.0207865238189697,14.234790325164795,1237.0,1288.7788461538462
industrial_changeover,1564,313,4,Order4,313,6.874000000000001e-05,-0.031530278734862804,1266.0,1264.0,13.169636726379395,1.0063395500183105,14.175976276397705,1237.0,1288.6996805111821
industrial_changeover,1569,314,4,Order4,314,6.864000000000001e-05,0.016240729484707117,1246.0,1264.0,13.224492311477661,1.0092754364013672,14.233767747879028,1237.0,1288.6210191082803
industrial_changeover,1574,315,4,Order4,315,6.854e-05,-0.010844087926670909,1233.0,1264.0,13.154720783233643,1.0153610706329346,14.170081853866577,1237.0,1288.5428571428572
industrial_changeover,1579,316,4,Order4,316,6.844e-05,0.006849620025604963,1264.0,1264.0,13.219790697097778,1.0121967792510986,14.231987476348877,1237.0,1288.4651898734178
industrial_changeover,1584,317,4,Order4,317,6.834e-05,-0.009077528491616249,1261.0,1264.0,13.165188074111938,1.0056443214416504,14.170832395553589,1237.0,1288.3880126182964
industrial_changeover,1589,318,4,Order4,318,6.824e-05,0.005435664323158562,1253.0,1264.0,13.209674596786499,1.0001840591430664,14.209858655929565,1237.0,1288.311320754717
industrial_changeover,1594,319,4,Order4,319,6.814000000000001e-05,-0.047779506072402,1264.0,1264.0,13.14547085762024,1.034043788909912,14.179514646530151,1237.0,1288.2351097178682
industrial_changeover,1599,320,4,Order4,320,6.804e-05,-0.008511382853612304,1289.0,1264.0,13.203241348266602,1.0083389282226562,14.211580276489258,1237.0,1288.159375
industrial_changeover,1604,321,4,Order4,321,6.794e-05,0.012541060568764806,1297.0,1264.0,13.118842124938965,1.0080230236053467,14.126865148544312,1237.0,1288.0841121495328
industrial_changeover,1609,322,4,Order4,322,6.784e-05,0.014110498828813434,1264.0,1264.0,13.322634220123291,1.005147933959961,14.327782154083252,1237.0,1288.0093167701864
industrial_changeover,1614,323,4,Order4,323,6.774e-05,-0.03346459288150072,1264.0,1264.0,13.04587197303772,1.034580945968628,14.080452919006348,1237.0,1287.9349845201239
industrial_changeover,1619,324,4,Order4,324,6.764000000000001e-05,-0.01179562765173614,1264.0,1264.0,13.20662260055542,1.070387363433838,14.277009963989258,1237.0,1287.861111111111
industrial_changeover,1624,325,4,Order4,325,6.754000000000001e-05,0.012524691876024008,1264.0,1264.0,13.209949493408203,1.0214927196502686,14.231442213058472,1237.0,1287.7876923076924
industrial_changeover,1629,326,4,Order4,326,6.744e-05,-0.022546309512108564,1266.0,1264.0,13.174667119979858,1.0031938552856445,14.177860975265503,1237.0,1287.7147239263804
industrial_changeover,1634,327,4,Order4,327,6.734e-05,-0.05371830426156521,1243.0,1264.0,13.16497254371643,1.001591444015503,14.166563987731934,1237.0,1287.6422018348624
industrial_changeover,1639,328,4,Order4,328,6.724e-05,0.002438221243210137,1272.0,1264.0,13.193466424942017,1.0057997703552246,14.199266195297241,1237.0,1287.5701219512196
industrial_changeover,1644,329,4,Order4,329,6.714e-05,-0.020518482197076082,1264.0,1264.0,13.151611089706421,1.0078895092010498,14.15950059890747,1237.0,1287.498480243161
industrial_changeover,1649,330,4,Order4,330,6.704000000000001e-05,0.015168374637141824,1262.0,1264.0,13.297621250152588,1.017040491104126,14.314661741256714,1237.0,1287.4272727272728
industrial_changeover,1654,331,4,Order4,331,6.694e-05,-0.0077425173949450254,1275.0,1264.0,13.20564317703247,1.0088670253753662,14.214510202407837,1237.0,1287.356495468278
industrial_changeover,1659,332,4,Order4,332,6.684e-05,-0.017389356158673763,1268.0,1264.0,13.146679162979126,1.0174660682678223,14.164145231246948,1237.0,1287.2861445783133
industrial_changeover,1664,333,4,Order4,333,6.674e-05,-0.053974783048033714,1266.0,1264.0,13.246154308319092,1.016023874282837,14.262178182601929,1237.0,1287.2162162162163
industrial_changeover,1669,334,4,Order4,334,6.664e-05,-0.03606477566063404,1266.0,1264.0,13.249948263168335,1.015357494354248,14.265305757522583,1237.0,1287.1467065868264
industrial_changeover,1674,335,4,Order4,335,6.654e-05,-0.06944923661649227,1225.0,1264.0,13.193704843521118,0.9998197555541992,14.193524599075317,1237.0,1287.0776119402985
industrial_changeover,1679,336,4,Order4,336,6.644000000000001e-05,-0.01836348045617342,1272.0,1264.0,13.111931324005127,1.0058095455169678,14.117740869522095,1237.0,1287.0089285714287
industrial_changeover,1684,337,4,Order4,337,6.634e-05,-0.009684154763817787,1239.0,1239.0,13.258777141571045,1.0168557167053223,14.275632858276367,1237.0,1286.86646884273
industrial_changeover,1689,338,4,Order4,338,6.624e-05,-0.0035800248151645064,1266.0,1264.0,13.219526290893555,1.0034236907958984,14.222949981689453,1237.0,1286.7988165680474
industrial_changeover,1694,339,4,Order4,339,6.614e-05,0.0769263356924057,1275.0,1264.0,13.118849277496338,1.0223512649536133,14.141200542449951,1237.0,1286.731563421829
industrial_changeover,1699,340,4,Order4,340,6.604e-05,-0.04579471796751022,1237.0,1264.0,13.229530811309814,1.0059864521026611,14.235517263412476,1237.0,1286.664705882353
industrial_changeover,1704,341,4,Order4,341,6.594e-05,-0.03753287252038717,1237.0,1264.0,13.333154201507568,1.007756233215332,14.3409104347229,1237.0,1286.5982404692081
industrial_changeover,1709,342,4,Order4,342,6.584e-05,-0.007932160748168826,1262.0,1264.0,13.28226113319397,1.0104572772979736,14.292718410491943,1237.0,1286.53216374269
industrial_changeover,1714,343,4,Order4,343,6.574e-05,-0.01946483040228486,1235.0,1264.0,13.241394758224487,1.0182380676269531,14.25963282585144,1237.0,1286.466472303207
industrial_changeover,1719,344,4,Order4,344,6.564e-05,-0.02765606390312314,1235.0,1264.0,13.242137432098389,1.0384037494659424,14.280541181564331,1237.0,1286.4011627906978
industrial_changeover,1724,345,4,Order4,345,6.554e-05,0.04155143443495035,1263.0,1264.0,13.215855360031128,1.0095250606536865,14.225380420684814,1237.0,1286.336231884058
industrial_changeover,1729,346,4,Order4,346,6.544e-05,-0.022534689866006374,1236.0,1264.0,13.231394529342651,1.00278902053833,14.234183549880981,1237.0,1286.271676300578
industrial_changeover,1734,347,4,Order4,347,6.534e-05,0.039358027279376984,1264.0,1264.0,13.254332065582275,1.0222487449645996,14.276580810546875,1237.0,1286.207492795389
industrial_changeover,1739,348,4,Order4,348,6.524e-05,-0.046941996552050114,1266.0,1264.0,13.207082033157349,0.9988117218017578,14.205893754959106,1237.0,1286.1436781609195
industrial_changeover,1744,349,4,Order4,349,6.514e-05,-0.006744366139173508,1261.0,1264.0,13.236452579498291,1.0040709972381592,14.24052357673645,1237.0,1286.080229226361
industrial_changeover,1749,350,4,Order4,350,6.504e-05,-0.02255453960970044,1272.0,1264.0,13.248108863830566,1.0097386837005615,14.257847547531128,1237.0,1286.0171428571427
industrial_changeover,1754,351,4,Order4,351,6.494e-05,-0.04802846256643534,1217.0,1264.0,13.182340860366821,1.01273775100708,14.195078611373901,1237.0,1285.954415954416
industrial_changeover,1759,352,4,Order4,352,6.484e-05,-0.013888464076444507,1264.0,1264.0,13.235975503921509,1.0074803829193115,14.24345588684082,1237.0,1285.8920454545455
industrial_changeover,1764,353,4,Order4,353,6.474000000000001e-05,0.030752387829124928,1293.0,1264.0,13.293881177902222,1.0212171077728271,14.315098285675049,1237.0,1285.830028328612
industrial_changeover,1769,354,4,Order4,354,6.464e-05,0.005854224436916411,1266.0,1264.0,13.437224864959717,1.01668119430542,14.453906059265137,1237.0,1285.768361581921
industrial_changeover,1774,355,4,Order4,355,6.454e-05,-0.05263307597488165,1225.0,1264.0,13.135910272598267,1.0105509757995605,14.146461248397827,1237.0,1285.7070422535212
industrial_changeover,1779,356,4,Order4,356,6.444e-05,-0.008071742951869965,1266.0,1264.0,13.323010921478271,1.0174431800842285,14.3404541015625,1237.0,1285.6460674157304
industrial_changeover,1784,357,4,Order4,357,6.434e-05,-0.04228621907532215,1225.0,1264.0,13.21592402458191,1.0098803043365479,14.225804328918457,1237.0,1285.5854341736695
industrial_changeover,1789,358,4,Order4,358,6.424000000000001e-05,-0.013079939410090446,1229.0,1264.0,13.117215156555176,1.0157465934753418,14.132961750030518,1237.0,1285.5251396648046
industrial_changeover,1794,359,4,Order4,359,6.414e-05,0.0345349432900548,1266.0,1285.0,13.235816478729248,1.0097110271453857,14.245527505874634,1237.0,1285.5236768802229
industrial_changeover,1799,360,4,Order4,360,6.404000000000002e-05,0.0015956811839714646,1266.0,1285.0,13.344943284988403,1.0417582988739014,14.386701583862305,1237.0,1285.5222222222221
industrial_changeover,1804,361,4,Order4,361,6.394e-05,-0.0241350163705647,1253.0,1285.0,13.197036027908325,1.0090656280517578,14.206101655960083,1237.0,1285.5207756232687
industrial_changeover,1809,362,4,Order4,362,6.384000000000001e-05,-0.0025526629760861397,1249.0,1285.0,13.283332347869873,1.01419997215271,14.297532320022583,1237.0,1285.5193370165746
industrial_changeover,1814,363,4,Order4,363,6.374e-05,-0.030033383518457413,1225.0,1285.0,13.389088869094849,1.0173449516296387,14.406433820724487,1237.0,1285.5179063360881
industrial_changeover,1819,364,4,Order4,364,6.364000000000001e-05,0.03389922436326742,1265.0,1285.0,5.676086902618408,0.441084623336792,6.1171715259552,1237.0,1285.5164835164835
industrial_changeover,1824,365,4,Order4,365,6.354e-05,0.04213791340589523,1268.0,1285.0,5.224459171295166,0.40666937828063965,5.631128549575806,1237.0,1285.5150684931507
industrial_changeover,1829,366,4,Order4,366,6.344000000000002e-05,0.08416199125349522,1264.0,1285.0,5.2835307121276855,0.40120959281921387,5.684740304946899,1237.0,1285.5136612021859
industrial_changeover,1834,367,4,Order4,367,6.334e-05,-0.043785217218101025,1229.0,1264.0,5.109300851821899,0.45027947425842285,5.559580326080322,1237.0,1285.4550408719347
industrial_changeover,1839,368,4,Order4,368,6.324000000000001e-05,0.006003481335937977,1225.0,1285.0,5.706404209136963,0.4830923080444336,6.1894965171813965,1237.0,1285.453804347826
industrial_changeover,1844,369,4,Order4,369,6.314e-05,-0.0514408815652132,1267.0,1264.0,5.286529064178467,0.42295384407043457,5.709482908248901,1237.0,1285.3956639566395
industrial_changeover,1849,370,4,Order4,370,6.304e-05,-0.060973700135946274,1225.0,1285.0,5.249165058135986,0.4265003204345703,5.675665378570557,1237.0,1285.3945945945945
industrial_changeover,1854,371,4,Order4,371,6.294e-05,0.07755006104707718,1249.0,1285.0,5.2727344036102295,0.4135572910308838,5.686291694641113,1237.0,1285.3935309973047
industrial_changeover,1859,372,4,Order4,372,6.284000000000001e-05,-0.017526371404528618,1266.0,1285.0,5.305247068405151,0.4191761016845703,5.724423170089722,1237.0,1285.3924731182797
industrial_changeover,1864,373,4,Order4,373,6.274e-05,0.009205642389133573,1217.0,1285.0,5.39016580581665,0.43859362602233887,5.828759431838989,1237.0,1285.3914209115283
industrial_changeover,1869,374,4,Order4,374,6.264000000000001e-05,-0.06406076066195965,1249.0,1285.0,5.332262277603149,0.4171788692474365,5.749441146850586,1237.0,1285.390374331551
industrial_changeover,1874,375,4,Order4,375,6.254e-05,0.033436681143939495,1266.0,1285.0,5.343417167663574,0.4312419891357422,5.774659156799316,1237.0,1285.3893333333333
industrial_changeover,1879,376,4,Order4,376,6.244e-05,0.01308722048997879,1259.0,1285.0,5.250151872634888,0.4287741184234619,5.67892599105835,1237.0,1285.3882978723404
industrial_changeover,1884,377,4,Order4,377,6.234e-05,-0.018388598691672087,1266.0,1264.0,5.26972770690918,0.40511488914489746,5.674842596054077,1237.0,1285.3315649867375
industrial_changeover,1889,378,4,Order4,378,6.224000000000001e-05,0.045269801281392574,1285.0,1285.0,5.065136194229126,0.4121997356414795,5.4773359298706055,1237.0,1285.3306878306878
industrial_changeover,1894,379,4,Order4,379,6.214e-05,-0.00467405142262578,1264.0,1285.0,5.626807928085327,0.42807745933532715,6.054885387420654,1237.0,1285.32981530343
industrial_changeover,1899,380,4,Order4,380,6.204000000000001e-05,-0.0365741653367877,1261.0,1264.0,5.261383771896362,0.42305517196655273,5.684438943862915,1237.0,1285.2736842105264
industrial_changeover,1904,381,4,Order4,381,6.193999999999999e-05,-0.005460627609863877,1266.0,1264.0,5.331870079040527,0.4232523441314697,5.755122423171997,1237.0,1285.2178477690288
industrial_changeover,1909,382,4,Order4,382,6.184e-05,0.007794489152729511,1231.0,1264.0,5.306208610534668,0.4354887008666992,5.741697311401367,1237.0,1285.1623036649214
industrial_changeover,1914,383,4,Order4,383,6.174e-05,-0.03331799153238535,1235.0,1264.0,5.37258505821228,0.443356990814209,5.815942049026489,1237.0,1285.107049608355
industrial_changeover,1919,384,4,Order4,384,6.164000000000001e-05,-0.03198309801518917,1262.0,1264.0,5.44854474067688,0.45110297203063965,5.8996477127075195,1237.0,1285.0520833333333
industrial_changeover,1924,385,4,Order4,385,6.154e-05,-0.021714041475206614,1229.0,1264.0,5.453596591949463,0.41608119010925293,5.869677782058716,1237.0,1284.9974025974027
industrial_changeover,1929,386,4,Order4,386,6.144000000000001e-05,-0.009228947572410107,1264.0,1264.0,5.5856921672821045,0.429872989654541,6.0155651569366455,1237.0,1284.9430051813472
industrial_changeover,1934,387,4,Order4,387,6.133999999999999e-05,0.01773293036967516,1264.0,1264.0,5.1543567180633545,0.40949320793151855,5.563849925994873,1237.0,1284.888888888889
industrial_changeover,1939,388,4,Order4,388,6.124e-05,-0.05124218016862869,1241.0,1264.0,5.252253770828247,0.42094922065734863,5.673202991485596,1237.0,1284.8350515463917
industrial_changeover,1944,389,4,Order4,389,6.114e-05,0.010562645271420479,1264.0,1264.0,5.116507053375244,0.39620089530944824,5.512707948684692,1237.0,1284.7814910025706
industrial_changeover,1949,390,4,Order4,390,6.104000000000001e-05,0.06426833383738995,1249.0,1285.0,5.455826282501221,0.4300251007080078,5.8858513832092285,1237.0,1284.7820512820513
industrial_changeover,1954,391,4,Order4,391,6.0939999999999996e-05,-0.07868056371808052,1223.0,1264.0,5.27342414855957,0.42404913902282715,5.6974732875823975,1237.0,1284.7289002557545
industrial_changeover,1959,392,4,Order4,392,6.084000000000001e-05,-0.005172475706785917,1231.0,1264.0,5.254765272140503,0.43538546562194824,5.690150737762451,1237.0,1284.6760204081634
industrial_changeover,1964,393,4,Order4,393,6.074e-05,-0.020659026689827442,1229.0,1264.0,5.220141172409058,0.42223334312438965,5.642374515533447,1237.0,1284.6234096692112
industrial_changeover,1969,394,4,Order4,394,6.064000000000001e-05,-0.01942252926528454,1225.0,1285.0,5.359602689743042,0.41788148880004883,5.777484178543091,1237.0,1284.6243654822335
industrial_changeover,1974,395,4,Order4,395,6.054e-05,-0.03138013370335102,1225.0,1285.0,5.37244987487793,0.4494435787200928,5.8218934535980225,1237.0,1284.6253164556963
industrial_changeover,1979,396,4,Order4,396,6.044000000000001e-05,-0.012071320787072182,1264.0,1264.0,5.510255813598633,0.43528151512145996,5.945537328720093,1237.0,1284.5732323232323
industrial_changeover,1984,397,4,Order4,397,6.0339999999999995e-05,-0.03774362523108721,1225.0,1264.0,5.435347080230713,0.41680359840393066,5.8521506786346436,1237.0,1284.521410579345
industrial_changeover,1989,398,4,Order4,398,6.0240000000000006e-05,0.029614186845719814,1249.0,1225.0,5.3833396434783936,0.4453613758087158,5.828701019287109,1225.0,1284.3718592964824
industrial_changeover,1994,399,4,Order4,399,6.014e-05,0.037105257622897625,1275.0,1231.0,5.295728921890259,0.4259607791900635,5.721689701080322,1225.0,1284.2380952380952
industrial_changeover,1999,400,4,Order4,400,6.004000000000001e-05,-0.014833985827863216,1231.0,1231.0,5.25214409828186,0.417905330657959,5.670049428939819,1225.0,1284.105
industrial_changeover,2004,401,4,Order4,401,5.994e-05,3.0385679565370083e-05,1260.0,1231.0,5.19451117515564,0.4156808853149414,5.610192060470581,1225.0,1283.9725685785536
industrial_changeover,2009,402,4,Order4,402,5.984000000000001e-05,-0.020851298701018095,1249.0,1231.0,5.391431570053101,0.43087148666381836,5.822303056716919,1225.0,1283.8407960199006
industrial_changeover,2014,403,4,Order4,403,5.9739999999999994e-05,-0.020395879168063402,1261.0,1231.0,5.33782172203064,0.4396646022796631,5.777486324310303,1225.0,1283.7096774193549
industrial_changeover,2019,404,4,Order4,404,5.9640000000000005e-05,0.013261399231851101,1269.0,1231.0,5.318388223648071,0.41499924659729004,5.733387470245361,1225.0,1283.579207920792
industrial_changeover,2024,405,4,Order4,405,5.9539999999999996e-05,-0.0035348114324733615,1266.0,1231.0,5.241764068603516,0.42781782150268555,5.669581890106201,1225.0,1283.4493827160493
industrial_changeover,2029,406,4,Order4,406,5.944000000000001e-05,0.043897408060729504,1225.0,1231.0,5.355586767196655,0.4421260356903076,5.797712802886963,1225.0,1283.320197044335
industrial_changeover,2034,407,4,Order4,407,5.934e-05,0.015640282770618796,1260.0,1231.0,5.399037837982178,0.4613931179046631,5.860430955886841,1225.0,1283.1916461916462
industrial_changeover,2039,408,4,Order4,408,5.924000000000001e-05,-0.010790820932015777,1264.0,1231.0,5.4176576137542725,0.4561164379119873,5.87377405166626,1225.0,1283.063725490196
industrial_changeover,2044,409,4,Order4,409,5.913999999999999e-05,0.030975474044680595,1285.0,1231.0,5.467685222625732,0.43012237548828125,5.897807598114014,1225.0,1282.9364303178484
industrial_changeover,2049,410,4,Order4,410,5.9040000000000004e-05,0.040912942960858345,1285.0,1231.0,5.5006396770477295,0.44011378288269043,5.94075345993042,1225.0,1282.809756097561
industrial_changeover,2054,411,4,Order4,411,5.8939999999999995e-05,0.012440863763913512,1249.0,1231.0,5.2587127685546875,0.4640815258026123,5.7227942943573,1225.0,1282.683698296837
industrial_changeover,2059,412,4,Order4,412,5.8840000000000006e-05,-0.021316626574844122,1225.0,1231.0,5.342915058135986,0.40782928466796875,5.750744342803955,1225.0,1282.5582524271845
industrial_changeover,2064,413,4,Order4,413,5.874e-05,-0.0004247842443874106,1261.0,1231.0,5.188871383666992,0.4155557155609131,5.604427099227905,1225.0,1282.4334140435835
industrial_changeover,2069,414,4,Order4,414,5.864000000000001e-05,-0.04981462936848402,1264.0,1231.0,5.566805124282837,0.40877580642700195,5.975580930709839,1225.0,1282.3091787439614
industrial_changeover,2074,415,4,Order4,415,5.853999999999999e-05,-0.03651811275631189,1225.0,1231.0,5.149654388427734,0.4111192226409912,5.560773611068726,1225.0,1282.1855421686746
industrial_changeover,2079,416,4,Order4,416,5.844e-05,0.027385367546230555,1266.0,1231.0,5.337853908538818,0.4193131923675537,5.757167100906372,1225.0,1282.0625
industrial_changeover,2084,417,4,Order4,417,5.8339999999999994e-05,-0.033051240257918835,1266.0,1231.0,5.384036540985107,0.4158749580383301,5.7999114990234375,1225.0,1281.9400479616306
industrial_changeover,2089,418,4,Order4,418,5.8240000000000005e-05,-0.024876433424651623,1264.0,1231.0,5.47713303565979,0.4426400661468506,5.919773101806641,1225.0,1281.8181818181818
industrial_changeover,2094,419,4,Order4,419,5.8139999999999996e-05,0.06291737779974937,1300.0,1231.0,5.447611570358276,0.4134855270385742,5.861097097396851,1225.0,1281.6968973747016
industrial_changeover,2099,420,4,Order4,420,5.804000000000001e-05,-0.00843141763471067,1250.0,1231.0,5.447612047195435,0.440457820892334,5.8880698680877686,1225.0,1281.5761904761905
industrial_changeover,2104,421,4,Order4,421,5.7940000000000004e-05,-0.02740004425868392,1239.0,1231.0,5.596729755401611,0.43697071075439453,6.033700466156006,1225.0,1281.456057007126
industrial_changeover,2109,422,4,Order4,422,5.784000000000001e-05,0.03440249152481556,1264.0,1231.0,5.260290861129761,0.40517568588256836,5.665466547012329,1225.0,1281.3364928909953
industrial_changeover,2114,423,4,Order4,423,5.7740000000000006e-05,-0.046682809479534626,1260.0,1231.0,5.158293962478638,0.41057467460632324,5.568868637084961,1225.0,1281.2174940898344
industrial_changeover,2119,424,4,Order4,424,5.7640000000000004e-05,0.0026743264170363545,1229.0,1231.0,5.02727198600769,0.3947179317474365,5.421989917755127,1225.0,1281.0990566037735
industrial_changeover,2124,425,4,Order4,425,5.754000000000001e-05,0.039302945137023926,1266.0,1231.0,5.632455587387085,0.43150901794433594,6.063964605331421,1225.0,1280.9811764705883
industrial_changeover,2129,426,4,Order4,426,5.7440000000000006e-05,-0.004251838778145611,1285.0,1231.0,5.289121627807617,0.45713329315185547,5.746254920959473,1225.0,1280.8638497652582
industrial_changeover,2134,427,4,Order4,427,5.734e-05,0.010264509124681354,1269.0,1231.0,5.260891914367676,0.4259159564971924,5.686807870864868,1225.0,1280.7470725995315
industrial_changeover,2139,428,4,Order4,428,5.724000000000001e-05,-0.006812617531977594,1264.0,1231.0,5.415997266769409,0.4219858646392822,5.837983131408691,1225.0,1280.6308411214952
industrial_changeover,2144,429,4,Order4,429,5.7140000000000005e-05,-0.01096953172236681,1264.0,1231.0,5.389550685882568,0.43270230293273926,5.822252988815308,1225.0,1280.5151515151515
industrial_changeover,2149,430,4,Order4,430,5.704e-05,-0.026885960716754198,1249.0,1231.0,5.527261972427368,0.43567776679992676,5.962939739227295,1225.0,1280.4
industrial_changeover,2154,431,4,Order4,431,5.694000000000001e-05,0.026165282353758812,1249.0,1231.0,5.428460359573364,0.41731715202331543,5.84577751159668,1225.0,1280.2853828306265
industrial_changeover,2159,432,4,Order4,432,5.6840000000000005e-05,-0.017659155186265707,1266.0,1231.0,5.441982984542847,0.4392058849334717,5.881188869476318,1225.0,1280.1712962962963
industrial_changeover,2164,433,4,Order4,433,5.674e-05,-0.0036356153432279825,1264.0,1231.0,5.672002077102661,0.47305822372436523,6.145060300827026,1225.0,1280.0577367205542
industrial_changeover,2169,434,4,Order4,434,5.6640000000000007e-05,-0.036637576296925545,1231.0,1231.0,5.197062730789185,0.4151618480682373,5.612224578857422,1225.0,1279.9447004608294
industrial_changeover,2174,435,4,Order4,435,5.6540000000000004e-05,0.0180122097954154,1237.0,1231.0,5.182394027709961,0.4084022045135498,5.590796232223511,1225.0,1279.832183908046
industrial_changeover,2179,436,4,Order4,436,5.644e-05,-0.07553723640739918,1223.0,1231.0,5.130175352096558,0.40287303924560547,5.533048391342163,1225.0,1279.7201834862385
industrial_changeover,2184,437,4,Order4,437,5.6340000000000006e-05,-0.00399793719407171,1249.0,1231.0,5.572185039520264,0.421950101852417,5.994135141372681,1225.0,1279.608695652174
industrial_changeover,2189,438,4,Order4,438,5.6240000000000004e-05,-0.018813176080584526,1239.0,1231.0,5.253026485443115,0.4154188632965088,5.668445348739624,1225.0,1279.4977168949772
industrial_changeover,2194,439,4,Order4,439,5.614e-05,0.02205265313386917,1260.0,1231.0,5.256083011627197,0.4159212112426758,5.672004222869873,1225.0,1279.3872437357631
industrial_changeover,2199,440,4,Order4,440,5.6040000000000006e-05,-0.012267824029549956,1225.0,1231.0,5.372772455215454,0.4265785217285156,5.79935097694397,1225.0,1279.2772727272727
industrial_changeover,2204,441,4,Order4,441,5.594e-05,-0.055302065797150135,1231.0,1231.0,5.318468332290649,0.42680883407592773,5.745277166366577,1225.0,1279.1678004535147
industrial_changeover,2209,442,4,Order4,442,5.584e-05,-0.04142469074577093,1235.0,1231.0,5.404932260513306,0.4217820167541504,5.826714277267456,1225.0,1279.0588235294117
industrial_changeover,2214,443,4,Order4,443,5.5740000000000005e-05,0.05064032692462206,1261.0,1231.0,5.356849193572998,0.41367673873901367,5.770525932312012,1225.0,1278.9503386004515
industrial_changeover,2219,444,4,Order4,444,5.564e-05,-0.012529951287433505,1266.0,1231.0,5.362590551376343,0.4215412139892578,5.784131765365601,1225.0,1278.8423423423424
industrial_changeover,2224,445,4,Order4,445,5.554e-05,-0.006942131440155208,1266.0,1231.0,5.305114269256592,0.4454531669616699,5.750567436218262,1225.0,1278.734831460674
industrial_changeover,2229,446,4,Order4,446,5.5440000000000005e-05,-0.012887367978692055,1266.0,1231.0,5.270931005477905,0.4199340343475342,5.6908650398254395,1225.0,1278.627802690583
industrial_changeover,2234,447,4,Order4,447,5.534e-05,0.0468920087441802,1266.0,1231.0,5.156075477600098,0.4137299060821533,5.569805383682251,1225.0,1278.5212527964206
industrial_changeover,2239,448,4,Order4,448,5.524e-05,0.012541224714368582,1285.0,1231.0,5.186286687850952,0.4154014587402344,5.6016881465911865,1225.0,1278.4151785714287
industrial_changeover,2244,449,4,Order4,449,5.5140000000000004e-05,-0.049894328229129314,1225.0,1231.0,5.612786769866943,0.43790769577026367,6.050694465637207,1225.0,1278.3095768374164
industrial_changeover,2249,450,4,Order4,450,5.504e-05,0.04241411853581667,1292.0,1231.0,5.343761920928955,0.4133129119873047,5.75707483291626,1225.0,1278.2044444444443
industrial_changeover,2254,451,4,Order4,451,5.4940000000000006e-05,-0.030778476502746344,1266.0,1231.0,5.194592237472534,0.4230809211730957,5.61767315864563,1225.0,1278.09977827051
industrial_changeover,2259,452,4,Order4,452,5.4840000000000003e-05,0.0353774968534708,1275.0,1231.0,5.236219167709351,0.40721726417541504,5.643436431884766,1225.0,1277.995575221239
industrial_changeover,2264,453,4,Order4,453,5.474e-05,-0.023375540506094694,1231.0,1231.0,5.2757933139801025,0.42108917236328125,5.696882486343384,1225.0,1277.8918322295806
industrial_changeover,2269,454,4,Order4,454,5.4640000000000005e-05,-0.011097170179709792,1235.0,1231.0,5.327622652053833,0.42811012268066406,5.755732774734497,1225.0,1277.7885462555066
industrial_changeover,2274,455,4,Order4,455,5.454e-05,0.0258500874042511,1291.0,1231.0,5.47639799118042,0.4321753978729248,5.908573389053345,1225.0,1277.6857142857143
industrial_changeover,2279,456,4,Order4,456,5.444e-05,-0.02458695461973548,1253.0,1231.0,5.5099170207977295,0.4276769161224365,5.937593936920166,1225.0,1277.5833333333333
industrial_changeover,2284,457,4,Order4,457,5.4340000000000005e-05,0.02942642429843545,1264.0,1231.0,5.197979688644409,0.40752291679382324,5.605502605438232,1225.0,1277.4814004376367
industrial_changeover,2289,458,4,Order4,458,5.424e-05,-0.019270073622465134,1264.0,1231.0,5.344375848770142,0.4075431823730469,5.7519190311431885,1225.0,1277.3799126637555
industrial_changeover,2294,459,4,Order4,459,5.414e-05,-0.00555042817723006,1264.0,1231.0,5.252644062042236,0.4120914936065674,5.664735555648804,1225.0,1277.2788671023966
industrial_changeover,2299,460,4,Order4,460,5.4040000000000004e-05,-0.02092365501448512,1264.0,1231.0,5.225140810012817,0.4319422245025635,5.657083034515381,1225.0,1277.1782608695653
industrial_changeover,2304,461,4,Order4,461,5.394e-05,-0.030414962209761143,1235.0,1231.0,5.452315330505371,0.43763017654418945,5.8899455070495605,1225.0,1277.0780911062907
industrial_changeover,2309,462,4,Order4,462,5.384e-05,-0.00196719347150065,1229.0,1231.0,5.337262868881226,0.42823028564453125,5.765493154525757,1225.0,1276.978354978355
industrial_changeover,2314,463,4,Order4,463,5.3740000000000004e-05,-0.023467155173420906,1275.0,1231.0,5.263043165206909,0.4221224784851074,5.685165643692017,1225.0,1276.879049676026
industrial_changeover,2319,464,4,Order4,464,5.364e-05,0.004664391395635903,1229.0,1231.0,5.285719156265259,0.4362010955810547,5.7219202518463135,1225.0,1276.780172413793
industrial_changeover,2324,465,4,Order4,465,5.354e-05,0.017599476035684347,1264.0,1231.0,5.344261646270752,0.43039584159851074,5.774657487869263,1225.0,1276.6817204301076
industrial_changeover,2329,466,4,Order4,466,5.344e-05,0.009579556761309505,1269.0,1231.0,5.371066331863403,0.434528112411499,5.805594444274902,1225.0,1276.5836909871246
industrial_changeover,2334,467,4,Order4,467,5.334e-05,0.05722632631659508,1285.0,1231.0,5.593306303024292,0.4447743892669678,6.03808069229126,1225.0,1276.4860813704497
industrial_changeover,2339,468,4,Order4,468,5.324e-05,-0.023728907108306885,1264.0,1231.0,5.504125356674194,0.4547863006591797,5.958911657333374,1225.0,1276.388888888889
industrial_changeover,2344,469,4,Order4,469,5.314e-05,0.008827113779261708,1269.0,1231.0,5.233886480331421,0.4094069004058838,5.643293380737305,1225.0,1276.2921108742005
industrial_changeover,2349,470,4,Order4,470,5.304e-05,-0.008408212568610907,1264.0,1231.0,5.261205434799194,0.4327702522277832,5.6939756870269775,1225.0,1276.195744680851
industrial_changeover,2354,471,4,Order4,471,5.294e-05,0.003674718434922397,1249.0,1231.0,5.111609697341919,0.4071354866027832,5.518745183944702,1225.0,1276.099787685775
industrial_changeover,2359,472,4,Order4,472,5.284e-05,0.026626222301274538,1285.0,1231.0,5.213404178619385,0.45243406295776367,5.665838241577148,1225.0,1276.0042372881355
industrial_changeover,2364,473,4,Order4,473,5.274e-05,-0.043360100127756596,1225.0,1231.0,5.392042875289917,0.4568805694580078,5.848923444747925,1225.0,1275.909090909091
industrial_changeover,2369,474,4,Order4,474,5.264e-05,-0.011009971145540476,1266.0,1231.0,5.280213117599487,0.4110546112060547,5.691267728805542,1225.0,1275.8143459915611
industrial_changeover,2374,475,4,Order4,475,5.254e-05,-0.026741343550384045,1251.0,1231.0,5.345229148864746,0.4421961307525635,5.78742527961731,1225.0,1275.72
industrial_changeover,2379,476,4,Order4,476,5.244e-05,0.03521847538650036,1264.0,1231.0,5.354846477508545,0.4301326274871826,5.7849791049957275,1225.0,1275.626050420168
industrial_changeover,2384,477,4,Order4,477,5.234e-05,-0.01058574439957738,1249.0,1231.0,5.361988544464111,0.4330465793609619,5.795035123825073,1225.0,1275.53249475891
industrial_changeover,2389,478,4,Order4,478,5.224e-05,-0.015833749435842037,1249.0,1231.0,5.367811918258667,0.4398212432861328,5.8076331615448,1225.0,1275.439330543933
industrial_changeover,2394,479,4,Order4,479,5.214e-05,0.009203312220051885,1285.0,1231.0,5.605027437210083,0.44724154472351074,6.052268981933594,1225.0,1275.3465553235908
industrial_changeover,2399,480,4,Order4,480,5.204e-05,0.0036773361498489976,1233.0,1231.0,5.41821026802063,0.43677687644958496,5.854987144470215,1225.0,1275.2541666666666
industrial_changeover,2404,481,4,Order4,481,5.194e-05,-0.0013615084753837436,1264.0,1231.0,5.220217943191528,0.4004642963409424,5.620682239532471,1225.0,1275.162162162162
industrial_changeover,2409,482,4,Order4,482,5.184e-05,0.008471257286146283,1231.0,1231.0,5.331274032592773,0.40972399711608887,5.740998029708862,1225.0,1275.070539419087
industrial_changeover,2414,483,4,Order4,483,5.174000000000001e-05,-0.008962285704910755,1249.0,1231.0,5.078214406967163,0.40001606941223145,5.4782304763793945,1225.0,1274.9792960662526
industrial_changeover,2419,484,4,Order4,484,5.164e-05,-0.01909847278147936,1231.0,1231.0,5.316063404083252,0.4397854804992676,5.7558488845825195,1225.0,1274.888429752066
industrial_changeover,2424,485,4,Order4,485,5.154000000000001e-05,-0.006080816499888897,1266.0,1231.0,5.202890157699585,0.4274165630340576,5.630306720733643,1225.0,1274.79793814433
industrial_changeover,2429,486,4,Order4,486,5.144e-05,-0.03622713964432478,1225.0,1231.0,5.2759058475494385,0.42383241653442383,5.699738264083862,1225.0,1274.7078189300412
industrial_changeover,2434,487,4,Order4,487,5.134000000000001e-05,0.04354351293295622,1264.0,1231.0,5.274906158447266,0.42135190963745117,5.696258068084717,1225.0,1274.618069815195
industrial_changeover,2439,488,4,Order4,488,5.124e-05,0.014871151652187109,1264.0,1231.0,5.287652254104614,0.4211697578430176,5.708822011947632,1225.0,1274.52868852459
industrial_changeover,2444,489,4,Order4,489,5.114000000000001e-05,-0.03078420739620924,1249.0,1231.0,5.380529165267944,0.44980812072753906,5.830337285995483,1225.0,1274.4396728016359
industrial_changeover,2449,490,4,Order4,490,5.104e-05,-0.03048928687348962,1237.0,1231.0,5.440556526184082,0.44336533546447754,5.88392186164856,1225.0,1274.3510204081633
industrial_changeover,2454,491,4,Order4,491,5.094000000000001e-05,-0.001009405474178493,1264.0,1231.0,5.406417369842529,0.439572811126709,5.845990180969238,1225.0,1274.2627291242363
industrial_changeover,2459,492,4,Order4,492,5.084e-05,-0.041736479848623276,1231.0,1231.0,5.524310111999512,0.4034445285797119,5.927754640579224,1225.0,1274.1747967479675
industrial_changeover,2464,493,4,Order4,493,5.074000000000001e-05,0.0028444595518521965,1264.0,1231.0,5.1984827518463135,0.4059309959411621,5.604413747787476,1225.0,1274.0872210953346
industrial_changeover,2469,494,4,Order4,494,5.0639999999999996e-05,0.011569674359634519,1264.0,1231.0,5.238836765289307,0.40731334686279297,5.6461501121521,1225.0,1274.0
industrial_changeover,2474,495,4,Order4,495,5.054000000000001e-05,-0.02222680114209652,1229.0,1231.0,5.172858238220215,0.42885541915893555,5.60171365737915,1225.0,1273.9131313131313
industrial_changeover,2479,496,4,Order4,496,5.044e-05,0.02543800789862871,1266.0,1231.0,5.351685523986816,0.47379589080810547,5.825481414794922,1225.0,1273.8266129032259
industrial_changeover,2484,497,4,Order4,497,5.034000000000001e-05,-0.03067098930478096,1225.0,1231.0,5.27043890953064,0.43204760551452637,5.702486515045166,1225.0,1273.7404426559356
industrial_changeover,2489,498,4,Order4,498,5.024e-05,0.03053137892857194,1266.0,1231.0,5.263911962509155,0.43765926361083984,5.701571226119995,1225.0,1273.6546184738957
industrial_changeover,2494,499,4,Order4,499,5.014000000000001e-05,0.0007596508512506261,1249.0,1231.0,5.3563148975372314,0.41987180709838867,5.77618670463562,1225.0,1273.569138276553
industrial_changeover,2499,500,4,Order4,500,5.0039999999999995e-05,-0.012350196484476328,1239.0,1231.0,5.500216960906982,0.4327850341796875,5.93300199508667,1225.0,1273.484
industrial_changeover,2504,501,4,Order4,501,4.994e-05,-0.017748810350894928,1266.0,1231.0,5.454533100128174,0.44234633445739746,5.896879434585571,1225.0,1273.3992015968063
industrial_changeover,2509,502,4,Order4,502,4.984e-05,-0.02777152508497238,1231.0,1231.0,5.382641315460205,0.41506266593933105,5.797703981399536,1225.0,1273.3147410358565
industrial_changeover,2514,503,4,Order4,503,4.9739999999999995e-05,-0.008200181415304542,1225.0,1231.0,5.54344630241394,0.4387953281402588,5.982241630554199,1225.0,1273.230616302187
industrial_changeover,2519,504,4,Order4,504,4.964e-05,-0.00684687087778002,1249.0,1231.0,5.317923307418823,0.41744232177734375,5.735365629196167,1225.0,1273.1468253968253
industrial_changeover,2524,505,4,Order4,505,4.954e-05,0.029440375044941902,1265.0,1231.0,5.282511234283447,0.4039478302001953,5.686459064483643,1225.0,1273.0633663366336
industrial_changeover,2529,506,4,Order4,506,4.9439999999999994e-05,-0.05029636528342962,1225.0,1231.0,5.116994380950928,0.40476298332214355,5.521757364273071,1225.0,1272.9802371541502
industrial_changeover,2534,507,4,Order4,507,4.934e-05,0.022793417796492577,1264.0,1231.0,5.314669370651245,0.4310297966003418,5.745699167251587,1225.0,1272.8974358974358
industrial_changeover,2539,508,4,Order4,508,4.9239999999999996e-05,0.008249203441664577,1264.0,1231.0,5.3966381549835205,0.4383070468902588,5.834945201873779,1225.0,1272.8149606299212
industrial_changeover,2544,509,4,Order4,509,4.914e-05,-0.031466792337596416,1253.0,1231.0,5.271343231201172,0.42892980575561523,5.700273036956787,1225.0,1272.7328094302554
industrial_changeover,2549,510,4,Order4,510,4.904e-05,-0.013200735906139016,1235.0,1231.0,5.420912742614746,0.42568111419677734,5.846593856811523,1225.0,1272.650980392157
industrial_changeover,2554,511,4,Order4,511,4.8939999999999996e-05,0.004537590662948787,1264.0,1231.0,5.442015886306763,0.43619251251220703,5.87820839881897,1225.0,1272.569471624266
industrial_changeover,2559,512,4,Order4,512,4.884e-05,-0.007472434313967824,1225.0,1231.0,5.478024959564209,0.45459628105163574,5.932621240615845,1225.0,1272.48828125
industrial_changeover,2564,513,4,Order4,513,4.874000000000001e-05,-0.030448392033576965,1235.0,1231.0,5.446493148803711,0.43242979049682617,5.878922939300537,1225.0,1272.4074074074074
industrial_changeover,2569,514,4,Order4,514,4.864000000000001e-05,0.020132675301283598,1231.0,1231.0,5.413157939910889,0.41209840774536133,5.82525634765625,1225.0,1272.3268482490273
industrial_changeover,2574,515,4,Order4,515,4.8540000000000006e-05,-0.029807031620293856,1264.0,1231.0,5.491115570068359,0.426316499710083,5.917432069778442,1225.0,1272.2466019417475
industrial_changeover,2579,516,4,Order4,516,4.844000000000001e-05,0.019115152303129435,1259.0,1231.0,5.313348770141602,0.4383218288421631,5.751670598983765,1225.0,1272.1666666666667
industrial_changeover,2584,517,4,Order4,517,4.834000000000001e-05,0.02240911452099681,1264.0,1231.0,5.40546989440918,0.4145948886871338,5.8200647830963135,1225.0,1272.0870406189556
industrial_changeover,2589,518,4,Order4,518,4.8240000000000006e-05,-0.02068320754915476,1231.0,1231.0,5.114499092102051,0.40149712562561035,5.515996217727661,1225.0,1272.007722007722
industrial_changeover,2594,519,4,Order4,519,4.814000000000001e-05,0.03038207208737731,1266.0,1231.0,5.267543077468872,0.43198728561401367,5.699530363082886,1225.0,1271.9287090558767
industrial_changeover,2599,520,4,Order4,520,4.804000000000001e-05,-0.03971858788281679,1225.0,1231.0,5.359112739562988,0.4397869110107422,5.7988996505737305,1225.0,1271.85
industrial_changeover,2604,521,4,Order4,521,4.7940000000000005e-05,9.716201020637527e-05,1235.0,1231.0,5.182777643203735,0.4089388847351074,5.591716527938843,1225.0,1271.7715930902111
industrial_changeover,2609,522,4,Order4,522,4.784000000000001e-05,0.03272983990609646,1266.0,1231.0,5.310608863830566,0.41420650482177734,5.724815368652344,1225.0,1271.6934865900382
industrial_changeover,2614,523,4,Order4,523,4.774000000000001e-05,-0.023118143901228905,1231.0,1231.0,5.350508213043213,0.4277536869049072,5.77826189994812,1225.0,1271.6156787762907
industrial_changeover,2619,524,4,Order4,524,4.7640000000000005e-05,0.015133710345253348,1285.0,1231.0,5.296951770782471,0.4199039936065674,5.716855764389038,1225.0,1271.5381679389313
industrial_changeover,2624,525,4,Order4,525,4.754000000000001e-05,0.04637569468468428,1249.0,1231.0,5.33945107460022,0.42964768409729004,5.76909875869751,1225.0,1271.4609523809524
industrial_changeover,2629,526,4,Order4,526,4.7440000000000007e-05,0.0036694990121759474,1260.0,1231.0,5.262267112731934,0.41066765785217285,5.6729347705841064,1225.0,1271.3840304182509
industrial_changeover,2634,527,4,Order4,527,4.7340000000000004e-05,-0.01764592621475458,1225.0,1231.0,5.566607236862183,0.42467522621154785,5.9912824630737305,1225.0,1271.3074003795066
industrial_changeover,2639,528,4,Order4,528,4.724000000000001e-05,-0.0411375192925334,1225.0,1231.0,5.156833171844482,0.42070984840393066,5.577543020248413,1225.0,1271.2310606060605
industrial_changeover,2644,529,4,Order4,529,4.7140000000000006e-05,-0.02298617083579302,1231.0,1231.0,5.203613519668579,0.4148366451263428,5.618450164794922,1225.0,1271.1550094517959
industrial_changeover,2649,530,4,Order4,530,4.7040000000000004e-05,0.03807481657713652,1287.0,1231.0,5.170121192932129,0.39724183082580566,5.567363023757935,1225.0,1271.079245283019
industrial_changeover,2654,531,4,Order4,531,4.694000000000001e-05,0.014078582869842649,1266.0,1231.0,5.313308000564575,0.4414196014404297,5.754727602005005,1225.0,1271.0037664783426
industrial_changeover,2659,532,4,Order4,532,4.6840000000000006e-05,-0.008627290138974786,1260.0,1231.0,5.417579412460327,0.4364955425262451,5.854074954986572,1225.0,1270.9285714285713
industrial_changeover,2664,533,4,Order4,533,4.674e-05,0.008588746888563037,1249.0,1231.0,5.3672685623168945,0.42673301696777344,5.794001579284668,1225.0,1270.8536585365853
industrial_changeover,2669,534,4,Order4,534,4.664000000000001e-05,-0.020808258093893528,1235.0,1231.0,5.263981342315674,0.4798574447631836,5.743838787078857,1225.0,1270.7790262172284
industrial_changeover,2674,535,4,Order4,535,4.6540000000000005e-05,0.04186468757688999,1264.0,1231.0,5.370248794555664,0.42092466354370117,5.791173458099365,1225.0,1270.7046728971964
industrial_changeover,2679,536,4,Order4,536,4.644e-05,-0.0750948004424572,1237.0,1231.0,5.376081228256226,0.43717455863952637,5.813255786895752,1225.0,1270.6305970149253
industrial_changeover,2684,537,4,Order4,537,4.634000000000001e-05,-0.0053576716454699636,1225.0,1231.0,5.303703546524048,0.41852855682373047,5.722232103347778,1225.0,1270.5567970204843
industrial_changeover,2689,538,4,Order4,538,4.6240000000000005e-05,-0.03073774604126811,1225.0,1231.0,5.517972469329834,0.4350893497467041,5.953061819076538,1225.0,1270.4832713754647
industrial_changeover,2694,539,4,Order4,539,4.614e-05,-0.026372398249804974,1237.0,1231.0,5.148566484451294,0.42225003242492676,5.570816516876221,1225.0,1270.4100185528757
industrial_changeover,2699,540,4,Order4,540,4.6040000000000006e-05,-0.009378246730193496,1229.0,1231.0,5.232764720916748,0.4056859016418457,5.638450622558594,1225.0,1270.3370370370371
industrial_changeover,2704,541,4,Order4,541,4.5940000000000004e-05,-0.01864169631153345,1237.0,1231.0,5.0367937088012695,0.41777658462524414,5.454570293426514,1225.0,1270.264325323475
industrial_changeover,2709,542,4,Order4,542,4.584000000000001e-05,-0.012048509903252125,1225.0,1231.0,5.390141010284424,0.43102097511291504,5.821161985397339,1225.0,1270.1918819188193
industrial_changeover,2714,543,4,Order4,543,4.5740000000000006e-05,-0.003295246046036482,1237.0,1231.0,5.367401599884033,0.44304943084716797,5.810451030731201,1225.0,1270.1197053406997
industrial_changeover,2719,544,4,Order4,544,4.5640000000000003e-05,0.002391121059190482,1266.0,1231.0,5.191701412200928,0.41931629180908203,5.61101770401001,1225.0,1270.047794117647
industrial_changeover,2724,545,4,Order4,545,4.554000000000001e-05,0.009168955031782389,1231.0,1231.0,5.233515024185181,0.4212765693664551,5.654791593551636,1225.0,1269.9761467889907
industrial_changeover,2729,546,4,Order4,546,4.5440000000000005e-05,-0.018435767386108637,1264.0,1231.0,5.255451917648315,0.4134547710418701,5.6689066886901855,1225.0,1269.904761904762
industrial_changeover,2734,547,4,Order4,547,4.534e-05,0.017930325120687485,1260.0,1231.0,5.255174160003662,0.4428277015686035,5.698001861572266,1225.0,1269.8336380255942
industrial_changeover,2739,548,4,Order4,548,4.524000000000001e-05,-0.020212958566844463,1225.0,1231.0,5.348739147186279,0.41988253593444824,5.7686216831207275,1225.0,1269.7627737226278
industrial_changeover,2744,549,4,Order4,549,4.5140000000000005e-05,0.023446185048669577,1249.0,1231.0,5.292795896530151,0.4119234085083008,5.704719305038452,1225.0,1269.6921675774136
industrial_changeover,2749,550,4,Order4,550,4.504e-05,-0.02217469271272421,1225.0,1231.0,5.4972310066223145,0.4380357265472412,5.935266733169556,1225.0,1269.621818181818
industrial_changeover,2754,551,4,Order4,551,4.494000000000001e-05,0.009954174980521202,1249.0,1231.0,5.15003228187561,0.4281187057495117,5.578150987625122,1225.0,1269.551724137931
industrial_changeover,2759,552,4,Order4,552,4.4840000000000004e-05,0.015703662764281034,1253.0,1231.0,5.189990997314453,0.4246804714202881,5.614671468734741,1225.0,1269.481884057971
industrial_changeover,2764,553,4,Order4,553,4.474e-05,0.007943162927404046,1264.0,1231.0,5.27688455581665,0.4103257656097412,5.687210321426392,1225.0,1269.4122965641952
industrial_changeover,2769,554,4,Order4,554,4.4640000000000006e-05,-0.09328621812164783,1217.0,1231.0,5.568913459777832,0.43538904190063477,6.004302501678467,1225.0,1269.3429602888086
industrial_changeover,2774,555,4,Order4,555,4.4540000000000004e-05,0.04202198050916195,1283.0,1231.0,5.312862157821655,0.4418294429779053,5.7546916007995605,1225.0,1269.273873873874
industrial_changeover,2779,556,4,Order4,556,4.444e-05,-0.003408159129321575,1231.0,1231.0,5.294182300567627,0.4077579975128174,5.701940298080444,1225.0,1269.205035971223
industrial_changeover,2784,557,4,Order4,557,4.4340000000000006e-05,-0.02761629782617092,1229.0,1231.0,5.21325945854187,0.413161039352417,5.626420497894287,1225.0,1269.1364452423697
industrial_changeover,2789,558,4,Order4,558,4.424e-05,0.029278059024363756,1249.0,1231.0,5.298035621643066,0.42269086837768555,5.720726490020752,1225.0,1269.068100358423
industrial_changeover,2794,559,4,Order4,559,4.414e-05,0.01948960544541478,1266.0,1231.0,5.331423282623291,0.42009878158569336,5.751522064208984,1225.0,1269.0
industrial_changeover,2799,560,4,Order4,560,4.4040000000000005e-05,-0.019891515374183655,1253.0,1231.0,5.3263890743255615,0.41390514373779297,5.7402942180633545,1225.0,1268.932142857143
industrial_changeover,2804,561,4,Order4,561,4.394e-05,-0.020689196418970823,1231.0,1231.0,5.340695858001709,0.4283621311187744,5.769057989120483,1225.0,1268.8645276292334
industrial_changeover,2809,562,4,Order4,562,4.384e-05,0.03413679823279381,1269.0,1231.0,5.287911891937256,0.41934657096862793,5.707258462905884,1225.0,1268.797153024911
industrial_changeover,2814,563,4,Order4,563,4.3740000000000005e-05,-0.014678959734737873,1264.0,1231.0,5.240115165710449,0.4293243885040283,5.6694395542144775,1225.0,1268.7300177619893
industrial_changeover,2819,564,4,Order4,564,4.364e-05,0.04059128649532795,1264.0,1231.0,5.2726662158966064,0.4306178092956543,5.703284025192261,1225.0,1268.663120567376
industrial_changeover,2824,565,4,Order4,565,4.354e-05,-0.03407631255686283,1235.0,1231.0,5.255970001220703,0.40653228759765625,5.662502288818359,1225.0,1268.596460176991
industrial_changeover,2829,566,4,Order4,566,4.3440000000000004e-05,-0.052019921131432056,1231.0,1231.0,5.343062400817871,0.4584004878997803,5.801462888717651,1225.0,1268.530035335689
industrial_changeover,2834,567,4,Order4,567,4.334e-05,0.0453178696334362,1264.0,1231.0,5.336354970932007,0.4563736915588379,5.792728662490845,1225.0,1268.4638447971781
industrial_changeover,2839,568,4,Order4,568,4.324e-05,-0.03876093961298466,1229.0,1231.0,5.247568368911743,0.40839338302612305,5.655961751937866,1225.0,1268.3978873239437
industrial_changeover,2844,569,4,Order4,569,4.3140000000000004e-05,-0.045782928355038166,1235.0,1231.0,5.166109800338745,0.412503719329834,5.578613519668579,1225.0,1268.3321616871706
industrial_changeover,2849,570,4,Order4,570,4.304e-05,0.012423518812283874,1235.0,1231.0,5.328488349914551,0.43081068992614746,5.759299039840698,1225.0,1268.2666666666667
industrial_changeover,2854,571,4,Order4,571,4.2940000000000006e-05,0.017013919074088335,1260.0,1231.0,5.446576356887817,0.41499948501586914,5.8615758419036865,1225.0,1268.201401050788
industrial_changeover,2859,572,4,Order4,572,4.284e-05,-0.05023210123181343,1231.0,1231.0,5.269817590713501,0.42211008071899414,5.691927671432495,1225.0,1268.1363636363637
industrial_changeover,2864,573,4,Order4,573,4.274e-05,-0.024187497794628143,1231.0,1231.0,5.325140953063965,0.4303610324859619,5.755501985549927,1225.0,1268.0715532286213
industrial_changeover,2869,574,4,Order4,574,4.2640000000000005e-05,0.024188064504414797,1260.0,1231.0,5.508087158203125,0.4363267421722412,5.944413900375366,1225.0,1268.006968641115
industrial_changeover,2874,575,4,Order4,575,4.254e-05,0.02738613821566105,1266.0,1231.0,5.187587022781372,0.4589989185333252,5.646585941314697,1225.0,1267.942608695652
industrial_changeover,2879,576,4,Order4,576,4.244e-05,0.019738949369639158,1225.0,1231.0,5.21330451965332,0.4175553321838379,5.630859851837158,1225.0,1267.8784722222222
industrial_changeover,2884,577,4,Order4,577,4.2340000000000005e-05,-0.005972177488729358,1235.0,1231.0,5.223912954330444,0.43087291717529297,5.654785871505737,1225.0,1267.8145580589255
industrial_changeover,2889,578,4,Order4,578,4.224e-05,0.010956643614917994,1264.0,1231.0,5.502152919769287,0.41089653968811035,5.9130494594573975,1225.0,1267.750865051903
industrial_changeover,2894,579,4,Order4,579,4.214e-05,0.010401788866147399,1275.0,1231.0,5.440731763839722,0.43035054206848145,5.871082305908203,1225.0,1267.6873920552678
industrial_changeover,2899,580,4,Order4,580,4.2040000000000004e-05,0.014427968300879002,1260.0,1231.0,5.276681184768677,0.4239652156829834,5.70064640045166,1225.0,1267.6241379310345
industrial_changeover,2904,581,4,Order4,581,4.194e-05,0.02396622858941555,1264.0,1231.0,5.195154666900635,0.42354488372802734,5.618699550628662,1225.0,1267.5611015490533
industrial_changeover,2909,582,4,Order4,582,4.184e-05,0.03222241252660751,1287.0,1231.0,5.24250602722168,0.42663097381591797,5.669137001037598,1225.0,1267.4982817869416
industrial_changeover,2914,583,4,Order4,583,4.1740000000000004e-05,-0.007899529999122024,1249.0,1231.0,5.320399045944214,0.41631627082824707,5.736715316772461,1225.0,1267.435677530017
industrial_changeover,2919,584,4,Order4,584,4.164e-05,-0.009040492586791515,1266.0,1231.0,5.335561275482178,0.42279052734375,5.758351802825928,1225.0,1267.373287671233
industrial_changeover,2924,585,4,Order4,585,4.154e-05,-0.04722491558641195,1266.0,1231.0,5.3393800258636475,0.40776586532592773,5.747145891189575,1225.0,1267.3111111111111
industrial_changeover,2929,586,4,Order4,586,4.144e-05,0.04087126348167658,1264.0,1231.0,5.184274911880493,0.4217252731323242,5.606000185012817,1225.0,1267.2491467576792
industrial_changeover,2934,587,4,Order4,587,4.134e-05,-0.04699395317584276,1231.0,1231.0,5.139273166656494,0.4370851516723633,5.576358318328857,1225.0,1267.1873935264055
industrial_changeover,2939,588,4,Order4,588,4.124e-05,0.00790791679173708,1231.0,1231.0,5.18697452545166,0.425769567489624,5.612744092941284,1225.0,1267.1258503401361
industrial_changeover,2944,589,4,Order4,589,4.114e-05,0.0018117386207450181,1264.0,1231.0,5.13891863822937,0.42415857315063477,5.563077211380005,1225.0,1267.0645161290322
industrial_changeover,2949,590,4,Order4,590,4.104e-05,0.001099715125747025,1231.0,1231.0,5.211549520492554,0.44692230224609375,5.6584718227386475,1225.0,1267.0033898305085
industrial_changeover,2954,591,4,Order4,591,4.094e-05,0.016994033474475145,1264.0,1231.0,5.223698377609253,0.40990185737609863,5.633600234985352,1225.0,1266.942470389171
industrial_changeover,2959,592,4,Order4,592,4.084e-05,0.027273064013570547,1264.0,1231.0,5.312460422515869,0.4273858070373535,5.739846229553223,1225.0,1266.8817567567567
industrial_changeover,2964,593,4,Order4,593,4.074e-05,0.0053994678892195225,1285.0,1231.0,5.327878475189209,0.42614006996154785,5.754018545150757,1225.0,1266.821247892074
industrial_changeover,2969,594,4,Order4,594,4.064e-05,0.007218871382065117,1266.0,1231.0,5.497956037521362,0.4373588562011719,5.935314893722534,1225.0,1266.7609427609427
industrial_changeover,2974,595,4,Order4,595,4.054e-05,-0.04316658992320299,1225.0,1231.0,5.465361833572388,0.41263461112976074,5.877996444702148,1225.0,1266.7008403361344
industrial_changeover,2979,596,4,Order4,596,4.044e-05,-0.023225330747663975,1225.0,1231.0,5.373844385147095,0.42657041549682617,5.800414800643921,1225.0,1266.6409395973155
industrial_changeover,2984,597,4,Order4,597,4.034e-05,-0.025349645409733057,1229.0,1231.0,5.403055667877197,0.4632751941680908,5.866330862045288,1225.0,1266.5812395309883
industrial_changeover,2989,598,4,Order4,598,4.024e-05,-0.011387667385861278,1225.0,1231.0,5.208446502685547,0.44049811363220215,5.648944616317749,1225.0,1266.5217391304348
industrial_changeover,2994,599,4,Order4,599,4.014e-05,0.015341050457209349,1266.0,1231.0,5.3146302700042725,0.40770649909973145,5.722336769104004,1225.0,1266.4624373956594
industrial_changeover,2999,600,4,Order4,600,4.004e-05,0.010694777825847268,1285.0,1231.0,5.15170693397522,0.40845251083374023,5.56015944480896,1225.0,1266.4033333333334
industrial_changeover,3004,601,4,Order4,601,3.994e-05,-0.04233879689127207,1235.0,1231.0,5.350610256195068,0.42705535888671875,5.777665615081787,1225.0,1266.3444259567389
industrial_changeover,3009,602,4,Order4,602,3.984e-05,-0.013833146309480071,1229.0,1231.0,5.274873733520508,0.436443567276001,5.711317300796509,1225.0,1266.2857142857142
industrial_changeover,3014,603,4,Order4,603,3.974e-05,-0.03988293558359146,1225.0,1231.0,5.306946039199829,0.41831469535827637,5.7252607345581055,1225.0,1266.2271973466004
industrial_changeover,3019,604,4,Order4,604,3.964e-05,0.008827634854242206,1266.0,1231.0,5.299378156661987,0.40913867950439453,5.708516836166382,1225.0,1266.1688741721855
industrial_changeover,3024,605,4,Order4,605,3.954e-05,0.011872008442878723,1264.0,1231.0,5.25766658782959,0.41262340545654297,5.670289993286133,1225.0,1266.110743801653
industrial_changeover,3029,606,4,Order4,606,3.944e-05,-0.016469881869852543,1231.0,1231.0,5.3470845222473145,0.4525277614593506,5.799612283706665,1225.0,1266.052805280528
industrial_changeover,3034,607,4,Order4,607,3.934e-05,-0.0009057761053554714,1260.0,1231.0,5.459899187088013,0.4438893795013428,5.9037885665893555,1225.0,1265.9950576606261
industrial_changeover,3039,608,4,Order4,608,3.924e-05,-0.02702675759792328,1231.0,1231.0,5.292073488235474,0.4242367744445801,5.716310262680054,1225.0,1265.9375
industrial_changeover,3044,609,4,Order4,609,3.914e-05,-0.007957425899803638,1265.0,1231.0,5.6127448081970215,0.43953394889831543,6.052278757095337,1225.0,1265.88013136289
industrial_changeover,3049,610,4,Order4,610,3.904e-05,0.035366241820156574,1260.0,1231.0,5.266820430755615,0.4190506935119629,5.685871124267578,1225.0,1265.822950819672
industrial_changeover,3054,611,4,Order4,611,3.8939999999999996e-05,-0.055291617289185524,1231.0,1231.0,5.221334218978882,0.4015181064605713,5.622852325439453,1225.0,1265.7659574468084
industrial_changeover,3059,612,4,Order4,612,3.884e-05,-0.04878465365618467,1225.0,1231.0,5.087609052658081,0.4003868103027344,5.487995862960815,1225.0,1265.7091503267975
industrial_changeover,3064,613,4,Order4,613,3.874e-05,0.024215093813836575,1266.0,1231.0,5.230162143707275,0.4104270935058594,5.640589237213135,1225.0,1265.6525285481239
industrial_changeover,3069,614,4,Order4,614,3.8639999999999996e-05,0.012508433079347014,1264.0,1231.0,5.354602575302124,0.4612452983856201,5.815847873687744,1225.0,1265.5960912052117
industrial_changeover,3074,615,4,Order4,615,3.854e-05,0.05457870475947857,1264.0,1231.0,5.314224004745483,0.4207630157470703,5.734987020492554,1225.0,1265.539837398374
industrial_changeover,3079,616,4,Order4,616,3.844e-05,0.010478862561285496,1229.0,1231.0,5.332252025604248,0.4199788570404053,5.752230882644653,1225.0,1265.4837662337663
industrial_changeover,3084,617,4,Order4,617,3.8339999999999995e-05,0.02648747293278575,1287.0,1231.0,5.501168727874756,0.44414210319519043,5.945310831069946,1225.0,1265.4278768233387
industrial_changeover,3089,618,4,Order4,618,3.824e-05,-0.09038676880300045,1229.0,1231.0,5.7030675411224365,0.4668264389038086,6.169893980026245,1225.0,1265.3721682847897
industrial_changeover,3094,619,4,Order4,619,3.814e-05,0.045517390593886375,1243.0,1231.0,5.530422687530518,0.46193718910217285,5.99235987663269,1225.0,1265.3166397415187
industrial_changeover,3099,620,4,Order4,620,3.8039999999999995e-05,-0.03928861394524574,1225.0,1231.0,5.5847673416137695,0.43025827407836914,6.015025615692139,1225.0,1265.2612903225806
industrial_changeover,3104,621,4,Order4,621,3.794e-05,-0.001058095134794712,1225.0,1231.0,5.251638412475586,0.4416995048522949,5.693337917327881,1225.0,1265.2061191626408
industrial_changeover,3109,622,4,Order4,622,3.784e-05,0.005825697327964008,1264.0,1231.0,5.201189279556274,0.4339334964752197,5.635122776031494,1225.0,1265.1511254019292
industrial_changeover,3114,623,4,Order4,623,3.7739999999999994e-05,-0.004760342766530812,1231.0,1231.0,5.119924068450928,0.4242715835571289,5.544195652008057,1225.0,1265.0963081861958
industrial_changeover,3119,624,4,Order4,624,3.764e-05,0.0525492699816823,1266.0,1231.0,5.576631784439087,0.4114189147949219,5.988050699234009,1225.0,1265.0416666666667
industrial_changeover,3124,625,4,Order4,625,3.7539999999999996e-05,0.011636486509814858,1235.0,1231.0,5.23733925819397,0.45912814140319824,5.696467399597168,1225.0,1264.9872
industrial_changeover,3129,626,4,Order4,626,3.744e-05,-0.021806497126817703,1229.0,1231.0,5.268754005432129,0.40438008308410645,5.673134088516235,1225.0,1264.932907348243
industrial_changeover,3134,627,4,Order4,627,3.734e-05,0.020938492845743895,1264.0,1231.0,5.324204683303833,0.429229736328125,5.753434419631958,1225.0,1264.878787878788
industrial_changeover,3139,628,4,Order4,628,3.7239999999999996e-05,0.025128661189228296,1266.0,1231.0,5.507051467895508,0.4186999797821045,5.925751447677612,1225.0,1264.8248407643312
industrial_changeover,3144,629,4,Order4,629,3.714e-05,0.0035440014908090234,1264.0,1231.0,5.436914920806885,0.4315657615661621,5.868480682373047,1225.0,1264.77106518283
industrial_changeover,3149,630,4,Order4,630,3.704e-05,-0.0026103362906724215,1249.0,1231.0,5.652708530426025,0.453965425491333,6.106673955917358,1225.0,1264.7174603174603
industrial_changeover,3154,631,4,Order4,631,3.6939999999999995e-05,0.03357521537691355,1285.0,1231.0,5.410684585571289,0.41565895080566406,5.826343536376953,1225.0,1264.6640253565768
industrial_changeover,3159,632,4,Order4,632,3.684e-05,-0.026143678929656744,1249.0,1231.0,5.3855719566345215,0.4258298873901367,5.811401844024658,1225.0,1264.610759493671
industrial_changeover,3164,633,4,Order4,633,3.674e-05,0.023133288137614727,1264.0,1231.0,5.252238988876343,0.4326941967010498,5.684933185577393,1225.0,1264.5576619273302
industrial_changeover,3169,634,4,Order4,634,3.6639999999999995e-05,-0.030649333260953426,1231.0,1231.0,5.261409044265747,0.40152859687805176,5.662937641143799,1225.0,1264.5047318611987
industrial_changeover,3174,635,4,Order4,635,3.654e-05,0.036534265615046024,1264.0,1231.0,5.091673374176025,0.39940905570983887,5.491082429885864,1225.0,1264.451968503937
industrial_changeover,3179,636,4,Order4,636,3.644e-05,-0.024378813803195953,1233.0,1231.0,5.508363246917725,0.45161890983581543,5.95998215675354,1225.0,1264.3993710691823
industrial_changeover,3184,637,4,Order4,637,3.6339999999999994e-05,0.02333730785176158,1260.0,1231.0,5.322547674179077,0.4484884738922119,5.771036148071289,1225.0,1264.3469387755101
industrial_changeover,3189,638,4,Order4,638,3.6240000000000005e-05,-0.007897469215095043,1253.0,1231.0,5.3342578411102295,0.4201653003692627,5.754423141479492,1225.0,1264.294670846395
industrial_changeover,3194,639,4,Order4,639,3.614000000000001e-05,0.024968599900603294,1249.0,1231.0,5.41508674621582,0.43238186836242676,5.847468614578247,1225.0,1264.242566510172
industrial_changeover,3199,640,4,Order4,640,3.604000000000001e-05,-0.050720580853521824,1231.0,1231.0,5.379106521606445,0.42878150939941406,5.807888031005859,1225.0,1264.190625
industrial_changeover,3204,641,4,Order4,641,3.5940000000000005e-05,0.05284193251281977,1266.0,1231.0,5.464876890182495,0.44512343406677246,5.910000324249268,1225.0,1264.1388455538222
industrial_changeover,3209,642,4,Order4,642,3.584000000000001e-05,0.011112119071185589,1264.0,1231.0,5.4239661693573,0.431809663772583,5.855775833129883,1225.0,1264.0872274143303
industrial_changeover,3214,643,4,Order4,643,3.574000000000001e-05,0.010031800251454115,1264.0,1231.0,5.3062827587127686,0.4486856460571289,5.7549684047698975,1225.0,1264.035769828927
industrial_changeover,3219,644,4,Order4,644,3.5640000000000004e-05,0.020905917044728994,1264.0,1231.0,5.478713512420654,0.4239981174468994,5.902711629867554,1225.0,1263.9844720496894
industrial_changeover,3224,645,4,Order4,645,3.554000000000001e-05,0.0007327107741730288,1260.0,1231.0,5.251825332641602,0.42631077766418457,5.678136110305786,1225.0,1263.9333333333334
industrial_changeover,3229,646,4,Order4,646,3.5440000000000006e-05,-0.026648983359336853,1249.0,1231.0,5.271590232849121,0.4112074375152588,5.68279767036438,1225.0,1263.8823529411766
industrial_changeover,3234,647,4,Order4,647,3.5340000000000004e-05,0.007666839170269668,1253.0,1231.0,5.199809312820435,0.4082207679748535,5.608030080795288,1225.0,1263.8315301391035
industrial_changeover,3239,648,4,Order4,648,3.524000000000001e-05,-0.02372320042923093,1253.0,1231.0,5.353737831115723,0.4266049861907959,5.7803428173065186,1225.0,1263.780864197531
industrial_changeover,3244,649,4,Order4,649,3.5140000000000006e-05,0.0024721406516619027,1249.0,1231.0,5.41876482963562,0.4205923080444336,5.839357137680054,1225.0,1263.7303543913713
industrial_changeover,3249,650,4,Order4,650,3.504e-05,0.007863331586122513,1264.0,1231.0,5.370991945266724,0.43152880668640137,5.802520751953125,1225.0,1263.68
industrial_changeover,3254,651,4,Order4,651,3.494000000000001e-05,0.0036444704746827483,1264.0,1231.0,5.358309984207153,0.4242243766784668,5.78253436088562,1225.0,1263.6298003072197
industrial_changeover,3259,652,4,Order4,652,3.4840000000000005e-05,0.0066181233851239085,1235.0,1231.0,5.488851308822632,0.4232797622680664,5.912131071090698,1225.0,1263.579754601227
industrial_changeover,3264,653,4,Order4,653,3.474e-05,-0.004244624404236674,1231.0,1231.0,5.513669013977051,0.4139692783355713,5.927638292312622,1225.0,1263.529862174579
industrial_changeover,3269,654,4,Order4,654,3.464000000000001e-05,0.02200455078855157,1261.0,1231.0,5.461184024810791,0.44177699089050293,5.902961015701294,1225.0,1263.480122324159
industrial_changeover,3274,655,4,Order4,655,3.4540000000000005e-05,0.026839339174330235,1264.0,1231.0,5.587983131408691,0.43597412109375,6.023957252502441,1225.0,1263.430534351145
industrial_changeover,3279,656,4,Order4,656,3.444e-05,0.04325371701270342,1285.0,1231.0,5.33946418762207,0.41650843620300293,5.755972623825073,1225.0,1263.3810975609756
industrial_changeover,3284,657,4,Order4,657,3.434000000000001e-05,-0.0026711386162787676,1249.0,1231.0,5.2112555503845215,0.4143378734588623,5.625593423843384,1225.0,1263.331811263318
industrial_changeover,3289,658,4,Order4,658,3.4240000000000004e-05,-0.025861196219921112,1231.0,1231.0,5.190803050994873,0.4205470085144043,5.611350059509277,1225.0,1263.2826747720364
industrial_changeover,3294,659,4,Order4,659,3.414000000000001e-05,0.0037416244740597904,1231.0,1231.0,5.504317760467529,0.45257019996643066,5.95688796043396,1225.0,1263.2336874051593
industrial_changeover,3299,660,4,Order4,660,3.4040000000000006e-05,-0.030904999934136868,1231.0,1231.0,5.569391489028931,0.44418907165527344,6.013580560684204,1225.0,1263.1848484848485
industrial_changeover,3304,661,4,Order4,661,3.3940000000000004e-05,0.007607729523442686,1235.0,1231.0,5.307907342910767,0.4350881576538086,5.742995500564575,1225.0,1263.1361573373676
industrial_changeover,3309,662,4,Order4,662,3.384000000000001e-05,-0.00389454560354352,1231.0,1231.0,5.4544806480407715,0.49431467056274414,5.948795318603516,1225.0,1263.0876132930514
industrial_changeover,3314,663,4,Order4,663,3.3740000000000006e-05,-0.021222590003162622,1235.0,1231.0,5.558383226394653,0.42168498039245605,5.980068206787109,1225.0,1263.0392156862745
industrial_changeover,3319,664,4,Order4,664,3.364e-05,0.03893114347010851,1264.0,1231.0,5.6017420291900635,0.4503307342529297,6.052072763442993,1225.0,1262.9909638554218
industrial_changeover,3324,665,4,Order4,665,3.354000000000001e-05,-0.003540858393535018,1260.0,1231.0,5.546074390411377,0.4533541202545166,5.9994285106658936,1225.0,1262.942857142857
industrial_changeover,3329,666,4,Order4,666,3.3440000000000005e-05,0.021307825576514006,1264.0,1231.0,5.522988796234131,0.44568800926208496,5.968676805496216,1225.0,1262.8948948948948
industrial_changeover,3334,667,4,Order4,667,3.334e-05,-0.014042373048141599,1249.0,1231.0,5.613036155700684,0.438859224319458,6.051895380020142,1225.0,1262.8470764617691
industrial_changeover,3339,668,4,Order4,668,3.324000000000001e-05,0.026044754311442375,1264.0,1231.0,5.426813840866089,0.4458506107330322,5.872664451599121,1225.0,1262.7994011976048
industrial_changeover,3344,669,4,Order4,669,3.3140000000000005e-05,-0.029404337983578444,1231.0,1231.0,5.155664443969727,0.41507530212402344,5.57073974609375,1225.0,1262.7518684603886
industrial_changeover,3349,670,4,Order4,670,3.304e-05,0.010783829493448138,1285.0,1231.0,5.135986566543579,0.4026458263397217,5.538632392883301,1225.0,1262.7044776119403
industrial_changeover,3354,671,4,Order4,671,3.2940000000000006e-05,-0.03272107243537903,1225.0,1231.0,5.63232946395874,0.4384279251098633,6.0707573890686035,1225.0,1262.6572280178837
industrial_changeover,3359,672,4,Order4,672,3.2840000000000004e-05,0.005332508706487715,1233.0,1231.0,5.221282958984375,0.41106629371643066,5.632349252700806,1225.0,1262.610119047619
industrial_changeover,3364,673,4,Order4,673,3.274e-05,-0.004608941380865872,1264.0,1231.0,5.223366975784302,0.42598676681518555,5.649353742599487,1225.0,1262.5631500742943
industrial_changeover,3369,674,4,Order4,674,3.2640000000000006e-05,0.023027476854622364,1253.0,1231.0,5.414929628372192,0.4216938018798828,5.836623430252075,1225.0,1262.5163204747776
industrial_changeover,3374,675,4,Order4,675,3.2540000000000004e-05,-0.01872413931414485,1264.0,1231.0,5.320273399353027,0.41417980194091797,5.734453201293945,1225.0,1262.4696296296297
industrial_changeover,3379,676,4,Order4,676,3.244e-05,-0.007208021357655525,1235.0,1231.0,5.479996204376221,0.42484021186828613,5.904836416244507,1225.0,1262.423076923077
industrial_changeover,3384,677,4,Order4,677,3.2340000000000005e-05,0.015101472148671746,1253.0,1231.0,5.301480531692505,0.44393277168273926,5.745413303375244,1225.0,1262.3766617429837
industrial_changeover,3389,678,4,Order4,678,3.224e-05,0.024449297226965427,1285.0,1231.0,5.368899583816528,0.4351968765258789,5.804096460342407,1225.0,1262.330383480826
industrial_changeover,3394,679,4,Order4,679,3.214e-05,0.020924102049320936,1264.0,1231.0,5.373321771621704,0.4153320789337158,5.78865385055542,1225.0,1262.2842415316643
industrial_changeover,3399,680,4,Order4,680,3.2040000000000005e-05,0.02118868473917246,1266.0,1231.0,5.2322962284088135,0.4178121089935303,5.650108337402344,1225.0,1262.2382352941177
industrial_changeover,3404,681,4,Order4,681,3.194e-05,-0.027743450831621885,1235.0,1231.0,5.141628980636597,0.4140594005584717,5.555688381195068,1225.0,1262.1923641703377
industrial_changeover,3409,682,4,Order4,682,3.184e-05,0.0205936161801219,1264.0,1231.0,5.385972499847412,0.44237565994262695,5.828348159790039,1225.0,1262.1466275659825
industrial_changeover,3414,683,4,Order4,683,3.1740000000000004e-05,-0.01696718018501997,1233.0,1231.0,5.132591247558594,0.4538717269897461,5.58646297454834,1225.0,1262.1010248901903
industrial_changeover,3419,684,4,Order4,684,3.164e-05,0.021858757361769676,1260.0,1231.0,5.307554006576538,0.4298872947692871,5.737441301345825,1225.0,1262.0555555555557
industrial_changeover,3424,685,4,Order4,685,3.154e-05,0.017448533326387405,1283.0,1231.0,5.413183212280273,0.4239521026611328,5.837135314941406,1225.0,1262.010218978102
industrial_changeover,3429,686,4,Order4,686,3.1440000000000004e-05,-0.039568373933434486,1231.0,1231.0,5.251183748245239,0.41993093490600586,5.671114683151245,1225.0,1261.9650145772596
industrial_changeover,3434,687,4,Order4,687,3.134e-05,0.05517345108091831,1287.0,1231.0,5.328599214553833,0.41617631912231445,5.7447755336761475,1225.0,1261.919941775837
industrial_changeover,3439,688,4,Order4,688,3.1240000000000006e-05,-0.026594275142997503,1225.0,1231.0,5.493040084838867,0.41309356689453125,5.906133651733398,1225.0,1261.875
industrial_changeover,3444,689,4,Order4,689,3.1140000000000003e-05,-0.02908990066498518,1231.0,1231.0,5.475340127944946,0.4268522262573242,5.9021923542022705,1225.0,1261.8301886792453
industrial_changeover,3449,690,4,Order4,690,3.104e-05,0.03228042088449001,1262.0,1231.0,5.315206050872803,0.41359734535217285,5.728803396224976,1225.0,1261.7855072463767
industrial_changeover,3454,691,4,Order4,691,3.0940000000000005e-05,-0.028376608155667782,1229.0,1231.0,5.2344841957092285,0.41356825828552246,5.648052453994751,1225.0,1261.740955137482
industrial_changeover,3459,692,4,Order4,692,3.084e-05,-0.011976700276136398,1264.0,1231.0,5.249473810195923,0.42722415924072266,5.6766979694366455,1225.0,1261.6965317919075
industrial_changeover,3464,693,4,Order4,693,3.074e-05,-0.009745282121002674,1231.0,1231.0,5.23345685005188,0.4056220054626465,5.639078855514526,1225.0,1261.6522366522368
industrial_changeover,3469,694,4,Order4,694,3.0640000000000005e-05,0.006672603660263121,1249.0,1231.0,5.529599189758301,0.4308011531829834,5.960400342941284,1225.0,1261.608069164265
industrial_changeover,3474,695,4,Order4,695,3.054e-05,0.007740186294540763,1229.0,1231.0,5.4419708251953125,0.440673828125,5.8826446533203125,1225.0,1261.5640287769784
industrial_changeover,3479,696,4,Order4,696,3.0440000000000003e-05,0.002787494915537536,1235.0,1231.0,5.276370525360107,0.4138767719268799,5.690247297286987,1225.0,1261.5201149425288
industrial_changeover,3484,697,4,Order4,697,3.034e-05,0.0025657425867393613,1262.0,1231.0,5.3717522621154785,0.4251737594604492,5.796926021575928,1225.0,1261.4763271162124
industrial_changeover,3489,698,4,Order4,698,3.0240000000000002e-05,-0.01555331377312541,1225.0,1231.0,5.376149654388428,0.4197573661804199,5.795907020568848,1225.0,1261.432664756447
industrial_changeover,3494,699,4,Order4,699,3.0140000000000003e-05,-0.03405849449336529,1231.0,1231.0,5.50136399269104,0.4307734966278076,5.932137489318848,1225.0,1261.3891273247496
industrial_changeover,3499,700,4,Order4,700,3.004e-05,0.03058098955079913,1266.0,1231.0,5.341007471084595,0.4435296058654785,5.784537076950073,1225.0,1261.3457142857144
industrial_changeover,3504,701,4,Order4,701,2.994e-05,0.02101186802610755,1266.0,1231.0,5.393313407897949,0.42888402938842773,5.822197437286377,1225.0,1261.30242510699
industrial_changeover,3509,702,4,Order4,702,2.9840000000000002e-05,0.003963377675972879,1264.0,1231.0,5.811781883239746,0.4398336410522461,6.251615524291992,1225.0,1261.2592592592594
industrial_changeover,3514,703,4,Order4,703,2.974e-05,0.02043663803488016,1260.0,1231.0,5.30470609664917,0.4312152862548828,5.735921382904053,1225.0,1261.2162162162163
industrial_changeover,3519,704,4,Order4,704,2.964e-05,-0.020031899213790894,1225.0,1231.0,5.254144191741943,0.4171450138092041,5.6712892055511475,1225.0,1261.1732954545455
industrial_changeover,3524,705,4,Order4,705,2.9540000000000002e-05,0.0025646593421697617,1249.0,1231.0,5.1744914054870605,0.4141209125518799,5.58861231803894,1225.0,1261.1304964539006
industrial_changeover,3529,706,4,Order4,706,2.944e-05,0.0255449996329844,1266.0,1231.0,5.294742584228516,0.40642714500427246,5.701169729232788,1225.0,1261.087818696884
industrial_changeover,3534,707,4,Order4,707,2.934e-05,0.008849696023389697,1260.0,1231.0,5.556056499481201,0.4550306797027588,6.01108717918396,1225.0,1261.045261669024
industrial_changeover,3539,708,4,Order4,708,2.924e-05,0.02882508747279644,1264.0,1231.0,5.347045183181763,0.4306807518005371,5.7777259349823,1225.0,1261.002824858757
industrial_changeover,3544,709,4,Order4,709,2.9140000000000002e-05,-0.010207518935203552,1266.0,1231.0,5.217696905136108,0.43058037757873535,5.648277282714844,1225.0,1260.9605077574047
industrial_changeover,3549,710,4,Order4,710,2.904e-05,0.005715071107260883,1266.0,1231.0,5.333951950073242,0.4186439514160156,5.752595901489258,1225.0,1260.918309859155
industrial_changeover,3554,711,4,Order4,711,2.894e-05,-0.0067510055378079414,1231.0,1231.0,5.442282199859619,0.4329719543457031,5.875254154205322,1225.0,1260.8762306610408
industrial_changeover,3559,712,4,Order4,712,2.8840000000000002e-05,-0.009457855252549052,1266.0,1231.0,5.463971853256226,0.4363136291503906,5.900285482406616,1225.0,1260.8342696629213
industrial_changeover,3564,713,4,Order4,713,2.874e-05,0.022662308998405933,1264.0,1231.0,5.315039396286011,0.43761396408081055,5.752653360366821,1225.0,1260.7924263674615
industrial_changeover,3569,714,4,Order4,714,2.864e-05,0.00845876894891262,1260.0,1231.0,5.450446605682373,0.4182441234588623,5.868690729141235,1225.0,1260.7507002801121
industrial_changeover,3574,715,4,Order4,715,2.854e-05,-0.004705506493337452,1253.0,1231.0,5.262205362319946,0.42296719551086426,5.6851725578308105,1225.0,1260.709090909091
industrial_changeover,3579,716,4,Order4,716,2.844e-05,0.01015998050570488,1264.0,1231.0,5.175319671630859,0.41156601905822754,5.586885690689087,1225.0,1260.667597765363
industrial_changeover,3584,717,4,Order4,717,2.834e-05,0.009883023332804441,1266.0,1231.0,5.2556164264678955,0.4433290958404541,5.69894552230835,1225.0,1260.626220362622
industrial_changeover,3589,718,4,Order4,718,2.824e-05,0.008391280192881823,1287.0,1231.0,5.870458126068115,0.45256590843200684,6.323024034500122,1225.0,1260.5849582172702
industrial_changeover,3594,719,4,Order4,719,2.8139999999999998e-05,-0.020949616096913815,1231.0,1231.0,5.2568206787109375,0.4081583023071289,5.664978981018066,1225.0,1260.5438108484007
industrial_changeover,3599,720,4,Order4,720,2.804e-05,-0.0255468119867146,1229.0,1231.0,5.274448871612549,0.4372825622558594,5.711731433868408,1225.0,1260.5027777777777
industrial_changeover,3604,721,4,Order4,721,2.794e-05,0.0037108283722773194,1285.0,1225.0,5.34586501121521,0.41460394859313965,5.76046895980835,1225.0,1260.4535367545077
industrial_changeover,3609,722,4,Order4,722,2.7839999999999998e-05,-0.010155013762414455,1264.0,1231.0,5.353256940841675,0.4160892963409424,5.769346237182617,1225.0,1260.4127423822715
industrial_changeover,3614,723,4,Order4,723,2.774e-05,0.02110899705439806,1264.0,1231.0,5.430870771408081,0.4357750415802002,5.866645812988281,1225.0,1260.3720608575381
industrial_changeover,3619,724,4,Order4,724,2.764e-05,-0.028716293163597584,1264.0,1231.0,5.393097162246704,0.4237642288208008,5.816861391067505,1225.0,1260.3314917127072
industrial_changeover,3624,725,4,Order4,725,2.754e-05,0.005080434144474566,1225.0,1231.0,5.515885591506958,0.45226550102233887,5.968151092529297,1225.0,1260.2910344827587
industrial_changeover,3629,726,4,Order4,726,2.7439999999999998e-05,-0.04070992674678564,1231.0,1231.0,5.189637660980225,0.4148738384246826,5.604511499404907,1225.0,1260.250688705234
industrial_changeover,3634,727,4,Order4,727,2.734e-05,0.028644914738833904,1264.0,1231.0,5.221818447113037,0.404801607131958,5.626620054244995,1225.0,1260.21045392022
industrial_changeover,3639,728,4,Order4,728,2.724e-05,-0.03434628713876009,1235.0,1231.0,5.066673517227173,0.4018867015838623,5.468560218811035,1225.0,1260.1703296703297
industrial_changeover,3644,729,4,Order4,729,2.7139999999999998e-05,0.0051241605542600155,1231.0,1231.0,5.5010669231414795,0.44750070571899414,5.948567628860474,1225.0,1260.1303155006858
industrial_changeover,3649,730,4,Order4,730,2.704e-05,-0.005238941288553178,1262.0,1231.0,5.484602451324463,0.45067429542541504,5.935276746749878,1225.0,1260.0904109589042
industrial_changeover,3654,731,4,Order4,731,2.694e-05,0.001774840522557497,1264.0,1231.0,5.246031045913696,0.4204428195953369,5.666473865509033,1225.0,1260.0506155950752
industrial_changeover,3659,732,4,Order4,732,2.6839999999999997e-05,0.02732797898352146,1264.0,1231.0,5.561062574386597,0.44085216522216797,6.001914739608765,1225.0,1260.0109289617487
industrial_changeover,3664,733,4,Order4,733,2.6739999999999998e-05,-0.007078537135384977,1264.0,1231.0,5.333693981170654,0.4242827892303467,5.757976770401001,1225.0,1259.9713506139153
industrial_changeover,3669,734,4,Order4,734,2.664e-05,-0.003802506369538605,1231.0,1231.0,5.473382949829102,0.42760133743286133,5.900984287261963,1225.0,1259.931880108992
industrial_changeover,3674,735,4,Order4,735,2.6539999999999997e-05,-0.020094927866011858,1264.0,1225.0,5.530845642089844,0.43494343757629395,5.965789079666138,1225.0,1259.8843537414966
industrial_changeover,3679,736,4,Order4,736,2.6439999999999998e-05,-0.0012384205765556544,1225.0,1231.0,5.471598148345947,0.43331289291381836,5.904911041259766,1225.0,1259.8451086956522
industrial_changeover,3684,737,4,Order4,737,2.634e-05,0.01448319130577147,1264.0,1231.0,5.405795097351074,0.4355180263519287,5.841313123703003,1225.0,1259.8059701492537
industrial_changeover,3689,738,4,Order4,738,2.624e-05,0.0011737329186871648,1260.0,1231.0,5.198629856109619,0.46364712715148926,5.662276983261108,1225.0,1259.7669376693766
industrial_changeover,3694,739,4,Order4,739,2.6139999999999997e-05,-0.0049961499171331525,1229.0,1231.0,5.271695613861084,0.40816330909729004,5.679858922958374,1225.0,1259.7280108254397
industrial_changeover,3699,740,4,Order4,740,2.6039999999999998e-05,0.029958083759993315,1266.0,1231.0,5.235039234161377,0.41101598739624023,5.646055221557617,1225.0,1259.6891891891892
industrial_changeover,3704,741,4,Order4,741,2.594e-05,0.0011804868699982762,1264.0,1225.0,5.731365919113159,0.4367847442626953,6.1681506633758545,1225.0,1259.642375168691
industrial_changeover,3709,742,4,Order4,742,2.5839999999999997e-05,0.014429311733692884,1264.0,1225.0,5.314918756484985,0.4597814083099365,5.774700164794922,1225.0,1259.5956873315363
industrial_changeover,3714,743,4,Order4,743,2.5739999999999998e-05,-0.02160448720678687,1264.0,1225.0,5.319390535354614,0.42638564109802246,5.745776176452637,1225.0,1259.549125168237
industrial_changeover,3719,744,4,Order4,744,2.564e-05,0.005852515576407313,1249.0,1225.0,5.22048544883728,0.40871191024780273,5.629197359085083,1225.0,1259.502688172043
industrial_changeover,3724,745,4,Order4,745,2.5539999999999996e-05,0.04041718877851963,1266.0,1225.0,5.253533124923706,0.4210205078125,5.674553632736206,1225.0,1259.456375838926
industrial_changeover,3729,746,4,Order4,746,2.5439999999999997e-05,-0.0067047710763290524,1264.0,1225.0,5.384430885314941,0.42955946922302246,5.813990354537964,1225.0,1259.4101876675604
industrial_changeover,3734,747,4,Order4,747,2.5339999999999998e-05,0.016944434493780136,1266.0,1225.0,5.425110816955566,0.42172670364379883,5.846837520599365,1225.0,1259.364123159304
industrial_changeover,3739,748,4,Order4,748,2.5239999999999996e-05,-0.04511563014239073,1231.0,1225.0,5.30632472038269,0.4118223190307617,5.718147039413452,1225.0,1259.3181818181818
industrial_changeover,3744,749,4,Order4,749,2.5139999999999996e-05,-0.025144444312900305,1225.0,1225.0,5.338057279586792,0.4148569107055664,5.752914190292358,1225.0,1259.272363150868
industrial_changeover,3749,750,4,Order4,750,2.5039999999999997e-05,-0.04054634552448988,1231.0,1225.0,5.249489068984985,0.41852831840515137,5.668017387390137,1225.0,1259.2266666666667
industrial_changeover,3754,751,4,Order4,751,2.494e-05,-0.030457439366728067,1225.0,1225.0,5.23066782951355,0.40078258514404297,5.631450414657593,1225.0,1259.1810918774968
industrial_changeover,3759,752,4,Order4,752,2.4839999999999996e-05,0.019330736249685287,1264.0,1225.0,5.203502893447876,0.4239833354949951,5.627486228942871,1225.0,1259.1356382978724
industrial_changeover,3764,753,4,Order4,753,2.4739999999999997e-05,-0.04701366554945707,1225.0,1225.0,5.25579833984375,0.43634605407714844,5.692144393920898,1225.0,1259.090305444887
industrial_changeover,3769,754,4,Order4,754,2.4639999999999998e-05,0.0622916417196393,1285.0,1231.0,5.29176926612854,0.41778087615966797,5.709550142288208,1225.0,1259.053050397878
industrial_changeover,3774,755,4,Order4,755,2.4539999999999995e-05,0.006460174219682813,1264.0,1225.0,5.259922027587891,0.42914819717407227,5.689070224761963,1225.0,1259.0079470198675
industrial_changeover,3779,756,4,Order4,756,2.4439999999999996e-05,0.013707288773730397,1253.0,1231.0,5.375561475753784,0.4228513240814209,5.798412799835205,1225.0,1258.9708994708994
industrial_changeover,3784,757,4,Order4,757,2.4339999999999997e-05,-0.016618297435343266,1231.0,1231.0,5.481053113937378,0.42990994453430176,5.91096305847168,1225.0,1258.9339498018494
industrial_changeover,3789,758,4,Order4,758,2.4239999999999995e-05,0.036443461664021015,1264.0,1231.0,5.6179234981536865,0.43204736709594727,6.049970865249634,1225.0,1258.8970976253297
industrial_changeover,3794,759,4,Order4,759,2.4139999999999996e-05,-0.0031071080011315644,1231.0,1231.0,5.568422079086304,0.40906763076782227,5.977489709854126,1225.0,1258.8603425559947
industrial_changeover,3799,760,4,Order4,760,2.4039999999999997e-05,-0.019794519059360027,1229.0,1231.0,5.486347436904907,0.45196080207824707,5.938308238983154,1225.0,1258.8236842105264
industrial_changeover,3804,761,4,Order4,761,2.3939999999999994e-05,-0.014810344902798533,1235.0,1231.0,5.302190542221069,0.431898832321167,5.734089374542236,1225.0,1258.7871222076215
industrial_changeover,3809,762,4,Order4,762,2.3839999999999995e-05,0.03317708242684603,1287.0,1231.0,5.274817705154419,0.42257142066955566,5.697389125823975,1225.0,1258.750656167979
industrial_changeover,3814,763,4,Order4,763,2.3740000000000006e-05,0.022732852958142757,1266.0,1231.0,5.11864709854126,0.41161441802978516,5.530261516571045,1225.0,1258.7142857142858
industrial_changeover,3819,764,4,Order4,764,2.3640000000000007e-05,0.024035717360675335,1264.0,1231.0,5.536955833435059,0.44014477729797363,5.977100610733032,1225.0,1258.6780104712043
industrial_changeover,3824,765,4,Order4,765,2.3540000000000005e-05,0.016234463546425104,1264.0,1231.0,5.220019817352295,0.404172420501709,5.624192237854004,1225.0,1258.6418300653595
industrial_changeover,3829,766,4,Order4,766,2.3440000000000006e-05,-0.022833085153251886,1231.0,1231.0,5.262250661849976,0.42780375480651855,5.690054416656494,1225.0,1258.6057441253263
industrial_changeover,3834,767,4,Order4,767,2.3340000000000007e-05,0.0031089242547750473,1264.0,1231.0,5.287190198898315,0.4341137409210205,5.721303939819336,1225.0,1258.5697522816167
industrial_changeover,3839,768,4,Order4,768,2.3240000000000008e-05,-0.01369334920309484,1225.0,1231.0,5.2722389698028564,0.41666364669799805,5.6889026165008545,1225.0,1258.5338541666667
industrial_changeover,3844,769,4,Order4,769,2.3140000000000005e-05,-0.003281402983702719,1285.0,1231.0,5.491923570632935,0.42420482635498047,5.916128396987915,1225.0,1258.4980494148244
industrial_changeover,3849,770,4,Order4,770,2.3040000000000006e-05,0.026091419626027346,1264.0,1231.0,5.475078821182251,0.4320530891418457,5.907131910324097,1225.0,1258.4623376623376
industrial_changeover,3854,771,4,Order4,771,2.2940000000000007e-05,-0.0022816776181571186,1235.0,1231.0,5.562639474868774,0.4526808261871338,6.015320301055908,1225.0,1258.4267185473411
industrial_changeover,3859,772,4,Order4,772,2.2840000000000005e-05,0.009411457926034927,1264.0,1231.0,5.516911268234253,0.43430399894714355,5.9512152671813965,1225.0,1258.3911917098446
industrial_changeover,3864,773,4,Order4,773,2.2740000000000006e-05,-0.0023260522866621614,1229.0,1231.0,5.216144561767578,0.425534725189209,5.641679286956787,1225.0,1258.3557567917205
industrial_changeover,3869,774,4,Order4,774,2.2640000000000007e-05,-0.022940248250961304,1225.0,1231.0,5.193545579910278,0.41501379013061523,5.6085593700408936,1225.0,1258.3204134366924
industrial_changeover,3874,775,4,Order4,775,2.2540000000000004e-05,-0.02329488843679428,1231.0,1231.0,5.019897222518921,0.4033966064453125,5.423293828964233,1225.0,1258.2851612903225
industrial_changeover,3879,776,4,Order4,776,2.2440000000000005e-05,-0.0028339954442344606,1264.0,1231.0,5.362736940383911,0.4327540397644043,5.795490980148315,1225.0,1258.25
industrial_changeover,3884,777,4,Order4,777,2.2340000000000006e-05,0.025075861252844334,1266.0,1231.0,5.361692190170288,0.4316251277923584,5.7933173179626465,1225.0,1258.2149292149293
industrial_changeover,3889,778,4,Order4,778,2.2240000000000004e-05,-0.01673638168722391,1231.0,1231.0,5.187897205352783,0.4147613048553467,5.60265851020813,1225.0,1258.1799485861181
industrial_changeover,3894,779,4,Order4,779,2.2140000000000005e-05,0.007935050642117858,1249.0,1231.0,5.24648380279541,0.42049670219421387,5.666980504989624,1225.0,1258.1450577663672
industrial_changeover,3899,780,4,Order4,780,2.2040000000000006e-05,-0.008576154941692948,1262.0,1231.0,5.313422203063965,0.41422343254089355,5.727645635604858,1225.0,1258.1102564102564
industrial_changeover,3904,781,4,Order4,781,2.1940000000000003e-05,0.017553655430674553,1269.0,1231.0,5.430601119995117,0.4309053421020508,5.861506462097168,1225.0,1258.0755441741358
industrial_changeover,3909,782,4,Order4,782,2.1840000000000004e-05,0.013255058089271188,1249.0,1231.0,5.484709739685059,0.439464807510376,5.924174547195435,1225.0,1258.0409207161126
industrial_changeover,3914,783,4,Order4,783,2.1740000000000005e-05,-0.03549195732921362,1225.0,1231.0,5.364544153213501,0.43358898162841797,5.798133134841919,1225.0,1258.006385696041
industrial_changeover,3919,784,4,Order4,784,2.1640000000000006e-05,0.031179416924715042,1264.0,1231.0,5.3450539112091064,0.4115157127380371,5.7565696239471436,1225.0,1257.9719387755101
industrial_changeover,3924,785,4,Order4,785,2.1540000000000004e-05,-0.015597535530105233,1231.0,1231.0,5.211701154708862,0.4068613052368164,5.618562459945679,1225.0,1257.9375796178344
industrial_changeover,3929,786,4,Order4,786,2.1440000000000005e-05,0.01889175735414028,1266.0,1231.0,5.201080799102783,0.40386056900024414,5.604941368103027,1225.0,1257.9033078880407
industrial_changeover,3934,787,4,Order4,787,2.1340000000000006e-05,-0.002360475598834455,1260.0,1225.0,5.260798931121826,0.41771817207336426,5.67851710319519,1225.0,1257.861499364676
industrial_changeover,3939,788,4,Order4,788,2.1240000000000003e-05,0.012030249228700995,1253.0,1231.0,5.689913988113403,0.43952035903930664,6.12943434715271,1225.0,1257.8274111675128
industrial_changeover,3944,789,4,Order4,789,2.1140000000000004e-05,-0.05284158419817686,1225.0,1231.0,5.25019907951355,0.41879892349243164,5.6689980030059814,1225.0,1257.7934093789606
industrial_changeover,3949,790,4,Order4,790,2.1040000000000005e-05,0.02031207922846079,1253.0,1231.0,5.3013975620269775,0.4182891845703125,5.71968674659729,1225.0,1257.759493670886
industrial_changeover,3954,791,4,Order4,791,2.0940000000000003e-05,-0.014918430708348751,1231.0,1231.0,5.332933664321899,0.4295530319213867,5.762486696243286,1225.0,1257.725663716814
industrial_changeover,3959,792,4,Order4,792,2.0840000000000004e-05,0.03161997348070145,1253.0,1231.0,5.440132141113281,0.4553546905517578,5.895486831665039,1225.0,1257.6919191919192
industrial_changeover,3964,793,4,Order4,793,2.0740000000000005e-05,0.0077504010405391455,1287.0,1231.0,5.497202396392822,0.42778539657592773,5.92498779296875,1225.0,1257.658259773014
industrial_changeover,3969,794,4,Order4,794,2.0640000000000002e-05,-0.05773487314581871,1231.0,1225.0,5.374983549118042,0.4254286289215088,5.800412178039551,1225.0,1257.617128463476
industrial_changeover,3974,795,4,Order4,795,2.0540000000000003e-05,-0.0110252620652318,1225.0,1225.0,5.552162408828735,0.4661715030670166,6.018333911895752,1225.0,1257.5761006289308
industrial_changeover,3979,796,4,Order4,796,2.0440000000000004e-05,0.03321046568453312,1266.0,1225.0,5.2820234298706055,0.41168761253356934,5.693711042404175,1225.0,1257.535175879397
industrial_changeover,3984,797,4,Order4,797,2.0340000000000005e-05,0.008109158836305141,1264.0,1225.0,5.179968595504761,0.4239673614501953,5.603935956954956,1225.0,1257.4943538268508
industrial_changeover,3989,798,4,Order4,798,2.0240000000000003e-05,0.009375516325235367,1266.0,1225.0,5.15126371383667,0.4066038131713867,5.557867527008057,1225.0,1257.453634085213
industrial_changeover,3994,799,4,Order4,799,2.0140000000000004e-05,0.020809490233659744,1264.0,1225.0,5.152710676193237,0.43562936782836914,5.5883400440216064,1225.0,1257.413016270338
industrial_changeover,3999,800,4,Order4,800,2.0040000000000005e-05,-0.0302153998054564,1231.0,1225.0,5.554529190063477,0.44486284255981445,5.999392032623291,1225.0,1257.3725
industrial_changeover,4004,801,4,Order4,801,1.9940000000000002e-05,-0.026896577794104815,1225.0,1225.0,5.333770990371704,0.4189896583557129,5.752760648727417,1225.0,1257.3320848938827
industrial_changeover,4009,802,4,Order4,802,1.9840000000000003e-05,0.01713708136230707,1266.0,1225.0,5.311508655548096,0.42783284187316895,5.739341497421265,1225.0,1257.291770573566
industrial_changeover,4014,803,4,Order4,803,1.9740000000000004e-05,0.02610224625095725,1269.0,1225.0,5.2151453495025635,0.43065595626831055,5.645801305770874,1225.0,1257.2515566625157
industrial_changeover,4019,804,4,Order4,804,1.9640000000000002e-05,-0.028557973448187113,1231.0,1225.0,5.383081436157227,0.4194173812866211,5.802498817443848,1225.0,1257.2114427860697
industrial_changeover,4024,805,4,Order4,805,1.9540000000000003e-05,-0.004688334185630083,1231.0,1231.0,5.403814077377319,0.4242894649505615,5.828103542327881,1225.0,1257.1788819875776
industrial_changeover,4029,806,4,Order4,806,1.9440000000000004e-05,0.013673063134774566,1249.0,1231.0,5.345361232757568,0.43359971046447754,5.778960943222046,1225.0,1257.1464019851117
industrial_changeover,4034,807,4,Order4,807,1.934e-05,-0.04015844687819481,1229.0,1231.0,5.756906986236572,0.45835065841674805,6.21525764465332,1225.0,1257.1140024783147
industrial_changeover,4039,808,4,Order4,808,1.9240000000000002e-05,0.0056998791405931115,1231.0,1231.0,5.212443113327026,0.4363560676574707,5.648799180984497,1225.0,1257.0816831683169
industrial_changeover,4044,809,4,Order4,809,1.9140000000000003e-05,-0.011064992984756827,1231.0,1231.0,5.125552177429199,0.4086322784423828,5.534184455871582,1225.0,1257.0494437577256
industrial_changeover,4049,810,4,Order4,810,1.904e-05,0.005191406002268195,1249.0,1231.0,5.142868518829346,0.4010279178619385,5.543896436691284,1225.0,1257.0172839506172
industrial_changeover,4054,811,4,Order4,811,1.894e-05,-0.007289105444215238,1229.0,1231.0,5.592813968658447,0.4171731472015381,6.009987115859985,1225.0,1256.9852034525277
industrial_changeover,4059,812,4,Order4,812,1.8840000000000003e-05,-0.013207179494202137,1229.0,1231.0,5.418851613998413,0.42261719703674316,5.841468811035156,1225.0,1256.9532019704434
industrial_changeover,4064,813,4,Order4,813,1.8740000000000004e-05,-5.585789040196687e-05,1225.0,1231.0,5.277156829833984,0.4237382411956787,5.700895071029663,1225.0,1256.9212792127921
industrial_changeover,4069,814,4,Order4,814,1.864e-05,-0.0062917162431403995,1249.0,1231.0,5.315971851348877,0.45082545280456543,5.766797304153442,1225.0,1256.8894348894348
industrial_changeover,4074,815,4,Order4,815,1.8540000000000002e-05,0.03184747137129307,1264.0,1231.0,5.341552019119263,0.428600549697876,5.770152568817139,1225.0,1256.8576687116565
industrial_changeover,4079,816,4,Order4,816,1.8440000000000003e-05,0.019384741317480803,1253.0,1231.0,5.306034803390503,0.4293191432952881,5.735353946685791,1225.0,1256.825980392157
industrial_changeover,4084,817,4,Order4,817,1.834e-05,0.03277797996997833,1264.0,1231.0,5.470633268356323,0.4263901710510254,5.897023439407349,1225.0,1256.794369645043
industrial_changeover,4089,818,4,Order4,818,1.824e-05,-0.003455064201261848,1249.0,1231.0,5.3478782176971436,0.4067814350128174,5.754659652709961,1225.0,1256.762836185819
industrial_changeover,4094,819,4,Order4,819,1.8140000000000003e-05,-5.34950231667608e-05,1253.0,1231.0,5.512603282928467,0.40756821632385254,5.920171499252319,1225.0,1256.7313797313798
industrial_changeover,4099,820,4,Order4,820,1.804e-05,-0.0031608924036845565,1225.0,1231.0,5.240757703781128,0.4004499912261963,5.641207695007324,1225.0,1256.7
industrial_changeover,4104,821,4,Order4,821,1.794e-05,0.0058937371941283345,1260.0,1231.0,5.197569847106934,0.4120752811431885,5.609645128250122,1225.0,1256.6686967113276
industrial_changeover,4109,822,4,Order4,822,1.7840000000000002e-05,-0.002321859123185277,1231.0,1231.0,5.14065957069397,0.43133068084716797,5.571990251541138,1225.0,1256.6374695863747
industrial_changeover,4114,823,4,Order4,823,1.774e-05,-0.013518261956050992,1249.0,1231.0,5.424407482147217,0.4574589729309082,5.881866455078125,1225.0,1256.6063183475092
industrial_changeover,4119,824,4,Order4,824,1.764e-05,-0.005207512644119561,1249.0,1225.0,5.314721345901489,0.4179844856262207,5.73270583152771,1225.0,1256.5679611650485
industrial_changeover,4124,825,4,Order4,825,1.754e-05,-0.01639573834836483,1225.0,1225.0,5.3556365966796875,0.4521455764770508,5.807782173156738,1225.0,1256.529696969697
industrial_changeover,4129,826,4,Order4,826,1.7440000000000002e-05,-0.01658036094158888,1229.0,1225.0,5.282063961029053,0.42953968048095703,5.71160364151001,1225.0,1256.4915254237287
industrial_changeover,4134,827,4,Order4,827,1.734e-05,0.02050098543986678,1264.0,1225.0,5.30368185043335,0.41394829750061035,5.71763014793396,1225.0,1256.453446191052
industrial_changeover,4139,828,4,Order4,828,1.724e-05,-0.018875329289585352,1229.0,1225.0,5.374689340591431,0.41825342178344727,5.792942762374878,1225.0,1256.415458937198
industrial_changeover,4144,829,4,Order4,829,1.7140000000000002e-05,0.00026221453299513087,1264.0,1225.0,5.4711220264434814,0.4465956687927246,5.917717695236206,1225.0,1256.3775633293124
industrial_changeover,4149,830,4,Order4,830,1.704e-05,-0.029364125803112984,1225.0,1225.0,5.663804054260254,0.4402945041656494,6.104098558425903,1225.0,1256.3397590361446
industrial_changeover,4154,831,4,Order4,831,1.694e-05,-0.01632840046659112,1235.0,1225.0,5.275200605392456,0.4232821464538574,5.6984827518463135,1225.0,1256.3020457280386
industrial_changeover,4159,832,4,Order4,832,1.684e-05,0.03423916082829237,1264.0,1225.0,5.165575981140137,0.42247486114501953,5.588050842285156,1225.0,1256.264423076923
industrial_changeover,4164,833,4,Order4,833,1.674e-05,-0.034008671529591084,1231.0,1225.0,5.041190147399902,0.401613712310791,5.442803859710693,1225.0,1256.2268907563025
industrial_changeover,4169,834,4,Order4,834,1.664e-05,0.03771157842129469,1264.0,1225.0,5.483919382095337,0.4275975227355957,5.911516904830933,1225.0,1256.189448441247
industrial_changeover,4174,835,4,Order4,835,1.654e-05,0.0006831500650150701,1264.0,1225.0,5.404005765914917,0.4646930694580078,5.868698835372925,1225.0,1256.1520958083831
industrial_changeover,4179,836,4,Order4,836,1.644e-05,-0.013099431991577148,1225.0,1225.0,5.258455038070679,0.4087977409362793,5.667252779006958,1225.0,1256.1148325358852
industrial_changeover,4184,837,4,Order4,837,1.634e-05,-0.009450008161365986,1225.0,1225.0,5.364442825317383,0.4216604232788086,5.786103248596191,1225.0,1256.0776583034647
industrial_changeover,4189,838,4,Order4,838,1.624e-05,-0.0033256617607548833,1231.0,1225.0,5.304157257080078,0.4166545867919922,5.72081184387207,1225.0,1256.0405727923628
industrial_changeover,4194,839,4,Order4,839,1.6139999999999998e-05,0.030972430482506752,1266.0,1225.0,5.448484659194946,0.4109039306640625,5.859388589859009,1225.0,1256.0035756853397
industrial_changeover,4199,840,4,Order4,840,1.604e-05,-0.037813177332282066,1229.0,1225.0,5.465155839920044,0.4393150806427002,5.904470920562744,1225.0,1255.9666666666667
industrial_changeover,4204,841,4,Order4,841,1.594e-05,-0.0006243134994292632,1231.0,1225.0,5.37189793586731,0.42838072776794434,5.800278663635254,1225.0,1255.9298454221166
industrial_changeover,4209,842,4,Order4,842,1.584e-05,-0.018299784511327744,1225.0,1225.0,5.547058820724487,0.428638219833374,5.975697040557861,1225.0,1255.893111638955
industrial_changeover,4214,843,4,Order4,843,1.574e-05,0.018878118600696325,1266.0,1225.0,5.221243619918823,0.41649699211120605,5.637740612030029,1225.0,1255.856465005931
industrial_changeover,4219,844,4,Order4,844,1.564e-05,0.017654568422585726,1264.0,1225.0,5.193579196929932,0.4211764335632324,5.614755630493164,1225.0,1255.8199052132702
industrial_changeover,4224,845,4,Order4,845,1.554e-05,0.014887113589793444,1264.0,1225.0,5.137096643447876,0.4254488945007324,5.562545537948608,1225.0,1255.7834319526628
industrial_changeover,4229,846,4,Order4,846,1.5439999999999998e-05,0.007481145206838846,1260.0,1225.0,5.2905778884887695,0.49041175842285156,5.780989646911621,1225.0,1255.7470449172577
industrial_changeover,4234,847,4,Order4,847,1.534e-05,-0.028015417978167534,1225.0,1225.0,5.353672027587891,0.4308924674987793,5.78456449508667,1225.0,1255.7107438016528
industrial_changeover,4239,848,4,Order4,848,1.5239999999999998e-05,0.02553481049835682,1264.0,1225.0,5.258977174758911,0.4119138717651367,5.670891046524048,1225.0,1255.6745283018868
industrial_changeover,4244,849,4,Order4,849,1.5139999999999999e-05,-0.018017828930169344,1231.0,1225.0,5.259943246841431,0.4240379333496094,5.68398118019104,1225.0,1255.63839811543
industrial_changeover,4249,850,4,Order4,850,1.5039999999999998e-05,0.031102220062166452,1285.0,1225.0,5.341231107711792,0.4143822193145752,5.755613327026367,1225.0,1255.6023529411764
industrial_changeover,4254,851,4,Order4,851,1.494e-05,-0.0017564743175171316,1266.0,1225.0,5.451566457748413,0.43598508834838867,5.887551546096802,1225.0,1255.566392479436
industrial_changeover,4259,852,4,Order4,852,1.4839999999999999e-05,0.006943812360987067,1264.0,1225.0,5.578511953353882,0.4339742660522461,6.012486219406128,1225.0,1255.530516431925
industrial_changeover,4264,853,4,Order4,853,1.4739999999999998e-05,0.00029524760611820966,1264.0,1225.0,5.560874938964844,0.43975114822387695,6.000626087188721,1225.0,1255.4947245017586
industrial_changeover,4269,854,4,Order4,854,1.4639999999999999e-05,0.010068026604130864,1264.0,1225.0,5.3614537715911865,0.4354109764099121,5.796864748001099,1225.0,1255.4590163934427
industrial_changeover,4274,855,4,Order4,855,1.4539999999999998e-05,-0.012294574175029993,1235.0,1225.0,5.276681184768677,0.41571474075317383,5.692395925521851,1225.0,1255.4233918128655
industrial_changeover,4279,856,4,Order4,856,1.4439999999999997e-05,0.016076793428510427,1260.0,1225.0,5.18191933631897,0.40746307373046875,5.5893824100494385,1225.0,1255.3878504672898
industrial_changeover,4284,857,4,Order4,857,1.4339999999999998e-05,0.0022160669905133545,1264.0,1231.0,5.114075422286987,0.44173192977905273,5.55580735206604,1225.0,1255.3593932322053
industrial_changeover,4289,858,4,Order4,858,1.4239999999999997e-05,-0.018152423202991486,1235.0,1231.0,5.283283948898315,0.42330312728881836,5.706587076187134,1225.0,1255.3310023310023
industrial_changeover,4294,859,4,Order4,859,1.4139999999999998e-05,0.019111589062958956,1266.0,1231.0,5.357888221740723,0.4241175651550293,5.782005786895752,1225.0,1255.302677532014
industrial_changeover,4299,860,4,Order4,860,1.4039999999999998e-05,-0.010065724374726415,1231.0,1231.0,5.4781012535095215,0.4477818012237549,5.925883054733276,1225.0,1255.2744186046511
industrial_changeover,4304,861,4,Order4,861,1.3939999999999997e-05,0.022573473397642374,1264.0,1231.0,5.363878965377808,0.4291808605194092,5.793059825897217,1225.0,1255.246225319396
industrial_changeover,4309,862,4,Order4,862,1.3839999999999998e-05,0.02499602595344186,1266.0,1231.0,5.380743741989136,0.4274940490722656,5.808237791061401,1225.0,1255.2180974477958
industrial_changeover,4314,863,4,Order4,863,1.3739999999999997e-05,0.031453064642846584,1287.0,1231.0,5.361252784729004,0.43288683891296387,5.794139623641968,1225.0,1255.1900347624564
industrial_changeover,4319,864,4,Order4,864,1.3639999999999996e-05,0.011443675495684147,1264.0,1231.0,5.421826601028442,0.4417273998260498,5.863554000854492,1225.0,1255.162037037037
industrial_changeover,4324,865,4,Order4,865,1.3539999999999997e-05,-0.02823220519348979,1231.0,1231.0,5.4612932205200195,0.4142303466796875,5.875523567199707,1225.0,1255.1341040462428
industrial_changeover,4329,866,4,Order4,866,1.3439999999999997e-05,-0.04700815863907337,1229.0,1225.0,5.2118449211120605,0.4379708766937256,5.649815797805786,1225.0,1255.0993071593534
industrial_changeover,4334,867,4,Order4,867,1.3339999999999998e-05,0.02871137484908104,1285.0,1225.0,5.233751058578491,0.406771183013916,5.640522241592407,1225.0,1255.0645905420993
industrial_changeover,4339,868,4,Order4,868,1.3239999999999997e-05,0.018271810840815306,1264.0,1225.0,5.112823486328125,0.40217089653015137,5.514994382858276,1225.0,1255.0299539170508
industrial_changeover,4344,869,4,Order4,869,1.3139999999999996e-05,0.02416641591116786,1264.0,1225.0,5.374716758728027,0.44461727142333984,5.819334030151367,1225.0,1254.9953970080553
industrial_changeover,4349,870,4,Order4,870,1.3039999999999997e-05,0.004719529650174081,1266.0,1225.0,5.541995525360107,0.414780855178833,5.95677638053894,1225.0,1254.96091954023
industrial_changeover,4354,871,4,Order4,871,1.2939999999999996e-05,0.002751783118583262,1266.0,1225.0,5.244403839111328,0.4204261302947998,5.664829969406128,1225.0,1254.9265212399541
industrial_changeover,4359,872,4,Order4,872,1.2839999999999996e-05,-0.0043597661424428225,1264.0,1225.0,5.34996223449707,0.4197988510131836,5.769761085510254,1225.0,1254.8922018348624
industrial_changeover,4364,873,4,Order4,873,1.2739999999999997e-05,-0.006126414751634002,1266.0,1225.0,5.3318212032318115,0.41625356674194336,5.748074769973755,1225.0,1254.8579610538372
industrial_changeover,4369,874,4,Order4,874,1.2639999999999996e-05,-0.033975495025515556,1231.0,1225.0,5.583932638168335,0.4374959468841553,6.02142858505249,1225.0,1254.8237986270024
industrial_changeover,4374,875,4,Order4,875,1.2539999999999997e-05,-0.007861283840611577,1225.0,1225.0,5.532338380813599,0.45807433128356934,5.990412712097168,1225.0,1254.7897142857144
industrial_changeover,4379,876,4,Order4,876,1.2439999999999996e-05,-0.012353211175650358,1231.0,1225.0,5.4582531452178955,0.4304831027984619,5.888736248016357,1225.0,1254.755707762557
industrial_changeover,4384,877,4,Order4,877,1.2339999999999995e-05,0.0001233611037605442,1253.0,1225.0,5.541947841644287,0.4443531036376953,5.986300945281982,1225.0,1254.7217787913341
industrial_changeover,4389,878,4,Order4,878,1.2239999999999996e-05,-0.004194088629446924,1235.0,1225.0,5.155391693115234,0.4108262062072754,5.56621789932251,1225.0,1254.6879271070616
industrial_changeover,4394,879,4,Order4,879,1.2139999999999996e-05,0.004846140975132585,1264.0,1225.0,5.226722478866577,0.4310915470123291,5.657814025878906,1225.0,1254.6541524459612
industrial_changeover,4399,880,4,Order4,880,1.2039999999999997e-05,-0.0019530535209923983,1261.0,1225.0,5.203140020370483,0.3975682258605957,5.600708246231079,1225.0,1254.6204545454545
industrial_changeover,4404,881,4,Order4,881,1.1939999999999996e-05,-0.03244152944535017,1225.0,1225.0,5.2325439453125,0.4225437641143799,5.65508770942688,1225.0,1254.5868331441543
industrial_changeover,4409,882,4,Order4,882,1.1839999999999995e-05,0.0031910554389469326,1264.0,1225.0,5.6611878871917725,0.4200286865234375,6.08121657371521,1225.0,1254.5532879818595
industrial_changeover,4414,883,4,Order4,883,1.1739999999999996e-05,0.004711451125331223,1266.0,1225.0,5.356250286102295,0.42429590225219727,5.780546188354492,1225.0,1254.519818799547
industrial_changeover,4419,884,4,Order4,884,1.1639999999999995e-05,0.006292310426943004,1266.0,1225.0,5.43906569480896,0.423433780670166,5.862499475479126,1225.0,1254.4864253393664
industrial_changeover,4424,885,4,Order4,885,1.1539999999999995e-05,-0.014252845663577318,1229.0,1225.0,5.486378908157349,0.43259477615356445,5.918973684310913,1225.0,1254.4531073446328
industrial_changeover,4429,886,4,Order4,886,1.1439999999999996e-05,-0.015655053313821554,1231.0,1225.0,5.454056739807129,0.4437599182128906,5.8978166580200195,1225.0,1254.4198645598194
industrial_changeover,4434,887,4,Order4,887,1.1339999999999995e-05,-0.012104314751923084,1225.0,1225.0,5.529755592346191,0.43555784225463867,5.96531343460083,1225.0,1254.3866967305523
industrial_changeover,4439,888,4,Order4,888,1.1240000000000006e-05,0.014339368790388107,1264.0,1225.0,5.469799518585205,0.4259481430053711,5.895747661590576,1225.0,1254.3536036036037
industrial_changeover,4444,889,4,Order4,889,1.1140000000000005e-05,0.008368910290300846,1266.0,1225.0,5.197652339935303,0.4128992557525635,5.610551595687866,1225.0,1254.320584926884
industrial_changeover,4449,890,4,Order4,890,1.1040000000000006e-05,0.02189308265224099,1264.0,1225.0,5.262673854827881,0.4181027412414551,5.680776596069336,1225.0,1254.2876404494382
industrial_changeover,4454,891,4,Order4,891,1.0940000000000005e-05,-0.017121325246989727,1225.0,1225.0,5.1685402393341064,0.40957212448120117,5.578112363815308,1225.0,1254.2547699214365
industrial_changeover,4459,892,4,Order4,892,1.0840000000000006e-05,0.024728079326450825,1249.0,1225.0,5.472813844680786,0.4346199035644531,5.907433748245239,1225.0,1254.2219730941704
industrial_changeover,4464,893,4,Order4,893,1.0740000000000006e-05,0.028676518239080906,1285.0,1225.0,5.336955308914185,0.4287452697753906,5.765700578689575,1225.0,1254.1892497200447
industrial_changeover,4469,894,4,Order4,894,1.0640000000000005e-05,0.008449847111478448,1264.0,1231.0,5.258445501327515,0.4091496467590332,5.667595148086548,1225.0,1254.1633109619686
industrial_changeover,4474,895,4,Order4,895,1.0540000000000006e-05,-0.013054207433015108,1225.0,1231.0,5.454038619995117,0.41467928886413574,5.868717908859253,1225.0,1254.1374301675978
industrial_changeover,4479,896,4,Order4,896,1.0440000000000005e-05,-0.019661819096654654,1225.0,1231.0,5.315865993499756,0.41608524322509766,5.7319512367248535,1225.0,1254.111607142857
industrial_changeover,4484,897,4,Order4,897,1.0340000000000006e-05,-0.00833658897317946,1231.0,1225.0,5.456302165985107,0.4664642810821533,5.922766447067261,1225.0,1254.0791527313268
industrial_changeover,4489,898,4,Order4,898,1.0240000000000005e-05,-0.017455107998102903,1231.0,1225.0,5.361583709716797,0.4387941360473633,5.80037784576416,1225.0,1254.0467706013362
industrial_changeover,4494,899,4,Order4,899,1.0140000000000005e-05,-0.008986808359622955,1235.0,1225.0,5.51086163520813,0.42567014694213867,5.9365317821502686,1225.0,1254.0144605116795
industrial_changeover,4499,900,4,Order4,900,1.0040000000000006e-05,0.034729874692857265,1266.0,1225.0,5.524616479873657,0.44766831398010254,5.97228479385376,1225.0,1253.9822222222222
industrial_changeover,4504,901,4,Order4,901,1e-05,0.009479796513915062,1266.0,1225.0,5.265316963195801,0.435319185256958,5.700636148452759,1225.0,1253.9500554938957
industrial_changeover,4509,902,4,Order4,902,1e-05,-0.00467448343988508,1266.0,1225.0,5.268730401992798,0.4269285202026367,5.695658922195435,1225.0,1253.9179600886919
industrial_changeover,4514,903,4,Order4,903,1e-05,0.0007072427833918482,1264.0,1225.0,5.185752868652344,0.41202664375305176,5.5977795124053955,1225.0,1253.8859357696567
industrial_changeover,4519,904,4,Order4,904,1e-05,0.006399936624802649,1264.0,1225.0,5.260096788406372,0.42754507064819336,5.687641859054565,1225.0,1253.853982300885
industrial_changeover,4524,905,4,Order4,905,1e-05,-0.028580993879586458,1225.0,1225.0,5.4686033725738525,0.4319741725921631,5.900577545166016,1225.0,1253.822099447514
industrial_changeover,4529,906,4,Order4,906,1e-05,-0.037826621904969215,1225.0,1225.0,5.235903024673462,0.4229865074157715,5.658889532089233,1225.0,1253.7902869757174
industrial_changeover,4534,907,4,Order4,907,1e-05,0.0019374068069737405,1264.0,1225.0,5.320807695388794,0.4244973659515381,5.745305061340332,1225.0,1253.7585446527012
industrial_changeover,4539,908,4,Order4,908,1e-05,0.032463766634464264,1285.0,1225.0,5.212141513824463,0.4127633571624756,5.6249048709869385,1225.0,1253.726872246696
industrial_changeover,4544,909,4,Order4,909,1e-05,-0.03877505753189325,1225.0,1225.0,5.3759446144104,0.4241983890533447,5.800143003463745,1225.0,1253.6952695269526
industrial_changeover,4549,910,4,Order4,910,1e-05,-0.01920102722942829,1225.0,1225.0,5.320497989654541,0.4165370464324951,5.737035036087036,1225.0,1253.6637362637362
industrial_changeover,4554,911,4,Order4,911,1e-05,-0.009304471546784043,1225.0,1225.0,5.402034282684326,0.4250016212463379,5.827035903930664,1225.0,1253.6322722283205
industrial_changeover,4559,912,4,Order4,912,1e-05,-0.012002628529444337,1235.0,1225.0,5.688747882843018,0.43767714500427246,6.12642502784729,1225.0,1253.6008771929824
industrial_changeover,4564,913,4,Order4,913,1e-05,0.015491947066038847,1261.0,1225.0,5.300191402435303,0.42123866081237793,5.721430063247681,1225.0,1253.5695509309967
industrial_changeover,4569,914,4,Order4,914,1e-05,-0.008804421639069915,1235.0,1225.0,5.317821502685547,0.40578579902648926,5.723607301712036,1225.0,1253.53829321663
industrial_changeover,4574,915,4,Order4,915,1e-05,-0.024654880166053772,1229.0,1225.0,5.154529571533203,0.4123983383178711,5.566927909851074,1225.0,1253.5071038251367
industrial_changeover,4579,916,4,Order4,916,1e-05,0.004642202868126333,1262.0,1225.0,5.2929346561431885,0.4358382225036621,5.728772878646851,1225.0,1253.475982532751
industrial_changeover,4584,917,4,Order4,917,1e-05,-0.026330926921218634,1231.0,1225.0,5.382235288619995,0.43250441551208496,5.81473970413208,1225.0,1253.4449291166848
industrial_changeover,4589,918,4,Order4,918,1e-05,0.030890143010765314,1264.0,1225.0,5.173811435699463,0.4385244846343994,5.612335920333862,1225.0,1253.4139433551197
industrial_changeover,4594,919,4,Order4,919,1e-05,0.014628694858402014,1264.0,1225.0,5.373986482620239,0.42287254333496094,5.7968590259552,1225.0,1253.3830250272035
industrial_changeover,4599,920,4,Order4,920,1e-05,0.0008704310312168673,1249.0,1231.0,5.262178182601929,0.42185139656066895,5.684029579162598,1225.0,1253.358695652174
industrial_changeover,4604,921,4,Order4,921,1e-05,0.007909214124083519,1262.0,1231.0,5.501443147659302,0.44544267654418945,5.946885824203491,1225.0,1253.3344191096635
industrial_changeover,4609,922,4,Order4,922,1e-05,0.020257479045540094,1264.0,1231.0,5.459462642669678,0.4044680595397949,5.863930702209473,1225.0,1253.3101952277657
industrial_changeover,4614,923,4,Order4,923,1e-05,0.00954984943382442,1264.0,1231.0,5.63264536857605,0.43781614303588867,6.0704615116119385,1225.0,1253.2860238353196
industrial_changeover,4619,924,4,Order4,924,1e-05,0.011105067795142531,1264.0,1231.0,5.2891526222229,0.4086732864379883,5.697825908660889,1225.0,1253.2619047619048
industrial_changeover,4624,925,4,Order4,925,1e-05,0.013342812890186906,1264.0,1231.0,5.306371212005615,0.40415024757385254,5.710521459579468,1225.0,1253.2378378378378
industrial_changeover,4629,926,4,Order4,926,1e-05,0.0029895901097916067,1264.0,1231.0,5.146646499633789,0.41715312004089355,5.563799619674683,1225.0,1253.2138228941685
industrial_changeover,4634,927,4,Order4,927,1e-05,-0.00264845450874418,1260.0,1231.0,5.5493552684783936,0.4135925769805908,5.962947845458984,1225.0,1253.1898597626753
industrial_changeover,4639,928,4,Order4,928,1e-05,-0.013984934659674764,1225.0,1231.0,5.55197286605835,0.4528355598449707,6.00480842590332,1225.0,1253.165948275862
industrial_changeover,4644,929,4,Order4,929,1e-05,0.011435296619310975,1264.0,1231.0,5.260181427001953,0.4242360591888428,5.684417486190796,1225.0,1253.1420882669538
industrial_changeover,4649,930,4,Order4,930,1e-05,0.025848742108792067,1287.0,1231.0,5.22576642036438,0.4579591751098633,5.683725595474243,1225.0,1253.1182795698924
industrial_changeover,4654,931,4,Order4,931,1e-05,-0.009323959005996585,1264.0,1231.0,5.214319705963135,0.4269394874572754,5.64125919342041,1225.0,1253.0945220193341
industrial_changeover,4659,932,4,Order4,932,1e-05,0.005389203084632754,1264.0,1231.0,5.278982400894165,0.43399548530578613,5.712977886199951,1225.0,1253.0708154506437
industrial_changeover,4664,933,4,Order4,933,1e-05,0.018649394158273935,1264.0,1231.0,5.311427116394043,0.43573904037475586,5.747166156768799,1225.0,1253.0471596998927
industrial_changeover,4669,934,4,Order4,934,1e-05,0.013550332048907876,1264.0,1231.0,5.334242343902588,0.42232561111450195,5.75656795501709,1225.0,1253.0235546038543
industrial_changeover,4674,935,4,Order4,935,1e-05,0.007143551716580987,1264.0,1231.0,5.5825934410095215,0.450991153717041,6.0335845947265625,1225.0,1253.0
industrial_changeover,4679,936,4,Order4,936,1e-05,0.028829620219767094,1285.0,1231.0,5.132710695266724,0.4020838737487793,5.534794569015503,1225.0,1252.9764957264956
industrial_changeover,4684,937,4,Order4,937,1e-05,-0.01789637515321374,1225.0,1231.0,5.225039005279541,0.4115622043609619,5.636601209640503,1225.0,1252.9530416221985
industrial_changeover,4689,938,4,Order4,938,1e-05,-0.005975599866360426,1235.0,1231.0,5.117412090301514,0.4058849811553955,5.523297071456909,1225.0,1252.9296375266524
industrial_changeover,4694,939,4,Order4,939,1e-05,0.010503578698262572,1264.0,1231.0,5.346339702606201,0.41527533531188965,5.761615037918091,1225.0,1252.9062832800853
industrial_changeover,4699,940,4,Order4,940,1e-05,-0.018933081533759832,1229.0,1231.0,5.733942985534668,0.4635140895843506,6.1974570751190186,1225.0,1252.8829787234042
industrial_changeover,4704,941,4,Order4,941,1e-05,0.005570034962147474,1266.0,1231.0,5.190004110336304,0.42522740364074707,5.615231513977051,1225.0,1252.8597236981934
industrial_changeover,4709,942,4,Order4,942,1e-05,0.006439069169573486,1264.0,1231.0,5.277092695236206,0.41515398025512695,5.692246675491333,1225.0,1252.8365180467092
industrial_changeover,4714,943,4,Order4,943,1e-05,0.02217243006452918,1287.0,1231.0,5.311500072479248,0.41038036346435547,5.7218804359436035,1225.0,1252.813361611877
industrial_changeover,4719,944,4,Order4,944,1e-05,0.007640998926945031,1266.0,1231.0,5.349303722381592,0.4169747829437256,5.766278505325317,1225.0,1252.790254237288
industrial_changeover,4724,945,4,Order4,945,1e-05,-0.02378987055271864,1231.0,1231.0,5.436616659164429,0.42857980728149414,5.865196466445923,1225.0,1252.7671957671957
industrial_changeover,4729,946,4,Order4,946,1e-05,-0.025585921481251717,1231.0,1231.0,5.449042797088623,0.42649102210998535,5.875533819198608,1225.0,1252.7441860465117
industrial_changeover,4734,947,4,Order4,947,1e-05,-0.019152062013745308,1231.0,1231.0,5.405693054199219,0.4255690574645996,5.831262111663818,1225.0,1252.7212249208026
industrial_changeover,4739,948,4,Order4,948,1e-05,-0.01747709233313799,1231.0,1231.0,5.204709768295288,0.39826107025146484,5.602970838546753,1225.0,1252.698312236287
industrial_changeover,4744,949,4,Order4,949,1e-05,0.01943871984258294,1264.0,1225.0,5.31834077835083,0.4151785373687744,5.7335193157196045,1225.0,1252.6691253951528
industrial_changeover,4749,950,4,Order4,950,1e-05,-0.01223845244385302,1235.0,1225.0,5.084008455276489,0.4100503921508789,5.494058847427368,1225.0,1252.64
industrial_changeover,4754,951,4,Order4,951,1e-05,0.011133820982649922,1264.0,1225.0,5.503695964813232,0.4560103416442871,5.9597063064575195,1225.0,1252.6109358569927
industrial_changeover,4759,952,4,Order4,952,1e-05,-0.01170487329363823,1231.0,1225.0,5.310894727706909,0.4147191047668457,5.725613832473755,1225.0,1252.5819327731092
industrial_changeover,4764,953,4,Order4,953,1e-05,-0.008695098105818033,1253.0,1225.0,5.205335855484009,0.41832661628723145,5.62366247177124,1225.0,1252.5529905561384
industrial_changeover,4769,954,4,Order4,954,1e-05,0.0007470868295058608,1262.0,1225.0,5.36303186416626,0.4248204231262207,5.7878522872924805,1225.0,1252.524109014675
industrial_changeover,4774,955,4,Order4,955,1e-05,0.011054045055061579,1264.0,1225.0,5.313219785690308,0.42879509925842285,5.7420148849487305,1225.0,1252.4952879581151
industrial_changeover,4779,956,4,Order4,956,1e-05,0.02250047493726015,1264.0,1225.0,5.414481163024902,0.4180750846862793,5.832556247711182,1225.0,1252.4665271966528
industrial_changeover,4784,957,4,Order4,957,1e-05,-0.020566636230796576,1231.0,1231.0,5.402501344680786,0.4497244358062744,5.8522257804870605,1225.0,1252.4440961337514
industrial_changeover,4789,958,4,Order4,958,1e-05,0.004056683392263949,1264.0,1231.0,5.72712516784668,0.44548964500427246,6.172614812850952,1225.0,1252.4217118997913
industrial_changeover,4794,959,4,Order4,959,1e-05,0.011441020993515849,1253.0,1225.0,5.189986705780029,0.4058833122253418,5.595870018005371,1225.0,1252.393117831074
industrial_changeover,4799,960,4,Order4,960,1e-05,-0.01560707506723702,1249.0,1231.0,5.153437376022339,0.43767285346984863,5.5911102294921875,1225.0,1252.3708333333334
industrial_changeover,4804,961,4,Order4,961,1e-05,-0.01460766838863492,1253.0,1231.0,5.25366735458374,0.40487146377563477,5.658538818359375,1225.0,1252.3485952133194
industrial_changeover,4809,962,4,Order4,962,1e-05,-0.006944705732166767,1231.0,1231.0,5.53609561920166,0.4419989585876465,5.978094577789307,1225.0,1252.3264033264034
industrial_changeover,4814,963,4,Order4,963,1e-05,0.010729049798101187,1260.0,1231.0,5.369357109069824,0.436145544052124,5.805502653121948,1225.0,1252.3042575285565
industrial_changeover,4819,964,4,Order4,964,1e-05,-0.022603494580835104,1231.0,1231.0,5.401732444763184,0.4094510078430176,5.811183452606201,1225.0,1252.2821576763486
industrial_changeover,4824,965,4,Order4,965,1e-05,0.0026334395515732467,1249.0,1231.0,5.306629657745361,0.4153754711151123,5.722005128860474,1225.0,1252.260103626943
industrial_changeover,4829,966,4,Order4,966,1e-05,0.014889208599925041,1260.0,1231.0,5.4223878383636475,0.44704365730285645,5.869431495666504,1225.0,1252.2380952380952
industrial_changeover,4834,967,4,Order4,967,1e-05,-0.0005501386331161484,1231.0,1231.0,5.4811036586761475,0.42861485481262207,5.9097185134887695,1225.0,1252.216132368149
industrial_changeover,4839,968,4,Order4,968,1e-05,0.003646587021648884,1264.0,1231.0,5.4698193073272705,0.43648648262023926,5.90630578994751,1225.0,1252.1942148760331
industrial_changeover,4844,969,4,Order4,969,1e-05,-0.032626181840896606,1231.0,1231.0,5.409624814987183,0.4328196048736572,5.84244441986084,1225.0,1252.172342621259
industrial_changeover,4849,970,4,Order4,970,1e-05,0.023220236878842115,1264.0,1231.0,5.618326663970947,0.4443395137786865,6.062666177749634,1225.0,1252.1505154639176
industrial_changeover,4854,971,4,Order4,971,1e-05,-0.022673855535686016,1231.0,1231.0,5.309820652008057,0.4067726135253906,5.716593265533447,1225.0,1252.1287332646757
industrial_changeover,4859,972,4,Order4,972,1e-05,0.005254151648841798,1235.0,1225.0,5.24143385887146,0.41324567794799805,5.654679536819458,1225.0,1252.1008230452676
industrial_changeover,4864,973,4,Order4,973,1e-05,-0.005098361638374627,1231.0,1225.0,5.229965925216675,0.42642641067504883,5.656392335891724,1225.0,1252.0729701952723
industrial_changeover,4869,974,4,Order4,974,1e-05,-0.019989702384918928,1231.0,1225.0,5.619118690490723,0.4516568183898926,6.070775508880615,1225.0,1252.0451745379876
industrial_changeover,4874,975,4,Order4,975,1e-05,-0.026652464643120766,1225.0,1231.0,5.643395185470581,0.47153258323669434,6.114927768707275,1225.0,1252.0235897435898
industrial_changeover,4879,976,4,Order4,976,1e-05,-0.02232309151440859,1225.0,1231.0,5.257393836975098,0.41241908073425293,5.669812917709351,1225.0,1252.002049180328
industrial_changeover,4884,977,4,Order4,977,1e-05,-0.006345985806547105,1235.0,1231.0,5.422524452209473,0.42618894577026367,5.848713397979736,1225.0,1251.980552712385
industrial_changeover,4889,978,4,Order4,978,1e-05,0.0009235767793143168,1231.0,1225.0,5.394103288650513,0.4279594421386719,5.822062730789185,1225.0,1251.952965235174
industrial_changeover,4894,979,4,Order4,979,1e-05,0.006406503962352872,1253.0,1231.0,5.293851375579834,0.4218125343322754,5.715663909912109,1225.0,1251.9315628192032
industrial_changeover,4899,980,4,Order4,980,1e-05,-0.014434533193707466,1231.0,1231.0,5.365143775939941,0.4153892993927002,5.780533075332642,1225.0,1251.9102040816326
industrial_changeover,4904,981,4,Order4,981,1e-05,0.014320552116259933,1266.0,1231.0,5.27066707611084,0.4308192729949951,5.701486349105835,1225.0,1251.888888888889
industrial_changeover,4909,982,4,Order4,982,1e-05,0.004098682198673487,1264.0,1231.0,5.502898454666138,0.41690683364868164,5.919805288314819,1225.0,1251.867617107943
industrial_changeover,4914,983,4,Order4,983,1e-05,-0.01642470434308052,1225.0,1231.0,5.274328947067261,0.4315059185028076,5.705834865570068,1225.0,1251.8463886063073
industrial_changeover,4919,984,4,Order4,984,1e-05,0.0380278080701828,1287.0,1231.0,5.15175461769104,0.40361738204956055,5.555371999740601,1225.0,1251.8252032520325
industrial_changeover,4924,985,4,Order4,985,1e-05,0.0016378214058931917,1264.0,1231.0,5.035147666931152,0.41037821769714355,5.445525884628296,1225.0,1251.8040609137056
industrial_changeover,4929,986,4,Order4,986,1e-05,0.02357419626787305,1285.0,1231.0,5.3943190574646,0.4379725456237793,5.832291603088379,1225.0,1251.7829614604464
industrial_changeover,4934,987,4,Order4,987,1e-05,-0.018181875348091125,1229.0,1231.0,5.392753839492798,0.47179532051086426,5.864549160003662,1225.0,1251.7619047619048
industrial_changeover,4939,988,4,Order4,988,1e-05,-0.02692008577287197,1225.0,1231.0,5.341324806213379,0.4325122833251953,5.773837089538574,1225.0,1251.740890688259
industrial_changeover,4944,989,4,Order4,989,1e-05,-0.008456871611997485,1235.0,1231.0,5.493305683135986,0.4356648921966553,5.928970575332642,1225.0,1251.7199191102122
industrial_changeover,4949,990,4,Order4,990,1e-05,-0.011426560347899795,1235.0,1231.0,5.403296709060669,0.43675851821899414,5.840055227279663,1225.0,1251.6989898989898
industrial_changeover,4954,991,4,Order4,991,1e-05,-0.008627919713035226,1229.0,1231.0,5.3869569301605225,0.43293166160583496,5.819888591766357,1225.0,1251.678102926337
industrial_changeover,4959,992,4,Order4,992,1e-05,0.024314675014466047,1262.0,1231.0,5.590247869491577,0.4536018371582031,6.04384970664978,1225.0,1251.657258064516
industrial_changeover,4964,993,4,Order4,993,1e-05,0.025247865822166204,1269.0,1231.0,5.462723016738892,0.4258241653442383,5.88854718208313,1225.0,1251.6364551863041
industrial_changeover,4969,994,4,Order4,994,1e-05,-0.03397561237215996,1225.0,1231.0,5.371318578720093,0.4026799201965332,5.773998498916626,1225.0,1251.61569416499
industrial_changeover,4974,995,4,Order4,995,1e-05,0.017201653216034174,1264.0,1231.0,5.256740570068359,0.4030158519744873,5.659756422042847,1225.0,1251.594974874372
industrial_changeover,4979,996,4,Order4,996,1e-05,0.0028173569589853287,1264.0,1231.0,5.110692977905273,0.40950632095336914,5.520199298858643,1225.0,1251.574297188755
industrial_changeover,4984,997,4,Order4,997,1e-05,0.0028401814633980393,1260.0,1231.0,5.345547199249268,0.4343116283416748,5.779858827590942,1225.0,1251.553660982949
industrial_changeover,4989,998,4,Order4,998,1e-05,-0.009742983616888523,1253.0,1231.0,5.325022220611572,0.4047422409057617,5.729764461517334,1225.0,1251.5330661322646
industrial_changeover,4994,999,4,Order4,999,1e-05,-0.012939215172082186,1235.0,1231.0,5.29456353187561,0.433485746383667,5.728049278259277,1225.0,1251.5125125125126
industrial_changeover,4999,1000,4,Order4,1000,1e-05,-0.013376199174672365,1249.0,1231.0,5.385615587234497,0.4199519157409668,5.805567502975464,1225.0,1251.492
