variant_name,epoch,round_id,round_pos,instance_id,instance_occurrence,lr,train_loss,train_rollout_cmax,current_objective,train_time_sec,eval_time_sec,cycle_time_sec,running_cb,running_ca,M,R,N
dslfmae_like_baseline,1,1,1,M10R5N5,1,0.0001,0.13680214062333107,223.0,199.0,15.607390642166138,1.4851672649383545,17.092557907104492,199.0,199.0,10,5,5
dslfmae_like_baseline,2,1,2,M10R5N10,1,9.996296296296297e-05,-0.07417733501642942,378.0,357.0,31.98816180229187,1.863205909729004,33.851367712020874,357.0,357.0,10,5,10
dslfmae_like_baseline,3,1,3,M10R5N15,1,9.992592592592593e-05,-0.06948639483501513,508.0,505.0,33.897897243499756,2.5645792484283447,36.4624764919281,505.0,505.0,10,5,15
dslfmae_like_baseline,4,1,4,M10R10N5,1,9.98888888888889e-05,0.11680320650339127,257.0,275.0,21.79454779624939,2.1398377418518066,23.934385538101196,275.0,275.0,10,10,5
dslfmae_like_baseline,5,1,5,M10R10N10,1,9.985185185185185e-05,0.008626329246908426,455.0,455.0,41.42243933677673,4.0192506313323975,45.44168996810913,455.0,455.0,10,10,10
dslfmae_like_baseline,6,1,6,M10R10N15,1,9.981481481481481e-05,-0.02021495536901057,755.0,830.0,62.922539472579956,6.057404279708862,68.97994375228882,830.0,830.0,10,10,15
dslfmae_like_baseline,7,1,7,M10R15N5,1,9.977777777777779e-05,-0.000871078654502829,392.0,434.0,32.189496994018555,3.5381741523742676,35.72767114639282,434.0,434.0,10,15,5
dslfmae_like_baseline,8,1,8,M10R15N10,1,9.974074074074075e-05,-0.019034439558163287,638.0,745.0,75.99669861793518,7.817468881607056,83.81416749954224,745.0,745.0,10,15,10
dslfmae_like_baseline,9,1,9,M10R15N15,1,9.970370370370371e-05,0.02229720415198244,1096.0,1412.0,116.84811902046204,11.901644229888916,128.74976325035095,1412.0,1412.0,10,15,15
dslfmae_like_baseline,10,1,10,M15R5N5,1,9.966666666666667e-05,0.717346727848053,164.0,182.0,10.74844479560852,0.9928309917449951,11.741275787353516,182.0,182.0,15,5,5
dslfmae_like_baseline,11,1,11,M15R5N10,1,9.962962962962963e-05,0.07696998957544565,279.0,258.0,19.011563062667847,1.7971758842468262,20.808738946914673,258.0,258.0,15,5,10
dslfmae_like_baseline,12,1,12,M15R5N15,1,9.95925925925926e-05,-0.14038061474760374,339.0,291.0,28.23027205467224,2.514742851257324,30.745014905929565,291.0,291.0,15,5,15
dslfmae_like_baseline,13,1,13,M15R10N5,1,9.955555555555556e-05,0.027663312037475407,148.0,145.0,21.034400701522827,2.39961838722229,23.434019088745117,145.0,145.0,15,10,5
dslfmae_like_baseline,14,1,14,M15R10N10,1,9.951851851851852e-05,-0.012622709706192836,301.0,286.0,49.03720164299011,5.376043081283569,54.41324472427368,286.0,286.0,15,10,10
dslfmae_like_baseline,15,1,15,M15R10N15,1,9.948148148148148e-05,-0.016429984103888275,303.0,256.0,66.68486642837524,7.159167289733887,73.84403371810913,256.0,256.0,15,10,15
dslfmae_like_baseline,16,1,16,M15R15N5,1,9.944444444444446e-05,0.03222811548039317,210.0,197.0,33.99358558654785,4.138118267059326,38.13170385360718,197.0,197.0,15,15,5
dslfmae_like_baseline,17,1,17,M15R15N10,1,9.940740740740742e-05,-0.03382224077358842,412.0,409.0,67.19335746765137,7.850298881530762,75.04365634918213,409.0,409.0,15,15,10
dslfmae_like_baseline,18,1,18,M15R15N15,1,9.937037037037038e-05,-0.0045691926051014365,588.0,700.0,99.90628981590271,11.741936683654785,111.6482264995575,700.0,700.0,15,15,15
dslfmae_like_baseline,19,1,19,M20R5N5,1,9.933333333333334e-05,0.7373224794864655,72.0,70.0,10.60327434539795,0.9687132835388184,11.571987628936768,70.0,70.0,20,5,5
dslfmae_like_baseline,20,1,20,M20R5N10,1,9.92962962962963e-05,-0.16113811172544956,195.0,197.0,20.782726526260376,1.9135394096374512,22.696265935897827,197.0,197.0,20,5,10
dslfmae_like_baseline,21,1,21,M20R5N15,1,9.925925925925926e-05,-0.15484102815389633,327.0,361.0,30.831324815750122,2.985405683517456,33.81673049926758,361.0,361.0,20,5,15
dslfmae_like_baseline,22,1,22,M20R10N5,1,9.922222222222222e-05,0.08836253918707371,109.0,95.0,20.69052767753601,2.238548517227173,22.929076194763184,95.0,95.0,20,10,5
dslfmae_like_baseline,23,1,23,M20R10N10,1,9.918518518518519e-05,0.07417536154389381,259.0,197.0,39.46859645843506,4.290183782577515,43.75878024101257,197.0,197.0,20,10,10
dslfmae_like_baseline,24,1,24,M20R10N15,1,9.914814814814816e-05,-0.06737815793603659,330.0,327.0,66.59648633003235,7.354926824569702,73.95141315460205,327.0,327.0,20,10,15
dslfmae_like_baseline,25,1,25,M20R15N5,1,9.911111111111112e-05,0.022562767611816525,184.0,137.0,31.592207670211792,4.033783435821533,35.625991106033325,137.0,137.0,20,15,5
dslfmae_like_baseline,26,1,26,M20R15N10,1,9.907407407407407e-05,-0.01563820942537859,256.0,268.0,74.05907535552979,9.367535829544067,83.42661118507385,268.0,268.0,20,15,10
dslfmae_like_baseline,27,1,27,M20R15N15,1,9.903703703703705e-05,0.005559446313002679,382.0,387.0,111.27261137962341,13.745232105255127,125.01784348487854,387.0,387.0,20,15,15
dslfmae_like_baseline,28,2,1,M10R5N5,2,9.900000000000001e-05,0.10100179724395275,197.0,176.0,8.266282796859741,0.7051131725311279,8.97139596939087,176.0,187.5,10,5,5
dslfmae_like_baseline,29,2,2,M10R5N10,2,9.896296296296297e-05,0.02551087806932628,366.0,394.0,19.785332441329956,1.7589852809906006,21.544317722320557,357.0,375.5,10,5,10
dslfmae_like_baseline,30,2,3,M10R5N15,2,9.892592592592593e-05,-0.008585196842129031,497.0,491.0,29.42375349998474,2.525696039199829,31.94944953918457,491.0,498.0,10,5,15
dslfmae_like_baseline,31,2,4,M10R10N5,2,9.888888888888889e-05,0.009060314972884953,260.0,296.0,22.360565662384033,2.2682528495788574,24.62881851196289,275.0,285.5,10,10,5
dslfmae_like_baseline,32,2,5,M10R10N10,2,9.885185185185187e-05,-0.009091147027599314,503.0,483.0,42.09493708610535,4.223013639450073,46.31795072555542,455.0,469.0,10,10,10
dslfmae_like_baseline,33,2,6,M10R10N15,2,9.881481481481482e-05,-0.014686964312568307,762.0,831.0,62.0963351726532,6.016711235046387,68.11304640769958,830.0,830.5,10,10,15
dslfmae_like_baseline,34,2,7,M10R15N5,2,9.877777777777778e-05,-0.007106561368952195,392.0,394.0,32.65111446380615,3.604482889175415,36.25559735298157,394.0,414.0,10,15,5
dslfmae_like_baseline,35,2,8,M10R15N10,2,9.874074074074074e-05,-0.03134872335940599,598.0,630.0,75.22935318946838,7.9951012134552,83.22445440292358,630.0,687.5,10,15,10
dslfmae_like_baseline,36,2,9,M10R15N15,2,9.870370370370371e-05,0.021230804908555,1026.0,1144.0,117.2266697883606,12.425866603851318,129.6525363922119,1144.0,1278.0,10,15,15
dslfmae_like_baseline,37,2,10,M15R5N5,2,9.866666666666668e-05,0.42183105647563934,181.0,160.0,11.029770851135254,1.0301406383514404,12.059911489486694,160.0,171.0,15,5,5
dslfmae_like_baseline,38,2,11,M15R5N10,2,9.862962962962964e-05,-0.008743606740608811,240.0,209.0,19.54450821876526,1.7789840698242188,21.323492288589478,209.0,233.5,15,5,10
dslfmae_like_baseline,39,2,12,M15R5N15,2,9.85925925925926e-05,-0.1605064868927002,285.0,272.0,28.395488500595093,2.516719102859497,30.91220760345459,272.0,281.5,15,5,15
dslfmae_like_baseline,40,2,13,M15R10N5,2,9.855555555555556e-05,0.06923694349825382,165.0,157.0,20.783852577209473,2.217226982116699,23.001079559326172,145.0,151.0,15,10,5
dslfmae_like_baseline,41,2,14,M15R10N10,2,9.851851851851852e-05,-0.0012890968064311892,280.0,262.0,48.645769119262695,5.314632415771484,53.96040153503418,262.0,274.0,15,10,10
dslfmae_like_baseline,42,2,15,M15R10N15,2,9.848148148148148e-05,-0.0009470958611927927,288.0,269.0,67.69003224372864,7.24432897567749,74.93436121940613,256.0,262.5,15,10,15
dslfmae_like_baseline,43,2,16,M15R15N5,2,9.844444444444444e-05,-0.03244325192645192,197.0,215.0,34.364447593688965,4.102086067199707,38.46653366088867,197.0,206.0,15,15,5
dslfmae_like_baseline,44,2,17,M15R15N10,2,9.840740740740742e-05,0.05193360410630703,431.0,424.0,68.28260397911072,7.816985368728638,76.09958934783936,409.0,416.5,15,15,10
dslfmae_like_baseline,45,2,18,M15R15N15,2,9.837037037037038e-05,-0.0034470384936347337,627.0,652.0,99.30773949623108,11.06279993057251,110.37053942680359,652.0,676.0,15,15,15
dslfmae_like_baseline,46,2,19,M20R5N5,2,9.833333333333333e-05,0.261172354221344,80.0,66.0,9.706034660339355,0.9570512771606445,10.6630859375,66.0,68.0,20,5,5
dslfmae_like_baseline,47,2,20,M20R5N10,2,9.829629629629629e-05,-0.03372616623528302,195.0,203.0,20.43922448158264,1.886091947555542,22.325316429138184,197.0,200.0,20,5,10
dslfmae_like_baseline,48,2,21,M20R5N15,2,9.825925925925927e-05,-0.03693468123674393,330.0,327.0,31.042557954788208,3.0456809997558594,34.08823895454407,327.0,344.0,20,5,15
dslfmae_like_baseline,49,2,22,M20R10N5,2,9.822222222222223e-05,-0.2722191885113716,107.0,87.0,21.29270601272583,2.2944047451019287,23.58711075782776,87.0,91.0,20,10,5
dslfmae_like_baseline,50,2,23,M20R10N10,2,9.818518518518519e-05,0.13768696412444115,216.0,223.0,39.548709869384766,4.237807750701904,43.78651762008667,197.0,210.0,20,10,10
dslfmae_like_baseline,51,2,24,M20R10N15,2,9.814814814814815e-05,0.04397298507392407,365.0,359.0,66.3029670715332,7.322385311126709,73.62535238265991,327.0,343.0,20,10,15
dslfmae_like_baseline,52,2,25,M20R15N5,2,9.811111111111113e-05,-0.010767669649794698,173.0,156.0,32.4334192276001,4.112576484680176,36.54599571228027,137.0,146.5,20,15,5
dslfmae_like_baseline,53,2,26,M20R15N10,2,9.807407407407407e-05,-0.020775505667552353,270.0,305.0,76.0656955242157,9.44327449798584,85.50897002220154,268.0,286.5,20,15,10
dslfmae_like_baseline,54,2,27,M20R15N15,2,9.803703703703704e-05,0.0006442185840569437,389.0,400.0,109.30376100540161,14.334457635879517,123.63821864128113,387.0,393.5,20,15,15
dslfmae_like_baseline,55,3,1,M10R5N5,3,9.8e-05,0.1695970632135868,206.0,192.0,8.28093433380127,0.7274730205535889,9.008407354354858,176.0,189.0,10,5,5
dslfmae_like_baseline,56,3,2,M10R5N10,3,9.796296296296297e-05,0.027352189412340522,377.0,360.0,19.838603019714355,1.7174484729766846,21.55605149269104,357.0,370.3333333333333,10,5,10
dslfmae_like_baseline,57,3,3,M10R5N15,3,9.792592592592593e-05,-0.04172958185275396,493.0,512.0,29.506181478500366,2.4975154399871826,32.00369691848755,491.0,502.6666666666667,10,5,15
dslfmae_like_baseline,58,3,4,M10R10N5,3,9.78888888888889e-05,0.03654596698470414,271.0,262.0,21.898710250854492,2.1947882175445557,24.093498468399048,262.0,277.6666666666667,10,10,5
dslfmae_like_baseline,59,3,5,M10R10N10,3,9.785185185185186e-05,-0.0035894837783416733,504.0,451.0,41.90553426742554,3.963707208633423,45.86924147605896,451.0,463.0,10,10,10
dslfmae_like_baseline,60,3,6,M10R10N15,3,9.781481481481482e-05,-0.03750828998163343,744.0,875.0,62.66532325744629,5.96437668800354,68.62969994544983,830.0,845.3333333333334,10,10,15
dslfmae_like_baseline,61,3,7,M10R15N5,3,9.777777777777778e-05,0.005258691594159852,407.0,392.0,31.695860385894775,3.507658004760742,35.20351839065552,392.0,406.6666666666667,10,15,5
dslfmae_like_baseline,62,3,8,M10R15N10,3,9.774074074074074e-05,-0.03597768936306238,618.0,680.0,74.4082305431366,7.944002389907837,82.35223293304443,630.0,685.0,10,15,10
dslfmae_like_baseline,63,3,9,M10R15N15,3,9.77037037037037e-05,0.02866243798052892,1061.0,1192.0,116.91484785079956,12.587591171264648,129.5024390220642,1144.0,1249.3333333333333,10,15,15
dslfmae_like_baseline,64,3,10,M15R5N5,3,9.766666666666668e-05,0.10603661090135574,146.0,170.0,11.019136905670166,1.0348432064056396,12.053980112075806,160.0,170.66666666666666,15,5,5
dslfmae_like_baseline,65,3,11,M15R5N10,3,9.762962962962964e-05,0.029171206522732973,246.0,287.0,19.495550632476807,1.7150909900665283,21.210641622543335,209.0,251.33333333333334,15,5,10
dslfmae_like_baseline,66,3,12,M15R5N15,3,9.75925925925926e-05,-0.05476840833822886,275.0,286.0,28.652278423309326,2.531078338623047,31.183356761932373,272.0,283.0,15,5,15
dslfmae_like_baseline,67,3,13,M15R10N5,3,9.755555555555555e-05,0.08400879614055157,165.0,157.0,21.260100841522217,2.2154459953308105,23.475546836853027,145.0,153.0,15,10,5
dslfmae_like_baseline,68,3,14,M15R10N10,3,9.751851851851852e-05,-0.016056257009040564,305.0,316.0,68.35480451583862,11.243070125579834,79.59787464141846,262.0,288.0,15,10,10
dslfmae_like_baseline,69,3,15,M15R10N15,3,9.748148148148149e-05,-0.013142219977453351,284.0,303.0,142.75756454467773,9.79778265953064,152.55534720420837,256.0,276.0,15,10,15
dslfmae_like_baseline,70,3,16,M15R15N5,3,9.744444444444445e-05,-0.0447645615786314,197.0,192.0,34.325178146362305,4.083653688430786,38.40883183479309,192.0,201.33333333333334,15,15,5
dslfmae_like_baseline,71,3,17,M15R15N10,3,9.740740740740741e-05,0.05817670915275812,438.0,417.0,66.67829990386963,7.767829418182373,74.446129322052,409.0,416.6666666666667,15,15,10
dslfmae_like_baseline,72,3,18,M15R15N15,3,9.737037037037038e-05,-0.010126404713706247,642.0,692.0,98.7142653465271,11.003297567367554,109.71756291389465,652.0,681.3333333333334,15,15,15
dslfmae_like_baseline,73,3,19,M20R5N5,3,9.733333333333335e-05,0.045896600000560284,70.0,77.0,9.887173652648926,0.9515740871429443,10.83874773979187,66.0,71.0,20,5,5
dslfmae_like_baseline,74,3,20,M20R5N10,3,9.72962962962963e-05,-0.034031143644824624,195.0,203.0,20.52834916114807,1.9258153438568115,22.454164505004883,197.0,201.0,20,5,10
dslfmae_like_baseline,75,3,21,M20R5N15,3,9.725925925925926e-05,0.03203153470531106,326.0,354.0,31.089235305786133,3.2480955123901367,34.33733081817627,327.0,347.3333333333333,20,5,15
dslfmae_like_baseline,76,3,22,M20R10N5,3,9.722222222222223e-05,-0.0645235744304955,102.0,91.0,21.766915559768677,2.2067770957946777,23.973692655563354,87.0,91.0,20,10,5
dslfmae_like_baseline,77,3,23,M20R10N10,3,9.718518518518519e-05,0.009807346776748696,214.0,251.0,38.78167104721069,4.27265477180481,43.0543258190155,197.0,223.66666666666666,20,10,10
dslfmae_like_baseline,78,3,24,M20R10N15,3,9.714814814814815e-05,0.01758741498924792,359.0,366.0,66.22690033912659,7.210521697998047,73.43742203712463,327.0,350.6666666666667,20,10,15
dslfmae_like_baseline,79,3,25,M20R15N5,3,9.711111111111111e-05,-0.03459028294309974,151.0,167.0,32.087640047073364,3.9488325119018555,36.03647255897522,137.0,153.33333333333334,20,15,5
dslfmae_like_baseline,80,3,26,M20R15N10,3,9.707407407407409e-05,0.04842629004269838,292.0,294.0,74.99114346504211,9.182437419891357,84.17358088493347,268.0,289.0,20,15,10
dslfmae_like_baseline,81,3,27,M20R15N15,3,9.703703703703704e-05,-0.032383485165025504,359.0,375.0,110.49721026420593,13.976350784301758,124.47356104850769,375.0,387.3333333333333,20,15,15
dslfmae_like_baseline,82,4,1,M10R5N5,4,9.7e-05,0.14878058806061745,207.0,211.0,8.228980779647827,0.7257852554321289,8.954766035079956,176.0,194.5,10,5,5
dslfmae_like_baseline,83,4,2,M10R5N10,4,9.696296296296296e-05,0.04277787450700998,392.0,407.0,19.93354845046997,1.714367389678955,21.647915840148926,357.0,379.5,10,5,10
dslfmae_like_baseline,84,4,3,M10R5N15,4,9.692592592592594e-05,-0.06395236402750015,504.0,520.0,29.37460970878601,2.4826037883758545,31.857213497161865,491.0,507.0,10,5,15
dslfmae_like_baseline,85,4,4,M10R10N5,4,9.68888888888889e-05,0.042424690909683704,271.0,260.0,21.978262186050415,2.125115156173706,24.10337734222412,260.0,273.25,10,10,5
dslfmae_like_baseline,86,4,5,M10R10N10,4,9.685185185185186e-05,0.0033254945398463556,502.0,477.0,41.79617977142334,4.000976800918579,45.79715657234192,451.0,466.5,10,10,10
dslfmae_like_baseline,87,4,6,M10R10N15,4,9.681481481481482e-05,-0.01991984387859702,772.0,889.0,62.09304642677307,5.948773145675659,68.04181957244873,830.0,856.25,10,10,15
dslfmae_like_baseline,88,4,7,M10R15N5,4,9.677777777777778e-05,-0.014258425449952483,379.0,411.0,32.79460096359253,3.5431437492370605,36.33774471282959,392.0,407.75,10,15,5
dslfmae_like_baseline,89,4,8,M10R15N10,4,9.674074074074074e-05,-0.012859367905184627,640.0,786.0,74.01133465766907,7.765793800354004,81.77712845802307,630.0,710.25,10,15,10
dslfmae_like_baseline,90,4,9,M10R15N15,4,9.67037037037037e-05,0.03766865254146978,1127.0,1150.0,116.31337261199951,12.25589919090271,128.56927180290222,1144.0,1224.5,10,15,15
dslfmae_like_baseline,91,4,10,M15R5N5,4,9.666666666666667e-05,0.3866041824221611,202.0,181.0,10.939477920532227,0.9829144477844238,11.92239236831665,160.0,173.25,15,5,5
dslfmae_like_baseline,92,4,11,M15R5N10,4,9.662962962962964e-05,-0.0987812066450715,241.0,261.0,19.525548458099365,1.768949031829834,21.2944974899292,209.0,253.75,15,5,10
dslfmae_like_baseline,93,4,12,M15R5N15,4,9.65925925925926e-05,-0.14471065625548363,276.0,275.0,28.537322521209717,2.6313517093658447,31.16867423057556,272.0,281.0,15,5,15
dslfmae_like_baseline,94,4,13,M15R10N5,4,9.655555555555555e-05,0.06828312762081623,164.0,158.0,20.95845317840576,2.2227940559387207,23.181247234344482,145.0,154.25,15,10,5
dslfmae_like_baseline,95,4,14,M15R10N10,4,9.651851851851851e-05,-0.007812193944118917,276.0,325.0,49.14256191253662,5.251116514205933,54.393678426742554,262.0,297.25,15,10,10
dslfmae_like_baseline,96,4,15,M15R10N15,4,9.648148148148149e-05,0.007187977456487716,270.0,313.0,66.39763903617859,6.9048545360565186,73.30249357223511,256.0,285.25,15,10,15
dslfmae_like_baseline,97,4,16,M15R15N5,4,9.644444444444445e-05,-0.025219411123543978,200.0,213.0,34.603036880493164,4.446160793304443,39.04919767379761,192.0,204.25,15,15,5
dslfmae_like_baseline,98,4,17,M15R15N10,4,9.640740740740741e-05,0.03412630809471011,431.0,415.0,68.23504304885864,7.709108114242554,75.9441511631012,409.0,416.25,15,15,10
dslfmae_like_baseline,99,4,18,M15R15N15,4,9.637037037037037e-05,0.006934107983917264,614.0,694.0,100.2342631816864,11.242244720458984,111.47650790214539,652.0,684.5,15,15,15
dslfmae_like_baseline,100,4,19,M20R5N5,4,9.633333333333335e-05,0.4634275659918785,92.0,63.0,10.011487007141113,0.9569301605224609,10.968417167663574,63.0,69.0,20,5,5
dslfmae_like_baseline,101,4,20,M20R5N10,4,9.629629629629631e-05,-0.10834726318717003,195.0,193.0,20.732189655303955,1.9186716079711914,22.650861263275146,193.0,199.0,20,5,10
dslfmae_like_baseline,102,4,21,M20R5N15,4,9.625925925925926e-05,-0.07801131655772527,334.0,327.0,30.89070439338684,2.9815638065338135,33.872268199920654,327.0,342.25,20,5,15
dslfmae_like_baseline,103,4,22,M20R10N5,4,9.622222222222222e-05,-0.3607296198606491,91.0,94.0,20.163941621780396,2.232051134109497,22.395992755889893,87.0,91.75,20,10,5
dslfmae_like_baseline,104,4,23,M20R10N10,4,9.61851851851852e-05,0.18009265760580698,226.0,212.0,38.63311791419983,4.1836464405059814,42.81676435470581,197.0,220.75,20,10,10
dslfmae_like_baseline,105,4,24,M20R10N15,4,9.614814814814816e-05,0.11593576036393642,331.0,412.0,66.24882507324219,7.21257758140564,73.46140265464783,327.0,366.0,20,10,15
dslfmae_like_baseline,106,4,25,M20R15N5,4,9.611111111111112e-05,-0.05582492550214132,158.0,215.0,31.903703689575195,3.9183545112609863,35.82205820083618,137.0,168.75,20,15,5
dslfmae_like_baseline,107,4,26,M20R15N10,4,9.607407407407408e-05,0.02379123875871301,253.0,306.0,76.09140968322754,9.656373500823975,85.74778318405151,268.0,293.25,20,15,10
dslfmae_like_baseline,108,4,27,M20R15N15,4,9.603703703703704e-05,-0.017901792357276593,375.0,370.0,110.34134554862976,13.297850847244263,123.63919639587402,370.0,383.0,20,15,15
dslfmae_like_baseline,109,5,1,M10R5N5,5,9.6e-05,0.16409391537308693,196.0,182.0,8.048906803131104,0.7251310348510742,8.774037837982178,176.0,192.0,10,5,5
dslfmae_like_baseline,110,5,2,M10R5N10,5,9.596296296296296e-05,0.03495523799210787,394.0,357.0,19.78872847557068,1.7251875400543213,21.513916015625,357.0,375.0,10,5,10
dslfmae_like_baseline,111,5,3,M10R5N15,5,9.592592592592593e-05,-0.0020911754205978164,512.0,503.0,28.810040712356567,2.4608054161071777,31.270846128463745,491.0,506.2,10,5,15
dslfmae_like_baseline,112,5,4,M10R10N5,5,9.58888888888889e-05,0.02583962702192366,274.0,244.0,23.012321710586548,2.3204634189605713,25.33278512954712,244.0,267.4,10,10,5
dslfmae_like_baseline,113,5,5,M10R10N10,5,9.585185185185186e-05,-0.030978982026378315,477.0,480.0,42.32070064544678,4.044651508331299,46.365352153778076,451.0,469.2,10,10,10
dslfmae_like_baseline,114,5,6,M10R10N15,5,9.581481481481482e-05,-0.014482835517264902,795.0,846.0,62.59440636634827,5.884899616241455,68.47930598258972,830.0,854.2,10,10,15
dslfmae_like_baseline,115,5,7,M10R15N5,5,9.577777777777777e-05,0.0012719266039008896,386.0,413.0,32.571558237075806,3.556889057159424,36.12844729423523,392.0,408.8,10,15,5
dslfmae_like_baseline,116,5,8,M10R15N10,5,9.574074074074075e-05,-0.01225370008032769,630.0,777.0,74.50330209732056,7.843034982681274,82.34633708000183,630.0,723.6,10,15,10
dslfmae_like_baseline,117,5,9,M10R15N15,5,9.570370370370371e-05,0.022166015987750143,1035.0,1272.0,116.00705170631409,12.910065412521362,128.91711711883545,1144.0,1234.0,10,15,15
dslfmae_like_baseline,118,5,10,M15R5N5,5,9.566666666666667e-05,0.22391720488667488,187.0,183.0,10.889524459838867,1.027090072631836,11.916614532470703,160.0,175.2,15,5,5
dslfmae_like_baseline,119,5,11,M15R5N10,5,9.562962962962963e-05,-0.024763899156823754,264.0,239.0,19.173608541488647,1.8131675720214844,20.986776113510132,209.0,250.8,15,5,10
dslfmae_like_baseline,120,5,12,M15R5N15,5,9.55925925925926e-05,-0.13414261179665724,284.0,285.0,28.449970960617065,2.6576833724975586,31.107654333114624,272.0,281.8,15,5,15
dslfmae_like_baseline,121,5,13,M15R10N5,5,9.555555555555557e-05,0.08110122382640839,158.0,179.0,20.92484951019287,2.2081894874572754,23.133038997650146,145.0,159.2,15,10,5
dslfmae_like_baseline,122,5,14,M15R10N10,5,9.551851851851852e-05,0.011256208032136783,264.0,307.0,50.17396020889282,5.562886714935303,55.736846923828125,262.0,299.2,15,10,10
dslfmae_like_baseline,123,5,15,M15R10N15,5,9.548148148148148e-05,-0.020082032214850186,270.0,279.0,69.14814329147339,7.452620029449463,76.60076332092285,256.0,284.0,15,10,15
dslfmae_like_baseline,124,5,16,M15R15N5,5,9.544444444444445e-05,0.010475480502160886,219.0,224.0,33.79481482505798,4.156731605529785,37.95154643058777,192.0,208.2,15,15,5
dslfmae_like_baseline,125,5,17,M15R15N10,5,9.540740740740741e-05,0.002113252518756781,451.0,456.0,66.2890100479126,7.622701406478882,73.91171145439148,409.0,424.2,15,15,10
dslfmae_like_baseline,126,5,18,M15R15N15,5,9.537037037037038e-05,0.005857549108830946,618.0,734.0,100.88841080665588,11.197943687438965,112.08635449409485,652.0,694.4,15,15,15
dslfmae_like_baseline,127,5,19,M20R5N5,5,9.533333333333334e-05,0.07781844772398472,73.0,65.0,9.92325758934021,1.018923044204712,10.942180633544922,63.0,68.2,20,5,5
dslfmae_like_baseline,128,5,20,M20R5N10,5,9.52962962962963e-05,0.039498583413660526,193.0,195.0,20.596703052520752,1.9856500625610352,22.582353115081787,193.0,198.2,20,5,10
dslfmae_like_baseline,129,5,21,M20R5N15,5,9.525925925925926e-05,0.01064248644009543,327.0,338.0,30.982659578323364,2.9254403114318848,33.90809988975525,327.0,341.4,20,5,15
dslfmae_like_baseline,130,5,22,M20R10N5,5,9.522222222222222e-05,-0.08736995700746775,110.0,107.0,20.48053479194641,2.208573818206787,22.6891086101532,87.0,94.8,20,10,5
dslfmae_like_baseline,131,5,23,M20R10N10,5,9.518518518518518e-05,-0.03539839728424946,226.0,207.0,39.117886781692505,4.255329132080078,43.37321591377258,197.0,218.0,20,10,10
dslfmae_like_baseline,132,5,24,M20R10N15,5,9.514814814814816e-05,0.06562419664114713,326.0,379.0,65.52003765106201,7.11483907699585,72.63487672805786,327.0,368.6,20,10,15
dslfmae_like_baseline,133,5,25,M20R15N5,5,9.511111111111112e-05,-0.05162863526493311,164.0,174.0,31.554454803466797,3.9770753383636475,35.531530141830444,137.0,169.8,20,15,5
dslfmae_like_baseline,134,5,26,M20R15N10,5,9.507407407407408e-05,0.0033833114401204513,267.0,324.0,76.65350317955017,9.491189241409302,86.14469242095947,268.0,299.4,20,15,10
dslfmae_like_baseline,135,5,27,M20R15N15,5,9.503703703703704e-05,-0.005210889299632981,372.0,442.0,112.5909435749054,13.632952213287354,126.22389578819275,370.0,394.8,20,15,15
dslfmae_like_baseline,136,6,1,M10R5N5,6,9.5e-05,0.15886571258306503,212.0,191.0,8.20609736442566,0.7267439365386963,8.932841300964355,176.0,191.83333333333334,10,5,5
dslfmae_like_baseline,137,6,2,M10R5N10,6,9.496296296296297e-05,0.015342351864092052,360.0,354.0,19.96590304374695,1.7419753074645996,21.707878351211548,354.0,371.5,10,5,10
dslfmae_like_baseline,138,6,3,M10R5N15,6,9.492592592592593e-05,-0.021589352594067652,501.0,503.0,28.943263053894043,2.549241781234741,31.492504835128784,491.0,505.6666666666667,10,5,15
dslfmae_like_baseline,139,6,4,M10R10N5,6,9.488888888888889e-05,0.022222822764888406,269.0,265.0,21.53872323036194,2.180659055709839,23.719382286071777,244.0,267.0,10,10,5
dslfmae_like_baseline,140,6,5,M10R10N10,6,9.485185185185187e-05,0.0026460077836721516,510.0,517.0,41.9150185585022,4.026466131210327,45.941484689712524,451.0,477.1666666666667,10,10,10
dslfmae_like_baseline,141,6,6,M10R10N15,6,9.481481481481483e-05,-0.026926952600479125,767.0,847.0,63.0678870677948,5.971247673034668,69.03913474082947,830.0,853.0,10,10,15
dslfmae_like_baseline,142,6,7,M10R15N5,6,9.477777777777779e-05,0.02147390227764845,404.0,393.0,32.70090365409851,3.547872304916382,36.24877595901489,392.0,406.1666666666667,10,15,5
dslfmae_like_baseline,143,6,8,M10R15N10,6,9.474074074074074e-05,-0.040735998377203944,615.0,740.0,75.13058590888977,7.9971888065338135,83.12777471542358,630.0,726.3333333333334,10,15,10
dslfmae_like_baseline,144,6,9,M10R15N15,6,9.470370370370371e-05,0.046301502152346075,1035.0,1256.0,116.4930944442749,12.35531997680664,128.84841442108154,1144.0,1237.6666666666667,10,15,15
dslfmae_like_baseline,145,6,10,M15R5N5,6,9.466666666666667e-05,0.17346104979515076,176.0,194.0,10.7062349319458,1.0295367240905762,11.735771656036377,160.0,178.33333333333334,15,5,5
dslfmae_like_baseline,146,6,11,M15R5N10,6,9.462962962962963e-05,0.0011615848634392023,256.0,233.0,19.032370805740356,1.750661849975586,20.783032655715942,209.0,247.83333333333334,15,5,10
dslfmae_like_baseline,147,6,12,M15R5N15,6,9.45925925925926e-05,-0.0841063167899847,277.0,294.0,28.496909856796265,2.6013846397399902,31.098294496536255,272.0,283.8333333333333,15,5,15
dslfmae_like_baseline,148,6,13,M15R10N5,6,9.455555555555556e-05,-0.0008938984829001129,147.0,157.0,21.946661949157715,2.2982566356658936,24.24491858482361,145.0,158.83333333333334,15,10,5
dslfmae_like_baseline,149,6,14,M15R10N10,6,9.451851851851852e-05,0.02997713757213205,269.0,351.0,50.79253625869751,5.510862588882446,56.303398847579956,262.0,307.8333333333333,15,10,10
dslfmae_like_baseline,150,6,15,M15R10N15,6,9.448148148148148e-05,-0.01848992402665317,280.0,307.0,67.22125625610352,7.0157482624053955,74.23700451850891,256.0,287.8333333333333,15,10,15
dslfmae_like_baseline,151,6,16,M15R15N5,6,9.444444444444444e-05,-0.029709480392436188,193.0,206.0,34.44899272918701,4.1940319538116455,38.64302468299866,192.0,207.83333333333334,15,15,5
dslfmae_like_baseline,152,6,17,M15R15N10,6,9.440740740740742e-05,0.05385588500648737,434.0,479.0,66.97276210784912,7.830422401428223,74.80318450927734,409.0,433.3333333333333,15,15,10
dslfmae_like_baseline,153,6,18,M15R15N15,6,9.437037037037038e-05,-0.017228781578264067,589.0,627.0,99.66614818572998,11.830570220947266,111.49671840667725,627.0,683.1666666666666,15,15,15
dslfmae_like_baseline,154,6,19,M20R5N5,6,9.433333333333334e-05,-0.09155295975506306,69.0,67.0,10.423821926116943,0.95741868019104,11.381240606307983,63.0,68.0,20,5,5
dslfmae_like_baseline,155,6,20,M20R5N10,6,9.42962962962963e-05,0.011269222828559577,203.0,195.0,20.793797492980957,1.9448809623718262,22.738678455352783,193.0,197.66666666666666,20,5,10
dslfmae_like_baseline,156,6,21,M20R5N15,6,9.425925925925926e-05,0.06728244572877884,326.0,350.0,30.944095134735107,2.935723304748535,33.87981843948364,327.0,342.8333333333333,20,5,15
dslfmae_like_baseline,157,6,22,M20R10N5,6,9.422222222222223e-05,-0.038245152216404676,87.0,102.0,20.83605980873108,2.26359486579895,23.09965467453003,87.0,96.0,20,10,5
dslfmae_like_baseline,158,6,23,M20R10N10,6,9.418518518518519e-05,0.007499153318349272,242.0,196.0,40.143526792526245,4.25344181060791,44.396968603134155,196.0,214.33333333333334,20,10,10
dslfmae_like_baseline,159,6,24,M20R10N15,6,9.414814814814815e-05,-0.0034865503635955974,355.0,372.0,66.2459967136383,7.273034334182739,73.51903104782104,327.0,369.1666666666667,20,10,15
dslfmae_like_baseline,160,6,25,M20R15N5,6,9.411111111111111e-05,0.04245555307716131,182.0,160.0,31.93355107307434,3.941621780395508,35.87517285346985,137.0,168.16666666666666,20,15,5
dslfmae_like_baseline,161,6,26,M20R15N10,6,9.407407407407408e-05,-0.06160953510552645,271.0,313.0,73.91299247741699,9.32365894317627,83.23665142059326,268.0,301.6666666666667,20,15,10
dslfmae_like_baseline,162,6,27,M20R15N15,6,9.403703703703705e-05,0.012827102444134653,377.0,357.0,111.97608828544617,13.740175247192383,125.71626353263855,357.0,388.5,20,15,15
dslfmae_like_baseline,163,7,1,M10R5N5,7,9.4e-05,0.10046753846108913,196.0,193.0,8.307262659072876,0.7246875762939453,9.031950235366821,176.0,192.0,10,5,5
dslfmae_like_baseline,164,7,2,M10R5N10,7,9.396296296296297e-05,0.042624032124876976,380.0,361.0,20.041544675827026,1.7080774307250977,21.749622106552124,354.0,370.0,10,5,10
dslfmae_like_baseline,165,7,3,M10R5N15,7,9.392592592592593e-05,-0.04415769098947445,482.0,499.0,29.549232244491577,2.580486297607422,32.129718542099,491.0,504.7142857142857,10,5,15
dslfmae_like_baseline,166,7,4,M10R10N5,7,9.388888888888889e-05,0.027879073517397046,263.0,250.0,22.177295684814453,2.200880527496338,24.37817621231079,244.0,264.57142857142856,10,10,5
dslfmae_like_baseline,167,7,5,M10R10N10,7,9.385185185185185e-05,0.005208623673145969,490.0,479.0,41.31237077713013,4.024878263473511,45.33724904060364,451.0,477.42857142857144,10,10,10
dslfmae_like_baseline,168,7,6,M10R10N15,7,9.381481481481482e-05,-0.008543161815032363,793.0,887.0,61.147289752960205,5.789631366729736,66.93692111968994,830.0,857.8571428571429,10,10,15
dslfmae_like_baseline,169,7,7,M10R15N5,7,9.377777777777779e-05,-0.0036895806163859866,407.0,391.0,32.18960475921631,3.6119861602783203,35.80159091949463,391.0,404.0,10,15,5
dslfmae_like_baseline,170,7,8,M10R15N10,7,9.374074074074075e-05,-0.01877115243114531,621.0,633.0,76.92509627342224,8.21385645866394,85.13895273208618,630.0,713.0,10,15,10
dslfmae_like_baseline,171,7,9,M10R15N15,7,9.37037037037037e-05,0.028187945776153356,1054.0,1109.0,116.02509593963623,12.521673202514648,128.54676914215088,1109.0,1219.2857142857142,10,15,15
dslfmae_like_baseline,172,7,10,M15R5N5,7,9.366666666666668e-05,0.19769855961203575,175.0,174.0,11.038790225982666,0.9898433685302734,12.02863359451294,160.0,177.71428571428572,15,5,5
dslfmae_like_baseline,173,7,11,M15R5N10,7,9.362962962962964e-05,-0.04923471715301275,219.0,228.0,19.47703528404236,1.755094289779663,21.23212957382202,209.0,245.0,15,5,10
dslfmae_like_baseline,174,7,12,M15R5N15,7,9.35925925925926e-05,-0.03651125069397191,289.0,280.0,28.30669379234314,2.5933239459991455,30.900017738342285,272.0,283.2857142857143,15,5,15
dslfmae_like_baseline,175,7,13,M15R10N5,7,9.355555555555556e-05,0.00891489686910063,148.0,179.0,20.56906771659851,2.192033290863037,22.761101007461548,145.0,161.71428571428572,15,10,5
dslfmae_like_baseline,176,7,14,M15R10N10,7,9.351851851851852e-05,-0.009813391778152436,275.0,351.0,49.44443464279175,5.253246307373047,54.697680950164795,262.0,314.0,15,10,10
dslfmae_like_baseline,177,7,15,M15R10N15,7,9.348148148148148e-05,0.003090260099270381,275.0,314.0,70.30428338050842,7.080785274505615,77.38506865501404,256.0,291.57142857142856,15,10,15
dslfmae_like_baseline,178,7,16,M15R15N5,7,9.344444444444444e-05,-0.023651113423208397,202.0,204.0,34.639378786087036,4.105581998825073,38.74496078491211,192.0,207.28571428571428,15,15,5
dslfmae_like_baseline,179,7,17,M15R15N10,7,9.34074074074074e-05,0.026819148566573858,427.0,422.0,68.10958695411682,7.826727867126465,75.93631482124329,409.0,431.7142857142857,15,15,10
dslfmae_like_baseline,180,7,18,M15R15N15,7,9.337037037037037e-05,0.0026868420453476055,566.0,673.0,99.05487036705017,11.054738998413086,110.10960936546326,627.0,681.7142857142857,15,15,15
dslfmae_like_baseline,181,7,19,M20R5N5,7,9.333333333333334e-05,0.1678319163620472,76.0,72.0,10.043456077575684,0.9555089473724365,10.99896502494812,63.0,68.57142857142857,20,5,5
dslfmae_like_baseline,182,7,20,M20R5N10,7,9.32962962962963e-05,-0.04955635592341423,193.0,195.0,20.452438831329346,1.9438927173614502,22.396331548690796,193.0,197.28571428571428,20,5,10
dslfmae_like_baseline,183,7,21,M20R5N15,7,9.325925925925927e-05,-0.013301427088057002,327.0,342.0,30.685262441635132,2.953770875930786,33.63903331756592,327.0,342.7142857142857,20,5,15
dslfmae_like_baseline,184,7,22,M20R10N5,7,9.322222222222223e-05,-0.20202658884227276,100.0,92.0,21.940752267837524,2.344200849533081,24.284953117370605,87.0,95.42857142857143,20,10,5
dslfmae_like_baseline,185,7,23,M20R10N10,7,9.318518518518519e-05,0.034235192773242794,213.0,228.0,39.58091068267822,4.231742858886719,43.81265354156494,196.0,216.28571428571428,20,10,10
dslfmae_like_baseline,186,7,24,M20R10N15,7,9.314814814814815e-05,0.11753409840166569,379.0,431.0,65.33823323249817,7.248677015304565,72.58691024780273,327.0,378.0,20,10,15
dslfmae_like_baseline,187,7,25,M20R15N5,7,9.311111111111111e-05,-0.05141222787400087,177.0,174.0,31.421465396881104,3.9124677181243896,35.33393311500549,137.0,169.0,20,15,5
dslfmae_like_baseline,188,7,26,M20R15N10,7,9.307407407407407e-05,0.005886661686236039,307.0,302.0,75.34451651573181,9.411639213562012,84.75615572929382,268.0,301.7142857142857,20,15,10
dslfmae_like_baseline,189,7,27,M20R15N15,7,9.303703703703705e-05,-0.021398439271641628,406.0,450.0,108.28273749351501,14.264894962310791,122.5476324558258,357.0,397.2857142857143,20,15,15
dslfmae_like_baseline,190,8,1,M10R5N5,8,9.3e-05,0.07762914709746838,190.0,193.0,8.61229944229126,0.7615790367126465,9.373878479003906,176.0,192.125,10,5,5
dslfmae_like_baseline,191,8,2,M10R5N10,8,9.296296296296296e-05,0.021644834661856294,385.0,449.0,19.832865476608276,1.703258991241455,21.53612446784973,354.0,379.875,10,5,10
dslfmae_like_baseline,192,8,3,M10R5N15,8,9.292592592592593e-05,0.000697217716757829,502.0,509.0,30.692431211471558,2.0488672256469727,32.74129843711853,491.0,505.25,10,5,15
dslfmae_like_baseline,193,8,4,M10R10N5,8,9.28888888888889e-05,0.014044968062080443,266.0,274.0,18.96145796775818,1.8491475582122803,20.81060552597046,244.0,265.75,10,10,5
dslfmae_like_baseline,194,8,5,M10R10N10,8,9.285185185185186e-05,0.005055005972584088,526.0,544.0,35.5179226398468,3.398345947265625,38.91626858711243,451.0,485.75,10,10,10
dslfmae_like_baseline,195,8,6,M10R10N15,8,9.281481481481482e-05,-0.021021294733509423,773.0,804.0,54.0988450050354,4.996925115585327,59.09577012062073,804.0,851.125,10,10,15
dslfmae_like_baseline,196,8,7,M10R15N5,8,9.277777777777778e-05,-0.0016459847101941705,409.0,422.0,27.827698707580566,3.024139404296875,30.85183811187744,391.0,406.25,10,15,5
dslfmae_like_baseline,197,8,8,M10R15N10,8,9.274074074074076e-05,-0.014856694778427482,619.0,733.0,63.48024606704712,6.722055912017822,70.20230197906494,630.0,715.5,10,15,10
dslfmae_like_baseline,198,8,9,M10R15N15,8,9.27037037037037e-05,0.01508607403957285,1023.0,1146.0,98.74718737602234,11.456460952758789,110.20364832878113,1109.0,1210.125,10,15,15
dslfmae_like_baseline,199,8,10,M15R5N5,8,9.266666666666666e-05,0.03968902491033077,157.0,163.0,9.331897497177124,0.8192911148071289,10.151188611984253,160.0,175.875,15,5,5
dslfmae_like_baseline,200,8,11,M15R5N10,8,9.262962962962963e-05,-0.025451140943914652,230.0,268.0,16.24388289451599,1.4101502895355225,17.654033184051514,209.0,247.875,15,5,10
dslfmae_like_baseline,201,8,12,M15R5N15,8,9.25925925925926e-05,-0.032704923301935196,251.0,268.0,24.144323348999023,2.0483028888702393,26.192626237869263,268.0,281.375,15,5,15
dslfmae_like_baseline,202,8,13,M15R10N5,8,9.255555555555556e-05,0.012061553541570902,147.0,161.0,17.58112072944641,1.8300597667694092,19.41118049621582,145.0,161.625,15,10,5
dslfmae_like_baseline,203,8,14,M15R10N10,8,9.251851851851852e-05,0.03138558298815042,287.0,365.0,42.201120138168335,4.607781410217285,46.80890154838562,262.0,320.375,15,10,10
dslfmae_like_baseline,204,8,15,M15R10N15,8,9.248148148148149e-05,-0.012332088476978243,298.0,308.0,58.33007574081421,6.190854549407959,64.52093029022217,256.0,293.625,15,10,15
dslfmae_like_baseline,205,8,16,M15R15N5,8,9.244444444444445e-05,-0.021566786454059184,205.0,206.0,30.031455278396606,3.6025819778442383,33.634037256240845,192.0,207.125,15,15,5
dslfmae_like_baseline,206,8,17,M15R15N10,8,9.240740740740741e-05,0.010763048205990344,390.0,457.0,56.5520293712616,6.436001539230347,62.98803091049194,409.0,434.875,15,15,10
dslfmae_like_baseline,207,8,18,M15R15N15,8,9.237037037037037e-05,0.030138077480452403,607.0,669.0,87.13556814193726,9.481281518936157,96.61684966087341,627.0,680.125,15,15,15
dslfmae_like_baseline,208,8,19,M20R5N5,8,9.233333333333333e-05,0.13713575527071953,82.0,73.0,8.404446840286255,0.7569212913513184,9.161368131637573,63.0,69.125,20,5,5
dslfmae_like_baseline,209,8,20,M20R5N10,8,9.229629629629631e-05,-0.022689562290906906,193.0,193.0,17.493683576583862,1.599001407623291,19.092684984207153,193.0,196.75,20,5,10
dslfmae_like_baseline,210,8,21,M20R5N15,8,9.225925925925927e-05,-0.0002707860548980534,325.0,325.0,26.37259292602539,2.439120054244995,28.811712980270386,325.0,340.5,20,5,15
dslfmae_like_baseline,211,8,22,M20R10N5,8,9.222222222222223e-05,-0.1775825209915638,100.0,90.0,17.65074586868286,1.9050617218017578,19.55580759048462,87.0,94.75,20,10,5
dslfmae_like_baseline,212,8,23,M20R10N10,8,9.218518518518519e-05,0.023372219565014046,206.0,216.0,33.385287046432495,3.5192201137542725,36.90450716018677,196.0,216.25,20,10,10
dslfmae_like_baseline,213,8,24,M20R10N15,8,9.214814814814815e-05,0.1369626119732857,344.0,433.0,56.32534670829773,6.176095485687256,62.501442193984985,327.0,384.875,20,10,15
dslfmae_like_baseline,214,8,25,M20R15N5,8,9.211111111111112e-05,-0.04016628861427307,193.0,160.0,27.273594617843628,3.444901704788208,30.718496322631836,137.0,167.875,20,15,5
dslfmae_like_baseline,215,8,26,M20R15N10,8,9.207407407407408e-05,-0.03377187168225646,258.0,302.0,74.0271348953247,8.831786155700684,82.85892105102539,268.0,301.75,20,15,10
dslfmae_like_baseline,216,8,27,M20R15N15,8,9.203703703703704e-05,0.010963799199089408,382.0,400.0,132.9902365207672,27.337690353393555,160.32792687416077,357.0,397.625,20,15,15
dslfmae_like_baseline,217,9,1,M10R5N5,9,9.200000000000001e-05,0.1070016622543335,194.0,205.0,17.808396100997925,1.4710509777069092,19.279447078704834,176.0,193.55555555555554,10,5,5
dslfmae_like_baseline,218,9,2,M10R5N10,9,9.196296296296296e-05,0.004041353196953423,371.0,417.0,43.38694453239441,3.557431936264038,46.94437646865845,354.0,384.0,10,5,10
dslfmae_like_baseline,219,9,3,M10R5N15,9,9.192592592592592e-05,0.013375143714559576,504.0,524.0,63.993234634399414,5.201639413833618,69.19487404823303,491.0,507.3333333333333,10,5,15
dslfmae_like_baseline,220,9,4,M10R10N5,9,9.188888888888888e-05,0.046236776281148195,292.0,256.0,48.47835659980774,4.56508994102478,53.04344654083252,244.0,264.6666666666667,10,10,5
dslfmae_like_baseline,221,9,5,M10R10N10,9,9.185185185185186e-05,-0.041065079160034657,502.0,495.0,91.80457425117493,8.591494083404541,100.39606833457947,451.0,486.77777777777777,10,10,10
dslfmae_like_baseline,222,9,6,M10R10N15,9,9.181481481481482e-05,0.01290266556898132,828.0,789.0,126.4017403125763,6.359705209732056,132.76144552230835,789.0,844.2222222222222,10,10,15
dslfmae_like_baseline,223,9,7,M10R15N5,9,9.177777777777778e-05,-0.04074188368394971,380.0,367.0,65.99956321716309,7.470104932785034,73.46966814994812,367.0,401.8888888888889,10,15,5
dslfmae_like_baseline,224,9,8,M10R15N10,9,9.174074074074074e-05,0.038683855533599855,656.0,703.0,164.44773721694946,16.889347553253174,181.33708477020264,630.0,714.1111111111111,10,15,10
dslfmae_like_baseline,225,9,9,M10R15N15,9,9.170370370370372e-05,-0.014388824813067913,1048.0,1071.0,259.9662375450134,26.561940908432007,286.52817845344543,1071.0,1194.6666666666667,10,15,15
dslfmae_like_baseline,226,9,10,M15R5N5,9,9.166666666666667e-05,0.030736649874597788,162.0,170.0,23.906206130981445,2.1066431999206543,26.0128493309021,160.0,175.22222222222223,15,5,5
dslfmae_like_baseline,227,9,11,M15R5N10,9,9.162962962962963e-05,-0.004546402764390223,258.0,257.0,42.029772996902466,3.6236636638641357,45.6534366607666,209.0,248.88888888888889,15,5,10
dslfmae_like_baseline,228,9,12,M15R5N15,9,9.159259259259259e-05,-0.027799781256665785,288.0,274.0,61.909600019454956,5.2984843254089355,67.20808434486389,268.0,280.55555555555554,15,5,15
dslfmae_like_baseline,229,9,13,M15R10N5,9,9.155555555555557e-05,0.0875244215130806,173.0,161.0,45.6250479221344,4.53268575668335,50.15773367881775,145.0,161.55555555555554,15,10,5
dslfmae_like_baseline,230,9,14,M15R10N10,9,9.151851851851853e-05,-0.04884879873134196,276.0,367.0,110.37409353256226,11.14200735092163,121.51610088348389,262.0,325.55555555555554,15,10,10
dslfmae_like_baseline,231,9,15,M15R10N15,9,9.148148148148149e-05,-0.004931077675428242,273.0,305.0,148.63126802444458,14.716129779815674,163.34739780426025,256.0,294.8888888888889,15,10,15
dslfmae_like_baseline,232,9,16,M15R15N5,9,9.144444444444444e-05,-0.002215389395132661,206.0,188.0,74.3112690448761,8.478989839553833,82.79025888442993,188.0,205.0,15,15,5
dslfmae_like_baseline,233,9,17,M15R15N10,9,9.140740740740741e-05,0.04716076254844666,418.0,395.0,147.6044852733612,16.048908710479736,163.65339398384094,395.0,430.44444444444446,15,15,10
dslfmae_like_baseline,234,9,18,M15R15N15,9,9.137037037037037e-05,0.015744588936546018,596.0,668.0,218.8848898410797,23.01379680633545,241.89868664741516,627.0,678.7777777777778,15,15,15
dslfmae_like_baseline,235,9,19,M20R5N5,9,9.133333333333334e-05,-0.19877023622393608,69.0,63.0,21.72227382659912,1.9117698669433594,23.63404369354248,63.0,68.44444444444444,20,5,5
dslfmae_like_baseline,236,9,20,M20R5N10,9,9.12962962962963e-05,0.07290480099618435,197.0,193.0,45.01098918914795,4.033887147903442,49.04487633705139,193.0,196.33333333333334,20,5,10
dslfmae_like_baseline,237,9,21,M20R5N15,9,9.125925925925927e-05,0.06035148911178112,327.0,329.0,67.62751865386963,6.0356285572052,73.66314721107483,325.0,339.22222222222223,20,5,15
dslfmae_like_baseline,238,9,22,M20R10N5,9,9.122222222222223e-05,0.11643781699240208,108.0,91.0,45.70017051696777,4.522750616073608,50.22292113304138,87.0,94.33333333333333,20,10,5
dslfmae_like_baseline,239,9,23,M20R10N10,9,9.11851851851852e-05,-0.05352219163129727,236.0,225.0,86.47402667999268,8.606207847595215,95.08023452758789,196.0,217.22222222222223,20,10,10
dslfmae_like_baseline,240,9,24,M20R10N15,9,9.114814814814814e-05,-0.029624460078775883,340.0,400.0,143.9487509727478,14.553907632827759,158.50265860557556,327.0,386.55555555555554,20,10,15
dslfmae_like_baseline,241,9,25,M20R15N5,9,9.111111111111112e-05,0.02792319965859254,180.0,191.0,69.30441856384277,8.091469764709473,77.39588832855225,137.0,170.44444444444446,20,15,5
dslfmae_like_baseline,242,9,26,M20R15N10,9,9.107407407407408e-05,-0.049490785039961335,267.0,274.0,165.1734743118286,19.258138179779053,184.43161249160767,268.0,298.6666666666667,20,15,10
dslfmae_like_baseline,243,9,27,M20R15N15,9,9.103703703703704e-05,0.012066510572497333,363.0,375.0,245.3254041671753,27.217220544815063,272.54262471199036,357.0,395.1111111111111,20,15,15
dslfmae_like_baseline,244,10,1,M10R5N5,10,9.1e-05,0.11034602858126163,213.0,204.0,17.95122766494751,1.4559476375579834,19.407175302505493,176.0,194.6,10,5,5
dslfmae_like_baseline,245,10,2,M10R5N10,10,9.096296296296298e-05,0.07230015192180872,436.0,354.0,43.15907430648804,3.6090471744537354,46.76812148094177,354.0,381.0,10,5,10
dslfmae_like_baseline,246,10,3,M10R5N15,10,9.092592592592593e-05,-0.08167051337659359,489.0,467.0,63.94199347496033,5.302777290344238,69.24477076530457,467.0,503.3,10,5,15
dslfmae_like_baseline,247,10,4,M10R10N5,10,9.088888888888889e-05,0.014909561665263027,248.0,253.0,48.295400857925415,4.543025732040405,52.83842658996582,244.0,263.5,10,10,5
dslfmae_like_baseline,248,10,5,M10R10N10,10,9.085185185185185e-05,0.0307182134129107,453.0,475.0,93.32827305793762,8.488094568252563,101.81636762619019,451.0,485.6,10,10,10
dslfmae_like_baseline,249,10,6,M10R10N15,10,9.081481481481482e-05,-0.0018568851402960718,735.0,781.0,135.43584036827087,12.428889274597168,147.86472964286804,781.0,837.9,10,10,15
dslfmae_like_baseline,250,10,7,M10R15N5,10,9.077777777777779e-05,-0.023985530987071495,384.0,388.0,72.55932521820068,7.43510627746582,79.9944314956665,367.0,400.5,10,15,5
dslfmae_like_baseline,251,10,8,M10R15N10,10,9.074074074074075e-05,0.0344800011254847,635.0,669.0,168.96098923683167,16.86442804336548,185.82541728019714,630.0,709.6,10,15,10
dslfmae_like_baseline,252,10,9,M10R15N15,10,9.070370370370371e-05,-0.0011206145991309313,999.0,1055.0,255.63641357421875,25.95580744743347,281.5922210216522,1055.0,1180.7,10,15,15
dslfmae_like_baseline,253,10,10,M15R5N5,10,9.066666666666667e-05,0.11855009943246841,163.0,152.0,23.72357702255249,2.0325660705566406,25.75614309310913,152.0,172.9,15,5,5
dslfmae_like_baseline,254,10,11,M15R5N10,10,9.062962962962963e-05,-0.024529629154130816,223.0,223.0,42.07294988632202,3.5531675815582275,45.62611746788025,209.0,246.3,15,5,10
dslfmae_like_baseline,255,10,12,M15R5N15,10,9.05925925925926e-05,-0.07959730798999469,241.0,239.0,62.28289461135864,5.297548055648804,67.58044266700745,239.0,276.4,15,5,15
dslfmae_like_baseline,256,10,13,M15R10N5,10,9.055555555555556e-05,0.07242261618375778,163.0,156.0,45.54879021644592,4.475330829620361,50.024121046066284,145.0,161.0,15,10,5
dslfmae_like_baseline,257,10,14,M15R10N10,10,9.051851851851853e-05,0.0053586498033837415,260.0,271.0,109.08394169807434,11.194563865661621,120.27850556373596,262.0,320.1,15,10,10
dslfmae_like_baseline,258,10,15,M15R10N15,10,9.048148148148149e-05,-0.0033453009149525315,282.0,276.0,148.23279476165771,14.539010286331177,162.7718050479889,256.0,293.0,15,10,15
dslfmae_like_baseline,259,10,16,M15R15N5,10,9.044444444444444e-05,-0.03219394323726495,192.0,185.0,75.7255597114563,8.417177677154541,84.14273738861084,185.0,203.0,15,15,5
dslfmae_like_baseline,260,10,17,M15R15N10,10,9.04074074074074e-05,0.04661119654774666,403.0,419.0,146.7152545452118,16.011199951171875,162.72645449638367,395.0,429.3,15,15,10
dslfmae_like_baseline,261,10,18,M15R15N15,10,9.037037037037038e-05,0.0016485138975050567,620.0,645.0,214.10690474510193,23.02140164375305,237.12830638885498,627.0,675.4,15,15,15
dslfmae_like_baseline,262,10,19,M20R5N5,10,9.033333333333334e-05,0.18353449180722237,72.0,72.0,21.58073663711548,1.9292714595794678,23.510008096694946,63.0,68.8,20,5,5
dslfmae_like_baseline,263,10,20,M20R5N10,10,9.02962962962963e-05,-0.052247995510697365,193.0,193.0,44.91008257865906,4.002820253372192,48.91290283203125,193.0,196.0,20,5,10
dslfmae_like_baseline,264,10,21,M20R5N15,10,9.025925925925926e-05,-0.03717999362076322,325.0,327.0,67.48065066337585,6.094468355178833,73.57511901855469,325.0,338.0,20,5,15
dslfmae_like_baseline,265,10,22,M20R10N5,10,9.022222222222224e-05,-0.07259377278387547,106.0,98.0,44.60227680206299,4.503810882568359,49.10608768463135,87.0,94.7,20,10,5
dslfmae_like_baseline,266,10,23,M20R10N10,10,9.01851851851852e-05,0.013596057736625275,235.0,216.0,85.55698490142822,8.549391508102417,94.10637640953064,196.0,217.1,20,10,10
dslfmae_like_baseline,267,10,24,M20R10N15,10,9.014814814814815e-05,0.07877182140946389,363.0,327.0,143.28272485733032,14.859354019165039,158.14207887649536,327.0,380.6,20,10,15
dslfmae_like_baseline,268,10,25,M20R15N5,10,9.011111111111111e-05,-0.06804507443060477,170.0,158.0,69.75392150878906,8.023369789123535,77.7772912979126,137.0,169.2,20,15,5
dslfmae_like_baseline,269,10,26,M20R15N10,10,9.007407407407408e-05,0.01849628994241357,285.0,270.0,166.75059485435486,19.188586473464966,185.93918132781982,268.0,295.8,20,15,10
dslfmae_like_baseline,270,10,27,M20R15N15,10,9.003703703703704e-05,-0.013055949505152447,352.0,372.0,242.75121140480042,27.524160146713257,270.2753715515137,357.0,392.8,20,15,15
dslfmae_like_baseline,271,11,1,M10R5N5,11,9e-05,0.014507115818560123,179.0,189.0,18.12088918685913,1.461122989654541,19.582012176513672,176.0,194.0909090909091,10,5,5
dslfmae_like_baseline,272,11,2,M10R5N10,11,8.996296296296297e-05,0.015336559037677944,372.0,329.0,43.37786245346069,3.559464931488037,46.93732738494873,329.0,376.27272727272725,10,5,10
dslfmae_like_baseline,273,11,3,M10R5N15,11,8.992592592592593e-05,0.03276868273193637,502.0,471.0,64.71424770355225,5.185275316238403,69.89952301979065,467.0,500.3636363636364,10,5,15
dslfmae_like_baseline,274,11,4,M10R10N5,11,8.988888888888889e-05,0.015334150637499988,258.0,257.0,48.36373281478882,4.567125558853149,52.93085837364197,244.0,262.90909090909093,10,10,5
dslfmae_like_baseline,275,11,5,M10R10N10,11,8.985185185185185e-05,-0.03043528056393067,453.0,460.0,92.30658388137817,8.568426847457886,100.87501072883606,451.0,483.27272727272725,10,10,10
dslfmae_like_baseline,276,11,6,M10R10N15,11,8.981481481481481e-05,0.03210737071931362,768.0,711.0,136.74063158035278,12.582195281982422,149.3228268623352,711.0,826.3636363636364,10,10,15
dslfmae_like_baseline,277,11,7,M10R15N5,11,8.977777777777779e-05,-0.02882679117222627,394.0,394.0,71.97067832946777,7.491355657577515,79.46203398704529,367.0,399.90909090909093,10,15,5
dslfmae_like_baseline,278,11,8,M10R15N10,11,8.974074074074075e-05,0.014890660112723709,630.0,633.0,165.36369967460632,17.033921718597412,182.39762139320374,630.0,702.6363636363636,10,15,10
dslfmae_like_baseline,279,11,9,M10R15N15,11,8.970370370370371e-05,0.004253243573657528,995.0,1000.0,261.48679637908936,26.200873851776123,287.6876702308655,1000.0,1164.2727272727273,10,15,15
dslfmae_like_baseline,280,11,10,M15R5N5,11,8.966666666666667e-05,-0.003942899755202234,154.0,167.0,23.883206367492676,2.0556931495666504,25.938899517059326,152.0,172.36363636363637,15,5,5
dslfmae_like_baseline,281,11,11,M15R5N10,11,8.962962962962963e-05,-0.011214286554604769,240.0,205.0,42.54907989501953,3.58941912651062,46.13849902153015,205.0,242.54545454545453,15,5,10
dslfmae_like_baseline,282,11,12,M15R5N15,11,8.95925925925926e-05,-0.009684397955425084,281.0,258.0,62.21216559410095,5.265116930007935,67.47728252410889,239.0,274.72727272727275,15,5,15
dslfmae_like_baseline,283,11,13,M15R10N5,11,8.955555555555556e-05,0.013094890280626714,147.0,154.0,46.20564866065979,4.5211005210876465,50.72674918174744,145.0,160.36363636363637,15,10,5
dslfmae_like_baseline,284,11,14,M15R10N10,11,8.951851851851852e-05,0.00018375661602476612,268.0,249.0,110.41093420982361,11.264597415924072,121.67553162574768,249.0,313.6363636363636,15,10,10
dslfmae_like_baseline,285,11,15,M15R10N15,11,8.94814814814815e-05,-0.012930626003071665,268.0,270.0,149.76590061187744,14.50462532043457,164.270525932312,256.0,290.90909090909093,15,10,15
dslfmae_like_baseline,286,11,16,M15R15N5,11,8.944444444444446e-05,0.035268739641954504,211.0,191.0,74.39430785179138,8.314114332199097,82.70842218399048,185.0,201.9090909090909,15,15,5
dslfmae_like_baseline,287,11,17,M15R15N10,11,8.94074074074074e-05,-0.01525519648566842,416.0,389.0,149.55264568328857,16.214439153671265,165.76708483695984,389.0,425.6363636363636,15,15,10
dslfmae_like_baseline,288,11,18,M15R15N15,11,8.937037037037037e-05,0.005125381318586213,554.0,583.0,220.2165014743805,23.28639316558838,243.50289463996887,583.0,667.0,15,15,15
dslfmae_like_baseline,289,11,19,M20R5N5,11,8.933333333333334e-05,0.14836597442626953,80.0,77.0,21.882617473602295,1.9083013534545898,23.790918827056885,63.0,69.54545454545455,20,5,5
dslfmae_like_baseline,290,11,20,M20R5N10,11,8.92962962962963e-05,-0.031353196827694774,193.0,193.0,44.92766618728638,3.955730438232422,48.8833966255188,193.0,195.72727272727272,20,5,10
dslfmae_like_baseline,291,11,21,M20R5N15,11,8.925925925925926e-05,-0.025625909057756264,327.0,329.0,67.53861999511719,6.101830959320068,73.64045095443726,325.0,337.1818181818182,20,5,15
dslfmae_like_baseline,292,11,22,M20R10N5,11,8.922222222222223e-05,-0.15796447917819023,101.0,92.0,45.46348977088928,4.60811448097229,50.07160425186157,87.0,94.45454545454545,20,10,5
dslfmae_like_baseline,293,11,23,M20R10N10,11,8.918518518518519e-05,0.060861749574542046,239.0,226.0,86.51180481910706,8.57823657989502,95.09004139900208,196.0,217.9090909090909,20,10,10
dslfmae_like_baseline,294,11,24,M20R10N15,11,8.914814814814816e-05,0.07630021758377552,348.0,320.0,142.71926355361938,14.687436580657959,157.40670013427734,320.0,375.09090909090907,20,10,15
dslfmae_like_baseline,295,11,25,M20R15N5,11,8.911111111111111e-05,-0.07654037388662498,163.0,152.0,69.59525060653687,8.124625205993652,77.71987581253052,137.0,167.63636363636363,20,15,5
dslfmae_like_baseline,296,11,26,M20R15N10,11,8.907407407407407e-05,0.03506646500900388,259.0,263.0,165.4690055847168,19.197235345840454,184.66624093055725,263.0,292.8181818181818,20,15,10
dslfmae_like_baseline,297,11,27,M20R15N15,11,8.903703703703705e-05,-0.011217479976559324,390.0,416.0,242.19373846054077,27.544645071029663,269.73838353157043,357.0,394.90909090909093,20,15,15
dslfmae_like_baseline,298,12,1,M10R5N5,12,8.900000000000001e-05,0.062011281959712505,189.0,202.0,18.231525659561157,1.4788312911987305,19.710356950759888,176.0,194.75,10,5,5
dslfmae_like_baseline,299,12,2,M10R5N10,12,8.896296296296297e-05,-0.012736454489640892,351.0,344.0,43.43080973625183,3.615220069885254,47.046029806137085,329.0,373.5833333333333,10,5,10
dslfmae_like_baseline,300,12,3,M10R5N15,12,8.892592592592593e-05,0.039791825537880264,482.0,478.0,64.0025486946106,5.31396746635437,69.31651616096497,467.0,498.5,10,5,15
dslfmae_like_baseline,301,12,4,M10R10N5,12,8.888888888888889e-05,-0.015249147429130971,243.0,257.0,47.93106508255005,4.6094419956207275,52.540507078170776,244.0,262.4166666666667,10,10,5
dslfmae_like_baseline,302,12,5,M10R10N10,12,8.885185185185185e-05,0.018583135058482487,509.0,492.0,51.98978304862976,4.136804819107056,56.126587867736816,451.0,484.0,10,10,10
dslfmae_like_baseline,303,12,6,M10R10N15,12,8.881481481481482e-05,-0.009864163654856383,766.0,724.0,63.92271089553833,6.177890300750732,70.10060119628906,711.0,817.8333333333334,10,10,15
dslfmae_like_baseline,304,12,7,M10R15N5,12,8.877777777777778e-05,0.017600140495536227,417.0,382.0,33.09448552131653,3.6302144527435303,36.72469997406006,367.0,398.4166666666667,10,15,5
dslfmae_like_baseline,305,12,8,M10R15N10,12,8.874074074074075e-05,-0.028856584522873163,611.0,666.0,77.6600329875946,8.256541967391968,85.91657495498657,630.0,699.5833333333334,10,15,10
dslfmae_like_baseline,306,12,9,M10R15N15,12,8.870370370370371e-05,0.03230398165760562,1082.0,1024.0,118.95880317687988,12.668407440185547,131.62721061706543,1000.0,1152.5833333333333,10,15,15
dslfmae_like_baseline,307,12,10,M15R5N5,12,8.866666666666668e-05,0.11586165055632591,180.0,181.0,11.172016620635986,1.017493724822998,12.189510345458984,152.0,173.08333333333334,15,5,5
dslfmae_like_baseline,308,12,11,M15R5N10,12,8.862962962962962e-05,-0.049998887814581394,250.0,205.0,19.8001925945282,1.7362174987792969,21.536410093307495,205.0,239.41666666666666,15,5,10
dslfmae_like_baseline,309,12,12,M15R5N15,12,8.85925925925926e-05,-0.08781242308517297,252.0,252.0,28.87542414665222,2.6509387493133545,31.526362895965576,239.0,272.8333333333333,15,5,15
dslfmae_like_baseline,310,12,13,M15R10N5,12,8.855555555555556e-05,0.026567079592496157,144.0,162.0,21.390082359313965,2.267673969268799,23.657756328582764,145.0,160.5,15,10,5
dslfmae_like_baseline,311,12,14,M15R10N10,12,8.851851851851852e-05,0.057999999495223165,296.0,253.0,51.1234769821167,5.540839433670044,56.66431641578674,249.0,308.5833333333333,15,10,10
dslfmae_like_baseline,312,12,15,M15R10N15,12,8.848148148148148e-05,-0.049440395459532736,280.0,276.0,69.31196665763855,7.198907375335693,76.51087403297424,256.0,289.6666666666667,15,10,15
dslfmae_like_baseline,313,12,16,M15R15N5,12,8.844444444444445e-05,0.026049626952347655,212.0,189.0,34.91350221633911,4.2121710777282715,39.12567329406738,185.0,200.83333333333334,15,15,5
dslfmae_like_baseline,314,12,17,M15R15N10,12,8.840740740740741e-05,0.003945310070412234,437.0,385.0,69.549631357193,8.078128099441528,77.62775945663452,385.0,422.25,15,15,10
dslfmae_like_baseline,315,12,18,M15R15N15,12,8.837037037037037e-05,0.0003535679820093459,575.0,574.0,102.26078176498413,11.626754999160767,113.8875367641449,574.0,659.25,15,15,15
dslfmae_like_baseline,316,12,19,M20R5N5,12,8.833333333333333e-05,0.034972102381289005,78.0,64.0,9.952524662017822,0.9539802074432373,10.90650486946106,63.0,69.08333333333333,20,5,5
dslfmae_like_baseline,317,12,20,M20R5N10,12,8.82962962962963e-05,0.04644238855689764,195.0,193.0,21.010843992233276,1.9165184497833252,22.9273624420166,193.0,195.5,20,5,10
dslfmae_like_baseline,318,12,21,M20R5N15,12,8.825925925925927e-05,-0.0038753137147674956,325.0,322.0,31.915887594223022,3.1156070232391357,35.03149461746216,322.0,335.9166666666667,20,5,15
dslfmae_like_baseline,319,12,22,M20R10N5,12,8.822222222222223e-05,-0.08910718280822039,106.0,88.0,21.192302465438843,2.370025634765625,23.562328100204468,87.0,93.91666666666667,20,10,5
dslfmae_like_baseline,320,12,23,M20R10N10,12,8.818518518518519e-05,-0.018726195363948744,222.0,217.0,41.36691069602966,4.24786114692688,45.61477184295654,196.0,217.83333333333334,20,10,10
dslfmae_like_baseline,321,12,24,M20R10N15,12,8.814814814814815e-05,0.09670569747686386,360.0,314.0,66.85781359672546,7.415566444396973,74.27338004112244,314.0,370.0,20,10,15
dslfmae_like_baseline,322,12,25,M20R15N5,12,8.811111111111111e-05,-0.04292547221605977,181.0,142.0,32.205896615982056,4.1310813426971436,36.3369779586792,137.0,165.5,20,15,5
dslfmae_like_baseline,323,12,26,M20R15N10,12,8.807407407407407e-05,-0.02784578949213028,251.0,249.0,76.6533133983612,9.737395286560059,86.39070868492126,249.0,289.1666666666667,20,15,10
dslfmae_like_baseline,324,12,27,M20R15N15,12,8.803703703703704e-05,0.003795500919555447,380.0,420.0,112.96849274635315,14.236333847045898,127.20482659339905,357.0,397.0,20,15,15
dslfmae_like_baseline,325,13,1,M10R5N5,13,8.800000000000001e-05,0.07022424228489399,196.0,206.0,8.545158863067627,0.7102317810058594,9.255390644073486,176.0,195.6153846153846,10,5,5
dslfmae_like_baseline,326,13,2,M10R5N10,13,8.796296296296297e-05,0.04704836988821626,414.0,342.0,20.035983324050903,1.7884929180145264,21.82447624206543,329.0,371.15384615384613,10,5,10
dslfmae_like_baseline,327,13,3,M10R5N15,13,8.792592592592593e-05,-0.05975957370052735,474.0,478.0,30.055105447769165,2.6070199012756348,32.6621253490448,467.0,496.9230769230769,10,5,15
dslfmae_like_baseline,328,13,4,M10R10N5,13,8.788888888888888e-05,0.023448249557986856,243.0,253.0,22.621667623519897,2.2268753051757812,24.84854292869568,244.0,261.6923076923077,10,10,5
dslfmae_like_baseline,329,13,5,M10R10N10,13,8.785185185185186e-05,0.036696177596847214,487.0,468.0,42.96172547340393,4.101373910903931,47.06309938430786,451.0,482.7692307692308,10,10,10
dslfmae_like_baseline,330,13,6,M10R10N15,13,8.781481481481482e-05,-0.01626836904324591,750.0,748.0,63.8790397644043,6.1939921379089355,70.07303190231323,711.0,812.4615384615385,10,10,15
dslfmae_like_baseline,331,13,7,M10R15N5,13,8.777777777777778e-05,0.010346727911382914,403.0,386.0,33.48354649543762,3.6899971961975098,37.17354369163513,367.0,397.46153846153845,10,15,5
dslfmae_like_baseline,332,13,8,M10R15N10,13,8.774074074074074e-05,-0.015366400778293609,633.0,628.0,75.30616879463196,8.466567277908325,83.77273607254028,628.0,694.0769230769231,10,15,10
dslfmae_like_baseline,333,13,9,M10R15N15,13,8.77037037037037e-05,0.01876472745789215,1015.0,1024.0,119.46278738975525,12.67527151107788,132.13805890083313,1000.0,1142.6923076923076,10,15,15
dslfmae_like_baseline,334,13,10,M15R5N5,13,8.766666666666668e-05,-0.06073675211519003,138.0,184.0,11.11479377746582,1.0241889953613281,12.138982772827148,152.0,173.92307692307693,15,5,5
dslfmae_like_baseline,335,13,11,M15R5N10,13,8.762962962962964e-05,-0.004323942455812357,225.0,237.0,19.898077964782715,1.7915353775024414,21.689613342285156,205.0,239.23076923076923,15,5,10
dslfmae_like_baseline,336,13,12,M15R5N15,13,8.759259259259259e-05,0.022829292342066765,271.0,251.0,29.122681617736816,2.639118194580078,31.761799812316895,239.0,271.15384615384613,15,5,15
dslfmae_like_baseline,337,13,13,M15R10N5,13,8.755555555555556e-05,-0.004177924536634237,145.0,160.0,21.273614406585693,2.226830005645752,23.500444412231445,145.0,160.46153846153845,15,10,5
dslfmae_like_baseline,338,13,14,M15R10N10,13,8.751851851851853e-05,-0.0062220479230745696,264.0,252.0,51.224894523620605,5.569789171218872,56.79468369483948,249.0,304.2307692307692,15,10,10
dslfmae_like_baseline,339,13,15,M15R10N15,13,8.748148148148149e-05,-0.006894598435610533,284.0,286.0,69.2118239402771,7.107634782791138,76.31945872306824,256.0,289.38461538461536,15,10,15
dslfmae_like_baseline,340,13,16,M15R15N5,13,8.744444444444445e-05,-0.008687193660686413,190.0,189.0,35.24148750305176,4.366271018981934,39.60775852203369,185.0,199.92307692307693,15,15,5
dslfmae_like_baseline,341,13,17,M15R15N10,13,8.740740740740741e-05,0.008716934424592182,388.0,408.0,69.5672435760498,8.155803203582764,77.72304677963257,385.0,421.15384615384613,15,15,10
dslfmae_like_baseline,342,13,18,M15R15N15,13,8.737037037037037e-05,0.02610680746978947,599.0,618.0,100.89181804656982,11.496446132659912,112.38826417922974,574.0,656.0769230769231,15,15,15
dslfmae_like_baseline,343,13,19,M20R5N5,13,8.733333333333333e-05,0.19557953998446465,80.0,73.0,10.121928215026855,0.9532566070556641,11.07518482208252,63.0,69.38461538461539,20,5,5
dslfmae_like_baseline,344,13,20,M20R5N10,13,8.72962962962963e-05,-0.02936423826031387,193.0,193.0,20.846234798431396,1.960876703262329,22.807111501693726,193.0,195.30769230769232,20,5,10
dslfmae_like_baseline,345,13,21,M20R5N15,13,8.725925925925927e-05,-0.030224444344639778,327.0,336.0,31.56463360786438,2.986299514770508,34.55093312263489,322.0,335.9230769230769,20,5,15
dslfmae_like_baseline,346,13,22,M20R10N5,13,8.722222222222223e-05,-0.19165892712771893,96.0,99.0,20.489626169204712,2.192883014678955,22.682509183883667,87.0,94.3076923076923,20,10,5
dslfmae_like_baseline,347,13,23,M20R10N10,13,8.718518518518519e-05,0.05398375354707241,207.0,278.0,40.01219606399536,4.3030784130096436,44.315274477005005,196.0,222.46153846153845,20,10,10
dslfmae_like_baseline,348,13,24,M20R10N15,13,8.714814814814815e-05,0.06067461557686329,345.0,343.0,67.36307263374329,7.503887891769409,74.8669605255127,314.0,367.9230769230769,20,10,15
dslfmae_like_baseline,349,13,25,M20R15N5,13,8.711111111111112e-05,0.03593740068996946,160.0,154.0,32.67379307746887,4.136600971221924,36.810394048690796,137.0,164.6153846153846,20,15,5
dslfmae_like_baseline,350,13,26,M20R15N10,13,8.707407407407408e-05,-0.017582537373527884,259.0,261.0,77.63671445846558,9.718260765075684,87.35497522354126,249.0,287.0,20,15,10
dslfmae_like_baseline,351,13,27,M20R15N15,13,8.703703703703704e-05,-0.005161347337499527,389.0,379.0,112.77670931816101,14.028521537780762,126.80523085594177,357.0,395.61538461538464,20,15,15
dslfmae_like_baseline,352,14,1,M10R5N5,14,8.7e-05,0.09327832795679569,189.0,183.0,8.480808019638062,0.7391440868377686,9.21995210647583,176.0,194.71428571428572,10,5,5
dslfmae_like_baseline,353,14,2,M10R5N10,14,8.696296296296296e-05,-0.02303834888152778,371.0,334.0,20.078469276428223,1.7727928161621094,21.851262092590332,329.0,368.5,10,5,10
dslfmae_like_baseline,354,14,3,M10R5N15,14,8.692592592592594e-05,0.02391059122358759,518.0,474.0,30.82123374938965,2.661719799041748,33.4829535484314,467.0,495.2857142857143,10,5,15
dslfmae_like_baseline,355,14,4,M10R10N5,14,8.688888888888889e-05,0.027144395746290684,256.0,269.0,22.540783882141113,2.2633464336395264,24.80413031578064,244.0,262.2142857142857,10,10,5
dslfmae_like_baseline,356,14,5,M10R10N10,14,8.685185185185185e-05,-0.02238590285802881,468.0,448.0,42.55239152908325,4.219607830047607,46.77199935913086,448.0,480.2857142857143,10,10,10
dslfmae_like_baseline,357,14,6,M10R10N15,14,8.681481481481482e-05,-0.013268805365078152,740.0,795.0,64.33265042304993,6.086194276809692,70.41884469985962,711.0,811.2142857142857,10,10,15
dslfmae_like_baseline,358,14,7,M10R15N5,14,8.677777777777778e-05,-0.007057546909588079,359.0,381.0,33.693093061447144,3.6909866333007812,37.384079694747925,367.0,396.2857142857143,10,15,5
dslfmae_like_baseline,359,14,8,M10R15N10,14,8.674074074074074e-05,0.02554205246269703,623.0,673.0,77.1885929107666,8.275980472564697,85.4645733833313,628.0,692.5714285714286,10,15,10
dslfmae_like_baseline,360,14,9,M10R15N15,14,8.67037037037037e-05,0.0041920449839381035,998.0,1038.0,119.80512976646423,12.92974853515625,132.73487830162048,1000.0,1135.2142857142858,10,15,15
dslfmae_like_baseline,361,14,10,M15R5N5,14,8.666666666666667e-05,0.08425699919462204,168.0,206.0,11.174854040145874,1.0369760990142822,12.211830139160156,152.0,176.21428571428572,15,5,5
dslfmae_like_baseline,362,14,11,M15R5N10,14,8.662962962962964e-05,-0.030484980903565884,252.0,209.0,20.009408950805664,1.8504369258880615,21.859845876693726,205.0,237.07142857142858,15,5,10
dslfmae_like_baseline,363,14,12,M15R5N15,14,8.65925925925926e-05,-0.08534777040282886,255.0,254.0,29.1689510345459,2.7154324054718018,31.8843834400177,239.0,269.92857142857144,15,5,15
dslfmae_like_baseline,364,14,13,M15R10N5,14,8.655555555555555e-05,0.10291214752942324,156.0,169.0,21.477591037750244,2.2264318466186523,23.704022884368896,145.0,161.07142857142858,15,10,5
dslfmae_like_baseline,365,14,14,M15R10N10,14,8.651851851851851e-05,-0.012484191916882992,264.0,271.0,51.25466227531433,5.584748983383179,56.83941125869751,249.0,301.85714285714283,15,10,10
dslfmae_like_baseline,366,14,15,M15R10N15,14,8.648148148148149e-05,-0.004515333299059421,266.0,261.0,68.70766806602478,7.197877407073975,75.90554547309875,256.0,287.35714285714283,15,10,15
dslfmae_like_baseline,367,14,16,M15R15N5,14,8.644444444444445e-05,0.0040615905697147054,198.0,192.0,34.986653327941895,4.1854071617126465,39.17206048965454,185.0,199.35714285714286,15,15,5
dslfmae_like_baseline,368,14,17,M15R15N10,14,8.640740740740741e-05,0.020565421460196374,415.0,387.0,69.93683409690857,7.947430849075317,77.88426494598389,385.0,418.7142857142857,15,15,10
dslfmae_like_baseline,369,14,18,M15R15N15,14,8.637037037037037e-05,0.010340474587532558,623.0,717.0,102.42412877082825,11.473063707351685,113.89719247817993,574.0,660.4285714285714,15,15,15
dslfmae_like_baseline,370,14,19,M20R5N5,14,8.633333333333334e-05,-0.16078197583556175,72.0,78.0,10.253579139709473,0.9523391723632812,11.205918312072754,63.0,70.0,20,5,5
dslfmae_like_baseline,371,14,20,M20R5N10,14,8.62962962962963e-05,0.05565116973593831,195.0,193.0,21.35547184944153,2.0311827659606934,23.38665461540222,193.0,195.14285714285714,20,5,10
dslfmae_like_baseline,372,14,21,M20R5N15,14,8.625925925925926e-05,0.048730567718545593,325.0,334.0,31.685417652130127,2.9949185848236084,34.680336236953735,322.0,335.7857142857143,20,5,15
dslfmae_like_baseline,373,14,22,M20R10N5,14,8.622222222222222e-05,0.051795403473079205,92.0,95.0,21.029956340789795,2.273069143295288,23.303025484085083,87.0,94.35714285714286,20,10,5
dslfmae_like_baseline,374,14,23,M20R10N10,14,8.61851851851852e-05,-0.013387973342711726,237.0,246.0,39.7627170085907,4.206587076187134,43.96930408477783,196.0,224.14285714285714,20,10,10
dslfmae_like_baseline,375,14,24,M20R10N15,14,8.614814814814816e-05,-0.013015819946303964,330.0,328.0,66.71680665016174,7.745009899139404,74.46181654930115,314.0,365.07142857142856,20,10,15
dslfmae_like_baseline,376,14,25,M20R15N5,14,8.611111111111112e-05,0.009198751843844851,159.0,140.0,33.807876110076904,3.9213945865631104,37.729270696640015,137.0,162.85714285714286,20,15,5
dslfmae_like_baseline,377,14,26,M20R15N10,14,8.607407407407408e-05,-0.009091083565726877,282.0,272.0,77.25917172431946,9.635461807250977,86.89463353157043,249.0,285.92857142857144,20,15,10
dslfmae_like_baseline,378,14,27,M20R15N15,14,8.603703703703704e-05,-0.019262907494391714,376.0,367.0,110.76928353309631,14.01388692855835,124.78317046165466,357.0,393.57142857142856,20,15,15
dslfmae_like_baseline,379,15,1,M10R5N5,15,8.6e-05,0.10545919090509415,199.0,207.0,8.43769884109497,0.7218375205993652,9.159536361694336,176.0,195.53333333333333,10,5,5
dslfmae_like_baseline,380,15,2,M10R5N10,15,8.596296296296296e-05,-0.026008488843217492,356.0,365.0,20.1066575050354,1.8090565204620361,21.915714025497437,329.0,368.26666666666665,10,5,10
dslfmae_like_baseline,381,15,3,M10R5N15,15,8.592592592592593e-05,-0.02215675776824355,493.0,478.0,29.46334195137024,2.6966567039489746,32.159998655319214,467.0,494.1333333333333,10,5,15
dslfmae_like_baseline,382,15,4,M10R10N5,15,8.58888888888889e-05,0.10691487975418568,279.0,271.0,22.292617321014404,2.200331211090088,24.492948532104492,244.0,262.8,10,10,5
dslfmae_like_baseline,383,15,5,M10R10N10,15,8.585185185185185e-05,-0.02183152564490835,498.0,482.0,42.98936128616333,4.335401773452759,47.32476305961609,448.0,480.4,10,10,10
dslfmae_like_baseline,384,15,6,M10R10N15,15,8.581481481481481e-05,-0.03398061478510499,765.0,802.0,63.15723204612732,6.0015869140625,69.15881896018982,711.0,810.6,10,10,15
dslfmae_like_baseline,385,15,7,M10R15N5,15,8.577777777777777e-05,-0.01632131263613701,367.0,412.0,33.750728368759155,3.6056487560272217,37.35637712478638,367.0,397.3333333333333,10,15,5
dslfmae_like_baseline,386,15,8,M10R15N10,15,8.574074074074075e-05,0.018253683345392346,605.0,634.0,78.03267979621887,8.350875854492188,86.38355565071106,628.0,688.6666666666666,10,15,10
dslfmae_like_baseline,387,15,9,M10R15N15,15,8.570370370370371e-05,0.004171938588115154,1081.0,1050.0,118.92139720916748,12.751875400543213,131.6732726097107,1000.0,1129.5333333333333,10,15,15
dslfmae_like_baseline,388,15,10,M15R5N5,15,8.566666666666667e-05,0.13883234933018684,166.0,192.0,11.464389324188232,1.0180392265319824,12.482428550720215,152.0,177.26666666666668,15,5,5
dslfmae_like_baseline,389,15,11,M15R5N10,15,8.562962962962963e-05,-0.00652219558833167,262.0,212.0,20.242138862609863,1.8720638751983643,22.114202737808228,205.0,235.4,15,5,10
dslfmae_like_baseline,390,15,12,M15R5N15,15,8.559259259259261e-05,-0.10224710653225581,267.0,263.0,29.033427238464355,2.6621198654174805,31.695547103881836,239.0,269.46666666666664,15,5,15
dslfmae_like_baseline,391,15,13,M15R10N5,15,8.555555555555557e-05,0.06950093014165759,162.0,152.0,21.69289541244507,2.199681043624878,23.892576456069946,145.0,160.46666666666667,15,10,5
dslfmae_like_baseline,392,15,14,M15R10N10,15,8.551851851851852e-05,0.0017606855690246448,270.0,289.0,51.24165153503418,5.659568548202515,56.901220083236694,249.0,301.0,15,10,10
dslfmae_like_baseline,393,15,15,M15R10N15,15,8.548148148148148e-05,0.0017577613703906535,300.0,267.0,68.23257184028625,7.1568896770477295,75.38946151733398,256.0,286.0,15,10,15
dslfmae_like_baseline,394,15,16,M15R15N5,15,8.544444444444445e-05,-0.04114799574017525,183.0,183.0,34.882184982299805,4.268956422805786,39.15114140510559,183.0,198.26666666666668,15,15,5
dslfmae_like_baseline,395,15,17,M15R15N10,15,8.540740740740742e-05,0.06087772846221924,422.0,445.0,67.59305906295776,7.931020259857178,75.52407932281494,385.0,420.46666666666664,15,15,10
dslfmae_like_baseline,396,15,18,M15R15N15,15,8.537037037037038e-05,-0.023212982807308435,561.0,580.0,102.82833170890808,11.604841709136963,114.43317341804504,574.0,655.0666666666667,15,15,15
dslfmae_like_baseline,397,15,19,M20R5N5,15,8.533333333333334e-05,0.15701667591929436,76.0,78.0,10.241463899612427,0.9188499450683594,11.160313844680786,63.0,70.53333333333333,20,5,5
dslfmae_like_baseline,398,15,20,M20R5N10,15,8.52962962962963e-05,-0.033234257251024246,193.0,193.0,21.321751356124878,2.0398545265197754,23.361605882644653,193.0,195.0,20,5,10
dslfmae_like_baseline,399,15,21,M20R5N15,15,8.525925925925926e-05,-0.006331018793086211,327.0,325.0,31.817455530166626,3.071957588195801,34.88941311836243,322.0,335.06666666666666,20,5,15
dslfmae_like_baseline,400,15,22,M20R10N5,15,8.522222222222222e-05,-0.13667757622897625,102.0,98.0,21.01522135734558,2.2673561573028564,23.282577514648438,87.0,94.6,20,10,5
dslfmae_like_baseline,401,15,23,M20R10N10,15,8.518518518518518e-05,0.007544735407767196,227.0,258.0,40.15667653083801,4.151142358779907,44.30781888961792,196.0,226.4,20,10,10
dslfmae_like_baseline,402,15,24,M20R10N15,15,8.514814814814816e-05,0.0674202550202608,328.0,336.0,66.56652760505676,7.2070207595825195,73.77354836463928,314.0,363.1333333333333,20,10,15
dslfmae_like_baseline,403,15,25,M20R15N5,15,8.511111111111112e-05,-0.006172693412130077,170.0,142.0,31.995660543441772,4.109827518463135,36.10548806190491,137.0,161.46666666666667,20,15,5
dslfmae_like_baseline,404,15,26,M20R15N10,15,8.507407407407408e-05,-0.012987765995785595,265.0,253.0,78.43251538276672,9.653124332427979,88.0856397151947,249.0,283.73333333333335,20,15,10
dslfmae_like_baseline,405,15,27,M20R15N15,15,8.503703703703703e-05,-0.012304494406894914,380.0,374.0,114.4478485584259,13.809479713439941,128.25732827186584,357.0,392.26666666666665,20,15,15
dslfmae_like_baseline,406,16,1,M10R5N5,16,8.5e-05,0.05800606124103069,184.0,200.0,8.392396450042725,0.7430787086486816,9.135475158691406,176.0,195.8125,10,5,5
dslfmae_like_baseline,407,16,2,M10R5N10,16,8.496296296296297e-05,0.00997775950236246,383.0,353.0,20.42817783355713,1.7727725505828857,22.200950384140015,329.0,367.3125,10,5,10
dslfmae_like_baseline,408,16,3,M10R5N15,16,8.492592592592593e-05,0.002410064839447538,483.0,479.0,30.130050897598267,2.619239091873169,32.749289989471436,467.0,493.1875,10,5,15
dslfmae_like_baseline,409,16,4,M10R10N5,16,8.488888888888889e-05,0.019226763863116503,244.0,253.0,22.44916534423828,2.213622808456421,24.662788152694702,244.0,262.1875,10,10,5
dslfmae_like_baseline,410,16,5,M10R10N10,16,8.485185185185185e-05,0.012676331214606762,491.0,445.0,42.794795513153076,4.194697618484497,46.98949313163757,445.0,478.1875,10,10,10
dslfmae_like_baseline,411,16,6,M10R10N15,16,8.481481481481481e-05,-0.02266677962616086,757.0,712.0,63.06749606132507,6.041812419891357,69.10930848121643,711.0,804.4375,10,10,15
dslfmae_like_baseline,412,16,7,M10R15N5,16,8.477777777777778e-05,-0.005149313743459061,363.0,380.0,33.2617073059082,3.7703990936279297,37.03210639953613,367.0,396.25,10,15,5
dslfmae_like_baseline,413,16,8,M10R15N10,16,8.474074074074074e-05,0.03732236828655004,651.0,619.0,77.08830189704895,8.418699502944946,85.5070013999939,619.0,684.3125,10,15,10
dslfmae_like_baseline,414,16,9,M10R15N15,16,8.470370370370371e-05,-0.004655012726288987,1039.0,996.0,118.45715951919556,12.51625680923462,130.97341632843018,996.0,1121.1875,10,15,15
dslfmae_like_baseline,415,16,10,M15R5N5,16,8.466666666666667e-05,-0.011413407046347857,154.0,168.0,10.972069025039673,1.0418508052825928,12.013919830322266,152.0,176.6875,15,5,5
dslfmae_like_baseline,416,16,11,M15R5N10,16,8.462962962962964e-05,-0.03171576280146837,226.0,206.0,19.41295552253723,1.748918056488037,21.16187357902527,205.0,233.5625,15,5,10
dslfmae_like_baseline,417,16,12,M15R5N15,16,8.45925925925926e-05,-0.010152955733550092,258.0,249.0,28.991681814193726,2.6581428050994873,31.649824619293213,239.0,268.1875,15,5,15
dslfmae_like_baseline,418,16,13,M15R10N5,16,8.455555555555557e-05,0.028373696841299534,146.0,147.0,22.53983759880066,2.4040751457214355,24.943912744522095,145.0,159.625,15,10,5
dslfmae_like_baseline,419,16,14,M15R10N10,16,8.451851851851852e-05,0.008053223165916279,262.0,263.0,51.8680317401886,5.67377495765686,57.54180669784546,249.0,298.625,15,10,10
dslfmae_like_baseline,420,16,15,M15R10N15,16,8.448148148148148e-05,-0.0213266896083951,272.0,258.0,71.06286907196045,7.43452000617981,78.49738907814026,256.0,284.25,15,10,15
dslfmae_like_baseline,421,16,16,M15R15N5,16,8.444444444444444e-05,0.01760480257992943,186.0,194.0,35.22646689414978,4.396360158920288,39.62282705307007,183.0,198.0,15,15,5
dslfmae_like_baseline,422,16,17,M15R15N10,16,8.440740740740742e-05,-0.002841623825952411,400.0,392.0,69.21492147445679,8.179147005081177,77.39406847953796,385.0,418.6875,15,15,10
dslfmae_like_baseline,423,16,18,M15R15N15,16,8.437037037037038e-05,0.010569259258253234,571.0,578.0,100.5509135723114,12.081945896148682,112.63285946846008,574.0,650.25,15,15,15
dslfmae_like_baseline,424,16,19,M20R5N5,16,8.433333333333333e-05,0.4913468360900879,95.0,77.0,10.053301572799683,0.9331021308898926,10.986403703689575,63.0,70.9375,20,5,5
dslfmae_like_baseline,425,16,20,M20R5N10,16,8.429629629629629e-05,-0.0923630390316248,195.0,193.0,20.914406776428223,2.019826650619507,22.93423342704773,193.0,194.875,20,5,10
dslfmae_like_baseline,426,16,21,M20R5N15,16,8.425925925925926e-05,-0.08602327418824036,327.0,327.0,31.66177988052368,3.0390753746032715,34.70085525512695,322.0,334.5625,20,5,15
dslfmae_like_baseline,427,16,22,M20R10N5,16,8.422222222222223e-05,-0.44263946637511253,95.0,97.0,20.99585747718811,2.287548303604126,23.283405780792236,87.0,94.75,20,10,5
dslfmae_like_baseline,428,16,23,M20R10N10,16,8.418518518518519e-05,0.09204153468211491,209.0,211.0,39.88769769668579,4.344243764877319,44.23194146156311,196.0,225.4375,20,10,10
dslfmae_like_baseline,429,16,24,M20R10N15,16,8.414814814814815e-05,0.06046233102679253,376.0,337.0,67.30318856239319,7.335641145706177,74.63882970809937,314.0,361.5,20,10,15
dslfmae_like_baseline,430,16,25,M20R15N5,16,8.411111111111112e-05,0.09099788529177506,162.0,165.0,33.125006437301636,4.1329100131988525,37.25791645050049,137.0,161.6875,20,15,5
dslfmae_like_baseline,431,16,26,M20R15N10,16,8.407407407407409e-05,-0.04360839780420065,275.0,256.0,76.32690525054932,9.865923166275024,86.19282841682434,249.0,282.0,20,15,10
dslfmae_like_baseline,432,16,27,M20R15N15,16,8.403703703703705e-05,-0.022489397886342237,385.0,359.0,113.31562638282776,13.933112382888794,127.24873876571655,357.0,390.1875,20,15,15
dslfmae_like_baseline,433,17,1,M10R5N5,17,8.4e-05,0.10691362991929054,185.0,185.0,8.431615829467773,0.7045466899871826,9.136162519454956,176.0,195.1764705882353,10,5,5
dslfmae_like_baseline,434,17,2,M10R5N10,17,8.396296296296297e-05,-0.02374840248376131,379.0,410.0,20.237234115600586,1.7941858768463135,22.0314199924469,329.0,369.8235294117647,10,5,10
dslfmae_like_baseline,435,17,3,M10R5N15,17,8.392592592592593e-05,-0.018875310740744073,499.0,475.0,30.02412438392639,2.6061344146728516,32.63025879859924,467.0,492.11764705882354,10,5,15
dslfmae_like_baseline,436,17,4,M10R10N5,17,8.38888888888889e-05,0.07833235990256071,242.0,250.0,22.678102254867554,2.2100982666015625,24.888200521469116,244.0,261.47058823529414,10,10,5
dslfmae_like_baseline,437,17,5,M10R10N10,17,8.385185185185186e-05,-0.008157342594737807,512.0,452.0,42.45847034454346,4.159972429275513,46.61844277381897,445.0,476.6470588235294,10,10,10
dslfmae_like_baseline,438,17,6,M10R10N15,17,8.381481481481482e-05,-0.03107209540903568,759.0,823.0,63.76317358016968,6.238654136657715,70.00182771682739,711.0,805.5294117647059,10,10,15
dslfmae_like_baseline,439,17,7,M10R15N5,17,8.377777777777778e-05,0.015728656105541933,384.0,399.0,34.410934925079346,3.9266629219055176,38.33759784698486,367.0,396.4117647058824,10,15,5
dslfmae_like_baseline,440,17,8,M10R15N10,17,8.374074074074074e-05,-0.009990831231698393,602.0,626.0,79.13699078559875,8.313825607299805,87.45081639289856,619.0,680.8823529411765,10,15,10
dslfmae_like_baseline,441,17,9,M10R15N15,17,8.37037037037037e-05,0.008591753401560709,1014.0,1101.0,117.91914415359497,12.676195859909058,130.59534001350403,996.0,1120.0,10,15,15
dslfmae_like_baseline,442,17,10,M15R5N5,17,8.366666666666668e-05,0.021640510763972998,154.0,158.0,11.111747026443481,1.0805718898773193,12.1923189163208,152.0,175.58823529411765,15,5,5
dslfmae_like_baseline,443,17,11,M15R5N10,17,8.362962962962964e-05,-0.044707066379487514,241.0,235.0,19.94006061553955,1.750218391418457,21.690279006958008,205.0,233.64705882352942,15,5,10
dslfmae_like_baseline,444,17,12,M15R5N15,17,8.35925925925926e-05,-0.04520102341969808,267.0,287.0,28.909736394882202,2.678558826446533,31.588295221328735,239.0,269.29411764705884,15,5,15
dslfmae_like_baseline,445,17,13,M15R10N5,17,8.355555555555556e-05,0.09668741188943386,147.0,151.0,21.520987033843994,2.2326464653015137,23.753633499145508,145.0,159.11764705882354,15,10,5
dslfmae_like_baseline,446,17,14,M15R10N10,17,8.351851851851852e-05,-0.0219351930427365,257.0,257.0,51.43344163894653,5.870433807373047,57.30387544631958,249.0,296.1764705882353,15,10,10
dslfmae_like_baseline,447,17,15,M15R10N15,17,8.348148148148148e-05,-0.002311387180816382,277.0,272.0,70.24788284301758,7.290941953659058,77.53882479667664,256.0,283.52941176470586,15,10,15
dslfmae_like_baseline,448,17,16,M15R15N5,17,8.344444444444445e-05,0.043125649293263756,197.0,192.0,35.02178168296814,4.228064060211182,39.24984574317932,183.0,197.64705882352942,15,15,5
dslfmae_like_baseline,449,17,17,M15R15N10,17,8.340740740740741e-05,-0.036487567238509655,414.0,410.0,68.52059316635132,7.837817192077637,76.35841035842896,385.0,418.1764705882353,15,15,10
dslfmae_like_baseline,450,17,18,M15R15N15,17,8.337037037037038e-05,0.011883274485756243,590.0,584.0,105.69683146476746,11.436755180358887,117.13358664512634,574.0,646.3529411764706,15,15,15
dslfmae_like_baseline,451,17,19,M20R5N5,17,8.333333333333334e-05,0.603013888001442,91.0,74.0,9.943432807922363,0.9938428401947021,10.937275648117065,63.0,71.11764705882354,20,5,5
dslfmae_like_baseline,452,17,20,M20R5N10,17,8.329629629629629e-05,-0.03247969411313534,201.0,193.0,21.13851284980774,1.9372262954711914,23.07573914527893,193.0,194.76470588235293,20,5,10
dslfmae_like_baseline,453,17,21,M20R5N15,17,8.325925925925925e-05,-0.134132736052076,325.0,335.0,32.88025093078613,3.0177276134490967,35.89797854423523,322.0,334.5882352941176,20,5,15
dslfmae_like_baseline,454,17,22,M20R10N5,17,8.322222222222223e-05,-0.2576731666922569,100.0,95.0,21.147501230239868,2.1918344497680664,23.339335680007935,87.0,94.76470588235294,20,10,5
dslfmae_like_baseline,455,17,23,M20R10N10,17,8.318518518518519e-05,0.008695226783553759,217.0,210.0,40.150619983673096,4.282534837722778,44.433154821395874,196.0,224.52941176470588,20,10,10
dslfmae_like_baseline,456,17,24,M20R10N15,17,8.314814814814815e-05,0.18937069028615952,323.0,328.0,67.66667866706848,7.493523120880127,75.16020178794861,314.0,359.52941176470586,20,10,15
dslfmae_like_baseline,457,17,25,M20R15N5,17,8.311111111111111e-05,-0.08358580805361271,168.0,153.0,32.74912095069885,4.067847013473511,36.81696796417236,137.0,161.1764705882353,20,15,5
dslfmae_like_baseline,458,17,26,M20R15N10,17,8.307407407407409e-05,-0.0033728532027453182,276.0,228.0,76.51746940612793,9.62195348739624,86.13942289352417,228.0,278.8235294117647,20,15,10
dslfmae_like_baseline,459,17,27,M20R15N15,17,8.303703703703705e-05,-0.023977061600557396,355.0,355.0,115.49857234954834,13.7725510597229,129.27112340927124,355.0,388.11764705882354,20,15,15
dslfmae_like_baseline,460,18,1,M10R5N5,18,8.3e-05,0.1350836679339409,196.0,182.0,8.612210988998413,0.7383162975311279,9.350527286529541,176.0,194.44444444444446,10,5,5
dslfmae_like_baseline,461,18,2,M10R5N10,18,8.296296296296296e-05,0.03479025326669216,404.0,348.0,20.3099102973938,1.7736470699310303,22.08355736732483,329.0,368.6111111111111,10,5,10
dslfmae_like_baseline,462,18,3,M10R5N15,18,8.292592592592593e-05,0.02584542582432429,503.0,478.0,30.41368532180786,2.6037778854370117,33.01746320724487,467.0,491.3333333333333,10,5,15
dslfmae_like_baseline,463,18,4,M10R10N5,18,8.28888888888889e-05,-0.006019637221470475,250.0,252.0,22.97651195526123,2.240063428878784,25.216575384140015,244.0,260.94444444444446,10,10,5
dslfmae_like_baseline,464,18,5,M10R10N10,18,8.285185185185186e-05,-0.01693973100433747,468.0,442.0,43.160595417022705,4.182851076126099,47.343446493148804,442.0,474.72222222222223,10,10,10
dslfmae_like_baseline,465,18,6,M10R10N15,18,8.281481481481482e-05,0.0022852909693028777,774.0,786.0,64.1922357082367,6.123418569564819,70.31565427780151,711.0,804.4444444444445,10,10,15
dslfmae_like_baseline,466,18,7,M10R15N5,18,8.277777777777778e-05,0.011270905359803388,378.0,398.0,33.19666647911072,3.7140121459960938,36.91067862510681,367.0,396.5,10,15,5
dslfmae_like_baseline,467,18,8,M10R15N10,18,8.274074074074074e-05,0.005168133339611814,596.0,636.0,78.1264762878418,8.081336736679077,86.20781302452087,619.0,678.3888888888889,10,15,10
dslfmae_like_baseline,468,18,9,M10R15N15,18,8.27037037037037e-05,0.013508795585948974,1046.0,1040.0,118.5383608341217,12.685373306274414,131.22373414039612,996.0,1115.5555555555557,10,15,15
dslfmae_like_baseline,469,18,10,M15R5N5,18,8.266666666666667e-05,-0.03955954685807228,157.0,183.0,10.996865510940552,1.0334546566009521,12.030320167541504,152.0,176.0,15,5,5
dslfmae_like_baseline,470,18,11,M15R5N10,18,8.262962962962964e-05,-0.016490901703946292,248.0,217.0,19.736520767211914,1.7405133247375488,21.477034091949463,205.0,232.72222222222223,15,5,10
dslfmae_like_baseline,471,18,12,M15R5N15,18,8.25925925925926e-05,-0.035762256011366844,280.0,260.0,28.618757963180542,2.55733323097229,31.176091194152832,239.0,268.77777777777777,15,5,15
dslfmae_like_baseline,472,18,13,M15R10N5,18,8.255555555555556e-05,-0.0018569703679531813,142.0,159.0,21.39165163040161,2.2801969051361084,23.67184853553772,145.0,159.11111111111111,15,10,5
dslfmae_like_baseline,473,18,14,M15R10N10,18,8.251851851851853e-05,0.021937611629255116,273.0,266.0,50.29252338409424,5.399127960205078,55.691651344299316,249.0,294.5,15,10,10
dslfmae_like_baseline,474,18,15,M15R10N15,18,8.248148148148149e-05,-0.021270343847572804,284.0,284.0,69.49923896789551,7.204267740249634,76.70350670814514,256.0,283.55555555555554,15,10,15
dslfmae_like_baseline,475,18,16,M15R15N5,18,8.244444444444445e-05,0.05480613932013512,213.0,195.0,35.033756256103516,4.3112404346466064,39.34499669075012,183.0,197.5,15,15,5
dslfmae_like_baseline,476,18,17,M15R15N10,18,8.240740740740741e-05,-0.015479810023680329,405.0,426.0,69.2700936794281,8.062975883483887,77.33306956291199,385.0,418.6111111111111,15,15,10
dslfmae_like_baseline,477,18,18,M15R15N15,18,8.237037037037037e-05,0.00027070614617384436,559.0,589.0,104.01885485649109,11.61956524848938,115.63842010498047,574.0,643.1666666666666,15,15,15
dslfmae_like_baseline,478,18,19,M20R5N5,18,8.233333333333333e-05,-0.046292408369481564,76.0,72.0,10.080517530441284,0.9652507305145264,11.04576826095581,63.0,71.16666666666667,20,5,5
dslfmae_like_baseline,479,18,20,M20R5N10,18,8.22962962962963e-05,0.10576147306710482,203.0,193.0,20.81416940689087,1.9734306335449219,22.78760004043579,193.0,194.66666666666666,20,5,10
dslfmae_like_baseline,480,18,21,M20R5N15,18,8.225925925925926e-05,0.019788203372930486,325.0,338.0,31.508155822753906,3.168058395385742,34.67621421813965,322.0,334.77777777777777,20,5,15
dslfmae_like_baseline,481,18,22,M20R10N5,18,8.222222222222222e-05,-0.060632586013525724,100.0,93.0,20.732911348342896,2.1987318992614746,22.93164324760437,87.0,94.66666666666667,20,10,5
dslfmae_like_baseline,482,18,23,M20R10N10,18,8.218518518518519e-05,-0.06948061535755794,218.0,217.0,41.37684869766235,4.229641914367676,45.60649061203003,196.0,224.11111111111111,20,10,10
dslfmae_like_baseline,483,18,24,M20R10N15,18,8.214814814814815e-05,0.04201805032789707,327.0,343.0,67.25904440879822,7.412438869476318,74.67148327827454,314.0,358.6111111111111,20,10,15
dslfmae_like_baseline,484,18,25,M20R15N5,18,8.211111111111112e-05,0.032335897286732994,167.0,156.0,32.6916663646698,4.115617513656616,36.807283878326416,137.0,160.88888888888889,20,15,5
dslfmae_like_baseline,485,18,26,M20R15N10,18,8.207407407407408e-05,-0.03188921073451638,257.0,267.0,76.86750864982605,9.612910270690918,86.48041892051697,228.0,278.1666666666667,20,15,10
dslfmae_like_baseline,486,18,27,M20R15N15,18,8.203703703703704e-05,-0.007673330675710791,365.0,371.0,113.0195415019989,14.284761905670166,127.30430340766907,355.0,387.1666666666667,20,15,15
dslfmae_like_baseline,487,19,1,M10R5N5,19,8.200000000000001e-05,0.0389640387147665,183.0,193.0,8.635745286941528,0.7886962890625,9.424441576004028,176.0,194.3684210526316,10,5,5
dslfmae_like_baseline,488,19,2,M10R5N10,19,8.196296296296296e-05,0.005992079277348239,351.0,371.0,20.453333139419556,1.8020968437194824,22.255429983139038,329.0,368.7368421052632,10,5,10
dslfmae_like_baseline,489,19,3,M10R5N15,19,8.192592592592592e-05,0.023050345480442047,496.0,487.0,30.22419571876526,2.5764546394348145,32.80065035820007,467.0,491.10526315789474,10,5,15
dslfmae_like_baseline,490,19,4,M10R10N5,19,8.18888888888889e-05,0.04853434907272458,254.0,244.0,22.531784057617188,2.2662670612335205,24.798051118850708,244.0,260.05263157894734,10,10,5
dslfmae_like_baseline,491,19,5,M10R10N10,19,8.185185185185186e-05,0.0077287666499614716,490.0,464.0,43.25704836845398,4.168392896652222,47.4254412651062,442.0,474.1578947368421,10,10,10
dslfmae_like_baseline,492,19,6,M10R10N15,19,8.181481481481482e-05,-0.037263325043022634,743.0,773.0,64.30935454368591,6.296859979629517,70.60621452331543,711.0,802.7894736842105,10,10,15
dslfmae_like_baseline,493,19,7,M10R15N5,19,8.177777777777777e-05,0.022260437564303476,397.0,393.0,33.28231120109558,3.5943899154663086,36.87670111656189,367.0,396.3157894736842,10,15,5
dslfmae_like_baseline,494,19,8,M10R15N10,19,8.174074074074075e-05,-0.007402723119594157,612.0,678.0,77.24115490913391,8.193813800811768,85.43496870994568,619.0,678.3684210526316,10,15,10
dslfmae_like_baseline,495,19,9,M10R15N15,19,8.170370370370371e-05,0.017818584718042985,1008.0,1067.0,119.60748505592346,12.83165717124939,132.43914222717285,996.0,1113.0,10,15,15
dslfmae_like_baseline,496,19,10,M15R5N5,19,8.166666666666667e-05,0.09026187099516392,167.0,188.0,11.070080280303955,1.0384268760681152,12.10850715637207,152.0,176.6315789473684,15,5,5
dslfmae_like_baseline,497,19,11,M15R5N10,19,8.162962962962963e-05,-0.00823267134546768,258.0,232.0,20.105721950531006,1.9154608249664307,22.021182775497437,205.0,232.68421052631578,15,5,10
dslfmae_like_baseline,498,19,12,M15R5N15,19,8.159259259259259e-05,-0.07270841424663861,271.0,278.0,29.050395727157593,2.6373138427734375,31.68770956993103,239.0,269.2631578947368,15,5,15
dslfmae_like_baseline,499,19,13,M15R10N5,19,8.155555555555557e-05,0.04514611605554819,149.0,155.0,21.575747966766357,2.2128610610961914,23.78860902786255,145.0,158.89473684210526,15,10,5
dslfmae_like_baseline,500,19,14,M15R10N10,19,8.151851851851853e-05,0.019746161298826337,267.0,264.0,50.54227828979492,5.576645851135254,56.118924140930176,249.0,292.89473684210526,15,10,10
dslfmae_like_baseline,501,19,15,M15R10N15,19,8.148148148148149e-05,-0.024261286854743956,271.0,270.0,68.84225916862488,7.100738048553467,75.94299721717834,256.0,282.8421052631579,15,10,15
dslfmae_like_baseline,502,19,16,M15R15N5,19,8.144444444444445e-05,0.012665655619154373,187.0,179.0,35.11627697944641,4.501281261444092,39.6175582408905,179.0,196.52631578947367,15,15,5
dslfmae_like_baseline,503,19,17,M15R15N10,19,8.140740740740741e-05,0.014056824892759324,378.0,401.0,68.78611350059509,8.022366523742676,76.80848002433777,385.0,417.6842105263158,15,15,10
dslfmae_like_baseline,504,19,18,M15R15N15,19,8.137037037037037e-05,0.006168582692875394,616.0,574.0,102.29370284080505,11.45745062828064,113.7511534690857,574.0,639.5263157894736,15,15,15
dslfmae_like_baseline,505,19,19,M20R5N5,19,8.133333333333334e-05,-0.028821080457419157,72.0,72.0,10.048211574554443,0.9334337711334229,10.981645345687866,63.0,71.21052631578948,20,5,5
dslfmae_like_baseline,506,19,20,M20R5N10,19,8.12962962962963e-05,0.0163431151304394,193.0,193.0,20.902320623397827,1.9306306838989258,22.832951307296753,193.0,194.57894736842104,20,5,10
dslfmae_like_baseline,507,19,21,M20R5N15,19,8.125925925925926e-05,0.031837585382163525,325.0,327.0,31.479243993759155,2.95082950592041,34.430073499679565,322.0,334.36842105263156,20,5,15
dslfmae_like_baseline,508,19,22,M20R10N5,19,8.122222222222222e-05,-0.01757483568508178,99.0,97.0,20.75648832321167,2.2990894317626953,23.055577754974365,87.0,94.78947368421052,20,10,5
dslfmae_like_baseline,509,19,23,M20R10N10,19,8.118518518518518e-05,-0.07203436891237895,208.0,214.0,40.07737684249878,4.404837608337402,44.48221445083618,196.0,223.57894736842104,20,10,10
dslfmae_like_baseline,510,19,24,M20R10N15,19,8.114814814814816e-05,0.03925732057541609,358.0,354.0,68.19575381278992,7.389397621154785,75.5851514339447,314.0,358.36842105263156,20,10,15
dslfmae_like_baseline,511,19,25,M20R15N5,19,8.111111111111112e-05,0.015175290017699202,166.0,137.0,32.81324625015259,4.314139127731323,37.12738537788391,137.0,159.6315789473684,20,15,5
dslfmae_like_baseline,512,19,26,M20R15N10,19,8.107407407407408e-05,-0.01768520544283092,273.0,259.0,78.20075917243958,9.877319574356079,88.07807874679565,228.0,277.1578947368421,20,15,10
dslfmae_like_baseline,513,19,27,M20R15N15,19,8.103703703703704e-05,-0.008783994009718299,379.0,357.0,112.61219239234924,13.901463031768799,126.51365542411804,355.0,385.57894736842104,20,15,15
dslfmae_like_baseline,514,20,1,M10R5N5,20,8.1e-05,0.015358468983322382,185.0,185.0,8.438302993774414,0.7074704170227051,9.14577341079712,176.0,193.9,10,5,5
dslfmae_like_baseline,515,20,2,M10R5N10,20,8.096296296296297e-05,0.01835787366144359,370.0,363.0,20.09210467338562,1.8206841945648193,21.91278886795044,329.0,368.45,10,5,10
dslfmae_like_baseline,516,20,3,M10R5N15,20,8.092592592592593e-05,0.0028272670363852135,500.0,477.0,30.197556257247925,2.7547905445098877,32.95234680175781,467.0,490.4,10,5,15
dslfmae_like_baseline,517,20,4,M10R10N5,20,8.088888888888889e-05,0.059320470318198204,262.0,257.0,23.045263528823853,2.2150325775146484,25.2602961063385,244.0,259.9,10,10,5
dslfmae_like_baseline,518,20,5,M10R10N10,20,8.085185185185185e-05,0.0016509376485676814,470.0,467.0,42.79104828834534,4.126751184463501,46.91779947280884,442.0,473.8,10,10,10
dslfmae_like_baseline,519,20,6,M10R10N15,20,8.081481481481483e-05,-0.03708495572209358,717.0,732.0,63.54898762702942,6.156288385391235,69.70527601242065,711.0,799.25,10,10,15
dslfmae_like_baseline,520,20,7,M10R15N5,20,8.077777777777779e-05,0.023618701690187056,393.0,361.0,33.362468957901,3.7320022583007812,37.09447121620178,361.0,394.55,10,15,5
dslfmae_like_baseline,521,20,8,M10R15N10,20,8.074074074074073e-05,-0.014141829358413816,612.0,663.0,75.09553122520447,8.1618492603302,83.25738048553467,619.0,677.6,10,15,10
dslfmae_like_baseline,522,20,9,M10R15N15,20,8.070370370370371e-05,0.023201753298053518,1022.0,1049.0,117.68521785736084,12.737393140792847,130.4226109981537,996.0,1109.8,10,15,15
dslfmae_like_baseline,523,20,10,M15R5N5,20,8.066666666666667e-05,0.17365114763379097,178.0,176.0,10.928719282150269,1.0242969989776611,11.95301628112793,152.0,176.6,15,5,5
dslfmae_like_baseline,524,20,11,M15R5N10,20,8.062962962962963e-05,-0.016699995496310294,245.0,224.0,19.94205355644226,1.8286547660827637,21.770708322525024,205.0,232.25,15,5,10
dslfmae_like_baseline,525,20,12,M15R5N15,20,8.05925925925926e-05,-0.07233287983884414,282.0,278.0,28.96262264251709,2.6077380180358887,31.57036066055298,239.0,269.7,15,5,15
dslfmae_like_baseline,526,20,13,M15R10N5,20,8.055555555555556e-05,-0.011050213302951306,141.0,139.0,21.476521253585815,2.28682804107666,23.763349294662476,139.0,157.9,15,10,5
dslfmae_like_baseline,527,20,14,M15R10N10,20,8.051851851851853e-05,0.02080656634643674,269.0,243.0,51.15705442428589,5.550984144210815,56.708038568496704,243.0,290.4,15,10,10
dslfmae_like_baseline,528,20,15,M15R10N15,20,8.048148148148149e-05,-0.009216853906400502,272.0,279.0,69.26180362701416,7.307086229324341,76.5688898563385,256.0,282.65,15,10,15
dslfmae_like_baseline,529,20,16,M15R15N5,20,8.044444444444444e-05,0.031138890733321507,213.0,188.0,35.01350808143616,4.2732462882995605,39.28675436973572,179.0,196.1,15,15,5
dslfmae_like_baseline,530,20,17,M15R15N10,20,8.040740740740742e-05,-0.003027583842049353,421.0,390.0,69.01185822486877,8.283023118972778,77.29488134384155,385.0,416.3,15,15,10
dslfmae_like_baseline,531,20,18,M15R15N15,20,8.037037037037038e-05,0.005043799718675602,619.0,559.0,101.98312282562256,11.548511028289795,113.53163385391235,559.0,635.5,15,15,15
dslfmae_like_baseline,532,20,19,M20R5N5,20,8.033333333333334e-05,0.2726675942540169,87.0,67.0,10.186254739761353,0.9951708316802979,11.18142557144165,63.0,71.0,20,5,5
dslfmae_like_baseline,533,20,20,M20R5N10,20,8.02962962962963e-05,-0.028130627935752273,197.0,193.0,21.179100513458252,2.0247111320495605,23.203811645507812,193.0,194.5,20,5,10
dslfmae_like_baseline,534,20,21,M20R5N15,20,8.025925925925926e-05,-0.03034121946742137,332.0,347.0,32.02382969856262,3.0466468334198,35.07047653198242,322.0,335.0,20,5,15
dslfmae_like_baseline,535,20,22,M20R10N5,20,8.022222222222222e-05,-0.18531462363898754,101.0,92.0,21.20575451850891,2.2397892475128174,23.44554376602173,87.0,94.65,20,10,5
dslfmae_like_baseline,536,20,23,M20R10N10,20,8.018518518518519e-05,0.049861757705609,265.0,218.0,40.331655502319336,4.256809949874878,44.588465452194214,196.0,223.3,20,10,10
dslfmae_like_baseline,537,20,24,M20R10N15,20,8.014814814814815e-05,0.061313014663755896,344.0,353.0,66.97909712791443,7.445292234420776,74.4243893623352,314.0,358.1,20,10,15
dslfmae_like_baseline,538,20,25,M20R15N5,20,8.011111111111111e-05,-0.034548537184794746,153.0,164.0,33.39790606498718,4.063340902328491,37.461246967315674,137.0,159.85,20,15,5
dslfmae_like_baseline,539,20,26,M20R15N10,20,8.007407407407408e-05,-0.006877948087640107,257.0,259.0,77.71930408477783,9.861444473266602,87.58074855804443,228.0,276.25,20,15,10
dslfmae_like_baseline,540,20,27,M20R15N15,20,8.003703703703704e-05,-0.0036528983244871987,364.0,359.0,114.30275988578796,14.24163007736206,128.54438996315002,355.0,384.25,20,15,15
dslfmae_like_baseline,541,21,1,M10R5N5,21,8e-05,0.05310118943452835,180.0,185.0,8.536720514297485,0.7164700031280518,9.253190517425537,176.0,193.47619047619048,10,5,5
dslfmae_like_baseline,542,21,2,M10R5N10,21,7.996296296296297e-05,0.024814705830067396,380.0,380.0,19.991275787353516,1.7313520908355713,21.722627878189087,329.0,369.0,10,5,10
dslfmae_like_baseline,543,21,3,M10R5N15,21,7.992592592592593e-05,0.013111063667262593,510.0,483.0,29.576228141784668,2.6211750507354736,32.19740319252014,467.0,490.04761904761904,10,5,15
dslfmae_like_baseline,544,21,4,M10R10N5,21,7.988888888888889e-05,0.011429685400798917,252.0,239.0,22.902461528778076,2.176525115966797,25.078986644744873,239.0,258.9047619047619,10,10,5
dslfmae_like_baseline,545,21,5,M10R10N10,21,7.985185185185185e-05,-0.010281564900651574,468.0,478.0,44.195695877075195,4.3855061531066895,48.581202030181885,442.0,474.0,10,10,10
dslfmae_like_baseline,546,21,6,M10R10N15,21,7.981481481481481e-05,-0.01634336416609585,743.0,770.0,64.72542095184326,6.140083074569702,70.86550402641296,711.0,797.8571428571429,10,10,15
dslfmae_like_baseline,547,21,7,M10R15N5,21,7.977777777777779e-05,0.020816145464777946,375.0,372.0,34.00917172431946,3.6363446712493896,37.64551639556885,361.0,393.4761904761905,10,15,5
dslfmae_like_baseline,548,21,8,M10R15N10,21,7.974074074074074e-05,0.005149789934512228,613.0,643.0,77.0996732711792,8.402026653289795,85.501699924469,619.0,675.952380952381,10,15,10
dslfmae_like_baseline,549,21,9,M10R15N15,21,7.97037037037037e-05,0.005925937490246724,1049.0,1044.0,119.5395884513855,12.900253057479858,132.43984150886536,996.0,1106.6666666666667,10,15,15
dslfmae_like_baseline,550,21,10,M15R5N5,21,7.966666666666666e-05,0.01811407133936882,158.0,175.0,11.262229681015015,1.1932473182678223,12.455476999282837,152.0,176.52380952380952,15,5,5
dslfmae_like_baseline,551,21,11,M15R5N10,21,7.962962962962964e-05,-0.0020477482030401006,235.0,221.0,20.69219970703125,1.777169942855835,22.469369649887085,205.0,231.71428571428572,15,5,10
dslfmae_like_baseline,552,21,12,M15R5N15,21,7.95925925925926e-05,-0.022960112585375708,283.0,289.0,29.05682373046875,2.667725086212158,31.724548816680908,239.0,270.6190476190476,15,5,15
dslfmae_like_baseline,553,21,13,M15R10N5,21,7.955555555555556e-05,0.09254912752658129,171.0,136.0,21.08402943611145,2.2304348945617676,23.314464330673218,136.0,156.85714285714286,15,10,5
dslfmae_like_baseline,554,21,14,M15R10N10,21,7.951851851851852e-05,-0.04996900609694421,253.0,246.0,51.87332630157471,5.537259101867676,57.41058540344238,243.0,288.2857142857143,15,10,10
dslfmae_like_baseline,555,21,15,M15R10N15,21,7.94814814814815e-05,0.010070898907724769,295.0,260.0,69.99020957946777,7.2433247566223145,77.23353433609009,256.0,281.57142857142856,15,10,15
dslfmae_like_baseline,556,21,16,M15R15N5,21,7.944444444444446e-05,0.0032501991275542728,201.0,182.0,35.121132373809814,4.3853535652160645,39.50648593902588,179.0,195.42857142857142,15,15,5
dslfmae_like_baseline,557,21,17,M15R15N10,21,7.94074074074074e-05,0.004057379058212973,401.0,401.0,68.03113412857056,7.8870251178741455,75.9181592464447,385.0,415.57142857142856,15,15,10
dslfmae_like_baseline,558,21,18,M15R15N15,21,7.937037037037037e-05,0.004228510153812489,552.0,562.0,102.17506885528564,11.55066704750061,113.72573590278625,559.0,632.0,15,15,15
dslfmae_like_baseline,559,21,19,M20R5N5,21,7.933333333333334e-05,-0.0606984319165349,81.0,71.0,10.173003435134888,0.9509692192077637,11.123972654342651,63.0,71.0,20,5,5
dslfmae_like_baseline,560,21,20,M20R5N10,21,7.92962962962963e-05,0.07524711266160011,197.0,193.0,21.175756216049194,1.9996888637542725,23.175445079803467,193.0,194.42857142857142,20,5,10
dslfmae_like_baseline,561,21,21,M20R5N15,21,7.925925925925926e-05,0.048208873718976974,337.0,368.0,31.80793309211731,3.0883255004882812,34.89625859260559,322.0,336.57142857142856,20,5,15
dslfmae_like_baseline,562,21,22,M20R10N5,21,7.922222222222223e-05,-0.07927073631435633,97.0,95.0,21.247025728225708,2.2257800102233887,23.472805738449097,87.0,94.66666666666667,20,10,5
dslfmae_like_baseline,563,21,23,M20R10N10,21,7.918518518518519e-05,-0.008245085055629412,251.0,208.0,40.78435444831848,4.23485255241394,45.01920700073242,196.0,222.57142857142858,20,10,10
dslfmae_like_baseline,564,21,24,M20R10N15,21,7.914814814814815e-05,-0.0009022252110298723,314.0,368.0,68.28049945831299,7.570667028427124,75.85116648674011,314.0,358.57142857142856,20,10,15
dslfmae_like_baseline,565,21,25,M20R15N5,21,7.911111111111111e-05,-0.01636419032001868,143.0,141.0,32.85942482948303,4.078355073928833,36.937779903411865,137.0,158.95238095238096,20,15,5
dslfmae_like_baseline,566,21,26,M20R15N10,21,7.907407407407407e-05,0.013086037151515484,239.0,251.0,77.57805013656616,9.485886812210083,87.06393694877625,228.0,275.04761904761904,20,15,10
dslfmae_like_baseline,567,21,27,M20R15N15,21,7.903703703703705e-05,-0.010271519854930895,375.0,364.0,112.44613862037659,13.758209943771362,126.20434856414795,355.0,383.2857142857143,20,15,15
dslfmae_like_baseline,568,22,1,M10R5N5,22,7.900000000000001e-05,0.02862136671319604,179.0,184.0,8.370701789855957,0.7398991584777832,9.11060094833374,176.0,193.04545454545453,10,5,5
dslfmae_like_baseline,569,22,2,M10R5N10,22,7.896296296296297e-05,0.00394255094579421,358.0,357.0,20.150890350341797,1.6906800270080566,21.841570377349854,329.0,368.45454545454544,10,5,10
dslfmae_like_baseline,570,22,3,M10R5N15,22,7.892592592592593e-05,0.009889090348830601,505.0,476.0,29.631701946258545,2.493032455444336,32.12473440170288,467.0,489.40909090909093,10,5,15
dslfmae_like_baseline,571,22,4,M10R10N5,22,7.88888888888889e-05,0.05493210908025503,256.0,243.0,22.366238594055176,2.220127820968628,24.586366415023804,239.0,258.1818181818182,10,10,5
dslfmae_like_baseline,572,22,5,M10R10N10,22,7.885185185185186e-05,0.003978699474828318,481.0,443.0,42.044398069381714,4.099550724029541,46.143948793411255,442.0,472.59090909090907,10,10,10
dslfmae_like_baseline,573,22,6,M10R10N15,22,7.881481481481482e-05,-0.03978392146527767,741.0,748.0,63.450258016586304,6.126197338104248,69.57645535469055,711.0,795.5909090909091,10,10,15
dslfmae_like_baseline,574,22,7,M10R15N5,22,7.877777777777778e-05,0.02909797104075551,382.0,354.0,33.52405405044556,3.697735071182251,37.22178912162781,354.0,391.6818181818182,10,15,5
dslfmae_like_baseline,575,22,8,M10R15N10,22,7.874074074074075e-05,-0.0004108192428248003,616.0,641.0,75.89960956573486,8.152429342269897,84.05203890800476,619.0,674.3636363636364,10,15,10
dslfmae_like_baseline,576,22,9,M10R15N15,22,7.87037037037037e-05,0.0067786105846607825,1020.0,1024.0,116.81290364265442,12.765897274017334,129.57880091667175,996.0,1102.909090909091,10,15,15
dslfmae_like_baseline,577,22,10,M15R5N5,22,7.866666666666666e-05,0.09154558926820755,162.0,180.0,11.038723468780518,1.019202709197998,12.057926177978516,152.0,176.6818181818182,15,5,5
dslfmae_like_baseline,578,22,11,M15R5N10,22,7.862962962962962e-05,-0.016060321824625134,248.0,220.0,19.60401463508606,1.8169894218444824,21.421004056930542,205.0,231.1818181818182,15,5,10
dslfmae_like_baseline,579,22,12,M15R5N15,22,7.85925925925926e-05,-0.06871402139465015,264.0,272.0,28.86701464653015,2.683990240097046,31.551004886627197,239.0,270.6818181818182,15,5,15
dslfmae_like_baseline,580,22,13,M15R10N5,22,7.855555555555556e-05,0.0273963266517967,142.0,151.0,21.981117248535156,2.355896234512329,24.337013483047485,136.0,156.5909090909091,15,10,5
dslfmae_like_baseline,581,22,14,M15R10N10,22,7.851851851851852e-05,0.023498543887399137,253.0,246.0,51.519222021102905,5.582518100738525,57.10174012184143,243.0,286.3636363636364,15,10,10
dslfmae_like_baseline,582,22,15,M15R10N15,22,7.848148148148148e-05,-0.018012382509186863,262.0,265.0,70.86888408660889,7.14722204208374,78.01610612869263,256.0,280.8181818181818,15,10,15
dslfmae_like_baseline,583,22,16,M15R15N5,22,7.844444444444446e-05,0.03179833867276708,197.0,200.0,34.94151496887207,4.281723260879517,39.22323822975159,179.0,195.63636363636363,15,15,5
dslfmae_like_baseline,584,22,17,M15R15N10,22,7.840740740740741e-05,-0.010076721361838282,391.0,386.0,68.69569826126099,7.974584341049194,76.67028260231018,385.0,414.22727272727275,15,15,10
dslfmae_like_baseline,585,22,18,M15R15N15,22,7.837037037037037e-05,0.01493940336097564,589.0,581.0,100.57616901397705,12.159897804260254,112.7360668182373,559.0,629.6818181818181,15,15,15
dslfmae_like_baseline,586,22,19,M20R5N5,22,7.833333333333333e-05,0.060460902750492096,77.0,70.0,10.540369033813477,0.9662368297576904,11.506605863571167,63.0,70.95454545454545,20,5,5
dslfmae_like_baseline,587,22,20,M20R5N10,22,7.82962962962963e-05,-0.004179509494861122,195.0,199.0,21.353752613067627,2.0673487186431885,23.421101331710815,193.0,194.63636363636363,20,5,10
dslfmae_like_baseline,588,22,21,M20R5N15,22,7.825925925925927e-05,0.004776990041136742,327.0,349.0,31.5735023021698,3.019172191619873,34.59267449378967,322.0,337.1363636363636,20,5,15
dslfmae_like_baseline,589,22,22,M20R10N5,22,7.822222222222223e-05,-0.007708257471676916,104.0,95.0,21.226231813430786,2.2960944175720215,23.522326231002808,87.0,94.68181818181819,20,10,5
dslfmae_like_baseline,590,22,23,M20R10N10,22,7.818518518518518e-05,-0.04700467797617117,215.0,202.0,40.58526635169983,4.25827956199646,44.84354591369629,196.0,221.63636363636363,20,10,10
dslfmae_like_baseline,591,22,24,M20R10N15,22,7.814814814814815e-05,0.05564840212464332,361.0,376.0,68.44374632835388,7.42253851890564,75.86628484725952,314.0,359.3636363636364,20,10,15
dslfmae_like_baseline,592,22,25,M20R15N5,22,7.811111111111111e-05,-0.03225474820161859,155.0,154.0,32.82392144203186,4.082776784896851,36.90669822692871,137.0,158.72727272727272,20,15,5
dslfmae_like_baseline,593,22,26,M20R15N10,22,7.807407407407408e-05,0.00593315513106063,260.0,248.0,76.82340455055237,9.769578218460083,86.59298276901245,228.0,273.8181818181818,20,15,10
dslfmae_like_baseline,594,22,27,M20R15N15,22,7.803703703703704e-05,-0.02155582400571023,374.0,378.0,113.41796064376831,13.984469175338745,127.40242981910706,355.0,383.04545454545456,20,15,15
dslfmae_like_baseline,595,23,1,M10R5N5,23,7.800000000000001e-05,0.05624710116535425,196.0,179.0,8.436696290969849,0.7206664085388184,9.157362699508667,176.0,192.43478260869566,10,5,5
dslfmae_like_baseline,596,23,2,M10R5N10,23,7.796296296296297e-05,0.03777511464431882,388.0,356.0,20.23599672317505,1.7690067291259766,22.005003452301025,329.0,367.9130434782609,10,5,10
dslfmae_like_baseline,597,23,3,M10R5N15,23,7.792592592592594e-05,-0.04027816280722618,491.0,481.0,30.040839433670044,2.605713129043579,32.64655256271362,467.0,489.04347826086956,10,5,15
dslfmae_like_baseline,598,23,4,M10R10N5,23,7.788888888888888e-05,0.051983606070280075,265.0,241.0,22.476007223129272,2.2110610008239746,24.687068223953247,239.0,257.4347826086956,10,10,5
dslfmae_like_baseline,599,23,5,M10R10N10,23,7.785185185185186e-05,0.024244726325074833,511.0,461.0,42.248093605041504,4.145588636398315,46.39368224143982,442.0,472.0869565217391,10,10,10
dslfmae_like_baseline,600,23,6,M10R10N15,23,7.781481481481482e-05,-0.05100076925009489,723.0,779.0,63.252588987350464,6.088392019271851,69.34098100662231,711.0,794.8695652173913,10,10,15
dslfmae_like_baseline,601,23,7,M10R15N5,23,7.777777777777778e-05,0.0301297086601456,411.0,377.0,33.14043569564819,3.842007875442505,36.9824435710907,354.0,391.04347826086956,10,15,5
dslfmae_like_baseline,602,23,8,M10R15N10,23,7.774074074074074e-05,-0.011492388602346183,635.0,632.0,77.8030252456665,8.30579423904419,86.1088194847107,619.0,672.5217391304348,10,15,10
dslfmae_like_baseline,603,23,9,M10R15N15,23,7.77037037037037e-05,0.008820223272778094,1009.0,1014.0,118.40930223464966,12.80370306968689,131.21300530433655,996.0,1099.0434782608695,10,15,15
dslfmae_like_baseline,604,23,10,M15R5N5,23,7.766666666666667e-05,0.1540263593196869,181.0,170.0,11.092642784118652,1.0639395713806152,12.156582355499268,152.0,176.3913043478261,15,5,5
dslfmae_like_baseline,605,23,11,M15R5N10,23,7.762962962962963e-05,-0.04085526196286082,217.0,217.0,19.689677715301514,1.7474002838134766,21.43707799911499,205.0,230.56521739130434,15,5,10
dslfmae_like_baseline,606,23,12,M15R5N15,23,7.759259259259259e-05,-0.02717028490345304,295.0,269.0,28.969171285629272,2.5594725608825684,31.52864384651184,239.0,270.60869565217394,15,5,15
dslfmae_like_baseline,607,23,13,M15R10N5,23,7.755555555555556e-05,-0.055153373163193464,143.0,153.0,21.19581913948059,2.2802374362945557,23.476056575775146,136.0,156.43478260869566,15,10,5
dslfmae_like_baseline,608,23,14,M15R10N10,23,7.751851851851853e-05,0.0020901142270304263,256.0,249.0,51.09042000770569,5.7750327587127686,56.86545276641846,243.0,284.7391304347826,15,10,10
dslfmae_like_baseline,609,23,15,M15R10N15,23,7.748148148148149e-05,-0.0018219002056866884,275.0,267.0,70.57972145080566,7.352334499359131,77.9320559501648,256.0,280.2173913043478,15,10,15
dslfmae_like_baseline,610,23,16,M15R15N5,23,7.744444444444445e-05,0.020331197728713352,196.0,190.0,34.80823802947998,4.248485803604126,39.056723833084106,179.0,195.3913043478261,15,15,5
dslfmae_like_baseline,611,23,17,M15R15N10,23,7.740740740740741e-05,0.016071375412866473,414.0,413.0,68.90288925170898,8.135637760162354,77.03852701187134,385.0,414.17391304347825,15,15,10
dslfmae_like_baseline,612,23,18,M15R15N15,23,7.737037037037037e-05,-0.004981778374972886,583.0,562.0,100.0965564250946,11.669387340545654,111.76594376564026,559.0,626.7391304347826,15,15,15
dslfmae_like_baseline,613,23,19,M20R5N5,23,7.733333333333333e-05,0.12202095799148083,88.0,69.0,9.884047508239746,0.9896342754364014,10.873681783676147,63.0,70.8695652173913,20,5,5
dslfmae_like_baseline,614,23,20,M20R5N10,23,7.72962962962963e-05,0.027633826481178403,201.0,193.0,21.06037211418152,1.9798686504364014,23.04024076461792,193.0,194.56521739130434,20,5,10
dslfmae_like_baseline,615,23,21,M20R5N15,23,7.725925925925927e-05,-0.011198117320115367,327.0,334.0,32.23724555969238,3.079559087753296,35.31680464744568,322.0,337.0,20,5,15
dslfmae_like_baseline,616,23,22,M20R10N5,23,7.722222222222223e-05,-0.21736345626413822,87.0,86.0,21.81915855407715,2.2423458099365234,24.061504364013672,86.0,94.30434782608695,20,10,5
dslfmae_like_baseline,617,23,23,M20R10N10,23,7.718518518518518e-05,0.04211233928799629,212.0,210.0,40.93442177772522,4.386504173278809,45.32092595100403,196.0,221.1304347826087,20,10,10
dslfmae_like_baseline,618,23,24,M20R10N15,23,7.714814814814814e-05,0.06664155349135399,348.0,354.0,67.31336808204651,7.434795618057251,74.74816370010376,314.0,359.1304347826087,20,10,15
dslfmae_like_baseline,619,23,25,M20R15N5,23,7.711111111111112e-05,0.015681051493932802,158.0,145.0,32.912699460983276,4.0177321434021,36.930431604385376,137.0,158.1304347826087,20,15,5
dslfmae_like_baseline,620,23,26,M20R15N10,23,7.707407407407408e-05,-0.01581539623439312,238.0,251.0,77.65392446517944,9.720300436019897,87.37422490119934,228.0,272.82608695652175,20,15,10
dslfmae_like_baseline,621,23,27,M20R15N15,23,7.703703703703704e-05,0.000314030671558742,365.0,362.0,114.68450736999512,13.790128231048584,128.4746356010437,355.0,382.1304347826087,20,15,15
dslfmae_like_baseline,622,24,1,M10R5N5,24,7.7e-05,0.09478487074375153,187.0,184.0,8.4297776222229,0.7657520771026611,9.195529699325562,176.0,192.08333333333334,10,5,5
dslfmae_like_baseline,623,24,2,M10R5N10,24,7.696296296296298e-05,-0.0136359385214746,360.0,327.0,20.100666522979736,1.7166111469268799,21.817277669906616,327.0,366.2083333333333,10,5,10
dslfmae_like_baseline,624,24,3,M10R5N15,24,7.692592592592594e-05,0.008282009046524763,494.0,474.0,30.017702341079712,2.5512375831604004,32.56893992424011,467.0,488.4166666666667,10,5,15
dslfmae_like_baseline,625,24,4,M10R10N5,24,7.68888888888889e-05,0.005690281017450616,232.0,240.0,22.737663984298706,2.21273136138916,24.950395345687866,239.0,256.7083333333333,10,10,5
dslfmae_like_baseline,626,24,5,M10R10N10,24,7.685185185185185e-05,0.008452497189864516,462.0,436.0,43.169734954833984,4.239550828933716,47.4092857837677,436.0,470.5833333333333,10,10,10
dslfmae_like_baseline,627,24,6,M10R10N15,24,7.681481481481482e-05,-4.247933393344283e-05,778.0,761.0,63.60451650619507,6.173112154006958,69.77762866020203,711.0,793.4583333333334,10,10,15
dslfmae_like_baseline,628,24,7,M10R15N5,24,7.677777777777778e-05,-0.005831807463740309,371.0,384.0,35.11530923843384,3.111219882965088,38.226529121398926,354.0,390.75,10,15,5
dslfmae_like_baseline,629,24,8,M10R15N10,24,7.674074074074075e-05,0.01668187016621232,637.0,619.0,62.21817898750305,7.28990912437439,69.50808811187744,619.0,670.2916666666666,10,15,10
dslfmae_like_baseline,630,24,9,M10R15N15,24,7.670370370370371e-05,-0.0062481559471052606,1017.0,1012.0,100.38151741027832,10.728486776351929,111.11000418663025,996.0,1095.4166666666667,10,15,15
dslfmae_like_baseline,631,24,10,M15R5N5,24,7.666666666666667e-05,0.1283106692135334,175.0,152.0,9.10180377960205,0.8021564483642578,9.903960227966309,152.0,175.375,15,5,5
dslfmae_like_baseline,632,24,11,M15R5N10,24,7.662962962962963e-05,-0.04177182540297508,220.0,222.0,16.125032663345337,1.4264557361602783,17.551488399505615,205.0,230.20833333333334,15,5,10
dslfmae_like_baseline,633,24,12,M15R5N15,24,7.659259259259259e-05,-0.062382983043789864,266.0,265.0,24.065265655517578,2.044206380844116,26.109472036361694,239.0,270.375,15,5,15
dslfmae_like_baseline,634,24,13,M15R10N5,24,7.655555555555555e-05,0.017558395280502737,150.0,154.0,17.993608236312866,1.8439388275146484,19.837547063827515,136.0,156.33333333333334,15,10,5
dslfmae_like_baseline,635,24,14,M15R10N10,24,7.651851851851853e-05,-0.00239036560014938,255.0,251.0,43.565224409103394,4.726218223571777,48.29144263267517,243.0,283.3333333333333,15,10,10
dslfmae_like_baseline,636,24,15,M15R10N15,24,7.648148148148149e-05,0.004295240622013807,292.0,262.0,59.53709053993225,5.855671644210815,65.39276218414307,256.0,279.4583333333333,15,10,15
dslfmae_like_baseline,637,24,16,M15R15N5,24,7.644444444444445e-05,0.005232737632468343,187.0,185.0,28.59729790687561,3.544898509979248,32.14219641685486,179.0,194.95833333333334,15,15,5
dslfmae_like_baseline,638,24,17,M15R15N10,24,7.640740740740741e-05,0.0023513225285569208,389.0,385.0,57.271528482437134,7.166123390197754,64.43765187263489,385.0,412.9583333333333,15,15,10
dslfmae_like_baseline,639,24,18,M15R15N15,24,7.637037037037038e-05,0.010589699294152004,552.0,575.0,86.28128170967102,9.788493871688843,96.06977558135986,559.0,624.5833333333334,15,15,15
dslfmae_like_baseline,640,24,19,M20R5N5,24,7.633333333333334e-05,0.09452013112604618,84.0,71.0,8.468140602111816,0.7977688312530518,9.265909433364868,63.0,70.875,20,5,5
dslfmae_like_baseline,641,24,20,M20R5N10,24,7.62962962962963e-05,0.061863312497735023,193.0,193.0,17.64775061607361,1.6029598712921143,19.250710487365723,193.0,194.5,20,5,10
dslfmae_like_baseline,642,24,21,M20R5N15,24,7.625925925925926e-05,-0.0018952372047351673,327.0,325.0,26.615076541900635,2.493838310241699,29.108914852142334,322.0,336.5,20,5,15
dslfmae_like_baseline,643,24,22,M20R10N5,24,7.622222222222223e-05,-0.17472845129668713,89.0,102.0,17.953001976013184,1.880969524383545,19.83397150039673,86.0,94.625,20,10,5
dslfmae_like_baseline,644,24,23,M20R10N10,24,7.61851851851852e-05,-0.007232413433181743,205.0,211.0,34.91059947013855,3.7282521724700928,38.63885164260864,196.0,220.70833333333334,20,10,10
dslfmae_like_baseline,645,24,24,M20R10N15,24,7.614814814814814e-05,0.0941263671964407,336.0,318.0,55.995049715042114,6.0566887855529785,62.05173850059509,314.0,357.4166666666667,20,10,15
dslfmae_like_baseline,646,24,25,M20R15N5,24,7.61111111111111e-05,-0.011356691519419352,150.0,148.0,27.26223349571228,3.3407280445098877,30.602961540222168,137.0,157.70833333333334,20,15,5
dslfmae_like_baseline,647,24,26,M20R15N10,24,7.607407407407408e-05,-0.015202383184805513,252.0,251.0,65.86015510559082,8.154909610748291,74.01506471633911,228.0,271.9166666666667,20,15,10
dslfmae_like_baseline,648,24,27,M20R15N15,24,7.603703703703704e-05,-0.007616393667246614,354.0,355.0,94.49811744689941,11.773634672164917,106.27175211906433,355.0,381.0,20,15,15
dslfmae_like_baseline,649,25,1,M10R5N5,25,7.6e-05,0.10307352058589458,200.0,184.0,7.045616388320923,0.5590097904205322,7.604626178741455,176.0,191.76,10,5,5
dslfmae_like_baseline,650,25,2,M10R5N10,25,7.596296296296297e-05,-0.020710223354399204,345.0,351.0,16.85901951789856,1.4168963432312012,18.27591586112976,327.0,365.6,10,5,10
dslfmae_like_baseline,651,25,3,M10R5N15,25,7.592592592592593e-05,-0.00815239001531154,498.0,470.0,24.955210208892822,2.043297052383423,26.998507261276245,467.0,487.68,10,5,15
dslfmae_like_baseline,652,25,4,M10R10N5,25,7.58888888888889e-05,0.04010611167177558,247.0,241.0,19.127309799194336,1.9343891143798828,21.06169891357422,239.0,256.08,10,10,5
dslfmae_like_baseline,653,25,5,M10R10N10,25,7.585185185185185e-05,0.01420432748273015,464.0,423.0,36.76873803138733,3.2831647396087646,40.051902770996094,423.0,468.68,10,10,10
dslfmae_like_baseline,654,25,6,M10R10N15,25,7.581481481481481e-05,-0.01605782089754939,748.0,699.0,52.38248109817505,4.871861696243286,57.254342794418335,699.0,789.68,10,10,15
dslfmae_like_baseline,655,25,7,M10R15N5,25,7.577777777777779e-05,-0.0029270691835942366,375.0,368.0,27.69464373588562,3.196580171585083,30.891223907470703,354.0,389.84,10,15,5
dslfmae_like_baseline,656,25,8,M10R15N10,25,7.574074074074075e-05,0.011203670036047697,594.0,598.0,64.55873823165894,6.83842921257019,71.39716744422913,598.0,667.4,10,15,10
dslfmae_like_baseline,657,25,9,M10R15N15,25,7.570370370370371e-05,-0.000796097083366476,1002.0,1013.0,99.20926856994629,10.802127599716187,110.01139616966248,996.0,1092.12,10,15,15
dslfmae_like_baseline,658,25,10,M15R5N5,25,7.566666666666666e-05,0.026527872774749994,157.0,185.0,9.497781753540039,0.8346619606018066,10.332443714141846,152.0,175.76,15,5,5
dslfmae_like_baseline,659,25,11,M15R5N10,25,7.562962962962963e-05,-0.048930037301033735,217.0,218.0,16.629558563232422,1.4470775127410889,18.07663607597351,205.0,229.72,15,5,10
dslfmae_like_baseline,660,25,12,M15R5N15,25,7.55925925925926e-05,-0.002627907022542786,257.0,249.0,24.948512077331543,2.2111592292785645,27.159671306610107,239.0,269.52,15,5,15
dslfmae_like_baseline,661,25,13,M15R10N5,25,7.555555555555556e-05,0.06380468513816595,147.0,148.0,18.637868642807007,1.862990379333496,20.500859022140503,136.0,156.0,15,10,5
dslfmae_like_baseline,662,25,14,M15R10N10,25,7.551851851851852e-05,-0.029607991920784116,257.0,243.0,42.820250272750854,4.621293306350708,47.44154357910156,243.0,281.72,15,10,10
dslfmae_like_baseline,663,25,15,M15R10N15,25,7.548148148148148e-05,0.0013811777986120432,273.0,256.0,58.515790939331055,6.503936290740967,65.01972723007202,256.0,278.52,15,10,15
dslfmae_like_baseline,664,25,16,M15R15N5,25,7.544444444444445e-05,-0.00963587430305779,177.0,194.0,30.708535194396973,3.531574249267578,34.24010944366455,179.0,194.92,15,15,5
dslfmae_like_baseline,665,25,17,M15R15N10,25,7.540740740740742e-05,0.02354776402935386,396.0,372.0,57.426753759384155,6.683357000350952,64.11011075973511,372.0,411.32,15,15,10
dslfmae_like_baseline,666,25,18,M15R15N15,25,7.537037037037038e-05,0.006759232508816889,588.0,568.0,85.74058246612549,9.589419841766357,95.33000230789185,559.0,622.32,15,15,15
dslfmae_like_baseline,667,25,19,M20R5N5,25,7.533333333333334e-05,-0.13772068545222282,75.0,72.0,8.448208808898926,0.7757794857025146,9.22398829460144,63.0,70.92,20,5,5
dslfmae_like_baseline,668,25,20,M20R5N10,25,7.52962962962963e-05,0.034276826307177544,193.0,193.0,17.919822692871094,1.6917874813079834,19.611610174179077,193.0,194.44,20,5,10
dslfmae_like_baseline,669,25,21,M20R5N15,25,7.525925925925926e-05,0.04130133210370938,325.0,337.0,27.241118907928467,2.458160638809204,29.69927954673767,322.0,336.52,20,5,15
dslfmae_like_baseline,670,25,22,M20R10N5,25,7.522222222222222e-05,0.06393901258707047,98.0,94.0,17.90868878364563,1.8499197959899902,19.75860857963562,86.0,94.6,20,10,5
dslfmae_like_baseline,671,25,23,M20R10N10,25,7.518518518518519e-05,-0.005168873739118378,243.0,199.0,32.86954379081726,3.380037546157837,36.2495813369751,196.0,219.84,20,10,10
dslfmae_like_baseline,672,25,24,M20R10N15,25,7.514814814814815e-05,-0.041622993908822535,317.0,335.0,55.008063077926636,6.608858108520508,61.616921186447144,314.0,356.52,20,10,15
dslfmae_like_baseline,673,25,25,M20R15N5,25,7.511111111111111e-05,-0.005585318683491399,151.0,148.0,28.158074855804443,3.4133987426757812,31.571473598480225,137.0,157.32,20,15,5
dslfmae_like_baseline,674,25,26,M20R15N10,25,7.507407407407407e-05,-0.0005409143952419982,236.0,253.0,64.66732716560364,8.142109155654907,72.80943632125854,228.0,271.16,20,15,10
dslfmae_like_baseline,675,25,27,M20R15N15,25,7.503703703703705e-05,0.0035363166597172885,357.0,353.0,96.85907578468323,12.250244855880737,109.10932064056396,353.0,379.88,20,15,15
dslfmae_like_baseline,676,26,1,M10R5N5,26,7.500000000000001e-05,0.030365464743226767,189.0,185.0,7.335387945175171,0.5830307006835938,7.918418645858765,176.0,191.5,10,5,5
dslfmae_like_baseline,677,26,2,M10R5N10,26,7.496296296296297e-05,-0.0034578648628666997,350.0,357.0,17.176012992858887,1.4015257358551025,18.57753872871399,327.0,365.2692307692308,10,5,10
dslfmae_like_baseline,678,26,3,M10R5N15,26,7.492592592592593e-05,-0.011095184580578158,467.0,472.0,24.57350754737854,1.9602439403533936,26.533751487731934,467.0,487.0769230769231,10,5,15
dslfmae_like_baseline,679,26,4,M10R10N5,26,7.488888888888889e-05,0.040570748038589954,242.0,236.0,18.673115491867065,1.7980718612670898,20.471187353134155,236.0,255.30769230769232,10,10,5
dslfmae_like_baseline,680,26,5,M10R10N10,26,7.485185185185187e-05,0.020477935050924618,457.0,449.0,34.93243932723999,3.618905544281006,38.551344871520996,423.0,467.9230769230769,10,10,10
dslfmae_like_baseline,681,26,6,M10R10N15,26,7.481481481481483e-05,-0.012061093538068234,726.0,692.0,54.248194456100464,5.000316858291626,59.24851131439209,692.0,785.9230769230769,10,10,15
dslfmae_like_baseline,682,26,7,M10R15N5,26,7.477777777777778e-05,-0.012004955516507229,371.0,361.0,27.657061100006104,3.0166091918945312,30.673670291900635,354.0,388.7307692307692,10,15,5
dslfmae_like_baseline,683,26,8,M10R15N10,26,7.474074074074074e-05,0.01982916994020343,618.0,620.0,61.98845386505127,6.940760135650635,68.9292140007019,598.0,665.5769230769231,10,15,10
dslfmae_like_baseline,684,26,9,M10R15N15,26,7.470370370370371e-05,-0.0006071106072340626,1036.0,1044.0,98.65766882896423,10.750771045684814,109.40843987464905,996.0,1090.2692307692307,10,15,15
dslfmae_like_baseline,685,26,10,M15R5N5,26,7.466666666666666e-05,0.1847664788365364,178.0,180.0,8.987322092056274,0.8013522624969482,9.788674354553223,152.0,175.92307692307693,15,5,5
dslfmae_like_baseline,686,26,11,M15R5N10,26,7.462962962962962e-05,-0.046634712256491184,217.0,217.0,16.177042484283447,1.4220125675201416,17.59905505180359,205.0,229.23076923076923,15,5,10
dslfmae_like_baseline,687,26,12,M15R5N15,26,7.45925925925926e-05,-0.07992989321549733,249.0,266.0,23.444793939590454,2.0109124183654785,25.455706357955933,239.0,269.38461538461536,15,5,15
dslfmae_like_baseline,688,26,13,M15R10N5,26,7.455555555555556e-05,0.017092470661737025,147.0,154.0,17.53550672531128,1.8194234371185303,19.35493016242981,136.0,155.92307692307693,15,10,5
dslfmae_like_baseline,689,26,14,M15R10N10,26,7.451851851851852e-05,0.014386958733666688,255.0,251.0,42.67046093940735,4.9838645458221436,47.65432548522949,243.0,280.53846153846155,15,10,10
dslfmae_like_baseline,690,26,15,M15R10N15,26,7.448148148148148e-05,-0.008406282076612115,254.0,257.0,59.22261571884155,5.967001914978027,65.18961763381958,256.0,277.6923076923077,15,10,15
dslfmae_like_baseline,691,26,16,M15R15N5,26,7.444444444444444e-05,0.009614288341253996,194.0,175.0,29.22615957260132,3.4859347343444824,32.7120943069458,175.0,194.15384615384616,15,15,5
dslfmae_like_baseline,692,26,17,M15R15N10,26,7.440740740740742e-05,0.009891191800124943,394.0,381.0,58.404176235198975,6.732625722885132,65.1368019580841,372.0,410.15384615384613,15,15,10
dslfmae_like_baseline,693,26,18,M15R15N15,26,7.437037037037038e-05,0.004677553037514112,570.0,584.0,86.03182053565979,9.589900732040405,95.6217212677002,559.0,620.8461538461538,15,15,15
dslfmae_like_baseline,694,26,19,M20R5N5,26,7.433333333333334e-05,0.08846509270370007,77.0,79.0,8.225759267807007,0.7904250621795654,9.016184329986572,63.0,71.23076923076923,20,5,5
dslfmae_like_baseline,695,26,20,M20R5N10,26,7.42962962962963e-05,0.003040753537788987,193.0,193.0,17.0011146068573,1.5652005672454834,18.566315174102783,193.0,194.3846153846154,20,5,10
dslfmae_like_baseline,696,26,21,M20R5N15,26,7.425925925925927e-05,0.003677369289410611,324.0,325.0,25.43229365348816,2.3617069721221924,27.79400062561035,322.0,336.0769230769231,20,5,15
dslfmae_like_baseline,697,26,22,M20R10N5,26,7.422222222222223e-05,-0.11290337890386581,95.0,101.0,17.65436840057373,1.9964053630828857,19.650773763656616,86.0,94.84615384615384,20,10,5
dslfmae_like_baseline,698,26,23,M20R10N10,26,7.418518518518519e-05,-0.006797494133934379,220.0,244.0,34.044854164123535,3.7376363277435303,37.782490491867065,196.0,220.76923076923077,20,10,10
dslfmae_like_baseline,699,26,24,M20R10N15,26,7.414814814814815e-05,0.0571915915235877,324.0,322.0,56.10685682296753,6.164477825164795,62.271334648132324,314.0,355.1923076923077,20,10,15
dslfmae_like_baseline,700,26,25,M20R15N5,26,7.411111111111111e-05,-0.0521657345816493,140.0,139.0,27.792521476745605,3.4025678634643555,31.19508934020996,137.0,156.6153846153846,20,15,5
dslfmae_like_baseline,701,26,26,M20R15N10,26,7.407407407407407e-05,0.013937047077342868,236.0,236.0,64.99713230133057,8.234485387802124,73.23161768913269,228.0,269.8076923076923,20,15,10
dslfmae_like_baseline,702,26,27,M20R15N15,26,7.403703703703703e-05,-0.006229007275708552,357.0,341.0,95.52029180526733,11.632191181182861,107.1524829864502,341.0,378.38461538461536,20,15,15
dslfmae_like_baseline,703,27,1,M10R5N5,27,7.4e-05,0.05790601018816233,195.0,184.0,6.820597171783447,0.5599398612976074,7.380537033081055,176.0,191.22222222222223,10,5,5
dslfmae_like_baseline,704,27,2,M10R5N10,27,7.396296296296297e-05,0.005529874979401939,344.0,357.0,16.478902339935303,1.353618860244751,17.832521200180054,327.0,364.962962962963,10,5,10
dslfmae_like_baseline,705,27,3,M10R5N15,27,7.392592592592593e-05,0.008945225034646379,487.0,470.0,24.75972819328308,2.1603963375091553,26.920124530792236,467.0,486.44444444444446,10,5,15
dslfmae_like_baseline,706,27,4,M10R10N5,27,7.38888888888889e-05,0.013544310466386378,244.0,251.0,18.97252058982849,2.115081310272217,21.087601900100708,236.0,255.14814814814815,10,10,5
dslfmae_like_baseline,707,27,5,M10R10N10,27,7.385185185185186e-05,-0.00023777300763564804,467.0,432.0,36.40026926994324,3.326693534851074,39.72696280479431,423.0,466.5925925925926,10,10,10
dslfmae_like_baseline,708,27,6,M10R10N15,27,7.381481481481483e-05,-0.015391801623627544,722.0,694.0,51.97420644760132,4.999836444854736,56.974042892456055,692.0,782.5185185185185,10,10,15
dslfmae_like_baseline,709,27,7,M10R15N5,27,7.377777777777778e-05,0.0149178880189235,389.0,374.0,27.43980360031128,2.99637508392334,30.43617868423462,354.0,388.18518518518516,10,15,5
dslfmae_like_baseline,710,27,8,M10R15N10,27,7.374074074074074e-05,-0.013191546685993672,603.0,593.0,64.51399302482605,6.949418306350708,71.46341133117676,593.0,662.8888888888889,10,15,10
dslfmae_like_baseline,711,27,9,M10R15N15,27,7.37037037037037e-05,0.007844343133911025,1012.0,1016.0,97.232492685318,10.374370813369751,107.60686349868774,996.0,1087.5185185185185,10,15,15
dslfmae_like_baseline,712,27,10,M15R5N5,27,7.366666666666668e-05,0.09995575062930584,166.0,186.0,9.108859539031982,0.8072483539581299,9.916107892990112,152.0,176.2962962962963,15,5,5
dslfmae_like_baseline,713,27,11,M15R5N10,27,7.362962962962963e-05,-0.029164643259719014,217.0,237.0,16.59662914276123,1.5092601776123047,18.105889320373535,205.0,229.5185185185185,15,5,10
dslfmae_like_baseline,714,27,12,M15R5N15,27,7.359259259259259e-05,-0.024333893942336243,263.0,253.0,24.454418420791626,2.176492214202881,26.630910634994507,239.0,268.77777777777777,15,5,15
dslfmae_like_baseline,715,27,13,M15R10N5,27,7.355555555555556e-05,0.03340351418592036,151.0,154.0,18.585203647613525,1.8447887897491455,20.42999243736267,136.0,155.85185185185185,15,10,5
dslfmae_like_baseline,716,27,14,M15R10N10,27,7.351851851851852e-05,-0.03420354670379311,244.0,239.0,42.523096561431885,4.561394214630127,47.08449077606201,239.0,279.0,15,10,10
dslfmae_like_baseline,717,27,15,M15R10N15,27,7.348148148148149e-05,0.017017265548929572,267.0,254.0,59.47913217544556,5.962732315063477,65.44186449050903,254.0,276.81481481481484,15,10,15
dslfmae_like_baseline,718,27,16,M15R15N5,27,7.344444444444445e-05,0.009194366789112488,189.0,204.0,29.40436363220215,3.5426149368286133,32.94697856903076,175.0,194.5185185185185,15,15,5
dslfmae_like_baseline,719,27,17,M15R15N10,27,7.340740740740741e-05,-0.0034887642366811635,389.0,398.0,58.96172070503235,6.882011651992798,65.84373235702515,372.0,409.7037037037037,15,15,10
dslfmae_like_baseline,720,27,18,M15R15N15,27,7.337037037037038e-05,0.005096251993173999,572.0,568.0,83.55629634857178,10.039958000183105,93.59625434875488,559.0,618.8888888888889,15,15,15
dslfmae_like_baseline,721,27,19,M20R5N5,27,7.333333333333334e-05,-0.06475803069770336,73.0,84.0,8.724663734436035,0.8136861324310303,9.538349866867065,63.0,71.70370370370371,20,5,5
dslfmae_like_baseline,722,27,20,M20R5N10,27,7.32962962962963e-05,0.05548274423927069,193.0,193.0,17.724528074264526,1.79896879196167,19.523496866226196,193.0,194.33333333333334,20,5,10
dslfmae_like_baseline,723,27,21,M20R5N15,27,7.325925925925925e-05,0.02790056603650252,325.0,340.0,27.03680920600891,2.4136710166931152,29.450480222702026,322.0,336.22222222222223,20,5,15
dslfmae_like_baseline,724,27,22,M20R10N5,27,7.322222222222223e-05,0.016387859475798905,92.0,98.0,17.65631628036499,1.8713440895080566,19.527660369873047,86.0,94.96296296296296,20,10,5
dslfmae_like_baseline,725,27,23,M20R10N10,27,7.318518518518519e-05,-0.040962809386352696,213.0,204.0,33.91039562225342,3.553142786026001,37.46353840827942,196.0,220.14814814814815,20,10,10
dslfmae_like_baseline,726,27,24,M20R10N15,27,7.314814814814814e-05,0.034785442519932985,345.0,329.0,56.071797609329224,6.2542335987091064,62.32603120803833,314.0,354.22222222222223,20,10,15
dslfmae_like_baseline,727,27,25,M20R15N5,27,7.311111111111111e-05,-0.03663858724758029,140.0,137.0,28.01838445663452,3.407176971435547,31.42556142807007,137.0,155.88888888888889,20,15,5
dslfmae_like_baseline,728,27,26,M20R15N10,27,7.307407407407408e-05,0.019194748159497975,253.0,228.0,66.27360343933105,8.178888320922852,74.4524917602539,228.0,268.25925925925924,20,15,10
dslfmae_like_baseline,729,27,27,M20R15N15,27,7.303703703703704e-05,-0.026738585105964115,358.0,343.0,93.86864805221558,12.751816272735596,106.62046432495117,341.0,377.0740740740741,20,15,15
dslfmae_like_baseline,730,28,1,M10R5N5,28,7.3e-05,0.0050935279577970505,176.0,194.0,7.058259010314941,0.6015164852142334,7.659775495529175,176.0,191.32142857142858,10,5,5
dslfmae_like_baseline,731,28,2,M10R5N10,28,7.296296296296296e-05,0.00204405389376916,339.0,365.0,16.68433713912964,1.3528125286102295,18.037149667739868,327.0,364.9642857142857,10,5,10
dslfmae_like_baseline,732,28,3,M10R5N15,28,7.292592592592594e-05,0.00410678312376452,473.0,470.0,24.324477195739746,1.9913272857666016,26.315804481506348,467.0,485.85714285714283,10,5,15
dslfmae_like_baseline,733,28,4,M10R10N5,28,7.28888888888889e-05,0.053006334230303764,246.0,239.0,18.80355715751648,1.834014654159546,20.637571811676025,236.0,254.57142857142858,10,10,5
dslfmae_like_baseline,734,28,5,M10R10N10,28,7.285185185185186e-05,-0.005300471656179677,460.0,454.0,35.053307056427,3.318269729614258,38.37157678604126,423.0,466.14285714285717,10,10,10
dslfmae_like_baseline,735,28,6,M10R10N15,28,7.281481481481482e-05,-0.027744761295616628,738.0,705.0,52.7538743019104,5.008961200714111,57.76283550262451,692.0,779.75,10,10,15
dslfmae_like_baseline,736,28,7,M10R15N5,28,7.27777777777778e-05,-0.008412731733794013,351.0,389.0,27.6250159740448,3.03240966796875,30.65742564201355,354.0,388.2142857142857,10,15,5
dslfmae_like_baseline,737,28,8,M10R15N10,28,7.274074074074074e-05,0.02012078361585736,607.0,594.0,63.98777961730957,6.852545738220215,70.84032535552979,593.0,660.4285714285714,10,15,10
dslfmae_like_baseline,738,28,9,M10R15N15,28,7.27037037037037e-05,-0.007770695010549389,1009.0,1041.0,97.2918107509613,11.616204500198364,108.90801525115967,996.0,1085.857142857143,10,15,15
dslfmae_like_baseline,739,28,10,M15R5N5,28,7.266666666666667e-05,0.05003745295107365,154.0,164.0,9.18180251121521,0.8147060871124268,9.996508598327637,152.0,175.85714285714286,15,5,5
dslfmae_like_baseline,740,28,11,M15R5N10,28,7.262962962962963e-05,-0.0354541284032166,206.0,205.0,16.19261908531189,1.3944509029388428,17.587069988250732,205.0,228.64285714285714,15,5,10
dslfmae_like_baseline,741,28,12,M15R5N15,28,7.259259259259259e-05,-0.020282520660354447,257.0,274.0,23.798190593719482,2.0511577129364014,25.849348306655884,239.0,268.9642857142857,15,5,15
dslfmae_like_baseline,742,28,13,M15R10N5,28,7.255555555555555e-05,0.12520563323050737,166.0,153.0,17.66333818435669,1.875502347946167,19.538840532302856,136.0,155.75,15,10,5
dslfmae_like_baseline,743,28,14,M15R10N10,28,7.251851851851851e-05,-0.06390870898030698,239.0,241.0,42.76950550079346,4.583817481994629,47.353322982788086,239.0,277.64285714285717,15,10,10
dslfmae_like_baseline,744,28,15,M15R10N15,28,7.248148148148149e-05,0.03152143051847815,279.0,268.0,59.234148263931274,6.132428407669067,65.36657667160034,254.0,276.5,15,10,15
dslfmae_like_baseline,745,28,16,M15R15N5,28,7.244444444444445e-05,-0.03655240265652537,178.0,179.0,29.54877543449402,3.571310043334961,33.12008547782898,175.0,193.96428571428572,15,15,5
dslfmae_like_baseline,746,28,17,M15R15N10,28,7.240740740740741e-05,0.022585579194128513,379.0,385.0,56.808773040771484,6.567944049835205,63.37671709060669,372.0,408.82142857142856,15,15,10
dslfmae_like_baseline,747,28,18,M15R15N15,28,7.237037037037037e-05,0.006018027538500194,582.0,558.0,84.54973649978638,9.680840253829956,94.23057675361633,558.0,616.7142857142857,15,15,15
dslfmae_like_baseline,748,28,19,M20R5N5,28,7.233333333333335e-05,0.22090930864214897,84.0,88.0,8.30472183227539,0.7588086128234863,9.063530445098877,63.0,72.28571428571429,20,5,5
dslfmae_like_baseline,749,28,20,M20R5N10,28,7.229629629629631e-05,-0.011957672308199108,193.0,193.0,17.352571487426758,1.6268773078918457,18.979448795318604,193.0,194.28571428571428,20,5,10
dslfmae_like_baseline,750,28,21,M20R5N15,28,7.225925925925927e-05,-0.03636966490497192,325.0,337.0,26.051605939865112,2.438430070877075,28.490036010742188,322.0,336.25,20,5,15
dslfmae_like_baseline,751,28,22,M20R10N5,28,7.222222222222222e-05,-0.22134660184383392,92.0,102.0,17.624319314956665,1.913376808166504,19.53769612312317,86.0,95.21428571428571,20,10,5
dslfmae_like_baseline,752,28,23,M20R10N10,28,7.21851851851852e-05,0.05893153014282385,234.0,203.0,34.420754194259644,3.5690667629241943,37.98982095718384,196.0,219.53571428571428,20,10,10
dslfmae_like_baseline,753,28,24,M20R10N15,28,7.214814814814816e-05,0.0940510593354702,336.0,337.0,57.722392320632935,6.510267972946167,64.2326602935791,314.0,353.60714285714283,20,10,15
dslfmae_like_baseline,754,28,25,M20R15N5,28,7.21111111111111e-05,-0.09795325435698032,136.0,141.0,27.809540271759033,3.3864572048187256,31.19599747657776,137.0,155.35714285714286,20,15,5
dslfmae_like_baseline,755,28,26,M20R15N10,28,7.207407407407407e-05,0.03548140162602067,247.0,246.0,62.487897872924805,8.033044815063477,70.52094268798828,228.0,267.4642857142857,20,15,10
dslfmae_like_baseline,756,28,27,M20R15N15,28,7.203703703703704e-05,-0.013577907113358378,347.0,349.0,95.28801774978638,11.858828783035278,107.14684653282166,341.0,376.07142857142856,20,15,15
dslfmae_like_baseline,757,29,1,M10R5N5,29,7.2e-05,0.09012065082788467,193.0,199.0,6.983203172683716,0.5556702613830566,7.5388734340667725,176.0,191.58620689655172,10,5,5
dslfmae_like_baseline,758,29,2,M10R5N10,29,7.196296296296296e-05,0.01073219662066549,350.0,378.0,16.945562601089478,1.3822224140167236,18.3277850151062,327.0,365.41379310344826,10,5,10
dslfmae_like_baseline,759,29,3,M10R5N15,29,7.192592592592592e-05,0.01048347350054731,481.0,483.0,25.026681423187256,2.0171258449554443,27.0438072681427,467.0,485.7586206896552,10,5,15
dslfmae_like_baseline,760,29,4,M10R10N5,29,7.18888888888889e-05,0.03960647317580879,256.0,260.0,19.206127405166626,1.8416497707366943,21.04777717590332,236.0,254.75862068965517,10,10,5
dslfmae_like_baseline,761,29,5,M10R10N10,29,7.185185185185186e-05,-0.006529357492884931,478.0,446.0,36.218719720840454,3.4161319732666016,39.634851694107056,423.0,465.44827586206895,10,10,10
dslfmae_like_baseline,762,29,6,M10R10N15,29,7.181481481481482e-05,-0.023911784403026104,774.0,713.0,54.28646278381348,4.95690131187439,59.243364095687866,692.0,777.448275862069,10,10,15
dslfmae_like_baseline,763,29,7,M10R15N5,29,7.177777777777778e-05,0.017457155627198517,389.0,371.0,27.746427297592163,2.9856836795806885,30.73211097717285,354.0,387.62068965517244,10,15,5
dslfmae_like_baseline,764,29,8,M10R15N10,29,7.174074074074075e-05,0.007771236565895378,596.0,618.0,61.94029903411865,7.338900089263916,69.27919912338257,593.0,658.9655172413793,10,15,10
dslfmae_like_baseline,765,29,9,M10R15N15,29,7.170370370370371e-05,-0.004435851560629089,1011.0,1034.0,99.45362424850464,10.6689612865448,110.12258553504944,996.0,1084.0689655172414,10,15,15
dslfmae_like_baseline,766,29,10,M15R5N5,29,7.166666666666667e-05,0.09789361990988255,178.0,157.0,9.220768213272095,0.8172125816345215,10.037980794906616,152.0,175.20689655172413,15,5,5
dslfmae_like_baseline,767,29,11,M15R5N10,29,7.162962962962963e-05,-0.055459116119891405,205.0,207.0,16.082916498184204,1.3963840007781982,17.479300498962402,205.0,227.89655172413794,15,5,10
dslfmae_like_baseline,768,29,12,M15R5N15,29,7.159259259259259e-05,-0.05068180834253629,255.0,287.0,24.2161123752594,2.077876329421997,26.293988704681396,239.0,269.58620689655174,15,5,15
dslfmae_like_baseline,769,29,13,M15R10N5,29,7.155555555555555e-05,0.05804231856018305,159.0,154.0,18.0442156791687,1.8866140842437744,19.930829763412476,136.0,155.68965517241378,15,10,5
dslfmae_like_baseline,770,29,14,M15R10N10,29,7.151851851851852e-05,-0.010365066846134141,245.0,242.0,42.87134051322937,4.801171541213989,47.67251205444336,239.0,276.41379310344826,15,10,10
dslfmae_like_baseline,771,29,15,M15R10N15,29,7.148148148148148e-05,0.0011245764122577383,262.0,257.0,60.36140036582947,5.952460289001465,66.31386065483093,254.0,275.82758620689657,15,10,15
dslfmae_like_baseline,772,29,16,M15R15N5,29,7.144444444444445e-05,0.012873795776007077,190.0,196.0,28.867013931274414,3.535616159439087,32.4026300907135,175.0,194.0344827586207,15,15,5
dslfmae_like_baseline,773,29,17,M15R15N10,29,7.140740740740741e-05,-0.0030764821887714787,394.0,374.0,58.2785439491272,7.279327869415283,65.55787181854248,372.0,407.62068965517244,15,15,10
dslfmae_like_baseline,774,29,18,M15R15N15,29,7.137037037037038e-05,0.012545879880365516,582.0,561.0,83.8218629360199,9.393260955810547,93.21512389183044,558.0,614.7931034482758,15,15,15
dslfmae_like_baseline,775,29,19,M20R5N5,29,7.133333333333334e-05,-0.09222191944718361,79.0,71.0,8.417258024215698,0.7520370483398438,9.169295072555542,63.0,72.24137931034483,20,5,5
dslfmae_like_baseline,776,29,20,M20R5N10,29,7.129629629629631e-05,0.06213224492967129,193.0,193.0,17.39573645591736,1.583333969116211,18.97907042503357,193.0,194.24137931034483,20,5,10
dslfmae_like_baseline,777,29,21,M20R5N15,29,7.125925925925927e-05,0.037527430492142834,336.0,340.0,26.175599575042725,2.4708220958709717,28.646421670913696,322.0,336.37931034482756,20,5,15
dslfmae_like_baseline,778,29,22,M20R10N5,29,7.122222222222222e-05,-0.0339080928824842,91.0,84.0,17.64179801940918,1.8512680530548096,19.49306607246399,84.0,94.82758620689656,20,10,5
dslfmae_like_baseline,779,29,23,M20R10N10,29,7.118518518518518e-05,-0.033443153059730925,216.0,210.0,34.096282958984375,3.553162097930908,37.64944505691528,196.0,219.20689655172413,20,10,10
dslfmae_like_baseline,780,29,24,M20R10N15,29,7.114814814814816e-05,0.025290622469037773,350.0,320.0,56.15708661079407,6.0414183139801025,62.19850492477417,314.0,352.44827586206895,20,10,15
dslfmae_like_baseline,781,29,25,M20R15N5,29,7.111111111111112e-05,0.011192873508358995,162.0,146.0,26.833000898361206,3.330920696258545,30.16392159461975,137.0,155.0344827586207,20,15,5
dslfmae_like_baseline,782,29,26,M20R15N10,29,7.107407407407407e-05,-0.03933432716876269,233.0,237.0,65.62393260002136,8.354734182357788,73.97866678237915,228.0,266.41379310344826,20,15,10
dslfmae_like_baseline,783,29,27,M20R15N15,29,7.103703703703703e-05,0.010966581126142825,358.0,338.0,93.36311340332031,11.785714626312256,105.14882802963257,338.0,374.7586206896552,20,15,15
dslfmae_like_baseline,784,30,1,M10R5N5,30,7.1e-05,0.09283989109098911,214.0,185.0,7.086014032363892,0.5768065452575684,7.66282057762146,176.0,191.36666666666667,10,5,5
dslfmae_like_baseline,785,30,2,M10R5N10,30,7.096296296296297e-05,0.02260565641336143,372.0,345.0,16.780926942825317,1.3707671165466309,18.15169405937195,327.0,364.73333333333335,10,5,10
dslfmae_like_baseline,786,30,3,M10R5N15,30,7.092592592592593e-05,-0.036702219086388745,473.0,488.0,25.001955032348633,2.0159802436828613,27.017935276031494,467.0,485.8333333333333,10,5,15
dslfmae_like_baseline,787,30,4,M10R10N5,30,7.088888888888889e-05,0.036144925747066736,249.0,249.0,19.219303369522095,1.930309772491455,21.14961314201355,236.0,254.56666666666666,10,10,5
dslfmae_like_baseline,788,30,5,M10R10N10,30,7.085185185185186e-05,0.022569676240285236,463.0,458.0,36.7439649105072,3.3535494804382324,40.097514390945435,423.0,465.2,10,10,10
dslfmae_like_baseline,789,30,6,M10R10N15,30,7.081481481481483e-05,-0.013675156515091658,790.0,706.0,52.02426838874817,4.916367769241333,56.9406361579895,692.0,775.0666666666667,10,10,15
dslfmae_like_baseline,790,30,7,M10R15N5,30,7.077777777777779e-05,-0.0206043622456491,361.0,374.0,27.395402908325195,3.2074968814849854,30.60289978981018,354.0,387.1666666666667,10,15,5
dslfmae_like_baseline,791,30,8,M10R15N10,30,7.074074074074075e-05,0.024808700755238534,614.0,601.0,64.57602977752686,6.876600980758667,71.45263075828552,593.0,657.0333333333333,10,15,10
dslfmae_like_baseline,792,30,9,M10R15N15,30,7.070370370370371e-05,0.002456918939060415,1032.0,1037.0,98.06608366966248,10.617067337036133,108.68315100669861,996.0,1082.5,10,15,15
dslfmae_like_baseline,793,30,10,M15R5N5,30,7.066666666666667e-05,0.10311394184827805,173.0,160.0,9.204437017440796,0.8149800300598145,10.01941704750061,152.0,174.7,15,5,5
dslfmae_like_baseline,794,30,11,M15R5N10,30,7.062962962962963e-05,-0.038155012764036655,212.0,257.0,16.337659120559692,1.4005465507507324,17.738205671310425,205.0,228.86666666666667,15,5,10
dslfmae_like_baseline,795,30,12,M15R5N15,30,7.059259259259258e-05,-0.014967828290537,284.0,254.0,24.318267583847046,2.1977040767669678,26.515971660614014,239.0,269.06666666666666,15,5,15
dslfmae_like_baseline,796,30,13,M15R10N5,30,7.055555555555556e-05,0.0006162173813208938,152.0,154.0,18.214267015457153,1.8933062553405762,20.10757327079773,136.0,155.63333333333333,15,10,5
dslfmae_like_baseline,797,30,14,M15R10N10,30,7.051851851851852e-05,-0.028819131199270487,245.0,241.0,42.82004714012146,4.596914768218994,47.416961908340454,239.0,275.23333333333335,15,10,10
dslfmae_like_baseline,798,30,15,M15R10N15,30,7.048148148148148e-05,0.005887789651751518,257.0,269.0,59.00679016113281,6.474386930465698,65.48117709159851,254.0,275.6,15,10,15
dslfmae_like_baseline,799,30,16,M15R15N5,30,7.044444444444444e-05,0.01567005117734273,200.0,188.0,30.44947624206543,3.932459831237793,34.38193607330322,175.0,193.83333333333334,15,15,5
dslfmae_like_baseline,800,30,17,M15R15N10,30,7.040740740740742e-05,-0.0074596700724214315,392.0,370.0,57.671262979507446,6.6852240562438965,64.35648703575134,370.0,406.3666666666667,15,15,10
dslfmae_like_baseline,801,30,18,M15R15N15,30,7.037037037037038e-05,0.018119388725608587,585.0,559.0,84.93942189216614,9.676422595977783,94.61584448814392,558.0,612.9333333333333,15,15,15
dslfmae_like_baseline,802,30,19,M20R5N5,30,7.033333333333334e-05,0.08122987858951092,82.0,84.0,8.502809047698975,0.7639493942260742,9.266758441925049,63.0,72.63333333333334,20,5,5
dslfmae_like_baseline,803,30,20,M20R5N10,30,7.02962962962963e-05,-0.006807992409449071,193.0,193.0,17.745182037353516,1.6483790874481201,19.393561124801636,193.0,194.2,20,5,10
dslfmae_like_baseline,804,30,21,M20R5N15,30,7.025925925925926e-05,0.0009400671066638703,328.0,345.0,27.24197745323181,2.4291131496429443,29.671090602874756,322.0,336.6666666666667,20,5,15
dslfmae_like_baseline,805,30,22,M20R10N5,30,7.022222222222224e-05,-0.13570235949009657,88.0,105.0,17.684546947479248,1.9474265575408936,19.63197350502014,84.0,95.16666666666667,20,10,5
dslfmae_like_baseline,806,30,23,M20R10N10,30,7.018518518518519e-05,-0.012439244193956256,199.0,192.0,33.427892208099365,3.4236481189727783,36.851540327072144,192.0,218.3,20,10,10
dslfmae_like_baseline,807,30,24,M20R10N15,30,7.014814814814815e-05,0.08855242766439915,342.0,326.0,56.51271104812622,6.65660548210144,63.16931653022766,314.0,351.56666666666666,20,10,15
dslfmae_like_baseline,808,30,25,M20R15N5,30,7.011111111111112e-05,-0.01258565066382289,156.0,134.0,28.23299503326416,3.409731149673462,31.642726182937622,134.0,154.33333333333334,20,15,5
dslfmae_like_baseline,809,30,26,M20R15N10,30,7.007407407407407e-05,-0.0318763118237257,243.0,240.0,64.77364802360535,8.08958649635315,72.8632345199585,228.0,265.53333333333336,20,15,10
dslfmae_like_baseline,810,30,27,M20R15N15,30,7.003703703703703e-05,-0.007251042606575149,333.0,339.0,96.16567087173462,12.12166953086853,108.28734040260315,338.0,373.56666666666666,20,15,15
dslfmae_like_baseline,811,31,1,M10R5N5,31,7e-05,0.08895116113126278,202.0,186.0,7.3642942905426025,0.6024320125579834,7.966726303100586,176.0,191.19354838709677,10,5,5
dslfmae_like_baseline,812,31,2,M10R5N10,31,6.996296296296297e-05,0.05584558751434088,401.0,343.0,17.109723567962646,1.3697857856750488,18.479509353637695,327.0,364.03225806451616,10,5,10
dslfmae_like_baseline,813,31,3,M10R5N15,31,6.992592592592593e-05,-0.051131930823127426,477.0,472.0,24.580713748931885,1.9574382305145264,26.53815197944641,467.0,485.38709677419354,10,5,15
dslfmae_like_baseline,814,31,4,M10R10N5,31,6.988888888888889e-05,0.0006051838572602719,241.0,251.0,18.554238080978394,1.78560471534729,20.339842796325684,236.0,254.4516129032258,10,10,5
dslfmae_like_baseline,815,31,5,M10R10N10,31,6.985185185185185e-05,0.021647532160083454,447.0,439.0,34.66355776786804,3.3365061283111572,38.0000638961792,423.0,464.35483870967744,10,10,10
dslfmae_like_baseline,816,31,6,M10R10N15,31,6.981481481481482e-05,0.009804562153294682,749.0,724.0,53.43460988998413,5.5823891162872314,59.01699900627136,692.0,773.4193548387096,10,10,15
dslfmae_like_baseline,817,31,7,M10R15N5,31,6.977777777777779e-05,-0.026544376897315185,356.0,387.0,27.36429262161255,2.976074695587158,30.340367317199707,354.0,387.16129032258067,10,15,5
dslfmae_like_baseline,818,31,8,M10R15N10,31,6.974074074074075e-05,0.027970032300800085,597.0,600.0,62.460055351257324,6.816101551055908,69.27615690231323,593.0,655.1935483870968,10,15,10
dslfmae_like_baseline,819,31,9,M10R15N15,31,6.97037037037037e-05,-0.0023652314630453475,1031.0,1033.0,97.05291223526001,10.896059274673462,107.94897150993347,996.0,1080.9032258064517,10,15,15
dslfmae_like_baseline,820,31,10,M15R5N5,31,6.966666666666668e-05,0.04855197295546532,170.0,162.0,9.253954410552979,0.8205809593200684,10.074535369873047,152.0,174.29032258064515,15,5,5
dslfmae_like_baseline,821,31,11,M15R5N10,31,6.962962962962964e-05,-0.0008308379474328831,237.0,215.0,16.08936357498169,1.3788673877716064,17.468230962753296,205.0,228.41935483870967,15,5,10
dslfmae_like_baseline,822,31,12,M15R5N15,31,6.95925925925926e-05,-0.025979718193411827,257.0,264.0,23.531247854232788,2.016878604888916,25.548126459121704,239.0,268.9032258064516,15,5,15
dslfmae_like_baseline,823,31,13,M15R10N5,31,6.955555555555555e-05,0.0029451952141243964,152.0,155.0,17.351404905319214,1.8093631267547607,19.160768032073975,136.0,155.61290322580646,15,10,5
dslfmae_like_baseline,824,31,14,M15R10N10,31,6.951851851851852e-05,-0.025713251321576536,243.0,242.0,43.27575469017029,4.857033729553223,48.13278841972351,239.0,274.16129032258067,15,10,10
dslfmae_like_baseline,825,31,15,M15R10N15,31,6.948148148148148e-05,0.01515204063616693,272.0,260.0,61.31233859062195,6.0410990715026855,67.35343766212463,254.0,275.0967741935484,15,10,15
dslfmae_like_baseline,826,31,16,M15R15N5,31,6.944444444444444e-05,0.02275112085044384,203.0,205.0,29.215831995010376,3.5758235454559326,32.79165554046631,175.0,194.19354838709677,15,15,5
dslfmae_like_baseline,827,31,17,M15R15N10,31,6.94074074074074e-05,-0.0126302775926888,389.0,384.0,58.43765330314636,6.668496608734131,65.1061499118805,370.0,405.64516129032256,15,15,10
dslfmae_like_baseline,828,31,18,M15R15N15,31,6.937037037037038e-05,0.0138012796440827,564.0,557.0,86.88065195083618,9.864258766174316,96.7449107170105,557.0,611.1290322580645,15,15,15
dslfmae_like_baseline,829,31,19,M20R5N5,31,6.933333333333334e-05,-0.23069707676768303,67.0,71.0,8.285969018936157,0.8003568649291992,9.086325883865356,63.0,72.58064516129032,20,5,5
dslfmae_like_baseline,830,31,20,M20R5N10,31,6.92962962962963e-05,0.03293472738005221,193.0,193.0,17.275407791137695,1.5586066246032715,18.834014415740967,193.0,194.16129032258064,20,5,10
dslfmae_like_baseline,831,31,21,M20R5N15,31,6.925925925925927e-05,0.06930790282785892,327.0,340.0,25.784777641296387,2.36974835395813,28.154525995254517,322.0,336.7741935483871,20,5,15
dslfmae_like_baseline,832,31,22,M20R10N5,31,6.922222222222223e-05,0.1322496086359024,102.0,99.0,17.46857738494873,2.0122382640838623,19.480815649032593,84.0,95.29032258064517,20,10,5
dslfmae_like_baseline,833,31,23,M20R10N10,31,6.918518518518519e-05,-0.038629320139686264,223.0,224.0,34.14752984046936,3.7124338150024414,37.8599636554718,192.0,218.48387096774192,20,10,10
dslfmae_like_baseline,834,31,24,M20R10N15,31,6.914814814814815e-05,-0.050653267093002795,318.0,315.0,56.647966384887695,6.174011468887329,62.821977853775024,314.0,350.38709677419354,20,10,15
dslfmae_like_baseline,835,31,25,M20R15N5,31,6.911111111111111e-05,0.03461893337468306,164.0,143.0,27.57034206390381,3.382068634033203,30.95241069793701,134.0,153.96774193548387,20,15,5
dslfmae_like_baseline,836,31,26,M20R15N10,31,6.907407407407407e-05,-0.007549720164388418,248.0,250.0,64.3902838230133,8.17345118522644,72.56373500823975,228.0,265.03225806451616,20,15,10
dslfmae_like_baseline,837,31,27,M20R15N15,31,6.903703703703704e-05,-0.01732075766527227,344.0,340.0,97.96647524833679,11.648399353027344,109.61487460136414,338.0,372.48387096774195,20,15,15
dslfmae_like_baseline,838,32,1,M10R5N5,32,6.9e-05,0.045676860958337784,196.0,203.0,6.86004114151001,0.5769312381744385,7.436972379684448,176.0,191.5625,10,5,5
dslfmae_like_baseline,839,32,2,M10R5N10,32,6.896296296296296e-05,0.015919083496555686,349.0,363.0,16.267307996749878,1.3278062343597412,17.59511423110962,327.0,364.0,10,5,10
dslfmae_like_baseline,840,32,3,M10R5N15,32,6.892592592592593e-05,0.0013304454235670466,476.0,484.0,24.718261003494263,2.126279830932617,26.84454083442688,467.0,485.34375,10,5,15
dslfmae_like_baseline,841,32,4,M10R10N5,32,6.88888888888889e-05,0.02690508752129972,247.0,256.0,19.30552911758423,2.0166122913360596,21.322141408920288,236.0,254.5,10,10,5
dslfmae_like_baseline,842,32,5,M10R10N10,32,6.885185185185186e-05,0.0021051629106902205,448.0,428.0,36.124980211257935,3.310894012451172,39.435874223709106,423.0,463.21875,10,10,10
dslfmae_like_baseline,843,32,6,M10R10N15,32,6.881481481481482e-05,-0.00596549017354846,717.0,704.0,51.793527603149414,4.974204063415527,56.76773166656494,692.0,771.25,10,10,15
dslfmae_like_baseline,844,32,7,M10R15N5,32,6.877777777777778e-05,-0.003069876906617234,375.0,389.0,28.190378189086914,3.1170706748962402,31.307448863983154,354.0,387.21875,10,15,5
dslfmae_like_baseline,845,32,8,M10R15N10,32,6.874074074074075e-05,0.002510146953864023,585.0,607.0,63.55189847946167,7.031236171722412,70.58313465118408,593.0,653.6875,10,15,10
dslfmae_like_baseline,846,32,9,M10R15N15,32,6.870370370370372e-05,0.007797812329954468,1043.0,1020.0,97.70680212974548,10.419586181640625,108.12638831138611,996.0,1079.0,10,15,15
dslfmae_like_baseline,847,32,10,M15R5N5,32,6.866666666666666e-05,0.16721780970692635,172.0,181.0,9.074185371398926,0.8069210052490234,9.88110637664795,152.0,174.5,15,5,5
dslfmae_like_baseline,848,32,11,M15R5N10,32,6.862962962962964e-05,-0.033994128461927176,217.0,217.0,16.339749097824097,1.5416967868804932,17.88144588470459,205.0,228.0625,15,5,10
dslfmae_like_baseline,849,32,12,M15R5N15,32,6.85925925925926e-05,-0.03850781607131163,270.0,250.0,24.12501287460327,2.186171293258667,26.31118416786194,239.0,268.3125,15,5,15
dslfmae_like_baseline,850,32,13,M15R10N5,32,6.855555555555555e-05,0.06463651265949011,163.0,146.0,17.88653063774109,1.972114086151123,19.858644723892212,136.0,155.3125,15,10,5
dslfmae_like_baseline,851,32,14,M15R10N10,32,6.851851851851851e-05,-0.0423563236836344,247.0,235.0,43.3532989025116,4.633625745773315,47.98692464828491,235.0,272.9375,15,10,10
dslfmae_like_baseline,852,32,15,M15R10N15,32,6.848148148148149e-05,-0.006622152886120602,267.0,252.0,59.1313681602478,6.011523008346558,65.14289116859436,252.0,274.375,15,10,15
dslfmae_like_baseline,853,32,16,M15R15N5,32,6.844444444444445e-05,0.013430686764574299,193.0,194.0,29.591214418411255,3.521937370300293,33.11315178871155,175.0,194.1875,15,15,5
dslfmae_like_baseline,854,32,17,M15R15N10,32,6.840740740740741e-05,0.003990669670747593,388.0,406.0,59.302037477493286,6.8841962814331055,66.18623375892639,370.0,405.65625,15,15,10
dslfmae_like_baseline,855,32,18,M15R15N15,32,6.837037037037037e-05,0.007101749951419022,577.0,563.0,83.21084976196289,9.636813163757324,92.84766292572021,557.0,609.625,15,15,15
dslfmae_like_baseline,856,32,19,M20R5N5,32,6.833333333333333e-05,0.22153999283909798,78.0,71.0,8.917494535446167,0.8285746574401855,9.746069192886353,63.0,72.53125,20,5,5
dslfmae_like_baseline,857,32,20,M20R5N10,32,6.829629629629631e-05,-0.029969007475301623,193.0,193.0,17.531456470489502,1.6321160793304443,19.163572549819946,193.0,194.125,20,5,10
dslfmae_like_baseline,858,32,21,M20R5N15,32,6.825925925925927e-05,-0.03602623535941044,339.0,325.0,26.477363109588623,2.5820720195770264,29.05943512916565,322.0,336.40625,20,5,15
dslfmae_like_baseline,859,32,22,M20R10N5,32,6.822222222222223e-05,-0.13046355545520782,90.0,89.0,17.52538275718689,1.8287417888641357,19.354124546051025,84.0,95.09375,20,10,5
dslfmae_like_baseline,860,32,23,M20R10N10,32,6.818518518518519e-05,-0.0028521653051332882,222.0,214.0,33.915398836135864,3.560961961746216,37.47636079788208,192.0,218.34375,20,10,10
dslfmae_like_baseline,861,32,24,M20R10N15,32,6.814814814814815e-05,0.08836161531507969,324.0,315.0,55.89451217651367,6.211844205856323,62.106356382369995,314.0,349.28125,20,10,15
dslfmae_like_baseline,862,32,25,M20R15N5,32,6.811111111111111e-05,-0.05502557040502628,143.0,149.0,27.505098819732666,3.387636661529541,30.892735481262207,134.0,153.8125,20,15,5
dslfmae_like_baseline,863,32,26,M20R15N10,32,6.807407407407408e-05,-0.01350941346026957,241.0,233.0,65.7886905670166,8.180831909179688,73.96952247619629,228.0,264.03125,20,15,10
dslfmae_like_baseline,864,32,27,M20R15N15,32,6.803703703703704e-05,-0.0028720778895408978,344.0,328.0,94.69411253929138,12.243811845779419,106.9379243850708,328.0,371.09375,20,15,15
dslfmae_like_baseline,865,33,1,M10R5N5,33,6.8e-05,0.0729413852095604,198.0,185.0,7.0177977085113525,0.6028926372528076,7.62069034576416,176.0,191.36363636363637,10,5,5
dslfmae_like_baseline,866,33,2,M10R5N10,33,6.796296296296296e-05,0.0036458738904912025,354.0,361.0,16.575286865234375,1.4625847339630127,18.037871599197388,327.0,363.90909090909093,10,5,10
dslfmae_like_baseline,867,33,3,M10R5N15,33,6.792592592592592e-05,-0.013134640331069628,470.0,484.0,24.481407403945923,1.9998071193695068,26.48121452331543,467.0,485.3030303030303,10,5,15
dslfmae_like_baseline,868,33,4,M10R10N5,33,6.788888888888888e-05,0.04512391332536936,252.0,238.0,18.361984968185425,1.797595500946045,20.15958046913147,236.0,254.0,10,10,5
dslfmae_like_baseline,869,33,5,M10R10N10,33,6.785185185185186e-05,0.012129366475467881,443.0,440.0,35.08618354797363,3.2963595390319824,38.382543087005615,423.0,462.5151515151515,10,10,10
dslfmae_like_baseline,870,33,6,M10R10N15,33,6.781481481481482e-05,-0.020376556739211082,686.0,731.0,52.85048055648804,5.008968830108643,57.85944938659668,692.0,770.030303030303,10,10,15
dslfmae_like_baseline,871,33,7,M10R15N5,33,6.777777777777778e-05,0.012485946877859533,372.0,389.0,27.893733978271484,3.023650646209717,30.9173846244812,354.0,387.27272727272725,10,15,5
dslfmae_like_baseline,872,33,8,M10R15N10,33,6.774074074074074e-05,0.016900133900344373,609.0,612.0,63.00458788871765,6.916133880615234,69.92072176933289,593.0,652.4242424242424,10,15,10
dslfmae_like_baseline,873,33,9,M10R15N15,33,6.770370370370372e-05,-0.007885191604145803,1015.0,1033.0,94.30537247657776,11.567737817764282,105.87311029434204,996.0,1077.6060606060605,10,15,15
dslfmae_like_baseline,874,33,10,M15R5N5,33,6.766666666666668e-05,0.08532514423131943,174.0,160.0,9.43504285812378,0.8830239772796631,10.318066835403442,152.0,174.06060606060606,15,5,5
dslfmae_like_baseline,875,33,11,M15R5N10,33,6.762962962962963e-05,-0.04197256360203028,209.0,204.0,16.32913112640381,1.4376473426818848,17.766778469085693,204.0,227.33333333333334,15,5,10
dslfmae_like_baseline,876,33,12,M15R5N15,33,6.759259259259259e-05,0.003875398358407741,297.0,275.0,23.815643787384033,2.031810998916626,25.84745478630066,239.0,268.5151515151515,15,5,15
dslfmae_like_baseline,877,33,13,M15R10N5,33,6.755555555555557e-05,0.0277893440797925,151.0,158.0,17.779350519180298,1.826131820678711,19.60548233985901,136.0,155.3939393939394,15,10,5
dslfmae_like_baseline,878,33,14,M15R10N10,33,6.751851851851851e-05,-0.042158278403803706,247.0,238.0,42.4712278842926,4.59763765335083,47.06886553764343,235.0,271.8787878787879,15,10,10
dslfmae_like_baseline,879,33,15,M15R10N15,33,6.748148148148147e-05,0.0040907467890065165,279.0,256.0,59.37593340873718,5.9076080322265625,65.28354144096375,252.0,273.8181818181818,15,10,15
dslfmae_like_baseline,880,33,16,M15R15N5,33,6.744444444444445e-05,0.03484051736692587,193.0,176.0,29.7151780128479,3.600612163543701,33.3157901763916,175.0,193.63636363636363,15,15,5
dslfmae_like_baseline,881,33,17,M15R15N10,33,6.740740740740741e-05,-0.017611609073355794,405.0,379.0,57.22538948059082,6.451821804046631,63.67721128463745,370.0,404.8484848484849,15,15,10
dslfmae_like_baseline,882,33,18,M15R15N15,33,6.737037037037037e-05,-0.004551096998121855,570.0,564.0,83.44255089759827,10.042808294296265,93.48535919189453,557.0,608.2424242424242,15,15,15
dslfmae_like_baseline,883,33,19,M20R5N5,33,6.733333333333333e-05,0.04549354314804077,77.0,81.0,8.293729066848755,0.8160176277160645,9.10974669456482,63.0,72.78787878787878,20,5,5
dslfmae_like_baseline,884,33,20,M20R5N10,33,6.72962962962963e-05,-0.014709979994222522,193.0,193.0,17.16905903816223,1.564911127090454,18.733970165252686,193.0,194.0909090909091,20,5,10
dslfmae_like_baseline,885,33,21,M20R5N15,33,6.725925925925927e-05,0.009887412888929248,327.0,335.0,26.100749254226685,2.3735475540161133,28.474296808242798,322.0,336.3636363636364,20,5,15
dslfmae_like_baseline,886,33,22,M20R10N5,33,6.722222222222223e-05,-0.05807235697284341,96.0,87.0,17.44255018234253,1.897723913192749,19.34027409553528,84.0,94.84848484848484,20,10,5
dslfmae_like_baseline,887,33,23,M20R10N10,33,6.71851851851852e-05,-0.03266489955907067,227.0,226.0,33.19964122772217,3.4956910610198975,36.695332288742065,192.0,218.57575757575756,20,10,10
dslfmae_like_baseline,888,33,24,M20R10N15,33,6.714814814814814e-05,0.05185188706964254,313.0,331.0,56.43278193473816,6.109429359436035,62.542211294174194,314.0,348.72727272727275,20,10,15
dslfmae_like_baseline,889,33,25,M20R15N5,33,6.711111111111112e-05,-0.025555447520067293,145.0,147.0,28.36676859855652,3.4626357555389404,31.82940435409546,134.0,153.6060606060606,20,15,5
dslfmae_like_baseline,890,33,26,M20R15N10,33,6.707407407407408e-05,0.013457726687192917,266.0,229.0,63.088568925857544,8.00566840171814,71.09423732757568,228.0,262.969696969697,20,15,10
dslfmae_like_baseline,891,33,27,M20R15N15,33,6.703703703703704e-05,-0.03606592171958515,353.0,341.0,94.46815705299377,11.720108032226562,106.18826508522034,328.0,370.1818181818182,20,15,15
dslfmae_like_baseline,892,34,1,M10R5N5,34,6.7e-05,0.03382536489516497,187.0,179.0,6.948956251144409,0.5697665214538574,7.518722772598267,176.0,191.0,10,5,5
dslfmae_like_baseline,893,34,2,M10R5N10,34,6.696296296296296e-05,0.004566075163893402,344.0,376.0,16.506882905960083,1.3848257064819336,17.891708612442017,327.0,364.2647058823529,10,5,10
dslfmae_like_baseline,894,34,3,M10R5N15,34,6.692592592592593e-05,-0.005988499731756747,476.0,483.0,24.638294219970703,1.9944305419921875,26.63272476196289,467.0,485.2352941176471,10,5,15
dslfmae_like_baseline,895,34,4,M10R10N5,34,6.688888888888889e-05,0.03431204776279628,238.0,253.0,18.687691926956177,1.82088041305542,20.508572340011597,236.0,253.97058823529412,10,10,5
dslfmae_like_baseline,896,34,5,M10R10N10,34,6.685185185185185e-05,0.020359995930145185,456.0,435.0,35.53326487541199,3.419513463973999,38.952778339385986,423.0,461.70588235294116,10,10,10
dslfmae_like_baseline,897,34,6,M10R10N15,34,6.681481481481482e-05,-0.02248628353700042,720.0,696.0,53.947232246398926,5.292553901672363,59.23978614807129,692.0,767.8529411764706,10,10,15
dslfmae_like_baseline,898,34,7,M10R15N5,34,6.677777777777779e-05,0.017724925031264622,377.0,365.0,27.822279453277588,3.0046005249023438,30.82687997817993,354.0,386.61764705882354,10,15,5
dslfmae_like_baseline,899,34,8,M10R15N10,34,6.674074074074075e-05,0.011931884242221713,616.0,629.0,61.87838578224182,6.660237789154053,68.53862357139587,593.0,651.7352941176471,10,15,10
dslfmae_like_baseline,900,34,9,M10R15N15,34,6.670370370370371e-05,0.0002716508442972554,1056.0,1031.0,96.66123247146606,10.567545413970947,107.22877788543701,996.0,1076.235294117647,10,15,15
dslfmae_like_baseline,901,34,10,M15R5N5,34,6.666666666666668e-05,0.0523658599704504,172.0,148.0,9.074634075164795,0.820340633392334,9.894974708557129,148.0,173.2941176470588,15,5,5
dslfmae_like_baseline,902,34,11,M15R5N10,34,6.662962962962963e-05,-0.03809278691187501,215.0,217.0,16.26193118095398,1.3979096412658691,17.65984082221985,204.0,227.02941176470588,15,5,10
dslfmae_like_baseline,903,34,12,M15R5N15,34,6.659259259259259e-05,-0.03388837041954199,258.0,278.0,23.750022172927856,2.031968832015991,25.781991004943848,239.0,268.79411764705884,15,5,15
dslfmae_like_baseline,904,34,13,M15R10N5,34,6.655555555555555e-05,0.06055191159248352,151.0,152.0,17.852954626083374,1.840400218963623,19.693354845046997,136.0,155.2941176470588,15,10,5
dslfmae_like_baseline,905,34,14,M15R10N10,34,6.651851851851853e-05,-0.009481389308348298,242.0,249.0,42.844707012176514,4.583662748336792,47.428369760513306,235.0,271.20588235294116,15,10,10
dslfmae_like_baseline,906,34,15,M15R10N15,34,6.648148148148148e-05,0.004551239896682091,282.0,267.0,59.0416259765625,5.945303678512573,64.98692965507507,252.0,273.61764705882354,15,10,15
dslfmae_like_baseline,907,34,16,M15R15N5,34,6.644444444444444e-05,0.004294626181945205,190.0,178.0,28.61855411529541,3.5009708404541016,32.11952495574951,175.0,193.1764705882353,15,15,5
dslfmae_like_baseline,908,34,17,M15R15N10,34,6.64074074074074e-05,0.003077060283976607,393.0,410.0,57.06960892677307,6.936973810195923,64.006582736969,370.0,405.0,15,15,10
dslfmae_like_baseline,909,34,18,M15R15N15,34,6.637037037037038e-05,0.0005494193672867757,556.0,554.0,85.14910793304443,9.5926353931427,94.74174332618713,554.0,606.6470588235294,15,15,15
dslfmae_like_baseline,910,34,19,M20R5N5,34,6.633333333333334e-05,-0.10096374712884426,75.0,71.0,8.426825046539307,0.7524356842041016,9.179260730743408,63.0,72.73529411764706,20,5,5
dslfmae_like_baseline,911,34,20,M20R5N10,34,6.62962962962963e-05,0.03751537250354886,193.0,193.0,17.457183122634888,1.602919578552246,19.060102701187134,193.0,194.05882352941177,20,5,10
dslfmae_like_baseline,912,34,21,M20R5N15,34,6.625925925925926e-05,0.04817029864837726,330.0,338.0,26.314472675323486,2.424797296524048,28.739269971847534,322.0,336.4117647058824,20,5,15
dslfmae_like_baseline,913,34,22,M20R10N5,34,6.622222222222224e-05,0.013280568062327802,96.0,95.0,17.69062852859497,1.8263378143310547,19.516966342926025,84.0,94.8529411764706,20,10,5
dslfmae_like_baseline,914,34,23,M20R10N10,34,6.61851851851852e-05,-0.026558995091666777,229.0,234.0,33.675163984298706,3.5490617752075195,37.224225759506226,192.0,219.02941176470588,20,10,10
dslfmae_like_baseline,915,34,24,M20R10N15,34,6.614814814814816e-05,-0.004489365575136617,324.0,315.0,58.071019887924194,6.200422763824463,64.27144265174866,314.0,347.7352941176471,20,10,15
dslfmae_like_baseline,916,34,25,M20R15N5,34,6.611111111111111e-05,-0.020528838348885376,143.0,149.0,26.846229076385498,3.3428354263305664,30.189064502716064,134.0,153.47058823529412,20,15,5
dslfmae_like_baseline,917,34,26,M20R15N10,34,6.607407407407408e-05,0.017016802867874502,258.0,251.0,63.48042058944702,8.760085105895996,72.24050569534302,228.0,262.61764705882354,20,15,10
dslfmae_like_baseline,918,34,27,M20R15N15,34,6.603703703703704e-05,-0.01926134985738567,359.0,335.0,93.70469379425049,11.546913862228394,105.25160765647888,328.0,369.1470588235294,20,15,15
dslfmae_like_baseline,919,35,1,M10R5N5,35,6.599999999999999e-05,0.053551397286355495,193.0,179.0,6.969970226287842,0.5709083080291748,7.540878534317017,176.0,190.65714285714284,10,5,5
dslfmae_like_baseline,920,35,2,M10R5N10,35,6.596296296296295e-05,0.026765376096591353,372.0,356.0,16.76052236557007,1.369551658630371,18.13007402420044,327.0,364.0285714285714,10,5,10
dslfmae_like_baseline,921,35,3,M10R5N15,35,6.592592592592593e-05,-0.029834740174313385,468.0,474.0,24.631446599960327,1.9983551502227783,26.629801750183105,467.0,484.9142857142857,10,5,15
dslfmae_like_baseline,922,35,4,M10R10N5,35,6.588888888888889e-05,0.0006062811589799821,237.0,228.0,18.761812210083008,1.8253822326660156,20.587194442749023,228.0,253.22857142857143,10,10,5
dslfmae_like_baseline,923,35,5,M10R10N10,35,6.585185185185185e-05,0.026036270428448915,445.0,446.0,36.58799505233765,3.517206907272339,40.105201959609985,423.0,461.25714285714287,10,10,10
dslfmae_like_baseline,924,35,6,M10R10N15,35,6.581481481481481e-05,-0.005869867063302081,681.0,712.0,52.98703670501709,4.986926794052124,57.973963499069214,692.0,766.2571428571429,10,10,15
dslfmae_like_baseline,925,35,7,M10R15N5,35,6.577777777777779e-05,0.010304360960920652,387.0,383.0,27.63195538520813,3.0079879760742188,30.63994336128235,354.0,386.51428571428573,10,15,5
dslfmae_like_baseline,926,35,8,M10R15N10,35,6.574074074074075e-05,0.011144590191543102,610.0,602.0,62.952391624450684,7.119892835617065,70.07228446006775,593.0,650.3142857142857,10,15,10
dslfmae_like_baseline,927,35,9,M10R15N15,35,6.570370370370371e-05,-0.0024243816660600714,1031.0,1034.0,97.4878613948822,10.653917074203491,108.1417784690857,996.0,1075.0285714285715,10,15,15
dslfmae_like_baseline,928,35,10,M15R5N5,35,6.566666666666667e-05,0.04419283289462328,160.0,169.0,9.352201223373413,0.826913595199585,10.179114818572998,148.0,173.17142857142858,15,5,5
dslfmae_like_baseline,929,35,11,M15R5N10,35,6.562962962962963e-05,-0.02504771831445396,217.0,217.0,16.785486936569214,1.4325401782989502,18.218027114868164,204.0,226.74285714285713,15,5,10
dslfmae_like_baseline,930,35,12,M15R5N15,35,6.55925925925926e-05,0.022832796443253756,308.0,262.0,24.252911806106567,2.1100335121154785,26.362945318222046,239.0,268.6,15,5,15
dslfmae_like_baseline,931,35,13,M15R10N5,35,6.555555555555556e-05,0.014820962911471725,146.0,144.0,18.49234628677368,1.9403572082519531,20.432703495025635,136.0,154.97142857142856,15,10,5
dslfmae_like_baseline,932,35,14,M15R10N10,35,6.551851851851852e-05,-0.0543105099350214,243.0,247.0,43.83875513076782,4.637113332748413,48.475868463516235,235.0,270.51428571428573,15,10,10
dslfmae_like_baseline,933,35,15,M15R10N15,35,6.548148148148148e-05,0.014291993109509349,265.0,264.0,58.31112360954285,5.77869987487793,64.08982348442078,252.0,273.34285714285716,15,10,15
dslfmae_like_baseline,934,35,16,M15R15N5,35,6.544444444444444e-05,-0.001910110596024121,181.0,187.0,29.523763418197632,3.7546117305755615,33.27837514877319,175.0,193.0,15,15,5
dslfmae_like_baseline,935,35,17,M15R15N10,35,6.54074074074074e-05,-0.00783330500125885,370.0,390.0,57.10220813751221,6.670995235443115,63.77320337295532,370.0,404.57142857142856,15,15,10
dslfmae_like_baseline,936,35,18,M15R15N15,35,6.537037037037037e-05,0.014360455496768867,556.0,554.0,83.89713025093079,9.601438283920288,93.49856853485107,554.0,605.1428571428571,15,15,15
dslfmae_like_baseline,937,35,19,M20R5N5,35,6.533333333333334e-05,0.05778860952705145,77.0,71.0,8.439762830734253,0.753434419631958,9.193197250366211,63.0,72.68571428571428,20,5,5
dslfmae_like_baseline,938,35,20,M20R5N10,35,6.52962962962963e-05,-0.043719473760575056,193.0,193.0,17.577813863754272,1.5956330299377441,19.173446893692017,193.0,194.02857142857144,20,5,10
dslfmae_like_baseline,939,35,21,M20R5N15,35,6.525925925925926e-05,0.0047458894065736485,335.0,351.0,26.206358909606934,2.503563404083252,28.709922313690186,322.0,336.8285714285714,20,5,15
dslfmae_like_baseline,940,35,22,M20R10N5,35,6.522222222222222e-05,-0.04943469446152449,91.0,90.0,18.086283683776855,1.9076461791992188,19.993929862976074,84.0,94.71428571428571,20,10,5
dslfmae_like_baseline,941,35,23,M20R10N10,35,6.51851851851852e-05,0.0006432507749802122,231.0,227.0,33.441384077072144,3.5032906532287598,36.9446747303009,192.0,219.25714285714287,20,10,10
dslfmae_like_baseline,942,35,24,M20R10N15,35,6.514814814814816e-05,0.05183876547962427,350.0,335.0,54.626009464263916,6.397538661956787,61.0235481262207,314.0,347.37142857142857,20,10,15
dslfmae_like_baseline,943,35,25,M20R15N5,35,6.511111111111111e-05,-0.04009499323243896,148.0,140.0,27.72784924507141,3.635505437850952,31.363354682922363,134.0,153.0857142857143,20,15,5
dslfmae_like_baseline,944,35,26,M20R15N10,35,6.507407407407407e-05,0.008972547296434642,250.0,250.0,63.13898754119873,8.111224889755249,71.25021243095398,228.0,262.25714285714287,20,15,10
dslfmae_like_baseline,945,35,27,M20R15N15,35,6.503703703703705e-05,-0.028701975143381527,337.0,335.0,94.21756482124329,11.698419094085693,105.91598391532898,328.0,368.1714285714286,20,15,15
dslfmae_like_baseline,946,36,1,M10R5N5,36,6.500000000000001e-05,0.13647063076496124,224.0,179.0,7.051927328109741,0.5709259510040283,7.6228532791137695,176.0,190.33333333333334,10,5,5
dslfmae_like_baseline,947,36,2,M10R5N10,36,6.496296296296296e-05,-0.01878578052856028,346.0,367.0,16.779691696166992,1.3779313564300537,18.157623052597046,327.0,364.1111111111111,10,5,10
dslfmae_like_baseline,948,36,3,M10R5N15,36,6.492592592592592e-05,-0.028896547853946686,475.0,472.0,25.043540954589844,2.081254482269287,27.12479543685913,467.0,484.55555555555554,10,5,15
dslfmae_like_baseline,949,36,4,M10R10N5,36,6.488888888888889e-05,0.036504618357867,233.0,260.0,18.90396499633789,1.8040764331817627,20.708041429519653,228.0,253.41666666666666,10,10,5
dslfmae_like_baseline,950,36,5,M10R10N10,36,6.485185185185185e-05,0.0242996991922458,452.0,437.0,35.15190529823303,3.2760891914367676,38.4279944896698,423.0,460.5833333333333,10,10,10
dslfmae_like_baseline,951,36,6,M10R10N15,36,6.481481481481482e-05,-0.024942691251635552,713.0,712.0,52.20540952682495,5.245977878570557,57.45138740539551,692.0,764.75,10,10,15
dslfmae_like_baseline,952,36,7,M10R15N5,36,6.477777777777778e-05,0.005148011182124416,355.0,360.0,28.48817491531372,3.2260117530822754,31.714186668395996,354.0,385.77777777777777,10,15,5
dslfmae_like_baseline,953,36,8,M10R15N10,36,6.474074074074075e-05,0.03221117183566093,631.0,607.0,62.2004828453064,6.900840520858765,69.10132336616516,593.0,649.1111111111111,10,15,10
dslfmae_like_baseline,954,36,9,M10R15N15,36,6.470370370370371e-05,-0.015118359588086605,1034.0,1027.0,96.47244811058044,10.711156606674194,107.18360471725464,996.0,1073.6944444444443,10,15,15
dslfmae_like_baseline,955,36,10,M15R5N5,36,6.466666666666668e-05,0.004495657864026725,156.0,152.0,9.522172689437866,0.8330464363098145,10.35521912574768,148.0,172.58333333333334,15,5,5
dslfmae_like_baseline,956,36,11,M15R5N10,36,6.462962962962964e-05,-0.02423297124914825,217.0,217.0,17.347917795181274,1.4639532566070557,18.81187105178833,204.0,226.47222222222223,15,5,10
dslfmae_like_baseline,957,36,12,M15R5N15,36,6.45925925925926e-05,-0.008548592372486988,269.0,258.0,24.282083749771118,2.0246691703796387,26.306752920150757,239.0,268.30555555555554,15,5,15
dslfmae_like_baseline,958,36,13,M15R10N5,36,6.455555555555556e-05,0.07708767335861921,150.0,142.0,17.716597318649292,1.8142919540405273,19.53088927268982,136.0,154.61111111111111,15,10,5
dslfmae_like_baseline,959,36,14,M15R10N10,36,6.451851851851852e-05,-0.037132801953703165,246.0,240.0,42.406769037246704,4.503647327423096,46.9104163646698,235.0,269.6666666666667,15,10,10
dslfmae_like_baseline,960,36,15,M15R10N15,36,6.448148148148148e-05,-0.0017949246757780202,251.0,242.0,60.48806142807007,6.653899669647217,67.14196109771729,242.0,272.47222222222223,15,10,15
dslfmae_like_baseline,961,36,16,M15R15N5,36,6.444444444444444e-05,0.025299226089070242,190.0,180.0,29.113362312316895,3.5478479862213135,32.66121029853821,175.0,192.63888888888889,15,15,5
dslfmae_like_baseline,962,36,17,M15R15N10,36,6.44074074074074e-05,-0.022754030860960485,371.0,373.0,57.19951057434082,6.628494501113892,63.82800507545471,370.0,403.69444444444446,15,15,10
dslfmae_like_baseline,963,36,18,M15R15N15,36,6.437037037037037e-05,0.01398351532407105,547.0,557.0,84.95914888381958,9.966449499130249,94.92559838294983,554.0,603.8055555555555,15,15,15
dslfmae_like_baseline,964,36,19,M20R5N5,36,6.433333333333333e-05,0.10462372563779354,84.0,71.0,8.559250831604004,0.778928279876709,9.338179111480713,63.0,72.63888888888889,20,5,5
dslfmae_like_baseline,965,36,20,M20R5N10,36,6.42962962962963e-05,-0.05082308920100331,193.0,193.0,17.468007564544678,1.5919530391693115,19.05996060371399,193.0,194.0,20,5,10
dslfmae_like_baseline,966,36,21,M20R5N15,36,6.425925925925927e-05,0.0022352606611093506,340.0,352.0,26.050847053527832,2.43495774269104,28.485804796218872,322.0,337.25,20,5,15
dslfmae_like_baseline,967,36,22,M20R10N5,36,6.422222222222223e-05,-0.1068763118237257,92.0,102.0,17.481804370880127,1.7951016426086426,19.27690601348877,84.0,94.91666666666667,20,10,5
dslfmae_like_baseline,968,36,23,M20R10N10,36,6.418518518518519e-05,-0.019320141679296892,210.0,207.0,32.81151032447815,3.5544562339782715,36.36596655845642,192.0,218.91666666666666,20,10,10
dslfmae_like_baseline,969,36,24,M20R10N15,36,6.414814814814815e-05,0.08892066739499568,359.0,325.0,56.78272724151611,6.231364727020264,63.01409196853638,314.0,346.75,20,10,15
dslfmae_like_baseline,970,36,25,M20R15N5,36,6.411111111111113e-05,-0.06155621477713188,136.0,143.0,27.261013507843018,3.462254047393799,30.723267555236816,134.0,152.80555555555554,20,15,5
dslfmae_like_baseline,971,36,26,M20R15N10,36,6.407407407407407e-05,0.01919574486091733,246.0,244.0,63.80847954750061,8.08079195022583,71.88927149772644,228.0,261.75,20,15,10
dslfmae_like_baseline,972,36,27,M20R15N15,36,6.403703703703704e-05,-0.02681465646518128,346.0,346.0,94.16928672790527,11.776380777359009,105.94566750526428,328.0,367.55555555555554,20,15,15
dslfmae_like_baseline,973,37,1,M10R5N5,37,6.400000000000001e-05,0.031834958121180534,188.0,185.0,6.928933620452881,0.5703995227813721,7.499333143234253,176.0,190.1891891891892,10,5,5
dslfmae_like_baseline,974,37,2,M10R5N10,37,6.396296296296296e-05,0.03937560971826315,374.0,370.0,16.440502882003784,1.3241729736328125,17.764675855636597,327.0,364.27027027027026,10,5,10
dslfmae_like_baseline,975,37,3,M10R5N15,37,6.392592592592592e-05,-0.007178956448721389,479.0,469.0,24.89623713493347,1.9814989566802979,26.87773609161377,467.0,484.13513513513516,10,5,15
dslfmae_like_baseline,976,37,4,M10R10N5,37,6.388888888888888e-05,0.03132865601219237,256.0,256.0,17.849449157714844,1.8149189949035645,19.664368152618408,228.0,253.48648648648648,10,10,5
dslfmae_like_baseline,977,37,5,M10R10N10,37,6.385185185185186e-05,-0.0026629669688797244,442.0,443.0,35.099345207214355,3.5124125480651855,38.61175775527954,423.0,460.1081081081081,10,10,10
dslfmae_like_baseline,978,37,6,M10R10N15,37,6.381481481481482e-05,-0.023830982390791178,691.0,709.0,53.91929268836975,5.06705904006958,58.98635172843933,692.0,763.2432432432432,10,10,15
dslfmae_like_baseline,979,37,7,M10R15N5,37,6.377777777777778e-05,0.029973819308603804,382.0,383.0,27.584430694580078,3.0510013103485107,30.63543200492859,354.0,385.7027027027027,10,15,5
dslfmae_like_baseline,980,37,8,M10R15N10,37,6.374074074074074e-05,0.015828213514760138,622.0,622.0,61.636019229888916,6.966717004776001,68.60273623466492,593.0,648.3783783783783,10,15,10
dslfmae_like_baseline,981,37,9,M10R15N15,37,6.37037037037037e-05,-0.01182723167585209,1025.0,1016.0,98.0612940788269,10.558640718460083,108.61993479728699,996.0,1072.1351351351352,10,15,15
dslfmae_like_baseline,982,37,10,M15R5N5,37,6.366666666666668e-05,-0.051863222382962704,156.0,150.0,9.230926036834717,0.7967166900634766,10.027642726898193,148.0,171.97297297297297,15,5,5
dslfmae_like_baseline,983,37,11,M15R5N10,37,6.362962962962964e-05,-0.03022847301326692,206.0,217.0,16.018604278564453,1.3971002101898193,17.415704488754272,204.0,226.21621621621622,15,5,10
dslfmae_like_baseline,984,37,12,M15R5N15,37,6.35925925925926e-05,-0.001696525684868296,251.0,273.0,23.442611694335938,2.010930299758911,25.45354199409485,239.0,268.43243243243245,15,5,15
dslfmae_like_baseline,985,37,13,M15R10N5,37,6.355555555555556e-05,0.09534328989684582,155.0,156.0,17.56227707862854,1.9227705001831055,19.485047578811646,136.0,154.64864864864865,15,10,5
dslfmae_like_baseline,986,37,14,M15R10N10,37,6.351851851851852e-05,-0.03672140650451183,237.0,229.0,43.146172523498535,4.973448753356934,48.11962127685547,229.0,268.56756756756755,15,10,10
dslfmae_like_baseline,987,37,15,M15R10N15,37,6.348148148148149e-05,0.007038061553612351,268.0,245.0,59.118396520614624,5.953338623046875,65.0717351436615,242.0,271.72972972972974,15,10,15
dslfmae_like_baseline,988,37,16,M15R15N5,37,6.344444444444443e-05,0.02099166236196955,194.0,208.0,28.970402240753174,3.5264077186584473,32.49680995941162,175.0,193.05405405405406,15,15,5
dslfmae_like_baseline,989,37,17,M15R15N10,37,6.340740740740741e-05,-0.015948285022750495,376.0,370.0,57.41937780380249,6.684834003448486,64.10421180725098,370.0,402.7837837837838,15,15,10
dslfmae_like_baseline,990,37,18,M15R15N15,37,6.337037037037037e-05,0.009444620027872068,542.0,537.0,85.4577534198761,9.488573789596558,94.94632720947266,537.0,602.0,15,15,15
dslfmae_like_baseline,991,37,19,M20R5N5,37,6.333333333333333e-05,0.1982722207903862,90.0,71.0,8.365651845932007,0.7426223754882812,9.108274221420288,63.0,72.5945945945946,20,5,5
dslfmae_like_baseline,992,37,20,M20R5N10,37,6.32962962962963e-05,-0.025516977068036795,193.0,193.0,16.875876426696777,1.5450794696807861,18.420955896377563,193.0,193.97297297297297,20,5,10
dslfmae_like_baseline,993,37,21,M20R5N15,37,6.325925925925927e-05,-0.017991278242940705,353.0,331.0,25.52902626991272,2.5530776977539062,28.082103967666626,322.0,337.0810810810811,20,5,15
dslfmae_like_baseline,994,37,22,M20R10N5,37,6.322222222222223e-05,-0.16217304952442646,94.0,99.0,17.966533184051514,1.9512622356414795,19.917795419692993,84.0,95.02702702702703,20,10,5
dslfmae_like_baseline,995,37,23,M20R10N10,37,6.318518518518519e-05,0.0044459908579786616,227.0,207.0,33.63952994346619,3.6191611289978027,37.25869107246399,192.0,218.59459459459458,20,10,10
dslfmae_like_baseline,996,37,24,M20R10N15,37,6.314814814814815e-05,0.10079070068895817,341.0,327.0,55.54898023605347,6.0956878662109375,61.644668102264404,314.0,346.2162162162162,20,10,15
dslfmae_like_baseline,997,37,25,M20R15N5,37,6.311111111111112e-05,-0.03376706317067146,150.0,149.0,27.62200117111206,3.460284471511841,31.0822856426239,134.0,152.7027027027027,20,15,5
dslfmae_like_baseline,998,37,26,M20R15N10,37,6.307407407407409e-05,-0.0063230165629647676,251.0,249.0,63.84195852279663,8.030058860778809,71.87201738357544,228.0,261.4054054054054,20,15,10
dslfmae_like_baseline,999,37,27,M20R15N15,37,6.303703703703704e-05,-0.020267650751130923,362.0,347.0,93.39778685569763,11.478058576583862,104.8758454322815,328.0,367.0,20,15,15
dslfmae_like_baseline,1000,38,1,M10R5N5,38,6.3e-05,0.07384094968438148,199.0,196.0,6.946355581283569,0.5505669116973877,7.496922492980957,176.0,190.3421052631579,10,5,5
dslfmae_like_baseline,1001,38,2,M10R5N10,38,6.296296296296296e-05,0.0007373863918473944,357.0,357.0,16.21411919593811,1.451465129852295,17.665584325790405,327.0,364.07894736842104,10,5,10
dslfmae_like_baseline,1002,38,3,M10R5N15,38,6.292592592592592e-05,-0.004829507418132077,478.0,472.0,24.850661277770996,2.167539596557617,27.018200874328613,467.0,483.8157894736842,10,5,15
dslfmae_like_baseline,1003,38,4,M10R10N5,38,6.288888888888888e-05,0.03859539935365319,254.0,237.0,19.08484935760498,1.9246814250946045,21.009530782699585,228.0,253.05263157894737,10,10,5
dslfmae_like_baseline,1004,38,5,M10R10N10,38,6.285185185185185e-05,0.00941998919006437,449.0,443.0,35.28784418106079,3.3826193809509277,38.67046356201172,423.0,459.6578947368421,10,10,10
dslfmae_like_baseline,1005,38,6,M10R10N15,38,6.281481481481482e-05,-0.026126994471997022,698.0,697.0,52.01521587371826,5.041081428527832,57.056297302246094,692.0,761.5,10,10,15
dslfmae_like_baseline,1006,38,7,M10R15N5,38,6.277777777777778e-05,0.021575631690211594,390.0,372.0,28.07737374305725,2.988550901412964,31.065924644470215,354.0,385.3421052631579,10,15,5
dslfmae_like_baseline,1007,38,8,M10R15N10,38,6.274074074074074e-05,0.014710997510701419,587.0,619.0,62.974759578704834,7.22510838508606,70.1998679637909,593.0,647.6052631578947,10,15,10
dslfmae_like_baseline,1008,38,9,M10R15N15,38,6.27037037037037e-05,-0.0012940231026732363,1021.0,1010.0,95.51673698425293,10.388746976852417,105.90548396110535,996.0,1070.5,10,15,15
dslfmae_like_baseline,1009,38,10,M15R5N5,38,6.266666666666667e-05,0.02317426772788167,179.0,160.0,8.979794979095459,0.8750572204589844,9.854852199554443,148.0,171.6578947368421,15,5,5
dslfmae_like_baseline,1010,38,11,M15R5N10,38,6.262962962962964e-05,-0.04375891946256161,210.0,211.0,16.677514791488647,1.475602626800537,18.153117418289185,204.0,225.81578947368422,15,5,10
dslfmae_like_baseline,1011,38,12,M15R5N15,38,6.25925925925926e-05,-0.024023498641327024,261.0,268.0,23.947438955307007,2.2265589237213135,26.17399787902832,239.0,268.42105263157896,15,5,15
dslfmae_like_baseline,1012,38,13,M15R10N5,38,6.255555555555555e-05,0.03247343795374036,154.0,147.0,18.390980005264282,1.870267629623413,20.261247634887695,136.0,154.44736842105263,15,10,5
dslfmae_like_baseline,1013,38,14,M15R10N10,38,6.251851851851853e-05,-0.01806447858689353,243.0,235.0,43.13324046134949,4.68625020980835,47.81949067115784,229.0,267.6842105263158,15,10,10
dslfmae_like_baseline,1014,38,15,M15R10N15,38,6.248148148148149e-05,0.009375731030013412,271.0,254.0,59.84659171104431,6.002822399139404,65.84941411018372,242.0,271.2631578947368,15,10,15
dslfmae_like_baseline,1015,38,16,M15R15N5,38,6.244444444444445e-05,-0.0003528897068463266,188.0,204.0,29.7803795337677,3.5452048778533936,33.325584411621094,175.0,193.3421052631579,15,15,5
dslfmae_like_baseline,1016,38,17,M15R15N10,38,6.24074074074074e-05,0.010579917719587684,392.0,386.0,58.77995157241821,6.722976446151733,65.50292801856995,370.0,402.3421052631579,15,15,10
dslfmae_like_baseline,1017,38,18,M15R15N15,38,6.237037037037037e-05,-0.00013090333024073125,552.0,542.0,81.79286432266235,10.095229148864746,91.8880934715271,537.0,600.421052631579,15,15,15
dslfmae_like_baseline,1018,38,19,M20R5N5,38,6.233333333333334e-05,-0.10614702105522156,84.0,71.0,8.613826036453247,0.8069121837615967,9.420738220214844,63.0,72.55263157894737,20,5,5
dslfmae_like_baseline,1019,38,20,M20R5N10,38,6.22962962962963e-05,0.0017150562271126546,193.0,193.0,17.232616424560547,1.7218592166900635,18.95447564125061,193.0,193.94736842105263,20,5,10
dslfmae_like_baseline,1020,38,21,M20R5N15,38,6.225925925925926e-05,0.05399199761450291,338.0,336.0,26.226117610931396,2.46755051612854,28.693668127059937,322.0,337.05263157894734,20,5,15
dslfmae_like_baseline,1021,38,22,M20R10N5,38,6.222222222222222e-05,-0.04840916767716408,89.0,98.0,17.844368934631348,1.877331018447876,19.721699953079224,84.0,95.10526315789474,20,10,5
dslfmae_like_baseline,1022,38,23,M20R10N10,38,6.21851851851852e-05,-0.02369254765411218,225.0,220.0,33.8358097076416,3.5215704441070557,37.35738015174866,192.0,218.6315789473684,20,10,10
dslfmae_like_baseline,1023,38,24,M20R10N15,38,6.214814814814816e-05,0.033964705839753154,342.0,312.0,56.44599390029907,6.115971326828003,62.561965227127075,312.0,345.3157894736842,20,10,15
dslfmae_like_baseline,1024,38,25,M20R15N5,38,6.211111111111112e-05,-0.015427322243340313,148.0,137.0,27.686466455459595,3.475191593170166,31.16165804862976,134.0,152.28947368421052,20,15,5
dslfmae_like_baseline,1025,38,26,M20R15N10,38,6.207407407407408e-05,-0.01477879760786891,231.0,250.0,64.7981173992157,8.137405633926392,72.93552303314209,228.0,261.10526315789474,20,15,10
dslfmae_like_baseline,1026,38,27,M20R15N15,38,6.203703703703704e-05,-0.018215960889522518,339.0,340.0,93.62494587898254,12.495351076126099,106.12029695510864,328.0,366.2894736842105,20,15,15
dslfmae_like_baseline,1027,39,1,M10R5N5,39,6.2e-05,0.020607302896678448,193.0,196.0,7.0325212478637695,0.5955600738525391,7.628081321716309,176.0,190.48717948717947,10,5,5
dslfmae_like_baseline,1028,39,2,M10R5N10,39,6.196296296296296e-05,0.05536856222897768,390.0,365.0,16.693705320358276,1.3562743663787842,18.04997968673706,327.0,364.1025641025641,10,5,10
dslfmae_like_baseline,1029,39,3,M10R5N15,39,6.192592592592593e-05,-0.020800158148631454,468.0,475.0,24.258085012435913,1.975909948348999,26.233994960784912,467.0,483.5897435897436,10,5,15
dslfmae_like_baseline,1030,39,4,M10R10N5,39,6.188888888888889e-05,0.04449295345693827,252.0,241.0,18.575467824935913,1.8262574672698975,20.40172529220581,228.0,252.74358974358975,10,10,5
dslfmae_like_baseline,1031,39,5,M10R10N10,39,6.185185185185185e-05,0.011313930619508028,456.0,451.0,34.83752369880676,3.312095880508423,38.149619579315186,423.0,459.43589743589746,10,10,10
dslfmae_like_baseline,1032,39,6,M10R10N15,39,6.181481481481481e-05,-0.02109473692253232,718.0,707.0,53.39089226722717,5.020532608032227,58.4114248752594,692.0,760.1025641025641,10,10,15
dslfmae_like_baseline,1033,39,7,M10R15N5,39,6.177777777777779e-05,0.005394559935666621,364.0,403.0,28.1195285320282,3.0384058952331543,31.157934427261353,354.0,385.79487179487177,10,15,5
dslfmae_like_baseline,1034,39,8,M10R15N10,39,6.174074074074075e-05,0.0225360837765038,614.0,611.0,63.05810570716858,6.757853269577026,69.8159589767456,593.0,646.6666666666666,10,15,10
dslfmae_like_baseline,1035,39,9,M10R15N15,39,6.170370370370371e-05,-0.005343733602785505,1017.0,1014.0,95.28665137290955,11.473458290100098,106.76010966300964,996.0,1069.051282051282,10,15,15
dslfmae_like_baseline,1036,39,10,M15R5N5,39,6.166666666666667e-05,0.022030670195817947,165.0,158.0,9.154843807220459,0.8099915981292725,9.964835405349731,148.0,171.30769230769232,15,5,5
dslfmae_like_baseline,1037,39,11,M15R5N10,39,6.162962962962963e-05,-0.03541149967350066,205.0,207.0,16.32248592376709,1.4305956363677979,17.753081560134888,204.0,225.33333333333334,15,5,10
dslfmae_like_baseline,1038,39,12,M15R5N15,39,6.159259259259261e-05,-0.012711508354792992,269.0,264.0,23.581764936447144,2.0605952739715576,25.6423602104187,239.0,268.3076923076923,15,5,15
dslfmae_like_baseline,1039,39,13,M15R10N5,39,6.155555555555557e-05,0.04885880509391427,146.0,152.0,18.185667037963867,1.8267886638641357,20.012455701828003,136.0,154.3846153846154,15,10,5
dslfmae_like_baseline,1040,39,14,M15R10N10,39,6.151851851851852e-05,-0.017332390299998224,243.0,239.0,42.56997776031494,4.551280498504639,47.12125825881958,229.0,266.94871794871796,15,10,10
dslfmae_like_baseline,1041,39,15,M15R10N15,39,6.148148148148148e-05,-0.0038450826716143636,262.0,261.0,59.08852553367615,6.103372573852539,65.19189810752869,242.0,271.0,15,10,15
dslfmae_like_baseline,1042,39,16,M15R15N5,39,6.144444444444445e-05,0.022679704319064815,194.0,192.0,30.146629810333252,3.567047595977783,33.713677406311035,175.0,193.30769230769232,15,15,5
dslfmae_like_baseline,1043,39,17,M15R15N10,39,6.14074074074074e-05,0.0011341773439198732,396.0,379.0,56.209901332855225,6.6023712158203125,62.81227254867554,370.0,401.7435897435897,15,15,10
dslfmae_like_baseline,1044,39,18,M15R15N15,39,6.137037037037036e-05,-0.00682990748568305,535.0,549.0,84.06991195678711,9.72146201133728,93.79137396812439,537.0,599.1025641025641,15,15,15
dslfmae_like_baseline,1045,39,19,M20R5N5,39,6.133333333333334e-05,-0.05687514320015907,71.0,70.0,8.489542007446289,0.7707641124725342,9.260306119918823,63.0,72.48717948717949,20,5,5
dslfmae_like_baseline,1046,39,20,M20R5N10,39,6.12962962962963e-05,-0.017308869631960988,193.0,193.0,17.287173986434937,1.5825369358062744,18.86971092224121,193.0,193.92307692307693,20,5,10
dslfmae_like_baseline,1047,39,21,M20R5N15,39,6.125925925925926e-05,0.03054041291276614,325.0,330.0,26.173983335494995,2.405913829803467,28.579897165298462,322.0,336.87179487179486,20,5,15
dslfmae_like_baseline,1048,39,22,M20R10N5,39,6.122222222222222e-05,0.05540096340700984,99.0,94.0,17.697364807128906,1.8609485626220703,19.558313369750977,84.0,95.07692307692308,20,10,5
dslfmae_like_baseline,1049,39,23,M20R10N10,39,6.118518518518518e-05,-0.027415521753331024,216.0,232.0,34.25679564476013,3.6397533416748047,37.89654898643494,192.0,218.97435897435898,20,10,10
dslfmae_like_baseline,1050,39,24,M20R10N15,39,6.114814814814816e-05,0.0035443746368400753,330.0,312.0,56.42904210090637,6.44542384147644,62.87446594238281,312.0,344.46153846153845,20,10,15
dslfmae_like_baseline,1051,39,25,M20R15N5,39,6.111111111111112e-05,-0.026080744341015816,138.0,147.0,27.81750798225403,3.4584970474243164,31.276005029678345,134.0,152.15384615384616,20,15,5
dslfmae_like_baseline,1052,39,26,M20R15N10,39,6.107407407407408e-05,0.009311311808414758,247.0,251.0,63.49162793159485,7.958694219589233,71.45032215118408,228.0,260.84615384615387,20,15,10
dslfmae_like_baseline,1053,39,27,M20R15N15,39,6.103703703703704e-05,-0.008307683040454452,360.0,336.0,94.82748579978943,11.701526403427124,106.52901220321655,328.0,365.5128205128205,20,15,15
dslfmae_like_baseline,1054,40,1,M10R5N5,40,6.1e-05,-0.040954493917524815,179.0,202.0,6.886524677276611,0.5716943740844727,7.458219051361084,176.0,190.775,10,5,5
dslfmae_like_baseline,1055,40,2,M10R5N10,40,6.096296296296297e-05,0.055146203842014074,391.0,379.0,16.519994735717773,1.3544719219207764,17.87446665763855,327.0,364.475,10,5,10
dslfmae_like_baseline,1056,40,3,M10R5N15,40,6.092592592592593e-05,-0.007437317205282549,465.0,473.0,24.410334825515747,2.0295231342315674,26.439857959747314,467.0,483.325,10,5,15
dslfmae_like_baseline,1057,40,4,M10R10N5,40,6.0888888888888883e-05,0.049709309823811054,253.0,267.0,18.696453332901,1.795395851135254,20.491849184036255,228.0,253.1,10,10,5
dslfmae_like_baseline,1058,40,5,M10R10N10,40,6.085185185185185e-05,0.002649469946239454,449.0,441.0,35.08066391944885,3.372548818588257,38.45321273803711,423.0,458.975,10,10,10
dslfmae_like_baseline,1059,40,6,M10R10N15,40,6.081481481481481e-05,-0.028572539705783127,708.0,707.0,53.73582696914673,5.276464462280273,59.012291431427,692.0,758.775,10,10,15
dslfmae_like_baseline,1060,40,7,M10R15N5,40,6.0777777777777775e-05,0.01585885478804509,368.0,378.0,27.656230688095093,3.103067636489868,30.75929832458496,354.0,385.6,10,15,5
dslfmae_like_baseline,1061,40,8,M10R15N10,40,6.074074074074074e-05,0.017401825962588192,606.0,594.0,60.71521019935608,7.413321256637573,68.12853145599365,593.0,645.35,10,15,10
dslfmae_like_baseline,1062,40,9,M10R15N15,40,6.0703703703703705e-05,-0.004610126630723244,985.0,979.0,97.78535652160645,10.607613563537598,108.39297008514404,979.0,1066.8,10,15,15
dslfmae_like_baseline,1063,40,10,M15R5N5,40,6.066666666666667e-05,0.08622244372963905,166.0,154.0,9.324574947357178,0.8131439685821533,10.137718915939331,148.0,170.875,15,5,5
dslfmae_like_baseline,1064,40,11,M15R5N10,40,6.0629629629629635e-05,-0.011574747855775058,218.0,207.0,16.11150622367859,1.3875274658203125,17.4990336894989,204.0,224.875,15,5,10
dslfmae_like_baseline,1065,40,12,M15R5N15,40,6.05925925925926e-05,-0.04859469334284464,254.0,257.0,23.961838722229004,2.0561108589172363,26.01794958114624,239.0,268.025,15,5,15
dslfmae_like_baseline,1066,40,13,M15R10N5,40,6.0555555555555565e-05,0.03173506213352084,144.0,155.0,18.209784030914307,1.961052417755127,20.170836448669434,136.0,154.4,15,10,5
dslfmae_like_baseline,1067,40,14,M15R10N10,40,6.051851851851852e-05,-0.004280900917365216,243.0,242.0,43.60022807121277,4.582393407821655,48.182621479034424,229.0,266.325,15,10,10
dslfmae_like_baseline,1068,40,15,M15R10N15,40,6.048148148148148e-05,-0.0032259565487038344,260.0,260.0,60.630850315093994,5.9651336669921875,66.59598398208618,242.0,270.725,15,10,15
dslfmae_like_baseline,1069,40,16,M15R15N5,40,6.044444444444445e-05,0.004601225295724968,180.0,190.0,28.477143049240112,3.445127248764038,31.92227029800415,175.0,193.225,15,15,5
dslfmae_like_baseline,1070,40,17,M15R15N10,40,6.040740740740741e-05,0.012851084861904383,397.0,385.0,58.40736174583435,7.339514493942261,65.74687623977661,370.0,401.325,15,15,10
dslfmae_like_baseline,1071,40,18,M15R15N15,40,6.0370370370370366e-05,-0.0017531828811375558,557.0,577.0,85.80041217803955,9.595746040344238,95.39615821838379,537.0,598.55,15,15,15
dslfmae_like_baseline,1072,40,19,M20R5N5,40,6.0333333333333334e-05,0.054844021797180176,77.0,70.0,8.358469009399414,0.7673318386077881,9.125800848007202,63.0,72.425,20,5,5
dslfmae_like_baseline,1073,40,20,M20R5N10,40,6.0296296296296295e-05,-0.0026201659493381158,193.0,193.0,17.453879833221436,1.5964479446411133,19.05032777786255,193.0,193.9,20,5,10
dslfmae_like_baseline,1074,40,21,M20R5N15,40,6.025925925925926e-05,0.006295605645088169,328.0,355.0,26.479713201522827,2.418403387069702,28.89811658859253,322.0,337.325,20,5,15
dslfmae_like_baseline,1075,40,22,M20R10N5,40,6.0222222222222225e-05,-0.03976861480623484,94.0,87.0,17.86126685142517,1.8499503135681152,19.711217164993286,84.0,94.875,20,10,5
dslfmae_like_baseline,1076,40,23,M20R10N10,40,6.018518518518519e-05,-0.021186305675655603,232.0,226.0,33.607420921325684,3.689283609390259,37.29670453071594,192.0,219.15,20,10,10
dslfmae_like_baseline,1077,40,24,M20R10N15,40,6.0148148148148155e-05,0.046039013750851156,338.0,319.0,56.74510741233826,6.048200607299805,62.79330801963806,312.0,343.825,20,10,15
dslfmae_like_baseline,1078,40,25,M20R15N5,40,6.011111111111112e-05,-0.03130161731193463,144.0,142.0,27.187319040298462,3.343193531036377,30.53051257133484,134.0,151.9,20,15,5
dslfmae_like_baseline,1079,40,26,M20R15N10,40,6.0074074074074085e-05,-0.01927407765761018,227.0,229.0,64.94167447090149,8.884425640106201,73.82610011100769,228.0,260.05,20,15,10
dslfmae_like_baseline,1080,40,27,M20R15N15,40,6.003703703703705e-05,0.0012031834007107786,346.0,331.0,94.57900500297546,11.602741479873657,106.18174648284912,328.0,364.65,20,15,15
dslfmae_like_baseline,1081,41,1,M10R5N5,41,6e-05,0.06920122727751732,218.0,202.0,7.101538419723511,0.5806238651275635,7.682162284851074,176.0,191.0487804878049,10,5,5
dslfmae_like_baseline,1082,41,2,M10R5N10,41,5.996296296296296e-05,0.019807117292657495,380.0,343.0,16.94354248046875,1.366023302078247,18.309565782546997,327.0,363.9512195121951,10,5,10
dslfmae_like_baseline,1083,41,3,M10R5N15,41,5.992592592592593e-05,-0.027790131357808907,471.0,471.0,24.67900252342224,2.0827746391296387,26.76177716255188,467.0,483.0243902439024,10,5,15
dslfmae_like_baseline,1084,41,4,M10R10N5,41,5.988888888888889e-05,0.05436362326145172,273.0,258.0,19.265324592590332,1.881833553314209,21.14715814590454,228.0,253.21951219512195,10,10,5
dslfmae_like_baseline,1085,41,5,M10R10N10,41,5.985185185185185e-05,-0.0081604925605158,433.0,455.0,36.393147230148315,3.298419952392578,39.691567182540894,423.0,458.8780487804878,10,10,10
dslfmae_like_baseline,1086,41,6,M10R10N15,41,5.981481481481481e-05,-0.029996043350547553,705.0,704.0,52.144781827926636,4.873001575469971,57.017783403396606,692.0,757.439024390244,10,10,15
dslfmae_like_baseline,1087,41,7,M10R15N5,41,5.977777777777778e-05,0.010735749189431468,360.0,369.0,27.15334391593933,3.2460570335388184,30.39940094947815,354.0,385.1951219512195,10,15,5
dslfmae_like_baseline,1088,41,8,M10R15N10,41,5.974074074074074e-05,0.02721405401825905,602.0,621.0,63.08376455307007,6.820861101150513,69.90462565422058,593.0,644.7560975609756,10,15,10
dslfmae_like_baseline,1089,41,9,M10R15N15,41,5.970370370370371e-05,-0.003678607054098393,1005.0,999.0,96.05910325050354,10.630001783370972,106.68910503387451,979.0,1065.1463414634147,10,15,15
dslfmae_like_baseline,1090,41,10,M15R5N5,41,5.966666666666667e-05,0.004318829393014312,160.0,155.0,9.269562721252441,0.8631868362426758,10.132749557495117,148.0,170.4878048780488,15,5,5
dslfmae_like_baseline,1091,41,11,M15R5N10,41,5.962962962962964e-05,0.0169900517212227,237.0,217.0,16.32499361038208,1.402466058731079,17.72745966911316,204.0,224.6829268292683,15,5,10
dslfmae_like_baseline,1092,41,12,M15R5N15,41,5.95925925925926e-05,-0.013651844812557101,265.0,275.0,23.826465129852295,2.0451793670654297,25.871644496917725,239.0,268.1951219512195,15,5,15
dslfmae_like_baseline,1093,41,13,M15R10N5,41,5.955555555555557e-05,0.03538343869149685,152.0,139.0,18.62317156791687,1.928675651550293,20.551847219467163,136.0,154.02439024390245,15,10,5
dslfmae_like_baseline,1094,41,14,M15R10N10,41,5.951851851851853e-05,-0.045974588487297297,245.0,247.0,42.808024168014526,4.587023973464966,47.39504814147949,229.0,265.8536585365854,15,10,10
dslfmae_like_baseline,1095,41,15,M15R10N15,41,5.9481481481481484e-05,0.014195158146321774,268.0,264.0,58.15623879432678,6.377718448638916,64.5339572429657,242.0,270.5609756097561,15,10,15
dslfmae_like_baseline,1096,41,16,M15R15N5,41,5.9444444444444445e-05,-0.014445645967498422,182.0,203.0,29.788374662399292,3.7666866779327393,33.55506134033203,175.0,193.46341463414635,15,15,5
dslfmae_like_baseline,1097,41,17,M15R15N10,41,5.9407407407407414e-05,0.014773100661113859,395.0,402.0,57.09307289123535,6.677112817764282,63.770185708999634,370.0,401.3414634146341,15,15,10
dslfmae_like_baseline,1098,41,18,M15R15N15,41,5.937037037037037e-05,0.014407071517780423,593.0,551.0,84.04297041893005,9.718437671661377,93.76140809059143,537.0,597.390243902439,15,15,15
dslfmae_like_baseline,1099,41,19,M20R5N5,41,5.933333333333333e-05,-0.14078637212514877,72.0,71.0,8.562301635742188,0.7429218292236328,9.30522346496582,63.0,72.39024390243902,20,5,5
dslfmae_like_baseline,1100,41,20,M20R5N10,41,5.929629629629629e-05,-0.028117798967286944,193.0,193.0,17.66423511505127,1.6747081279754639,19.338943243026733,193.0,193.8780487804878,20,5,10
dslfmae_like_baseline,1101,41,21,M20R5N15,41,5.925925925925926e-05,0.05622176639735699,349.0,355.0,26.778757333755493,2.5106942653656006,29.289451599121094,322.0,337.7560975609756,20,5,15
dslfmae_like_baseline,1102,41,22,M20R10N5,41,5.922222222222222e-05,0.07080341968685389,90.0,94.0,18.13986349105835,1.862675428390503,20.002538919448853,84.0,94.85365853658537,20,10,5
dslfmae_like_baseline,1103,41,23,M20R10N10,41,5.918518518518519e-05,-0.014740987059970697,214.0,232.0,33.604716062545776,3.4404547214508057,37.04517078399658,192.0,219.46341463414635,20,10,10
dslfmae_like_baseline,1104,41,24,M20R10N15,41,5.914814814814815e-05,-0.025112340319901706,319.0,325.0,54.43423247337341,6.4814453125,60.91567778587341,312.0,343.3658536585366,20,10,15
dslfmae_like_baseline,1105,41,25,M20R15N5,41,5.911111111111112e-05,-0.00018434763963644704,144.0,146.0,27.38561177253723,3.6276018619537354,31.013213634490967,134.0,151.7560975609756,20,15,5
dslfmae_like_baseline,1106,41,26,M20R15N10,41,5.907407407407408e-05,0.009336409973911941,248.0,270.0,63.19257044792175,8.222989559173584,71.41556000709534,228.0,260.2926829268293,20,15,10
dslfmae_like_baseline,1107,41,27,M20R15N15,41,5.903703703703705e-05,-0.016359055248488272,349.0,330.0,94.0290880203247,11.707695484161377,105.73678350448608,328.0,363.8048780487805,20,15,15
dslfmae_like_baseline,1108,42,1,M10R5N5,42,5.900000000000001e-05,0.020442711655050516,195.0,189.0,7.114538669586182,0.5813841819763184,7.6959228515625,176.0,191.0,10,5,5
dslfmae_like_baseline,1109,42,2,M10R5N10,42,5.8962962962962966e-05,0.005638525050017051,342.0,364.0,17.238250494003296,1.4094676971435547,18.64771819114685,327.0,363.95238095238096,10,5,10
dslfmae_like_baseline,1110,42,3,M10R5N15,42,5.892592592592593e-05,5.499990462946395e-05,474.0,464.0,25.101445198059082,2.038918972015381,27.140364170074463,464.0,482.57142857142856,10,5,15
dslfmae_like_baseline,1111,42,4,M10R10N5,42,5.8888888888888896e-05,0.040496290661394596,251.0,267.0,18.318522453308105,1.798102855682373,20.11662530899048,228.0,253.54761904761904,10,10,5
dslfmae_like_baseline,1112,42,5,M10R10N10,42,5.8851851851851844e-05,0.002918969781603664,454.0,459.0,34.3402578830719,3.3205368518829346,37.660794734954834,423.0,458.8809523809524,10,10,10
dslfmae_like_baseline,1113,42,6,M10R10N15,42,5.881481481481481e-05,-0.022028953675180672,690.0,697.0,51.740057706832886,5.436904430389404,57.17696213722229,692.0,756.0,10,10,15
dslfmae_like_baseline,1114,42,7,M10R15N5,42,5.8777777777777774e-05,0.00898578503013899,383.0,371.0,28.129184007644653,3.0474729537963867,31.17665696144104,354.0,384.85714285714283,10,15,5
dslfmae_like_baseline,1115,42,8,M10R15N10,42,5.874074074074074e-05,0.020965445414185525,634.0,616.0,60.61492586135864,6.678745985031128,67.29367184638977,593.0,644.0714285714286,10,15,10
dslfmae_like_baseline,1116,42,9,M10R15N15,42,5.8703703703703704e-05,-0.015191020909696817,962.0,1014.0,96.1835310459137,10.595062255859375,106.77859330177307,979.0,1063.9285714285713,10,15,15
dslfmae_like_baseline,1117,42,10,M15R5N5,42,5.866666666666667e-05,0.23083305731415749,185.0,158.0,9.55868148803711,0.8172786235809326,10.375960111618042,148.0,170.1904761904762,15,5,5
dslfmae_like_baseline,1118,42,11,M15R5N10,42,5.8629629629629633e-05,0.01744312746450305,238.0,217.0,16.586931943893433,1.4529640674591064,18.03989601135254,204.0,224.5,15,5,10
dslfmae_like_baseline,1119,42,12,M15R5N15,42,5.85925925925926e-05,-0.06682245930035909,268.0,289.0,23.908251523971558,2.0669453144073486,25.975196838378906,239.0,268.6904761904762,15,5,15
dslfmae_like_baseline,1120,42,13,M15R10N5,42,5.855555555555556e-05,0.004406534309964627,148.0,150.0,17.864965677261353,1.79227876663208,19.657244443893433,136.0,153.92857142857142,15,10,5
dslfmae_like_baseline,1121,42,14,M15R10N10,42,5.8518518518518525e-05,-0.031591704580932856,244.0,239.0,42.052300691604614,4.626587390899658,46.67888808250427,229.0,265.2142857142857,15,10,10
dslfmae_like_baseline,1122,42,15,M15R10N15,42,5.848148148148148e-05,0.015921834902837873,263.0,251.0,60.5750207901001,6.145242929458618,66.72026371955872,242.0,270.0952380952381,15,10,15
dslfmae_like_baseline,1123,42,16,M15R15N5,42,5.844444444444445e-05,0.012036199836681286,196.0,195.0,29.35095977783203,3.5156681537628174,32.86662793159485,175.0,193.5,15,15,5
dslfmae_like_baseline,1124,42,17,M15R15N10,42,5.840740740740741e-05,-0.008428024640306831,398.0,416.0,56.17794132232666,6.652094602584839,62.8300359249115,370.0,401.6904761904762,15,15,10
dslfmae_like_baseline,1125,42,18,M15R15N15,42,5.837037037037038e-05,0.0077041202623929295,563.0,543.0,107.21751379966736,17.40420889854431,124.62172269821167,537.0,596.0952380952381,15,15,15
dslfmae_like_baseline,1126,42,19,M20R5N5,42,5.8333333333333326e-05,0.05722645204514265,76.0,71.0,12.604575634002686,0.779613733291626,13.384189367294312,63.0,72.35714285714286,20,5,5
dslfmae_like_baseline,1127,42,20,M20R5N10,42,5.8296296296296294e-05,-0.019896334852091968,193.0,193.0,18.77319073677063,1.6567866802215576,20.429977416992188,193.0,193.85714285714286,20,5,10
dslfmae_like_baseline,1128,42,21,M20R5N15,42,5.8259259259259256e-05,0.017886359399805467,364.0,371.0,33.48376703262329,3.229663610458374,36.713430643081665,322.0,338.54761904761904,20,5,15
dslfmae_like_baseline,1129,42,22,M20R10N5,42,5.8222222222222224e-05,-0.03430732083506882,95.0,96.0,19.255125999450684,2.033402681350708,21.28852868080139,84.0,94.88095238095238,20,10,5
dslfmae_like_baseline,1130,42,23,M20R10N10,42,5.8185185185185186e-05,-0.030996444324652355,227.0,227.0,50.2962532043457,8.507586240768433,58.803839445114136,192.0,219.64285714285714,20,10,10
dslfmae_like_baseline,1131,42,24,M20R10N15,42,5.8148148148148154e-05,0.04013581797480583,324.0,328.0,144.31156992912292,14.042440414428711,158.35401034355164,312.0,343.0,20,10,15
dslfmae_like_baseline,1132,42,25,M20R15N5,42,5.8111111111111116e-05,-0.02677501117189725,148.0,140.0,70.3224687576294,7.67307710647583,77.99554586410522,134.0,151.47619047619048,20,15,5
dslfmae_like_baseline,1133,42,26,M20R15N10,42,5.8074074074074084e-05,-0.0024444994080113245,247.0,254.0,163.5995638370514,18.285224676132202,181.8847885131836,228.0,260.14285714285717,20,15,10
dslfmae_like_baseline,1134,42,27,M20R15N15,42,5.8037037037037046e-05,-0.012540699248867375,338.0,342.0,242.55850458145142,26.075681924819946,268.63418650627136,328.0,363.2857142857143,20,15,15
dslfmae_like_baseline,1135,43,1,M10R5N5,43,5.800000000000001e-05,0.004905608366243541,186.0,201.0,18.878776788711548,1.3462512493133545,20.225028038024902,176.0,191.2325581395349,10,5,5
dslfmae_like_baseline,1136,43,2,M10R5N10,43,5.796296296296296e-05,0.013648269698023796,365.0,340.0,42.97045660018921,3.287586212158203,46.25804281234741,327.0,363.3953488372093,10,5,10
dslfmae_like_baseline,1137,43,3,M10R5N15,43,5.792592592592593e-05,0.01342758210375905,495.0,469.0,63.97756576538086,4.861771106719971,68.83933687210083,464.0,482.25581395348837,10,5,15
dslfmae_like_baseline,1138,43,4,M10R10N5,43,5.788888888888889e-05,0.021622403291985393,245.0,267.0,48.404327392578125,4.341231346130371,52.745558738708496,228.0,253.86046511627907,10,10,5
dslfmae_like_baseline,1139,43,5,M10R10N10,43,5.785185185185186e-05,-0.006400832557119429,439.0,455.0,89.70336866378784,7.9355788230896,97.63894748687744,423.0,458.7906976744186,10,10,10
dslfmae_like_baseline,1140,43,6,M10R10N15,43,5.781481481481481e-05,-0.008262564917095006,741.0,738.0,134.41189002990723,11.938883066177368,146.3507730960846,692.0,755.5813953488372,10,10,15
dslfmae_like_baseline,1141,43,7,M10R15N5,43,5.7777777777777776e-05,-0.0005874216634159287,371.0,384.0,71.15265560150146,7.107572317123413,78.26022791862488,354.0,384.83720930232556,10,15,5
dslfmae_like_baseline,1142,43,8,M10R15N10,43,5.774074074074074e-05,0.016913388250395657,635.0,604.0,157.82120656967163,15.898221969604492,173.71942853927612,593.0,643.1395348837209,10,15,10
dslfmae_like_baseline,1143,43,9,M10R15N15,43,5.7703703703703706e-05,-0.009620179880585056,1011.0,994.0,239.89372181892395,24.67145872116089,264.56518054008484,979.0,1062.3023255813953,10,15,15
dslfmae_like_baseline,1144,43,10,M15R5N5,43,5.766666666666667e-05,0.15502971038222313,179.0,157.0,24.287508726119995,1.9262065887451172,26.213715314865112,148.0,169.88372093023256,15,5,5
dslfmae_like_baseline,1145,43,11,M15R5N10,43,5.7629629629629636e-05,-0.021434604190289974,220.0,237.0,42.23951578140259,3.324387550354004,45.56390333175659,204.0,224.7906976744186,15,5,10
dslfmae_like_baseline,1146,43,12,M15R5N15,43,5.75925925925926e-05,-0.03591791850825151,309.0,278.0,61.31202220916748,4.881685018539429,66.19370722770691,239.0,268.90697674418607,15,5,15
dslfmae_like_baseline,1147,43,13,M15R10N5,43,5.755555555555556e-05,0.022957545006647706,147.0,161.0,46.7975959777832,4.291876554489136,51.08947253227234,136.0,154.09302325581396,15,10,5
dslfmae_like_baseline,1148,43,14,M15R10N10,43,5.751851851851853e-05,-0.032593979965895414,249.0,255.0,108.36533689498901,10.506295680999756,118.87163257598877,229.0,264.9767441860465,15,10,10
dslfmae_like_baseline,1149,43,15,M15R10N15,43,5.748148148148149e-05,-0.004416477313498035,246.0,250.0,152.011869430542,13.984712600708008,165.99658203125,242.0,269.6279069767442,15,10,15
dslfmae_like_baseline,1150,43,16,M15R15N5,43,5.7444444444444444e-05,0.046750922997792564,202.0,195.0,73.68356704711914,8.054274797439575,81.73784184455872,175.0,193.53488372093022,15,15,5
dslfmae_like_baseline,1151,43,17,M15R15N10,43,5.740740740740741e-05,-0.02595565253868699,377.0,392.0,145.02484607696533,15.429306030273438,160.45415210723877,370.0,401.4651162790698,15,15,10
dslfmae_like_baseline,1152,43,18,M15R15N15,43,5.7370370370370374e-05,0.015088839988623346,561.0,558.0,212.7865388393402,22.102208614349365,234.88874745368958,537.0,595.2093023255813,15,15,15
dslfmae_like_baseline,1153,43,19,M20R5N5,43,5.733333333333333e-05,0.17287417501211166,88.0,71.0,22.314791440963745,1.8074188232421875,24.122210264205933,63.0,72.32558139534883,20,5,5
dslfmae_like_baseline,1154,43,20,M20R5N10,43,5.729629629629629e-05,-0.014826721395365894,193.0,193.0,45.20325183868408,3.747666835784912,48.950918674468994,193.0,193.8372093023256,20,5,10
dslfmae_like_baseline,1155,43,21,M20R5N15,43,5.725925925925926e-05,-0.026601871320356924,343.0,350.0,67.31115126609802,5.644763469696045,72.95591473579407,322.0,338.8139534883721,20,5,15
dslfmae_like_baseline,1156,43,22,M20R10N5,43,5.722222222222222e-05,-0.10821496788412333,99.0,83.0,45.96110820770264,4.412830352783203,50.37393856048584,83.0,94.6046511627907,20,10,5
dslfmae_like_baseline,1157,43,23,M20R10N10,43,5.718518518518519e-05,-0.04453563721229633,207.0,221.0,86.39843010902405,8.103661060333252,94.5020911693573,192.0,219.67441860465115,20,10,10
dslfmae_like_baseline,1158,43,24,M20R10N15,43,5.714814814814815e-05,0.10969669297337532,320.0,335.0,141.26248359680176,14.066303014755249,155.328786611557,312.0,342.8139534883721,20,10,15
dslfmae_like_baseline,1159,43,25,M20R15N5,43,5.711111111111112e-05,-0.034102818152556814,148.0,139.0,69.88736319541931,7.651251792907715,77.53861498832703,134.0,151.1860465116279,20,15,5
dslfmae_like_baseline,1160,43,26,M20R15N10,43,5.707407407407408e-05,-0.017846390279009937,250.0,254.0,162.5234751701355,18.198728561401367,180.72220373153687,228.0,260.0,20,15,10
dslfmae_like_baseline,1161,43,27,M20R15N15,43,5.703703703703704e-05,-0.01250050772380616,356.0,343.0,235.52795791625977,25.94656777381897,261.47452569007874,328.0,362.8139534883721,20,15,15
dslfmae_like_baseline,1162,44,1,M10R5N5,44,5.700000000000001e-05,0.05706227757036686,204.0,195.0,18.654696226119995,1.414097547531128,20.068793773651123,176.0,191.3181818181818,10,5,5
dslfmae_like_baseline,1163,44,2,M10R5N10,44,5.696296296296297e-05,-0.016258498653769493,343.0,332.0,43.154616355895996,3.352309226989746,46.50692558288574,327.0,362.6818181818182,10,5,10
dslfmae_like_baseline,1164,44,3,M10R5N15,44,5.6925925925925926e-05,0.0051671642674288405,474.0,472.0,63.25742793083191,5.0193870067596436,68.27681493759155,464.0,482.02272727272725,10,5,15
dslfmae_like_baseline,1165,44,4,M10R10N5,44,5.6888888888888895e-05,0.039485305082052946,248.0,275.0,47.98514199256897,4.334077596664429,52.3192195892334,228.0,254.3409090909091,10,10,5
dslfmae_like_baseline,1166,44,5,M10R10N10,44,5.6851851851851856e-05,0.006044028904094982,440.0,443.0,89.85755395889282,7.875097990036011,97.73265194892883,423.0,458.4318181818182,10,10,10
dslfmae_like_baseline,1167,44,6,M10R10N15,44,5.681481481481481e-05,-0.015118042891845106,700.0,706.0,133.04801988601685,12.428984642028809,145.47700452804565,692.0,754.4545454545455,10,10,15
dslfmae_like_baseline,1168,44,7,M10R15N5,44,5.677777777777777e-05,-0.0032185184342476227,367.0,367.0,71.6972827911377,7.175673723220825,78.87295651435852,354.0,384.4318181818182,10,15,5
dslfmae_like_baseline,1169,44,8,M10R15N10,44,5.674074074074074e-05,0.032597167138010266,630.0,640.0,159.4911184310913,16.256283044815063,175.74740147590637,593.0,643.0681818181819,10,15,10
dslfmae_like_baseline,1170,44,9,M10R15N15,44,5.67037037037037e-05,-0.007643716082384344,1001.0,1004.0,221.83934330940247,24.92360806465149,246.76295137405396,979.0,1060.9772727272727,10,15,15
dslfmae_like_baseline,1171,44,10,M15R5N5,44,5.666666666666667e-05,0.04544160142540932,169.0,150.0,24.315755367279053,1.9031448364257812,26.218900203704834,148.0,169.4318181818182,15,5,5
dslfmae_like_baseline,1172,44,11,M15R5N10,44,5.662962962962963e-05,-0.029140332946553826,217.0,217.0,42.16261839866638,3.3472230434417725,45.509841442108154,204.0,224.61363636363637,15,5,10
dslfmae_like_baseline,1173,44,12,M15R5N15,44,5.6592592592592594e-05,-0.028093449616183836,257.0,264.0,34.23951768875122,2.0070078372955322,36.24652552604675,239.0,268.79545454545456,15,5,15
dslfmae_like_baseline,1174,44,13,M15R10N5,44,5.655555555555556e-05,0.05372982332482934,149.0,146.0,17.69367504119873,1.9307348728179932,19.624409914016724,136.0,153.9090909090909,15,10,5
dslfmae_like_baseline,1175,44,14,M15R10N10,44,5.6518518518518524e-05,-0.022185087902471423,242.0,237.0,43.30377697944641,4.7489013671875,48.05267834663391,229.0,264.34090909090907,15,10,10
dslfmae_like_baseline,1176,44,15,M15R10N15,44,5.648148148148149e-05,-0.008497733413241804,256.0,259.0,59.04651117324829,5.967869997024536,65.01438117027283,242.0,269.3863636363636,15,10,15
dslfmae_like_baseline,1177,44,16,M15R15N5,44,5.6444444444444454e-05,0.024064328987151384,198.0,188.0,28.985759258270264,3.5124945640563965,32.49825382232666,175.0,193.4090909090909,15,15,5
dslfmae_like_baseline,1178,44,17,M15R15N10,44,5.640740740740741e-05,-0.0029241378739243372,388.0,413.0,56.81305456161499,6.649254083633423,63.46230864524841,370.0,401.72727272727275,15,15,10
dslfmae_like_baseline,1179,44,18,M15R15N15,44,5.637037037037037e-05,0.006838651985162869,562.0,552.0,84.48103785514832,9.494391441345215,93.97542929649353,537.0,594.2272727272727,15,15,15
dslfmae_like_baseline,1180,44,19,M20R5N5,44,5.633333333333334e-05,-0.22020014747977257,73.0,71.0,8.207423210144043,0.7306349277496338,8.938058137893677,63.0,72.29545454545455,20,5,5
dslfmae_like_baseline,1181,44,20,M20R5N10,44,5.629629629629629e-05,0.027065419359132648,193.0,193.0,17.057620525360107,1.6097636222839355,18.667384147644043,193.0,193.8181818181818,20,5,10
dslfmae_like_baseline,1182,44,21,M20R5N15,44,5.6259259259259255e-05,0.07684835915764172,359.0,353.0,25.52414035797119,2.546771287918091,28.070911645889282,322.0,339.1363636363636,20,5,15
dslfmae_like_baseline,1183,44,22,M20R10N5,44,5.622222222222222e-05,0.09005477465689182,93.0,88.0,18.340784788131714,2.0061750411987305,20.346959829330444,83.0,94.45454545454545,20,10,5
dslfmae_like_baseline,1184,44,23,M20R10N10,44,5.6185185185185185e-05,-0.004679810134499955,226.0,222.0,34.11821532249451,3.5126030445098877,37.630818367004395,192.0,219.72727272727272,20,10,10
dslfmae_like_baseline,1185,44,24,M20R10N15,44,5.614814814814815e-05,-0.044216482900083065,316.0,330.0,55.588390827178955,6.071171522140503,61.65956234931946,312.0,342.52272727272725,20,10,15
dslfmae_like_baseline,1186,44,25,M20R15N5,44,5.6111111111111114e-05,0.008363318396732211,146.0,150.0,26.785011053085327,3.3311445713043213,30.11615562438965,134.0,151.1590909090909,20,15,5
dslfmae_like_baseline,1187,44,26,M20R15N10,44,5.6074074074074076e-05,0.012230442091822624,257.0,235.0,63.064722299575806,8.551357746124268,71.61608004570007,228.0,259.4318181818182,20,15,10
dslfmae_like_baseline,1188,44,27,M20R15N15,44,5.6037037037037044e-05,-0.014140617434999772,346.0,352.0,94.86401987075806,11.522741079330444,106.3867609500885,328.0,362.5681818181818,20,15,15
dslfmae_like_baseline,1189,45,1,M10R5N5,45,5.6000000000000006e-05,0.061358180828392506,194.0,196.0,6.944805145263672,0.5539064407348633,7.498711585998535,176.0,191.42222222222222,10,5,5
dslfmae_like_baseline,1190,45,2,M10R5N10,45,5.5962962962962974e-05,0.014421745319850743,354.0,364.0,16.648051023483276,1.4135785102844238,18.0616295337677,327.0,362.7111111111111,10,5,10
dslfmae_like_baseline,1191,45,3,M10R5N15,45,5.592592592592593e-05,-0.007239782523053388,487.0,474.0,24.62058401107788,2.2576091289520264,26.878193140029907,464.0,481.84444444444443,10,5,15
dslfmae_like_baseline,1192,45,4,M10R10N5,45,5.588888888888889e-05,0.03502538055181503,258.0,272.0,19.444721937179565,1.9673044681549072,21.412026405334473,228.0,254.73333333333332,10,10,5
dslfmae_like_baseline,1193,45,5,M10R10N10,45,5.585185185185185e-05,-0.005697479684992383,439.0,437.0,35.08240270614624,3.3611135482788086,38.44351625442505,423.0,457.9555555555556,10,10,10
dslfmae_like_baseline,1194,45,6,M10R10N15,45,5.581481481481482e-05,-0.017224453249946238,686.0,702.0,52.774505376815796,4.981080532073975,57.75558590888977,692.0,753.2888888888889,10,10,15
dslfmae_like_baseline,1195,45,7,M10R15N5,45,5.5777777777777775e-05,-0.0041102990896130604,369.0,376.0,28.175070762634277,3.0531811714172363,31.228251934051514,354.0,384.24444444444447,10,15,5
dslfmae_like_baseline,1196,45,8,M10R15N10,45,5.574074074074074e-05,0.019734636321663855,602.0,636.0,62.88028335571289,7.240831613540649,70.12111496925354,593.0,642.9111111111112,10,15,10
dslfmae_like_baseline,1197,45,9,M10R15N15,45,5.5703703703703705e-05,0.0018860225754906423,1001.0,1034.0,95.36750030517578,10.403193950653076,105.77069425582886,979.0,1060.3777777777777,10,15,15
dslfmae_like_baseline,1198,45,10,M15R5N5,45,5.566666666666667e-05,0.04797612130641937,153.0,154.0,9.65038800239563,0.8950655460357666,10.545453548431396,148.0,169.0888888888889,15,5,5
dslfmae_like_baseline,1199,45,11,M15R5N10,45,5.562962962962963e-05,0.012006941949948668,237.0,217.0,16.85899305343628,1.5096609592437744,18.368654012680054,204.0,224.44444444444446,15,5,10
dslfmae_like_baseline,1200,45,12,M15R5N15,45,5.55925925925926e-05,-0.01709909349059065,270.0,279.0,24.481430053710938,2.236788272857666,26.718218326568604,239.0,269.02222222222224,15,5,15
dslfmae_like_baseline,1201,45,13,M15R10N5,45,5.555555555555556e-05,0.04300562525168061,153.0,162.0,18.34763765335083,1.8606960773468018,20.208333730697632,136.0,154.0888888888889,15,10,5
dslfmae_like_baseline,1202,45,14,M15R10N10,45,5.5518518518518527e-05,-0.04288490139879286,253.0,237.0,42.167391777038574,4.557884216308594,46.72527599334717,229.0,263.73333333333335,15,10,10
dslfmae_like_baseline,1203,45,15,M15R10N15,45,5.548148148148149e-05,0.002370055593200959,248.0,256.0,60.04926872253418,5.988543748855591,66.03781247138977,242.0,269.0888888888889,15,10,15
dslfmae_like_baseline,1204,45,16,M15R15N5,45,5.5444444444444456e-05,0.0023957419325597584,194.0,181.0,29.45589804649353,3.6350700855255127,33.09096813201904,175.0,193.13333333333333,15,15,5
dslfmae_like_baseline,1205,45,17,M15R15N10,45,5.540740740740741e-05,-0.003661480365553871,387.0,374.0,57.59555244445801,6.6529645919799805,64.24851703643799,370.0,401.1111111111111,15,15,10
dslfmae_like_baseline,1206,45,18,M15R15N15,45,5.537037037037037e-05,0.016215037887117693,583.0,571.0,83.30954027175903,9.99746322631836,93.30700349807739,537.0,593.7111111111111,15,15,15
dslfmae_like_baseline,1207,45,19,M20R5N5,45,5.5333333333333334e-05,0.05657684896141291,73.0,72.0,8.498285055160522,0.8312172889709473,9.32950234413147,63.0,72.28888888888889,20,5,5
dslfmae_like_baseline,1208,45,20,M20R5N10,45,5.52962962962963e-05,-0.055133570451289415,193.0,193.0,18.129818201065063,1.7007501125335693,19.830568313598633,193.0,193.8,20,5,10
dslfmae_like_baseline,1209,45,21,M20R5N15,45,5.525925925925926e-05,-0.0065775646750504775,340.0,353.0,26.428771495819092,2.3884470462799072,28.817218542099,322.0,339.44444444444446,20,5,15
dslfmae_like_baseline,1210,45,22,M20R10N5,45,5.522222222222222e-05,-0.03091865056194365,84.0,93.0,17.791839361190796,1.9260799884796143,19.71791934967041,83.0,94.42222222222222,20,10,5
dslfmae_like_baseline,1211,45,23,M20R10N10,45,5.518518518518519e-05,-0.013935450580902398,193.0,231.0,33.90344166755676,3.5208771228790283,37.42431879043579,192.0,219.9777777777778,20,10,10
dslfmae_like_baseline,1212,45,24,M20R10N15,45,5.514814814814815e-05,0.045532389730215075,322.0,324.0,57.2481005191803,6.284186840057373,63.53228735923767,312.0,342.1111111111111,20,10,15
dslfmae_like_baseline,1213,45,25,M20R15N5,45,5.511111111111111e-05,-0.012685594226544103,146.0,141.0,28.534188985824585,3.4278576374053955,31.96204662322998,134.0,150.93333333333334,20,15,5
dslfmae_like_baseline,1214,45,26,M20R15N10,45,5.507407407407408e-05,-0.01199639542028308,243.0,247.0,65.22584581375122,8.47416067123413,73.70000648498535,228.0,259.15555555555557,20,15,10
dslfmae_like_baseline,1215,45,27,M20R15N15,45,5.503703703703704e-05,-0.0020610395471781623,342.0,343.0,91.53479075431824,12.441279649734497,103.97607040405273,328.0,362.1333333333333,20,15,15
dslfmae_like_baseline,1216,46,1,M10R5N5,46,5.500000000000001e-05,0.0326122036203742,197.0,198.0,7.042503833770752,0.5928032398223877,7.63530707359314,176.0,191.56521739130434,10,5,5
dslfmae_like_baseline,1217,46,2,M10R5N10,46,5.496296296296297e-05,0.013656583963893354,360.0,334.0,16.85736918449402,1.3842055797576904,18.24157476425171,327.0,362.0869565217391,10,5,10
dslfmae_like_baseline,1218,46,3,M10R5N15,46,5.492592592592594e-05,0.0032125617823718735,488.0,475.0,24.21206760406494,1.9552013874053955,26.167268991470337,464.0,481.69565217391306,10,5,15
dslfmae_like_baseline,1219,46,4,M10R10N5,46,5.488888888888889e-05,0.001786748252925463,241.0,262.0,18.49619960784912,1.7736589908599854,20.269858598709106,228.0,254.8913043478261,10,10,5
dslfmae_like_baseline,1220,46,5,M10R10N10,46,5.4851851851851855e-05,0.008525072286526362,452.0,433.0,34.556586503982544,3.293109893798828,37.84969639778137,423.0,457.4130434782609,10,10,10
dslfmae_like_baseline,1221,46,6,M10R10N15,46,5.4814814814814817e-05,-0.005610794451786205,701.0,701.0,52.410789251327515,4.951228857040405,57.36201810836792,692.0,752.1521739130435,10,10,15
dslfmae_like_baseline,1222,46,7,M10R15N5,46,5.477777777777777e-05,-0.0027927341773950807,377.0,367.0,27.97878861427307,3.1828086376190186,31.16159725189209,354.0,383.8695652173913,10,15,5
dslfmae_like_baseline,1223,46,8,M10R15N10,46,5.474074074074074e-05,0.013245982793159783,607.0,610.0,62.10818433761597,6.773339509963989,68.88152384757996,593.0,642.195652173913,10,15,10
dslfmae_like_baseline,1224,46,9,M10R15N15,46,5.47037037037037e-05,0.005851926576724509,1024.0,1038.0,94.50464987754822,11.205009698867798,105.70965957641602,979.0,1059.891304347826,10,15,15
dslfmae_like_baseline,1225,46,10,M15R5N5,46,5.466666666666666e-05,0.10237332619726658,169.0,163.0,9.282061576843262,0.8088617324829102,10.090923309326172,148.0,168.95652173913044,15,5,5
dslfmae_like_baseline,1226,46,11,M15R5N10,46,5.462962962962963e-05,0.001904387681861408,237.0,217.0,16.48865818977356,1.412013053894043,17.900671243667603,204.0,224.2826086956522,15,5,10
dslfmae_like_baseline,1227,46,12,M15R5N15,46,5.459259259259259e-05,-0.050708453791836895,256.0,268.0,24.31237006187439,2.0775511264801025,26.389921188354492,239.0,269.0,15,5,15
dslfmae_like_baseline,1228,46,13,M15R10N5,46,5.455555555555556e-05,0.06857244111597538,153.0,163.0,18.094982147216797,1.8316617012023926,19.92664384841919,136.0,154.2826086956522,15,10,5
dslfmae_like_baseline,1229,46,14,M15R10N10,46,5.451851851851852e-05,-0.03437021421268582,239.0,250.0,42.7262864112854,4.5901453495025635,47.316431760787964,229.0,263.4347826086956,15,10,10
dslfmae_like_baseline,1230,46,15,M15R10N15,46,5.448148148148149e-05,0.006131699064280838,262.0,255.0,60.927972078323364,6.319900274276733,67.2478723526001,242.0,268.7826086956522,15,10,15
dslfmae_like_baseline,1231,46,16,M15R15N5,46,5.444444444444445e-05,0.014955724182073027,205.0,178.0,29.692613124847412,3.5951244831085205,33.28773760795593,175.0,192.80434782608697,15,15,5
dslfmae_like_baseline,1232,46,17,M15R15N10,46,5.440740740740742e-05,-0.01577466311864555,388.0,384.0,57.42770433425903,6.5383219718933105,63.966026306152344,370.0,400.7391304347826,15,15,10
dslfmae_like_baseline,1233,46,18,M15R15N15,46,5.437037037037037e-05,0.01629207968445761,568.0,564.0,83.4067759513855,9.681345701217651,93.08812165260315,537.0,593.0652173913044,15,15,15
dslfmae_like_baseline,1234,46,19,M20R5N5,46,5.433333333333334e-05,-0.04537640232592821,72.0,78.0,8.377691745758057,0.7916674613952637,9.16935920715332,63.0,72.41304347826087,20,5,5
dslfmae_like_baseline,1235,46,20,M20R5N10,46,5.42962962962963e-05,-0.015659973956644535,193.0,193.0,17.636765241622925,1.5952565670013428,19.232021808624268,193.0,193.7826086956522,20,5,10
dslfmae_like_baseline,1236,46,21,M20R5N15,46,5.4259259259259254e-05,0.03278696754326423,345.0,365.0,26.069530487060547,2.38480544090271,28.454335927963257,322.0,340.0,20,5,15
dslfmae_like_baseline,1237,46,22,M20R10N5,46,5.422222222222222e-05,-0.022654104279354215,85.0,95.0,17.75406527519226,1.873793363571167,19.627858638763428,83.0,94.43478260869566,20,10,5
dslfmae_like_baseline,1238,46,23,M20R10N10,46,5.4185185185185183e-05,-0.006500638807968547,229.0,229.0,33.85038113594055,3.5694663524627686,37.41984748840332,192.0,220.17391304347825,20,10,10
dslfmae_like_baseline,1239,46,24,M20R10N15,46,5.4148148148148145e-05,0.027132235746830703,340.0,314.0,56.99545478820801,6.477415084838867,63.472869873046875,312.0,341.5,20,10,15
dslfmae_like_baseline,1240,46,25,M20R15N5,46,5.411111111111111e-05,-0.020443772819514077,148.0,140.0,28.27287793159485,3.3807733058929443,31.653651237487793,134.0,150.69565217391303,20,15,5
dslfmae_like_baseline,1241,46,26,M20R15N10,46,5.4074074074074075e-05,-0.018018075125291945,243.0,248.0,62.723389625549316,7.9755308628082275,70.69892048835754,228.0,258.9130434782609,20,15,10
dslfmae_like_baseline,1242,46,27,M20R15N15,46,5.403703703703704e-05,-0.013202582685542958,330.0,343.0,93.73852872848511,11.666053771972656,105.40458250045776,328.0,361.7173913043478,20,15,15
dslfmae_like_baseline,1243,47,1,M10R5N5,47,5.4000000000000005e-05,0.06524832546710968,197.0,184.0,7.007001638412476,0.5615866184234619,7.5685882568359375,176.0,191.40425531914894,10,5,5
dslfmae_like_baseline,1244,47,2,M10R5N10,47,5.396296296296297e-05,0.00996124290395528,364.0,371.0,16.53338360786438,1.3563730716705322,17.889756679534912,327.0,362.27659574468083,10,5,10
dslfmae_like_baseline,1245,47,3,M10R5N15,47,5.3925925925925935e-05,-0.0026509972570541627,485.0,484.0,24.381025552749634,2.0138816833496094,26.394907236099243,464.0,481.74468085106383,10,5,15
dslfmae_like_baseline,1246,47,4,M10R10N5,47,5.388888888888889e-05,0.03063827846199274,253.0,265.0,18.92999243736267,1.8010444641113281,20.731036901474,228.0,255.10638297872342,10,10,5
dslfmae_like_baseline,1247,47,5,M10R10N10,47,5.385185185185185e-05,0.00550933046421657,455.0,460.0,35.64223623275757,3.331735610961914,38.97397184371948,423.0,457.468085106383,10,10,10
dslfmae_like_baseline,1248,47,6,M10R10N15,47,5.381481481481482e-05,-0.013540668087080121,692.0,704.0,53.40522813796997,4.934881687164307,58.34010982513428,692.0,751.1276595744681,10,10,15
dslfmae_like_baseline,1249,47,7,M10R15N5,47,5.377777777777778e-05,0.005418045863431568,390.0,381.0,27.22042965888977,2.99324631690979,30.21367597579956,354.0,383.8085106382979,10,15,5
dslfmae_like_baseline,1250,47,8,M10R15N10,47,5.3740740740740736e-05,0.008080381597392262,610.0,609.0,60.06029224395752,7.05440616607666,67.11469841003418,593.0,641.4893617021277,10,15,10
dslfmae_like_baseline,1251,47,9,M10R15N15,47,5.37037037037037e-05,0.0029553374215538497,1037.0,1007.0,94.6728925704956,10.571001529693604,105.24389410018921,979.0,1058.7659574468084,10,15,15
dslfmae_like_baseline,1252,47,10,M15R5N5,47,5.3666666666666666e-05,0.05562946293503046,164.0,172.0,9.265548944473267,0.8039989471435547,10.069547891616821,148.0,169.0212765957447,15,5,5
dslfmae_like_baseline,1253,47,11,M15R5N10,47,5.362962962962963e-05,0.018457940546795726,248.0,237.0,16.13499093055725,1.3825559616088867,17.517546892166138,204.0,224.5531914893617,15,5,10
dslfmae_like_baseline,1254,47,12,M15R5N15,47,5.3592592592592595e-05,-0.05452848474184672,262.0,276.0,24.045565843582153,2.1520910263061523,26.197656869888306,239.0,269.1489361702128,15,5,15
dslfmae_like_baseline,1255,47,13,M15R10N5,47,5.355555555555556e-05,0.09894061833620071,165.0,149.0,17.900456190109253,1.8594720363616943,19.759928226470947,136.0,154.17021276595744,15,10,5
dslfmae_like_baseline,1256,47,14,M15R10N10,47,5.3518518518518525e-05,-0.031768616987392306,253.0,252.0,42.47531294822693,4.568727254867554,47.04404020309448,229.0,263.1914893617021,15,10,10
dslfmae_like_baseline,1257,47,15,M15R10N15,47,5.348148148148149e-05,-0.011378450761549174,259.0,276.0,59.551695346832275,5.9388487339019775,65.49054408073425,242.0,268.93617021276594,15,10,15
dslfmae_like_baseline,1258,47,16,M15R15N5,47,5.3444444444444455e-05,0.00719470022401462,191.0,203.0,28.394535064697266,3.5249128341674805,31.919447898864746,175.0,193.0212765957447,15,15,5
dslfmae_like_baseline,1259,47,17,M15R15N10,47,5.340740740740742e-05,-0.002000277742627077,381.0,376.0,56.886287212371826,7.320048570632935,64.20633578300476,370.0,400.21276595744683,15,15,10
dslfmae_like_baseline,1260,47,18,M15R15N15,47,5.337037037037037e-05,0.014965059435261148,597.0,627.0,82.63224959373474,9.435512781143188,92.06776237487793,537.0,593.7872340425532,15,15,15
dslfmae_like_baseline,1261,47,19,M20R5N5,47,5.333333333333333e-05,0.18801536038517952,83.0,84.0,8.446465015411377,0.7589025497436523,9.20536756515503,63.0,72.65957446808511,20,5,5
dslfmae_like_baseline,1262,47,20,M20R5N10,47,5.32962962962963e-05,-0.0452083982527256,193.0,193.0,17.641205072402954,1.6192171573638916,19.260422229766846,193.0,193.7659574468085,20,5,10
dslfmae_like_baseline,1263,47,21,M20R5N15,47,5.325925925925926e-05,-0.020885743511219818,365.0,365.0,26.702155113220215,2.4460296630859375,29.148184776306152,322.0,340.531914893617,20,5,15
dslfmae_like_baseline,1264,47,22,M20R10N5,47,5.322222222222222e-05,-0.17551232688128948,88.0,88.0,18.08058524131775,1.9498085975646973,20.030393838882446,83.0,94.29787234042553,20,10,5
dslfmae_like_baseline,1265,47,23,M20R10N10,47,5.318518518518518e-05,0.009344179920541743,241.0,237.0,34.09945869445801,3.773756742477417,37.873215436935425,192.0,220.53191489361703,20,10,10
dslfmae_like_baseline,1266,47,24,M20R10N15,47,5.314814814814815e-05,0.10651918314397335,336.0,337.0,56.46342968940735,5.982495546340942,62.44592523574829,312.0,341.40425531914894,20,10,15
dslfmae_like_baseline,1267,47,25,M20R15N5,47,5.311111111111111e-05,-0.06535228745390971,147.0,143.0,27.205321550369263,3.327369213104248,30.53269076347351,134.0,150.53191489361703,20,15,5
dslfmae_like_baseline,1268,47,26,M20R15N10,47,5.307407407407408e-05,-0.01402589911594987,262.0,254.0,63.61385655403137,8.693775415420532,72.3076319694519,228.0,258.8085106382979,20,15,10
dslfmae_like_baseline,1269,47,27,M20R15N15,47,5.303703703703704e-05,-0.007985313306562603,338.0,339.0,93.03494071960449,11.496817588806152,104.53175830841064,328.0,361.2340425531915,20,15,15
dslfmae_like_baseline,1270,48,1,M10R5N5,48,5.300000000000001e-05,0.10113856941461563,216.0,202.0,6.924109220504761,0.5708808898925781,7.494990110397339,176.0,191.625,10,5,5
dslfmae_like_baseline,1271,48,2,M10R5N10,48,5.296296296296297e-05,-0.018837594310753047,343.0,343.0,16.617504358291626,1.3897552490234375,18.007259607315063,327.0,361.875,10,5,10
dslfmae_like_baseline,1272,48,3,M10R5N15,48,5.292592592592594e-05,0.0036117299411368244,475.0,488.0,24.631532192230225,2.009561538696289,26.641093730926514,464.0,481.875,10,5,15
dslfmae_like_baseline,1273,48,4,M10R10N5,48,5.28888888888889e-05,0.036458281334489584,264.0,250.0,18.55629014968872,1.841477394104004,20.397767543792725,228.0,255.0,10,10,5
dslfmae_like_baseline,1274,48,5,M10R10N10,48,5.2851851851851854e-05,-0.009740398847498,426.0,441.0,35.857086420059204,3.5093679428100586,39.36645436286926,423.0,457.125,10,10,10
dslfmae_like_baseline,1275,48,6,M10R10N15,48,5.2814814814814815e-05,-0.014393949788063765,702.0,703.0,52.074469804763794,4.956434726715088,57.03090453147888,692.0,750.125,10,10,15
dslfmae_like_baseline,1276,48,7,M10R15N5,48,5.2777777777777784e-05,0.0028381427109707147,367.0,376.0,27.147069692611694,2.9712157249450684,30.118285417556763,354.0,383.6458333333333,10,15,5
dslfmae_like_baseline,1277,48,8,M10R15N10,48,5.274074074074073e-05,0.01900876248255372,593.0,618.0,63.06135129928589,6.690900087356567,69.75225138664246,593.0,641.0,10,15,10
dslfmae_like_baseline,1278,48,9,M10R15N15,48,5.27037037037037e-05,0.005310225036737393,1027.0,1013.0,94.20912623405457,10.431703090667725,104.64082932472229,979.0,1057.8125,10,15,15
dslfmae_like_baseline,1279,48,10,M15R5N5,48,5.266666666666666e-05,-0.009030666202306747,162.0,182.0,9.208082914352417,0.8208827972412109,10.028965711593628,148.0,169.29166666666666,15,5,5
dslfmae_like_baseline,1280,48,11,M15R5N10,48,5.262962962962963e-05,0.04156546760350466,257.0,237.0,16.279672861099243,1.38417649269104,17.663849353790283,204.0,224.8125,15,5,10
dslfmae_like_baseline,1281,48,12,M15R5N15,48,5.259259259259259e-05,-0.01923143188469112,270.0,257.0,23.931333303451538,2.051945209503174,25.983278512954712,239.0,268.8958333333333,15,5,15
dslfmae_like_baseline,1282,48,13,M15R10N5,48,5.255555555555556e-05,0.03584588970988989,161.0,156.0,17.74981188774109,1.89164400100708,19.64145588874817,136.0,154.20833333333334,15,10,5
dslfmae_like_baseline,1283,48,14,M15R10N10,48,5.251851851851852e-05,-0.036581834545359015,257.0,248.0,42.34758996963501,4.581177473068237,46.92876744270325,229.0,262.875,15,10,10
dslfmae_like_baseline,1284,48,15,M15R10N15,48,5.248148148148149e-05,-0.005695996445138007,272.0,259.0,57.62297797203064,5.803492069244385,63.426470041275024,242.0,268.7291666666667,15,10,15
dslfmae_like_baseline,1285,48,16,M15R15N5,48,5.244444444444445e-05,-0.02655143973728021,181.0,177.0,29.87307572364807,3.715841054916382,33.58891677856445,175.0,192.6875,15,15,5
dslfmae_like_baseline,1286,48,17,M15R15N10,48,5.240740740740741e-05,0.014796258322894574,383.0,379.0,58.090296030044556,6.661832094192505,64.75212812423706,370.0,399.7708333333333,15,15,10
dslfmae_like_baseline,1287,48,18,M15R15N15,48,5.237037037037038e-05,0.024233345607561723,604.0,612.0,82.54867243766785,9.568705558776855,92.1173779964447,537.0,594.1666666666666,15,15,15
dslfmae_like_baseline,1288,48,19,M20R5N5,48,5.2333333333333336e-05,-0.3075180873274803,58.0,82.0,8.541475534439087,0.7651901245117188,9.306665658950806,63.0,72.85416666666667,20,5,5
dslfmae_like_baseline,1289,48,20,M20R5N10,48,5.22962962962963e-05,-0.004476484464248642,193.0,193.0,17.434635639190674,1.5866632461547852,19.02129888534546,193.0,193.75,20,5,10
dslfmae_like_baseline,1290,48,21,M20R5N15,48,5.2259259259259266e-05,0.08005221374332905,362.0,366.0,26.227046251296997,2.572383165359497,28.799429416656494,322.0,341.0625,20,5,15
dslfmae_like_baseline,1291,48,22,M20R10N5,48,5.2222222222222214e-05,0.12463027238845825,101.0,98.0,18.168787240982056,1.87168288230896,20.040470123291016,83.0,94.375,20,10,5
dslfmae_like_baseline,1292,48,23,M20R10N10,48,5.218518518518518e-05,-0.016959258277590077,239.0,236.0,33.78578495979309,3.511406421661377,37.29719138145447,192.0,220.85416666666666,20,10,10
dslfmae_like_baseline,1293,48,24,M20R10N15,48,5.2148148148148144e-05,-0.033248752169311044,334.0,327.0,54.47393321990967,5.984789609909058,60.458722829818726,312.0,341.1041666666667,20,10,15
dslfmae_like_baseline,1294,48,25,M20R15N5,48,5.211111111111111e-05,-0.018185705179348588,140.0,147.0,28.64555597305298,3.7064552307128906,32.35201120376587,134.0,150.45833333333334,20,15,5
dslfmae_like_baseline,1295,48,26,M20R15N10,48,5.2074074074074074e-05,0.007425437937490642,255.0,256.0,63.918153285980225,8.206608533859253,72.12476181983948,228.0,258.75,20,15,10
dslfmae_like_baseline,1296,48,27,M20R15N15,48,5.203703703703704e-05,-0.011025199433788657,337.0,330.0,93.9220552444458,11.696164846420288,105.61822009086609,328.0,360.5833333333333,20,15,15
dslfmae_like_baseline,1297,49,1,M10R5N5,49,5.2000000000000004e-05,0.01082062441855669,187.0,194.0,7.055437088012695,0.5705442428588867,7.625981330871582,176.0,191.6734693877551,10,5,5
dslfmae_like_baseline,1298,49,2,M10R5N10,49,5.196296296296297e-05,0.009991239756345749,353.0,358.0,16.877589464187622,1.405839204788208,18.28342866897583,327.0,361.7959183673469,10,5,10
dslfmae_like_baseline,1299,49,3,M10R5N15,49,5.1925925925925933e-05,0.008637690324879562,489.0,488.0,24.896421432495117,2.067111015319824,26.96353244781494,464.0,482.0,10,5,15
dslfmae_like_baseline,1300,49,4,M10R10N5,49,5.1888888888888895e-05,0.07394221890717745,273.0,244.0,18.502102375030518,1.8048043251037598,20.306906700134277,228.0,254.77551020408163,10,10,5
dslfmae_like_baseline,1301,49,5,M10R10N10,49,5.185185185185186e-05,0.015174673947816094,462.0,452.0,34.53360342979431,3.252293825149536,37.78589725494385,423.0,457.0204081632653,10,10,10
dslfmae_like_baseline,1302,49,6,M10R10N15,49,5.181481481481482e-05,-0.023916156589984895,688.0,695.0,51.84783887863159,5.251563549041748,57.09940242767334,692.0,749.0,10,10,15
dslfmae_like_baseline,1303,49,7,M10R15N5,49,5.177777777777778e-05,-0.010984893927040199,361.0,370.0,27.77020573616028,3.2354750633239746,31.005680799484253,354.0,383.3673469387755,10,15,5
dslfmae_like_baseline,1304,49,8,M10R15N10,49,5.174074074074075e-05,0.02027058145031333,613.0,631.0,60.974756479263306,6.806899309158325,67.78165578842163,593.0,640.795918367347,10,15,10
dslfmae_like_baseline,1305,49,9,M10R15N15,49,5.1703703703703696e-05,0.009967769976356067,1000.0,991.0,94.93502473831177,10.559226274490356,105.49425101280212,979.0,1056.4489795918366,10,15,15
dslfmae_like_baseline,1306,49,10,M15R5N5,49,5.1666666666666664e-05,0.1108781099319458,171.0,168.0,9.235315084457397,0.8432314395904541,10.078546524047852,148.0,169.26530612244898,15,5,5
dslfmae_like_baseline,1307,49,11,M15R5N10,49,5.1629629629629626e-05,0.017739790841005743,257.0,297.0,16.6820228099823,1.507709264755249,18.18973207473755,204.0,226.28571428571428,15,5,10
dslfmae_like_baseline,1308,49,12,M15R5N15,49,5.1592592592592594e-05,-0.04933351340393225,277.0,290.0,24.556941747665405,2.0857012271881104,26.642642974853516,239.0,269.3265306122449,15,5,15
dslfmae_like_baseline,1309,49,13,M15R10N5,49,5.1555555555555556e-05,-0.02077553258277476,138.0,150.0,17.9039945602417,1.8306143283843994,19.7346088886261,136.0,154.12244897959184,15,10,5
dslfmae_like_baseline,1310,49,14,M15R10N10,49,5.1518518518518524e-05,-0.0049911420355783775,263.0,243.0,41.777262926101685,4.447497367858887,46.22476029396057,229.0,262.46938775510205,15,10,10
dslfmae_like_baseline,1311,49,15,M15R10N15,49,5.1481481481481486e-05,0.005717753595672548,260.0,269.0,59.702200412750244,6.334959268569946,66.03715968132019,242.0,268.734693877551,15,10,15
dslfmae_like_baseline,1312,49,16,M15R15N5,49,5.144444444444445e-05,0.003013965382706374,187.0,185.0,29.263200044631958,3.5938315391540527,32.85703158378601,175.0,192.53061224489795,15,15,5
dslfmae_like_baseline,1313,49,17,M15R15N10,49,5.1407407407407416e-05,0.001004397461656481,390.0,382.0,57.834243297576904,6.797569513320923,64.63181281089783,370.0,399.40816326530614,15,15,10
dslfmae_like_baseline,1314,49,18,M15R15N15,49,5.137037037037038e-05,0.010678838772167052,593.0,596.0,83.40868639945984,9.694366216659546,93.10305261611938,537.0,594.204081632653,15,15,15
dslfmae_like_baseline,1315,49,19,M20R5N5,49,5.133333333333333e-05,0.19051818922162056,75.0,82.0,8.732370138168335,0.7702398300170898,9.502609968185425,63.0,73.04081632653062,20,5,5
dslfmae_like_baseline,1316,49,20,M20R5N10,49,5.12962962962963e-05,-0.0569708994589746,193.0,193.0,18.179771184921265,1.6890935897827148,19.86886477470398,193.0,193.73469387755102,20,5,10
dslfmae_like_baseline,1317,49,21,M20R5N15,49,5.125925925925926e-05,-0.021730479318648577,353.0,353.0,25.916101455688477,2.4336090087890625,28.34971046447754,322.0,341.3061224489796,20,5,15
dslfmae_like_baseline,1318,49,22,M20R10N5,49,5.122222222222223e-05,-0.07445111777633429,92.0,96.0,17.424991846084595,1.809539556503296,19.23453140258789,83.0,94.40816326530613,20,10,5
dslfmae_like_baseline,1319,49,23,M20R10N10,49,5.118518518518518e-05,-0.038815214609106384,227.0,236.0,32.89478325843811,3.4323925971984863,36.3271758556366,192.0,221.16326530612244,20,10,10
dslfmae_like_baseline,1320,49,24,M20R10N15,49,5.1148148148148147e-05,0.06243648063391447,342.0,319.0,56.345948457717896,6.5856146812438965,62.93156313896179,312.0,340.6530612244898,20,10,15
dslfmae_like_baseline,1321,49,25,M20R15N5,49,5.111111111111111e-05,-0.016015850706025958,155.0,146.0,26.845787525177002,3.454742193222046,30.300529718399048,134.0,150.3673469387755,20,15,5
dslfmae_like_baseline,1322,49,26,M20R15N10,49,5.1074074074074076e-05,-0.01426123040728271,252.0,244.0,63.65526843070984,8.292001008987427,71.94726943969727,228.0,258.44897959183675,20,15,10
dslfmae_like_baseline,1323,49,27,M20R15N15,49,5.103703703703704e-05,-0.011535563788908933,347.0,345.0,93.99372434616089,12.086056232452393,106.07978057861328,328.0,360.265306122449,20,15,15
dslfmae_like_baseline,1324,50,1,M10R5N5,50,5.1000000000000006e-05,-0.013187197502702475,183.0,179.0,7.254647254943848,0.6003813743591309,7.8550286293029785,176.0,191.42,10,5,5
dslfmae_like_baseline,1325,50,2,M10R5N10,50,5.096296296296297e-05,0.005020728211093228,346.0,348.0,16.602070569992065,1.4019272327423096,18.003997802734375,327.0,361.52,10,5,10
dslfmae_like_baseline,1326,50,3,M10R5N15,50,5.092592592592593e-05,0.029082799951235454,494.0,485.0,24.055559635162354,1.9702811241149902,26.025840759277344,464.0,482.06,10,5,15
dslfmae_like_baseline,1327,50,4,M10R10N5,50,5.08888888888889e-05,0.04905538307502866,261.0,286.0,18.443159580230713,1.789513111114502,20.232672691345215,228.0,255.4,10,10,5
dslfmae_like_baseline,1328,50,5,M10R10N10,50,5.085185185185186e-05,0.007712794836455335,458.0,460.0,34.91771173477173,3.5391898155212402,38.45690155029297,423.0,457.08,10,10,10
dslfmae_like_baseline,1329,50,6,M10R10N15,50,5.0814814814814814e-05,-0.023722180258482696,716.0,715.0,54.089107275009155,5.0643556118011475,59.1534628868103,692.0,748.32,10,10,15
dslfmae_like_baseline,1330,50,7,M10R15N5,50,5.077777777777778e-05,-0.006327647968040158,368.0,373.0,28.12980031967163,3.108161687850952,31.237962007522583,354.0,383.16,10,15,5
dslfmae_like_baseline,1331,50,8,M10R15N10,50,5.0740740740740744e-05,0.01746602584607899,599.0,599.0,63.21546149253845,6.972388982772827,70.18785047531128,593.0,639.96,10,15,10
dslfmae_like_baseline,1332,50,9,M10R15N15,50,5.0703703703703706e-05,0.012768465443514287,1068.0,975.0,97.33738732337952,10.704015016555786,108.0414023399353,975.0,1054.82,10,15,15
dslfmae_like_baseline,1333,50,10,M15R5N5,50,5.066666666666666e-05,0.0005093102809041739,159.0,167.0,9.2816641330719,0.8072102069854736,10.088874340057373,148.0,169.22,15,5,5
dslfmae_like_baseline,1334,50,11,M15R5N10,50,5.062962962962963e-05,0.0056631434999872,237.0,277.0,16.226081609725952,1.3814563751220703,17.607537984848022,204.0,227.3,15,5,10
dslfmae_like_baseline,1335,50,12,M15R5N15,50,5.059259259259259e-05,0.005520324193639681,292.0,285.0,23.59865140914917,2.1039817333221436,25.702633142471313,239.0,269.64,15,5,15
dslfmae_like_baseline,1336,50,13,M15R10N5,50,5.055555555555556e-05,-0.012899395893327892,142.0,142.0,17.751344919204712,1.808178424835205,19.559523344039917,136.0,153.88,15,10,5
dslfmae_like_baseline,1337,50,14,M15R10N10,50,5.051851851851852e-05,-0.03276801703032106,251.0,249.0,44.147401332855225,4.884408473968506,49.03180980682373,229.0,262.2,15,10,10
dslfmae_like_baseline,1338,50,15,M15R10N15,50,5.048148148148148e-05,-0.003467429376905784,267.0,262.0,59.30350875854492,5.953848838806152,65.25735759735107,242.0,268.6,15,10,15
dslfmae_like_baseline,1339,50,16,M15R15N5,50,5.044444444444445e-05,0.018891791192193825,201.0,183.0,29.122681617736816,3.498692750930786,32.6213743686676,175.0,192.34,15,15,5
dslfmae_like_baseline,1340,50,17,M15R15N10,50,5.040740740740741e-05,-0.004084269434679299,386.0,375.0,57.88731813430786,6.710373163223267,64.59769129753113,370.0,398.92,15,15,10
dslfmae_like_baseline,1341,50,18,M15R15N15,50,5.037037037037038e-05,0.010050248703919351,569.0,581.0,84.51802039146423,9.505852460861206,94.02387285232544,537.0,593.94,15,15,15
dslfmae_like_baseline,1342,50,19,M20R5N5,50,5.033333333333334e-05,0.2008776217699051,79.0,71.0,8.410378694534302,0.7543082237243652,9.164686918258667,63.0,73.0,20,5,5
dslfmae_like_baseline,1343,50,20,M20R5N10,50,5.0296296296296296e-05,-0.04497556295245886,193.0,193.0,16.95046353340149,1.5487496852874756,18.499213218688965,193.0,193.72,20,5,10
dslfmae_like_baseline,1344,50,21,M20R5N15,50,5.0259259259259265e-05,-0.012689876835793257,352.0,365.0,25.587074518203735,2.443063259124756,28.03013777732849,322.0,341.78,20,5,15
dslfmae_like_baseline,1345,50,22,M20R10N5,50,5.0222222222222226e-05,-0.07182126212865114,95.0,90.0,18.01253914833069,2.0337719917297363,20.046311140060425,83.0,94.32,20,10,5
dslfmae_like_baseline,1346,50,23,M20R10N10,50,5.018518518518518e-05,-0.07175140144924323,196.0,233.0,34.67444968223572,3.8348183631896973,38.509268045425415,192.0,221.4,20,10,10
dslfmae_like_baseline,1347,50,24,M20R10N15,50,5.014814814814814e-05,0.0656299440190196,331.0,333.0,55.83089017868042,6.162120580673218,61.99301075935364,312.0,340.5,20,10,15
dslfmae_like_baseline,1348,50,25,M20R15N5,50,5.011111111111111e-05,-0.015539868967607617,150.0,136.0,27.1808123588562,3.379650831222534,30.560463190078735,134.0,150.08,20,15,5
dslfmae_like_baseline,1349,50,26,M20R15N10,50,5.007407407407407e-05,-0.011970974272117019,244.0,235.0,64.9977355003357,8.165329694747925,73.16306519508362,228.0,257.98,20,15,10
dslfmae_like_baseline,1350,50,27,M20R15N15,50,5.003703703703704e-05,-0.006794297003320285,340.0,344.0,93.02932024002075,11.508356809616089,104.53767704963684,328.0,359.94,20,15,15
dslfmae_like_baseline,1351,51,1,M10R5N5,51,5e-05,-0.04714896809309721,175.0,179.0,6.82696533203125,0.5543019771575928,7.381267309188843,176.0,191.1764705882353,10,5,5
dslfmae_like_baseline,1352,51,2,M10R5N10,51,4.9962962962962964e-05,0.038610751274973154,363.0,349.0,16.23910355567932,1.3456358909606934,17.584739446640015,327.0,361.27450980392155,10,5,10
dslfmae_like_baseline,1353,51,3,M10R5N15,51,4.992592592592593e-05,0.0275987161633869,489.0,478.0,24.36914300918579,2.089826822280884,26.458969831466675,464.0,481.98039215686276,10,5,15
dslfmae_like_baseline,1354,51,4,M10R10N5,51,4.9888888888888894e-05,0.021716614020988345,247.0,243.0,18.773364305496216,2.0101606845855713,20.783524990081787,228.0,255.15686274509804,10,10,5
dslfmae_like_baseline,1355,51,5,M10R10N10,51,4.985185185185185e-05,0.004766867932630703,445.0,450.0,35.3108446598053,3.311016321182251,38.62186098098755,423.0,456.94117647058823,10,10,10
dslfmae_like_baseline,1356,51,6,M10R10N15,51,4.981481481481482e-05,-0.011620953865349292,694.0,707.0,52.03595161437988,4.8817479610443115,56.917699575424194,692.0,747.5098039215686,10,10,15
dslfmae_like_baseline,1357,51,7,M10R15N5,51,4.977777777777778e-05,-0.004309965869955097,366.0,369.0,27.56954526901245,3.0061967372894287,30.57574200630188,354.0,382.88235294117646,10,15,5
dslfmae_like_baseline,1358,51,8,M10R15N10,51,4.974074074074074e-05,0.01794176148250699,602.0,623.0,61.97624683380127,6.879520416259766,68.85576725006104,593.0,639.6274509803922,10,15,10
dslfmae_like_baseline,1359,51,9,M10R15N15,51,4.970370370370371e-05,0.0066220034277648665,992.0,995.0,94.89682936668396,10.406932353973389,105.30376172065735,975.0,1053.6470588235295,10,15,15
dslfmae_like_baseline,1360,51,10,M15R5N5,51,4.966666666666667e-05,-0.02363306237384677,150.0,167.0,8.936946868896484,0.7769429683685303,9.713889837265015,148.0,169.1764705882353,15,5,5
dslfmae_like_baseline,1361,51,11,M15R5N10,51,4.962962962962964e-05,0.05422481056302786,257.0,237.0,16.53029179573059,1.47806978225708,18.00836157798767,204.0,227.49019607843138,15,5,10
dslfmae_like_baseline,1362,51,12,M15R5N15,51,4.959259259259259e-05,-0.011712530278600752,272.0,274.0,24.404797792434692,2.2745864391326904,26.679384231567383,239.0,269.72549019607845,15,5,15
dslfmae_like_baseline,1363,51,13,M15R10N5,51,4.9555555555555555e-05,0.034483826253563166,151.0,146.0,18.597705841064453,1.9735486507415771,20.57125449180603,136.0,153.72549019607843,15,10,5
dslfmae_like_baseline,1364,51,14,M15R10N10,51,4.951851851851852e-05,-0.03246489446610212,256.0,250.0,42.65790557861328,4.751880884170532,47.40978646278381,229.0,261.96078431372547,15,10,10
dslfmae_like_baseline,1365,51,15,M15R10N15,51,4.9481481481481485e-05,-0.0026820798026164993,270.0,261.0,59.03642177581787,5.935168027877808,64.97158980369568,242.0,268.45098039215685,15,10,15
dslfmae_like_baseline,1366,51,16,M15R15N5,51,4.9444444444444446e-05,0.0029546521642866233,189.0,183.0,29.935282468795776,3.6433115005493164,33.57859396934509,175.0,192.15686274509804,15,15,5
dslfmae_like_baseline,1367,51,17,M15R15N10,51,4.9407407407407414e-05,0.0022104734904132783,409.0,387.0,58.07460927963257,6.968128681182861,65.04273796081543,370.0,398.6862745098039,15,15,10
dslfmae_like_baseline,1368,51,18,M15R15N15,51,4.9370370370370376e-05,0.007909756802421595,586.0,559.0,82.47139048576355,9.539711713790894,92.01110219955444,537.0,593.2549019607843,15,15,15
dslfmae_like_baseline,1369,51,19,M20R5N5,51,4.933333333333333e-05,-0.04216103069484234,70.0,71.0,8.80532169342041,0.8252377510070801,9.63055944442749,63.0,72.96078431372548,20,5,5
dslfmae_like_baseline,1370,51,20,M20R5N10,51,4.92962962962963e-05,-0.0390384616330266,193.0,193.0,17.341622352600098,1.6748292446136475,19.016451597213745,193.0,193.7058823529412,20,5,10
dslfmae_like_baseline,1371,51,21,M20R5N15,51,4.925925925925926e-05,0.016232615724826854,330.0,361.0,27.119040489196777,2.604637861251831,29.72367835044861,322.0,342.15686274509807,20,5,15
dslfmae_like_baseline,1372,51,22,M20R10N5,51,4.922222222222222e-05,0.035911441780626774,93.0,87.0,17.613399505615234,1.9467017650604248,19.56010127067566,83.0,94.17647058823529,20,10,5
dslfmae_like_baseline,1373,51,23,M20R10N10,51,4.918518518518519e-05,-0.00461832891839246,229.0,201.0,33.54020047187805,3.587843179702759,37.12804365158081,192.0,221.0,20,10,10
dslfmae_like_baseline,1374,51,24,M20R10N15,51,4.914814814814815e-05,0.008106444077566267,336.0,314.0,55.795345067977905,6.134458065032959,61.929803133010864,312.0,339.98039215686276,20,10,15
dslfmae_like_baseline,1375,51,25,M20R15N5,51,4.911111111111112e-05,-0.011246133712120354,143.0,166.0,27.705931425094604,3.4558658599853516,31.161797285079956,134.0,150.3921568627451,20,15,5
dslfmae_like_baseline,1376,51,26,M20R15N10,51,4.9074074074074075e-05,-0.011645932495594025,243.0,231.0,64.89737033843994,8.172678470611572,73.07004880905151,228.0,257.45098039215685,20,15,10
dslfmae_like_baseline,1377,51,27,M20R15N15,51,4.903703703703704e-05,-0.014963809101443206,334.0,337.0,93.51778531074524,12.087960243225098,105.60574555397034,328.0,359.4901960784314,20,15,15
dslfmae_like_baseline,1378,52,1,M10R5N5,52,4.9e-05,0.016853689216077328,189.0,194.0,7.104654788970947,0.6346747875213623,7.73932957649231,176.0,191.23076923076923,10,5,5
dslfmae_like_baseline,1379,52,2,M10R5N10,52,4.896296296296297e-05,0.02844622591510415,369.0,334.0,17.489694356918335,1.4958946704864502,18.985589027404785,327.0,360.75,10,5,10
dslfmae_like_baseline,1380,52,3,M10R5N15,52,4.892592592592593e-05,0.007551755804646139,488.0,485.0,24.661885976791382,2.040093421936035,26.701979398727417,464.0,482.03846153846155,10,5,15
dslfmae_like_baseline,1381,52,4,M10R10N5,52,4.88888888888889e-05,0.02272020885720849,246.0,235.0,18.58280849456787,1.8759992122650146,20.458807706832886,228.0,254.76923076923077,10,10,5
dslfmae_like_baseline,1382,52,5,M10R10N10,52,4.885185185185185e-05,0.0022202408969557532,443.0,453.0,34.65105414390564,3.244724988937378,37.89577913284302,423.0,456.86538461538464,10,10,10
dslfmae_like_baseline,1383,52,6,M10R10N15,52,4.881481481481481e-05,-0.011341591784730553,690.0,690.0,52.02754592895508,4.966675281524658,56.994221210479736,690.0,746.4038461538462,10,10,15
dslfmae_like_baseline,1384,52,7,M10R15N5,52,4.8777777777777775e-05,0.0015982808642244588,365.0,359.0,27.693474292755127,3.040217399597168,30.733691692352295,354.0,382.4230769230769,10,15,5
dslfmae_like_baseline,1385,52,8,M10R15N10,52,4.874074074074074e-05,0.02662405902519822,632.0,608.0,62.73619842529297,6.8030266761779785,69.53922510147095,593.0,639.0192307692307,10,15,10
dslfmae_like_baseline,1386,52,9,M10R15N15,52,4.8703703703703704e-05,-0.0025775611102289986,1005.0,967.0,93.91220259666443,11.538888454437256,105.45109105110168,967.0,1051.9807692307693,10,15,15
dslfmae_like_baseline,1387,52,10,M15R5N5,52,4.866666666666667e-05,0.06900247931480408,169.0,167.0,9.304956197738647,0.9042236804962158,10.209179878234863,148.0,169.1346153846154,15,5,5
dslfmae_like_baseline,1388,52,11,M15R5N10,52,4.8629629629629634e-05,-0.03345813206396997,217.0,257.0,16.573205709457397,1.472975492477417,18.046181201934814,204.0,228.05769230769232,15,5,10
dslfmae_like_baseline,1389,52,12,M15R5N15,52,4.859259259259259e-05,-0.0456667977074782,252.0,257.0,24.232593774795532,2.068725347518921,26.301319122314453,239.0,269.4807692307692,15,5,15
dslfmae_like_baseline,1390,52,13,M15R10N5,52,4.855555555555556e-05,0.06963177118450403,149.0,145.0,17.826517343521118,1.8468449115753174,19.673362255096436,136.0,153.55769230769232,15,10,5
dslfmae_like_baseline,1391,52,14,M15R10N10,52,4.851851851851852e-05,-0.008014541410375386,241.0,239.0,42.50208783149719,4.64016318321228,47.14225101470947,229.0,261.5192307692308,15,10,10
dslfmae_like_baseline,1392,52,15,M15R10N15,52,4.848148148148148e-05,0.0019804692376055753,274.0,248.0,60.12649846076965,5.9545300006866455,66.0810284614563,242.0,268.0576923076923,15,10,15
dslfmae_like_baseline,1393,52,16,M15R15N5,52,4.844444444444445e-05,-0.026714085911711056,172.0,180.0,30.19190764427185,3.723817825317383,33.91572546958923,175.0,191.92307692307693,15,15,5
dslfmae_like_baseline,1394,52,17,M15R15N10,52,4.840740740740741e-05,0.0005462593049742282,383.0,377.0,56.842045307159424,6.505038738250732,63.347084045410156,370.0,398.2692307692308,15,15,10
dslfmae_like_baseline,1395,52,18,M15R15N15,52,4.837037037037038e-05,0.0206438619976065,578.0,567.0,82.82596707344055,10.109627723693848,92.9355947971344,537.0,592.75,15,15,15
dslfmae_like_baseline,1396,52,19,M20R5N5,52,4.8333333333333334e-05,0.04595362953841686,75.0,77.0,8.377817153930664,0.7374584674835205,9.115275621414185,63.0,73.03846153846153,20,5,5
dslfmae_like_baseline,1397,52,20,M20R5N10,52,4.8296296296296295e-05,-0.009662238939199597,193.0,193.0,17.156275510787964,1.569960594177246,18.72623610496521,193.0,193.69230769230768,20,5,10
dslfmae_like_baseline,1398,52,21,M20R5N15,52,4.825925925925926e-05,0.028351917086790007,379.0,353.0,26.260031700134277,2.4464409351348877,28.706472635269165,322.0,342.36538461538464,20,5,15
dslfmae_like_baseline,1399,52,22,M20R10N5,52,4.8222222222222225e-05,-0.08369770552963018,91.0,100.0,17.924206018447876,1.8359711170196533,19.76017713546753,83.0,94.28846153846153,20,10,5
dslfmae_like_baseline,1400,52,23,M20R10N10,52,4.818518518518519e-05,-0.08137286516527335,200.0,210.0,34.03496265411377,3.5083231925964355,37.543285846710205,192.0,220.78846153846155,20,10,10
dslfmae_like_baseline,1401,52,24,M20R10N15,52,4.8148148148148155e-05,0.07822855710983276,366.0,326.0,57.0538387298584,6.271564960479736,63.325403690338135,312.0,339.71153846153845,20,10,15
dslfmae_like_baseline,1402,52,25,M20R15N5,52,4.8111111111111117e-05,-0.02947975414766309,138.0,153.0,28.8927640914917,3.4599409103393555,32.352705001831055,134.0,150.44230769230768,20,15,5
dslfmae_like_baseline,1403,52,26,M20R15N10,52,4.807407407407407e-05,-0.020068029686808587,234.0,247.0,62.94366121292114,7.994217872619629,70.93787908554077,228.0,257.25,20,15,10
dslfmae_like_baseline,1404,52,27,M20R15N15,52,4.803703703703703e-05,-0.005411807372833469,344.0,344.0,94.42497253417969,11.647926568984985,106.07289910316467,328.0,359.1923076923077,20,15,15
dslfmae_like_baseline,1405,53,1,M10R5N5,53,4.8e-05,0.052904014475643635,192.0,196.0,7.03451681137085,0.5632164478302002,7.59773325920105,176.0,191.32075471698113,10,5,5
dslfmae_like_baseline,1406,53,2,M10R5N10,53,4.796296296296296e-05,0.03973783319815993,380.0,334.0,16.741255521774292,1.368708848953247,18.10996437072754,327.0,360.24528301886795,10,5,10
dslfmae_like_baseline,1407,53,3,M10R5N15,53,4.792592592592593e-05,-0.01846075135593613,477.0,481.0,23.91258692741394,1.9743540287017822,25.886940956115723,464.0,482.0188679245283,10,5,15
dslfmae_like_baseline,1408,53,4,M10R10N5,53,4.788888888888889e-05,0.017478382564149797,249.0,241.0,18.598777532577515,1.7911524772644043,20.38993000984192,228.0,254.50943396226415,10,10,5
dslfmae_like_baseline,1409,53,5,M10R10N10,53,4.785185185185186e-05,-0.00913740845862776,422.0,458.0,35.57431387901306,3.3881642818450928,38.962478160858154,423.0,456.8867924528302,10,10,10
dslfmae_like_baseline,1410,53,6,M10R10N15,53,4.781481481481481e-05,-0.007644424587488175,691.0,719.0,53.9996976852417,5.327354907989502,59.3270525932312,690.0,745.8867924528302,10,10,15
dslfmae_like_baseline,1411,53,7,M10R15N5,53,4.777777777777778e-05,-0.005159551384470736,362.0,363.0,28.19147777557373,3.003899335861206,31.195377111434937,354.0,382.0566037735849,10,15,5
dslfmae_like_baseline,1412,53,8,M10R15N10,53,4.774074074074074e-05,0.02880662912502885,639.0,620.0,60.092440366744995,6.584304094314575,66.67674446105957,593.0,638.6603773584906,10,15,10
dslfmae_like_baseline,1413,53,9,M10R15N15,53,4.770370370370371e-05,0.0025674420558061684,1039.0,1016.0,95.72713279724121,10.606975793838501,106.33410859107971,967.0,1051.301886792453,10,15,15
dslfmae_like_baseline,1414,53,10,M15R5N5,53,4.766666666666667e-05,0.021071346942335367,162.0,176.0,9.504335403442383,0.8265273571014404,10.330862760543823,148.0,169.26415094339623,15,5,5
dslfmae_like_baseline,1415,53,11,M15R5N10,53,4.762962962962964e-05,-0.0027726492844522,237.0,206.0,16.5325665473938,1.4145362377166748,17.947102785110474,204.0,227.64150943396226,15,5,10
dslfmae_like_baseline,1416,53,12,M15R5N15,53,4.75925925925926e-05,-0.041310638499756656,246.0,262.0,24.136250257492065,2.060126781463623,26.19637703895569,239.0,269.33962264150944,15,5,15
dslfmae_like_baseline,1417,53,13,M15R10N5,53,4.7555555555555553e-05,0.05856895446777344,158.0,151.0,18.18852710723877,1.8531360626220703,20.04166316986084,136.0,153.50943396226415,15,10,5
dslfmae_like_baseline,1418,53,14,M15R10N10,53,4.7518518518518515e-05,-0.014333029394038022,247.0,256.0,42.45498871803284,4.585421800613403,47.04041051864624,229.0,261.41509433962267,15,10,10
dslfmae_like_baseline,1419,53,15,M15R10N15,53,4.7481481481481483e-05,-0.009915449866093695,259.0,261.0,60.15425729751587,5.907934665679932,66.0621919631958,242.0,267.92452830188677,15,10,15
dslfmae_like_baseline,1420,53,16,M15R15N5,53,4.7444444444444445e-05,-0.003319708484923467,187.0,184.0,28.73603343963623,3.446038007736206,32.18207144737244,175.0,191.77358490566039,15,15,5
dslfmae_like_baseline,1421,53,17,M15R15N10,53,4.740740740740741e-05,0.0022885889309691267,396.0,385.0,56.20710515975952,7.09821891784668,63.3053240776062,370.0,398.0188679245283,15,15,10
dslfmae_like_baseline,1422,53,18,M15R15N15,53,4.7370370370370375e-05,0.015939901150496944,603.0,582.0,83.23371481895447,9.51564884185791,92.74936366081238,537.0,592.5471698113207,15,15,15
dslfmae_like_baseline,1423,53,19,M20R5N5,53,4.733333333333334e-05,-0.05566524900496006,66.0,70.0,8.542709112167358,0.7750282287597656,9.317737340927124,63.0,72.98113207547169,20,5,5
dslfmae_like_baseline,1424,53,20,M20R5N10,53,4.729629629629629e-05,0.005635811656247824,193.0,193.0,17.59633493423462,1.5927543640136719,19.18908929824829,193.0,193.67924528301887,20,5,10
dslfmae_like_baseline,1425,53,21,M20R5N15,53,4.725925925925926e-05,0.03728266557057699,364.0,336.0,26.353565454483032,2.3894970417022705,28.743062496185303,322.0,342.24528301886795,20,5,15
dslfmae_like_baseline,1426,53,22,M20R10N5,53,4.722222222222222e-05,0.009990897320676595,95.0,91.0,18.08696484565735,1.8425607681274414,19.92952561378479,83.0,94.22641509433963,20,10,5
dslfmae_like_baseline,1427,53,23,M20R10N10,53,4.718518518518519e-05,-0.065721797135969,211.0,206.0,33.82347011566162,3.536341905593872,37.35981202125549,192.0,220.50943396226415,20,10,10
dslfmae_like_baseline,1428,53,24,M20R10N15,53,4.714814814814815e-05,0.04267490915954113,381.0,370.0,57.66190958023071,6.166163682937622,63.828073263168335,312.0,340.2830188679245,20,10,15
dslfmae_like_baseline,1429,53,25,M20R15N5,53,4.711111111111112e-05,-0.037912726402282715,131.0,147.0,27.46660614013672,3.359116315841675,30.825722455978394,134.0,150.37735849056602,20,15,5
dslfmae_like_baseline,1430,53,26,M20R15N10,53,4.707407407407408e-05,0.0024329336927621627,248.0,237.0,62.88116645812988,8.84227967262268,71.72344613075256,228.0,256.8679245283019,20,15,10
dslfmae_like_baseline,1431,53,27,M20R15N15,53,4.7037037037037036e-05,-0.013475927224914943,346.0,357.0,94.94105792045593,11.535528421401978,106.47658634185791,328.0,359.1509433962264,20,15,15
dslfmae_like_baseline,1432,54,1,M10R5N5,54,4.7e-05,0.043768574483692646,187.0,196.0,7.079741477966309,0.5494091510772705,7.629150629043579,176.0,191.40740740740742,10,5,5
dslfmae_like_baseline,1433,54,2,M10R5N10,54,4.6962962962962966e-05,0.05378881236538291,378.0,364.0,16.694636821746826,1.3722491264343262,18.066885948181152,327.0,360.31481481481484,10,5,10
dslfmae_like_baseline,1434,54,3,M10R5N15,54,4.692592592592593e-05,-0.009755277113678554,496.0,476.0,24.718759298324585,1.9992384910583496,26.717997789382935,464.0,481.9074074074074,10,5,15
dslfmae_like_baseline,1435,54,4,M10R10N5,54,4.6888888888888895e-05,-0.0013749945792369545,245.0,259.0,18.76774501800537,1.8117752075195312,20.579520225524902,228.0,254.59259259259258,10,10,5
dslfmae_like_baseline,1436,54,5,M10R10N10,54,4.685185185185186e-05,-0.008998349425382912,456.0,463.0,35.70382022857666,3.47788667678833,39.18170690536499,423.0,457.0,10,10,10
dslfmae_like_baseline,1437,54,6,M10R10N15,54,4.6814814814814825e-05,-0.005250962649006397,712.0,699.0,52.93946981430054,4.957060098648071,57.89652991294861,690.0,745.0185185185185,10,10,15
dslfmae_like_baseline,1438,54,7,M10R15N5,54,4.677777777777777e-05,0.008920990852251029,398.0,366.0,27.456920385360718,2.982947587966919,30.439867973327637,354.0,381.75925925925924,10,15,5
dslfmae_like_baseline,1439,54,8,M10R15N10,54,4.674074074074074e-05,0.014206931786611676,647.0,619.0,61.66256141662598,7.296464443206787,68.95902585983276,593.0,638.2962962962963,10,15,10
dslfmae_like_baseline,1440,54,9,M10R15N15,54,4.67037037037037e-05,0.003646142346042325,1052.0,988.0,92.96416425704956,10.601914405822754,103.56607866287231,967.0,1050.1296296296296,10,15,15
dslfmae_like_baseline,1441,54,10,M15R5N5,54,4.666666666666667e-05,0.05217000376433134,162.0,179.0,9.202308177947998,0.825045108795166,10.027353286743164,148.0,169.44444444444446,15,5,5
dslfmae_like_baseline,1442,54,11,M15R5N10,54,4.662962962962963e-05,0.055980011355131865,283.0,277.0,16.362457036972046,1.4121692180633545,17.7746262550354,204.0,228.55555555555554,15,5,10
dslfmae_like_baseline,1443,54,12,M15R5N15,54,4.65925925925926e-05,-0.04671736775587002,275.0,269.0,24.15892505645752,2.0233099460601807,26.1822350025177,239.0,269.3333333333333,15,5,15
dslfmae_like_baseline,1444,54,13,M15R10N5,54,4.655555555555555e-05,0.017602085368707776,155.0,139.0,18.285333156585693,1.8680944442749023,20.153427600860596,136.0,153.24074074074073,15,10,5
dslfmae_like_baseline,1445,54,14,M15R10N10,54,4.651851851851852e-05,-0.038373634684830904,247.0,250.0,44.80155611038208,4.616089105606079,49.41764521598816,229.0,261.2037037037037,15,10,10
dslfmae_like_baseline,1446,54,15,M15R10N15,54,4.648148148148148e-05,0.009307553386315703,262.0,247.0,57.988893032073975,5.882925271987915,63.87181830406189,242.0,267.537037037037,15,10,15
dslfmae_like_baseline,1447,54,16,M15R15N5,54,4.644444444444445e-05,-0.022089412979160745,184.0,182.0,29.231424570083618,3.6946067810058594,32.92603135108948,175.0,191.59259259259258,15,15,5
dslfmae_like_baseline,1448,54,17,M15R15N10,54,4.640740740740741e-05,-0.010024673584848643,379.0,379.0,56.98458480834961,6.623385429382324,63.607970237731934,370.0,397.6666666666667,15,15,10
dslfmae_like_baseline,1449,54,18,M15R15N15,54,4.637037037037038e-05,0.03531956532970071,614.0,563.0,82.14100122451782,9.588218212127686,91.72921943664551,537.0,592.0,15,15,15
dslfmae_like_baseline,1450,54,19,M20R5N5,54,4.633333333333334e-05,-0.08360522426664829,65.0,70.0,8.634891271591187,0.7611849308013916,9.396076202392578,63.0,72.92592592592592,20,5,5
dslfmae_like_baseline,1451,54,20,M20R5N10,54,4.6296296296296294e-05,-0.03886468103155494,193.0,193.0,17.554129362106323,1.6203882694244385,19.17451763153076,193.0,193.66666666666666,20,5,10
dslfmae_like_baseline,1452,54,21,M20R5N15,54,4.6259259259259256e-05,0.023420493584126234,365.0,335.0,26.354028940200806,2.3744468688964844,28.72847580909729,322.0,342.1111111111111,20,5,15
dslfmae_like_baseline,1453,54,22,M20R10N5,54,4.6222222222222224e-05,0.05519557697698474,95.0,93.0,18.127997398376465,1.8984272480010986,20.026424646377563,83.0,94.20370370370371,20,10,5
dslfmae_like_baseline,1454,54,23,M20R10N10,54,4.6185185185185185e-05,-0.029170375782996416,226.0,244.0,33.64619278907776,3.4348413944244385,37.0810341835022,192.0,220.94444444444446,20,10,10
dslfmae_like_baseline,1455,54,24,M20R10N15,54,4.6148148148148154e-05,0.022362273838371038,382.0,358.0,54.74374580383301,6.066296815872192,60.8100426197052,312.0,340.6111111111111,20,10,15
dslfmae_like_baseline,1456,54,25,M20R15N5,54,4.6111111111111115e-05,-0.03084611737479766,140.0,135.0,27.160166025161743,3.6064021587371826,30.766568183898926,134.0,150.09259259259258,20,15,5
dslfmae_like_baseline,1457,54,26,M20R15N10,54,4.6074074074074084e-05,-0.004843825055286288,246.0,253.0,64.04473400115967,8.142135858535767,72.18686985969543,228.0,256.7962962962963,20,15,10
dslfmae_like_baseline,1458,54,27,M20R15N15,54,4.603703703703703e-05,-0.018734068011066744,346.0,350.0,94.10447096824646,11.710630893707275,105.81510186195374,328.0,358.98148148148147,20,15,15
dslfmae_like_baseline,1459,55,1,M10R5N5,55,4.6e-05,0.019906279165297747,183.0,176.0,7.123910188674927,0.6157176494598389,7.739627838134766,176.0,191.12727272727273,10,5,5
dslfmae_like_baseline,1460,55,2,M10R5N10,55,4.596296296296296e-05,0.04679905157536268,384.0,386.0,16.84926128387451,1.3831515312194824,18.232412815093994,327.0,360.7818181818182,10,5,10
dslfmae_like_baseline,1461,55,3,M10R5N15,55,4.592592592592593e-05,-0.014150502315411964,477.0,472.0,25.004956245422363,2.0581750869750977,27.06313133239746,464.0,481.72727272727275,10,5,15
dslfmae_like_baseline,1462,55,4,M10R10N5,55,4.588888888888889e-05,0.016482673934660852,252.0,250.0,19.287686824798584,1.7798030376434326,21.067489862442017,228.0,254.5090909090909,10,10,5
dslfmae_like_baseline,1463,55,5,M10R10N10,55,4.585185185185186e-05,0.008044388378039002,454.0,448.0,34.50406098365784,3.2489664554595947,37.75302743911743,423.0,456.8363636363636,10,10,10
dslfmae_like_baseline,1464,55,6,M10R10N15,55,4.581481481481482e-05,-0.015450101485475898,700.0,703.0,52.11437797546387,5.276285886764526,57.390663862228394,690.0,744.2545454545455,10,10,15
dslfmae_like_baseline,1465,55,7,M10R15N5,55,4.5777777777777776e-05,-0.00966127779490004,364.0,369.0,28.340287923812866,3.2614150047302246,31.60170292854309,354.0,381.5272727272727,10,15,5
dslfmae_like_baseline,1466,55,8,M10R15N10,55,4.574074074074074e-05,0.030562114808708428,603.0,606.0,62.25735521316528,6.944777965545654,69.20213317871094,593.0,637.709090909091,10,15,10
dslfmae_like_baseline,1467,55,9,M10R15N15,55,4.5703703703703706e-05,0.0045908832726127,972.0,1031.0,94.16141128540039,10.575634956359863,104.73704624176025,967.0,1049.7818181818182,10,15,15
dslfmae_like_baseline,1468,55,10,M15R5N5,55,4.566666666666667e-05,0.1326965056359768,178.0,188.0,9.369093894958496,0.8084712028503418,10.177565097808838,148.0,169.78181818181818,15,5,5
dslfmae_like_baseline,1469,55,11,M15R5N10,55,4.5629629629629636e-05,-0.025452693924307823,237.0,297.0,16.674177885055542,1.5495057106018066,18.22368359565735,204.0,229.8,15,5,10
dslfmae_like_baseline,1470,55,12,M15R5N15,55,4.55925925925926e-05,-0.0711611161629359,249.0,270.0,24.598456144332886,2.1053249835968018,26.703781127929688,239.0,269.3454545454546,15,5,15
dslfmae_like_baseline,1471,55,13,M15R10N5,55,4.555555555555556e-05,0.04763086885213852,150.0,149.0,18.199069499969482,1.8808043003082275,20.07987380027771,136.0,153.16363636363636,15,10,5
dslfmae_like_baseline,1472,55,14,M15R10N10,55,4.5518518518518514e-05,-0.0049950176471611485,242.0,255.0,41.818013429641724,4.497800827026367,46.31581425666809,229.0,261.09090909090907,15,10,10
dslfmae_like_baseline,1473,55,15,M15R10N15,55,4.548148148148148e-05,-0.004407999178511091,260.0,260.0,59.802085638046265,6.2999444007873535,66.10203003883362,242.0,267.4,15,10,15
dslfmae_like_baseline,1474,55,16,M15R15N5,55,4.5444444444444444e-05,0.020284513865287106,194.0,185.0,29.800230503082275,3.535885810852051,33.336116313934326,175.0,191.47272727272727,15,15,5
dslfmae_like_baseline,1475,55,17,M15R15N10,55,4.540740740740741e-05,-0.010980282444506884,386.0,383.0,56.369956970214844,6.631296157836914,63.00125312805176,370.0,397.4,15,15,10
dslfmae_like_baseline,1476,55,18,M15R15N15,55,4.5370370370370374e-05,0.018893375360806073,583.0,563.0,83.40691351890564,9.684128761291504,93.09104228019714,537.0,591.4727272727273,15,15,15
dslfmae_like_baseline,1477,55,19,M20R5N5,55,4.533333333333334e-05,0.02000160561874509,70.0,70.0,8.578832149505615,0.763840913772583,9.342673063278198,63.0,72.87272727272727,20,5,5
dslfmae_like_baseline,1478,55,20,M20R5N10,55,4.5296296296296304e-05,-0.017737858812324703,193.0,193.0,17.930946826934814,1.6829802989959717,19.613927125930786,193.0,193.65454545454546,20,5,10
dslfmae_like_baseline,1479,55,21,M20R5N15,55,4.525925925925926e-05,0.01984278974123299,367.0,368.0,26.38461947441101,2.400606155395508,28.78522562980652,322.0,342.58181818181816,20,5,15
dslfmae_like_baseline,1480,55,22,M20R10N5,55,4.522222222222222e-05,-0.022162664914503694,94.0,86.0,17.42339062690735,1.830714464187622,19.25410509109497,83.0,94.05454545454545,20,10,5
dslfmae_like_baseline,1481,55,23,M20R10N10,55,4.518518518518519e-05,-0.04573978732029597,219.0,200.0,33.00708484649658,3.455397129058838,36.46248197555542,192.0,220.56363636363636,20,10,10
dslfmae_like_baseline,1482,55,24,M20R10N15,55,4.514814814814815e-05,0.04265568573027849,354.0,342.0,55.26394200325012,6.507063388824463,61.771005392074585,312.0,340.6363636363636,20,10,15
dslfmae_like_baseline,1483,55,25,M20R15N5,55,4.511111111111112e-05,0.0010820296107946585,155.0,138.0,27.61871910095215,3.4354519844055176,31.054171085357666,134.0,149.87272727272727,20,15,5
dslfmae_like_baseline,1484,55,26,M20R15N10,55,4.507407407407408e-05,-0.018062292924150826,262.0,237.0,63.38194990158081,8.140444278717041,71.52239418029785,228.0,256.43636363636364,20,15,10
dslfmae_like_baseline,1485,55,27,M20R15N15,55,4.503703703703704e-05,-0.01813851177160229,343.0,348.0,93.41475248336792,12.117112159729004,105.53186464309692,328.0,358.7818181818182,20,15,15
dslfmae_like_baseline,1486,56,1,M10R5N5,56,4.4999999999999996e-05,0.0035203794832341373,175.0,191.0,7.241334676742554,0.594512939453125,7.835847616195679,176.0,191.125,10,5,5
dslfmae_like_baseline,1487,56,2,M10R5N10,56,4.4962962962962964e-05,0.01244507753290236,352.0,363.0,16.730786323547363,1.4123616218566895,18.143147945404053,327.0,360.82142857142856,10,5,10
dslfmae_like_baseline,1488,56,3,M10R5N15,56,4.4925925925925926e-05,0.016501280013471842,486.0,481.0,24.20038914680481,1.944870948791504,26.145260095596313,464.0,481.7142857142857,10,5,15
dslfmae_like_baseline,1489,56,4,M10R10N5,56,4.4888888888888894e-05,0.027031178819015622,252.0,249.0,18.399457216262817,1.797635793685913,20.19709300994873,228.0,254.41071428571428,10,10,5
dslfmae_like_baseline,1490,56,5,M10R10N10,56,4.4851851851851856e-05,-0.006339800582888226,446.0,451.0,34.480536222457886,3.4416873455047607,37.92222356796265,423.0,456.73214285714283,10,10,10
dslfmae_like_baseline,1491,56,6,M10R10N15,56,4.481481481481482e-05,-0.01704458142630756,709.0,705.0,52.904900312423706,4.916042327880859,57.820942640304565,690.0,743.5535714285714,10,10,15
dslfmae_like_baseline,1492,56,7,M10R15N5,56,4.4777777777777786e-05,-0.007764269636633496,358.0,358.0,27.65859818458557,3.00931453704834,30.66791272163391,354.0,381.10714285714283,10,15,5
dslfmae_like_baseline,1493,56,8,M10R15N10,56,4.474074074074074e-05,0.02705617006868124,616.0,627.0,60.53475069999695,7.033927917480469,67.56867861747742,593.0,637.5178571428571,10,15,10
dslfmae_like_baseline,1494,56,9,M10R15N15,56,4.47037037037037e-05,0.0003723852314578835,990.0,1005.0,94.52757716178894,11.012963771820068,105.54054093360901,967.0,1048.982142857143,10,15,15
dslfmae_like_baseline,1495,56,10,M15R5N5,56,4.466666666666667e-05,0.24855348467826843,194.0,163.0,9.347973585128784,0.8215181827545166,10.1694917678833,148.0,169.66071428571428,15,5,5
dslfmae_like_baseline,1496,56,11,M15R5N10,56,4.462962962962963e-05,-0.0008358431077795103,245.0,277.0,16.336482286453247,1.4199490547180176,17.756431341171265,204.0,230.64285714285714,15,5,10
dslfmae_like_baseline,1497,56,12,M15R5N15,56,4.4592592592592594e-05,-0.07667092233896255,256.0,263.0,23.80119562149048,2.0296623706817627,25.83085799217224,239.0,269.23214285714283,15,5,15
dslfmae_like_baseline,1498,56,13,M15R10N5,56,4.455555555555556e-05,-0.003138805157504976,142.0,151.0,17.79483938217163,1.8174736499786377,19.61231303215027,136.0,153.125,15,10,5
dslfmae_like_baseline,1499,56,14,M15R10N10,56,4.4518518518518523e-05,-0.006086437177145854,258.0,244.0,42.45513105392456,4.947315216064453,47.402446269989014,229.0,260.7857142857143,15,10,10
dslfmae_like_baseline,1500,56,15,M15R10N15,56,4.448148148148148e-05,0.0019504138123011216,263.0,250.0,60.34239959716797,5.90877366065979,66.25117325782776,242.0,267.0892857142857,15,10,15
dslfmae_like_baseline,1501,56,16,M15R15N5,56,4.4444444444444447e-05,0.013943569967523217,196.0,171.0,29.23080325126648,3.5754289627075195,32.806232213974,171.0,191.10714285714286,15,15,5
dslfmae_like_baseline,1502,56,17,M15R15N10,56,4.440740740740741e-05,-0.018580129835754633,390.0,381.0,57.324920892715454,6.711714267730713,64.03663516044617,370.0,397.10714285714283,15,15,10
dslfmae_like_baseline,1503,56,18,M15R15N15,56,4.4370370370370376e-05,0.012048577257831181,572.0,550.0,85.11074900627136,9.744485139846802,94.85523414611816,537.0,590.7321428571429,15,15,15
dslfmae_like_baseline,1504,56,19,M20R5N5,56,4.433333333333334e-05,0.04640060476958752,70.0,66.0,8.57014274597168,0.7816283702850342,9.351771116256714,63.0,72.75,20,5,5
dslfmae_like_baseline,1505,56,20,M20R5N10,56,4.42962962962963e-05,-0.007215475547127426,193.0,193.0,17.261720180511475,1.5871777534484863,18.84889793395996,193.0,193.64285714285714,20,5,10
dslfmae_like_baseline,1506,56,21,M20R5N15,56,4.4259259259259254e-05,0.010884075852421423,352.0,368.0,25.777812719345093,2.3456618785858154,28.123474597930908,322.0,343.0357142857143,20,5,15
dslfmae_like_baseline,1507,56,22,M20R10N5,56,4.422222222222222e-05,-0.079691207036376,86.0,96.0,17.335405588150024,1.8989250659942627,19.234330654144287,83.0,94.08928571428571,20,10,5
dslfmae_like_baseline,1508,56,23,M20R10N10,56,4.4185185185185184e-05,-0.02909832214936614,232.0,198.0,33.92319989204407,3.7768163681030273,37.700016260147095,192.0,220.16071428571428,20,10,10
dslfmae_like_baseline,1509,56,24,M20R10N15,56,4.414814814814815e-05,0.06284472160041332,357.0,324.0,56.3385751247406,6.219457387924194,62.558032512664795,312.0,340.3392857142857,20,10,15
dslfmae_like_baseline,1510,56,25,M20R15N5,56,4.4111111111111114e-05,-0.03405867703258991,140.0,155.0,27.293393850326538,3.4472427368164062,30.740636587142944,134.0,149.96428571428572,20,15,5
dslfmae_like_baseline,1511,56,26,M20R15N10,56,4.4074074074074076e-05,-0.012144004506990314,255.0,254.0,63.8368935585022,8.183942317962646,72.02083587646484,228.0,256.39285714285717,20,15,10
dslfmae_like_baseline,1512,56,27,M20R15N15,56,4.4037037037037044e-05,-0.013636967932273234,337.0,346.0,95.79130530357361,11.593289852142334,107.38459515571594,328.0,358.55357142857144,20,15,15
dslfmae_like_baseline,1513,57,1,M10R5N5,57,4.4e-05,0.010641746688634157,178.0,179.0,6.904350280761719,0.576941967010498,7.481292247772217,176.0,190.91228070175438,10,5,5
dslfmae_like_baseline,1514,57,2,M10R5N10,57,4.396296296296296e-05,0.024798875907436013,380.0,374.0,16.47093892097473,1.3372623920440674,17.8082013130188,327.0,361.05263157894734,10,5,10
dslfmae_like_baseline,1515,57,3,M10R5N15,57,4.392592592592593e-05,0.007359772925459159,482.0,473.0,24.240188121795654,2.095313310623169,26.335501432418823,464.0,481.56140350877195,10,5,15
dslfmae_like_baseline,1516,57,4,M10R10N5,57,4.388888888888889e-05,0.020365854958072305,249.0,259.0,19.32160186767578,1.8958094120025635,21.217411279678345,228.0,254.49122807017545,10,10,5
dslfmae_like_baseline,1517,57,5,M10R10N10,57,4.385185185185185e-05,-0.0086119647603482,423.0,446.0,35.74311065673828,3.3505232334136963,39.09363389015198,423.0,456.5438596491228,10,10,10
dslfmae_like_baseline,1518,57,6,M10R10N15,57,4.381481481481482e-05,-0.007007969787809998,689.0,672.0,52.877551794052124,4.9440577030181885,57.82160949707031,672.0,742.2982456140351,10,10,15
dslfmae_like_baseline,1519,57,7,M10R15N5,57,4.377777777777778e-05,0.007063230557832867,379.0,384.0,27.90820050239563,3.0698657035827637,30.978066205978394,354.0,381.1578947368421,10,15,5
dslfmae_like_baseline,1520,57,8,M10R15N10,57,4.3740740740740737e-05,0.004754109506029636,593.0,608.0,63.16880226135254,6.869906425476074,70.03870868682861,593.0,637.0,10,15,10
dslfmae_like_baseline,1521,57,9,M10R15N15,57,4.3703703703703705e-05,0.0018028969352599233,964.0,1021.0,95.8913791179657,10.429337501525879,106.32071661949158,967.0,1048.4912280701753,10,15,15
dslfmae_like_baseline,1522,57,10,M15R5N5,57,4.3666666666666666e-05,0.04752321820706129,165.0,177.0,8.969213962554932,0.7967393398284912,9.765953302383423,148.0,169.78947368421052,15,5,5
dslfmae_like_baseline,1523,57,11,M15R5N10,57,4.3629629629629635e-05,0.0024350853636860847,237.0,277.0,16.04185938835144,1.4581835269927979,17.50004291534424,204.0,231.4561403508772,15,5,10
dslfmae_like_baseline,1524,57,12,M15R5N15,57,4.3592592592592596e-05,-0.039158904614547886,250.0,264.0,24.00032687187195,2.2243223190307617,26.22464919090271,239.0,269.140350877193,15,5,15
dslfmae_like_baseline,1525,57,13,M15R10N5,57,4.355555555555556e-05,0.051505750976502895,153.0,152.0,18.256267547607422,2.073329448699951,20.329596996307373,136.0,153.10526315789474,15,10,5
dslfmae_like_baseline,1526,57,14,M15R10N10,57,4.3518518518518526e-05,-0.0042316956096328795,269.0,244.0,42.635581254959106,4.568134546279907,47.203715801239014,229.0,260.49122807017545,15,10,10
dslfmae_like_baseline,1527,57,15,M15R10N15,57,4.348148148148148e-05,-0.02310672914609313,267.0,259.0,59.16768169403076,5.979328632354736,65.1470103263855,242.0,266.94736842105266,15,10,15
dslfmae_like_baseline,1528,57,16,M15R15N5,57,4.344444444444444e-05,0.03992248776679238,199.0,186.0,29.71432375907898,3.564474105834961,33.27879786491394,171.0,191.01754385964912,15,15,5
dslfmae_like_baseline,1529,57,17,M15R15N10,57,4.340740740740741e-05,-0.025568114314228296,365.0,382.0,58.75457501411438,6.966087341308594,65.72066235542297,370.0,396.8421052631579,15,15,10
dslfmae_like_baseline,1530,57,18,M15R15N15,57,4.337037037037037e-05,0.02247606377516474,556.0,548.0,84.48190999031067,9.574993371963501,94.05690336227417,537.0,589.9824561403509,15,15,15
dslfmae_like_baseline,1531,57,19,M20R5N5,57,4.3333333333333334e-05,0.11868643946945667,76.0,66.0,8.591251373291016,0.7935051918029785,9.384756565093994,63.0,72.63157894736842,20,5,5
dslfmae_like_baseline,1532,57,20,M20R5N10,57,4.32962962962963e-05,-0.025168798631057143,193.0,193.0,18.013936042785645,1.6727852821350098,19.686721324920654,193.0,193.6315789473684,20,5,10
dslfmae_like_baseline,1533,57,21,M20R5N15,57,4.3259259259259264e-05,0.0007914965826785192,366.0,365.0,27.84019660949707,2.652611017227173,30.492807626724243,322.0,343.42105263157896,20,5,15
dslfmae_like_baseline,1534,57,22,M20R10N5,57,4.322222222222222e-05,-0.1261041173711419,90.0,97.0,18.220699310302734,1.8535821437835693,20.074281454086304,83.0,94.14035087719299,20,10,5
dslfmae_like_baseline,1535,57,23,M20R10N10,57,4.318518518518519e-05,-0.06833612980941932,202.0,207.0,33.55766677856445,3.499616861343384,37.05728363990784,192.0,219.9298245614035,20,10,10
dslfmae_like_baseline,1536,57,24,M20R10N15,57,4.314814814814815e-05,0.10748454891145229,324.0,328.0,57.010247230529785,6.198506593704224,63.20875382423401,312.0,340.12280701754383,20,10,15
dslfmae_like_baseline,1537,57,25,M20R15N5,57,4.311111111111111e-05,-0.022616757235179346,151.0,153.0,28.11751675605774,3.432765007019043,31.550281763076782,134.0,150.01754385964912,20,15,5
dslfmae_like_baseline,1538,57,26,M20R15N10,57,4.307407407407408e-05,-0.023883876018226148,255.0,269.0,65.16937470436096,8.006194591522217,73.17556929588318,228.0,256.6140350877193,20,15,10
dslfmae_like_baseline,1539,57,27,M20R15N15,57,4.303703703703704e-05,-0.01657802002903606,338.0,339.0,93.20641827583313,12.328144073486328,105.53456234931946,328.0,358.2105263157895,20,15,15
dslfmae_like_baseline,1540,58,1,M10R5N5,58,4.300000000000001e-05,-0.007394843036308885,176.0,180.0,7.392114162445068,0.5948882102966309,7.987002372741699,176.0,190.72413793103448,10,5,5
dslfmae_like_baseline,1541,58,2,M10R5N10,58,4.296296296296296e-05,0.013939890777692199,355.0,364.0,16.902279138565063,1.5867764949798584,18.489055633544922,327.0,361.1034482758621,10,5,10
dslfmae_like_baseline,1542,58,3,M10R5N15,58,4.2925925925925925e-05,0.01932624673160414,477.0,483.0,24.690805912017822,1.9880311489105225,26.678837060928345,464.0,481.58620689655174,10,5,15
dslfmae_like_baseline,1543,58,4,M10R10N5,58,4.2888888888888886e-05,0.04721956327557564,264.0,250.0,18.527946949005127,1.7975356578826904,20.325482606887817,228.0,254.41379310344828,10,10,5
dslfmae_like_baseline,1544,58,5,M10R10N10,58,4.2851851851851855e-05,0.0016721267990457516,436.0,458.0,35.09021759033203,3.32688045501709,38.41709804534912,423.0,456.5689655172414,10,10,10
dslfmae_like_baseline,1545,58,6,M10R10N15,58,4.2814814814814816e-05,-0.018848287221044303,696.0,675.0,53.210503578186035,5.048698425292969,58.259202003479004,672.0,741.1379310344828,10,10,15
dslfmae_like_baseline,1546,58,7,M10R15N5,58,4.2777777777777785e-05,0.0030081636214163154,379.0,377.0,28.34371781349182,3.095179796218872,31.438897609710693,354.0,381.08620689655174,10,15,5
dslfmae_like_baseline,1547,58,8,M10R15N10,58,4.2740740740740746e-05,0.010942712263204157,611.0,592.0,62.83587312698364,6.679423570632935,69.51529669761658,592.0,636.2241379310345,10,15,10
dslfmae_like_baseline,1548,58,9,M10R15N15,58,4.27037037037037e-05,-0.00010444743111293064,1045.0,1030.0,94.36014986038208,11.597432374954224,105.9575822353363,967.0,1048.1724137931035,10,15,15
dslfmae_like_baseline,1549,58,10,M15R5N5,58,4.266666666666667e-05,0.08768156357109547,172.0,165.0,9.519842863082886,0.9701850414276123,10.490027904510498,148.0,169.70689655172413,15,5,5
dslfmae_like_baseline,1550,58,11,M15R5N10,58,4.262962962962963e-05,-0.0007144714327296242,240.0,282.0,16.45641565322876,1.4073092937469482,17.863724946975708,204.0,232.32758620689654,15,5,10
dslfmae_like_baseline,1551,58,12,M15R5N15,58,4.259259259259259e-05,-0.04557596209148566,245.0,255.0,23.87828016281128,2.102470636367798,25.980750799179077,239.0,268.8965517241379,15,5,15
dslfmae_like_baseline,1552,58,13,M15R10N5,58,4.255555555555556e-05,0.04607311822474003,155.0,146.0,17.93634343147278,1.8507652282714844,19.787108659744263,136.0,152.98275862068965,15,10,5
dslfmae_like_baseline,1553,58,14,M15R10N10,58,4.251851851851852e-05,-0.0196890133083798,251.0,240.0,42.91711354255676,4.654778003692627,47.57189154624939,229.0,260.13793103448273,15,10,10
dslfmae_like_baseline,1554,58,15,M15R10N15,58,4.248148148148149e-05,-0.004947343887761235,247.0,251.0,60.32117247581482,6.011500120162964,66.33267259597778,242.0,266.67241379310343,15,10,15
dslfmae_like_baseline,1555,58,16,M15R15N5,58,4.2444444444444445e-05,-0.009438467988123497,173.0,185.0,30.179691076278687,3.6283645629882812,33.80805563926697,171.0,190.91379310344828,15,15,5
dslfmae_like_baseline,1556,58,17,M15R15N10,58,4.240740740740741e-05,0.008006484690122306,381.0,370.0,57.02904272079468,6.619740009307861,63.64878273010254,370.0,396.37931034482756,15,15,10
dslfmae_like_baseline,1557,58,18,M15R15N15,58,4.237037037037037e-05,0.0052310913202485865,546.0,551.0,85.13643550872803,10.274908065795898,95.41134357452393,537.0,589.3103448275862,15,15,15
dslfmae_like_baseline,1558,58,19,M20R5N5,58,4.233333333333334e-05,0.10463019646704197,77.0,67.0,8.33038067817688,0.7506191730499268,9.080999851226807,63.0,72.53448275862068,20,5,5
dslfmae_like_baseline,1559,58,20,M20R5N10,58,4.22962962962963e-05,-0.015868655871599913,193.0,193.0,17.184812784194946,1.647714614868164,18.83252739906311,193.0,193.6206896551724,20,5,10
dslfmae_like_baseline,1560,58,21,M20R5N15,58,4.225925925925927e-05,0.00012032790012502421,330.0,337.0,25.99847173690796,2.4290006160736084,28.427472352981567,322.0,343.3103448275862,20,5,15
dslfmae_like_baseline,1561,58,22,M20R10N5,58,4.222222222222223e-05,-0.0638112761080265,96.0,94.0,17.639694452285767,1.8526830673217773,19.492377519607544,83.0,94.13793103448276,20,10,5
dslfmae_like_baseline,1562,58,23,M20R10N10,58,4.218518518518518e-05,-0.058310938688615956,195.0,196.0,34.38430643081665,3.62259578704834,38.00690221786499,192.0,219.51724137931035,20,10,10
dslfmae_like_baseline,1563,58,24,M20R10N15,58,4.2148148148148145e-05,0.08898711986839772,330.0,320.0,56.8038125038147,6.039194822311401,62.8430073261261,312.0,339.7758620689655,20,10,15
dslfmae_like_baseline,1564,58,25,M20R15N5,58,4.211111111111111e-05,-0.021851982397492975,150.0,152.0,28.15804648399353,3.542586326599121,31.70063281059265,134.0,150.05172413793105,20,15,5
dslfmae_like_baseline,1565,58,26,M20R15N10,58,4.2074074074074075e-05,-0.03327130628749728,235.0,246.0,63.965354681015015,8.062747716903687,72.0281023979187,228.0,256.4310344827586,20,15,10
dslfmae_like_baseline,1566,58,27,M20R15N15,58,4.203703703703704e-05,-0.013007041931684529,337.0,329.0,95.99806666374207,11.713713884353638,107.7117805480957,328.0,357.7068965517241,20,15,15
dslfmae_like_baseline,1567,59,1,M10R5N5,59,4.2000000000000004e-05,0.009358821902424097,178.0,175.0,7.151986360549927,0.5884549617767334,7.74044132232666,175.0,190.45762711864407,10,5,5
dslfmae_like_baseline,1568,59,2,M10R5N10,59,4.196296296296296e-05,0.03228720626793802,366.0,349.0,17.14718198776245,1.4325547218322754,18.579736709594727,327.0,360.89830508474574,10,5,10
dslfmae_like_baseline,1569,59,3,M10R5N15,59,4.192592592592592e-05,0.010602362958403925,486.0,482.0,24.96810531616211,2.0257081985473633,26.993813514709473,464.0,481.59322033898303,10,5,15
dslfmae_like_baseline,1570,59,4,M10R10N5,59,4.188888888888889e-05,0.019290960859507322,255.0,244.0,18.681069374084473,1.8153038024902344,20.496373176574707,228.0,254.23728813559322,10,10,5
dslfmae_like_baseline,1571,59,5,M10R10N10,59,4.185185185185185e-05,0.001418196115992032,474.0,448.0,35.88247609138489,3.4046452045440674,39.287121295928955,423.0,456.4237288135593,10,10,10
dslfmae_like_baseline,1572,59,6,M10R10N15,59,4.181481481481482e-05,-0.023456176137551667,690.0,713.0,55.04277300834656,5.330287456512451,60.37306046485901,672.0,740.6610169491526,10,10,15
dslfmae_like_baseline,1573,59,7,M10R15N5,59,4.177777777777778e-05,0.012439100304618478,395.0,358.0,27.63775396347046,3.03759765625,30.67535161972046,354.0,380.6949152542373,10,15,5
dslfmae_like_baseline,1574,59,8,M10R15N10,59,4.174074074074075e-05,0.01855686358176172,628.0,604.0,61.96299695968628,7.015025854110718,68.978022813797,592.0,635.6779661016949,10,15,10
dslfmae_like_baseline,1575,59,9,M10R15N15,59,4.1703703703703704e-05,0.00037607125705108047,1048.0,1017.0,95.32988238334656,10.623029708862305,105.95291209220886,967.0,1047.6440677966102,10,15,15
dslfmae_like_baseline,1576,59,10,M15R5N5,59,4.1666666666666665e-05,0.12317292019724846,180.0,165.0,9.342453718185425,0.812488317489624,10.154942035675049,148.0,169.6271186440678,15,5,5
dslfmae_like_baseline,1577,59,11,M15R5N10,59,4.162962962962963e-05,-0.04259196249768138,217.0,282.0,16.432199001312256,1.3911552429199219,17.823354244232178,204.0,233.16949152542372,15,5,10
dslfmae_like_baseline,1578,59,12,M15R5N15,59,4.1592592592592595e-05,-0.04045838645348946,258.0,273.0,24.178635120391846,2.0685348510742188,26.247169971466064,239.0,268.96610169491527,15,5,15
dslfmae_like_baseline,1579,59,13,M15R10N5,59,4.155555555555556e-05,0.05699748871847987,164.0,150.0,18.435489177703857,1.908902645111084,20.34439182281494,136.0,152.9322033898305,15,10,5
dslfmae_like_baseline,1580,59,14,M15R10N10,59,4.1518518518518525e-05,-0.01902501448057592,245.0,245.0,42.918198108673096,4.668336391448975,47.58653450012207,229.0,259.8813559322034,15,10,10
dslfmae_like_baseline,1581,59,15,M15R10N15,59,4.148148148148149e-05,-0.006427753384923562,270.0,247.0,61.157482862472534,6.0625176429748535,67.22000050544739,242.0,266.33898305084745,15,10,15
dslfmae_like_baseline,1582,59,16,M15R15N5,59,4.144444444444444e-05,-0.002772037788721112,179.0,178.0,28.66854429244995,3.451770782470703,32.120315074920654,171.0,190.6949152542373,15,15,5
dslfmae_like_baseline,1583,59,17,M15R15N10,59,4.14074074074074e-05,0.0030715797067387028,372.0,371.0,57.10847592353821,7.210761547088623,64.31923747062683,370.0,395.9491525423729,15,15,10
dslfmae_like_baseline,1584,59,18,M15R15N15,59,4.137037037037037e-05,0.009029278556616711,550.0,556.0,85.60767436027527,9.67966890335083,95.2873432636261,537.0,588.7457627118644,15,15,15
dslfmae_like_baseline,1585,59,19,M20R5N5,59,4.133333333333333e-05,-0.09737230464816093,69.0,66.0,8.347141027450562,0.7653341293334961,9.112475156784058,63.0,72.42372881355932,20,5,5
dslfmae_like_baseline,1586,59,20,M20R5N10,59,4.12962962962963e-05,0.01968685770407319,193.0,193.0,17.294578075408936,1.6219139099121094,18.916491985321045,193.0,193.61016949152543,20,5,10
dslfmae_like_baseline,1587,59,21,M20R5N15,59,4.125925925925926e-05,0.0560253436366717,346.0,336.0,26.40839648246765,2.41867995262146,28.82707643508911,322.0,343.1864406779661,20,5,15
dslfmae_like_baseline,1588,59,22,M20R10N5,59,4.122222222222223e-05,0.009072259650565684,90.0,92.0,17.97792649269104,1.943634033203125,19.921560525894165,83.0,94.10169491525424,20,10,5
dslfmae_like_baseline,1589,59,23,M20R10N10,59,4.118518518518518e-05,-0.06673598537842433,198.0,201.0,34.28768038749695,3.619321584701538,37.907001972198486,192.0,219.20338983050848,20,10,10
dslfmae_like_baseline,1590,59,24,M20R10N15,59,4.114814814814815e-05,0.04077602420002222,370.0,343.0,56.70854187011719,6.08532190322876,62.79386377334595,312.0,339.8305084745763,20,10,15
dslfmae_like_baseline,1591,59,25,M20R15N5,59,4.111111111111111e-05,-0.010445304408979913,138.0,148.0,27.00564408302307,3.299825668334961,30.305469751358032,134.0,150.01694915254237,20,15,5
dslfmae_like_baseline,1592,59,26,M20R15N10,59,4.107407407407408e-05,-0.013448925456032157,248.0,236.0,62.49539756774902,8.72271990776062,71.21811747550964,228.0,256.08474576271186,20,15,10
dslfmae_like_baseline,1593,59,27,M20R15N15,59,4.103703703703704e-05,-0.016079531450356756,357.0,329.0,94.13243103027344,11.825039148330688,105.95747017860413,328.0,357.22033898305085,20,15,15
dslfmae_like_baseline,1594,60,1,M10R5N5,60,4.100000000000001e-05,0.018481561914086342,181.0,181.0,7.325824737548828,0.5777268409729004,7.9035515785217285,175.0,190.3,10,5,5
dslfmae_like_baseline,1595,60,2,M10R5N10,60,4.096296296296297e-05,0.006730890629114583,353.0,355.0,16.944661617279053,1.4036450386047363,18.34830665588379,327.0,360.8,10,5,10
dslfmae_like_baseline,1596,60,3,M10R5N15,60,4.0925925925925924e-05,-0.001306588974936555,495.0,483.0,25.194721221923828,2.043189287185669,27.237910509109497,464.0,481.6166666666667,10,5,15
dslfmae_like_baseline,1597,60,4,M10R10N5,60,4.0888888888888885e-05,0.0332733397372067,248.0,236.0,19.06547260284424,1.8424012660980225,20.90787386894226,228.0,253.93333333333334,10,10,5
dslfmae_like_baseline,1598,60,5,M10R10N10,60,4.0851851851851853e-05,0.0025954738327224427,441.0,451.0,36.73125505447388,3.457447052001953,40.18870210647583,423.0,456.3333333333333,10,10,10
dslfmae_like_baseline,1599,60,6,M10R10N15,60,4.0814814814814815e-05,-0.01627974761649966,687.0,683.0,52.492478370666504,4.977170944213867,57.46964931488037,672.0,739.7,10,10,15
dslfmae_like_baseline,1600,60,7,M10R15N5,60,4.0777777777777783e-05,-0.018125702898638945,350.0,347.0,27.34738326072693,2.986093282699585,30.333476543426514,347.0,380.1333333333333,10,15,5
dslfmae_like_baseline,1601,60,8,M10R15N10,60,4.0740740740740745e-05,0.02315663592889905,587.0,621.0,62.84442114830017,6.811641216278076,69.65606236457825,592.0,635.4333333333333,10,15,10
dslfmae_like_baseline,1602,60,9,M10R15N15,60,4.070370370370371e-05,0.012070121156284586,1019.0,1024.0,94.35330843925476,10.40884017944336,104.76214861869812,967.0,1047.25,10,15,15
dslfmae_like_baseline,1603,60,10,M15R5N5,60,4.066666666666666e-05,0.06734820641577244,165.0,165.0,9.30539321899414,0.8043372631072998,10.10973048210144,148.0,169.55,15,5,5
dslfmae_like_baseline,1604,60,11,M15R5N10,60,4.062962962962963e-05,0.07131687551736832,282.0,282.0,16.411422967910767,1.4210834503173828,17.83250641822815,204.0,233.98333333333332,15,5,10
dslfmae_like_baseline,1605,60,12,M15R5N15,60,4.059259259259259e-05,-0.03635322178403536,272.0,273.0,24.01320505142212,2.055032968521118,26.068238019943237,239.0,269.03333333333336,15,5,15
dslfmae_like_baseline,1606,60,13,M15R10N5,60,4.055555555555556e-05,-0.03904274571686983,134.0,152.0,18.390641927719116,1.9332871437072754,20.32392907142639,136.0,152.91666666666666,15,10,5
dslfmae_like_baseline,1607,60,14,M15R10N10,60,4.051851851851852e-05,-0.021845652780029923,253.0,233.0,43.89545249938965,4.737411975860596,48.632864475250244,229.0,259.43333333333334,15,10,10
dslfmae_like_baseline,1608,60,15,M15R10N15,60,4.048148148148149e-05,0.008218671171925962,253.0,244.0,58.16178798675537,6.0011374950408936,64.16292548179626,242.0,265.96666666666664,15,10,15
dslfmae_like_baseline,1609,60,16,M15R15N5,60,4.044444444444445e-05,-0.0006307597116877636,178.0,170.0,29.336280584335327,3.844250440597534,33.18053102493286,170.0,190.35,15,15,5
dslfmae_like_baseline,1610,60,17,M15R15N10,60,4.0407407407407406e-05,-0.01237577823922038,377.0,372.0,57.71328830718994,6.671541452407837,64.38482975959778,370.0,395.55,15,15,10
dslfmae_like_baseline,1611,60,18,M15R15N15,60,4.037037037037037e-05,0.014292103537757481,565.0,570.0,84.38223028182983,9.701825141906738,94.08405542373657,537.0,588.4333333333333,15,15,15
dslfmae_like_baseline,1612,60,19,M20R5N5,60,4.0333333333333336e-05,0.08429071493446827,74.0,67.0,8.689915895462036,0.7726123332977295,9.462528228759766,63.0,72.33333333333333,20,5,5
dslfmae_like_baseline,1613,60,20,M20R5N10,60,4.02962962962963e-05,-0.043741801753640175,193.0,193.0,17.827938318252563,1.6299340724945068,19.45787239074707,193.0,193.6,20,5,10
dslfmae_like_baseline,1614,60,21,M20R5N15,60,4.0259259259259266e-05,-0.011738803858558336,350.0,337.0,26.27792716026306,2.499542713165283,28.777469873428345,322.0,343.0833333333333,20,5,15
dslfmae_like_baseline,1615,60,22,M20R10N5,60,4.022222222222223e-05,-0.012241886754054576,97.0,98.0,17.964117288589478,1.865452766418457,19.829570055007935,83.0,94.16666666666667,20,10,5
dslfmae_like_baseline,1616,60,23,M20R10N10,60,4.0185185185185195e-05,-0.04217192096014818,218.0,231.0,33.13298511505127,3.5178117752075195,36.65079689025879,192.0,219.4,20,10,10
dslfmae_like_baseline,1617,60,24,M20R10N15,60,4.0148148148148143e-05,0.05959298387169838,343.0,325.0,55.449130058288574,6.487476348876953,61.93660640716553,312.0,339.5833333333333,20,10,15
dslfmae_like_baseline,1618,60,25,M20R15N5,60,4.011111111111111e-05,-0.004788699482257168,144.0,144.0,28.230007648468018,3.705173969268799,31.935181617736816,134.0,149.91666666666666,20,15,5
dslfmae_like_baseline,1619,60,26,M20R15N10,60,4.007407407407407e-05,-0.010634722420945764,249.0,255.0,63.764617681503296,8.34731149673462,72.11192917823792,228.0,256.06666666666666,20,15,10
dslfmae_like_baseline,1620,60,27,M20R15N15,60,4.003703703703704e-05,-0.02349280672413962,338.0,331.0,94.23530459403992,11.508626222610474,105.74393081665039,328.0,356.78333333333336,20,15,15
dslfmae_like_baseline,1621,61,1,M10R5N5,61,4e-05,-0.0002544820308685303,176.0,180.0,7.02871561050415,0.5706627368927002,7.599378347396851,175.0,190.13114754098362,10,5,5
dslfmae_like_baseline,1622,61,2,M10R5N10,61,3.996296296296297e-05,-0.02165515092201531,325.0,354.0,16.540944576263428,1.4309194087982178,17.971863985061646,327.0,360.6885245901639,10,5,10
dslfmae_like_baseline,1623,61,3,M10R5N15,61,3.992592592592593e-05,0.010077811738786599,490.0,484.0,25.213860511779785,2.022005319595337,27.235865831375122,464.0,481.655737704918,10,5,15
dslfmae_like_baseline,1624,61,4,M10R10N5,61,3.988888888888889e-05,0.06384548172354698,261.0,244.0,18.52766752243042,1.7821571826934814,20.3098247051239,228.0,253.7704918032787,10,10,5
dslfmae_like_baseline,1625,61,5,M10R10N10,61,3.985185185185185e-05,0.016234696997950476,454.0,442.0,35.07723116874695,3.251826286315918,38.329057455062866,423.0,456.0983606557377,10,10,10
dslfmae_like_baseline,1626,61,6,M10R10N15,61,3.981481481481482e-05,-0.01974073247984052,710.0,673.0,52.49773025512695,5.348657131195068,57.84638738632202,672.0,738.6065573770492,10,10,15
dslfmae_like_baseline,1627,61,7,M10R15N5,61,3.977777777777778e-05,-0.0013972901894400518,377.0,353.0,28.75630807876587,3.0953688621520996,31.85167694091797,347.0,379.6885245901639,10,15,5
dslfmae_like_baseline,1628,61,8,M10R15N10,61,3.974074074074075e-05,0.008313557598739862,595.0,622.0,62.14891743659973,6.8236072063446045,68.97252464294434,592.0,635.2131147540983,10,15,10
dslfmae_like_baseline,1629,61,9,M10R15N15,61,3.970370370370371e-05,0.00020775247321580537,983.0,1026.0,96.1056296825409,10.620810270309448,106.72643995285034,967.0,1046.9016393442623,10,15,15
dslfmae_like_baseline,1630,61,10,M15R5N5,61,3.9666666666666664e-05,0.02743528177961707,160.0,165.0,9.391448259353638,0.8126652240753174,10.204113483428955,148.0,169.47540983606558,15,5,5
dslfmae_like_baseline,1631,61,11,M15R5N10,61,3.9629629629629626e-05,0.04384656297042966,262.0,282.0,17.07872700691223,1.4876000881195068,18.56632709503174,204.0,234.7704918032787,15,5,10
dslfmae_like_baseline,1632,61,12,M15R5N15,61,3.9592592592592594e-05,-0.02423312918593486,258.0,273.0,24.052236318588257,2.025049924850464,26.07728624343872,239.0,269.0983606557377,15,5,15
dslfmae_like_baseline,1633,61,13,M15R10N5,61,3.9555555555555556e-05,0.017423753277398646,153.0,155.0,18.052772998809814,1.8647985458374023,19.917571544647217,136.0,152.95081967213116,15,10,5
dslfmae_like_baseline,1634,61,14,M15R10N10,61,3.9518518518518524e-05,-0.02317456330638379,250.0,244.0,41.698108196258545,4.454849481582642,46.15295767784119,229.0,259.1803278688525,15,10,10
dslfmae_like_baseline,1635,61,15,M15R10N15,61,3.9481481481481485e-05,0.0107571690576151,251.0,250.0,61.383461713790894,5.996374130249023,67.37983584403992,242.0,265.7049180327869,15,10,15
dslfmae_like_baseline,1636,61,16,M15R15N5,61,3.9444444444444454e-05,0.003671306806306044,186.0,178.0,29.04139494895935,3.54436993598938,32.58576488494873,170.0,190.14754098360655,15,15,5
dslfmae_like_baseline,1637,61,17,M15R15N10,61,3.94074074074074e-05,-0.020139990840107203,374.0,385.0,56.521109104156494,6.592961311340332,63.114070415496826,370.0,395.37704918032784,15,15,10
dslfmae_like_baseline,1638,61,18,M15R15N15,61,3.937037037037037e-05,0.0281350927294365,563.0,542.0,85.22072148323059,9.982532501220703,95.2032539844513,537.0,587.672131147541,15,15,15
dslfmae_like_baseline,1639,61,19,M20R5N5,61,3.933333333333333e-05,0.0625202851369977,79.0,74.0,8.585022449493408,0.7902336120605469,9.375256061553955,63.0,72.36065573770492,20,5,5
dslfmae_like_baseline,1640,61,20,M20R5N10,61,3.92962962962963e-05,-0.03453601151704788,193.0,193.0,17.647123098373413,1.6185736656188965,19.26569676399231,193.0,193.59016393442624,20,5,10
dslfmae_like_baseline,1641,61,21,M20R5N15,61,3.925925925925926e-05,-0.01623082743026316,327.0,337.0,25.97138214111328,2.40533709526062,28.3767192363739,322.0,342.9836065573771,20,5,15
dslfmae_like_baseline,1642,61,22,M20R10N5,61,3.922222222222223e-05,-0.07474395167082548,90.0,106.0,17.515159130096436,1.8087000846862793,19.323859214782715,83.0,94.36065573770492,20,10,5
dslfmae_like_baseline,1643,61,23,M20R10N10,61,3.918518518518519e-05,-0.019807344147314627,193.0,205.0,33.282798051834106,3.6492509841918945,36.932049036026,192.0,219.1639344262295,20,10,10
dslfmae_like_baseline,1644,61,24,M20R10N15,61,3.9148148148148146e-05,0.0714847605675459,320.0,325.0,57.38775610923767,6.2070534229278564,63.59480953216553,312.0,339.344262295082,20,10,15
dslfmae_like_baseline,1645,61,25,M20R15N5,61,3.911111111111111e-05,0.0023895106375372657,161.0,147.0,27.346031665802002,3.453404188156128,30.79943585395813,134.0,149.86885245901638,20,15,5
dslfmae_like_baseline,1646,61,26,M20R15N10,61,3.9074074074074076e-05,-0.02265342539176345,252.0,264.0,63.44264626502991,8.210659980773926,71.65330624580383,228.0,256.1967213114754,20,15,10
dslfmae_like_baseline,1647,61,27,M20R15N15,61,3.903703703703704e-05,-0.011123007629066706,334.0,327.0,96.61594533920288,11.770361423492432,108.38630676269531,327.0,356.2950819672131,20,15,15
dslfmae_like_baseline,1648,62,1,M10R5N5,62,3.9000000000000006e-05,0.010368205606937408,186.0,175.0,7.074483871459961,0.5593950748443604,7.633878946304321,175.0,189.88709677419354,10,5,5
dslfmae_like_baseline,1649,62,2,M10R5N10,62,3.896296296296297e-05,-0.011735990759916604,345.0,346.0,16.370104551315308,1.3752257823944092,17.745330333709717,327.0,360.4516129032258,10,5,10
dslfmae_like_baseline,1650,62,3,M10R5N15,62,3.892592592592593e-05,0.0012772837653756142,485.0,485.0,24.233232021331787,1.990844488143921,26.224076509475708,464.0,481.7096774193548,10,5,15
dslfmae_like_baseline,1651,62,4,M10R10N5,62,3.8888888888888884e-05,0.019945536041632295,245.0,246.0,18.14127230644226,1.7768125534057617,19.918084859848022,228.0,253.6451612903226,10,10,5
dslfmae_like_baseline,1652,62,5,M10R10N10,62,3.885185185185185e-05,0.011605881348562738,448.0,441.0,35.46345615386963,3.5843825340270996,39.04783868789673,423.0,455.85483870967744,10,10,10
dslfmae_like_baseline,1653,62,6,M10R10N15,62,3.8814814814814814e-05,-0.005478025664342567,678.0,669.0,53.491652727127075,5.016692638397217,58.50834536552429,669.0,737.483870967742,10,10,15
dslfmae_like_baseline,1654,62,7,M10R15N5,62,3.877777777777778e-05,-0.004409405402839184,380.0,374.0,27.77528476715088,2.979357957839966,30.754642724990845,347.0,379.5967741935484,10,15,5
dslfmae_like_baseline,1655,62,8,M10R15N10,62,3.8740740740740744e-05,0.018371333740651606,606.0,630.0,62.3702118396759,6.92873215675354,69.29894399642944,592.0,635.1290322580645,10,15,10
dslfmae_like_baseline,1656,62,9,M10R15N15,62,3.8703703703703705e-05,-0.0003448919278525864,1033.0,1003.0,97.56102275848389,10.50132155418396,108.06234431266785,967.0,1046.1935483870968,10,15,15
dslfmae_like_baseline,1657,62,10,M15R5N5,62,3.8666666666666674e-05,0.0931907594203949,176.0,170.0,9.17476511001587,0.783210277557373,9.957975387573242,148.0,169.48387096774192,15,5,5
dslfmae_like_baseline,1658,62,11,M15R5N10,62,3.862962962962963e-05,-0.019383091246709228,220.0,282.0,16.16810441017151,1.3737494945526123,17.54185390472412,204.0,235.53225806451613,15,5,10
dslfmae_like_baseline,1659,62,12,M15R5N15,62,3.859259259259259e-05,-0.001776129143157353,264.0,280.0,23.51143217086792,1.981217622756958,25.492649793624878,239.0,269.2741935483871,15,5,15
dslfmae_like_baseline,1660,62,13,M15R10N5,62,3.855555555555556e-05,0.05304716574028134,158.0,160.0,18.569360494613647,2.004103422164917,20.573463916778564,136.0,153.06451612903226,15,10,5
dslfmae_like_baseline,1661,62,14,M15R10N10,62,3.851851851851852e-05,-0.03491606400348246,250.0,240.0,44.1295166015625,4.537099361419678,48.66661596298218,229.0,258.8709677419355,15,10,10
dslfmae_like_baseline,1662,62,15,M15R10N15,62,3.848148148148149e-05,-0.010546007170341909,249.0,241.0,58.77764868736267,6.003982305526733,64.7816309928894,241.0,265.30645161290323,15,10,15
dslfmae_like_baseline,1663,62,16,M15R15N5,62,3.844444444444445e-05,0.015265722526237369,189.0,174.0,29.379197359085083,3.558579444885254,32.93777680397034,170.0,189.88709677419354,15,15,5
dslfmae_like_baseline,1664,62,17,M15R15N10,62,3.840740740740741e-05,-0.005241497958195396,393.0,379.0,58.51397180557251,6.723435878753662,65.23740768432617,370.0,395.11290322580646,15,15,10
dslfmae_like_baseline,1665,62,18,M15R15N15,62,3.8370370370370366e-05,0.006076373209777687,567.0,574.0,85.93842625617981,9.551023960113525,95.48945021629333,537.0,587.4516129032259,15,15,15
dslfmae_like_baseline,1666,62,19,M20R5N5,62,3.8333333333333334e-05,-0.17568597942590714,66.0,67.0,8.337790966033936,0.7523653507232666,9.090156316757202,63.0,72.2741935483871,20,5,5
dslfmae_like_baseline,1667,62,20,M20R5N10,62,3.8296296296296296e-05,0.014884249307215214,193.0,193.0,16.91504216194153,1.5690011978149414,18.48404335975647,193.0,193.58064516129033,20,5,10
dslfmae_like_baseline,1668,62,21,M20R5N15,62,3.8259259259259264e-05,0.045673043156663574,327.0,336.0,26.19763731956482,2.648555040359497,28.846192359924316,322.0,342.8709677419355,20,5,15
dslfmae_like_baseline,1669,62,22,M20R10N5,62,3.8222222222222226e-05,0.08981532417237759,100.0,93.0,17.799883127212524,2.0253939628601074,19.825277090072632,83.0,94.33870967741936,20,10,5
dslfmae_like_baseline,1670,62,23,M20R10N10,62,3.818518518518519e-05,-0.00030796653785121936,236.0,216.0,33.95093274116516,3.5020792484283447,37.453011989593506,192.0,219.11290322580646,20,10,10
dslfmae_like_baseline,1671,62,24,M20R10N15,62,3.8148148148148156e-05,-0.02861392227932811,315.0,323.0,56.335108518600464,6.046734094619751,62.381842613220215,312.0,339.0806451612903,20,10,15
dslfmae_like_baseline,1672,62,25,M20R15N5,62,3.811111111111111e-05,-0.00022474147651034096,155.0,136.0,27.68327784538269,3.4075963497161865,31.090874195098877,134.0,149.6451612903226,20,15,5
dslfmae_like_baseline,1673,62,26,M20R15N10,62,3.807407407407407e-05,-0.005809313512872905,248.0,226.0,64.56140518188477,8.459351539611816,73.02075672149658,226.0,255.70967741935485,20,15,10
dslfmae_like_baseline,1674,62,27,M20R15N15,62,3.803703703703704e-05,-0.009076191511537348,337.0,335.0,95.07087588310242,11.53777527809143,106.60865116119385,327.0,355.9516129032258,20,15,15
dslfmae_like_baseline,1675,63,1,M10R5N5,63,3.8e-05,0.006847741198725998,180.0,183.0,6.790177345275879,0.6198029518127441,7.409980297088623,175.0,189.77777777777777,10,5,5
dslfmae_like_baseline,1676,63,2,M10R5N10,63,3.7962962962962964e-05,0.022708519361913204,395.0,331.0,16.933411836624146,1.4740571975708008,18.407469034194946,327.0,359.984126984127,10,5,10
dslfmae_like_baseline,1677,63,3,M10R5N15,63,3.792592592592593e-05,0.0062379845476243645,488.0,487.0,24.389144897460938,2.105588912963867,26.494733810424805,464.0,481.7936507936508,10,5,15
dslfmae_like_baseline,1678,63,4,M10R10N5,63,3.7888888888888894e-05,0.013320057187229395,242.0,255.0,19.081413984298706,1.8271946907043457,20.90860867500305,228.0,253.66666666666666,10,10,5
dslfmae_like_baseline,1679,63,5,M10R10N10,63,3.785185185185185e-05,-9.947970587139329e-06,443.0,441.0,34.78581142425537,3.3915791511535645,38.177390575408936,423.0,455.6190476190476,10,10,10
dslfmae_like_baseline,1680,63,6,M10R10N15,63,3.781481481481482e-05,-0.015346600254997612,674.0,661.0,52.49455523490906,5.038888454437256,57.53344368934631,661.0,736.2698412698413,10,10,15
dslfmae_like_baseline,1681,63,7,M10R15N5,63,3.777777777777778e-05,0.0038119961585228643,382.0,370.0,27.940268754959106,3.064939022064209,31.005207777023315,347.0,379.44444444444446,10,15,5
dslfmae_like_baseline,1682,63,8,M10R15N10,63,3.774074074074074e-05,0.010365824587643147,615.0,591.0,63.809646129608154,7.0497496128082275,70.85939574241638,591.0,634.4285714285714,10,15,10
dslfmae_like_baseline,1683,63,9,M10R15N15,63,3.770370370370371e-05,0.01106298492231872,1026.0,969.0,93.96266961097717,11.191827297210693,105.15449690818787,967.0,1044.968253968254,10,15,15
dslfmae_like_baseline,1684,63,10,M15R5N5,63,3.766666666666667e-05,0.08463316969573498,174.0,171.0,9.610139846801758,0.8837509155273438,10.493890762329102,148.0,169.5079365079365,15,5,5
dslfmae_like_baseline,1685,63,11,M15R5N10,63,3.762962962962964e-05,-0.044424621388316154,217.0,282.0,16.893955945968628,1.4741919040679932,18.36814785003662,204.0,236.26984126984127,15,5,10
dslfmae_like_baseline,1686,63,12,M15R5N15,63,3.759259259259259e-05,-0.014275671681389213,264.0,264.0,24.312238693237305,2.0720620155334473,26.384300708770752,239.0,269.1904761904762,15,5,15
dslfmae_like_baseline,1687,63,13,M15R10N5,63,3.7555555555555554e-05,0.009548254281980917,143.0,162.0,17.85114884376526,1.872732400894165,19.723881244659424,136.0,153.20634920634922,15,10,5
dslfmae_like_baseline,1688,63,14,M15R10N10,63,3.751851851851852e-05,-0.01652185816783458,244.0,241.0,42.68499946594238,4.5266077518463135,47.211607217788696,229.0,258.58730158730157,15,10,10
dslfmae_like_baseline,1689,63,15,M15R10N15,63,3.7481481481481484e-05,0.008018049772363155,265.0,242.0,58.89608883857727,5.945563554763794,64.84165239334106,241.0,264.93650793650795,15,10,15
dslfmae_like_baseline,1690,63,16,M15R15N5,63,3.7444444444444446e-05,0.029613358822340768,200.0,182.0,29.028665781021118,3.5190157890319824,32.5476815700531,170.0,189.76190476190476,15,15,5
dslfmae_like_baseline,1691,63,17,M15R15N10,63,3.7407407407407414e-05,-0.02189678968861699,375.0,375.0,57.71607708930969,6.599433660507202,64.3155107498169,370.0,394.7936507936508,15,15,10
dslfmae_like_baseline,1692,63,18,M15R15N15,63,3.737037037037037e-05,-0.0006833013103459962,554.0,558.0,83.76427006721497,10.236730575561523,94.00100064277649,537.0,586.984126984127,15,15,15
dslfmae_like_baseline,1693,63,19,M20R5N5,63,3.733333333333333e-05,-0.0818434301763773,65.0,77.0,8.5497465133667,0.8432967662811279,9.393043279647827,63.0,72.34920634920636,20,5,5
dslfmae_like_baseline,1694,63,20,M20R5N10,63,3.72962962962963e-05,0.006043047818820924,193.0,193.0,17.797038793563843,1.741004228591919,19.53804302215576,193.0,193.57142857142858,20,5,10
dslfmae_like_baseline,1695,63,21,M20R5N15,63,3.725925925925926e-05,0.013047700359796485,337.0,336.0,25.883907079696655,2.438483476638794,28.32239055633545,322.0,342.76190476190476,20,5,15
dslfmae_like_baseline,1696,63,22,M20R10N5,63,3.722222222222222e-05,0.03528019040822983,90.0,90.0,17.919185161590576,1.862736701965332,19.781921863555908,83.0,94.26984126984127,20,10,5
dslfmae_like_baseline,1697,63,23,M20R10N10,63,3.718518518518519e-05,-0.004622965061571449,231.0,256.0,33.91435432434082,3.477144718170166,37.391499042510986,192.0,219.6984126984127,20,10,10
dslfmae_like_baseline,1698,63,24,M20R10N15,63,3.714814814814815e-05,0.008001470193266868,325.0,323.0,56.96285915374756,6.206650733947754,63.16950988769531,312.0,338.8253968253968,20,10,15
dslfmae_like_baseline,1699,63,25,M20R15N5,63,3.711111111111111e-05,0.0007943878881633282,142.0,151.0,27.305243492126465,3.568850040435791,30.874093532562256,134.0,149.66666666666666,20,15,5
dslfmae_like_baseline,1700,63,26,M20R15N10,63,3.7074074074074075e-05,-0.02015700242482126,236.0,233.0,64.69037461280823,8.061483144760132,72.75185775756836,226.0,255.34920634920636,20,15,10
dslfmae_like_baseline,1701,63,27,M20R15N15,63,3.7037037037037037e-05,-0.013308548800913351,336.0,337.0,92.45868492126465,12.695277214050293,105.15396213531494,327.0,355.6507936507937,20,15,15
dslfmae_like_baseline,1702,64,1,M10R5N5,64,3.7e-05,0.019558913074433804,173.0,178.0,7.0592265129089355,0.5628538131713867,7.622080326080322,175.0,189.59375,10,5,5
dslfmae_like_baseline,1703,64,2,M10R5N10,64,3.6962962962962966e-05,-0.00825306068873033,357.0,365.0,16.363215446472168,1.3783674240112305,17.7415828704834,327.0,360.0625,10,5,10
dslfmae_like_baseline,1704,64,3,M10R5N15,64,3.692592592592593e-05,0.008990535017801449,499.0,492.0,24.44387197494507,1.9854459762573242,26.429317951202393,464.0,481.953125,10,5,15
dslfmae_like_baseline,1705,64,4,M10R10N5,64,3.6888888888888896e-05,0.047499293461441994,243.0,244.0,18.63234233856201,1.7873950004577637,20.419737339019775,228.0,253.515625,10,10,5
dslfmae_like_baseline,1706,64,5,M10R10N10,64,3.685185185185185e-05,0.00810549862217158,441.0,437.0,35.37434101104736,3.3202478885650635,38.69458889961243,423.0,455.328125,10,10,10
dslfmae_like_baseline,1707,64,6,M10R10N15,64,3.681481481481481e-05,-0.025041580386459827,714.0,719.0,52.95585656166077,5.074894189834595,58.03075075149536,661.0,736.0,10,10,15
dslfmae_like_baseline,1708,64,7,M10R15N5,64,3.677777777777778e-05,0.0017527642970283825,363.0,358.0,28.354990243911743,3.013587713241577,31.36857795715332,347.0,379.109375,10,15,5
dslfmae_like_baseline,1709,64,8,M10R15N10,64,3.674074074074074e-05,0.025304161384701727,616.0,657.0,61.95259213447571,6.673677206039429,68.62626934051514,591.0,634.78125,10,15,10
dslfmae_like_baseline,1710,64,9,M10R15N15,64,3.6703703703703704e-05,-0.0047227519298758125,1023.0,982.0,95.56375217437744,10.643877506256104,106.20762968063354,967.0,1043.984375,10,15,15
dslfmae_like_baseline,1711,64,10,M15R5N5,64,3.666666666666667e-05,0.08692930079996586,170.0,170.0,9.293489456176758,0.8247003555297852,10.118189811706543,148.0,169.515625,15,5,5
dslfmae_like_baseline,1712,64,11,M15R5N10,64,3.6629629629629634e-05,0.022748272633180022,257.0,297.0,16.504157543182373,1.425494909286499,17.929652452468872,204.0,237.21875,15,5,10
dslfmae_like_baseline,1713,64,12,M15R5N15,64,3.659259259259259e-05,-0.05039888278891643,262.0,297.0,24.333378314971924,2.0968215465545654,26.43019986152649,239.0,269.625,15,5,15
dslfmae_like_baseline,1714,64,13,M15R10N5,64,3.655555555555556e-05,0.07735987100750208,152.0,160.0,18.20867919921875,1.8554282188415527,20.064107418060303,136.0,153.3125,15,10,5
dslfmae_like_baseline,1715,64,14,M15R10N10,64,3.651851851851852e-05,-0.015313378302380443,269.0,252.0,43.266013383865356,4.58251166343689,47.848525047302246,229.0,258.484375,15,10,10
dslfmae_like_baseline,1716,64,15,M15R10N15,64,3.648148148148148e-05,-0.02444527419283986,276.0,295.0,60.534637212753296,6.246768474578857,66.78140568733215,241.0,265.40625,15,10,15
dslfmae_like_baseline,1717,64,16,M15R15N5,64,3.644444444444445e-05,0.020112129238744576,176.0,191.0,29.759027004241943,3.5204527378082275,33.27947974205017,170.0,189.78125,15,15,5
dslfmae_like_baseline,1718,64,17,M15R15N10,64,3.640740740740741e-05,-0.012329490948468446,385.0,372.0,56.541738986968994,6.70660400390625,63.248342990875244,370.0,394.4375,15,15,10
dslfmae_like_baseline,1719,64,18,M15R15N15,64,3.637037037037038e-05,0.00246555165254644,580.0,552.0,84.82802391052246,9.668689966201782,94.49671387672424,537.0,586.4375,15,15,15
dslfmae_like_baseline,1720,64,19,M20R5N5,64,3.633333333333333e-05,0.19073976576328278,77.0,77.0,8.703999996185303,0.7861227989196777,9.49012279510498,63.0,72.421875,20,5,5
dslfmae_like_baseline,1721,64,20,M20R5N10,64,3.6296296296296295e-05,-0.01269280829001218,193.0,193.0,17.3410701751709,1.5986406803131104,18.93971085548401,193.0,193.5625,20,5,10
dslfmae_like_baseline,1722,64,21,M20R5N15,64,3.6259259259259256e-05,-0.037694666224221386,362.0,365.0,25.967915534973145,2.453197717666626,28.42111325263977,322.0,343.109375,20,5,15
dslfmae_like_baseline,1723,64,22,M20R10N5,64,3.6222222222222225e-05,-0.1474244836717844,89.0,98.0,18.09524440765381,1.9295868873596191,20.024831295013428,83.0,94.328125,20,10,5
dslfmae_like_baseline,1724,64,23,M20R10N10,64,3.6185185185185186e-05,-0.040968517462412514,215.0,218.0,34.121564626693726,3.543976306915283,37.66554093360901,192.0,219.671875,20,10,10
dslfmae_like_baseline,1725,64,24,M20R10N15,64,3.6148148148148155e-05,0.08703509755432606,343.0,336.0,57.40643501281738,6.298988342285156,63.70542335510254,312.0,338.78125,20,10,15
dslfmae_like_baseline,1726,64,25,M20R15N5,64,3.6111111111111116e-05,-0.009335653662371138,144.0,139.0,27.462355613708496,3.379451274871826,30.841806888580322,134.0,149.5,20,15,5
dslfmae_like_baseline,1727,64,26,M20R15N10,64,3.607407407407407e-05,-0.01477376432158053,237.0,226.0,63.240325689315796,8.534658670425415,71.77498435974121,226.0,254.890625,20,15,10
dslfmae_like_baseline,1728,64,27,M20R15N15,64,3.603703703703703e-05,-0.01042704432204898,337.0,355.0,94.31446743011475,11.78048849105835,106.0949559211731,327.0,355.640625,20,15,15
dslfmae_like_baseline,1729,65,1,M10R5N5,65,3.6e-05,0.03524319548159838,186.0,173.0,7.003550052642822,0.5751941204071045,7.578744173049927,173.0,189.33846153846153,10,5,5
dslfmae_like_baseline,1730,65,2,M10R5N10,65,3.596296296296296e-05,-0.004175681227934547,346.0,356.0,16.72774362564087,1.3663523197174072,18.094095945358276,327.0,360.0,10,5,10
dslfmae_like_baseline,1731,65,3,M10R5N15,65,3.592592592592593e-05,0.007144495738126959,503.0,497.0,24.496687650680542,2.011918783187866,26.508606433868408,464.0,482.18461538461537,10,5,15
dslfmae_like_baseline,1732,65,4,M10R10N5,65,3.588888888888889e-05,0.020441390806809068,244.0,247.0,18.945942401885986,1.8305833339691162,20.776525735855103,228.0,253.41538461538462,10,10,5
dslfmae_like_baseline,1733,65,5,M10R10N10,65,3.585185185185186e-05,0.017776334658265114,456.0,447.0,35.54388618469238,3.3334436416625977,38.87732982635498,423.0,455.2,10,10,10
dslfmae_like_baseline,1734,65,6,M10R10N15,65,3.5814814814814815e-05,-0.013898438820615411,681.0,707.0,54.234211683273315,4.980018377304077,59.21423006057739,661.0,735.5538461538462,10,10,15
dslfmae_like_baseline,1735,65,7,M10R15N5,65,3.577777777777778e-05,0.008676082245074213,385.0,370.0,27.381362676620483,2.9897615909576416,30.371124267578125,347.0,378.96923076923076,10,15,5
dslfmae_like_baseline,1736,65,8,M10R15N10,65,3.574074074074074e-05,0.019407772133126854,608.0,627.0,61.50057506561279,7.254732608795166,68.75530767440796,591.0,634.6615384615385,10,15,10
dslfmae_like_baseline,1737,65,9,M10R15N15,65,3.570370370370371e-05,-0.001223262564963079,970.0,982.0,97.35010433197021,10.63705825805664,107.98716259002686,967.0,1043.0307692307692,10,15,15
dslfmae_like_baseline,1738,65,10,M15R5N5,65,3.566666666666667e-05,0.0983661375939846,174.0,186.0,9.391996145248413,0.8678441047668457,10.259840250015259,148.0,169.76923076923077,15,5,5
dslfmae_like_baseline,1739,65,11,M15R5N10,65,3.562962962962964e-05,0.06796521227806807,277.0,302.0,16.30025625228882,1.4061541557312012,17.70641040802002,204.0,238.2153846153846,15,5,10
dslfmae_like_baseline,1740,65,12,M15R5N15,65,3.55925925925926e-05,-0.028797416016459465,264.0,263.0,24.05236840248108,2.039700508117676,26.092068910598755,239.0,269.5230769230769,15,5,15
dslfmae_like_baseline,1741,65,13,M15R10N5,65,3.555555555555555e-05,-0.03457570867612958,143.0,156.0,18.179656982421875,1.864945411682129,20.044602394104004,136.0,153.35384615384615,15,10,5
dslfmae_like_baseline,1742,65,14,M15R10N10,65,3.5518518518518515e-05,-0.02938763448037207,245.0,246.0,43.15453314781189,4.924135208129883,48.07866835594177,229.0,258.2923076923077,15,10,10
dslfmae_like_baseline,1743,65,15,M15R10N15,65,3.548148148148148e-05,0.015450927522033453,302.0,278.0,58.95404267311096,5.869311094284058,64.82335376739502,241.0,265.6,15,10,15
dslfmae_like_baseline,1744,65,16,M15R15N5,65,3.5444444444444445e-05,-0.0056678940503237145,178.0,174.0,28.51749873161316,3.539588689804077,32.057087421417236,170.0,189.53846153846155,15,15,5
dslfmae_like_baseline,1745,65,17,M15R15N10,65,3.540740740740741e-05,-0.014084384543821216,381.0,389.0,57.63193082809448,6.8492112159729,64.48114204406738,370.0,394.3538461538462,15,15,10
dslfmae_like_baseline,1746,65,18,M15R15N15,65,3.5370370370370375e-05,0.006270460218989423,525.0,540.0,85.93021488189697,9.915430784225464,95.84564566612244,537.0,585.723076923077,15,15,15
dslfmae_like_baseline,1747,65,19,M20R5N5,65,3.533333333333334e-05,-0.0951993577182293,66.0,76.0,8.683801651000977,0.7604522705078125,9.444253921508789,63.0,72.47692307692307,20,5,5
dslfmae_like_baseline,1748,65,20,M20R5N10,65,3.529629629629629e-05,0.006242469564313069,193.0,193.0,17.71863555908203,1.6243271827697754,19.342962741851807,193.0,193.55384615384617,20,5,10
dslfmae_like_baseline,1749,65,21,M20R5N15,65,3.525925925925926e-05,0.041842895559966564,372.0,366.0,26.5863196849823,2.4559192657470703,29.04223895072937,322.0,343.46153846153845,20,5,15
dslfmae_like_baseline,1750,65,22,M20R10N5,65,3.522222222222222e-05,0.03340050019323826,94.0,95.0,18.04384136199951,1.8996198177337646,19.943461179733276,83.0,94.33846153846154,20,10,5
dslfmae_like_baseline,1751,65,23,M20R10N10,65,3.518518518518519e-05,-0.014084055030252784,226.0,208.0,34.83963179588318,3.5661725997924805,38.40580439567566,192.0,219.4923076923077,20,10,10
dslfmae_like_baseline,1752,65,24,M20R10N15,65,3.514814814814815e-05,0.00798259088769555,349.0,328.0,55.4625141620636,5.972578763961792,61.43509292602539,312.0,338.61538461538464,20,10,15
dslfmae_like_baseline,1753,65,25,M20R15N5,65,3.511111111111112e-05,-0.00851441698614508,148.0,148.0,27.094955444335938,3.5181686878204346,30.613124132156372,134.0,149.47692307692307,20,15,5
dslfmae_like_baseline,1754,65,26,M20R15N10,65,3.507407407407407e-05,-0.00689129123929888,244.0,247.0,63.38128995895386,8.082938194274902,71.46422815322876,226.0,254.76923076923077,20,15,10
dslfmae_like_baseline,1755,65,27,M20R15N15,65,3.5037037037037035e-05,-0.019019664531307563,330.0,361.0,95.24282956123352,11.833538293838501,107.07636785507202,327.0,355.7230769230769,20,15,15
dslfmae_like_baseline,1756,66,1,M10R5N5,66,3.5e-05,0.03831253759562969,183.0,178.0,7.052005052566528,0.5655925273895264,7.617597579956055,173.0,189.16666666666666,10,5,5
dslfmae_like_baseline,1757,66,2,M10R5N10,66,3.4962962962962965e-05,-0.009927457198500633,345.0,354.0,16.908578395843506,1.3732447624206543,18.28182315826416,327.0,359.90909090909093,10,5,10
dslfmae_like_baseline,1758,66,3,M10R5N15,66,3.492592592592593e-05,0.006088950360814731,499.0,489.0,24.849982500076294,1.9932408332824707,26.843223333358765,464.0,482.2878787878788,10,5,15
dslfmae_like_baseline,1759,66,4,M10R10N5,66,3.4888888888888895e-05,0.05496501177549362,256.0,238.0,18.79259490966797,1.8754212856292725,20.66801619529724,228.0,253.1818181818182,10,10,5
dslfmae_like_baseline,1760,66,5,M10R10N10,66,3.485185185185186e-05,0.008209427391799787,449.0,442.0,34.78575110435486,3.3912625312805176,38.177013635635376,423.0,455.0,10,10,10
dslfmae_like_baseline,1761,66,6,M10R10N15,66,3.481481481481481e-05,-0.015228603640571237,698.0,690.0,51.711968421936035,4.892178773880005,56.60414719581604,661.0,734.8636363636364,10,10,15
dslfmae_like_baseline,1762,66,7,M10R15N5,66,3.477777777777777e-05,-0.017985363258048892,350.0,378.0,27.46954846382141,3.239535093307495,30.709083557128906,347.0,378.95454545454544,10,15,5
dslfmae_like_baseline,1763,66,8,M10R15N10,66,3.474074074074074e-05,0.028668069653213023,646.0,632.0,62.16720390319824,6.819096326828003,68.98630023002625,591.0,634.6212121212121,10,15,10
dslfmae_like_baseline,1764,66,9,M10R15N15,66,3.47037037037037e-05,0.0009587586619090871,986.0,977.0,94.97301959991455,10.693995714187622,105.66701531410217,967.0,1042.030303030303,10,15,15
dslfmae_like_baseline,1765,66,10,M15R5N5,66,3.466666666666667e-05,0.19013508409261703,191.0,174.0,9.446758508682251,0.8171947002410889,10.26395320892334,148.0,169.83333333333334,15,5,5
dslfmae_like_baseline,1766,66,11,M15R5N10,66,3.462962962962963e-05,-0.05668490054085851,206.0,297.0,16.66958498954773,1.4311375617980957,18.100722551345825,204.0,239.1060606060606,15,5,10
dslfmae_like_baseline,1767,66,12,M15R5N15,66,3.45925925925926e-05,-0.04974307926992575,246.0,272.0,24.7822003364563,2.1616551876068115,26.94385552406311,239.0,269.56060606060606,15,5,15
dslfmae_like_baseline,1768,66,13,M15R10N5,66,3.455555555555555e-05,0.020303493132814765,146.0,143.0,18.67632794380188,1.8086977005004883,20.485025644302368,136.0,153.1969696969697,15,10,5
dslfmae_like_baseline,1769,66,14,M15R10N10,66,3.451851851851852e-05,0.017705642560031265,272.0,240.0,41.64938020706177,4.487893104553223,46.13727331161499,229.0,258.0151515151515,15,10,10
dslfmae_like_baseline,1770,66,15,M15R10N15,66,3.448148148148148e-05,0.003644534357590601,295.0,304.0,58.15128493309021,6.2506232261657715,64.40190815925598,241.0,266.1818181818182,15,10,15
dslfmae_like_baseline,1771,66,16,M15R15N5,66,3.444444444444445e-05,0.033720555094381176,212.0,177.0,29.67668914794922,3.8122360706329346,33.48892521858215,170.0,189.34848484848484,15,15,5
dslfmae_like_baseline,1772,66,17,M15R15N10,66,3.440740740740741e-05,-0.02393678850494325,397.0,374.0,57.48988389968872,6.792291641235352,64.28217554092407,370.0,394.04545454545456,15,15,10
dslfmae_like_baseline,1773,66,18,M15R15N15,66,3.437037037037038e-05,-0.000613804700801016,561.0,546.0,85.59457802772522,9.786342144012451,95.38092017173767,537.0,585.1212121212121,15,15,15
dslfmae_like_baseline,1774,66,19,M20R5N5,66,3.433333333333334e-05,-0.052450474351644516,68.0,72.0,8.413847208023071,0.7686173915863037,9.182464599609375,63.0,72.46969696969697,20,5,5
dslfmae_like_baseline,1775,66,20,M20R5N10,66,3.4296296296296294e-05,0.001620830145839136,193.0,193.0,17.69710683822632,1.6923315525054932,19.38943839073181,193.0,193.54545454545453,20,5,10
dslfmae_like_baseline,1776,66,21,M20R5N15,66,3.4259259259259255e-05,0.010341020611425241,338.0,359.0,26.758288145065308,2.394853353500366,29.153141498565674,322.0,343.6969696969697,20,5,15
dslfmae_like_baseline,1777,66,22,M20R10N5,66,3.4222222222222224e-05,0.007998159126145765,95.0,115.0,17.578243494033813,1.935051441192627,19.51329493522644,83.0,94.65151515151516,20,10,5
dslfmae_like_baseline,1778,66,23,M20R10N10,66,3.4185185185185185e-05,-0.045085507134596504,192.0,215.0,33.54166316986084,3.458897590637207,37.00056076049805,192.0,219.42424242424244,20,10,10
dslfmae_like_baseline,1779,66,24,M20R10N15,66,3.4148148148148153e-05,0.04318747762590647,344.0,340.0,55.47428226470947,6.642693996429443,62.116976261138916,312.0,338.6363636363636,20,10,15
dslfmae_like_baseline,1780,66,25,M20R15N5,66,3.4111111111111115e-05,0.00562445279986908,146.0,155.0,27.564975261688232,3.3942859172821045,30.959261178970337,134.0,149.56060606060606,20,15,5
dslfmae_like_baseline,1781,66,26,M20R15N10,66,3.407407407407408e-05,-0.006245441851206124,248.0,241.0,63.03453040122986,8.11665964126587,71.15119004249573,226.0,254.56060606060606,20,15,10
dslfmae_like_baseline,1782,66,27,M20R15N15,66,3.403703703703703e-05,-0.012306839161153351,343.0,331.0,94.1488790512085,11.86564588546753,106.01452493667603,327.0,355.3484848484849,20,15,15
dslfmae_like_baseline,1783,67,1,M10R5N5,67,3.4e-05,0.0009196089231409132,178.0,186.0,7.412170171737671,0.594902753829956,8.007072925567627,173.0,189.11940298507463,10,5,5
dslfmae_like_baseline,1784,67,2,M10R5N10,67,3.396296296296296e-05,-0.010985532309859991,353.0,367.0,17.071486473083496,1.3689401149749756,18.44042658805847,327.0,360.0149253731343,10,5,10
dslfmae_like_baseline,1785,67,3,M10R5N15,67,3.392592592592593e-05,-0.002729413545845697,484.0,485.0,24.441248893737793,2.001645565032959,26.442894458770752,464.0,482.32835820895525,10,5,15
dslfmae_like_baseline,1786,67,4,M10R10N5,67,3.388888888888889e-05,0.03372262232005596,242.0,245.0,18.288597583770752,1.7858660221099854,20.074463605880737,228.0,253.0597014925373,10,10,5
dslfmae_like_baseline,1787,67,5,M10R10N10,67,3.385185185185186e-05,0.016529943328350782,452.0,443.0,34.812551498413086,3.2454469203948975,38.05799841880798,423.0,454.82089552238807,10,10,10
dslfmae_like_baseline,1788,67,6,M10R10N15,67,3.381481481481482e-05,-0.02096321517601609,691.0,683.0,53.737663984298706,5.479591369628906,59.21725535392761,661.0,734.0895522388059,10,10,15
dslfmae_like_baseline,1789,67,7,M10R15N5,67,3.3777777777777776e-05,-0.0009832893459436793,363.0,358.0,28.06013560295105,3.0782530307769775,31.138388633728027,347.0,378.64179104477614,10,15,5
dslfmae_like_baseline,1790,67,8,M10R15N10,67,3.374074074074074e-05,0.018712709192186594,587.0,637.0,62.76311445236206,6.797119379043579,69.56023383140564,591.0,634.6567164179105,10,15,10
dslfmae_like_baseline,1791,67,9,M10R15N15,67,3.3703703703703706e-05,0.0012150637739978265,996.0,967.0,96.71772861480713,11.146127462387085,107.86385607719421,967.0,1040.910447761194,10,15,15
dslfmae_like_baseline,1792,67,10,M15R5N5,67,3.366666666666667e-05,0.13047973439097404,177.0,184.0,9.455936431884766,0.8548707962036133,10.310807228088379,148.0,170.044776119403,15,5,5
dslfmae_like_baseline,1793,67,11,M15R5N10,67,3.3629629629629636e-05,0.06439032079651952,277.0,257.0,16.19314932823181,1.3949294090270996,17.58807873725891,204.0,239.37313432835822,15,5,10
dslfmae_like_baseline,1794,67,12,M15R5N15,67,3.35925925925926e-05,-0.041466285940259695,249.0,249.0,23.775709629058838,2.0523250102996826,25.82803463935852,239.0,269.25373134328356,15,5,15
dslfmae_like_baseline,1795,67,13,M15R10N5,67,3.3555555555555566e-05,0.0707109346985817,171.0,161.0,17.50979208946228,1.8053264617919922,19.315118551254272,136.0,153.3134328358209,15,10,5
dslfmae_like_baseline,1796,67,14,M15R10N10,67,3.3518518518518514e-05,-0.040094149531796575,266.0,252.0,41.78390693664551,4.79431939125061,46.57822632789612,229.0,257.92537313432837,15,10,10
dslfmae_like_baseline,1797,67,15,M15R10N15,67,3.348148148148148e-05,-0.01792982518672943,290.0,304.0,59.658833265304565,5.996982097625732,65.6558153629303,241.0,266.74626865671644,15,10,15
dslfmae_like_baseline,1798,67,16,M15R15N5,67,3.3444444444444443e-05,0.024594984482973814,201.0,177.0,29.18538784980774,3.500913381576538,32.68630123138428,170.0,189.16417910447763,15,15,5
dslfmae_like_baseline,1799,67,17,M15R15N10,67,3.340740740740741e-05,-0.02763317683711648,375.0,372.0,57.37755537033081,6.6848578453063965,64.0624132156372,370.0,393.7164179104478,15,15,10
dslfmae_like_baseline,1800,67,18,M15R15N15,67,3.337037037037037e-05,0.011137150061715926,550.0,557.0,87.02616238594055,9.96342420578003,96.98958659172058,537.0,584.7014925373135,15,15,15
dslfmae_like_baseline,1801,67,19,M20R5N5,67,3.333333333333334e-05,0.11974066309630871,77.0,77.0,8.360773801803589,0.753286600112915,9.114060401916504,63.0,72.53731343283582,20,5,5
dslfmae_like_baseline,1802,67,20,M20R5N10,67,3.32962962962963e-05,-0.015872407471761107,193.0,193.0,17.472442626953125,1.5797038078308105,19.052146434783936,193.0,193.53731343283582,20,5,10
dslfmae_like_baseline,1803,67,21,M20R5N15,67,3.325925925925926e-05,-0.013692517764866352,370.0,352.0,25.624210834503174,2.3736379146575928,27.997848749160767,322.0,343.82089552238807,20,5,15
dslfmae_like_baseline,1804,67,22,M20R10N5,67,3.322222222222222e-05,-0.11487531010061502,93.0,100.0,17.246461629867554,1.7885546684265137,19.035016298294067,83.0,94.73134328358209,20,10,5
dslfmae_like_baseline,1805,67,23,M20R10N10,67,3.318518518518519e-05,-0.030737769324332476,226.0,216.0,34.577738523483276,3.8490867614746094,38.426825284957886,192.0,219.37313432835822,20,10,10
dslfmae_like_baseline,1806,67,24,M20R10N15,67,3.314814814814815e-05,0.06890294663608074,347.0,341.0,56.92642116546631,6.316210508346558,63.242631673812866,312.0,338.67164179104475,20,10,15
dslfmae_like_baseline,1807,67,25,M20R15N5,67,3.311111111111112e-05,-0.014061471253323058,141.0,145.0,27.56112265586853,3.3886752128601074,30.949797868728638,134.0,149.49253731343285,20,15,5
dslfmae_like_baseline,1808,67,26,M20R15N10,67,3.307407407407408e-05,-0.012210797751322389,258.0,228.0,63.73521137237549,8.216597080230713,71.9518084526062,226.0,254.16417910447763,20,15,10
dslfmae_like_baseline,1809,67,27,M20R15N15,67,3.303703703703704e-05,-0.013486507315454739,344.0,339.0,94.33849906921387,11.374067306518555,105.71256637573242,327.0,355.1044776119403,20,15,15
dslfmae_like_baseline,1810,68,1,M10R5N5,68,3.2999999999999996e-05,-0.01026331470347941,172.0,176.0,6.902328014373779,0.5665974617004395,7.468925476074219,173.0,188.9264705882353,10,5,5
dslfmae_like_baseline,1811,68,2,M10R5N10,68,3.2962962962962964e-05,0.02183243539184332,363.0,370.0,16.393028736114502,1.3263137340545654,17.719342470169067,327.0,360.1617647058824,10,5,10
dslfmae_like_baseline,1812,68,3,M10R5N15,68,3.2925925925925926e-05,-0.0021716531434018784,496.0,494.0,23.834192514419556,1.9538023471832275,25.787994861602783,464.0,482.5,10,5,15
dslfmae_like_baseline,1813,68,4,M10R10N5,68,3.2888888888888894e-05,-0.0045772445446345955,227.0,246.0,19.080273866653442,1.9498026371002197,21.030076503753662,228.0,252.9558823529412,10,10,5
dslfmae_like_baseline,1814,68,5,M10R10N10,68,3.2851851851851856e-05,0.0145701898727566,443.0,451.0,36.443867206573486,3.532371997833252,39.97623920440674,423.0,454.7647058823529,10,10,10
dslfmae_like_baseline,1815,68,6,M10R10N15,68,3.281481481481482e-05,-0.009746392909437417,682.0,694.0,52.12838935852051,4.959011554718018,57.087400913238525,661.0,733.5,10,10,15
dslfmae_like_baseline,1816,68,7,M10R15N5,68,3.277777777777777e-05,-0.0026255652774125338,362.0,378.0,27.5598042011261,3.0329835414886475,30.592787742614746,347.0,378.63235294117646,10,15,5
dslfmae_like_baseline,1817,68,8,M10R15N10,68,3.274074074074074e-05,0.028226638305932285,617.0,633.0,61.619319677352905,6.740356683731079,68.35967636108398,591.0,634.6323529411765,10,15,10
dslfmae_like_baseline,1818,68,9,M10R15N15,68,3.27037037037037e-05,-0.008038097454118542,988.0,995.0,94.96960639953613,10.56525707244873,105.53486347198486,967.0,1040.235294117647,10,15,15
dslfmae_like_baseline,1819,68,10,M15R5N5,68,3.266666666666667e-05,0.00789221073500812,161.0,161.0,9.014329671859741,0.8611087799072266,9.875438451766968,148.0,169.91176470588235,15,5,5
dslfmae_like_baseline,1820,68,11,M15R5N10,68,3.262962962962963e-05,0.06110872235149145,262.0,277.0,15.936041116714478,1.3869879245758057,17.323029041290283,204.0,239.9264705882353,15,5,10
dslfmae_like_baseline,1821,68,12,M15R5N15,68,3.25925925925926e-05,0.01352004943570743,266.0,258.0,23.619753122329712,2.2001192569732666,25.81987237930298,239.0,269.0882352941176,15,5,15
dslfmae_like_baseline,1822,68,13,M15R10N5,68,3.255555555555556e-05,0.01033233804628253,143.0,152.0,18.04627251625061,1.9558894634246826,20.002161979675293,136.0,153.2941176470588,15,10,5
dslfmae_like_baseline,1823,68,14,M15R10N10,68,3.2518518518518516e-05,-0.029240099829621613,253.0,252.0,42.615418910980225,4.636952638626099,47.25237154960632,229.0,257.8382352941176,15,10,10
dslfmae_like_baseline,1824,68,15,M15R10N15,68,3.248148148148148e-05,-0.008980962017085403,304.0,301.0,58.96867108345032,6.077952861785889,65.0466239452362,241.0,267.25,15,10,15
dslfmae_like_baseline,1825,68,16,M15R15N5,68,3.2444444444444446e-05,0.06904745412369569,222.0,183.0,29.389093160629272,3.5387613773345947,32.92785453796387,170.0,189.0735294117647,15,15,5
dslfmae_like_baseline,1826,68,17,M15R15N10,68,3.240740740740741e-05,-0.044732912257313726,386.0,371.0,57.98011779785156,7.086158990859985,65.06627678871155,370.0,393.38235294117646,15,15,10
dslfmae_like_baseline,1827,68,18,M15R15N15,68,3.2370370370370376e-05,-0.005992454788481284,578.0,538.0,85.57602119445801,9.589871644973755,95.16589283943176,537.0,584.0147058823529,15,15,15
dslfmae_like_baseline,1828,68,19,M20R5N5,68,3.233333333333334e-05,0.06551436148583889,76.0,76.0,8.234999179840088,0.7434773445129395,8.978476524353027,63.0,72.58823529411765,20,5,5
dslfmae_like_baseline,1829,68,20,M20R5N10,68,3.22962962962963e-05,-0.028038809075951576,193.0,193.0,17.29571843147278,1.6502649784088135,18.945983409881592,193.0,193.52941176470588,20,5,10
dslfmae_like_baseline,1830,68,21,M20R5N15,68,3.2259259259259254e-05,-0.011357308054963747,352.0,352.0,26.88287591934204,2.5847537517547607,29.4676296710968,322.0,343.94117647058823,20,5,15
dslfmae_like_baseline,1831,68,22,M20R10N5,68,3.222222222222222e-05,-0.0744767701253295,88.0,94.0,17.93550968170166,2.007733106613159,19.94324278831482,83.0,94.72058823529412,20,10,5
dslfmae_like_baseline,1832,68,23,M20R10N10,68,3.2185185185185184e-05,-0.010321373236365616,208.0,203.0,33.15536332130432,3.4806642532348633,36.636027574539185,192.0,219.13235294117646,20,10,10
dslfmae_like_baseline,1833,68,24,M20R10N15,68,3.214814814814815e-05,0.05059448461979628,328.0,321.0,55.354275941848755,6.118264198303223,61.47254014015198,312.0,338.4117647058824,20,10,15
dslfmae_like_baseline,1834,68,25,M20R15N5,68,3.2111111111111114e-05,0.05160169520725807,166.0,149.0,27.73301100730896,3.405590057373047,31.138601064682007,134.0,149.48529411764707,20,15,5
dslfmae_like_baseline,1835,68,26,M20R15N10,68,3.2074074074074075e-05,-0.021942306170240046,248.0,250.0,63.9171679019928,8.28345799446106,72.20062589645386,226.0,254.10294117647058,20,15,10
dslfmae_like_baseline,1836,68,27,M20R15N15,68,3.2037037037037044e-05,-0.03536476381123066,349.0,333.0,93.85169720649719,11.919152736663818,105.77084994316101,327.0,354.77941176470586,20,15,15
dslfmae_like_baseline,1837,69,1,M10R5N5,69,3.2e-05,0.0028035923023708165,178.0,172.0,7.275352239608765,0.6254966259002686,7.900848865509033,172.0,188.68115942028984,10,5,5
dslfmae_like_baseline,1838,69,2,M10R5N10,69,3.196296296296296e-05,0.01663349592126906,353.0,387.0,16.714120626449585,1.5042264461517334,18.21834707260132,327.0,360.5507246376812,10,5,10
dslfmae_like_baseline,1839,69,3,M10R5N15,69,3.192592592592593e-05,-0.008651431067846715,475.0,485.0,25.075088500976562,2.1939520835876465,27.26904058456421,464.0,482.536231884058,10,5,15
dslfmae_like_baseline,1840,69,4,M10R10N5,69,3.188888888888889e-05,0.05445636110380292,246.0,240.0,18.46328330039978,1.8191585540771484,20.28244185447693,228.0,252.768115942029,10,10,5
dslfmae_like_baseline,1841,69,5,M10R10N10,69,3.185185185185185e-05,0.02668684379508098,443.0,432.0,35.31646513938904,3.2870075702667236,38.60347270965576,423.0,454.4347826086956,10,10,10
dslfmae_like_baseline,1842,69,6,M10R10N15,69,3.181481481481482e-05,-0.017219395469874145,682.0,732.0,53.57044529914856,5.176558017730713,58.74700331687927,661.0,733.4782608695652,10,10,15
dslfmae_like_baseline,1843,69,7,M10R15N5,69,3.177777777777778e-05,-0.009492376858058075,357.0,377.0,28.523847579956055,3.058166742324829,31.582014322280884,347.0,378.60869565217394,10,15,5
dslfmae_like_baseline,1844,69,8,M10R15N10,69,3.1740740740740736e-05,0.028791995812207462,620.0,620.0,63.80203819274902,6.984459161758423,70.78649735450745,591.0,634.4202898550725,10,15,10
dslfmae_like_baseline,1845,69,9,M10R15N15,69,3.1703703703703705e-05,-0.00282394778332673,977.0,996.0,93.58326697349548,11.169894933700562,104.75316190719604,967.0,1039.5942028985507,10,15,15
dslfmae_like_baseline,1846,69,10,M15R5N5,69,3.1666666666666666e-05,0.0039487495087087154,162.0,161.0,9.431931495666504,0.8611471652984619,10.293078660964966,148.0,169.7826086956522,15,5,5
dslfmae_like_baseline,1847,69,11,M15R5N10,69,3.1629629629629634e-05,-0.032515525817871094,208.0,257.0,16.33189582824707,1.512855052947998,17.84475088119507,204.0,240.17391304347825,15,5,10
dslfmae_like_baseline,1848,69,12,M15R5N15,69,3.1592592592592596e-05,0.02173802504936854,258.0,279.0,24.32927632331848,2.067476987838745,26.396753311157227,239.0,269.231884057971,15,5,15
dslfmae_like_baseline,1849,69,13,M15R10N5,69,3.155555555555556e-05,0.031678996281698346,146.0,150.0,18.030829191207886,1.876976490020752,19.907805681228638,136.0,153.2463768115942,15,10,5
dslfmae_like_baseline,1850,69,14,M15R10N10,69,3.1518518518518526e-05,-0.00602423903910676,247.0,236.0,42.83545780181885,4.594756841659546,47.430214643478394,229.0,257.5217391304348,15,10,10
dslfmae_like_baseline,1851,69,15,M15R10N15,69,3.148148148148148e-05,0.003936907014576718,293.0,302.0,60.09798526763916,6.045372486114502,66.14335775375366,241.0,267.7536231884058,15,10,15
dslfmae_like_baseline,1852,69,16,M15R15N5,69,3.144444444444444e-05,0.014887840254232287,192.0,178.0,29.679016828536987,3.7478599548339844,33.42687678337097,170.0,188.91304347826087,15,15,5
dslfmae_like_baseline,1853,69,17,M15R15N10,69,3.140740740740741e-05,-0.02666223021224141,372.0,380.0,57.68587350845337,6.5935351848602295,64.2794086933136,370.0,393.18840579710144,15,15,10
dslfmae_like_baseline,1854,69,18,M15R15N15,69,3.137037037037037e-05,-0.00878139043093792,528.0,554.0,84.38689255714417,10.447346925735474,94.83423948287964,537.0,583.5797101449275,15,15,15
dslfmae_like_baseline,1855,69,19,M20R5N5,69,3.1333333333333334e-05,0.08189495280385017,79.0,75.0,8.437653064727783,0.8415420055389404,9.279195070266724,63.0,72.6231884057971,20,5,5
dslfmae_like_baseline,1856,69,20,M20R5N10,69,3.12962962962963e-05,-0.008682166459038854,193.0,193.0,17.358744859695435,1.6089928150177002,18.967737674713135,193.0,193.52173913043478,20,5,10
dslfmae_like_baseline,1857,69,21,M20R5N15,69,3.1259259259259264e-05,0.00866929340797166,368.0,350.0,25.888617753982544,2.449374198913574,28.337991952896118,322.0,344.0289855072464,20,5,15
dslfmae_like_baseline,1858,69,22,M20R10N5,69,3.122222222222222e-05,-0.1276791887357831,84.0,94.0,17.48141312599182,1.8559603691101074,19.33737349510193,83.0,94.71014492753623,20,10,5
dslfmae_like_baseline,1859,69,23,M20R10N10,69,3.118518518518519e-05,-0.0108720186787347,222.0,297.0,33.28041934967041,3.4759716987609863,36.7563910484314,192.0,220.2608695652174,20,10,10
dslfmae_like_baseline,1860,69,24,M20R10N15,69,3.114814814814815e-05,0.053027445636689666,328.0,352.0,56.328912019729614,6.034838914871216,62.36375093460083,312.0,338.60869565217394,20,10,15
dslfmae_like_baseline,1861,69,25,M20R15N5,69,3.111111111111111e-05,0.035275598522275686,156.0,153.0,27.717483282089233,3.5607218742370605,31.278205156326294,134.0,149.53623188405797,20,15,5
dslfmae_like_baseline,1862,69,26,M20R15N10,69,3.107407407407408e-05,-0.00816457454347983,246.0,238.0,62.59353160858154,7.9646289348602295,70.55816054344177,226.0,253.8695652173913,20,15,10
dslfmae_like_baseline,1863,69,27,M20R15N15,69,3.103703703703704e-05,-0.030413983522781303,346.0,348.0,93.11116075515747,12.011579275131226,105.1227400302887,327.0,354.6811594202899,20,15,15
dslfmae_like_baseline,1864,70,1,M10R5N5,70,3.100000000000001e-05,0.020105721428990364,186.0,176.0,7.05091667175293,0.5618302822113037,7.612746953964233,172.0,188.5,10,5,5
dslfmae_like_baseline,1865,70,2,M10R5N10,70,3.096296296296296e-05,0.03481807792559266,365.0,372.0,16.493298768997192,1.3843729496002197,17.877671718597412,327.0,360.7142857142857,10,5,10
dslfmae_like_baseline,1866,70,3,M10R5N15,70,3.0925925925925924e-05,-0.010730877096648328,499.0,485.0,24.304567098617554,1.997549057006836,26.30211615562439,464.0,482.57142857142856,10,5,15
dslfmae_like_baseline,1867,70,4,M10R10N5,70,3.088888888888889e-05,0.024246589979156852,245.0,241.0,18.318341732025146,1.7902135848999023,20.10855531692505,228.0,252.6,10,10,5
dslfmae_like_baseline,1868,70,5,M10R10N10,70,3.0851851851851854e-05,0.02722009178251028,446.0,439.0,35.18242359161377,3.384247303009033,38.5666708946228,423.0,454.2142857142857,10,10,10
dslfmae_like_baseline,1869,70,6,M10R10N15,70,3.0814814814814816e-05,-0.02725487491115928,678.0,693.0,53.26956558227539,5.009903430938721,58.27946901321411,661.0,732.9,10,10,15
dslfmae_like_baseline,1870,70,7,M10R15N5,70,3.0777777777777784e-05,0.0017373735608998686,354.0,395.0,28.947978019714355,3.2769272327423096,32.224905252456665,347.0,378.84285714285716,10,15,5
dslfmae_like_baseline,1871,70,8,M10R15N10,70,3.0740740740740746e-05,0.03175400570034981,589.0,603.0,60.894567012786865,6.6281468868255615,67.52271389961243,591.0,633.9714285714285,10,15,10
dslfmae_like_baseline,1872,70,9,M10R15N15,70,3.07037037037037e-05,-0.004300946309740539,986.0,990.0,95.36455249786377,10.618622303009033,105.9831748008728,967.0,1038.8857142857144,10,15,15
dslfmae_like_baseline,1873,70,10,M15R5N5,70,3.066666666666667e-05,0.06507962010800838,178.0,162.0,9.148919820785522,0.7940971851348877,9.94301700592041,148.0,169.67142857142858,15,5,5
dslfmae_like_baseline,1874,70,11,M15R5N10,70,3.062962962962963e-05,0.05846437672153115,277.0,277.0,16.424253225326538,1.3982443809509277,17.822497606277466,204.0,240.7,15,5,10
dslfmae_like_baseline,1875,70,12,M15R5N15,70,3.059259259259259e-05,-0.04493587433050076,264.0,252.0,23.948907613754272,2.0691840648651123,26.018091678619385,239.0,268.98571428571427,15,5,15
dslfmae_like_baseline,1876,70,13,M15R10N5,70,3.055555555555556e-05,0.04547260142862797,159.0,150.0,17.880040407180786,1.8547194004058838,19.73475980758667,136.0,153.2,15,10,5
dslfmae_like_baseline,1877,70,14,M15R10N10,70,3.051851851851852e-05,-0.02214851148892194,236.0,258.0,42.89110088348389,4.559321641921997,47.450422525405884,229.0,257.5285714285714,15,10,10
dslfmae_like_baseline,1878,70,15,M15R10N15,70,3.0481481481481477e-05,-0.0008744877297431231,300.0,297.0,60.0393762588501,6.210150480270386,66.24952673912048,241.0,268.1714285714286,15,10,15
dslfmae_like_baseline,1879,70,16,M15R15N5,70,3.0444444444444442e-05,0.03298726755504807,201.0,198.0,29.142734050750732,3.450946092605591,32.59368014335632,170.0,189.04285714285714,15,15,5
dslfmae_like_baseline,1880,70,17,M15R15N10,70,3.0407407407407407e-05,-0.02511108936741948,370.0,387.0,55.49504232406616,6.8550519943237305,62.35009431838989,370.0,393.1,15,15,10
dslfmae_like_baseline,1881,70,18,M15R15N15,70,3.037037037037037e-05,-0.005615863782752838,554.0,575.0,84.09771704673767,9.66930341720581,93.76702046394348,537.0,583.4571428571429,15,15,15
dslfmae_like_baseline,1882,70,19,M20R5N5,70,3.0333333333333337e-05,-0.03294647764414549,76.0,75.0,8.537488222122192,0.7493999004364014,9.286888122558594,63.0,72.65714285714286,20,5,5
dslfmae_like_baseline,1883,70,20,M20R5N10,70,3.02962962962963e-05,-0.010104044224135578,193.0,193.0,17.26606559753418,1.5740702152252197,18.8401358127594,193.0,193.5142857142857,20,5,10
dslfmae_like_baseline,1884,70,21,M20R5N15,70,3.0259259259259266e-05,0.022563234126816194,345.0,349.0,26.224024057388306,2.4065299034118652,28.63055396080017,322.0,344.1,20,5,15
dslfmae_like_baseline,1885,70,22,M20R10N5,70,3.0222222222222218e-05,-0.07103687897324562,83.0,94.0,17.620823621749878,1.8483233451843262,19.469146966934204,83.0,94.7,20,10,5
dslfmae_like_baseline,1886,70,23,M20R10N10,70,3.0185185185185183e-05,0.010347302886657417,221.0,196.0,33.54831290245056,3.558758020401001,37.10707092285156,192.0,219.9142857142857,20,10,10
dslfmae_like_baseline,1887,70,24,M20R10N15,70,3.0148148148148148e-05,0.03851618953049183,320.0,328.0,56.64991116523743,6.264807224273682,62.91471838951111,312.0,338.45714285714286,20,10,15
dslfmae_like_baseline,1888,70,25,M20R15N5,70,3.0111111111111113e-05,0.01713958941400051,148.0,150.0,27.187355041503906,3.340963363647461,30.528318405151367,134.0,149.54285714285714,20,15,5
dslfmae_like_baseline,1889,70,26,M20R15N10,70,3.0074074074074078e-05,0.0015109100873814895,254.0,249.0,61.74878406524658,8.651189088821411,70.399973154068,226.0,253.8,20,15,10
dslfmae_like_baseline,1890,70,27,M20R15N15,70,3.0037037037037043e-05,-0.03513449137764318,345.0,349.0,94.01443386077881,11.51752781867981,105.53196167945862,327.0,354.6,20,15,15
dslfmae_like_baseline,1891,71,1,M10R5N5,71,3.0000000000000008e-05,0.057064554654061794,195.0,176.0,7.174763441085815,0.5695271492004395,7.744290590286255,172.0,188.32394366197184,10,5,5
dslfmae_like_baseline,1892,71,2,M10R5N10,71,2.996296296296296e-05,0.08096368797123432,410.0,422.0,16.573771953582764,1.3630950450897217,17.936866998672485,327.0,361.5774647887324,10,5,10
dslfmae_like_baseline,1893,71,3,M10R5N15,71,2.9925925925925924e-05,-0.04100778295348088,468.0,477.0,24.99099612236023,2.006568193435669,26.9975643157959,464.0,482.49295774647885,10,5,15
dslfmae_like_baseline,1894,71,4,M10R10N5,71,2.988888888888889e-05,0.021405259612947702,244.0,228.0,18.94580340385437,1.876875877380371,20.82267928123474,228.0,252.25352112676057,10,10,5
dslfmae_like_baseline,1895,71,5,M10R10N10,71,2.9851851851851854e-05,0.004479685720677177,440.0,439.0,35.44116020202637,3.3878116607666016,38.82897186279297,423.0,454.0,10,10,10
dslfmae_like_baseline,1896,71,6,M10R10N15,71,2.981481481481482e-05,-0.013044528430327773,709.0,687.0,53.018062114715576,5.001905918121338,58.019968032836914,661.0,732.2535211267606,10,10,15
dslfmae_like_baseline,1897,71,7,M10R15N5,71,2.9777777777777784e-05,-0.00803559486909459,354.0,352.0,27.428930282592773,3.0226690769195557,30.45159935951233,347.0,378.46478873239437,10,15,5
dslfmae_like_baseline,1898,71,8,M10R15N10,71,2.9740740740740745e-05,0.02953724656254053,608.0,592.0,62.30950164794922,7.346606969833374,69.65610861778259,591.0,633.3802816901408,10,15,10
dslfmae_like_baseline,1899,71,9,M10R15N15,71,2.97037037037037e-05,0.0046192670342861675,993.0,1009.0,95.00740361213684,10.406328439712524,105.41373205184937,967.0,1038.4647887323943,10,15,15
dslfmae_like_baseline,1900,71,10,M15R5N5,71,2.9666666666666665e-05,0.06228662095963955,179.0,161.0,9.217552900314331,0.8175532817840576,10.035106182098389,148.0,169.54929577464787,15,5,5
dslfmae_like_baseline,1901,71,11,M15R5N10,71,2.962962962962963e-05,-0.05677225813269615,207.0,297.0,16.598967790603638,1.4349219799041748,18.033889770507812,204.0,241.49295774647888,15,5,10
dslfmae_like_baseline,1902,71,12,M15R5N15,71,2.9592592592592595e-05,-0.004996125217682372,272.0,269.0,24.428298711776733,2.1015851497650146,26.529883861541748,239.0,268.98591549295776,15,5,15
dslfmae_like_baseline,1903,71,13,M15R10N5,71,2.955555555555556e-05,-0.002560269844252616,139.0,153.0,18.27280831336975,1.8608617782592773,20.13367009162903,136.0,153.19718309859155,15,10,5
dslfmae_like_baseline,1904,71,14,M15R10N10,71,2.9518518518518525e-05,0.00731139921117574,251.0,252.0,43.03623127937317,4.800896406173706,47.837127685546875,229.0,257.4507042253521,15,10,10
dslfmae_like_baseline,1905,71,15,M15R10N15,71,2.9481481481481486e-05,0.004275480931391939,276.0,302.0,59.83827567100525,5.945790529251099,65.78406620025635,241.0,268.6478873239437,15,10,15
dslfmae_like_baseline,1906,71,16,M15R15N5,71,2.944444444444444e-05,-0.003822021283364544,177.0,183.0,28.56576132774353,3.458096981048584,32.023858308792114,170.0,188.95774647887325,15,15,5
dslfmae_like_baseline,1907,71,17,M15R15N10,71,2.9407407407407406e-05,0.0007783029490383342,404.0,407.0,58.32802224159241,6.8712310791015625,65.19925332069397,370.0,393.2957746478873,15,15,10
dslfmae_like_baseline,1908,71,18,M15R15N15,71,2.937037037037037e-05,-0.0027809809419393006,554.0,560.0,84.26936173439026,9.593537092208862,93.86289882659912,537.0,583.1267605633802,15,15,15
dslfmae_like_baseline,1909,71,19,M20R5N5,71,2.9333333333333336e-05,0.08969251252710819,81.0,76.0,8.571645736694336,0.7636549472808838,9.33530068397522,63.0,72.70422535211267,20,5,5
dslfmae_like_baseline,1910,71,20,M20R5N10,71,2.92962962962963e-05,-0.018759395694360137,193.0,193.0,17.643416166305542,1.6094071865081787,19.25282335281372,193.0,193.50704225352112,20,5,10
dslfmae_like_baseline,1911,71,21,M20R5N15,71,2.9259259259259262e-05,-0.013080668170005083,337.0,345.0,26.648550748825073,2.3977410793304443,29.046291828155518,322.0,344.11267605633805,20,5,15
dslfmae_like_baseline,1912,71,22,M20R10N5,71,2.9222222222222227e-05,-0.043853027280420065,105.0,94.0,17.95375370979309,1.8462600708007812,19.800013780593872,83.0,94.69014084507042,20,10,5
dslfmae_like_baseline,1913,71,23,M20R10N10,71,2.9185185185185182e-05,-0.047321733397742115,225.0,215.0,33.895984411239624,3.54518985748291,37.441174268722534,192.0,219.8450704225352,20,10,10
dslfmae_like_baseline,1914,71,24,M20R10N15,71,2.9148148148148147e-05,0.05258806757628918,349.0,332.0,55.642324924468994,5.972365617752075,61.61469054222107,312.0,338.36619718309856,20,10,15
dslfmae_like_baseline,1915,71,25,M20R15N5,71,2.9111111111111112e-05,0.021389190107584,156.0,152.0,26.77949023246765,3.5945329666137695,30.37402319908142,134.0,149.57746478873239,20,15,5
dslfmae_like_baseline,1916,71,26,M20R15N10,71,2.9074074074074077e-05,-0.004667932589654811,255.0,274.0,63.69014525413513,8.024669885635376,71.71481513977051,226.0,254.08450704225353,20,15,10
dslfmae_like_baseline,1917,71,27,M20R15N15,71,2.9037037037037042e-05,-0.024898599633680924,353.0,335.0,94.22071599960327,11.75308871269226,105.97380471229553,327.0,354.32394366197184,20,15,15
dslfmae_like_baseline,1918,72,1,M10R5N5,72,2.9000000000000004e-05,-0.023500364273786545,173.0,174.0,7.168509483337402,0.5873246192932129,7.755834102630615,172.0,188.125,10,5,5
dslfmae_like_baseline,1919,72,2,M10R5N10,72,2.896296296296297e-05,0.030171187594532967,374.0,422.0,17.22826313972473,1.4420146942138672,18.6702778339386,327.0,362.4166666666667,10,5,10
dslfmae_like_baseline,1920,72,3,M10R5N15,72,2.8925925925925923e-05,-0.006323655252344906,481.0,483.0,25.1971173286438,2.031635046005249,27.228752374649048,464.0,482.5,10,5,15
dslfmae_like_baseline,1921,72,4,M10R10N5,72,2.8888888888888888e-05,0.0634862701408565,262.0,244.0,19.355082988739014,1.951303482055664,21.306386470794678,228.0,252.13888888888889,10,10,5
dslfmae_like_baseline,1922,72,5,M10R10N10,72,2.8851851851851853e-05,0.020874806835005682,436.0,441.0,35.42663908004761,3.329566717147827,38.756205797195435,423.0,453.81944444444446,10,10,10
dslfmae_like_baseline,1923,72,6,M10R10N15,72,2.8814814814814818e-05,-0.03092258106917143,683.0,705.0,52.2775559425354,4.890074729919434,57.167630672454834,661.0,731.875,10,10,15
dslfmae_like_baseline,1924,72,7,M10R15N5,72,2.877777777777778e-05,0.005692923004971817,362.0,363.0,28.09425115585327,3.2092344760894775,31.30348563194275,347.0,378.25,10,15,5
dslfmae_like_baseline,1925,72,8,M10R15N10,72,2.8740740740740745e-05,0.03542588222771883,630.0,608.0,61.66793203353882,6.85024094581604,68.51817297935486,591.0,633.0277777777778,10,15,10
dslfmae_like_baseline,1926,72,9,M10R15N15,72,2.870370370370371e-05,-0.006043226458132267,1001.0,983.0,95.80379819869995,10.657622575759888,106.46142077445984,967.0,1037.6944444444443,10,15,15
dslfmae_like_baseline,1927,72,10,M15R5N5,72,2.8666666666666664e-05,-0.05090699065476656,158.0,177.0,9.451045513153076,0.8233489990234375,10.274394512176514,148.0,169.65277777777777,15,5,5
dslfmae_like_baseline,1928,72,11,M15R5N10,72,2.862962962962963e-05,0.02077793690841645,237.0,277.0,16.815871000289917,1.406334638595581,18.222205638885498,204.0,241.98611111111111,15,5,10
dslfmae_like_baseline,1929,72,12,M15R5N15,72,2.8592592592592594e-05,0.012307125919808945,264.0,265.0,24.081417083740234,2.1019904613494873,26.18340754508972,239.0,268.93055555555554,15,5,15
dslfmae_like_baseline,1930,72,13,M15R10N5,72,2.855555555555556e-05,0.03189768409356475,145.0,151.0,18.103132486343384,1.8971941471099854,20.00032663345337,136.0,153.16666666666666,15,10,5
dslfmae_like_baseline,1931,72,14,M15R10N10,72,2.851851851851852e-05,-0.010184087150264531,236.0,243.0,42.53657031059265,4.485344886779785,47.02191519737244,229.0,257.25,15,10,10
dslfmae_like_baseline,1932,72,15,M15R10N15,72,2.8481481481481486e-05,0.0016584442535531707,282.0,297.0,58.16484189033508,6.249130725860596,64.41397261619568,241.0,269.0416666666667,15,10,15
dslfmae_like_baseline,1933,72,16,M15R15N5,72,2.844444444444445e-05,0.013250271401678523,196.0,179.0,29.67061996459961,3.789720058441162,33.46034002304077,170.0,188.81944444444446,15,15,5
dslfmae_like_baseline,1934,72,17,M15R15N10,72,2.8407407407407405e-05,-0.01707685147412121,404.0,392.0,55.698025703430176,6.6461873054504395,62.344213008880615,370.0,393.27777777777777,15,15,10
dslfmae_like_baseline,1935,72,18,M15R15N15,72,2.837037037037037e-05,0.0018777747256016092,549.0,574.0,84.1611430644989,9.625815153121948,93.78695821762085,537.0,583.0,15,15,15
dslfmae_like_baseline,1936,72,19,M20R5N5,72,2.8333333333333335e-05,-0.07851107604801655,76.0,76.0,8.357125282287598,0.7533018589019775,9.110427141189575,63.0,72.75,20,5,5
dslfmae_like_baseline,1937,72,20,M20R5N10,72,2.8296296296296297e-05,-0.013907245360314846,193.0,193.0,17.667065382003784,1.694305658340454,19.36137104034424,193.0,193.5,20,5,10
dslfmae_like_baseline,1938,72,21,M20R5N15,72,2.8259259259259262e-05,0.019762777102490265,337.0,337.0,27.410021781921387,2.5388917922973633,29.94891357421875,322.0,344.0138888888889,20,5,15
dslfmae_like_baseline,1939,72,22,M20R10N5,72,2.8222222222222227e-05,-0.007859454199206084,95.0,104.0,17.512935400009155,1.8255629539489746,19.33849835395813,83.0,94.81944444444444,20,10,5
dslfmae_like_baseline,1940,72,23,M20R10N10,72,2.818518518518518e-05,-0.01473432049776117,222.0,215.0,32.730690479278564,3.4808969497680664,36.21158742904663,192.0,219.77777777777777,20,10,10
dslfmae_like_baseline,1941,72,24,M20R10N15,72,2.8148148148148147e-05,0.03401915524154901,355.0,358.0,55.40531349182129,6.589118719100952,61.99443221092224,312.0,338.6388888888889,20,10,15
dslfmae_like_baseline,1942,72,25,M20R15N5,72,2.811111111111111e-05,0.03384956267351905,168.0,157.0,28.135658502578735,3.430835247039795,31.56649374961853,134.0,149.68055555555554,20,15,5
dslfmae_like_baseline,1943,72,26,M20R15N10,72,2.8074074074074076e-05,-0.01401229128241539,258.0,283.0,62.25739932060242,7.991495132446289,70.2488944530487,226.0,254.48611111111111,20,15,10
dslfmae_like_baseline,1944,72,27,M20R15N15,72,2.8037037037037038e-05,-0.02871550978826625,347.0,346.0,94.68250870704651,11.712600946426392,106.3951096534729,327.0,354.2083333333333,20,15,15
dslfmae_like_baseline,1945,73,1,M10R5N5,73,2.8000000000000003e-05,0.013776185223832726,182.0,182.0,7.262293338775635,0.5863916873931885,7.848685026168823,172.0,188.04109589041096,10,5,5
dslfmae_like_baseline,1946,73,2,M10R5N10,73,2.7962962962962968e-05,0.010336921084672213,349.0,385.0,17.489615201950073,1.4798591136932373,18.96947431564331,327.0,362.7260273972603,10,5,10
dslfmae_like_baseline,1947,73,3,M10R5N15,73,2.7925925925925923e-05,-0.023290693915138643,481.0,482.0,24.543587684631348,2.040985584259033,26.58457326889038,464.0,482.4931506849315,10,5,15
dslfmae_like_baseline,1948,73,4,M10R10N5,73,2.7888888888888888e-05,0.055455046240240335,249.0,222.0,18.56774139404297,1.799483060836792,20.36722445487976,222.0,251.72602739726028,10,10,5
dslfmae_like_baseline,1949,73,5,M10R10N10,73,2.7851851851851853e-05,0.02848350427423914,439.0,441.0,34.828293800354004,3.3591554164886475,38.18744921684265,423.0,453.64383561643837,10,10,10
dslfmae_like_baseline,1950,73,6,M10R10N15,73,2.7814814814814814e-05,-0.015184841910377144,699.0,697.0,52.97397422790527,5.306523323059082,58.280497550964355,661.0,731.3972602739726,10,10,15
dslfmae_like_baseline,1951,73,7,M10R15N5,73,2.777777777777778e-05,0.00513459526700899,371.0,369.0,28.021901607513428,3.100187063217163,31.12208867073059,347.0,378.1232876712329,10,15,5
dslfmae_like_baseline,1952,73,8,M10R15N10,73,2.7740740740740744e-05,0.013777057966217398,600.0,578.0,61.00029134750366,6.8055853843688965,67.80587673187256,578.0,632.2739726027397,10,15,10
dslfmae_like_baseline,1953,73,9,M10R15N15,73,2.770370370370371e-05,0.0030737315446458524,997.0,1014.0,95.06670331954956,11.04595160484314,106.1126549243927,967.0,1037.3698630136987,10,15,15
dslfmae_like_baseline,1954,73,10,M15R5N5,73,2.7666666666666664e-05,0.0793221015483141,178.0,177.0,9.631529092788696,0.896857738494873,10.52838683128357,148.0,169.75342465753425,15,5,5
dslfmae_like_baseline,1955,73,11,M15R5N10,73,2.762962962962963e-05,0.0038061429222580045,237.0,217.0,16.61752963066101,1.3990075588226318,18.016537189483643,204.0,241.64383561643837,15,5,10
dslfmae_like_baseline,1956,73,12,M15R5N15,73,2.7592592592592594e-05,-0.024663057799140613,258.0,279.0,24.017964124679565,2.1092917919158936,26.12725591659546,239.0,269.06849315068496,15,5,15
dslfmae_like_baseline,1957,73,13,M15R10N5,73,2.7555555555555555e-05,0.03868999984115362,164.0,144.0,17.624651193618774,1.8014540672302246,19.426105260849,136.0,153.04109589041096,15,10,5
dslfmae_like_baseline,1958,73,14,M15R10N10,73,2.751851851851852e-05,-0.014027917379280552,248.0,265.0,42.13360404968262,4.807917356491089,46.941521406173706,229.0,257.35616438356163,15,10,10
dslfmae_like_baseline,1959,73,15,M15R10N15,73,2.7481481481481485e-05,-0.014939087023958564,272.0,297.0,60.4445104598999,5.907942533493042,66.35245299339294,241.0,269.4246575342466,15,10,15
dslfmae_like_baseline,1960,73,16,M15R15N5,73,2.744444444444445e-05,-0.0016656085887613397,189.0,178.0,29.413713216781616,3.5608577728271484,32.974570989608765,170.0,188.67123287671234,15,15,5
dslfmae_like_baseline,1961,73,17,M15R15N10,73,2.7407407407407405e-05,-0.006015661914716475,401.0,380.0,55.81910228729248,6.628757953643799,62.44786024093628,370.0,393.09589041095893,15,15,10
dslfmae_like_baseline,1962,73,18,M15R15N15,73,2.737037037037037e-05,0.0036138544570089187,574.0,561.0,84.9334123134613,9.756056785583496,94.6894690990448,537.0,582.6986301369863,15,15,15
dslfmae_like_baseline,1963,73,19,M20R5N5,73,2.733333333333333e-05,-0.051822155714035034,74.0,76.0,8.467530488967896,0.7501649856567383,9.217695474624634,63.0,72.79452054794521,20,5,5
dslfmae_like_baseline,1964,73,20,M20R5N10,73,2.7296296296296296e-05,-0.008286400465294719,193.0,193.0,17.345179080963135,1.625540018081665,18.9707190990448,193.0,193.4931506849315,20,5,10
dslfmae_like_baseline,1965,73,21,M20R5N15,73,2.725925925925926e-05,0.01701050375898679,347.0,334.0,25.518442153930664,2.3744559288024902,27.892898082733154,322.0,343.8767123287671,20,5,15
dslfmae_like_baseline,1966,73,22,M20R10N5,73,2.7222222222222226e-05,-0.0945636173710227,82.0,93.0,17.449984073638916,1.8240880966186523,19.27407217025757,83.0,94.79452054794521,20,10,5
dslfmae_like_baseline,1967,73,23,M20R10N10,73,2.718518518518519e-05,0.006483354334098597,209.0,211.0,33.368422508239746,3.643899440765381,37.01232194900513,192.0,219.65753424657535,20,10,10
dslfmae_like_baseline,1968,73,24,M20R10N15,73,2.7148148148148146e-05,0.04961137305945158,340.0,338.0,56.510743379592896,6.183073997497559,62.693817377090454,312.0,338.63013698630135,20,10,15
dslfmae_like_baseline,1969,73,25,M20R15N5,73,2.711111111111111e-05,0.013581779630233845,153.0,166.0,27.560028553009033,3.3866701126098633,30.946698665618896,134.0,149.9041095890411,20,15,5
dslfmae_like_baseline,1970,73,26,M20R15N10,73,2.7074074074074072e-05,-0.005571969039738178,255.0,232.0,62.31238579750061,8.200798034667969,70.51318383216858,226.0,254.17808219178082,20,15,10
dslfmae_like_baseline,1971,73,27,M20R15N15,73,2.7037037037037037e-05,-0.020533828596983637,350.0,394.0,96.27951717376709,11.65649938583374,107.93601655960083,327.0,354.75342465753425,20,15,15
dslfmae_like_baseline,1972,74,1,M10R5N5,74,2.7000000000000002e-05,0.006143541540950537,180.0,172.0,7.012455701828003,0.5457210540771484,7.558176755905151,172.0,187.82432432432432,10,5,5
dslfmae_like_baseline,1973,74,2,M10R5N10,74,2.6962962962962967e-05,0.06085619190707803,402.0,370.0,16.511722803115845,1.3801376819610596,17.891860485076904,327.0,362.8243243243243,10,5,10
dslfmae_like_baseline,1974,74,3,M10R5N15,74,2.6925925925925932e-05,-0.0298331620482107,477.0,476.0,24.31320071220398,1.976867437362671,26.29006814956665,464.0,482.4054054054054,10,5,15
dslfmae_like_baseline,1975,74,4,M10R10N5,74,2.6888888888888887e-05,0.0007095321925589815,244.0,259.0,18.324547290802002,1.8861935138702393,20.21074080467224,222.0,251.82432432432432,10,10,5
dslfmae_like_baseline,1976,74,5,M10R10N10,74,2.685185185185185e-05,0.025670181804647047,445.0,438.0,36.43595004081726,3.601962089538574,40.037912130355835,423.0,453.43243243243245,10,10,10
dslfmae_like_baseline,1977,74,6,M10R10N15,74,2.6814814814814814e-05,-0.014623378170654178,682.0,700.0,53.02988576889038,5.045109033584595,58.074994802474976,661.0,730.972972972973,10,10,15
dslfmae_like_baseline,1978,74,7,M10R15N5,74,2.677777777777778e-05,0.00715280236909166,374.0,378.0,28.1419677734375,3.1130731105804443,31.255040884017944,347.0,378.1216216216216,10,15,5
dslfmae_like_baseline,1979,74,8,M10R15N10,74,2.6740740740740743e-05,0.02652024067938328,588.0,587.0,62.982619285583496,6.918869495391846,69.90148878097534,578.0,631.6621621621622,10,15,10
dslfmae_like_baseline,1980,74,9,M10R15N15,74,2.670370370370371e-05,0.006331038144708145,992.0,998.0,95.45180749893188,10.483445405960083,105.93525290489197,967.0,1036.837837837838,10,15,15
dslfmae_like_baseline,1981,74,10,M15R5N5,74,2.6666666666666673e-05,0.006824919604696333,165.0,177.0,9.19567084312439,0.812854528427124,10.008525371551514,148.0,169.85135135135135,15,5,5
dslfmae_like_baseline,1982,74,11,M15R5N10,74,2.6629629629629628e-05,0.0020931823237333447,237.0,217.0,15.971584558486938,1.371384859085083,17.34296941757202,204.0,241.3108108108108,15,5,10
dslfmae_like_baseline,1983,74,12,M15R5N15,74,2.659259259259259e-05,-0.0004505100417494153,275.0,251.0,24.085660696029663,2.176858901977539,26.262519598007202,239.0,268.8243243243243,15,5,15
dslfmae_like_baseline,1984,74,13,M15R10N5,74,2.6555555555555555e-05,0.06099959183484316,164.0,153.0,18.921534299850464,1.9801878929138184,20.901722192764282,136.0,153.04054054054055,15,10,5
dslfmae_like_baseline,1985,74,14,M15R10N10,74,2.651851851851852e-05,-0.02079833671450615,240.0,278.0,43.24786591529846,4.528347015380859,47.77621293067932,229.0,257.63513513513516,15,10,10
dslfmae_like_baseline,1986,74,15,M15R10N15,74,2.6481481481481485e-05,-0.0147363455966115,282.0,276.0,59.417564868927,6.010980129241943,65.42854499816895,241.0,269.5135135135135,15,10,15
dslfmae_like_baseline,1987,74,16,M15R15N5,74,2.644444444444445e-05,0.006765449293501054,190.0,173.0,29.446925163269043,3.5148513317108154,32.96177649497986,170.0,188.45945945945945,15,15,5
dslfmae_like_baseline,1988,74,17,M15R15N10,74,2.6407407407407414e-05,-0.012069807527586818,386.0,390.0,57.67410469055176,6.823631286621094,64.49773597717285,370.0,393.05405405405406,15,15,10
dslfmae_like_baseline,1989,74,18,M15R15N15,74,2.6370370370370366e-05,0.002623175541105281,560.0,555.0,86.33068251609802,9.464390277862549,95.79507279396057,537.0,582.3243243243244,15,15,15
dslfmae_like_baseline,1990,74,19,M20R5N5,74,2.633333333333333e-05,-0.013523547677323222,73.0,75.0,8.221595287322998,0.7368354797363281,8.958430767059326,63.0,72.82432432432432,20,5,5
dslfmae_like_baseline,1991,74,20,M20R5N10,74,2.6296296296296296e-05,-0.016835088608786464,193.0,193.0,17.17880392074585,1.668776273727417,18.847580194473267,193.0,193.48648648648648,20,5,10
dslfmae_like_baseline,1992,74,21,M20R5N15,74,2.625925925925926e-05,0.009826356583895782,353.0,337.0,26.451456546783447,2.574939489364624,29.02639603614807,322.0,343.7837837837838,20,5,15
dslfmae_like_baseline,1993,74,22,M20R10N5,74,2.6222222222222226e-05,-0.05333868553861976,89.0,83.0,18.057533740997314,1.9982359409332275,20.055769681930542,83.0,94.63513513513513,20,10,5
dslfmae_like_baseline,1994,74,23,M20R10N10,74,2.618518518518519e-05,0.03488763561472297,264.0,222.0,33.383025884628296,3.546837568283081,36.92986345291138,192.0,219.6891891891892,20,10,10
dslfmae_like_baseline,1995,74,24,M20R10N15,74,2.6148148148148156e-05,0.01883501620031893,346.0,342.0,55.56764888763428,6.146591901779175,61.71424078941345,312.0,338.6756756756757,20,10,15
dslfmae_like_baseline,1996,74,25,M20R15N5,74,2.6111111111111107e-05,0.010122925004300972,164.0,154.0,27.757872581481934,3.4084692001342773,31.16634178161621,134.0,149.95945945945945,20,15,5
dslfmae_like_baseline,1997,74,26,M20R15N10,74,2.6074074074074072e-05,-0.00877560010412708,256.0,262.0,63.64286541938782,8.516318559646606,72.15918397903442,226.0,254.28378378378378,20,15,10
dslfmae_like_baseline,1998,74,27,M20R15N15,74,2.6037037037037037e-05,-0.018873407372406552,370.0,395.0,94.26342058181763,11.817201614379883,106.08062219619751,327.0,355.2972972972973,20,15,15
dslfmae_like_baseline,1999,75,1,M10R5N5,75,2.6000000000000002e-05,0.05441515054553747,188.0,171.0,7.11605167388916,0.5931541919708252,7.709205865859985,171.0,187.6,10,5,5
dslfmae_like_baseline,2000,75,2,M10R5N10,75,2.5962962962962967e-05,0.0023172545188572258,351.0,377.0,17.026459455490112,1.4368648529052734,18.463324308395386,327.0,363.0133333333333,10,5,10
dslfmae_like_baseline,2001,75,3,M10R5N15,75,2.592592592592593e-05,-0.02745900520433982,478.0,477.0,24.837904453277588,2.159257173538208,26.997161626815796,464.0,482.3333333333333,10,5,15
dslfmae_like_baseline,2002,75,4,M10R10N5,75,2.5888888888888883e-05,0.03579014679417014,245.0,258.0,18.39982843399048,1.840864896774292,20.24069333076477,222.0,251.90666666666667,10,10,5
dslfmae_like_baseline,2003,75,5,M10R10N10,75,2.5851851851851848e-05,0.03125652655338248,452.0,445.0,35.6378448009491,3.360666275024414,38.99851107597351,423.0,453.32,10,10,10
dslfmae_like_baseline,2004,75,6,M10R10N15,75,2.5814814814814813e-05,-0.021108823269605635,678.0,693.0,52.28356957435608,5.008243083953857,57.29181265830994,661.0,730.4666666666667,10,10,15
dslfmae_like_baseline,2005,75,7,M10R15N5,75,2.5777777777777778e-05,-0.0022574602626264095,381.0,350.0,27.959936141967773,3.0329325199127197,30.992868661880493,347.0,377.74666666666667,10,15,5
dslfmae_like_baseline,2006,75,8,M10R15N10,75,2.5740740740740743e-05,0.026979879196733236,597.0,588.0,62.29499077796936,6.985337257385254,69.28032803535461,578.0,631.08,10,15,10
dslfmae_like_baseline,2007,75,9,M10R15N15,75,2.5703703703703708e-05,0.007077459078573156,1010.0,1003.0,92.76200008392334,11.177922248840332,103.93992233276367,967.0,1036.3866666666668,10,15,15
dslfmae_like_baseline,2008,75,10,M15R5N5,75,2.5666666666666673e-05,-0.0644457396119833,150.0,177.0,9.43059492111206,0.879509449005127,10.310104370117188,148.0,169.94666666666666,15,5,5
dslfmae_like_baseline,2009,75,11,M15R5N10,75,2.5629629629629624e-05,-0.034295447869226336,207.0,217.0,16.65412402153015,1.6152653694152832,18.269389390945435,204.0,240.98666666666668,15,5,10
dslfmae_like_baseline,2010,75,12,M15R5N15,75,2.559259259259259e-05,0.027314647876967985,263.0,287.0,24.251317501068115,2.146146774291992,26.397464275360107,239.0,269.06666666666666,15,5,15
dslfmae_like_baseline,2011,75,13,M15R10N5,75,2.5555555555555554e-05,0.06645924923941493,156.0,155.0,17.929178476333618,1.8583509922027588,19.787529468536377,136.0,153.06666666666666,15,10,5
dslfmae_like_baseline,2012,75,14,M15R10N10,75,2.551851851851852e-05,-0.002562936431786511,258.0,239.0,42.20663595199585,4.518186330795288,46.72482228279114,229.0,257.38666666666666,15,10,10
dslfmae_like_baseline,2013,75,15,M15R10N15,75,2.5481481481481484e-05,-0.012871333863586187,273.0,256.0,59.5596969127655,6.041692018508911,65.60138893127441,241.0,269.3333333333333,15,10,15
dslfmae_like_baseline,2014,75,16,M15R15N5,75,2.544444444444445e-05,0.013524549237142006,200.0,179.0,29.260715007781982,3.514456272125244,32.77517127990723,170.0,188.33333333333334,15,15,5
dslfmae_like_baseline,2015,75,17,M15R15N10,75,2.5407407407407414e-05,-0.016593858879059554,388.0,388.0,56.93890047073364,6.650902271270752,63.589802742004395,370.0,392.9866666666667,15,15,10
dslfmae_like_baseline,2016,75,18,M15R15N15,75,2.5370370370370365e-05,0.006725711698111679,550.0,561.0,83.2831518650055,10.241795539855957,93.52494740486145,537.0,582.04,15,15,15
dslfmae_like_baseline,2017,75,19,M20R5N5,75,2.533333333333333e-05,-0.11792790330946445,66.0,77.0,8.940386056900024,0.8091585636138916,9.749544620513916,63.0,72.88,20,5,5
dslfmae_like_baseline,2018,75,20,M20R5N10,75,2.5296296296296295e-05,-0.0133259620051831,193.0,193.0,17.496142148971558,1.6189825534820557,19.115124702453613,193.0,193.48,20,5,10
dslfmae_like_baseline,2019,75,21,M20R5N15,75,2.525925925925926e-05,0.022448656614869833,339.0,337.0,25.849765062332153,2.4310121536254883,28.28077721595764,322.0,343.6933333333333,20,5,15
dslfmae_like_baseline,2020,75,22,M20R10N5,75,2.5222222222222225e-05,0.02772993897087872,96.0,93.0,17.73801612854004,1.8441307544708252,19.582146883010864,83.0,94.61333333333333,20,10,5
dslfmae_like_baseline,2021,75,23,M20R10N10,75,2.518518518518519e-05,-0.02935433154925704,190.0,211.0,33.16643500328064,3.5401902198791504,36.70662522315979,192.0,219.57333333333332,20,10,10
dslfmae_like_baseline,2022,75,24,M20R10N15,75,2.5148148148148155e-05,0.025731564220041036,336.0,331.0,58.40662980079651,6.126283407211304,64.53291320800781,312.0,338.5733333333333,20,10,15
dslfmae_like_baseline,2023,75,25,M20R15N5,75,2.5111111111111106e-05,0.011147137469379231,161.0,156.0,27.55396866798401,3.5563924312591553,31.110361099243164,134.0,150.04,20,15,5
dslfmae_like_baseline,2024,75,26,M20R15N10,75,2.507407407407407e-05,-0.00817286311648786,237.0,247.0,64.00387620925903,8.025776863098145,72.02965307235718,226.0,254.18666666666667,20,15,10
dslfmae_like_baseline,2025,75,27,M20R15N15,75,2.5037037037037036e-05,-0.014157861936837435,343.0,363.0,92.83412861824036,12.328705072402954,105.16283369064331,327.0,355.4,20,15,15
dslfmae_like_baseline,2026,76,1,M10R5N5,76,2.5e-05,-0.013106410158798099,172.0,171.0,7.113377094268799,0.561232328414917,7.674609422683716,171.0,187.3815789473684,10,5,5
dslfmae_like_baseline,2027,76,2,M10R5N10,76,2.4962962962962966e-05,0.0345941623672843,371.0,386.0,16.588606357574463,1.3681995868682861,17.95680594444275,327.0,363.3157894736842,10,5,10
dslfmae_like_baseline,2028,76,3,M10R5N15,76,2.492592592592593e-05,-0.009465240524150431,475.0,477.0,24.90448784828186,2.0119211673736572,26.916409015655518,464.0,482.2631578947368,10,5,15
dslfmae_like_baseline,2029,76,4,M10R10N5,76,2.4888888888888896e-05,0.05172226345166564,265.0,259.0,18.555668115615845,1.9077003002166748,20.46336841583252,222.0,252.0,10,10,5
dslfmae_like_baseline,2030,76,5,M10R10N10,76,2.4851851851851847e-05,0.008367953589186072,439.0,447.0,35.98558211326599,3.412139892578125,39.397722005844116,423.0,453.2368421052632,10,10,10
dslfmae_like_baseline,2031,76,6,M10R10N15,76,2.4814814814814812e-05,-0.02182764783501625,676.0,687.0,53.678200006484985,4.988121032714844,58.66632103919983,661.0,729.8947368421053,10,10,15
dslfmae_like_baseline,2032,76,7,M10R15N5,76,2.4777777777777777e-05,-0.0066916488770705955,365.0,382.0,28.641468048095703,3.2040088176727295,31.845476865768433,347.0,377.80263157894734,10,15,5
dslfmae_like_baseline,2033,76,8,M10R15N10,76,2.4740740740740742e-05,0.01806229092180729,618.0,616.0,61.6264271736145,6.709068059921265,68.33549523353577,578.0,630.8815789473684,10,15,10
dslfmae_like_baseline,2034,76,9,M10R15N15,76,2.4703703703703707e-05,0.0016352187549273367,985.0,995.0,93.664479970932,10.412440061569214,104.07692003250122,967.0,1035.842105263158,10,15,15
dslfmae_like_baseline,2035,76,10,M15R5N5,76,2.4666666666666672e-05,0.05097811762243509,162.0,171.0,9.129565954208374,0.7950985431671143,9.924664497375488,148.0,169.96052631578948,15,5,5
dslfmae_like_baseline,2036,76,11,M15R5N10,76,2.4629629629629637e-05,-0.015997823677025735,217.0,217.0,16.220534086227417,1.4122066497802734,17.63274073600769,204.0,240.67105263157896,15,5,10
dslfmae_like_baseline,2037,76,12,M15R5N15,76,2.459259259259259e-05,0.018363961872334283,294.0,301.0,24.244306325912476,2.0598132610321045,26.30411958694458,239.0,269.4868421052632,15,5,15
dslfmae_like_baseline,2038,76,13,M15R10N5,76,2.4555555555555553e-05,0.01305581908673048,151.0,133.0,18.142268419265747,1.8756544589996338,20.01792287826538,133.0,152.80263157894737,15,10,5
dslfmae_like_baseline,2039,76,14,M15R10N10,76,2.451851851851852e-05,-0.008940218423958868,272.0,244.0,42.9485342502594,4.692135334014893,47.64066958427429,229.0,257.2105263157895,15,10,10
dslfmae_like_baseline,2040,76,15,M15R10N15,76,2.4481481481481483e-05,-0.003658148637623526,276.0,267.0,61.78209710121155,6.208223104476929,67.99032020568848,241.0,269.30263157894734,15,10,15
dslfmae_like_baseline,2041,76,16,M15R15N5,76,2.444444444444445e-05,0.007851395600785812,204.0,185.0,29.103317737579346,3.542041778564453,32.6453595161438,170.0,188.28947368421052,15,15,5
dslfmae_like_baseline,2042,76,17,M15R15N10,76,2.4407407407407413e-05,-0.019696444645524024,405.0,401.0,55.64108395576477,6.647793531417847,62.28887748718262,370.0,393.0921052631579,15,15,10
dslfmae_like_baseline,2043,76,18,M15R15N15,76,2.4370370370370378e-05,0.004052599879547155,554.0,545.0,86.4708731174469,9.780271768569946,96.25114488601685,537.0,581.5526315789474,15,15,15
dslfmae_like_baseline,2044,76,19,M20R5N5,76,2.433333333333333e-05,0.029939509462565184,71.0,75.0,8.543523788452148,0.7504863739013672,9.294010162353516,63.0,72.90789473684211,20,5,5
dslfmae_like_baseline,2045,76,20,M20R5N10,76,2.4296296296296295e-05,-0.03285414818674326,193.0,193.0,17.306163549423218,1.5919866561889648,18.898150205612183,193.0,193.47368421052633,20,5,10
dslfmae_like_baseline,2046,76,21,M20R5N15,76,2.425925925925926e-05,-0.021717918027813237,328.0,336.0,26.111253023147583,2.4102659225463867,28.52151894569397,322.0,343.5921052631579,20,5,15
dslfmae_like_baseline,2047,76,22,M20R10N5,76,2.4222222222222224e-05,-0.049294335301965475,90.0,91.0,17.86544394493103,1.84000563621521,19.70544958114624,83.0,94.5657894736842,20,10,5
dslfmae_like_baseline,2048,76,23,M20R10N10,76,2.418518518518519e-05,-0.03468782144288222,195.0,223.0,34.06725788116455,3.4891514778137207,37.55640935897827,192.0,219.6184210526316,20,10,10
dslfmae_like_baseline,2049,76,24,M20R10N15,76,2.4148148148148154e-05,0.06551084630191326,348.0,348.0,56.677793979644775,6.1450419425964355,62.82283592224121,312.0,338.69736842105266,20,10,15
dslfmae_like_baseline,2050,76,25,M20R15N5,76,2.411111111111112e-05,0.04280577972531319,166.0,159.0,27.318328142166138,3.421323537826538,30.739651679992676,134.0,150.1578947368421,20,15,5
dslfmae_like_baseline,2051,76,26,M20R15N10,76,2.407407407407407e-05,0.0023622688138857486,259.0,237.0,63.34710741043091,8.58618974685669,71.9332971572876,226.0,253.96052631578948,20,15,10
dslfmae_like_baseline,2052,76,27,M20R15N15,76,2.4037037037037036e-05,-0.03236758815390723,337.0,348.0,94.41479253768921,11.693120002746582,106.10791254043579,327.0,355.30263157894734,20,15,15
dslfmae_like_baseline,2053,77,1,M10R5N5,77,2.4e-05,0.05250478070229292,196.0,177.0,7.039211273193359,0.5634799003601074,7.602691173553467,171.0,187.24675324675326,10,5,5
dslfmae_like_baseline,2054,77,2,M10R5N10,77,2.3962962962962966e-05,0.01523940556216985,380.0,388.0,16.478995084762573,1.383622646331787,17.86261773109436,327.0,363.6363636363636,10,5,10
dslfmae_like_baseline,2055,77,3,M10R5N15,77,2.392592592592593e-05,-0.03001470010106762,472.0,475.0,24.81924819946289,2.00539231300354,26.82464051246643,464.0,482.16883116883116,10,5,15
dslfmae_like_baseline,2056,77,4,M10R10N5,77,2.3888888888888895e-05,0.026729054749011993,250.0,249.0,19.012120723724365,1.826176404953003,20.838297128677368,222.0,251.96103896103895,10,10,5
dslfmae_like_baseline,2057,77,5,M10R10N10,77,2.3851851851851847e-05,0.01258666239057978,438.0,444.0,35.30158352851868,3.3619139194488525,38.66349744796753,423.0,453.1168831168831,10,10,10
dslfmae_like_baseline,2058,77,6,M10R10N15,77,2.3814814814814812e-05,-0.010367844859138131,706.0,692.0,53.73841118812561,4.997599840164185,58.736011028289795,661.0,729.4025974025974,10,10,15
dslfmae_like_baseline,2059,77,7,M10R15N5,77,2.3777777777777777e-05,0.0003402414925706883,367.0,376.0,27.415390491485596,2.9655957221984863,30.380986213684082,347.0,377.7792207792208,10,15,5
dslfmae_like_baseline,2060,77,8,M10R15N10,77,2.3740740740740742e-05,0.012317022634670138,602.0,595.0,62.266226053237915,7.40910530090332,69.67533135414124,578.0,630.4155844155844,10,15,10
dslfmae_like_baseline,2061,77,9,M10R15N15,77,2.3703703703703707e-05,0.0050378473024466075,1005.0,1007.0,94.75114893913269,10.452886819839478,105.20403575897217,967.0,1035.4675324675325,10,15,15
dslfmae_like_baseline,2062,77,10,M15R5N5,77,2.366666666666667e-05,-0.02940273704007268,151.0,171.0,9.200540542602539,0.8060412406921387,10.006581783294678,148.0,169.97402597402598,15,5,5
dslfmae_like_baseline,2063,77,11,M15R5N10,77,2.3629629629629637e-05,-0.032031342620030046,208.0,217.0,16.272368907928467,1.386096715927124,17.65846562385559,204.0,240.36363636363637,15,5,10
dslfmae_like_baseline,2064,77,12,M15R5N15,77,2.3592592592592588e-05,0.028110604112346966,295.0,294.0,23.98199462890625,2.0594329833984375,26.041427612304688,239.0,269.8051948051948,15,5,15
dslfmae_like_baseline,2065,77,13,M15R10N5,77,2.3555555555555553e-05,0.05611296743154526,155.0,133.0,18.04196786880493,1.8655846118927002,19.907552480697632,133.0,152.54545454545453,15,10,5
dslfmae_like_baseline,2066,77,14,M15R10N10,77,2.3518518518518518e-05,-0.007293082482647151,255.0,244.0,42.800872564315796,4.747646808624268,47.54851937294006,229.0,257.038961038961,15,10,10
dslfmae_like_baseline,2067,77,15,M15R10N15,77,2.3481481481481483e-05,-0.016362746804952623,272.0,267.0,60.2129065990448,5.987884283065796,66.2007908821106,241.0,269.27272727272725,15,10,15
dslfmae_like_baseline,2068,77,16,M15R15N5,77,2.3444444444444448e-05,0.0007160261059956005,192.0,181.0,28.510401725769043,3.50016188621521,32.01056361198425,170.0,188.19480519480518,15,15,5
dslfmae_like_baseline,2069,77,17,M15R15N10,77,2.3407407407407413e-05,-0.006297589634777978,387.0,376.0,56.94282269477844,6.726385116577148,63.66920781135559,370.0,392.87012987012986,15,15,10
dslfmae_like_baseline,2070,77,18,M15R15N15,77,2.3370370370370374e-05,0.010994165786541998,561.0,542.0,84.3879497051239,9.614335060119629,94.00228476524353,537.0,581.038961038961,15,15,15
dslfmae_like_baseline,2071,77,19,M20R5N5,77,2.333333333333333e-05,0.2292163074016571,83.0,75.0,8.668181419372559,0.7576150894165039,9.425796508789062,63.0,72.93506493506493,20,5,5
dslfmae_like_baseline,2072,77,20,M20R5N10,77,2.3296296296296294e-05,-0.0357235970441252,193.0,193.0,17.508387327194214,1.588559865951538,19.096947193145752,193.0,193.46753246753246,20,5,10
dslfmae_like_baseline,2073,77,21,M20R5N15,77,2.325925925925926e-05,-0.05406198898951212,327.0,329.0,26.557535886764526,2.41252064704895,28.970056533813477,322.0,343.4025974025974,20,5,15
dslfmae_like_baseline,2074,77,22,M20R10N5,77,2.3222222222222224e-05,-0.1505204401910305,92.0,94.0,18.189695119857788,1.8927698135375977,20.082464933395386,83.0,94.55844155844156,20,10,5
dslfmae_like_baseline,2075,77,23,M20R10N10,77,2.318518518518519e-05,-0.043974331890543304,223.0,221.0,34.294368743896484,3.521017551422119,37.8153862953186,192.0,219.63636363636363,20,10,10
dslfmae_like_baseline,2076,77,24,M20R10N15,77,2.3148148148148154e-05,0.06961836479604244,363.0,355.0,55.76859927177429,6.0328662395477295,61.80146551132202,312.0,338.90909090909093,20,10,15
dslfmae_like_baseline,2077,77,25,M20R15N5,77,2.3111111111111115e-05,0.045053290824095406,168.0,162.0,26.551955223083496,3.7136075496673584,30.265562772750854,134.0,150.3116883116883,20,15,5
dslfmae_like_baseline,2078,77,26,M20R15N10,77,2.307407407407407e-05,0.0007439836947014556,252.0,244.0,64.63676428794861,8.375288248062134,73.01205253601074,226.0,253.83116883116884,20,15,10
dslfmae_like_baseline,2079,77,27,M20R15N15,77,2.3037037037037035e-05,-0.01045664499646851,352.0,354.0,92.61532711982727,11.705571174621582,104.32089829444885,327.0,355.2857142857143,20,15,15
dslfmae_like_baseline,2080,78,1,M10R5N5,78,2.3e-05,-0.0227679293602705,180.0,171.0,7.162127733230591,0.5834760665893555,7.745603799819946,171.0,187.03846153846155,10,5,5
dslfmae_like_baseline,2081,78,2,M10R5N10,78,2.2962962962962965e-05,0.014399279723875225,384.0,331.0,16.841726541519165,1.3659381866455078,18.207664728164673,327.0,363.21794871794873,10,5,10
dslfmae_like_baseline,2082,78,3,M10R5N15,78,2.292592592592593e-05,-0.011988408087442318,481.0,475.0,24.927445650100708,2.0079872608184814,26.93543291091919,464.0,482.0769230769231,10,5,15
dslfmae_like_baseline,2083,78,4,M10R10N5,78,2.288888888888889e-05,-0.004891115764621645,237.0,240.0,19.308741331100464,1.9349994659423828,21.243740797042847,222.0,251.80769230769232,10,10,5
dslfmae_like_baseline,2084,78,5,M10R10N10,78,2.2851851851851856e-05,0.02374608488753438,431.0,431.0,35.88850164413452,3.4062845706939697,39.29478621482849,423.0,452.8333333333333,10,10,10
dslfmae_like_baseline,2085,78,6,M10R10N15,78,2.281481481481481e-05,-0.0029410673523670994,680.0,691.0,51.49154615402222,4.925427436828613,56.41697359085083,661.0,728.9102564102565,10,10,15
dslfmae_like_baseline,2086,78,7,M10R15N5,78,2.2777777777777776e-05,0.0036497098626568913,366.0,382.0,27.764278173446655,3.172761917114258,30.937040090560913,347.0,377.8333333333333,10,15,5
dslfmae_like_baseline,2087,78,8,M10R15N10,78,2.274074074074074e-05,0.020354067254811526,626.0,630.0,61.50362229347229,6.787909507751465,68.29153180122375,578.0,630.4102564102565,10,15,10
dslfmae_like_baseline,2088,78,9,M10R15N15,78,2.2703703703703706e-05,0.01149417131091468,1001.0,998.0,94.14108800888062,10.640798091888428,104.78188610076904,967.0,1034.9871794871794,10,15,15
dslfmae_like_baseline,2089,78,10,M15R5N5,78,2.266666666666667e-05,0.0008148801716743037,163.0,171.0,9.544265747070312,0.8249318599700928,10.369197607040405,148.0,169.98717948717947,15,5,5
dslfmae_like_baseline,2090,78,11,M15R5N10,78,2.2629629629629633e-05,-0.013689601619262248,217.0,217.0,16.595940113067627,1.4161159992218018,18.01205611228943,204.0,240.06410256410257,15,5,10
dslfmae_like_baseline,2091,78,12,M15R5N15,78,2.2592592592592598e-05,-0.018774452852085233,258.0,290.0,24.60349178314209,2.159787654876709,26.7632794380188,239.0,270.06410256410254,15,5,15
dslfmae_like_baseline,2092,78,13,M15R10N5,78,2.2555555555555552e-05,0.06361388694494963,160.0,147.0,18.569534063339233,1.8636772632598877,20.43321132659912,133.0,152.47435897435898,15,10,5
dslfmae_like_baseline,2093,78,14,M15R10N10,78,2.2518518518518517e-05,-0.007244596767122857,239.0,241.0,41.860007524490356,4.429577350616455,46.28958487510681,229.0,256.8333333333333,15,10,10
dslfmae_like_baseline,2094,78,15,M15R10N15,78,2.2481481481481482e-05,-0.007964563346467913,279.0,271.0,58.330463886260986,6.171080827713013,64.501544713974,241.0,269.29487179487177,15,10,15
dslfmae_like_baseline,2095,78,16,M15R15N5,78,2.2444444444444447e-05,-0.009216675185598433,183.0,192.0,29.73387122154236,3.770826816558838,33.504698038101196,170.0,188.24358974358975,15,15,5
dslfmae_like_baseline,2096,78,17,M15R15N10,78,2.240740740740741e-05,-0.013383536785840987,395.0,411.0,56.24628496170044,6.576840400695801,62.82312536239624,370.0,393.1025641025641,15,15,10
dslfmae_like_baseline,2097,78,18,M15R15N15,78,2.2370370370370374e-05,0.009192596630392862,564.0,557.0,84.5126359462738,9.675883531570435,94.18851947784424,537.0,580.7307692307693,15,15,15
dslfmae_like_baseline,2098,78,19,M20R5N5,78,2.233333333333334e-05,0.13511081784963608,80.0,69.0,8.512985467910767,0.7514760494232178,9.264461517333984,63.0,72.88461538461539,20,5,5
dslfmae_like_baseline,2099,78,20,M20R5N10,78,2.2296296296296293e-05,-0.007327213417738676,193.0,193.0,17.407465934753418,1.660522699356079,19.067988634109497,193.0,193.46153846153845,20,5,10
dslfmae_like_baseline,2100,78,21,M20R5N15,78,2.225925925925926e-05,-0.013699317118152976,325.0,334.0,27.15992569923401,2.44001841545105,29.59994411468506,322.0,343.28205128205127,20,5,15
dslfmae_like_baseline,2101,78,22,M20R10N5,78,2.2222222222222223e-05,-0.16382548213005066,84.0,106.0,17.966903686523438,1.924696683883667,19.891600370407104,83.0,94.7051282051282,20,10,5
dslfmae_like_baseline,2102,78,23,M20R10N10,78,2.2185185185185188e-05,-0.042934137706955276,212.0,226.0,33.280473947525024,3.589026689529419,36.86950063705444,192.0,219.71794871794873,20,10,10
dslfmae_like_baseline,2103,78,24,M20R10N15,78,2.214814814814815e-05,0.06676760166883469,360.0,341.0,55.98522067070007,6.485920190811157,62.47114086151123,312.0,338.93589743589746,20,10,15
dslfmae_like_baseline,2104,78,25,M20R15N5,78,2.2111111111111115e-05,0.04755509396394094,157.0,156.0,27.689459323883057,3.3599727153778076,31.049432039260864,134.0,150.3846153846154,20,15,5
dslfmae_like_baseline,2105,78,26,M20R15N10,78,2.207407407407408e-05,0.0174458431545645,248.0,250.0,63.35943031311035,8.167678356170654,71.527108669281,226.0,253.78205128205127,20,15,10
dslfmae_like_baseline,2106,78,27,M20R15N15,78,2.2037037037037034e-05,-0.020671734785927192,363.0,352.0,93.83663725852966,11.732937097549438,105.5695743560791,327.0,355.2435897435897,20,15,15
dslfmae_like_baseline,2107,79,1,M10R5N5,79,2.2e-05,-0.004795090411789715,184.0,171.0,7.373657941818237,0.602189302444458,7.975847244262695,171.0,186.83544303797467,10,5,5
dslfmae_like_baseline,2108,79,2,M10R5N10,79,2.1962962962962964e-05,-0.013273538206703961,342.0,331.0,17.424098253250122,1.4373478889465332,18.861446142196655,327.0,362.8101265822785,10,5,10
dslfmae_like_baseline,2109,79,3,M10R5N15,79,2.1925925925925926e-05,-0.0027940953975000107,474.0,480.0,24.303080320358276,2.0098185539245605,26.312898874282837,464.0,482.0506329113924,10,5,15
dslfmae_like_baseline,2110,79,4,M10R10N5,79,2.188888888888889e-05,-0.006413938739569858,233.0,254.0,18.418028831481934,1.7794196605682373,20.19744849205017,222.0,251.83544303797467,10,10,5
dslfmae_like_baseline,2111,79,5,M10R10N10,79,2.1851851851851856e-05,0.03263080772012472,451.0,444.0,34.45181226730347,3.339365005493164,37.79117727279663,423.0,452.72151898734177,10,10,10
dslfmae_like_baseline,2112,79,6,M10R10N15,79,2.181481481481482e-05,-0.002181412925710902,685.0,681.0,53.43966627120972,5.435382127761841,58.87504839897156,661.0,728.3037974683544,10,10,15
dslfmae_like_baseline,2113,79,7,M10R15N5,79,2.1777777777777776e-05,-0.009272936479343722,379.0,377.0,27.63818049430847,2.9986703395843506,30.636850833892822,347.0,377.82278481012656,10,15,5
dslfmae_like_baseline,2114,79,8,M10R15N10,79,2.174074074074074e-05,0.017182510532438754,608.0,598.0,61.036287784576416,6.802578926086426,67.83886671066284,578.0,630.0,10,15,10
dslfmae_like_baseline,2115,79,9,M10R15N15,79,2.1703703703703705e-05,0.009485262271482497,986.0,988.0,94.78615665435791,10.92905306816101,105.71520972251892,967.0,1034.392405063291,10,15,15
dslfmae_like_baseline,2116,79,10,M15R5N5,79,2.1666666666666667e-05,0.05622651893645525,171.0,171.0,9.587278842926025,0.8528473377227783,10.440126180648804,148.0,170.0,15,5,5
dslfmae_like_baseline,2117,79,11,M15R5N10,79,2.1629629629629632e-05,-0.018265132326632738,217.0,217.0,16.374051809310913,1.419114351272583,17.793166160583496,204.0,239.77215189873417,15,5,10
dslfmae_like_baseline,2118,79,12,M15R5N15,79,2.1592592592592597e-05,0.004895215388387442,279.0,303.0,23.87168860435486,2.0965170860290527,25.96820569038391,239.0,270.4810126582278,15,5,15
dslfmae_like_baseline,2119,79,13,M15R10N5,79,2.1555555555555552e-05,-0.06523659871891141,126.0,155.0,17.841309547424316,1.831791639328003,19.67310118675232,133.0,152.50632911392404,15,10,5
dslfmae_like_baseline,2120,79,14,M15R10N10,79,2.1518518518518517e-05,0.0024940484090620885,248.0,246.0,41.30292463302612,4.765007019042969,46.06793165206909,229.0,256.69620253164555,15,10,10
dslfmae_like_baseline,2121,79,15,M15R10N15,79,2.148148148148148e-05,0.007535400171764195,255.0,270.0,58.82220196723938,5.9511847496032715,64.77338671684265,241.0,269.30379746835445,15,10,15
dslfmae_like_baseline,2122,79,16,M15R15N5,79,2.1444444444444443e-05,0.005416286236140877,188.0,183.0,29.373366832733154,3.6518466472625732,33.02521347999573,170.0,188.1772151898734,15,15,5
dslfmae_like_baseline,2123,79,17,M15R15N10,79,2.1407407407407408e-05,-0.009762348889489658,396.0,391.0,56.11945056915283,6.689514398574829,62.80896496772766,370.0,393.0759493670886,15,15,10
dslfmae_like_baseline,2124,79,18,M15R15N15,79,2.1370370370370373e-05,0.014511963352560997,566.0,562.0,85.20102739334106,10.075634956359863,95.27666234970093,537.0,580.493670886076,15,15,15
dslfmae_like_baseline,2125,79,19,M20R5N5,79,2.1333333333333338e-05,0.20024646073579788,86.0,70.0,8.469062566757202,0.770383358001709,9.239445924758911,63.0,72.84810126582279,20,5,5
dslfmae_like_baseline,2126,79,20,M20R5N10,79,2.1296296296296293e-05,-0.030293621122837067,193.0,193.0,17.37163209915161,1.5626399517059326,18.934272050857544,193.0,193.45569620253164,20,5,10
dslfmae_like_baseline,2127,79,21,M20R5N15,79,2.1259259259259258e-05,-0.02907293662428856,327.0,334.0,25.878082513809204,2.3666439056396484,28.244726419448853,322.0,343.1645569620253,20,5,15
dslfmae_like_baseline,2128,79,22,M20R10N5,79,2.1222222222222223e-05,-0.18824443966150284,86.0,102.0,17.401599407196045,1.7916045188903809,19.193203926086426,83.0,94.79746835443038,20,10,5
dslfmae_like_baseline,2129,79,23,M20R10N10,79,2.1185185185185184e-05,-0.037347400871415935,210.0,210.0,33.30833721160889,3.705230712890625,37.01356792449951,192.0,219.59493670886076,20,10,10
dslfmae_like_baseline,2130,79,24,M20R10N15,79,2.114814814814815e-05,0.05421290285885334,350.0,367.0,57.25522255897522,6.168350458145142,63.42357301712036,312.0,339.2911392405063,20,10,15
dslfmae_like_baseline,2131,79,25,M20R15N5,79,2.1111111111111114e-05,0.028190312053387363,155.0,163.0,27.67030692100525,3.492176055908203,31.162482976913452,134.0,150.54430379746836,20,15,5
dslfmae_like_baseline,2132,79,26,M20R15N10,79,2.107407407407408e-05,0.016021387325599788,252.0,247.0,62.39750337600708,8.10840892791748,70.50591230392456,226.0,253.69620253164558,20,15,10
dslfmae_like_baseline,2133,79,27,M20R15N15,79,2.1037037037037034e-05,-0.009985574936893369,341.0,346.0,94.38501620292664,11.754540205001831,106.13955640792847,327.0,355.126582278481,20,15,15
dslfmae_like_baseline,2134,80,1,M10R5N5,80,2.1e-05,-0.020084157586097717,177.0,171.0,6.991424083709717,0.550361156463623,7.54178524017334,171.0,186.6375,10,5,5
dslfmae_like_baseline,2135,80,2,M10R5N10,80,2.096296296296296e-05,0.037955738604068756,383.0,379.0,16.350303173065186,1.3442842960357666,17.694587469100952,327.0,363.0125,10,5,10
dslfmae_like_baseline,2136,80,3,M10R5N15,80,2.0925925925925925e-05,-0.000750139748561196,480.0,480.0,23.86752700805664,2.0428855419158936,25.910412549972534,464.0,482.025,10,5,15
dslfmae_like_baseline,2137,80,4,M10R10N5,80,2.088888888888889e-05,0.014340325491502881,248.0,248.0,18.092423677444458,1.9209177494049072,20.013341426849365,222.0,251.7875,10,10,5
dslfmae_like_baseline,2138,80,5,M10R10N10,80,2.0851851851851855e-05,0.017284739141662914,452.0,446.0,35.96795964241028,3.701085329055786,39.669044971466064,423.0,452.6375,10,10,10
dslfmae_like_baseline,2139,80,6,M10R10N15,80,2.081481481481482e-05,-0.013162129814736545,704.0,698.0,52.732264041900635,5.021287441253662,57.7535514831543,661.0,727.925,10,10,15
dslfmae_like_baseline,2140,80,7,M10R15N5,80,2.0777777777777775e-05,-0.006753405730705708,382.0,351.0,27.72191071510315,2.9705584049224854,30.692469120025635,347.0,377.4875,10,15,5
dslfmae_like_baseline,2141,80,8,M10R15N10,80,2.074074074074074e-05,0.02141718715429306,602.0,607.0,61.48588156700134,6.849248886108398,68.33513045310974,578.0,629.7125,10,15,10
dslfmae_like_baseline,2142,80,9,M10R15N15,80,2.07037037037037e-05,-0.0016117609138746047,1025.0,993.0,93.5195837020874,10.37173318862915,103.89131689071655,967.0,1033.875,10,15,15
dslfmae_like_baseline,2143,80,10,M15R5N5,80,2.0666666666666666e-05,-0.04058588016778231,153.0,171.0,9.166126251220703,0.8031229972839355,9.969249248504639,148.0,170.0125,15,5,5
dslfmae_like_baseline,2144,80,11,M15R5N10,80,2.062962962962963e-05,0.057289266493171453,257.0,217.0,16.156768798828125,1.3646700382232666,17.52143883705139,204.0,239.4875,15,5,10
dslfmae_like_baseline,2145,80,12,M15R5N15,80,2.0592592592592596e-05,0.00141310643327112,266.0,265.0,23.729236602783203,2.055257558822632,25.784494161605835,239.0,270.4125,15,5,15
dslfmae_like_baseline,2146,80,13,M15R10N5,80,2.055555555555556e-05,0.042023143731057644,157.0,149.0,18.425551414489746,2.0074026584625244,20.43295407295227,133.0,152.4625,15,10,5
dslfmae_like_baseline,2147,80,14,M15R10N10,80,2.0518518518518516e-05,-0.013155176187865436,240.0,254.0,43.32730317115784,4.6771399974823,48.00444316864014,229.0,256.6625,15,10,10
dslfmae_like_baseline,2148,80,15,M15R10N15,80,2.0481481481481478e-05,-0.013620520918630063,267.0,265.0,58.661436557769775,6.000551462173462,64.66198801994324,241.0,269.25,15,10,15
dslfmae_like_baseline,2149,80,16,M15R15N5,80,2.0444444444444443e-05,-0.009752555129428705,186.0,178.0,28.77453637123108,3.5245070457458496,32.29904341697693,170.0,188.05,15,15,5
dslfmae_like_baseline,2150,80,17,M15R15N10,80,2.0407407407407408e-05,-0.01037201127037406,418.0,411.0,56.21111035346985,6.557847261428833,62.76895761489868,370.0,393.3,15,15,10
dslfmae_like_baseline,2151,80,18,M15R15N15,80,2.0370370370370372e-05,0.01701127435080707,578.0,567.0,84.44101166725159,9.407427072525024,93.84843873977661,537.0,580.325,15,15,15
dslfmae_like_baseline,2152,80,19,M20R5N5,80,2.0333333333333337e-05,-0.12689251452684402,68.0,75.0,8.428306818008423,0.7331674098968506,9.161474227905273,63.0,72.875,20,5,5
dslfmae_like_baseline,2153,80,20,M20R5N10,80,2.0296296296296302e-05,-0.018587420461699367,193.0,193.0,16.987404346466064,1.558732271194458,18.546136617660522,193.0,193.45,20,5,10
dslfmae_like_baseline,2154,80,21,M20R5N15,80,2.0259259259259257e-05,0.014498284397025904,336.0,334.0,26.322412252426147,2.5595099925994873,28.881922245025635,322.0,343.05,20,5,15
dslfmae_like_baseline,2155,80,22,M20R10N5,80,2.022222222222222e-05,-0.019058611942455173,92.0,103.0,17.896687030792236,2.0187230110168457,19.915410041809082,83.0,94.9,20,10,5
dslfmae_like_baseline,2156,80,23,M20R10N10,80,2.0185185185185184e-05,-0.023628021435191233,209.0,204.0,33.997050285339355,3.4451191425323486,37.442169427871704,192.0,219.4,20,10,10
dslfmae_like_baseline,2157,80,24,M20R10N15,80,2.014814814814815e-05,0.031433139182627204,372.0,382.0,55.81037902832031,6.163775444030762,61.974154472351074,312.0,339.825,20,10,15
dslfmae_like_baseline,2158,80,25,M20R15N5,80,2.0111111111111114e-05,0.011867958402338749,150.0,151.0,27.319558143615723,3.3955564498901367,30.71511459350586,134.0,150.55,20,15,5
dslfmae_like_baseline,2159,80,26,M20R15N10,80,2.007407407407408e-05,0.006798299110960216,260.0,252.0,63.46158313751221,8.225512981414795,71.687096118927,226.0,253.675,20,15,10
dslfmae_like_baseline,2160,80,27,M20R15N15,80,2.0037037037037043e-05,-0.016421505383082798,345.0,392.0,93.1708505153656,11.449564456939697,104.6204149723053,327.0,355.5875,20,15,15
dslfmae_like_baseline,2161,81,1,M10R5N5,81,1.9999999999999995e-05,0.024129224475473166,183.0,171.0,6.889868974685669,0.557898998260498,7.447767972946167,171.0,186.44444444444446,10,5,5
dslfmae_like_baseline,2162,81,2,M10R5N10,81,1.996296296296296e-05,0.0353061652276665,380.0,405.0,16.38159489631653,1.393270492553711,17.77486538887024,327.0,363.5308641975309,10,5,10
dslfmae_like_baseline,2163,81,3,M10R5N15,81,1.9925925925925925e-05,-0.031050440700103838,471.0,480.0,24.90649676322937,2.2744550704956055,27.180951833724976,464.0,482.0,10,5,15
dslfmae_like_baseline,2164,81,4,M10R10N5,81,1.988888888888889e-05,0.004475256631849334,246.0,246.0,18.82827067375183,1.9236698150634766,20.751940488815308,222.0,251.71604938271605,10,10,5
dslfmae_like_baseline,2165,81,5,M10R10N10,81,1.9851851851851855e-05,0.005043681187089533,441.0,440.0,34.62004899978638,3.2669951915740967,37.887044191360474,423.0,452.48148148148147,10,10,10
dslfmae_like_baseline,2166,81,6,M10R10N15,81,1.981481481481482e-05,-0.008219156437553466,689.0,681.0,52.286328077316284,4.9269373416900635,57.21326541900635,661.0,727.3456790123457,10,10,15
dslfmae_like_baseline,2167,81,7,M10R15N5,81,1.9777777777777785e-05,0.008637979898291329,385.0,374.0,27.97837233543396,3.0360662937164307,31.01443862915039,347.0,377.44444444444446,10,15,5
dslfmae_like_baseline,2168,81,8,M10R15N10,81,1.9740740740740736e-05,0.020596683863550423,605.0,603.0,62.21896982192993,7.128098011016846,69.34706783294678,578.0,629.3827160493827,10,15,10
dslfmae_like_baseline,2169,81,9,M10R15N15,81,1.97037037037037e-05,-0.0004139098755331361,1017.0,989.0,93.96304821968079,10.38890790939331,104.3519561290741,967.0,1033.320987654321,10,15,15
dslfmae_like_baseline,2170,81,10,M15R5N5,81,1.9666666666666666e-05,0.1306953728199005,176.0,153.0,9.431993961334229,0.8893945217132568,10.321388483047485,148.0,169.80246913580248,15,5,5
dslfmae_like_baseline,2171,81,11,M15R5N10,81,1.962962962962963e-05,0.018069312907755375,237.0,217.0,16.79493021965027,1.4928107261657715,18.28774094581604,204.0,239.20987654320987,15,5,10
dslfmae_like_baseline,2172,81,12,M15R5N15,81,1.9592592592592596e-05,-0.013354241770381728,267.0,282.0,24.34073758125305,2.1742446422576904,26.514982223510742,239.0,270.55555555555554,15,5,15
dslfmae_like_baseline,2173,81,13,M15R10N5,81,1.955555555555556e-05,-0.011756259656976908,141.0,159.0,18.260799407958984,1.8382840156555176,20.099083423614502,133.0,152.54320987654322,15,10,5
dslfmae_like_baseline,2174,81,14,M15R10N10,81,1.9518518518518526e-05,-0.0028934884394402616,258.0,259.0,41.87638545036316,4.552472114562988,46.42885756492615,229.0,256.69135802469134,15,10,10
dslfmae_like_baseline,2175,81,15,M15R10N15,81,1.9481481481481477e-05,0.006031109741888941,276.0,267.0,60.2909996509552,6.046230792999268,66.33723044395447,241.0,269.22222222222223,15,10,15
dslfmae_like_baseline,2176,81,16,M15R15N5,81,1.9444444444444442e-05,-0.011036362421388427,188.0,188.0,30.54420757293701,3.5729260444641113,34.11713361740112,170.0,188.0493827160494,15,15,5
dslfmae_like_baseline,2177,81,17,M15R15N10,81,1.9407407407407407e-05,-0.012867774721235037,408.0,411.0,57.70690298080444,6.568374872207642,64.27527785301208,370.0,393.51851851851853,15,15,10
dslfmae_like_baseline,2178,81,18,M15R15N15,81,1.9370370370370372e-05,0.0093556717703385,575.0,570.0,83.07089972496033,10.258951187133789,93.32985091209412,537.0,580.1975308641976,15,15,15
dslfmae_like_baseline,2179,81,19,M20R5N5,81,1.9333333333333337e-05,0.048706154339015484,75.0,67.0,9.098563432693481,0.8381071090698242,9.936670541763306,63.0,72.80246913580247,20,5,5
dslfmae_like_baseline,2180,81,20,M20R5N10,81,1.9296296296296302e-05,-0.022404719376936555,193.0,193.0,17.64717411994934,1.7095861434936523,19.356760263442993,193.0,193.44444444444446,20,5,10
dslfmae_like_baseline,2181,81,21,M20R5N15,81,1.9259259259259253e-05,-0.012228005061236521,334.0,334.0,26.440119743347168,2.4378979206085205,28.87801766395569,322.0,342.9382716049383,20,5,15
dslfmae_like_baseline,2182,81,22,M20R10N5,81,1.9222222222222218e-05,-0.01705934584606439,105.0,102.0,17.703201055526733,1.8583741188049316,19.561575174331665,83.0,94.98765432098766,20,10,5
dslfmae_like_baseline,2183,81,23,M20R10N10,81,1.9185185185185183e-05,-0.05238693735251824,208.0,196.0,33.25191640853882,3.5484468936920166,36.800363302230835,192.0,219.11111111111111,20,10,10
dslfmae_like_baseline,2184,81,24,M20R10N15,81,1.9148148148148148e-05,0.015141975972801447,321.0,383.0,56.48828864097595,6.08814263343811,62.57643127441406,312.0,340.358024691358,20,10,15
dslfmae_like_baseline,2185,81,25,M20R15N5,81,1.9111111111111113e-05,0.03365053562447429,167.0,164.0,27.739047288894653,3.426980972290039,31.166028261184692,134.0,150.71604938271605,20,15,5
dslfmae_like_baseline,2186,81,26,M20R15N10,81,1.9074074074074078e-05,0.02289149621501565,252.0,251.0,65.28173613548279,8.141314029693604,73.42305016517639,226.0,253.64197530864197,20,15,10
dslfmae_like_baseline,2187,81,27,M20R15N15,81,1.9037037037037043e-05,-0.0037533104176483384,352.0,347.0,92.08989763259888,12.60424280166626,104.69414043426514,327.0,355.48148148148147,20,15,15
dslfmae_like_baseline,2188,82,1,M10R5N5,82,1.8999999999999994e-05,0.0023612824152223766,186.0,171.0,7.1474316120147705,0.5798125267028809,7.727244138717651,171.0,186.2560975609756,10,5,5
dslfmae_like_baseline,2189,82,2,M10R5N10,82,1.896296296296296e-05,-0.02920033154077828,337.0,342.0,16.75473666191101,1.384988784790039,18.13972544670105,327.0,363.2682926829268,10,5,10
dslfmae_like_baseline,2190,82,3,M10R5N15,82,1.8925925925925924e-05,-0.01022204733453691,488.0,481.0,24.48251724243164,2.0283684730529785,26.51088571548462,464.0,481.9878048780488,10,5,15
dslfmae_like_baseline,2191,82,4,M10R10N5,82,1.888888888888889e-05,0.0037515958247240633,246.0,259.0,18.599607229232788,1.8227136135101318,20.42232084274292,222.0,251.8048780487805,10,10,5
dslfmae_like_baseline,2192,82,5,M10R10N10,82,1.8851851851851854e-05,0.024303611212720472,442.0,443.0,34.99038362503052,3.3223984241485596,38.31278204917908,423.0,452.3658536585366,10,10,10
dslfmae_like_baseline,2193,82,6,M10R10N15,82,1.881481481481482e-05,-0.004473791120108217,694.0,684.0,52.995954275131226,4.950467824935913,57.94642210006714,661.0,726.8170731707318,10,10,15
dslfmae_like_baseline,2194,82,7,M10R15N5,82,1.8777777777777784e-05,0.010222177719697356,389.0,386.0,28.41535496711731,3.1768548488616943,31.592209815979004,347.0,377.5487804878049,10,15,5
dslfmae_like_baseline,2195,82,8,M10R15N10,82,1.8740740740740735e-05,0.020023352932184935,612.0,595.0,62.124271392822266,6.689527988433838,68.8137993812561,578.0,628.9634146341464,10,15,10
dslfmae_like_baseline,2196,82,9,M10R15N15,82,1.87037037037037e-05,-0.000607650846177421,1020.0,1005.0,92.10357308387756,11.417099952697754,103.52067303657532,967.0,1032.9756097560976,10,15,15
dslfmae_like_baseline,2197,82,10,M15R5N5,82,1.8666666666666665e-05,0.08436506800353527,170.0,170.0,9.199628114700317,0.8084878921508789,10.008116006851196,148.0,169.8048780487805,15,5,5
dslfmae_like_baseline,2198,82,11,M15R5N10,82,1.862962962962963e-05,0.024883411126211286,237.0,217.0,16.446303844451904,1.4206633567810059,17.86696720123291,204.0,238.9390243902439,15,5,10
dslfmae_like_baseline,2199,82,12,M15R5N15,82,1.8592592592592595e-05,-0.03198820383598407,244.0,266.0,24.025800466537476,2.0445785522460938,26.07037901878357,239.0,270.5,15,5,15
dslfmae_like_baseline,2200,82,13,M15R10N5,82,1.855555555555556e-05,-0.013279814273118973,140.0,155.0,18.083380460739136,1.8405613899230957,19.92394185066223,133.0,152.5731707317073,15,10,5
dslfmae_like_baseline,2201,82,14,M15R10N10,82,1.8518518518518525e-05,0.0032900691803661175,245.0,240.0,42.41463589668274,4.571540594100952,46.98617649078369,229.0,256.4878048780488,15,10,10
dslfmae_like_baseline,2202,82,15,M15R10N15,82,1.8481481481481476e-05,0.015236676810309291,265.0,267.0,59.83282732963562,6.3274455070495605,66.16027283668518,241.0,269.1951219512195,15,10,15
dslfmae_like_baseline,2203,82,16,M15R15N5,82,1.844444444444444e-05,0.003500659756051997,194.0,185.0,29.9811053276062,3.5474321842193604,33.52853751182556,170.0,188.0121951219512,15,15,5
dslfmae_like_baseline,2204,82,17,M15R15N10,82,1.8407407407407406e-05,-0.005913877207785845,417.0,389.0,56.00122666358948,6.465493440628052,62.46672010421753,370.0,393.4634146341463,15,15,10
dslfmae_like_baseline,2205,82,18,M15R15N15,82,1.837037037037037e-05,0.008537194645863824,622.0,553.0,82.34795260429382,9.780030012130737,92.12798261642456,537.0,579.8658536585366,15,15,15
dslfmae_like_baseline,2206,82,19,M20R5N5,82,1.8333333333333336e-05,0.207840945571661,85.0,69.0,8.439834117889404,0.7667443752288818,9.206578493118286,63.0,72.7560975609756,20,5,5
dslfmae_like_baseline,2207,82,20,M20R5N10,82,1.82962962962963e-05,-0.026000424288213253,193.0,193.0,17.50452423095703,1.5851690769195557,19.089693307876587,193.0,193.4390243902439,20,5,10
dslfmae_like_baseline,2208,82,21,M20R5N15,82,1.8259259259259266e-05,-0.02857655907670657,336.0,334.0,26.0276300907135,2.4085988998413086,28.43622899055481,322.0,342.8292682926829,20,5,15
dslfmae_like_baseline,2209,82,22,M20R10N5,82,1.8222222222222218e-05,-0.16012251004576683,88.0,102.0,17.67706322669983,1.9057502746582031,19.582813501358032,83.0,95.07317073170732,20,10,5
dslfmae_like_baseline,2210,82,23,M20R10N10,82,1.8185185185185182e-05,-0.06682493723928928,190.0,215.0,33.54482293128967,3.4672293663024902,37.01205229759216,192.0,219.0609756097561,20,10,10
dslfmae_like_baseline,2211,82,24,M20R10N15,82,1.8148148148148147e-05,0.04850862808525562,362.0,373.0,56.420432806015015,6.531233310699463,62.95166611671448,312.0,340.7560975609756,20,10,15
dslfmae_like_baseline,2212,82,25,M20R15N5,82,1.8111111111111112e-05,0.04892565030604601,170.0,158.0,27.979320287704468,3.366569757461548,31.345890045166016,134.0,150.8048780487805,20,15,5
dslfmae_like_baseline,2213,82,26,M20R15N10,82,1.8074074074074077e-05,0.006371116411173716,246.0,274.0,62.34404993057251,7.911521911621094,70.2555718421936,226.0,253.890243902439,20,15,10
dslfmae_like_baseline,2214,82,27,M20R15N15,82,1.8037037037037042e-05,-0.01852300643388714,343.0,344.0,93.54072785377502,11.63558554649353,105.17631340026855,327.0,355.3414634146341,20,15,15
dslfmae_like_baseline,2215,83,1,M10R5N5,83,1.8000000000000007e-05,0.005383186740800738,186.0,171.0,6.980412244796753,0.5756497383117676,7.5560619831085205,171.0,186.0722891566265,10,5,5
dslfmae_like_baseline,2216,83,2,M10R5N10,83,1.796296296296296e-05,0.0335550915915519,383.0,349.0,16.5722758769989,1.3563532829284668,17.928629159927368,327.0,363.09638554216866,10,5,10
dslfmae_like_baseline,2217,83,3,M10R5N15,83,1.7925925925925924e-05,-0.010973005904816091,486.0,483.0,24.681598663330078,2.066310167312622,26.7479088306427,464.0,482.0,10,5,15
dslfmae_like_baseline,2218,83,4,M10R10N5,83,1.788888888888889e-05,0.009578893688740209,251.0,244.0,18.61223077774048,1.837932825088501,20.45016360282898,222.0,251.710843373494,10,10,5
dslfmae_like_baseline,2219,83,5,M10R10N10,83,1.7851851851851853e-05,0.01317194888057808,448.0,444.0,35.04725456237793,3.34318470954895,38.39043927192688,423.0,452.26506024096386,10,10,10
dslfmae_like_baseline,2220,83,6,M10R10N15,83,1.781481481481482e-05,-0.013831279100850224,679.0,681.0,53.26093101501465,5.180693626403809,58.44162464141846,661.0,726.2650602409639,10,10,15
dslfmae_like_baseline,2221,83,7,M10R15N5,83,1.7777777777777783e-05,-0.005798757910573234,371.0,372.0,27.388602018356323,3.090881824493408,30.47948384284973,347.0,377.48192771084337,10,15,5
dslfmae_like_baseline,2222,83,8,M10R15N10,83,1.774074074074075e-05,0.024709676578640937,649.0,606.0,59.89604306221008,6.932759761810303,66.82880282402039,578.0,628.6867469879518,10,15,10
dslfmae_like_baseline,2223,83,9,M10R15N15,83,1.77037037037037e-05,0.002903359813899442,1018.0,1004.0,93.97422480583191,10.75933289527893,104.73355770111084,967.0,1032.6265060240964,10,15,15
dslfmae_like_baseline,2224,83,10,M15R5N5,83,1.7666666666666665e-05,-0.01278032548725605,153.0,171.0,9.198570013046265,0.8216919898986816,10.020262002944946,148.0,169.81927710843374,15,5,5
dslfmae_like_baseline,2225,83,11,M15R5N10,83,1.762962962962963e-05,0.09725319221615791,277.0,277.0,16.294917583465576,1.3967835903167725,17.69170117378235,204.0,239.3975903614458,15,5,10
dslfmae_like_baseline,2226,83,12,M15R5N15,83,1.7592592592592595e-05,-0.01520683957884709,249.0,255.0,24.050592184066772,2.0985875129699707,26.149179697036743,239.0,270.31325301204816,15,5,15
dslfmae_like_baseline,2227,83,13,M15R10N5,83,1.755555555555556e-05,0.008052841934841126,149.0,147.0,18.394960165023804,1.8847806453704834,20.279740810394287,133.0,152.50602409638554,15,10,5
dslfmae_like_baseline,2228,83,14,M15R10N10,83,1.7518518518518524e-05,-0.0023069780218065716,255.0,240.0,42.22472047805786,4.596128463745117,46.82084894180298,229.0,256.28915662650604,15,10,10
dslfmae_like_baseline,2229,83,15,M15R10N15,83,1.7481481481481486e-05,-0.014461140939965844,264.0,270.0,60.22504544258118,5.860234498977661,66.08527994155884,241.0,269.2048192771084,15,10,15
dslfmae_like_baseline,2230,83,16,M15R15N5,83,1.744444444444444e-05,-0.010434021358378232,184.0,184.0,28.72422432899475,3.5192904472351074,32.24351477622986,170.0,187.96385542168676,15,15,5
dslfmae_like_baseline,2231,83,17,M15R15N10,83,1.7407407407407406e-05,-0.0021506224904442204,397.0,418.0,57.08839988708496,7.0397725105285645,64.12817239761353,370.0,393.7590361445783,15,15,10
dslfmae_like_baseline,2232,83,18,M15R15N15,83,1.737037037037037e-05,0.0038415502453322654,564.0,574.0,84.4000186920166,9.602653741836548,94.00267243385315,537.0,579.7951807228916,15,15,15
dslfmae_like_baseline,2233,83,19,M20R5N5,83,1.7333333333333336e-05,0.062417260371148586,80.0,83.0,8.400448560714722,0.762183666229248,9.16263222694397,63.0,72.87951807228916,20,5,5
dslfmae_like_baseline,2234,83,20,M20R5N10,83,1.72962962962963e-05,-0.020701819797977805,193.0,193.0,17.257587909698486,1.6031665802001953,18.86075448989868,193.0,193.43373493975903,20,5,10
dslfmae_like_baseline,2235,83,21,M20R5N15,83,1.7259259259259266e-05,-0.006895461701788008,327.0,327.0,26.283668756484985,2.4397225379943848,28.72339129447937,322.0,342.6385542168675,20,5,15
dslfmae_like_baseline,2236,83,22,M20R10N5,83,1.7222222222222227e-05,-0.11192386969923973,89.0,99.0,17.73816990852356,1.8806633949279785,19.618833303451538,83.0,95.12048192771084,20,10,5
dslfmae_like_baseline,2237,83,23,M20R10N10,83,1.7185185185185182e-05,-0.03223751997575164,202.0,198.0,33.66412305831909,3.5726277828216553,37.23675084114075,192.0,218.80722891566265,20,10,10
dslfmae_like_baseline,2238,83,24,M20R10N15,83,1.7148148148148147e-05,0.0349940799176693,338.0,355.0,57.09810256958008,6.149033784866333,63.24713635444641,312.0,340.9277108433735,20,10,15
dslfmae_like_baseline,2239,83,25,M20R15N5,83,1.7111111111111112e-05,0.03346814448013902,158.0,158.0,26.993054628372192,3.433713912963867,30.42676854133606,134.0,150.89156626506025,20,15,5
dslfmae_like_baseline,2240,83,26,M20R15N10,83,1.7074074074074077e-05,0.013147606747224927,261.0,237.0,61.416460275650024,8.763916969299316,70.18037724494934,226.0,253.6867469879518,20,15,10
dslfmae_like_baseline,2241,83,27,M20R15N15,83,1.703703703703704e-05,-0.013599558899711286,340.0,357.0,94.0619740486145,11.611802101135254,105.67377614974976,327.0,355.3614457831325,20,15,15
dslfmae_like_baseline,2242,84,1,M10R5N5,84,1.7000000000000003e-05,-0.014146627625450492,180.0,171.0,6.990847110748291,0.5608892440795898,7.551736354827881,171.0,185.89285714285714,10,5,5
dslfmae_like_baseline,2243,84,2,M10R5N10,84,1.6962962962962958e-05,0.002262757421704009,349.0,331.0,16.612577199935913,1.38401460647583,17.996591806411743,327.0,362.7142857142857,10,5,10
dslfmae_like_baseline,2244,84,3,M10R5N15,84,1.6925925925925923e-05,-0.007327047409489751,474.0,476.0,24.541687965393066,2.022672176361084,26.56436014175415,464.0,481.92857142857144,10,5,15
dslfmae_like_baseline,2245,84,4,M10R10N5,84,1.6888888888888888e-05,-0.0064546870707999915,240.0,244.0,18.473248720169067,1.8053481578826904,20.278596878051758,222.0,251.61904761904762,10,10,5
dslfmae_like_baseline,2246,84,5,M10R10N10,84,1.6851851851851853e-05,0.024898349152257044,453.0,442.0,35.657280683517456,3.529815673828125,39.18709635734558,423.0,452.14285714285717,10,10,10
dslfmae_like_baseline,2247,84,6,M10R10N15,84,1.6814814814814818e-05,-0.00037826378538738934,690.0,677.0,52.22728180885315,4.9658308029174805,57.19311261177063,661.0,725.6785714285714,10,10,15
dslfmae_like_baseline,2248,84,7,M10R15N5,84,1.6777777777777783e-05,-0.009140171110630035,374.0,383.0,27.483245849609375,2.9917185306549072,30.474964380264282,347.0,377.54761904761904,10,15,5
dslfmae_like_baseline,2249,84,8,M10R15N10,84,1.6740740740740744e-05,0.01992578050121665,621.0,606.0,60.79519438743591,7.433959722518921,68.22915410995483,578.0,628.4166666666666,10,15,10
dslfmae_like_baseline,2250,84,9,M10R15N15,84,1.67037037037037e-05,0.015080332435900345,992.0,982.0,94.52368402481079,10.646815061569214,105.17049908638,967.0,1032.0238095238096,10,15,15
dslfmae_like_baseline,2251,84,10,M15R5N5,84,1.6666666666666664e-05,0.037890223786234856,165.0,171.0,9.351418733596802,0.815037727355957,10.166456460952759,148.0,169.83333333333334,15,5,5
dslfmae_like_baseline,2252,84,11,M15R5N10,84,1.662962962962963e-05,0.05875007528811693,257.0,257.0,16.518232107162476,1.4327542781829834,17.95098638534546,204.0,239.60714285714286,15,5,10
dslfmae_like_baseline,2253,84,12,M15R5N15,84,1.6592592592592594e-05,-0.009966877521947026,256.0,264.0,23.973782777786255,2.076460123062134,26.05024290084839,239.0,270.23809523809524,15,5,15
dslfmae_like_baseline,2254,84,13,M15R10N5,84,1.655555555555556e-05,0.017462860443629324,151.0,144.0,18.16444420814514,1.8418195247650146,20.006263732910156,133.0,152.4047619047619,15,10,5
dslfmae_like_baseline,2255,84,14,M15R10N10,84,1.651851851851852e-05,-0.01776201359461993,243.0,248.0,42.94724440574646,4.591317892074585,47.538562297821045,229.0,256.1904761904762,15,10,10
dslfmae_like_baseline,2256,84,15,M15R10N15,84,1.6481481481481485e-05,0.0025951447139959784,264.0,266.0,57.388612508773804,5.76406192779541,63.152674436569214,241.0,269.1666666666667,15,10,15
dslfmae_like_baseline,2257,84,16,M15R15N5,84,1.644444444444444e-05,-0.018447827625398833,185.0,188.0,29.33200168609619,3.773777484893799,33.10577917098999,170.0,187.96428571428572,15,15,5
dslfmae_like_baseline,2258,84,17,M15R15N10,84,1.6407407407407405e-05,-0.012426579417660833,411.0,383.0,56.57859182357788,6.657183408737183,63.23577523231506,370.0,393.6309523809524,15,15,10
dslfmae_like_baseline,2259,84,18,M15R15N15,84,1.637037037037037e-05,0.00883208358261202,570.0,559.0,83.52228832244873,9.670832872390747,93.19312119483948,537.0,579.547619047619,15,15,15
dslfmae_like_baseline,2260,84,19,M20R5N5,84,1.6333333333333335e-05,-0.026123708579689264,73.0,75.0,8.436972856521606,0.7741706371307373,9.211143493652344,63.0,72.9047619047619,20,5,5
dslfmae_like_baseline,2261,84,20,M20R5N10,84,1.62962962962963e-05,-0.019730792148038745,193.0,193.0,17.67576313018799,1.6068713665008545,19.282634496688843,193.0,193.42857142857142,20,5,10
dslfmae_like_baseline,2262,84,21,M20R5N15,84,1.625925925925926e-05,0.007707812047253053,336.0,327.0,26.346946001052856,2.439028739929199,28.785974740982056,322.0,342.45238095238096,20,5,15
dslfmae_like_baseline,2263,84,22,M20R10N5,84,1.6222222222222227e-05,-0.0006131324189482257,98.0,95.0,18.546305418014526,1.921220064163208,20.467525482177734,83.0,95.11904761904762,20,10,5
dslfmae_like_baseline,2264,84,23,M20R10N10,84,1.618518518518518e-05,-0.007383854322445889,230.0,249.0,33.870999813079834,3.5816173553466797,37.452617168426514,192.0,219.16666666666666,20,10,10
dslfmae_like_baseline,2265,84,24,M20R10N15,84,1.6148148148148146e-05,0.017958378372713923,340.0,348.0,54.19199848175049,5.8629186153411865,60.054917097091675,312.0,341.01190476190476,20,10,15
dslfmae_like_baseline,2266,84,25,M20R15N5,84,1.611111111111111e-05,0.0317224197400113,166.0,161.0,27.23731231689453,3.5497195720672607,30.787031888961792,134.0,151.01190476190476,20,15,5
dslfmae_like_baseline,2267,84,26,M20R15N10,84,1.6074074074074076e-05,0.0056621380615979435,243.0,247.0,63.376128911972046,8.029899835586548,71.4060287475586,226.0,253.60714285714286,20,15,10
dslfmae_like_baseline,2268,84,27,M20R15N15,84,1.6037037037037038e-05,-0.026083769675876414,338.0,342.0,93.94996380805969,11.840253591537476,105.79021739959717,327.0,355.20238095238096,20,15,15
dslfmae_like_baseline,2269,85,1,M10R5N5,85,1.6000000000000003e-05,0.006838773377239704,191.0,181.0,7.002936840057373,0.5930068492889404,7.5959436893463135,171.0,185.83529411764707,10,5,5
dslfmae_like_baseline,2270,85,2,M10R5N10,85,1.5962962962962968e-05,-0.005627809616271406,360.0,374.0,16.829421520233154,1.4239578247070312,18.253379344940186,327.0,362.84705882352944,10,5,10
dslfmae_like_baseline,2271,85,3,M10R5N15,85,1.5925925925925922e-05,-0.007590604247525334,486.0,475.0,24.972113132476807,2.180136203765869,27.152249336242676,464.0,481.84705882352944,10,5,15
dslfmae_like_baseline,2272,85,4,M10R10N5,85,1.5888888888888887e-05,0.005764744273619726,245.0,246.0,19.035342931747437,1.8252975940704346,20.86064052581787,222.0,251.5529411764706,10,10,5
dslfmae_like_baseline,2273,85,5,M10R10N10,85,1.5851851851851852e-05,0.020042774733155966,450.0,441.0,34.774991035461426,3.355232000350952,38.13022303581238,423.0,452.01176470588234,10,10,10
dslfmae_like_baseline,2274,85,6,M10R10N15,85,1.5814814814814817e-05,-0.017249240074306726,672.0,685.0,51.681432485580444,5.2598865032196045,56.94131898880005,661.0,725.2,10,10,15
dslfmae_like_baseline,2275,85,7,M10R15N5,85,1.577777777777778e-05,0.0030617749822946885,376.0,377.0,28.454157829284668,3.186973810195923,31.64113163948059,347.0,377.54117647058825,10,15,5
dslfmae_like_baseline,2276,85,8,M10R15N10,85,1.5740740740740744e-05,0.02369927493855357,618.0,582.0,61.462356090545654,6.821370601654053,68.2837266921997,578.0,627.8705882352941,10,15,10
dslfmae_like_baseline,2277,85,9,M10R15N15,85,1.570370370370371e-05,-0.00023673783016420202,996.0,974.0,94.22861504554749,10.54382038116455,104.77243542671204,967.0,1031.3411764705882,10,15,15
dslfmae_like_baseline,2278,85,10,M15R5N5,85,1.5666666666666663e-05,0.06134808622300625,169.0,175.0,9.54606318473816,0.8308961391448975,10.376959323883057,148.0,169.89411764705883,15,5,5
dslfmae_like_baseline,2279,85,11,M15R5N10,85,1.562962962962963e-05,0.05220799380913377,257.0,277.0,17.038413763046265,1.565969705581665,18.60438346862793,204.0,240.04705882352943,15,5,10
dslfmae_like_baseline,2280,85,12,M15R5N15,85,1.5592592592592593e-05,-0.006442703490999217,261.0,279.0,24.763464212417603,2.0560197830200195,26.819483995437622,239.0,270.3411764705882,15,5,15
dslfmae_like_baseline,2281,85,13,M15R10N5,85,1.5555555555555555e-05,-0.025190812069922686,137.0,141.0,17.962604999542236,1.8406474590301514,19.803252458572388,133.0,152.27058823529413,15,10,5
dslfmae_like_baseline,2282,85,14,M15R10N10,85,1.551851851851852e-05,0.012264205579413101,272.0,247.0,41.78858995437622,4.4820685386657715,46.27065849304199,229.0,256.08235294117645,15,10,10
dslfmae_like_baseline,2283,85,15,M15R10N15,85,1.5481481481481485e-05,0.008748709911014885,274.0,265.0,59.9526093006134,6.371531963348389,66.32414126396179,241.0,269.11764705882354,15,10,15
dslfmae_like_baseline,2284,85,16,M15R15N5,85,1.544444444444445e-05,0.0006663778913207352,195.0,188.0,28.92797064781189,3.531641960144043,32.45961260795593,170.0,187.96470588235294,15,15,5
dslfmae_like_baseline,2285,85,17,M15R15N10,85,1.5407407407407405e-05,-0.010587761015631258,420.0,412.0,55.97068381309509,6.516786336898804,62.4874701499939,370.0,393.84705882352944,15,15,10
dslfmae_like_baseline,2286,85,18,M15R15N15,85,1.537037037037037e-05,-0.0014109767289482988,571.0,585.0,83.495108127594,9.686509847640991,93.18161797523499,537.0,579.6117647058824,15,15,15
dslfmae_like_baseline,2287,85,19,M20R5N5,85,1.5333333333333334e-05,0.13167855143547058,83.0,75.0,8.705289125442505,0.798490047454834,9.503779172897339,63.0,72.92941176470588,20,5,5
dslfmae_like_baseline,2288,85,20,M20R5N10,85,1.5296296296296296e-05,-0.030309480614960194,193.0,193.0,18.07894253730774,1.7284862995147705,19.80742883682251,193.0,193.42352941176472,20,5,10
dslfmae_like_baseline,2289,85,21,M20R5N15,85,1.525925925925926e-05,-0.024400015672047932,327.0,328.0,26.458791732788086,2.456230640411377,28.915022373199463,322.0,342.2823529411765,20,5,15
dslfmae_like_baseline,2290,85,22,M20R10N5,85,1.5222222222222226e-05,-0.07873752992600203,96.0,98.0,17.325713396072388,1.8334746360778809,19.15918803215027,83.0,95.15294117647059,20,10,5
dslfmae_like_baseline,2291,85,23,M20R10N10,85,1.5185185185185191e-05,-0.003185784628537173,263.0,247.0,32.93833518028259,3.4008448123931885,36.33917999267578,192.0,219.49411764705883,20,10,10
dslfmae_like_baseline,2292,85,24,M20R10N15,85,1.5148148148148144e-05,0.019017778104171157,344.0,337.0,56.591801166534424,6.588946104049683,63.180747270584106,312.0,340.9647058823529,20,10,15
dslfmae_like_baseline,2293,85,25,M20R15N5,85,1.5111111111111109e-05,0.008377417068307599,157.0,165.0,27.4169762134552,3.399204730987549,30.81618094444275,134.0,151.1764705882353,20,15,5
dslfmae_like_baseline,2294,85,26,M20R15N10,85,1.5074074074074074e-05,0.009736023168079555,237.0,248.0,63.93866419792175,8.245818138122559,72.18448233604431,226.0,253.54117647058823,20,15,10
dslfmae_like_baseline,2295,85,27,M20R15N15,85,1.5037037037037039e-05,-0.014518790412694216,340.0,344.0,95.53052473068237,12.23729920387268,107.76782393455505,327.0,355.0705882352941,20,15,15
dslfmae_like_baseline,2296,86,1,M10R5N5,86,1.5000000000000004e-05,-0.032812618650496006,177.0,171.0,7.246673345565796,0.6331620216369629,7.879835367202759,171.0,185.6627906976744,10,5,5
dslfmae_like_baseline,2297,86,2,M10R5N10,86,1.4962962962962967e-05,-0.023225625162012875,340.0,378.0,17.02015733718872,1.388148307800293,18.408305644989014,327.0,363.0232558139535,10,5,10
dslfmae_like_baseline,2298,86,3,M10R5N15,86,1.4925925925925932e-05,-0.0038501282106153667,477.0,479.0,24.075207233428955,1.9526662826538086,26.027873516082764,464.0,481.8139534883721,10,5,15
dslfmae_like_baseline,2299,86,4,M10R10N5,86,1.4888888888888885e-05,0.038320031482726336,251.0,250.0,18.333192348480225,1.787247896194458,20.120440244674683,222.0,251.53488372093022,10,10,5
dslfmae_like_baseline,2300,86,5,M10R10N10,86,1.485185185185185e-05,0.01944370203030606,444.0,443.0,35.620458126068115,3.623140335083008,39.24359846115112,423.0,451.90697674418607,10,10,10
dslfmae_like_baseline,2301,86,6,M10R10N15,86,1.4814814814814815e-05,-0.010291349748149515,685.0,686.0,54.5233097076416,4.994717359542847,59.51802706718445,661.0,724.7441860465116,10,10,15
dslfmae_like_baseline,2302,86,7,M10R15N5,86,1.477777777777778e-05,0.0007289130298886448,377.0,371.0,28.047340154647827,3.1733627319335938,31.22070288658142,347.0,377.4651162790698,10,15,5
dslfmae_like_baseline,2303,86,8,M10R15N10,86,1.4740740740740743e-05,0.02390594854950905,610.0,617.0,60.79837131500244,6.814016819000244,67.61238813400269,578.0,627.7441860465116,10,15,10
dslfmae_like_baseline,2304,86,9,M10R15N15,86,1.4703703703703708e-05,0.010584478237433359,1056.0,1018.0,96.62002396583557,10.718087911605835,107.3381118774414,967.0,1031.1860465116279,10,15,15
dslfmae_like_baseline,2305,86,10,M15R5N5,86,1.4666666666666661e-05,0.034990145824849606,164.0,154.0,9.404532670974731,0.8559834957122803,10.260516166687012,148.0,169.7093023255814,15,5,5
dslfmae_like_baseline,2306,86,11,M15R5N10,86,1.4629629629629626e-05,0.05898427404463291,257.0,277.0,16.544557332992554,1.3949427604675293,17.939500093460083,204.0,240.47674418604652,15,5,10
dslfmae_like_baseline,2307,86,12,M15R5N15,86,1.4592592592592591e-05,-0.019856830593198538,252.0,285.0,23.73024320602417,2.0240976810455322,25.754340887069702,239.0,270.51162790697674,15,5,15
dslfmae_like_baseline,2308,86,13,M15R10N5,86,1.4555555555555556e-05,-0.0029705534398090094,136.0,144.0,17.684980869293213,1.8264660835266113,19.511446952819824,133.0,152.17441860465115,15,10,5
dslfmae_like_baseline,2309,86,14,M15R10N10,86,1.4518518518518521e-05,-0.0017147207508969586,243.0,240.0,43.1360285282135,4.979352951049805,48.115381479263306,229.0,255.8953488372093,15,10,10
dslfmae_like_baseline,2310,86,15,M15R10N15,86,1.4481481481481484e-05,0.007269057841040194,267.0,280.0,59.60281705856323,5.927470922470093,65.53028798103333,241.0,269.24418604651163,15,10,15
dslfmae_like_baseline,2311,86,16,M15R15N5,86,1.444444444444445e-05,-0.005672854623602082,190.0,183.0,29.526029586791992,3.49664044380188,33.02267003059387,170.0,187.90697674418604,15,15,5
dslfmae_like_baseline,2312,86,17,M15R15N10,86,1.4407407407407402e-05,-0.015974847692996265,390.0,407.0,56.90037679672241,6.724550247192383,63.624927043914795,370.0,394.0,15,15,10
dslfmae_like_baseline,2313,86,18,M15R15N15,86,1.4370370370370367e-05,0.004292736191668415,560.0,563.0,84.9833128452301,9.558253288269043,94.54156613349915,537.0,579.4186046511628,15,15,15
dslfmae_like_baseline,2314,86,19,M20R5N5,86,1.4333333333333332e-05,-0.1033477783203125,71.0,75.0,8.393458366394043,0.7657999992370605,9.159258365631104,63.0,72.95348837209302,20,5,5
dslfmae_like_baseline,2315,86,20,M20R5N10,86,1.4296296296296297e-05,-0.012824047589674592,193.0,193.0,17.20527219772339,1.5796864032745361,18.784958600997925,193.0,193.41860465116278,20,5,10
dslfmae_like_baseline,2316,86,21,M20R5N15,86,1.425925925925926e-05,0.012332852735805014,328.0,328.0,25.891957759857178,2.3592259883880615,28.25118374824524,322.0,342.1162790697674,20,5,15
dslfmae_like_baseline,2317,86,22,M20R10N5,86,1.4222222222222225e-05,-0.026750213699415326,89.0,105.0,17.804543495178223,2.008300542831421,19.812844038009644,83.0,95.26744186046511,20,10,5
dslfmae_like_baseline,2318,86,23,M20R10N10,86,1.418518518518519e-05,-0.0004448290856089443,222.0,237.0,34.22453022003174,3.836353302001953,38.06088352203369,192.0,219.69767441860466,20,10,10
dslfmae_like_baseline,2319,86,24,M20R10N15,86,1.4148148148148143e-05,0.021610338520258666,330.0,346.0,56.26482343673706,6.065607309341431,62.33043074607849,312.0,341.0232558139535,20,10,15
dslfmae_like_baseline,2320,86,25,M20R15N5,86,1.4111111111111108e-05,0.03580315473179022,166.0,167.0,26.782699823379517,3.3202908039093018,30.10299062728882,134.0,151.36046511627907,20,15,5
dslfmae_like_baseline,2321,86,26,M20R15N10,86,1.4074074074074073e-05,0.007896262570284307,242.0,246.0,63.40360713005066,8.09103274345398,71.49463987350464,226.0,253.45348837209303,20,15,10
dslfmae_like_baseline,2322,86,27,M20R15N15,86,1.4037037037037038e-05,-0.021068413076656207,347.0,339.0,94.51263117790222,11.433640003204346,105.94627118110657,327.0,354.8837209302326,20,15,15
dslfmae_like_baseline,2323,87,1,M10R5N5,87,1.4000000000000001e-05,0.02086039073765278,198.0,181.0,6.931807041168213,0.5574345588684082,7.489241600036621,171.0,185.60919540229884,10,5,5
dslfmae_like_baseline,2324,87,2,M10R5N10,87,1.3962962962962966e-05,0.008626251888927072,363.0,374.0,16.154415369033813,1.3331427574157715,17.487558126449585,327.0,363.14942528735634,10,5,10
dslfmae_like_baseline,2325,87,3,M10R5N15,87,1.3925925925925931e-05,-0.016755023660759132,477.0,481.0,24.464606761932373,2.2015833854675293,26.666190147399902,464.0,481.8045977011494,10,5,15
dslfmae_like_baseline,2326,87,4,M10R10N5,87,1.3888888888888884e-05,-0.013444006210193038,237.0,238.0,18.434678554534912,2.0139994621276855,20.448678016662598,222.0,251.3793103448276,10,10,5
dslfmae_like_baseline,2327,87,5,M10R10N10,87,1.385185185185185e-05,0.01356999964142839,436.0,434.0,35.38101625442505,3.3828346729278564,38.763850927352905,423.0,451.7011494252874,10,10,10
dslfmae_like_baseline,2328,87,6,M10R10N15,87,1.3814814814814814e-05,-0.0004246762924594805,698.0,683.0,52.60657739639282,5.067020416259766,57.67359781265259,661.0,724.264367816092,10,10,15
dslfmae_like_baseline,2329,87,7,M10R15N5,87,1.3777777777777778e-05,-0.010022281028795987,369.0,361.0,27.530029296875,3.009695291519165,30.539724588394165,347.0,377.2758620689655,10,15,5
dslfmae_like_baseline,2330,87,8,M10R15N10,87,1.3740740740740743e-05,0.018655206123366953,615.0,622.0,61.95398449897766,6.882954359054565,68.83693885803223,578.0,627.6781609195402,10,15,10
dslfmae_like_baseline,2331,87,9,M10R15N15,87,1.3703703703703708e-05,0.006346271031361539,1024.0,1003.0,94.6033525466919,10.441359758377075,105.04471230506897,967.0,1030.8620689655172,10,15,15
dslfmae_like_baseline,2332,87,10,M15R5N5,87,1.3666666666666672e-05,0.0004955324984621257,154.0,174.0,9.018282651901245,0.7862615585327148,9.80454421043396,148.0,169.75862068965517,15,5,5
dslfmae_like_baseline,2333,87,11,M15R5N10,87,1.3629629629629626e-05,-0.02012680028565228,206.0,217.0,16.049922466278076,1.5252857208251953,17.57520818710327,204.0,240.20689655172413,15,5,10
dslfmae_like_baseline,2334,87,12,M15R5N15,87,1.359259259259259e-05,0.017330634019648034,258.0,257.0,24.507107973098755,2.1759233474731445,26.6830313205719,239.0,270.35632183908046,15,5,15
dslfmae_like_baseline,2335,87,13,M15R10N5,87,1.3555555555555555e-05,0.030939383199438453,141.0,156.0,19.162206172943115,2.01149320602417,21.173699378967285,133.0,152.2183908045977,15,10,5
dslfmae_like_baseline,2336,87,14,M15R10N10,87,1.3518518518518519e-05,0.005466875234560575,244.0,258.0,42.49004125595093,4.575188159942627,47.065229415893555,229.0,255.91954022988506,15,10,10
dslfmae_like_baseline,2337,87,15,M15R10N15,87,1.3481481481481484e-05,-0.0035849234816851096,259.0,271.0,59.31693625450134,5.962944269180298,65.27988052368164,241.0,269.264367816092,15,10,15
dslfmae_like_baseline,2338,87,16,M15R15N5,87,1.3444444444444449e-05,0.02844406198710203,203.0,192.0,29.144574880599976,3.6557416915893555,32.80031657218933,170.0,187.95402298850576,15,15,5
dslfmae_like_baseline,2339,87,17,M15R15N10,87,1.3407407407407414e-05,-0.019300384260714055,404.0,417.0,56.91195344924927,6.960942029953003,63.87289547920227,370.0,394.264367816092,15,15,10
dslfmae_like_baseline,2340,87,18,M15R15N15,87,1.3370370370370367e-05,-0.0017569092898546451,570.0,579.0,83.9815936088562,9.345196008682251,93.32678961753845,537.0,579.4137931034483,15,15,15
dslfmae_like_baseline,2341,87,19,M20R5N5,87,1.3333333333333332e-05,-0.16367872431874275,65.0,75.0,8.269583940505981,0.7765665054321289,9.04615044593811,63.0,72.97701149425288,20,5,5
dslfmae_like_baseline,2342,87,20,M20R5N10,87,1.3296296296296295e-05,-0.0048759346100268885,193.0,193.0,17.363198280334473,1.730405569076538,19.09360384941101,193.0,193.41379310344828,20,5,10
dslfmae_like_baseline,2343,87,21,M20R5N15,87,1.325925925925926e-05,0.019356765629102785,336.0,328.0,26.749971389770508,2.6303627490997314,29.38033413887024,322.0,341.95402298850576,20,5,15
dslfmae_like_baseline,2344,87,22,M20R10N5,87,1.3222222222222225e-05,0.05291951075196266,101.0,95.0,17.560041427612305,1.8391358852386475,19.399177312850952,83.0,95.26436781609195,20,10,5
dslfmae_like_baseline,2345,87,23,M20R10N10,87,1.318518518518519e-05,0.01683101523667574,239.0,224.0,33.02315878868103,3.57613468170166,36.59929347038269,192.0,219.7471264367816,20,10,10
dslfmae_like_baseline,2346,87,24,M20R10N15,87,1.3148148148148155e-05,0.0058049732295330616,341.0,351.0,56.08271646499634,6.323172330856323,62.40588879585266,312.0,341.13793103448273,20,10,15
dslfmae_like_baseline,2347,87,25,M20R15N5,87,1.3111111111111108e-05,0.030386346392333508,168.0,166.0,27.47437572479248,3.387223720550537,30.861599445343018,134.0,151.5287356321839,20,15,5
dslfmae_like_baseline,2348,87,26,M20R15N10,87,1.3074074074074073e-05,0.002309456770308316,252.0,271.0,63.03546643257141,8.243491411209106,71.27895784378052,226.0,253.6551724137931,20,15,10
dslfmae_like_baseline,2349,87,27,M20R15N15,87,1.3037037037037036e-05,-0.02661474873977048,349.0,348.0,94.52989745140076,12.188419103622437,106.7183165550232,327.0,354.8045977011494,20,15,15
dslfmae_like_baseline,2350,88,1,M10R5N5,88,1.3000000000000001e-05,-0.0008745985978748649,185.0,181.0,7.370685815811157,0.6135072708129883,7.9841930866241455,171.0,185.5568181818182,10,5,5
dslfmae_like_baseline,2351,88,2,M10R5N10,88,1.2962962962962966e-05,0.0354425678960979,399.0,354.0,16.883641481399536,1.5136215686798096,18.397263050079346,327.0,363.04545454545456,10,5,10
dslfmae_like_baseline,2352,88,3,M10R5N15,88,1.292592592592593e-05,-0.02169501028644542,481.0,477.0,25.037615299224854,2.050736665725708,27.08835196495056,464.0,481.75,10,5,15
dslfmae_like_baseline,2353,88,4,M10R10N5,88,1.2888888888888894e-05,-0.0036892393545713276,228.0,244.0,18.492420196533203,1.8312158584594727,20.323636054992676,222.0,251.29545454545453,10,10,5
dslfmae_like_baseline,2354,88,5,M10R10N10,88,1.2851851851851849e-05,0.007609990580628316,444.0,436.0,35.28070878982544,3.331166982650757,38.611875772476196,423.0,451.52272727272725,10,10,10
dslfmae_like_baseline,2355,88,6,M10R10N15,88,1.2814814814814812e-05,-0.01485877656377852,683.0,700.0,52.47636437416077,5.058005094528198,57.534369468688965,661.0,723.9886363636364,10,10,15
dslfmae_like_baseline,2356,88,7,M10R15N5,88,1.2777777777777777e-05,0.0024210744304582477,364.0,354.0,28.237900257110596,3.0175397396087646,31.25543999671936,347.0,377.0113636363636,10,15,5
dslfmae_like_baseline,2357,88,8,M10R15N10,88,1.2740740740740742e-05,0.015761654078960418,631.0,606.0,63.494853019714355,6.867483377456665,70.36233639717102,578.0,627.4318181818181,10,15,10
dslfmae_like_baseline,2358,88,9,M10R15N15,88,1.2703703703703707e-05,0.0026666403759918467,1012.0,1021.0,93.42370772361755,11.031988859176636,104.45569658279419,967.0,1030.75,10,15,15
dslfmae_like_baseline,2359,88,10,M15R5N5,88,1.2666666666666672e-05,0.012474515475332737,156.0,170.0,9.312861919403076,0.890404462814331,10.203266382217407,148.0,169.76136363636363,15,5,5
dslfmae_like_baseline,2360,88,11,M15R5N10,88,1.2629629629629635e-05,0.005458225874463096,217.0,257.0,17.09496521949768,1.4084522724151611,18.503417491912842,204.0,240.39772727272728,15,5,10
dslfmae_like_baseline,2361,88,12,M15R5N15,88,1.259259259259259e-05,0.008173189902057251,261.0,250.0,23.88388705253601,2.1162869930267334,26.000174045562744,239.0,270.125,15,5,15
dslfmae_like_baseline,2362,88,13,M15R10N5,88,1.2555555555555553e-05,0.02298318757675588,147.0,145.0,18.23707890510559,1.8622252941131592,20.09930419921875,133.0,152.13636363636363,15,10,5
dslfmae_like_baseline,2363,88,14,M15R10N10,88,1.2518518518518518e-05,0.006999497752985917,245.0,245.0,42.342703104019165,4.591212511062622,46.93391561508179,229.0,255.79545454545453,15,10,10
dslfmae_like_baseline,2364,88,15,M15R10N15,88,1.2481481481481483e-05,-0.003442753409035504,276.0,263.0,59.353628158569336,5.970121383666992,65.32374954223633,241.0,269.1931818181818,15,10,15
dslfmae_like_baseline,2365,88,16,M15R15N5,88,1.2444444444444448e-05,0.0021638446390473596,195.0,179.0,29.000962495803833,3.6186940670013428,32.619656562805176,170.0,187.85227272727272,15,15,5
dslfmae_like_baseline,2366,88,17,M15R15N10,88,1.2407407407407411e-05,-0.009566313005052507,415.0,396.0,56.869168758392334,6.566107749938965,63.4352765083313,370.0,394.28409090909093,15,15,10
dslfmae_like_baseline,2367,88,18,M15R15N15,88,1.2370370370370366e-05,-0.0009361112294884931,581.0,568.0,84.46463918685913,10.286685705184937,94.75132489204407,537.0,579.2840909090909,15,15,15
dslfmae_like_baseline,2368,88,19,M20R5N5,88,1.233333333333333e-05,0.0026733980048447847,71.0,75.0,8.485805034637451,0.7811627388000488,9.2669677734375,63.0,73.0,20,5,5
dslfmae_like_baseline,2369,88,20,M20R5N10,88,1.2296296296296294e-05,-0.006425595027394593,193.0,193.0,17.335291624069214,1.6192409992218018,18.954532623291016,193.0,193.4090909090909,20,5,10
dslfmae_like_baseline,2370,88,21,M20R5N15,88,1.225925925925926e-05,0.008558233646908775,342.0,328.0,26.125542163848877,2.433143377304077,28.558685541152954,322.0,341.79545454545456,20,5,15
dslfmae_like_baseline,2371,88,22,M20R10N5,88,1.2222222222222224e-05,-0.06484274845570326,86.0,94.0,18.12086844444275,1.8474044799804688,19.968272924423218,83.0,95.25,20,10,5
dslfmae_like_baseline,2372,88,23,M20R10N10,88,1.2185185185185189e-05,-0.019004927094404895,210.0,237.0,33.88385200500488,3.5165956020355225,37.400447607040405,192.0,219.9431818181818,20,10,10
dslfmae_like_baseline,2373,88,24,M20R10N15,88,1.2148148148148152e-05,0.020160413766279816,354.0,319.0,56.40181493759155,6.200534343719482,62.602349281311035,312.0,340.8863636363636,20,10,15
dslfmae_like_baseline,2374,88,25,M20R15N5,88,1.2111111111111107e-05,0.02738374494947493,156.0,158.0,27.76817512512207,3.5508997440338135,31.319074869155884,134.0,151.60227272727272,20,15,5
dslfmae_like_baseline,2375,88,26,M20R15N10,88,1.207407407407407e-05,0.00871808936353773,248.0,248.0,63.2977249622345,7.921625375747681,71.21935033798218,226.0,253.5909090909091,20,15,10
dslfmae_like_baseline,2376,88,27,M20R15N15,88,1.2037037037037035e-05,-0.010224569339438208,341.0,341.0,93.57234859466553,11.656810760498047,105.22915935516357,327.0,354.64772727272725,20,15,15
dslfmae_like_baseline,2377,89,1,M10R5N5,89,1.2e-05,-0.030464403331279755,176.0,187.0,6.943903923034668,0.5742249488830566,7.518128871917725,171.0,185.57303370786516,10,5,5
dslfmae_like_baseline,2378,89,2,M10R5N10,89,1.1962962962962965e-05,0.031732828356325626,383.0,342.0,16.705204486846924,1.3779792785644531,18.083183765411377,327.0,362.80898876404495,10,5,10
dslfmae_like_baseline,2379,89,3,M10R5N15,89,1.1925925925925929e-05,-0.01820455996009211,482.0,477.0,24.918010234832764,1.9895331859588623,26.907543420791626,464.0,481.69662921348316,10,5,15
dslfmae_like_baseline,2380,89,4,M10R10N5,89,1.1888888888888893e-05,0.020369787234812975,245.0,241.0,18.890494108200073,1.8551127910614014,20.745606899261475,222.0,251.17977528089887,10,10,5
dslfmae_like_baseline,2381,89,5,M10R10N10,89,1.1851851851851847e-05,-0.0011715963313084405,439.0,442.0,35.79604482650757,3.4067108631134033,39.20275568962097,423.0,451.4157303370786,10,10,10
dslfmae_like_baseline,2382,89,6,M10R10N15,89,1.1814814814814811e-05,-0.014211199805140495,699.0,693.0,53.842267990112305,5.308098554611206,59.15036654472351,661.0,723.6404494382023,10,10,15
dslfmae_like_baseline,2383,89,7,M10R15N5,89,1.1777777777777776e-05,-0.014516775302278498,364.0,359.0,28.47260022163391,2.9738240242004395,31.44642424583435,347.0,376.80898876404495,10,15,5
dslfmae_like_baseline,2384,89,8,M10R15N10,89,1.1740740740740741e-05,0.025863065384328365,624.0,611.0,59.67480802536011,6.6148130893707275,66.28962111473083,578.0,627.2471910112359,10,15,10
dslfmae_like_baseline,2385,89,9,M10R15N15,89,1.1703703703703706e-05,0.008014078019186854,1001.0,987.0,95.19669079780579,10.622390031814575,105.81908082962036,967.0,1030.258426966292,10,15,15
dslfmae_like_baseline,2386,89,10,M15R5N5,89,1.166666666666667e-05,-0.01698617869988084,149.0,170.0,9.206010103225708,0.8509726524353027,10.05698275566101,148.0,169.76404494382024,15,5,5
dslfmae_like_baseline,2387,89,11,M15R5N10,89,1.1629629629629635e-05,-0.0008840791706461459,217.0,217.0,16.3610258102417,1.4097349643707275,17.770760774612427,204.0,240.13483146067415,15,5,10
dslfmae_like_baseline,2388,89,12,M15R5N15,89,1.1592592592592588e-05,0.01677923711637656,255.0,296.0,23.934646368026733,2.0522942543029785,25.986940622329712,239.0,270.4157303370786,15,5,15
dslfmae_like_baseline,2389,89,13,M15R10N5,89,1.1555555555555553e-05,0.0010682517458917573,141.0,160.0,18.19674277305603,1.877305030822754,20.074047803878784,133.0,152.22471910112358,15,10,5
dslfmae_like_baseline,2390,89,14,M15R10N10,89,1.1518518518518518e-05,0.014464266889262944,266.0,265.0,42.57150435447693,4.561556816101074,47.133061170578,229.0,255.8988764044944,15,10,10
dslfmae_like_baseline,2391,89,15,M15R10N15,89,1.1481481481481482e-05,0.017639960488304497,275.0,267.0,60.179691791534424,6.014480352401733,66.19417214393616,241.0,269.1685393258427,15,10,15
dslfmae_like_baseline,2392,89,16,M15R15N5,89,1.1444444444444446e-05,-0.02646373864263296,180.0,189.0,28.90130305290222,3.4670867919921875,32.36838984489441,170.0,187.86516853932585,15,15,5
dslfmae_like_baseline,2393,89,17,M15R15N10,89,1.140740740740741e-05,-0.012290864577516913,396.0,406.0,55.79915261268616,7.022392749786377,62.821545362472534,370.0,394.4157303370786,15,15,10
dslfmae_like_baseline,2394,89,18,M15R15N15,89,1.1370370370370376e-05,0.0048359411074281,551.0,570.0,84.93250560760498,9.648802995681763,94.58130860328674,537.0,579.1797752808989,15,15,15
dslfmae_like_baseline,2395,89,19,M20R5N5,89,1.1333333333333329e-05,-0.10363866575062275,66.0,70.0,8.592709064483643,0.780585765838623,9.373294830322266,63.0,72.96629213483146,20,5,5
dslfmae_like_baseline,2396,89,20,M20R5N10,89,1.1296296296296294e-05,-0.005886072947760113,193.0,193.0,17.31799340248108,1.581636667251587,18.899630069732666,193.0,193.40449438202248,20,5,10
dslfmae_like_baseline,2397,89,21,M20R5N15,89,1.1259259259259259e-05,0.008870628817627827,327.0,325.0,26.295246601104736,2.4539794921875,28.749226093292236,322.0,341.60674157303373,20,5,15
dslfmae_like_baseline,2398,89,22,M20R10N5,89,1.1222222222222224e-05,0.002193565494962968,94.0,105.0,17.892823934555054,1.8762831687927246,19.76910710334778,83.0,95.35955056179775,20,10,5
dslfmae_like_baseline,2399,89,23,M20R10N10,89,1.1185185185185187e-05,0.0187869422758619,219.0,243.0,33.826297998428345,3.5188090801239014,37.345107078552246,192.0,220.20224719101122,20,10,10
dslfmae_like_baseline,2400,89,24,M20R10N15,89,1.1148148148148152e-05,0.008757257368415594,318.0,321.0,56.088093996047974,5.987447500228882,62.075541496276855,312.0,340.6629213483146,20,10,15
dslfmae_like_baseline,2401,89,25,M20R15N5,89,1.1111111111111117e-05,0.01832765022603174,160.0,167.0,27.1106276512146,3.28867769241333,30.39930534362793,134.0,151.77528089887642,20,15,5
dslfmae_like_baseline,2402,89,26,M20R15N10,89,1.107407407407407e-05,0.006682470859959722,247.0,255.0,63.58078694343567,8.23302435874939,71.81381130218506,226.0,253.6067415730337,20,15,10
dslfmae_like_baseline,2403,89,27,M20R15N15,89,1.1037037037037035e-05,-0.004772966058226302,361.0,351.0,94.06040859222412,11.603398561477661,105.66380715370178,327.0,354.60674157303373,20,15,15
dslfmae_like_baseline,2404,90,1,M10R5N5,90,1.1e-05,-0.025771995540708303,177.0,181.0,6.9742066860198975,0.5990979671478271,7.573304653167725,171.0,185.5222222222222,10,5,5
dslfmae_like_baseline,2405,90,2,M10R5N10,90,1.0962962962962963e-05,0.04424758814275265,409.0,354.0,16.70582604408264,1.3629529476165771,18.06877899169922,327.0,362.7111111111111,10,5,10
dslfmae_like_baseline,2406,90,3,M10R5N15,90,1.0925925925925928e-05,-0.01782039157114923,479.0,481.0,24.57649254798889,2.02909255027771,26.6055850982666,464.0,481.68888888888887,10,5,15
dslfmae_like_baseline,2407,90,4,M10R10N5,90,1.0888888888888893e-05,-0.015104273101314902,241.0,241.0,19.136400938034058,1.8116471767425537,20.94804811477661,222.0,251.06666666666666,10,10,5
dslfmae_like_baseline,2408,90,5,M10R10N10,90,1.0851851851851858e-05,0.00018506957470284155,434.0,435.0,35.65939521789551,3.468583822250366,39.127979040145874,423.0,451.23333333333335,10,10,10
dslfmae_like_baseline,2409,90,6,M10R10N15,90,1.0814814814814811e-05,-0.015364766400307418,668.0,687.0,53.56012487411499,4.9118146896362305,58.47193956375122,661.0,723.2333333333333,10,10,15
dslfmae_like_baseline,2410,90,7,M10R15N5,90,1.0777777777777776e-05,-0.010533091767380634,371.0,360.0,27.298904180526733,2.973421812057495,30.27232599258423,347.0,376.6222222222222,10,15,5
dslfmae_like_baseline,2411,90,8,M10R15N10,90,1.074074074074074e-05,0.023611677438020708,621.0,604.0,60.76718783378601,7.416952610015869,68.18414044380188,578.0,626.9888888888889,10,15,10
dslfmae_like_baseline,2412,90,9,M10R15N15,90,1.0703703703703704e-05,0.006560833906405605,988.0,996.0,95.15969252586365,10.447462797164917,105.60715532302856,967.0,1029.8777777777777,10,15,15
dslfmae_like_baseline,2413,90,10,M15R5N5,90,1.0666666666666669e-05,-0.019833401311188936,146.0,160.0,9.27084469795227,0.8060595989227295,10.076904296875,148.0,169.65555555555557,15,5,5
dslfmae_like_baseline,2414,90,11,M15R5N10,90,1.0629629629629634e-05,0.010471152025274932,217.0,237.0,16.589583158493042,1.4278960227966309,18.017479181289673,204.0,240.1,15,5,10
dslfmae_like_baseline,2415,90,12,M15R5N15,90,1.0592592592592599e-05,0.024755769098798435,276.0,257.0,24.156291007995605,2.0995235443115234,26.25581455230713,239.0,270.26666666666665,15,5,15
dslfmae_like_baseline,2416,90,13,M15R10N5,90,1.0555555555555552e-05,0.04354172199964523,146.0,159.0,18.215171575546265,1.8319594860076904,20.047131061553955,133.0,152.3,15,10,5
dslfmae_like_baseline,2417,90,14,M15R10N10,90,1.0518518518518517e-05,0.0021791952021885663,258.0,239.0,43.31651735305786,4.822146415710449,48.13866376876831,229.0,255.7111111111111,15,10,10
dslfmae_like_baseline,2418,90,15,M15R10N15,90,1.048148148148148e-05,-0.01080753670539707,248.0,266.0,58.356154441833496,5.8187172412872314,64.17487168312073,241.0,269.1333333333333,15,10,15
dslfmae_like_baseline,2419,90,16,M15R15N5,90,1.0444444444444445e-05,-0.001722188734371836,187.0,183.0,32.69435954093933,3.6756935119628906,36.37005305290222,170.0,187.8111111111111,15,15,5
dslfmae_like_baseline,2420,90,17,M15R15N10,90,1.040740740740741e-05,-0.015293267322704196,405.0,402.0,56.92891836166382,6.758223533630371,63.68714189529419,370.0,394.5,15,15,10
dslfmae_like_baseline,2421,90,18,M15R15N15,90,1.0370370370370375e-05,0.0050361881606347325,553.0,553.0,83.21405124664307,9.635241031646729,92.8492922782898,537.0,578.8888888888889,15,15,15
dslfmae_like_baseline,2422,90,19,M20R5N5,90,1.033333333333334e-05,-0.050935775972902775,67.0,76.0,8.355887174606323,0.7594826221466064,9.11536979675293,63.0,73.0,20,5,5
dslfmae_like_baseline,2423,90,20,M20R5N10,90,1.0296296296296293e-05,-0.003792784016695805,193.0,193.0,17.597814321517944,1.668929100036621,19.266743421554565,193.0,193.4,20,5,10
dslfmae_like_baseline,2424,90,21,M20R5N15,90,1.0259259259259258e-05,0.005172253188599522,327.0,327.0,26.260881185531616,2.463183879852295,28.72406506538391,322.0,341.44444444444446,20,5,15
dslfmae_like_baseline,2425,90,22,M20R10N5,90,1.0222222222222221e-05,0.029796644812449813,99.0,99.0,18.36009383201599,1.9196562767028809,20.279750108718872,83.0,95.4,20,10,5
dslfmae_like_baseline,2426,90,23,M20R10N10,90,1.0185185185185186e-05,-0.0034124746064965925,203.0,227.0,35.04550123214722,3.561502695083618,38.607003927230835,192.0,220.27777777777777,20,10,10
dslfmae_like_baseline,2427,90,24,M20R10N15,90,1.0148148148148151e-05,0.008942254865542055,337.0,337.0,54.936914920806885,5.915456295013428,60.85237121582031,312.0,340.6222222222222,20,10,15
dslfmae_like_baseline,2428,90,25,M20R15N5,90,1.0111111111111116e-05,0.014464289493237933,157.0,159.0,26.685757398605347,3.6103532314300537,30.2961106300354,134.0,151.85555555555555,20,15,5
dslfmae_like_baseline,2429,90,26,M20R15N10,90,1.007407407407407e-05,0.0025105038366746157,236.0,265.0,64.77919745445251,8.183782815933228,72.96298027038574,226.0,253.73333333333332,20,15,10
dslfmae_like_baseline,2430,90,27,M20R15N15,90,1.0037037037037034e-05,-0.011684549839368888,349.0,342.0,94.23426723480225,11.870502710342407,106.10476994514465,327.0,354.46666666666664,20,15,15
dslfmae_like_baseline,2431,91,1,M10R5N5,91,1e-05,-0.013138081645593047,184.0,187.0,7.227615833282471,0.5769720077514648,7.8045878410339355,171.0,185.53846153846155,10,5,5
dslfmae_like_baseline,2432,91,2,M10R5N10,91,1e-05,-0.029775078175589442,338.0,354.0,16.921900987625122,1.3807272911071777,18.3026282787323,327.0,362.61538461538464,10,5,10
dslfmae_like_baseline,2433,91,3,M10R5N15,91,1e-05,-0.01230506987000505,486.0,477.0,24.84522032737732,2.135572910308838,26.980793237686157,464.0,481.6373626373626,10,5,15
dslfmae_like_baseline,2434,91,4,M10R10N5,91,1e-05,0.009288504021242261,242.0,248.0,19.0310115814209,1.893251657485962,20.92426323890686,222.0,251.03296703296704,10,10,5
dslfmae_like_baseline,2435,91,5,M10R10N10,91,1e-05,0.018098590429872274,447.0,452.0,35.03237700462341,3.2682042121887207,38.300581216812134,423.0,451.24175824175825,10,10,10
dslfmae_like_baseline,2436,91,6,M10R10N15,91,1e-05,0.0018082283029798418,707.0,703.0,51.54921913146973,4.8767852783203125,56.42600440979004,661.0,723.010989010989,10,10,15
dslfmae_like_baseline,2437,91,7,M10R15N5,91,1e-05,-0.010474773085055252,379.0,375.0,27.955943822860718,3.268559217453003,31.22450304031372,347.0,376.6043956043956,10,15,5
dslfmae_like_baseline,2438,91,8,M10R15N10,91,1e-05,0.01627215384505689,628.0,619.0,61.97828459739685,6.801098108291626,68.77938270568848,578.0,626.9010989010989,10,15,10
dslfmae_like_baseline,2439,91,9,M10R15N15,91,1e-05,0.010784674159367569,1039.0,990.0,94.2896134853363,10.53699278831482,104.82660627365112,967.0,1029.4395604395604,10,15,15
dslfmae_like_baseline,2440,91,10,M15R5N5,91,1e-05,0.014262845506891608,153.0,160.0,9.366478681564331,0.8102092742919922,10.176687955856323,148.0,169.54945054945054,15,5,5
dslfmae_like_baseline,2441,91,11,M15R5N10,91,1e-05,-0.0014068700838834047,217.0,237.0,16.532508373260498,1.4164345264434814,17.94894289970398,204.0,240.06593406593407,15,5,10
dslfmae_like_baseline,2442,91,12,M15R5N15,91,1e-05,-0.011604960464561978,257.0,296.0,24.841963052749634,2.168109893798828,27.010072946548462,239.0,270.54945054945057,15,5,15
dslfmae_like_baseline,2443,91,13,M15R10N5,91,1e-05,0.041069630067795515,146.0,149.0,18.818050384521484,1.8797378540039062,20.69778823852539,133.0,152.26373626373626,15,10,5
dslfmae_like_baseline,2444,91,14,M15R10N10,91,1e-05,0.005103369723656215,249.0,245.0,42.19872450828552,4.4719460010528564,46.67067050933838,229.0,255.5934065934066,15,10,10
dslfmae_like_baseline,2445,91,15,M15R10N15,91,1e-05,0.012475951202213764,275.0,267.0,58.54829454421997,6.385053396224976,64.93334794044495,241.0,269.1098901098901,15,10,15
dslfmae_like_baseline,2446,91,16,M15R15N5,91,1e-05,0.008315454819239676,200.0,185.0,29.55162286758423,3.5397117137908936,33.09133458137512,170.0,187.78021978021977,15,15,5
dslfmae_like_baseline,2447,91,17,M15R15N10,91,1e-05,-0.01003674507373944,419.0,396.0,56.1089870929718,6.626233339309692,62.735220432281494,370.0,394.5164835164835,15,15,10
dslfmae_like_baseline,2448,91,18,M15R15N15,91,1e-05,-0.0030955482403182293,564.0,562.0,84.61911344528198,9.598721742630005,94.21783518791199,537.0,578.7032967032967,15,15,15
dslfmae_like_baseline,2449,91,19,M20R5N5,91,1e-05,0.13856317102909088,78.0,75.0,8.558846235275269,0.7677319049835205,9.326578140258789,63.0,73.02197802197803,20,5,5
dslfmae_like_baseline,2450,91,20,M20R5N10,91,1e-05,-0.011106461402960122,193.0,193.0,17.892902612686157,1.7069885730743408,19.599891185760498,193.0,193.3956043956044,20,5,10
dslfmae_like_baseline,2451,91,21,M20R5N15,91,1e-05,-0.01279845624230802,327.0,327.0,26.988993406295776,2.3982961177825928,29.38728952407837,322.0,341.2857142857143,20,5,15
dslfmae_like_baseline,2452,91,22,M20R10N5,91,1e-05,-0.050128333270549774,92.0,91.0,17.499716758728027,1.8865132331848145,19.386229991912842,83.0,95.35164835164835,20,10,5
dslfmae_like_baseline,2453,91,23,M20R10N10,91,1e-05,-0.0174877072374026,214.0,258.0,33.07495832443237,3.43894362449646,36.51390194892883,192.0,220.69230769230768,20,10,10
dslfmae_like_baseline,2454,91,24,M20R10N15,91,1e-05,0.02505428493022919,355.0,340.0,54.991947889328,6.602298021316528,61.59424591064453,312.0,340.61538461538464,20,10,15
dslfmae_like_baseline,2455,91,25,M20R15N5,91,1e-05,0.017769333091564476,157.0,164.0,27.265923738479614,3.388225793838501,30.654149532318115,134.0,151.98901098901098,20,15,5
dslfmae_like_baseline,2456,91,26,M20R15N10,91,1e-05,0.009831042564474046,254.0,260.0,62.955052852630615,8.104429483413696,71.05948233604431,226.0,253.8021978021978,20,15,10
dslfmae_like_baseline,2457,91,27,M20R15N15,91,1e-05,-0.012797768926247954,326.0,341.0,95.0353524684906,12.106601238250732,107.14195370674133,327.0,354.31868131868134,20,15,15
dslfmae_like_baseline,2458,92,1,M10R5N5,92,1e-05,0.04960700310766697,199.0,191.0,7.356687307357788,0.6306867599487305,7.9873740673065186,171.0,185.59782608695653,10,5,5
dslfmae_like_baseline,2459,92,2,M10R5N10,92,1e-05,-0.004609757714206353,368.0,345.0,17.327044248580933,1.3668055534362793,18.693849802017212,327.0,362.42391304347825,10,5,10
dslfmae_like_baseline,2460,92,3,M10R5N15,92,1e-05,-0.010306916374247521,497.0,499.0,24.141299962997437,1.9687495231628418,26.11004948616028,464.0,481.82608695652175,10,5,15
dslfmae_like_baseline,2461,92,4,M10R10N5,92,1e-05,-0.020402908558025956,238.0,247.0,18.003316402435303,1.7681827545166016,19.771499156951904,222.0,250.9891304347826,10,10,5
dslfmae_like_baseline,2462,92,5,M10R10N10,92,1e-05,0.012773673903817931,459.0,438.0,34.40543794631958,3.277825117111206,37.683263063430786,423.0,451.0978260869565,10,10,10
dslfmae_like_baseline,2463,92,6,M10R10N15,92,1e-05,-0.010289118345826864,683.0,700.0,53.866305112838745,5.436938524246216,59.30324363708496,661.0,722.7608695652174,10,10,15
dslfmae_like_baseline,2464,92,7,M10R15N5,92,1e-05,-0.01129990404782196,360.0,377.0,28.122355699539185,3.0942060947418213,31.216561794281006,347.0,376.60869565217394,10,15,5
dslfmae_like_baseline,2465,92,8,M10R15N10,92,1e-05,0.017335954727604984,615.0,655.0,60.718578577041626,6.8359527587890625,67.55453133583069,578.0,627.2065217391304,10,15,10
dslfmae_like_baseline,2466,92,9,M10R15N15,92,1e-05,0.0062375524794333614,973.0,988.0,94.58638548851013,11.085001707077026,105.67138719558716,967.0,1028.9891304347825,10,15,15
dslfmae_like_baseline,2467,92,10,M15R5N5,92,1e-05,0.021557371132075787,161.0,174.0,9.64115834236145,0.8164880275726318,10.457646369934082,148.0,169.59782608695653,15,5,5
dslfmae_like_baseline,2468,92,11,M15R5N10,92,1e-05,0.07204740773886442,257.0,212.0,16.18416714668274,1.4249186515808105,17.60908579826355,204.0,239.7608695652174,15,5,10
dslfmae_like_baseline,2469,92,12,M15R5N15,92,1e-05,-0.012631560986240705,256.0,258.0,23.574108839035034,2.012453317642212,25.586562156677246,239.0,270.4130434782609,15,5,15
dslfmae_like_baseline,2470,92,13,M15R10N5,92,1e-05,0.04042613506317139,153.0,154.0,17.555476903915405,1.8002634048461914,19.355740308761597,133.0,152.2826086956522,15,10,5
dslfmae_like_baseline,2471,92,14,M15R10N10,92,1e-05,-0.005816479315399192,251.0,246.0,41.87574601173401,4.756324291229248,46.63207030296326,229.0,255.4891304347826,15,10,10
dslfmae_like_baseline,2472,92,15,M15R10N15,92,1e-05,0.003625955228926614,276.0,271.0,59.215381383895874,5.8460259437561035,65.06140732765198,241.0,269.1304347826087,15,10,15
dslfmae_like_baseline,2473,92,16,M15R15N5,92,1e-05,-0.024805790667111676,186.0,192.0,29.579943895339966,3.573448657989502,33.15339255332947,170.0,187.82608695652175,15,15,5
dslfmae_like_baseline,2474,92,17,M15R15N10,92,1e-05,-0.015667965356260537,410.0,421.0,56.04103636741638,6.567542552947998,62.60857892036438,370.0,394.80434782608694,15,15,10
dslfmae_like_baseline,2475,92,18,M15R15N15,92,1e-05,0.010589983014922057,589.0,566.0,84.4381422996521,9.706655502319336,94.14479780197144,537.0,578.5652173913044,15,15,15
dslfmae_like_baseline,2476,92,19,M20R5N5,92,1e-05,0.058130634017288685,77.0,70.0,8.457006216049194,0.7870385646820068,9.244044780731201,63.0,72.98913043478261,20,5,5
dslfmae_like_baseline,2477,92,20,M20R5N10,92,1e-05,-0.016580626368522644,193.0,193.0,17.383604764938354,1.5785377025604248,18.96214246749878,193.0,193.3913043478261,20,5,10
dslfmae_like_baseline,2478,92,21,M20R5N15,92,1e-05,-0.010903459197531143,327.0,327.0,25.749526977539062,2.3832576274871826,28.132784605026245,322.0,341.1304347826087,20,5,15
dslfmae_like_baseline,2479,92,22,M20R10N5,92,1e-05,0.009560775477439165,100.0,95.0,17.357470989227295,1.9087986946105957,19.26626968383789,83.0,95.34782608695652,20,10,5
dslfmae_like_baseline,2480,92,23,M20R10N10,92,1e-05,-0.005504962561341624,229.0,249.0,33.24573802947998,3.6144204139709473,36.86015844345093,192.0,221.0,20,10,10
dslfmae_like_baseline,2481,92,24,M20R10N15,92,1e-05,0.01538128238171339,336.0,345.0,55.9368417263031,6.184976816177368,62.12181854248047,312.0,340.6630434782609,20,10,15
dslfmae_like_baseline,2482,92,25,M20R15N5,92,1e-05,0.003629488952962371,164.0,156.0,27.079817056655884,3.4625396728515625,30.542356729507446,134.0,152.0326086956522,20,15,5
dslfmae_like_baseline,2483,92,26,M20R15N10,92,1e-05,0.001957707913243212,246.0,262.0,63.85876154899597,8.073283433914185,71.93204498291016,226.0,253.8913043478261,20,15,10
dslfmae_like_baseline,2484,92,27,M20R15N15,92,1e-05,-0.015778601801555072,346.0,343.0,93.70096731185913,11.684866428375244,105.38583374023438,327.0,354.19565217391306,20,15,15
dslfmae_like_baseline,2485,93,1,M10R5N5,93,1e-05,0.06325828842818737,205.0,190.0,6.913013458251953,0.5630948543548584,7.4761083126068115,171.0,185.6451612903226,10,5,5
dslfmae_like_baseline,2486,93,2,M10R5N10,93,1e-05,-0.00013112850137986243,373.0,357.0,16.618328332901,1.3472464084625244,17.965574741363525,327.0,362.36559139784947,10,5,10
dslfmae_like_baseline,2487,93,3,M10R5N15,93,1e-05,-0.008924457477405667,501.0,499.0,23.79022192955017,1.9543030261993408,25.74452495574951,464.0,482.01075268817203,10,5,15
dslfmae_like_baseline,2488,93,4,M10R10N5,93,1e-05,-0.013183039263822138,245.0,243.0,18.300930738449097,1.8729431629180908,20.173873901367188,222.0,250.90322580645162,10,10,5
dslfmae_like_baseline,2489,93,5,M10R10N10,93,1e-05,-0.0011380620756729816,434.0,437.0,35.737680196762085,3.699265241622925,39.43694543838501,423.0,450.9462365591398,10,10,10
dslfmae_like_baseline,2490,93,6,M10R10N15,93,1e-05,-0.013268070737831294,674.0,728.0,53.82940435409546,5.072197914123535,58.901602268218994,661.0,722.8172043010753,10,10,15
dslfmae_like_baseline,2491,93,7,M10R15N5,93,1e-05,0.004533654893748462,394.0,370.0,27.56453275680542,3.0126149654388428,30.577147722244263,347.0,376.5376344086022,10,15,5
dslfmae_like_baseline,2492,93,8,M10R15N10,93,1e-05,0.016480347560718655,617.0,637.0,62.748847246170044,6.974892854690552,69.7237401008606,578.0,627.3118279569892,10,15,10
dslfmae_like_baseline,2493,93,9,M10R15N15,93,1e-05,0.00801367760868743,968.0,1008.0,94.13309860229492,10.381127834320068,104.51422643661499,967.0,1028.763440860215,10,15,15
dslfmae_like_baseline,2494,93,10,M15R5N5,93,1e-05,-0.046271066181361675,149.0,153.0,8.990054607391357,0.795830488204956,9.785885095596313,148.0,169.41935483870967,15,5,5
dslfmae_like_baseline,2495,93,11,M15R5N10,93,1e-05,-0.012689681723713875,208.0,212.0,16.09431266784668,1.3780810832977295,17.47239375114441,204.0,239.46236559139786,15,5,10
dslfmae_like_baseline,2496,93,12,M15R5N15,93,1e-05,0.01759091989758114,282.0,258.0,23.80814790725708,2.1198787689208984,25.92802667617798,239.0,270.2795698924731,15,5,15
dslfmae_like_baseline,2497,93,13,M15R10N5,93,1e-05,0.031244077254086733,146.0,141.0,18.27502131462097,1.9351422786712646,20.210163593292236,133.0,152.16129032258064,15,10,5
dslfmae_like_baseline,2498,93,14,M15R10N10,93,1e-05,0.0007768109426251613,251.0,250.0,42.57970595359802,4.639614582061768,47.21932053565979,229.0,255.43010752688173,15,10,10
dslfmae_like_baseline,2499,93,15,M15R10N15,93,1e-05,-0.0002821245405357331,275.0,271.0,58.35859489440918,5.949790954589844,64.30838584899902,241.0,269.1505376344086,15,10,15
dslfmae_like_baseline,2500,93,16,M15R15N5,93,1e-05,-0.0036413261744504175,193.0,192.0,28.83823871612549,3.5621588230133057,32.400397539138794,170.0,187.8709677419355,15,15,5
dslfmae_like_baseline,2501,93,17,M15R15N10,93,1e-05,-0.0005372489598812535,432.0,412.0,56.5514075756073,6.670735120773315,63.222142696380615,370.0,394.98924731182797,15,15,10
dslfmae_like_baseline,2502,93,18,M15R15N15,93,1e-05,0.0015472112458415463,585.0,583.0,84.1472339630127,9.466012716293335,93.61324667930603,537.0,578.6129032258065,15,15,15
dslfmae_like_baseline,2503,93,19,M20R5N5,93,1e-05,-0.15109286084771156,65.0,69.0,8.391849517822266,0.7489628791809082,9.140812397003174,63.0,72.94623655913979,20,5,5
dslfmae_like_baseline,2504,93,20,M20R5N10,93,1e-05,-0.01007490826305002,193.0,193.0,17.059287071228027,1.5593206882476807,18.618607759475708,193.0,193.38709677419354,20,5,10
dslfmae_like_baseline,2505,93,21,M20R5N15,93,1e-05,0.006651121114070217,327.0,327.0,26.805160522460938,2.581921100616455,29.387081623077393,322.0,340.97849462365593,20,5,15
dslfmae_like_baseline,2506,93,22,M20R10N5,93,1e-05,0.027318066684529185,99.0,95.0,17.820480823516846,2.0206196308135986,19.841100454330444,83.0,95.34408602150538,20,10,5
dslfmae_like_baseline,2507,93,23,M20R10N10,93,1e-05,0.02309121595074733,245.0,251.0,33.64911079406738,3.473810911178589,37.12292170524597,192.0,221.32258064516128,20,10,10
dslfmae_like_baseline,2508,93,24,M20R10N15,93,1e-05,0.002149909795843996,331.0,325.0,55.58111262321472,6.094671249389648,61.67578387260437,312.0,340.494623655914,20,10,15
dslfmae_like_baseline,2509,93,25,M20R15N5,93,1e-05,-0.0032125459886932126,159.0,159.0,27.147430896759033,3.4107847213745117,30.558215618133545,134.0,152.10752688172042,20,15,5
dslfmae_like_baseline,2510,93,26,M20R15N10,93,1e-05,0.002798912435537204,248.0,245.0,64.13554859161377,8.417711019515991,72.55325961112976,226.0,253.79569892473117,20,15,10
dslfmae_like_baseline,2511,93,27,M20R15N15,93,1e-05,-0.015563582269740956,339.0,338.0,93.88198256492615,11.40134859085083,105.28333115577698,327.0,354.02150537634407,20,15,15
dslfmae_like_baseline,2512,94,1,M10R5N5,94,1e-05,0.033640782348811626,195.0,190.0,6.819248914718628,0.5895791053771973,7.408828020095825,171.0,185.69148936170214,10,5,5
dslfmae_like_baseline,2513,94,2,M10R5N10,94,1e-05,-0.03132637403905392,343.0,351.0,16.882543563842773,1.4196903705596924,18.302233934402466,327.0,362.24468085106383,10,5,10
dslfmae_like_baseline,2514,94,3,M10R5N15,94,1e-05,-0.013119244540575892,494.0,498.0,24.78262734413147,2.1335320472717285,26.9161593914032,464.0,482.1808510638298,10,5,15
dslfmae_like_baseline,2515,94,4,M10R10N5,94,1e-05,-0.01379771251231432,241.0,262.0,18.73230242729187,1.7768070697784424,20.509109497070312,222.0,251.0212765957447,10,10,5
dslfmae_like_baseline,2516,94,5,M10R10N10,94,1e-05,0.009243040112778544,441.0,433.0,34.72974109649658,3.3138949871063232,38.043636083602905,423.0,450.75531914893617,10,10,10
dslfmae_like_baseline,2517,94,6,M10R10N15,94,1e-05,-0.0027649819297948853,675.0,702.0,52.52485656738281,5.065704822540283,57.590561389923096,661.0,722.5957446808511,10,10,15
dslfmae_like_baseline,2518,94,7,M10R15N5,94,1e-05,-0.0025596491371591887,367.0,368.0,28.661011457443237,3.0602428913116455,31.721254348754883,347.0,376.4468085106383,10,15,5
dslfmae_like_baseline,2519,94,8,M10R15N10,94,1e-05,0.0299423991702497,651.0,624.0,62.708669662475586,7.045515298843384,69.75418496131897,578.0,627.2765957446809,10,15,10
dslfmae_like_baseline,2520,94,9,M10R15N15,94,1e-05,0.002551840823798557,1001.0,974.0,93.83747243881226,10.710153579711914,104.54762601852417,967.0,1028.1808510638298,10,15,15
dslfmae_like_baseline,2521,94,10,M15R5N5,94,1e-05,0.029737877193838358,160.0,155.0,9.429865837097168,0.8651392459869385,10.295005083084106,148.0,169.2659574468085,15,5,5
dslfmae_like_baseline,2522,94,11,M15R5N10,94,1e-05,0.006693617251585238,217.0,217.0,16.379963636398315,1.5028321743011475,17.882795810699463,204.0,239.22340425531914,15,5,10
dslfmae_like_baseline,2523,94,12,M15R5N15,94,1e-05,-0.007047407188413975,256.0,305.0,24.404846906661987,2.071173667907715,26.476020574569702,239.0,270.6489361702128,15,5,15
dslfmae_like_baseline,2524,94,13,M15R10N5,94,1e-05,0.037190872710198164,145.0,150.0,18.077129125595093,1.8664724826812744,19.943601608276367,133.0,152.13829787234042,15,10,5
dslfmae_like_baseline,2525,94,14,M15R10N10,94,1e-05,0.011342941230395809,253.0,250.0,42.540198802948,4.602989435195923,47.14318823814392,229.0,255.37234042553192,15,10,10
dslfmae_like_baseline,2526,94,15,M15R10N15,94,1e-05,-0.006329487735638395,264.0,267.0,60.02418804168701,6.018075942993164,66.04226398468018,241.0,269.1276595744681,15,10,15
dslfmae_like_baseline,2527,94,16,M15R15N5,94,1e-05,-0.013849599713770052,185.0,186.0,29.993826150894165,3.557596206665039,33.551422357559204,170.0,187.85106382978722,15,15,5
dslfmae_like_baseline,2528,94,17,M15R15N10,94,1e-05,-0.004905505152419209,392.0,406.0,57.88544940948486,6.680815696716309,64.56626510620117,370.0,395.1063829787234,15,15,10
dslfmae_like_baseline,2529,94,18,M15R15N15,94,1e-05,0.01885709838409509,608.0,574.0,81.03905248641968,10.17777419090271,91.21682667732239,537.0,578.563829787234,15,15,15
dslfmae_like_baseline,2530,94,19,M20R5N5,94,1e-05,0.0347193693742156,74.0,70.0,8.755361318588257,0.8172891139984131,9.57265043258667,63.0,72.91489361702128,20,5,5
dslfmae_like_baseline,2531,94,20,M20R5N10,94,1e-05,-0.009439043467864394,193.0,193.0,17.653186798095703,1.7043006420135498,19.357487440109253,193.0,193.38297872340425,20,5,10
dslfmae_like_baseline,2532,94,21,M20R5N15,94,1e-05,-0.001632505647042611,335.0,327.0,26.15021061897278,2.4189698696136475,28.569180488586426,322.0,340.82978723404256,20,5,15
dslfmae_like_baseline,2533,94,22,M20R10N5,94,1e-05,-0.030239539220929146,95.0,89.0,18.06662368774414,1.8867554664611816,19.953379154205322,83.0,95.27659574468085,20,10,5
dslfmae_like_baseline,2534,94,23,M20R10N10,94,1e-05,0.003434762572093556,249.0,253.0,33.25228500366211,3.475062370300293,36.7273473739624,192.0,221.6595744680851,20,10,10
dslfmae_like_baseline,2535,94,24,M20R10N15,94,1e-05,0.01281819217838347,345.0,340.0,56.85155940055847,6.312745809555054,63.164305210113525,312.0,340.48936170212767,20,10,15
dslfmae_like_baseline,2536,94,25,M20R15N5,94,1e-05,-0.007246025081258267,155.0,161.0,27.519782543182373,3.4321463108062744,30.951928853988647,134.0,152.20212765957447,20,15,5
dslfmae_like_baseline,2537,94,26,M20R15N10,94,1e-05,0.008514415379613638,260.0,255.0,64.72925233840942,8.16483187675476,72.89408421516418,226.0,253.80851063829786,20,15,10
dslfmae_like_baseline,2538,94,27,M20R15N15,94,1e-05,-0.010534833202005498,345.0,339.0,92.22759485244751,12.511045932769775,104.73864078521729,327.0,353.86170212765956,20,15,15
dslfmae_like_baseline,2539,95,1,M10R5N5,95,1e-05,-0.028791593853384256,176.0,190.0,6.930945634841919,0.6058664321899414,7.53681206703186,171.0,185.73684210526315,10,5,5
dslfmae_like_baseline,2540,95,2,M10R5N10,95,1e-05,-0.023665879853069782,340.0,363.0,16.508875131607056,1.382756233215332,17.891631364822388,327.0,362.2526315789474,10,5,10
dslfmae_like_baseline,2541,95,3,M10R5N15,95,1e-05,-0.005260280910685348,490.0,509.0,24.14031958580017,1.989499807357788,26.12981939315796,464.0,482.46315789473687,10,5,15
dslfmae_like_baseline,2542,95,4,M10R10N5,95,1e-05,0.029056268045678735,260.0,232.0,18.572398900985718,1.7971961498260498,20.369595050811768,222.0,250.82105263157894,10,10,5
dslfmae_like_baseline,2543,95,5,M10R10N10,95,1e-05,6.582227554948379e-05,430.0,438.0,34.56542658805847,3.3652420043945312,37.930668592453,423.0,450.62105263157895,10,10,10
dslfmae_like_baseline,2544,95,6,M10R10N15,95,1e-05,-0.013617477472871542,681.0,694.0,53.40974044799805,5.039226531982422,58.44896697998047,661.0,722.2947368421053,10,10,15
dslfmae_like_baseline,2545,95,7,M10R15N5,95,1e-05,-0.009150573750957847,367.0,371.0,28.061692714691162,3.15563702583313,31.217329740524292,347.0,376.38947368421054,10,15,5
dslfmae_like_baseline,2546,95,8,M10R15N10,95,1e-05,0.012626623269170523,600.0,617.0,61.12774348258972,6.666217088699341,67.79396057128906,578.0,627.1684210526316,10,15,10
dslfmae_like_baseline,2547,95,9,M10R15N15,95,1e-05,0.01127782155526802,1004.0,976.0,94.06555771827698,11.087656259536743,105.15321397781372,967.0,1027.6315789473683,10,15,15
dslfmae_like_baseline,2548,95,10,M15R5N5,95,1e-05,0.055603932589292526,163.0,155.0,9.255883932113647,0.8241446018218994,10.080028533935547,148.0,169.1157894736842,15,5,5
dslfmae_like_baseline,2549,95,11,M15R5N10,95,1e-05,0.021969648078083992,224.0,217.0,16.406020879745483,1.4125211238861084,17.818542003631592,204.0,238.98947368421054,15,5,10
dslfmae_like_baseline,2550,95,12,M15R5N15,95,1e-05,0.016948111665745575,275.0,301.0,24.29756450653076,2.075718641281128,26.37328314781189,239.0,270.9684210526316,15,5,15
dslfmae_like_baseline,2551,95,13,M15R10N5,95,1e-05,0.02149408869445324,147.0,156.0,18.32286763191223,1.9375331401824951,20.260400772094727,133.0,152.17894736842106,15,10,5
dslfmae_like_baseline,2552,95,14,M15R10N10,95,1e-05,0.0011980184572166763,257.0,256.0,42.91668939590454,4.706970691680908,47.62366008758545,229.0,255.37894736842105,15,10,10
dslfmae_like_baseline,2553,95,15,M15R10N15,95,1e-05,-0.0011984999699052423,271.0,264.0,59.702003955841064,6.253459930419922,65.95546388626099,241.0,269.0736842105263,15,10,15
dslfmae_like_baseline,2554,95,16,M15R15N5,95,1e-05,-0.016249351513882477,185.0,198.0,30.241225719451904,3.555849552154541,33.797075271606445,170.0,187.9578947368421,15,15,5
dslfmae_like_baseline,2555,95,17,M15R15N10,95,1e-05,-0.01725465217605233,385.0,390.0,55.68703818321228,6.432732820510864,62.119771003723145,370.0,395.05263157894734,15,15,10
dslfmae_like_baseline,2556,95,18,M15R15N15,95,1e-05,0.0038328772446090753,553.0,569.0,83.83925986289978,9.581914186477661,93.42117404937744,537.0,578.4631578947368,15,15,15
dslfmae_like_baseline,2557,95,19,M20R5N5,95,1e-05,0.04543041903525591,73.0,75.0,8.522445917129517,0.7587177753448486,9.281163692474365,63.0,72.93684210526315,20,5,5
dslfmae_like_baseline,2558,95,20,M20R5N10,95,1e-05,-0.0008856492931954563,193.0,193.0,17.357216119766235,1.5921893119812012,18.949405431747437,193.0,193.37894736842105,20,5,10
dslfmae_like_baseline,2559,95,21,M20R5N15,95,1e-05,0.005594341627632578,338.0,327.0,25.952932596206665,2.407954216003418,28.360886812210083,322.0,340.6842105263158,20,5,15
dslfmae_like_baseline,2560,95,22,M20R10N5,95,1e-05,-0.053686792962253094,92.0,102.0,17.787662744522095,1.8574249744415283,19.645087718963623,83.0,95.34736842105264,20,10,5
dslfmae_like_baseline,2561,95,23,M20R10N10,95,1e-05,-0.009098879915351668,210.0,229.0,33.52732515335083,3.534621238708496,37.061946392059326,192.0,221.73684210526315,20,10,10
dslfmae_like_baseline,2562,95,24,M20R10N15,95,1e-05,0.015883566113188863,335.0,367.0,56.016505002975464,6.2465643882751465,62.26306939125061,312.0,340.7684210526316,20,10,15
dslfmae_like_baseline,2563,95,25,M20R15N5,95,1e-05,-0.014315123048921427,149.0,160.0,27.31784439086914,3.3901729583740234,30.708017349243164,134.0,152.2842105263158,20,15,5
dslfmae_like_baseline,2564,95,26,M20R15N10,95,1e-05,0.008263872051611543,249.0,249.0,62.12164783477783,7.949916839599609,70.07156467437744,226.0,253.7578947368421,20,15,10
dslfmae_like_baseline,2565,95,27,M20R15N15,95,1e-05,-0.011854380069832717,341.0,334.0,95.01285147666931,11.895634174346924,106.90848565101624,327.0,353.65263157894736,20,15,15
dslfmae_like_baseline,2566,96,1,M10R5N5,96,1e-05,0.001203746534883976,188.0,190.0,7.114720106124878,0.5669443607330322,7.68166446685791,171.0,185.78125,10,5,5
dslfmae_like_baseline,2567,96,2,M10R5N10,96,1e-05,-0.026134098414331675,338.0,384.0,16.8516788482666,1.3690004348754883,18.22067928314209,327.0,362.4791666666667,10,5,10
dslfmae_like_baseline,2568,96,3,M10R5N15,96,1e-05,0.0022532288082099208,497.0,494.0,24.273547649383545,1.9875307083129883,26.261078357696533,464.0,482.5833333333333,10,5,15
dslfmae_like_baseline,2569,96,4,M10R10N5,96,1e-05,0.0215202821418643,244.0,232.0,18.869970083236694,1.8336498737335205,20.703619956970215,222.0,250.625,10,10,5
dslfmae_like_baseline,2570,96,5,M10R10N10,96,1e-05,0.006370216957293451,440.0,429.0,35.30447316169739,3.3854477405548096,38.6899209022522,423.0,450.3958333333333,10,10,10
dslfmae_like_baseline,2571,96,6,M10R10N15,96,1e-05,-0.01217541443184018,680.0,691.0,53.815619230270386,4.993353843688965,58.80897307395935,661.0,721.96875,10,10,15
dslfmae_like_baseline,2572,96,7,M10R15N5,96,1e-05,-0.019704510380203526,369.0,361.0,27.33931279182434,2.9446866512298584,30.2839994430542,347.0,376.2291666666667,10,15,5
dslfmae_like_baseline,2573,96,8,M10R15N10,96,1e-05,0.011422258731909097,592.0,622.0,60.544965505599976,7.428093194961548,67.97305870056152,578.0,627.1145833333334,10,15,10
dslfmae_like_baseline,2574,96,9,M10R15N15,96,1e-05,0.01190831144049298,987.0,981.0,95.89232611656189,10.587005853652954,106.47933197021484,967.0,1027.1458333333333,10,15,15
dslfmae_like_baseline,2575,96,10,M15R5N5,96,1e-05,0.01170555641874671,155.0,155.0,9.235942840576172,0.8198826313018799,10.055825471878052,148.0,168.96875,15,5,5
dslfmae_like_baseline,2576,96,11,M15R5N10,96,1e-05,0.002238729823147878,217.0,217.0,16.527674913406372,1.4023122787475586,17.92998719215393,204.0,238.76041666666666,15,5,10
dslfmae_like_baseline,2577,96,12,M15R5N15,96,1e-05,0.0008644149444686869,258.0,257.0,24.291807174682617,2.073096990585327,26.364904165267944,239.0,270.8229166666667,15,5,15
dslfmae_like_baseline,2578,96,13,M15R10N5,96,1e-05,0.03207143838517368,155.0,143.0,18.370457887649536,1.9055976867675781,20.276055574417114,133.0,152.08333333333334,15,10,5
dslfmae_like_baseline,2579,96,14,M15R10N10,96,1e-05,0.00578831602979335,258.0,251.0,42.80063533782959,4.834508419036865,47.635143756866455,229.0,255.33333333333334,15,10,10
dslfmae_like_baseline,2580,96,15,M15R10N15,96,1e-05,-0.003496764294686727,255.0,260.0,60.15631580352783,5.852172613143921,66.00848841667175,241.0,268.9791666666667,15,10,15
dslfmae_like_baseline,2581,96,16,M15R15N5,96,1e-05,-0.0043330962750284625,184.0,189.0,28.484750032424927,3.413357973098755,31.89810800552368,170.0,187.96875,15,15,5
dslfmae_like_baseline,2582,96,17,M15R15N10,96,1e-05,-0.010683204233646392,389.0,399.0,56.391775369644165,7.253804922103882,63.64558029174805,370.0,395.09375,15,15,10
dslfmae_like_baseline,2583,96,18,M15R15N15,96,1e-05,0.014572305056000394,571.0,586.0,82.97869944572449,9.588547229766846,92.56724667549133,537.0,578.5416666666666,15,15,15
dslfmae_like_baseline,2584,96,19,M20R5N5,96,1e-05,0.11477113887667656,78.0,66.0,8.563628673553467,0.768911600112915,9.332540273666382,63.0,72.86458333333333,20,5,5
dslfmae_like_baseline,2585,96,20,M20R5N10,96,1e-05,-0.008035161474253982,193.0,193.0,17.749122381210327,1.6320502758026123,19.38117265701294,193.0,193.375,20,5,10
dslfmae_like_baseline,2586,96,21,M20R5N15,96,1e-05,-0.012218512284259,325.0,327.0,26.9142906665802,2.5002825260162354,29.414573192596436,322.0,340.5416666666667,20,5,15
dslfmae_like_baseline,2587,96,22,M20R10N5,96,1e-05,-0.11751164682209492,83.0,98.0,17.91264772415161,1.8768997192382812,19.789547443389893,83.0,95.375,20,10,5
dslfmae_like_baseline,2588,96,23,M20R10N10,96,1e-05,-0.012356640479993075,206.0,248.0,34.14342284202576,3.6335372924804688,37.776960134506226,192.0,222.01041666666666,20,10,10
dslfmae_like_baseline,2589,96,24,M20R10N15,96,1e-05,0.018739016633480786,327.0,333.0,56.06205749511719,6.033791542053223,62.09584903717041,312.0,340.6875,20,10,15
dslfmae_like_baseline,2590,96,25,M20R15N5,96,1e-05,0.009651558512511352,152.0,148.0,26.962671518325806,3.3050451278686523,30.267716646194458,134.0,152.23958333333334,20,15,5
dslfmae_like_baseline,2591,96,26,M20R15N10,96,1e-05,0.016785625461488964,252.0,258.0,63.44980597496033,8.65123462677002,72.10104060173035,226.0,253.80208333333334,20,15,10
dslfmae_like_baseline,2592,96,27,M20R15N15,96,1e-05,-0.013527445794482316,354.0,343.0,93.23003125190735,11.787678241729736,105.01770949363708,327.0,353.5416666666667,20,15,15
dslfmae_like_baseline,2593,97,1,M10R5N5,97,1e-05,0.02466564765200019,188.0,181.0,6.99391508102417,0.5657987594604492,7.559713840484619,171.0,185.7319587628866,10,5,5
dslfmae_like_baseline,2594,97,2,M10R5N10,97,1e-05,-0.023210859391838312,342.0,360.0,16.68949604034424,1.375394582748413,18.06489062309265,327.0,362.45360824742266,10,5,10
dslfmae_like_baseline,2595,97,3,M10R5N15,97,1e-05,-0.01378023795162638,486.0,482.0,24.8667094707489,2.028886079788208,26.89559555053711,464.0,482.5773195876289,10,5,15
dslfmae_like_baseline,2596,97,4,M10R10N5,97,1e-05,0.027929309522733092,244.0,243.0,18.80091118812561,1.9097273349761963,20.710638523101807,222.0,250.5463917525773,10,10,5
dslfmae_like_baseline,2597,97,5,M10R10N10,97,1e-05,0.015912630362436175,448.0,441.0,36.58179569244385,3.462966203689575,40.04476189613342,423.0,450.29896907216494,10,10,10
dslfmae_like_baseline,2598,97,6,M10R10N15,97,1e-05,-0.006999126088339835,690.0,701.0,52.469340801239014,4.954044342041016,57.42338514328003,661.0,721.7525773195877,10,10,15
dslfmae_like_baseline,2599,97,7,M10R15N5,97,1e-05,-0.017931754468008876,354.0,367.0,27.53521966934204,3.2307746410369873,30.76599431037903,347.0,376.1340206185567,10,15,5
dslfmae_like_baseline,2600,97,8,M10R15N10,97,1e-05,0.016069928416982293,623.0,609.0,62.90589094161987,6.9120519161224365,69.81794285774231,578.0,626.9278350515464,10,15,10
dslfmae_like_baseline,2601,97,9,M10R15N15,97,1e-05,0.005969628022285178,989.0,1005.0,94.42494559288025,10.641902685165405,105.06684827804565,967.0,1026.9175257731958,10,15,15
dslfmae_like_baseline,2602,97,10,M15R5N5,97,1e-05,-0.0089784215670079,150.0,155.0,9.387661457061768,0.8225548267364502,10.210216283798218,148.0,168.82474226804123,15,5,5
dslfmae_like_baseline,2603,97,11,M15R5N10,97,1e-05,0.04528693528845906,237.0,208.0,16.328303813934326,1.416961908340454,17.74526572227478,204.0,238.44329896907217,15,5,10
dslfmae_like_baseline,2604,97,12,M15R5N15,97,1e-05,0.022510703187435865,278.0,287.0,24.413654804229736,2.1137537956237793,26.527408599853516,239.0,270.9896907216495,15,5,15
dslfmae_like_baseline,2605,97,13,M15R10N5,97,1e-05,0.03356609120965004,148.0,153.0,18.779160737991333,1.9172518253326416,20.696412563323975,133.0,152.09278350515464,15,10,5
dslfmae_like_baseline,2606,97,14,M15R10N10,97,1e-05,-0.005975629948807182,245.0,243.0,42.81920027732849,4.639576435089111,47.4587767124176,229.0,255.20618556701032,15,10,10
dslfmae_like_baseline,2607,97,15,M15R10N15,97,1e-05,0.000114439835306257,271.0,263.0,58.166890382766724,6.285837173461914,64.45272755622864,241.0,268.91752577319585,15,10,15
dslfmae_like_baseline,2608,97,16,M15R15N5,97,1e-05,-0.01590475533157587,186.0,190.0,29.709101915359497,3.841061592102051,33.55016350746155,170.0,187.98969072164948,15,15,5
dslfmae_like_baseline,2609,97,17,M15R15N10,97,1e-05,-0.005932381155434996,403.0,391.0,56.840275287628174,6.808267593383789,63.64854288101196,370.0,395.0515463917526,15,15,10
dslfmae_like_baseline,2610,97,18,M15R15N15,97,1e-05,-0.0033057968217430505,570.0,559.0,85.48649215698242,9.765273332595825,95.25176548957825,537.0,578.340206185567,15,15,15
dslfmae_like_baseline,2611,97,19,M20R5N5,97,1e-05,-0.09964286535978317,66.0,71.0,8.70722508430481,0.7779397964477539,9.485164880752563,63.0,72.84536082474227,20,5,5
dslfmae_like_baseline,2612,97,20,M20R5N10,97,1e-05,-0.002179280527343508,193.0,193.0,17.67052459716797,1.7215402126312256,19.392064809799194,193.0,193.37113402061857,20,5,10
dslfmae_like_baseline,2613,97,21,M20R5N15,97,1e-05,0.010244359378702939,327.0,327.0,26.972983360290527,2.524050712585449,29.497034072875977,322.0,340.4020618556701,20,5,15
dslfmae_like_baseline,2614,97,22,M20R10N5,97,1e-05,0.01846389437559992,95.0,101.0,18.310855865478516,1.8588624000549316,20.169718265533447,83.0,95.43298969072166,20,10,5
dslfmae_like_baseline,2615,97,23,M20R10N10,97,1e-05,0.026596503642698128,247.0,250.0,33.07140827178955,3.5005407333374023,36.57194900512695,192.0,222.29896907216494,20,10,10
dslfmae_like_baseline,2616,97,24,M20R10N15,97,1e-05,0.0045478584812371995,334.0,337.0,55.00526452064514,6.427107334136963,61.432371854782104,312.0,340.64948453608247,20,10,15
dslfmae_like_baseline,2617,97,25,M20R15N5,97,1e-05,-0.020272371203949053,147.0,155.0,27.771526098251343,3.5915164947509766,31.36304259300232,134.0,152.2680412371134,20,15,5
dslfmae_like_baseline,2618,97,26,M20R15N10,97,1e-05,0.0058017073199152945,253.0,266.0,63.52441382408142,8.344315528869629,71.86872935295105,226.0,253.9278350515464,20,15,10
dslfmae_like_baseline,2619,97,27,M20R15N15,97,1e-05,-0.011561638808676175,354.0,347.0,94.34616827964783,11.80327844619751,106.14944672584534,327.0,353.4742268041237,20,15,15
dslfmae_like_baseline,2620,98,1,M10R5N5,98,1e-05,-0.015268111834302545,181.0,181.0,7.078935384750366,0.5947189331054688,7.673654317855835,171.0,185.68367346938774,10,5,5
dslfmae_like_baseline,2621,98,2,M10R5N10,98,1e-05,-0.013368017273023725,345.0,365.0,17.23949694633484,1.4823808670043945,18.721877813339233,327.0,362.4795918367347,10,5,10
dslfmae_like_baseline,2622,98,3,M10R5N15,98,1e-05,-0.003957754621903102,497.0,484.0,25.42422604560852,1.9946651458740234,27.418891191482544,464.0,482.59183673469386,10,5,15
dslfmae_like_baseline,2623,98,4,M10R10N5,98,1e-05,0.02404442406259477,250.0,247.0,18.41122055053711,1.8944013118743896,20.3056218624115,222.0,250.51020408163265,10,10,5
dslfmae_like_baseline,2624,98,5,M10R10N10,98,1e-05,0.008597687973330418,436.0,434.0,34.57192850112915,3.2425036430358887,37.81443214416504,423.0,450.1326530612245,10,10,10
dslfmae_like_baseline,2625,98,6,M10R10N15,98,1e-05,-0.010855367151089012,706.0,687.0,52.660847663879395,5.422299861907959,58.08314752578735,661.0,721.3979591836735,10,10,15
dslfmae_like_baseline,2626,98,7,M10R15N5,98,1e-05,-0.0035476895961134383,374.0,358.0,28.19048833847046,3.0387234687805176,31.229211807250977,347.0,375.94897959183675,10,15,5
dslfmae_like_baseline,2627,98,8,M10R15N10,98,1e-05,0.011146811582148076,616.0,596.0,61.94243407249451,6.793457269668579,68.73589134216309,578.0,626.6122448979592,10,15,10
dslfmae_like_baseline,2628,98,9,M10R15N15,98,1e-05,0.0062657269518240355,985.0,965.0,96.8845911026001,10.838079690933228,107.72267079353333,965.0,1026.2857142857142,10,15,15
dslfmae_like_baseline,2629,98,10,M15R5N5,98,1e-05,0.10682225041091442,172.0,167.0,9.705268383026123,0.8422324657440186,10.547500848770142,148.0,168.80612244897958,15,5,5
dslfmae_like_baseline,2630,98,11,M15R5N10,98,1e-05,0.0046789744519628584,217.0,208.0,17.24565887451172,1.4148495197296143,18.660508394241333,204.0,238.1326530612245,15,5,10
dslfmae_like_baseline,2631,98,12,M15R5N15,98,1e-05,0.007990806150094917,270.0,263.0,23.623018741607666,2.1254687309265137,25.74848747253418,239.0,270.90816326530614,15,5,15
dslfmae_like_baseline,2632,98,13,M15R10N5,98,1e-05,0.04100677650421858,159.0,155.0,18.06747031211853,1.8436305522918701,19.9111008644104,133.0,152.12244897959184,15,10,5
dslfmae_like_baseline,2633,98,14,M15R10N10,98,1e-05,-0.005598776137048844,262.0,257.0,41.772045850753784,4.80878472328186,46.580830574035645,229.0,255.22448979591837,15,10,10
dslfmae_like_baseline,2634,98,15,M15R10N15,98,1e-05,-0.0037529604800511152,271.0,282.0,59.824878454208374,6.059918642044067,65.88479709625244,241.0,269.05102040816325,15,10,15
dslfmae_like_baseline,2635,98,16,M15R15N5,98,1e-05,-0.011009705408165852,193.0,176.0,29.79932689666748,3.5657076835632324,33.36503458023071,170.0,187.8673469387755,15,15,5
dslfmae_like_baseline,2636,98,17,M15R15N10,98,1e-05,-0.01793333049863577,380.0,405.0,57.85130071640015,6.747560262680054,64.5988609790802,370.0,395.1530612244898,15,15,10
dslfmae_like_baseline,2637,98,18,M15R15N15,98,1e-05,0.0024390429617986748,564.0,538.0,86.86459374427795,10.233484745025635,97.09807848930359,537.0,577.9285714285714,15,15,15
dslfmae_like_baseline,2638,98,19,M20R5N5,98,1e-05,0.10950174182653427,77.0,76.0,8.651435613632202,0.7842729091644287,9.43570852279663,63.0,72.87755102040816,20,5,5
dslfmae_like_baseline,2639,98,20,M20R5N10,98,1e-05,-0.0006785268706153147,193.0,193.0,17.342732191085815,1.6063835620880127,18.949115753173828,193.0,193.3673469387755,20,5,10
dslfmae_like_baseline,2640,98,21,M20R5N15,98,1e-05,-0.005746255551154415,322.0,334.0,25.80914545059204,2.3767566680908203,28.18590211868286,322.0,340.33673469387753,20,5,15
dslfmae_like_baseline,2641,98,22,M20R10N5,98,1e-05,-0.08029881212860346,89.0,98.0,17.293538808822632,1.8227035999298096,19.11624240875244,83.0,95.45918367346938,20,10,5
dslfmae_like_baseline,2642,98,23,M20R10N10,98,1e-05,0.010286333505064249,246.0,230.0,33.25212240219116,3.631718158721924,36.883840560913086,192.0,222.37755102040816,20,10,10
dslfmae_like_baseline,2643,98,24,M20R10N15,98,1e-05,0.01885717115364969,337.0,324.0,56.405558824539185,6.096247673034668,62.50180649757385,312.0,340.4795918367347,20,10,15
dslfmae_like_baseline,2644,98,25,M20R15N5,98,1e-05,0.006026573964239408,154.0,149.0,27.416849613189697,3.425724744796753,30.84257435798645,134.0,152.23469387755102,20,15,5
dslfmae_like_baseline,2645,98,26,M20R15N10,98,1e-05,0.009812041278928518,249.0,242.0,62.253501415252686,8.046902656555176,70.30040407180786,226.0,253.80612244897958,20,15,10
dslfmae_like_baseline,2646,98,27,M20R15N15,98,1e-05,-0.016146060145859207,343.0,340.0,95.89786028862,11.800096273422241,107.69795656204224,327.0,353.33673469387753,20,15,15
dslfmae_like_baseline,2647,99,1,M10R5N5,99,1e-05,0.005007800296880305,185.0,181.0,6.98568868637085,0.5817244052886963,7.567413091659546,171.0,185.63636363636363,10,5,5
dslfmae_like_baseline,2648,99,2,M10R5N10,99,1e-05,0.010695870558265597,380.0,372.0,16.3870792388916,1.34956693649292,17.73664617538452,327.0,362.57575757575756,10,5,10
dslfmae_like_baseline,2649,99,3,M10R5N15,99,1e-05,-0.02163697585153083,487.0,482.0,24.118164539337158,1.9802367687225342,26.098401308059692,464.0,482.5858585858586,10,5,15
dslfmae_like_baseline,2650,99,4,M10R10N5,99,1e-05,0.027766730403527617,259.0,260.0,18.179450750350952,1.9020264148712158,20.081477165222168,222.0,250.6060606060606,10,10,5
dslfmae_like_baseline,2651,99,5,M10R10N10,99,1e-05,0.007910682975004116,441.0,434.0,36.129055976867676,3.637007713317871,39.76606369018555,423.0,449.969696969697,10,10,10
dslfmae_like_baseline,2652,99,6,M10R10N15,99,1e-05,-0.021256876969709994,682.0,695.0,52.92861008644104,5.012791633605957,57.941401720047,661.0,721.1313131313132,10,10,15
dslfmae_like_baseline,2653,99,7,M10R15N5,99,1e-05,0.01361786799194912,386.0,371.0,27.66273021697998,2.9870736598968506,30.64980387687683,347.0,375.8989898989899,10,15,5
dslfmae_like_baseline,2654,99,8,M10R15N10,99,1e-05,0.015033168904483318,621.0,639.0,62.0707061290741,6.9001054763793945,68.97081160545349,578.0,626.7373737373738,10,15,10
dslfmae_like_baseline,2655,99,9,M10R15N15,99,1e-05,0.008694994096003938,995.0,994.0,94.20027923583984,10.410975694656372,104.61125493049622,965.0,1025.959595959596,10,15,15
dslfmae_like_baseline,2656,99,10,M15R5N5,99,1e-05,0.03783941641449928,161.0,155.0,9.13321590423584,0.7938244342803955,9.927040338516235,148.0,168.66666666666666,15,5,5
dslfmae_like_baseline,2657,99,11,M15R5N10,99,1e-05,0.0031215298295137472,217.0,207.0,16.07030487060547,1.3749027252197266,17.445207595825195,204.0,237.8181818181818,15,5,10
dslfmae_like_baseline,2658,99,12,M15R5N15,99,1e-05,0.0006403828738257289,275.0,298.0,23.35351848602295,2.017686128616333,25.371204614639282,239.0,271.1818181818182,15,5,15
dslfmae_like_baseline,2659,99,13,M15R10N5,99,1e-05,-0.0191097401548177,136.0,152.0,18.436816215515137,1.9620599746704102,20.398876190185547,133.0,152.12121212121212,15,10,5
dslfmae_like_baseline,2660,99,14,M15R10N10,99,1e-05,-0.002720629909163108,243.0,253.0,43.45746898651123,4.658463478088379,48.11593246459961,229.0,255.2020202020202,15,10,10
dslfmae_like_baseline,2661,99,15,M15R10N15,99,1e-05,-0.0031731394556118175,252.0,256.0,59.320438861846924,5.850043058395386,65.17048192024231,241.0,268.9191919191919,15,10,15
dslfmae_like_baseline,2662,99,16,M15R15N5,99,1e-05,0.013643022005756697,202.0,186.0,28.683194637298584,3.5119423866271973,32.19513702392578,170.0,187.84848484848484,15,15,5
dslfmae_like_baseline,2663,99,17,M15R15N10,99,1e-05,-0.0021002973575377838,412.0,405.0,56.99695420265198,6.78583025932312,63.7827844619751,370.0,395.25252525252523,15,15,10
dslfmae_like_baseline,2664,99,18,M15R15N15,99,1e-05,0.0006326479488052428,563.0,558.0,85.80637812614441,9.533020734786987,95.3393988609314,537.0,577.7272727272727,15,15,15
dslfmae_like_baseline,2665,99,19,M20R5N5,99,1e-05,-0.07005167007446289,68.0,69.0,8.463948726654053,0.7430870532989502,9.207035779953003,63.0,72.83838383838383,20,5,5
dslfmae_like_baseline,2666,99,20,M20R5N10,99,1e-05,0.009636545670218766,193.0,193.0,17.10112738609314,1.571225643157959,18.6723530292511,193.0,193.36363636363637,20,5,10
dslfmae_like_baseline,2667,99,21,M20R5N15,99,1e-05,0.017243717797100544,334.0,327.0,26.15341544151306,2.579524040222168,28.73293948173523,322.0,340.2020202020202,20,5,15
dslfmae_like_baseline,2668,99,22,M20R10N5,99,1e-05,0.008275915330159478,98.0,98.0,17.99991536140442,2.0973246097564697,20.09723997116089,83.0,95.48484848484848,20,10,5
dslfmae_like_baseline,2669,99,23,M20R10N10,99,1e-05,0.011051163504210612,233.0,229.0,34.07035541534424,3.5471301078796387,37.61748552322388,192.0,222.44444444444446,20,10,10
dslfmae_like_baseline,2670,99,24,M20R10N15,99,1e-05,0.009138369420543312,331.0,330.0,55.438475370407104,6.061352491378784,61.49982786178589,312.0,340.37373737373736,20,10,15
dslfmae_like_baseline,2671,99,25,M20R15N5,99,1e-05,0.007030941468353073,161.0,154.0,27.356009483337402,3.4138145446777344,30.769824028015137,134.0,152.25252525252526,20,15,5
dslfmae_like_baseline,2672,99,26,M20R15N10,99,1e-05,-0.001470597373554483,250.0,255.0,64.84255361557007,8.346228122711182,73.18878173828125,226.0,253.8181818181818,20,15,10
dslfmae_like_baseline,2673,99,27,M20R15N15,99,1e-05,-0.015480262826063804,360.0,352.0,93.01161170005798,11.5538330078125,104.56544470787048,327.0,353.32323232323233,20,15,15
dslfmae_like_baseline,2674,100,1,M10R5N5,100,1e-05,-0.013118333648890257,181.0,181.0,6.882816791534424,0.5543239116668701,7.437140703201294,171.0,185.59,10,5,5
dslfmae_like_baseline,2675,100,2,M10R5N10,100,1e-05,-0.009957111265975982,358.0,372.0,16.638396978378296,1.5030159950256348,18.14141297340393,327.0,362.67,10,5,10
dslfmae_like_baseline,2676,100,3,M10R5N15,100,1e-05,-0.013523475344603261,486.0,486.0,25.223150491714478,2.2360212802886963,27.459171772003174,464.0,482.62,10,5,15
dslfmae_like_baseline,2677,100,4,M10R10N5,100,1e-05,0.007682979543460533,241.0,241.0,19.33657145500183,1.8389065265655518,21.175477981567383,222.0,250.51,10,10,5
dslfmae_like_baseline,2678,100,5,M10R10N10,100,1e-05,0.011999374333148202,437.0,442.0,34.73309898376465,3.379282236099243,38.11238121986389,423.0,449.89,10,10,10
dslfmae_like_baseline,2679,100,6,M10R10N15,100,1e-05,-0.006241543137002736,678.0,689.0,52.523435831069946,5.067949295043945,57.59138512611389,661.0,720.81,10,10,15
dslfmae_like_baseline,2680,100,7,M10R15N5,100,1e-05,-0.006185492413351312,365.0,364.0,28.12253451347351,3.06215238571167,31.18468689918518,347.0,375.78,10,15,5
dslfmae_like_baseline,2681,100,8,M10R15N10,100,1e-05,0.00966662858845666,610.0,621.0,63.0132577419281,7.255077838897705,70.2683355808258,578.0,626.68,10,15,10
dslfmae_like_baseline,2682,100,9,M10R15N15,100,1e-05,0.01246640035242308,999.0,977.0,94.42610335350037,10.619996070861816,105.04609942436218,965.0,1025.47,10,15,15
dslfmae_like_baseline,2683,100,10,M15R5N5,100,1e-05,0.06583120860159397,161.0,171.0,9.659595012664795,0.8433027267456055,10.5028977394104,148.0,168.69,15,5,5
dslfmae_like_baseline,2684,100,11,M15R5N10,100,1e-05,0.003066336124902591,209.0,207.0,16.940356492996216,1.5318355560302734,18.47219204902649,204.0,237.51,15,5,10
dslfmae_like_baseline,2685,100,12,M15R5N15,100,1e-05,0.00590409593617854,265.0,255.0,25.203128576278687,2.1350297927856445,27.33815836906433,239.0,271.02,15,5,15
dslfmae_like_baseline,2686,100,13,M15R10N5,100,1e-05,0.024602654622867703,146.0,152.0,18.049272537231445,1.9020860195159912,19.951358556747437,133.0,152.12,15,10,5
dslfmae_like_baseline,2687,100,14,M15R10N10,100,1e-05,0.006096165598137304,251.0,245.0,42.31807088851929,4.693627834320068,47.011698722839355,229.0,255.1,15,10,10
dslfmae_like_baseline,2688,100,15,M15R10N15,100,1e-05,-0.005563423573039472,263.0,258.0,61.232200384140015,6.0693511962890625,67.30155158042908,241.0,268.81,15,10,15
dslfmae_like_baseline,2689,100,16,M15R15N5,100,1e-05,0.013533337585007152,194.0,187.0,30.23575496673584,3.5543057918548584,33.7900607585907,170.0,187.84,15,15,5
dslfmae_like_baseline,2690,100,17,M15R15N10,100,1e-05,-0.007792349299415946,391.0,397.0,58.825297832489014,6.566158056259155,65.39145588874817,370.0,395.27,15,15,10
dslfmae_like_baseline,2691,100,18,M15R15N15,100,1e-05,-0.009029649863285678,551.0,535.0,84.14910578727722,10.134809255599976,94.2839150428772,535.0,577.3,15,15,15
dslfmae_like_baseline,2692,100,19,M20R5N5,100,1e-05,0.012264673598110676,73.0,77.0,8.60048770904541,0.817779541015625,9.418267250061035,63.0,72.88,20,5,5
dslfmae_like_baseline,2693,100,20,M20R5N10,100,1e-05,0.001493154195486568,193.0,193.0,17.48130178451538,1.7104604244232178,19.1917622089386,193.0,193.36,20,5,10
dslfmae_like_baseline,2694,100,21,M20R5N15,100,1e-05,0.003602961980504915,327.0,334.0,25.71102738380432,2.4188387393951416,28.129866123199463,322.0,340.14,20,5,15
dslfmae_like_baseline,2695,100,22,M20R10N5,100,1e-05,-0.031917036743834615,92.0,87.0,17.63913655281067,1.8457202911376953,19.484856843948364,83.0,95.4,20,10,5
dslfmae_like_baseline,2696,100,23,M20R10N10,100,1e-05,0.02255971496924758,247.0,234.0,33.08084011077881,3.4439892768859863,36.524829387664795,192.0,222.56,20,10,10
dslfmae_like_baseline,2697,100,24,M20R10N15,100,1e-05,0.01902446523308754,345.0,328.0,55.99727439880371,6.192634344100952,62.18990874290466,312.0,340.25,20,10,15
dslfmae_like_baseline,2698,100,25,M20R15N5,100,1e-05,-0.007766297358709077,151.0,154.0,27.409979104995728,3.403079032897949,30.813058137893677,134.0,152.27,20,15,5
dslfmae_like_baseline,2699,100,26,M20R15N10,100,1e-05,0.005694512370973825,253.0,253.0,64.45578742027283,8.06910753250122,72.52489495277405,226.0,253.81,20,15,10
dslfmae_like_baseline,2700,100,27,M20R15N15,100,1e-05,-0.016807273695511476,338.0,331.0,92.34368228912354,12.484336137771606,104.82801842689514,327.0,353.1,20,15,15
