variant_name,epoch,round_id,round_pos,instance_id,instance_occurrence,lr,train_loss,train_rollout_cmax,current_objective,train_time_sec,eval_time_sec,cycle_time_sec,running_cb,running_ca
ablation_no_fluid_state,1,1,1,P1,1,0.0001,0.023611615877598524,6815.0,8615.0,12.438881397247314,0.8184220790863037,13.257303476333618,8615.0,8615.0
ablation_no_fluid_state,2,1,2,P2,1,9.995833333333334e-05,0.002714061745791696,9567.0,9781.0,19.797910451889038,2.5967392921447754,22.394649744033813,9781.0,9781.0
ablation_no_fluid_state,3,1,3,P3,1,9.991666666666666e-05,0.017787821125239134,6320.0,7451.0,29.820068836212158,1.921321153640747,31.741389989852905,7451.0,7451.0
ablation_no_fluid_state,4,1,4,P4,1,9.9875e-05,-0.023265711963176727,3888.0,5008.0,23.356013536453247,1.4468533992767334,24.80286693572998,5008.0,5008.0
ablation_no_fluid_state,5,1,5,P5,1,9.983333333333334e-05,0.04300005920231342,4798.0,5352.0,24.78993320465088,1.5628111362457275,26.352744340896606,5352.0,5352.0
ablation_no_fluid_state,6,1,6,P6,1,9.979166666666668e-05,0.04417318291962147,5183.0,4735.0,25.997173070907593,1.6358189582824707,27.632992029190063,4735.0,4735.0
ablation_no_fluid_state,7,1,7,P7,1,9.975000000000001e-05,-0.03687893901951611,6900.0,9410.0,37.133787631988525,2.3331940174102783,39.466981649398804,9410.0,9410.0
ablation_no_fluid_state,8,1,8,P8,1,9.970833333333334e-05,0.031228075036779046,6467.0,6870.0,33.79167079925537,2.071423292160034,35.863094091415405,6870.0,6870.0
ablation_no_fluid_state,9,1,9,P9,1,9.966666666666667e-05,-0.01669870677869767,6211.0,6280.0,30.92441749572754,1.957054853439331,32.88147234916687,6280.0,6280.0
ablation_no_fluid_state,10,1,10,P10,1,9.9625e-05,-0.05063975043594837,6176.0,6738.0,20.27452254295349,1.2669556140899658,21.541478157043457,6738.0,6738.0
ablation_no_fluid_state,11,1,11,P11,1,9.958333333333335e-05,-0.03549797786399722,11434.0,13097.0,38.1941921710968,2.5097382068634033,40.703930377960205,13097.0,13097.0
ablation_no_fluid_state,12,1,12,P12,1,9.954166666666667e-05,0.06526466552168131,13299.0,14405.0,36.6645405292511,1.1402380466461182,37.80477857589722,14405.0,14405.0
ablation_no_fluid_state,13,1,13,P13,1,9.95e-05,0.007972252409672365,23555.0,25046.0,46.95768451690674,8.246898651123047,55.204583168029785,25046.0,25046.0
ablation_no_fluid_state,14,1,14,P14,1,9.945833333333334e-05,-0.0005123176488268655,24225.0,29245.0,103.4829797744751,7.4584808349609375,110.94146060943604,29245.0,29245.0
ablation_no_fluid_state,15,1,15,P15,1,9.941666666666667e-05,-0.01960849540773779,21170.0,22995.0,108.23104071617126,7.69351053237915,115.92455124855042,22995.0,22995.0
ablation_no_fluid_state,16,1,16,P16,1,9.9375e-05,0.008400857099331915,25436.0,29174.0,131.43997359275818,9.646128177642822,141.086101770401,29174.0,29174.0
ablation_no_fluid_state,17,1,17,P17,1,9.933333333333334e-05,-0.011316367471590639,23009.0,26077.0,133.21973729133606,9.704199314117432,142.9239366054535,26077.0,26077.0
ablation_no_fluid_state,18,1,18,P18,1,9.929166666666668e-05,0.0023578132240800187,23172.0,31078.0,122.84628367424011,9.152496814727783,131.9987804889679,31078.0,31078.0
ablation_no_fluid_state,19,1,19,P19,1,9.925000000000001e-05,0.002349809440784156,24642.0,29882.0,125.56814384460449,9.608524560928345,135.17666840553284,29882.0,29882.0
ablation_no_fluid_state,20,1,20,P20,1,9.920833333333334e-05,0.021937507204711437,25975.0,30469.0,135.38587737083435,10.388197183609009,145.77407455444336,30469.0,30469.0
ablation_no_fluid_state,21,1,21,P21,1,9.916666666666667e-05,-0.010899438592605292,26599.0,31046.0,141.861807346344,10.829701900482178,152.69150924682617,31046.0,31046.0
ablation_no_fluid_state,22,1,22,P22,1,9.9125e-05,0.00443178322748281,26119.0,31455.0,141.6480324268341,10.825528383255005,152.4735608100891,31455.0,31455.0
ablation_no_fluid_state,23,1,23,P23,1,9.908333333333333e-05,0.0055691138674904194,38403.0,44471.0,187.81523299217224,14.294673681259155,202.1099066734314,44471.0,44471.0
ablation_no_fluid_state,24,1,24,P24,1,9.904166666666667e-05,-0.0046504266909323634,26749.0,30324.0,127.85017251968384,9.818289279937744,137.66846179962158,30324.0,30324.0
ablation_no_fluid_state,25,2,1,P1,2,9.900000000000001e-05,-0.11728939693421125,7010.0,9601.0,30.850831985473633,1.9637558460235596,32.81458783149719,8615.0,9108.0
ablation_no_fluid_state,26,2,2,P2,2,9.895833333333334e-05,0.006899570027599111,9781.0,9781.0,38.436408281326294,2.462970495223999,40.89937877655029,9781.0,9781.0
ablation_no_fluid_state,27,2,3,P3,2,9.891666666666667e-05,0.013374310976359993,6645.0,7451.0,27.815589427947998,1.822256088256836,29.637845516204834,7451.0,7451.0
ablation_no_fluid_state,28,2,4,P4,2,9.8875e-05,-0.04694701451808214,3819.0,5450.0,21.703787088394165,1.4310853481292725,23.134872436523438,5008.0,5229.0
ablation_no_fluid_state,29,2,5,P5,2,9.883333333333333e-05,0.012392276199534535,4733.0,5127.0,23.82894229888916,1.513082504272461,25.34202480316162,5127.0,5239.5
ablation_no_fluid_state,30,2,6,P6,2,9.879166666666666e-05,0.051813989877700806,4935.0,4485.0,24.45512890815735,1.5816657543182373,26.036794662475586,4485.0,4610.0
ablation_no_fluid_state,31,2,7,P7,2,9.875000000000002e-05,-0.03171628247946501,6040.0,8820.0,36.054929971694946,2.3130714893341064,38.36800146102905,8820.0,9115.0
ablation_no_fluid_state,32,2,8,P8,2,9.870833333333334e-05,0.06469175405800343,6533.0,6750.0,31.891270637512207,2.012434482574463,33.90370512008667,6750.0,6810.0
ablation_no_fluid_state,33,2,9,P9,2,9.866666666666668e-05,-0.01904668367933482,6522.0,6280.0,30.49419641494751,1.9288623332977295,32.42305874824524,6280.0,6280.0
ablation_no_fluid_state,34,2,10,P10,2,9.8625e-05,-0.039376622065901756,6462.0,7167.0,19.51988935470581,1.23665189743042,20.75654125213623,6738.0,6952.5
ablation_no_fluid_state,35,2,11,P11,2,9.858333333333334e-05,-0.04438517801463604,11372.0,13657.0,36.83251905441284,2.410890579223633,39.243409633636475,13097.0,13377.0
ablation_no_fluid_state,36,2,12,P12,2,9.854166666666667e-05,0.059940408915281296,13653.0,15534.0,43.45396375656128,2.8636279106140137,46.31759166717529,14405.0,14969.5
ablation_no_fluid_state,37,2,13,P13,2,9.850000000000001e-05,0.04367979406379163,23615.0,25026.0,102.14356064796448,7.411645174026489,109.55520582199097,25026.0,25036.0
ablation_no_fluid_state,38,2,14,P14,2,9.845833333333335e-05,-0.021310990559868515,24008.0,28615.0,103.8393657207489,7.5652594566345215,111.40462517738342,28615.0,28930.0
ablation_no_fluid_state,39,2,15,P15,2,9.841666666666667e-05,0.0007489067465940025,22005.0,22831.0,108.21016836166382,7.73883843421936,115.94900679588318,22831.0,22913.0
ablation_no_fluid_state,40,2,16,P16,2,9.8375e-05,0.023928431887179615,25743.0,30449.0,130.5311985015869,9.640076875686646,140.17127537727356,29174.0,29811.5
ablation_no_fluid_state,41,2,17,P17,2,9.833333333333333e-05,-0.0009926737839123234,24305.0,25485.0,131.1774401664734,9.814943790435791,140.99238395690918,25485.0,25781.0
ablation_no_fluid_state,42,2,18,P18,2,9.829166666666667e-05,-0.013513133698143064,22325.0,28568.0,122.59568905830383,9.106617212295532,131.70230627059937,28568.0,29823.0
ablation_no_fluid_state,43,2,19,P19,2,9.825e-05,-0.0018652111466508359,25348.0,26655.0,124.96004056930542,9.614308595657349,134.57434916496277,26655.0,28268.5
ablation_no_fluid_state,44,2,20,P20,2,9.820833333333334e-05,0.011818004492670297,25194.0,29725.0,135.59769988059998,10.324353694915771,145.92205357551575,29725.0,30097.0
ablation_no_fluid_state,45,2,21,P21,2,9.816666666666668e-05,0.006309168238658458,28093.0,31572.0,141.53073000907898,10.864753246307373,152.39548325538635,31046.0,31309.0
ablation_no_fluid_state,46,2,22,P22,2,9.8125e-05,0.0057549844961613415,26648.0,31588.0,140.73892617225647,11.192230701446533,151.931156873703,31455.0,31521.5
ablation_no_fluid_state,47,2,23,P23,2,9.808333333333334e-05,0.005196360621734389,38393.0,40528.0,187.10183191299438,14.449181079864502,201.5510129928589,40528.0,42499.5
ablation_no_fluid_state,48,2,24,P24,2,9.804166666666667e-05,-0.005365784079185687,26890.0,32814.0,126.48352646827698,9.85458517074585,136.33811163902283,30324.0,31569.0
ablation_no_fluid_state,49,3,1,P1,3,9.8e-05,-0.1297413231804967,7070.0,9601.0,30.463469743728638,1.950739860534668,32.414209604263306,8615.0,9272.333333333334
ablation_no_fluid_state,50,3,2,P2,3,9.795833333333335e-05,0.08783417101949453,9992.0,9690.0,38.120105266571045,2.4784011840820312,40.598506450653076,9690.0,9750.666666666666
ablation_no_fluid_state,51,3,3,P3,3,9.791666666666667e-05,0.008858405984938145,7236.0,7359.0,27.997926712036133,1.8061742782592773,29.80410099029541,7359.0,7420.333333333333
ablation_no_fluid_state,52,3,4,P4,3,9.787500000000001e-05,-0.07121774181723595,3940.0,5638.0,21.682311534881592,1.4191796779632568,23.10149121284485,5008.0,5365.333333333333
ablation_no_fluid_state,53,3,5,P5,3,9.783333333333333e-05,0.005836920230649412,5002.0,5117.0,24.020609855651855,1.5180962085723877,25.538706064224243,5117.0,5198.666666666667
ablation_no_fluid_state,54,3,6,P6,3,9.779166666666667e-05,0.05815507844090462,5119.0,4475.0,24.688825130462646,1.574429988861084,26.26325511932373,4475.0,4565.0
ablation_no_fluid_state,55,3,7,P7,3,9.775e-05,0.05662372335791588,6550.0,8360.0,36.24987459182739,2.297532081604004,38.5474066734314,8360.0,8863.333333333334
ablation_no_fluid_state,56,3,8,P8,3,9.770833333333334e-05,-0.04355030879378319,6370.0,7530.0,32.20165395736694,2.031507730484009,34.23316168785095,6750.0,7050.0
ablation_no_fluid_state,57,3,9,P9,3,9.766666666666668e-05,0.04745208378881216,6374.0,7030.0,30.33407688140869,1.9398996829986572,32.27397656440735,6280.0,6530.0
ablation_no_fluid_state,58,3,10,P10,3,9.7625e-05,-0.03702997695654631,6400.0,7049.0,19.211832284927368,1.2458140850067139,20.457646369934082,6738.0,6984.666666666667
ablation_no_fluid_state,59,3,11,P11,3,9.758333333333334e-05,-0.07968131266534328,11372.0,13513.0,37.68276643753052,2.4309730529785156,40.11373949050903,13097.0,13422.333333333334
ablation_no_fluid_state,60,3,12,P12,3,9.754166666666667e-05,0.03413786017335951,13102.0,14728.0,44.02932548522949,2.8398473262786865,46.86917281150818,14405.0,14889.0
ablation_no_fluid_state,61,3,13,P13,3,9.75e-05,0.05901443446055055,23045.0,24367.0,103.17108011245728,7.4499430656433105,110.62102317810059,24367.0,24813.0
ablation_no_fluid_state,62,3,14,P14,3,9.745833333333334e-05,-0.035497648641467094,23420.0,26140.0,103.65594744682312,7.553609132766724,111.20955657958984,26140.0,28000.0
ablation_no_fluid_state,63,3,15,P15,3,9.741666666666667e-05,0.015534578240476549,22150.0,22775.0,106.93330931663513,7.720520257949829,114.65382957458496,22775.0,22867.0
ablation_no_fluid_state,64,3,16,P16,3,9.737500000000001e-05,0.0041104877192992715,25521.0,28484.0,131.41209244728088,9.708019495010376,141.12011194229126,28484.0,29369.0
ablation_no_fluid_state,65,3,17,P17,3,9.733333333333335e-05,0.0011923425088752992,24993.0,24724.0,131.66405296325684,9.658740997314453,141.3227939605713,24724.0,25428.666666666668
ablation_no_fluid_state,66,3,18,P18,3,9.729166666666667e-05,-0.006696250359527767,22671.0,28956.0,123.1649227142334,9.17010498046875,132.33502769470215,28568.0,29534.0
ablation_no_fluid_state,67,3,19,P19,3,9.725e-05,0.005519128334708512,25156.0,28491.0,125.62967276573181,9.698406219482422,135.32807898521423,26655.0,28342.666666666668
ablation_no_fluid_state,68,3,20,P20,3,9.720833333333333e-05,0.00954200872220099,25006.0,27939.0,118.8086576461792,10.315408706665039,129.12406635284424,27939.0,29377.666666666668
ablation_no_fluid_state,69,3,21,P21,3,9.716666666666667e-05,0.008132061420474202,28197.0,31872.0,141.7095172405243,11.031715869903564,152.74123311042786,31046.0,31496.666666666668
ablation_no_fluid_state,70,3,22,P22,3,9.7125e-05,0.002780205075396225,27085.0,29248.0,141.07178163528442,10.969056606292725,152.04083824157715,29248.0,30763.666666666668
ablation_no_fluid_state,71,3,23,P23,3,9.708333333333334e-05,0.005745998625310936,38364.0,41992.0,188.61769819259644,14.398252010345459,203.0159502029419,40528.0,42330.333333333336
ablation_no_fluid_state,72,3,24,P24,3,9.704166666666668e-05,-0.003743387496797368,27071.0,31108.0,127.4327962398529,9.925877809524536,137.35867404937744,30324.0,31415.333333333332
ablation_no_fluid_state,73,4,1,P1,4,9.7e-05,-0.09650783147662878,6712.0,8842.0,30.499653100967407,1.9749979972839355,32.47465109825134,8615.0,9164.75
ablation_no_fluid_state,74,4,2,P2,4,9.695833333333334e-05,0.051717786118388176,9564.0,10140.0,38.452571868896484,2.5495822429656982,41.00215411186218,9690.0,9848.0
ablation_no_fluid_state,75,4,3,P3,4,9.691666666666667e-05,0.03476363862864673,6859.0,6961.0,27.918179988861084,1.810889720916748,29.729069709777832,6961.0,7305.5
ablation_no_fluid_state,76,4,4,P4,4,9.687500000000001e-05,-0.07939494773745537,3893.0,5216.0,21.704607725143433,1.3913133144378662,23.0959210395813,5008.0,5328.0
ablation_no_fluid_state,77,4,5,P5,4,9.683333333333335e-05,-0.023199336137622595,4814.0,5324.0,23.9379141330719,1.5264124870300293,25.46432662010193,5117.0,5230.0
ablation_no_fluid_state,78,4,6,P6,4,9.679166666666667e-05,0.06878846511244774,4970.0,4415.0,24.5277898311615,1.5958998203277588,26.123689651489258,4415.0,4527.5
ablation_no_fluid_state,79,4,7,P7,4,9.675000000000001e-05,0.06576428515836596,6970.0,8720.0,36.538060903549194,2.354182004928589,38.89224290847778,8360.0,8827.5
ablation_no_fluid_state,80,4,8,P8,4,9.670833333333333e-05,-0.04397408151999116,6598.0,7500.0,32.477784633636475,2.0307302474975586,34.50851488113403,6750.0,7162.5
ablation_no_fluid_state,81,4,9,P9,4,9.666666666666667e-05,-0.0024976376589620486,6205.0,7580.0,30.09797739982605,1.9361865520477295,32.03416395187378,6280.0,6792.5
ablation_no_fluid_state,82,4,10,P10,4,9.6625e-05,-0.03386265970766544,5876.0,6808.0,19.36542582511902,1.2506604194641113,20.61608624458313,6738.0,6940.5
ablation_no_fluid_state,83,4,11,P11,4,9.658333333333334e-05,-0.021547104232013226,11702.0,12317.0,36.83402633666992,2.414086103439331,39.24811244010925,12317.0,13146.0
ablation_no_fluid_state,84,4,12,P12,4,9.654166666666668e-05,0.0241138709243387,12470.0,14396.0,43.77082061767578,2.8586838245391846,46.629504442214966,14396.0,14765.75
ablation_no_fluid_state,85,4,13,P13,4,9.65e-05,0.040035955142229795,22800.0,23990.0,102.94041872024536,7.414326906204224,110.35474562644958,23990.0,24607.25
ablation_no_fluid_state,86,4,14,P14,4,9.645833333333334e-05,-0.016667412186507136,24326.0,25861.0,103.61595678329468,7.520258188247681,111.13621497154236,25861.0,27465.25
ablation_no_fluid_state,87,4,15,P15,4,9.641666666666666e-05,-0.005872848953003995,20920.0,22833.0,108.7074670791626,7.772907257080078,116.48037433624268,22775.0,22858.5
ablation_no_fluid_state,88,4,16,P16,4,9.6375e-05,0.02975830640643835,27275.0,25742.0,132.21934533119202,9.697834491729736,141.91717982292175,25742.0,28462.25
ablation_no_fluid_state,89,4,17,P17,4,9.633333333333335e-05,-0.019968626741319894,23300.0,25334.0,132.55018067359924,9.800713062286377,142.35089373588562,24724.0,25405.0
ablation_no_fluid_state,90,4,18,P18,4,9.629166666666667e-05,-0.004530318541219458,22906.0,27317.0,123.07388997077942,9.14699411392212,132.22088408470154,27317.0,28979.75
ablation_no_fluid_state,91,4,19,P19,4,9.625000000000001e-05,0.0016978451050817967,24605.0,26537.0,125.80914950370789,9.696870565414429,135.50602006912231,26537.0,27891.25
ablation_no_fluid_state,92,4,20,P20,4,9.620833333333333e-05,0.015635546064004302,25324.0,26129.0,136.1304590702057,10.290355205535889,146.42081427574158,26129.0,28565.5
ablation_no_fluid_state,93,4,21,P21,4,9.616666666666667e-05,0.01027023741044104,28221.0,30784.0,141.33841395378113,10.971330881118774,152.3097448348999,30784.0,31318.5
ablation_no_fluid_state,94,4,22,P22,4,9.6125e-05,-0.0030099604540737347,26263.0,27965.0,141.00400853157043,10.995384216308594,151.99939274787903,27965.0,30064.0
ablation_no_fluid_state,95,4,23,P23,4,9.608333333333334e-05,0.0079130642448685,37994.0,39825.0,188.21648144721985,14.45701789855957,202.67349934577942,39825.0,41704.0
ablation_no_fluid_state,96,4,24,P24,4,9.604166666666668e-05,-0.0022809975227573885,27175.0,32139.0,127.32771396636963,10.0157949924469,137.34350895881653,30324.0,31596.25
ablation_no_fluid_state,97,5,1,P1,5,9.6e-05,-0.025461446726694703,7312.0,8413.0,30.47719693183899,2.0075888633728027,32.48478579521179,8413.0,9014.4
ablation_no_fluid_state,98,5,2,P2,5,9.595833333333334e-05,-0.013446677359752357,9567.0,10200.0,38.823150634765625,2.474872350692749,41.298022985458374,9690.0,9918.4
ablation_no_fluid_state,99,5,3,P3,5,9.591666666666668e-05,0.03809566330164671,6506.0,6349.0,27.737000465393066,1.8051481246948242,29.54214859008789,6349.0,7114.2
ablation_no_fluid_state,100,5,4,P4,5,9.5875e-05,-0.0538230836391449,3827.0,5498.0,21.885284185409546,1.398101806640625,23.28338599205017,5008.0,5362.0
ablation_no_fluid_state,101,5,5,P5,5,9.583333333333334e-05,-0.03401074279099703,4858.0,5149.0,23.699870824813843,1.5235655307769775,25.22343635559082,5117.0,5213.8
ablation_no_fluid_state,102,5,6,P6,5,9.579166666666667e-05,0.06278779543936253,4963.0,4285.0,24.400833129882812,1.589280605316162,25.990113735198975,4285.0,4479.0
ablation_no_fluid_state,103,5,7,P7,5,9.575000000000001e-05,0.025289366021752357,6520.0,8180.0,36.30356431007385,2.3353774547576904,38.63894176483154,8180.0,8698.0
ablation_no_fluid_state,104,5,8,P8,5,9.570833333333333e-05,0.03449377464130521,7182.0,7140.0,31.9850435256958,2.041537284851074,34.026580810546875,6750.0,7158.0
ablation_no_fluid_state,105,5,9,P9,5,9.566666666666667e-05,-0.035839512245729566,6319.0,6220.0,30.620661735534668,1.9576489925384521,32.57831072807312,6220.0,6678.0
ablation_no_fluid_state,106,5,10,P10,5,9.562500000000001e-05,-0.035585811361670494,6134.0,7089.0,19.49538016319275,1.2465119361877441,20.741892099380493,6738.0,6970.2
ablation_no_fluid_state,107,5,11,P11,5,9.558333333333333e-05,-0.022570089669898152,11372.0,11570.0,36.873053312301636,2.425816774368286,39.29887008666992,11570.0,12830.8
ablation_no_fluid_state,108,5,12,P12,5,9.554166666666667e-05,0.022753780707716942,12653.0,14264.0,43.684882164001465,2.8621273040771484,46.54700946807861,14264.0,14665.4
ablation_no_fluid_state,109,5,13,P13,5,9.55e-05,0.048503494588658214,22555.0,24195.0,103.14082026481628,7.67500638961792,110.8158266544342,23990.0,24524.8
ablation_no_fluid_state,110,5,14,P14,5,9.545833333333334e-05,-0.017608630703762174,24027.0,23289.0,103.69460988044739,7.515906572341919,111.2105164527893,23289.0,26630.0
ablation_no_fluid_state,111,5,15,P15,5,9.541666666666668e-05,-0.007223241875180975,21220.0,23445.0,107.98516154289246,7.8808863162994385,115.8660478591919,22775.0,22975.8
ablation_no_fluid_state,112,5,16,P16,5,9.5375e-05,0.02598673216998577,26229.0,23911.0,130.93416810035706,9.8750638961792,140.80923199653625,23911.0,27552.0
ablation_no_fluid_state,113,5,17,P17,5,9.533333333333334e-05,-0.018731961119920017,22718.0,23720.0,132.59014558792114,9.973239183425903,142.56338477134705,23720.0,25068.0
ablation_no_fluid_state,114,5,18,P18,5,9.529166666666667e-05,0.00248747039004229,23647.0,25924.0,123.19901466369629,9.222622871398926,132.42163753509521,25924.0,28368.6
ablation_no_fluid_state,115,5,19,P19,5,9.525000000000001e-05,-0.005166793917305767,24630.0,24223.0,126.34708547592163,9.706274032592773,136.0533595085144,24223.0,27157.6
ablation_no_fluid_state,116,5,20,P20,5,9.520833333333333e-05,0.011261427123099566,24456.0,25519.0,135.30329537391663,10.378924369812012,145.68221974372864,25519.0,27956.2
ablation_no_fluid_state,117,5,21,P21,5,9.516666666666667e-05,-0.004921379522420466,26911.0,29988.0,141.66121983528137,11.093841314315796,152.75506114959717,29988.0,31052.4
ablation_no_fluid_state,118,5,22,P22,5,9.512500000000001e-05,-0.004568175610620529,25398.0,27473.0,141.35925936698914,11.061288595199585,152.42054796218872,27473.0,29545.8
ablation_no_fluid_state,119,5,23,P23,5,9.508333333333333e-05,0.02012439544445702,40068.0,37189.0,188.0366005897522,14.560369729995728,202.59697031974792,37189.0,40801.0
ablation_no_fluid_state,120,5,24,P24,5,9.504166666666667e-05,-0.0052675991231808435,27726.0,28903.0,127.48207068443298,10.076651573181152,137.55872225761414,28903.0,31057.6
ablation_no_fluid_state,121,6,1,P1,6,9.5e-05,-0.004296009632525966,7320.0,7499.0,30.561270475387573,1.965212106704712,32.526482582092285,7499.0,8761.833333333334
ablation_no_fluid_state,122,6,2,P2,6,9.495833333333334e-05,-0.03404524363577366,9567.0,9765.0,38.18596339225769,2.5295369625091553,40.715500354766846,9690.0,9892.833333333334
ablation_no_fluid_state,123,6,3,P3,6,9.491666666666668e-05,0.030663446988910437,6517.0,6283.0,27.990962266921997,1.8263733386993408,29.817335605621338,6283.0,6975.666666666667
ablation_no_fluid_state,124,6,4,P4,6,9.4875e-05,-0.016014911700040102,3912.0,4482.0,21.986406564712524,1.413285732269287,23.39969229698181,4482.0,5215.333333333333
ablation_no_fluid_state,125,6,5,P5,6,9.483333333333334e-05,-0.014369710814207792,4943.0,4854.0,23.78410768508911,1.5167627334594727,25.300870418548584,4854.0,5153.833333333333
ablation_no_fluid_state,126,6,6,P6,6,9.479166666666666e-05,0.04920683056116104,5148.0,4245.0,24.36809229850769,1.5862951278686523,25.954387426376343,4245.0,4440.0
ablation_no_fluid_state,127,6,7,P7,6,9.475e-05,0.025417424272745848,6850.0,8140.0,36.55358910560608,2.320953369140625,38.874542474746704,8140.0,8605.0
ablation_no_fluid_state,128,6,8,P8,6,9.470833333333334e-05,0.017672788351774216,7265.0,6720.0,31.97754955291748,2.0290169715881348,34.006566524505615,6720.0,7085.0
ablation_no_fluid_state,129,6,9,P9,6,9.466666666666667e-05,-0.054426608607172966,5981.0,6190.0,30.60712170600891,1.9283978939056396,32.53551959991455,6190.0,6596.666666666667
ablation_no_fluid_state,130,6,10,P10,6,9.462500000000001e-05,-0.02660277020186186,6312.0,6933.0,19.31610870361328,1.2628092765808105,20.578917980194092,6738.0,6964.0
ablation_no_fluid_state,131,6,11,P11,6,9.458333333333333e-05,-0.03813683474436402,11434.0,12208.0,37.18408203125,2.4597671031951904,39.64384913444519,11570.0,12727.0
ablation_no_fluid_state,132,6,12,P12,6,9.454166666666667e-05,0.030588610097765923,12490.0,14643.0,44.275840282440186,2.8815221786499023,47.15736246109009,14264.0,14661.666666666666
ablation_no_fluid_state,133,6,13,P13,6,9.449999999999999e-05,0.05716312979348004,24270.0,24105.0,101.94765782356262,7.46628475189209,109.41394257545471,23990.0,24454.833333333332
ablation_no_fluid_state,134,6,14,P14,6,9.445833333333334e-05,-0.035668135387822986,23423.0,24660.0,104.26509761810303,7.552773475646973,111.81787109375,23289.0,26301.666666666668
ablation_no_fluid_state,135,6,15,P15,6,9.441666666666668e-05,0.013038137287367135,21300.0,22955.0,107.96728253364563,7.8638739585876465,115.83115649223328,22775.0,22972.333333333332
ablation_no_fluid_state,136,6,16,P16,6,9.4375e-05,0.00021426413586596028,24662.0,24488.0,130.7393605709076,9.745978116989136,140.48533868789673,23911.0,27041.333333333332
ablation_no_fluid_state,137,6,17,P17,6,9.433333333333334e-05,-0.009116337494924664,21930.0,24118.0,132.04371619224548,9.894454002380371,141.93817019462585,23720.0,24909.666666666668
ablation_no_fluid_state,138,6,18,P18,6,9.429166666666666e-05,0.005908237653784454,22416.0,26065.0,123.34719038009644,9.174000024795532,132.52119040489197,25924.0,27984.666666666668
ablation_no_fluid_state,139,6,19,P19,6,9.425e-05,-0.0005379228794481605,24360.0,24625.0,125.63798475265503,9.899164199829102,135.53714895248413,24223.0,26735.5
ablation_no_fluid_state,140,6,20,P20,6,9.420833333333334e-05,0.009400405781343579,25452.0,26112.0,136.62152552604675,10.412236452102661,147.0337619781494,25519.0,27648.833333333332
ablation_no_fluid_state,141,6,21,P21,6,9.416666666666667e-05,-0.0004146205108554568,27644.0,31348.0,141.81802558898926,11.070580959320068,152.88860654830933,29988.0,31101.666666666668
ablation_no_fluid_state,142,6,22,P22,6,9.412500000000001e-05,-0.007182950247079134,25933.0,28108.0,142.05768847465515,11.075697660446167,153.13338613510132,27473.0,29306.166666666668
ablation_no_fluid_state,143,6,23,P23,6,9.408333333333333e-05,0.013605100501860892,39368.0,37237.0,189.40483355522156,14.560073375701904,203.96490693092346,37189.0,40207.0
ablation_no_fluid_state,144,6,24,P24,6,9.404166666666667e-05,-0.003132001415360719,27132.0,28268.0,127.74366450309753,9.956984281539917,137.70064878463745,28268.0,30592.666666666668
ablation_no_fluid_state,145,7,1,P1,7,9.4e-05,-0.016204987710807472,6972.0,7631.0,30.168442487716675,1.9648611545562744,32.13330364227295,7499.0,8600.285714285714
ablation_no_fluid_state,146,7,2,P2,7,9.395833333333333e-05,-0.015002766973339021,9350.0,10140.0,38.57170867919922,2.514777898788452,41.08648657798767,9690.0,9928.142857142857
ablation_no_fluid_state,147,7,3,P3,7,9.391666666666668e-05,0.02752131293527782,6462.0,6349.0,28.17251467704773,1.8182637691497803,29.99077844619751,6283.0,6886.142857142857
ablation_no_fluid_state,148,7,4,P4,7,9.3875e-05,0.017830481752753258,4065.0,4456.0,21.971208333969116,1.406106948852539,23.377315282821655,4456.0,5106.857142857143
ablation_no_fluid_state,149,7,5,P5,7,9.383333333333334e-05,-0.005787787726148963,4758.0,5084.0,23.902963638305664,1.5264089107513428,25.429372549057007,4854.0,5143.857142857143
ablation_no_fluid_state,150,7,6,P6,7,9.379166666666667e-05,0.02987201837822795,4947.0,4445.0,24.547953605651855,1.607879638671875,26.15583324432373,4245.0,4440.714285714285
ablation_no_fluid_state,151,7,7,P7,7,9.375e-05,0.0016595006018178537,6627.0,8050.0,36.71213150024414,2.3044846057891846,39.016616106033325,8050.0,8525.714285714286
ablation_no_fluid_state,152,7,8,P8,7,9.370833333333334e-05,-0.0027548989019123837,6497.0,7110.0,31.885437488555908,2.0224056243896484,33.90784311294556,6720.0,7088.571428571428
ablation_no_fluid_state,153,7,9,P9,7,9.366666666666668e-05,-0.021139293210580945,5740.0,6260.0,30.335188150405884,1.919180154800415,32.2543683052063,6190.0,6548.571428571428
ablation_no_fluid_state,154,7,10,P10,7,9.362500000000001e-05,-0.03664716798812151,6476.0,6721.0,19.38961625099182,1.2464683055877686,20.63608455657959,6721.0,6929.285714285715
ablation_no_fluid_state,155,7,11,P11,7,9.358333333333334e-05,-0.040421225130558014,11828.0,11835.0,36.946059226989746,2.410935878753662,39.35699510574341,11570.0,12599.57142857143
ablation_no_fluid_state,156,7,12,P12,7,9.354166666666667e-05,0.02902676840312779,13626.0,14417.0,43.73143172264099,2.9093430042266846,46.640774726867676,14264.0,14626.714285714286
ablation_no_fluid_state,157,7,13,P13,7,9.350000000000001e-05,0.03954513347707689,22635.0,23615.0,102.69549202919006,7.4792492389678955,110.17474126815796,23615.0,24334.85714285714
ablation_no_fluid_state,158,7,14,P14,7,9.345833333333333e-05,-0.020730828284285963,23356.0,23982.0,103.21792221069336,7.524226188659668,110.74214839935303,23289.0,25970.285714285714
ablation_no_fluid_state,159,7,15,P15,7,9.341666666666667e-05,-0.005735784172429703,21175.0,22239.0,107.67138314247131,7.8820085525512695,115.55339169502258,22239.0,22867.571428571428
ablation_no_fluid_state,160,7,16,P16,7,9.3375e-05,0.00924865968991071,24972.0,23638.0,130.9421808719635,9.795801162719727,140.73798203468323,23638.0,26555.14285714286
ablation_no_fluid_state,161,7,17,P17,7,9.333333333333334e-05,-0.009458404849283397,22315.0,23150.0,132.5349395275116,9.988084077835083,142.52302360534668,23150.0,24658.285714285714
ablation_no_fluid_state,162,7,18,P18,7,9.329166666666667e-05,0.0011803854577010497,22154.0,23912.0,123.67505979537964,9.365963220596313,133.04102301597595,23912.0,27402.85714285714
ablation_no_fluid_state,163,7,19,P19,7,9.325e-05,0.00794586365809664,23974.0,23944.0,126.19607162475586,9.718566417694092,135.91463804244995,23944.0,26336.714285714286
ablation_no_fluid_state,164,7,20,P20,7,9.320833333333334e-05,0.0053495081840083,24333.0,24794.0,135.5327639579773,10.343726873397827,145.87649083137512,24794.0,27241.0
ablation_no_fluid_state,165,7,21,P21,7,9.316666666666666e-05,0.0026241452898830174,27690.0,29372.0,141.75492572784424,11.112039566040039,152.86696529388428,29372.0,30854.571428571428
ablation_no_fluid_state,166,7,22,P22,7,9.3125e-05,0.0002186773024732247,26291.0,27454.0,142.14997625350952,11.065494775772095,153.21547102928162,27454.0,29041.571428571428
ablation_no_fluid_state,167,7,23,P23,7,9.308333333333334e-05,0.008705585479869373,37943.0,36478.0,188.37479948997498,14.541780948638916,202.9165804386139,36478.0,39674.28571428572
ablation_no_fluid_state,168,7,24,P24,7,9.304166666666667e-05,-0.0020326212310465054,26582.0,28229.0,127.25296807289124,10.061554431915283,137.31452250480652,28229.0,30255.0
ablation_no_fluid_state,169,8,1,P1,8,9.3e-05,-0.0251683269161731,6799.0,7101.0,30.830315351486206,1.9608352184295654,32.79115056991577,7101.0,8412.875
ablation_no_fluid_state,170,8,2,P2,8,9.295833333333333e-05,0.008595508174039423,9353.0,10140.0,38.14359664916992,2.5012295246124268,40.64482617378235,9690.0,9954.625
ablation_no_fluid_state,171,8,3,P3,8,9.291666666666667e-05,0.043518054066225886,7080.0,6509.0,27.99415421485901,1.8041861057281494,29.798340320587158,6283.0,6839.0
ablation_no_fluid_state,172,8,4,P4,8,9.2875e-05,-0.007609375403262675,3828.0,4090.0,21.83536982536316,1.4078152179718018,23.24318504333496,4090.0,4979.75
ablation_no_fluid_state,173,8,5,P5,8,9.283333333333334e-05,-0.028341916389763355,4478.0,4692.0,23.975366353988647,1.5467278957366943,25.522094249725342,4692.0,5087.375
ablation_no_fluid_state,174,8,6,P6,8,9.279166666666668e-05,0.05736387148499489,5137.0,4445.0,24.78267765045166,1.596522569656372,26.379200220108032,4245.0,4441.25
ablation_no_fluid_state,175,8,7,P7,8,9.275e-05,0.07327973656356335,7000.0,6977.0,36.04043674468994,2.343926429748535,38.38436317443848,6977.0,8332.125
ablation_no_fluid_state,176,8,8,P8,8,9.270833333333334e-05,-0.04298781789839268,6800.0,7380.0,32.507070541381836,2.0731682777404785,34.580238819122314,6720.0,7125.0
ablation_no_fluid_state,177,8,9,P9,8,9.266666666666666e-05,0.018484414205886424,6370.0,7070.0,30.798386812210083,1.9242303371429443,32.72261714935303,6190.0,6613.75
ablation_no_fluid_state,178,8,10,P10,8,9.2625e-05,-0.036643593572080135,6508.0,5644.0,19.406930446624756,1.251380205154419,20.658310651779175,5644.0,6768.625
ablation_no_fluid_state,179,8,11,P11,8,9.258333333333334e-05,-0.06508390046656132,11372.0,11632.0,36.878377199172974,2.43154239654541,39.309919595718384,11570.0,12478.625
ablation_no_fluid_state,180,8,12,P12,8,9.254166666666668e-05,0.025376948295161128,13014.0,12852.0,43.84230089187622,2.8839290142059326,46.72622990608215,12852.0,14404.875
ablation_no_fluid_state,181,8,13,P13,8,9.250000000000001e-05,0.03697750577703118,23795.0,20860.0,102.91331553459167,7.587343454360962,110.50065898895264,20860.0,23900.5
ablation_no_fluid_state,182,8,14,P14,8,9.245833333333334e-05,-0.028930560685694218,23719.0,23115.0,103.91246294975281,7.592513084411621,111.50497603416443,23115.0,25613.375
ablation_no_fluid_state,183,8,15,P15,8,9.241666666666667e-05,0.0011124103875772562,21105.0,21804.0,108.78840446472168,8.039907455444336,116.82831192016602,21804.0,22734.625
ablation_no_fluid_state,184,8,16,P16,8,9.2375e-05,0.006536521250382066,23899.0,21718.0,131.19001078605652,9.862937688827515,141.05294847488403,21718.0,25950.5
ablation_no_fluid_state,185,8,17,P17,8,9.233333333333333e-05,-0.004683451750315726,23473.0,21959.0,132.12101912498474,9.828799486160278,141.94981861114502,21959.0,24320.875
ablation_no_fluid_state,186,8,18,P18,8,9.229166666666667e-05,0.0020784168737009168,23745.0,21765.0,123.13554644584656,9.257157564163208,132.39270401000977,21765.0,26698.125
ablation_no_fluid_state,187,8,19,P19,8,9.225e-05,0.0005885252438019961,24360.0,24780.0,125.89742922782898,9.692044496536255,135.58947372436523,23944.0,26142.125
ablation_no_fluid_state,188,8,20,P20,8,9.220833333333334e-05,0.011139543121680617,24979.0,23423.0,136.73656702041626,10.457217454910278,147.19378447532654,23423.0,26763.75
ablation_no_fluid_state,189,8,21,P21,8,9.216666666666667e-05,0.007236477883998305,28228.0,25808.0,142.17835021018982,11.238962411880493,153.4173126220703,25808.0,30223.75
ablation_no_fluid_state,190,8,22,P22,8,9.2125e-05,-0.005030250397976488,26442.0,25653.0,142.50766015052795,10.982949495315552,153.4906096458435,25653.0,28618.0
ablation_no_fluid_state,191,8,23,P23,8,9.208333333333334e-05,0.004128895284208868,36382.0,36328.0,189.31570863723755,14.516533136367798,203.83224177360535,36328.0,39256.0
ablation_no_fluid_state,192,8,24,P24,8,9.204166666666668e-05,-0.002538659077254124,26569.0,27569.0,128.9321358203888,9.99974012374878,138.93187594413757,27569.0,29919.25
ablation_no_fluid_state,193,9,1,P1,9,9.200000000000001e-05,-0.015549670322798193,6713.0,7054.0,30.416845560073853,2.0060696601867676,32.42291522026062,7054.0,8261.888888888889
ablation_no_fluid_state,194,9,2,P2,9,9.195833333333334e-05,0.01326525176409632,9564.0,8922.0,38.75476264953613,2.538504123687744,41.29326677322388,8922.0,9839.888888888889
ablation_no_fluid_state,195,9,3,P3,9,9.191666666666667e-05,0.047628412023186684,7106.0,6826.0,27.903136730194092,1.8070504665374756,29.710187196731567,6283.0,6837.555555555556
ablation_no_fluid_state,196,9,4,P4,9,9.1875e-05,-0.0447967741638422,3805.0,4036.0,21.755465269088745,1.4125149250030518,23.167980194091797,4036.0,4874.888888888889
ablation_no_fluid_state,197,9,5,P5,9,9.183333333333333e-05,-0.04143600631505251,4590.0,4292.0,23.65482449531555,1.5341734886169434,25.188997983932495,4292.0,4999.0
ablation_no_fluid_state,198,9,6,P6,9,9.179166666666667e-05,0.03508155420422554,4677.0,4505.0,24.97027850151062,1.622694969177246,26.592973470687866,4245.0,4448.333333333333
ablation_no_fluid_state,199,9,7,P7,9,9.175000000000001e-05,0.06370844691991806,6577.0,7380.0,36.241382122039795,2.3247170448303223,38.56609916687012,6977.0,8226.333333333334
ablation_no_fluid_state,200,9,8,P8,9,9.170833333333334e-05,-0.03171291295439005,6525.0,7380.0,32.0868353843689,2.049870729446411,34.13670611381531,6720.0,7153.333333333333
ablation_no_fluid_state,201,9,9,P9,9,9.166666666666667e-05,0.02837993437424302,6483.0,6022.0,30.5721652507782,1.9240953922271729,32.49626064300537,6022.0,6548.0
ablation_no_fluid_state,202,9,10,P10,9,9.1625e-05,-0.026814967393875122,6208.0,5680.0,19.515079021453857,1.276550054550171,20.79162907600403,5644.0,6647.666666666667
ablation_no_fluid_state,203,9,11,P11,9,9.158333333333333e-05,-0.0468759648501873,11388.0,11886.0,37.17932343482971,2.4200234413146973,39.59934687614441,11570.0,12412.777777777777
ablation_no_fluid_state,204,9,12,P12,9,9.154166666666666e-05,0.026390176732093096,13614.0,13048.0,44.25027561187744,2.9133565425872803,47.16363215446472,12852.0,14254.111111111111
ablation_no_fluid_state,205,9,13,P13,9,9.15e-05,-0.001960851765034022,21850.0,20637.0,102.77296924591064,7.5610833168029785,110.33405256271362,20637.0,23537.88888888889
ablation_no_fluid_state,206,9,14,P14,9,9.145833333333334e-05,0.0032668559870216995,23590.0,22702.0,103.75959801673889,7.4898340702056885,111.24943208694458,22702.0,25289.88888888889
ablation_no_fluid_state,207,9,15,P15,9,9.141666666666668e-05,-0.011418902839068323,20675.0,20889.0,107.83869099617004,7.865471363067627,115.70416235923767,20889.0,22529.555555555555
ablation_no_fluid_state,208,9,16,P16,9,9.137500000000001e-05,0.007132472121156752,22702.0,20601.0,131.4738883972168,9.827432632446289,141.3013210296631,20601.0,25356.11111111111
ablation_no_fluid_state,209,9,17,P17,9,9.133333333333334e-05,-0.003557576797902584,22407.0,21731.0,132.35396575927734,9.97473669052124,142.32870244979858,21731.0,24033.11111111111
ablation_no_fluid_state,210,9,18,P18,9,9.129166666666667e-05,0.004857852368149907,21467.0,20670.0,124.0939712524414,9.267909049987793,133.3618803024292,20670.0,26028.333333333332
ablation_no_fluid_state,211,9,19,P19,9,9.125e-05,0.006936795182991773,24215.0,26354.0,126.657461643219,9.919047594070435,136.57650923728943,23944.0,26165.666666666668
ablation_no_fluid_state,212,9,20,P20,9,9.120833333333335e-05,-0.004294853494502604,24088.0,22878.0,135.7726640701294,10.41524076461792,146.18790483474731,22878.0,26332.0
ablation_no_fluid_state,213,9,21,P21,9,9.116666666666667e-05,0.004280651058070362,26476.0,24642.0,142.56728172302246,10.99980354309082,153.56708526611328,24642.0,29603.555555555555
ablation_no_fluid_state,214,9,22,P22,9,9.1125e-05,0.0006381868806784041,25414.0,24015.0,142.5574882030487,11.178968667984009,153.73645687103271,24015.0,28106.555555555555
ablation_no_fluid_state,215,9,23,P23,9,9.108333333333334e-05,0.0013386123625553279,35343.0,36143.0,188.801353931427,14.558961391448975,203.36031532287598,36143.0,38910.11111111111
ablation_no_fluid_state,216,9,24,P24,9,9.104166666666667e-05,0.0027419953345088287,26779.0,24513.0,128.51858806610107,9.976171255111694,138.49475932121277,24513.0,29318.555555555555
ablation_no_fluid_state,217,10,1,P1,10,9.1e-05,-0.03210607427172363,6453.0,6440.0,30.4360568523407,1.959540843963623,32.39559769630432,6440.0,8079.7
ablation_no_fluid_state,218,10,2,P2,10,9.095833333333334e-05,0.050029550679028034,9995.0,8870.0,38.46812629699707,2.491020917892456,40.959147214889526,8870.0,9742.9
ablation_no_fluid_state,219,10,3,P3,10,9.091666666666668e-05,-0.02819203515537083,6316.0,6840.0,28.306650161743164,1.8182399272918701,30.124890089035034,6283.0,6837.8
ablation_no_fluid_state,220,10,4,P4,10,9.0875e-05,-0.031124424189329147,3782.0,3794.0,22.261472702026367,1.4099955558776855,23.671468257904053,3794.0,4766.8
ablation_no_fluid_state,221,10,5,P5,10,9.083333333333334e-05,0.009491865057498217,4726.0,4407.0,23.904508352279663,1.5317473411560059,25.43625569343567,4292.0,4939.8
ablation_no_fluid_state,222,10,6,P6,10,9.079166666666667e-05,0.07547951489686966,4864.0,4470.0,24.74933648109436,1.6072371006011963,26.356573581695557,4245.0,4450.5
ablation_no_fluid_state,223,10,7,P7,10,9.075e-05,-0.012691223411820829,6110.0,6180.0,36.11589169502258,2.3073782920837402,38.42326998710632,6180.0,8021.7
ablation_no_fluid_state,224,10,8,P8,10,9.070833333333333e-05,0.011878867808263749,6670.0,6126.0,32.319355964660645,2.0458834171295166,34.36523938179016,6126.0,7050.6
ablation_no_fluid_state,225,10,9,P9,10,9.066666666666667e-05,0.010528823244385421,6106.0,6428.0,30.368901252746582,1.9325571060180664,32.30145835876465,6022.0,6536.0
ablation_no_fluid_state,226,10,10,P10,10,9.062500000000001e-05,-0.006942812236957252,6162.0,5688.0,19.638524770736694,1.2622599601745605,20.900784730911255,5644.0,6551.7
ablation_no_fluid_state,227,10,11,P11,10,9.058333333333334e-05,-0.02397712436504662,11434.0,11949.0,37.0866641998291,2.4544146060943604,39.54107880592346,11570.0,12366.4
ablation_no_fluid_state,228,10,12,P12,10,9.054166666666667e-05,0.006842185510322452,12877.0,13062.0,44.345929861068726,2.8977465629577637,47.24367642402649,12852.0,14134.9
ablation_no_fluid_state,229,10,13,P13,10,9.05e-05,0.02040048426715657,21600.0,20409.0,102.12986755371094,7.515021085739136,109.64488863945007,20409.0,23225.0
ablation_no_fluid_state,230,10,14,P14,10,9.045833333333333e-05,-0.004972198978066444,24005.0,23263.0,104.33931708335876,7.538694858551025,111.87801194190979,22702.0,25087.2
ablation_no_fluid_state,231,10,15,P15,10,9.041666666666668e-05,-0.005286410771077499,21144.0,20700.0,107.00056910514832,7.869743824005127,114.87031292915344,20700.0,22346.6
ablation_no_fluid_state,232,10,16,P16,10,9.037500000000001e-05,0.0018105280585587024,23312.0,20766.0,132.28208374977112,9.768638372421265,142.05072212219238,20601.0,24897.1
ablation_no_fluid_state,233,10,17,P17,10,9.033333333333334e-05,-0.002692815550835803,22213.0,21484.0,132.36523866653442,9.931329011917114,142.29656767845154,21484.0,23778.2
ablation_no_fluid_state,234,10,18,P18,10,9.029166666666667e-05,-0.0031259652954759077,21104.0,20974.0,124.70512890815735,9.127582788467407,133.83271169662476,20670.0,25522.9
ablation_no_fluid_state,235,10,19,P19,10,9.025e-05,0.0020236415846738966,23895.0,25918.0,126.91651606559753,9.692773342132568,136.6092894077301,23944.0,26140.9
ablation_no_fluid_state,236,10,20,P20,10,9.020833333333334e-05,0.0005887212966626976,23513.0,22766.0,137.65843200683594,10.387210369110107,148.04564237594604,22766.0,25975.4
ablation_no_fluid_state,237,10,21,P21,10,9.016666666666667e-05,0.0077277114382013675,26017.0,23671.0,143.40701532363892,11.004410743713379,154.4114260673523,23671.0,29010.3
ablation_no_fluid_state,238,10,22,P22,10,9.012500000000001e-05,-0.0030388985396712087,25007.0,23678.0,143.19551467895508,11.065667867660522,154.2611825466156,23678.0,27663.7
ablation_no_fluid_state,239,10,23,P23,10,9.008333333333335e-05,0.004477179567662201,35373.0,36593.0,190.2983112335205,14.542203664779663,204.84051489830017,36143.0,38678.4
ablation_no_fluid_state,240,10,24,P24,10,9.004166666666667e-05,-0.0012627758027520032,25891.0,24265.0,128.738835811615,9.968862295150757,138.70769810676575,24265.0,28813.2
ablation_no_fluid_state,241,11,1,P1,11,9e-05,0.013687871862202883,6980.0,6440.0,30.600394248962402,1.9758837223052979,32.5762779712677,6440.0,7930.636363636364
ablation_no_fluid_state,242,11,2,P2,11,8.995833333333333e-05,0.010409196140244603,9778.0,8805.0,38.47650384902954,2.4927642345428467,40.96926808357239,8805.0,9657.636363636364
ablation_no_fluid_state,243,11,3,P3,11,8.991666666666667e-05,-0.01980504160746932,6506.0,7159.0,27.76522994041443,1.8094236850738525,29.57465362548828,6283.0,6867.0
ablation_no_fluid_state,244,11,4,P4,11,8.9875e-05,-0.0011031048779841512,3883.0,3780.0,22.252907514572144,1.4034440517425537,23.656351566314697,3780.0,4677.090909090909
ablation_no_fluid_state,245,11,5,P5,11,8.983333333333334e-05,-0.006581014022231102,4454.0,4367.0,24.148308038711548,1.555619478225708,25.703927516937256,4292.0,4887.727272727273
ablation_no_fluid_state,246,11,6,P6,11,8.979166666666668e-05,0.029845332726836205,4542.0,4325.0,25.151912212371826,1.6280465126037598,26.779958724975586,4245.0,4439.090909090909
ablation_no_fluid_state,247,11,7,P7,11,8.975e-05,0.0037542882782872766,6470.0,5833.0,36.60972285270691,2.3013408184051514,38.91106367111206,5833.0,7822.727272727273
ablation_no_fluid_state,248,11,8,P8,11,8.970833333333334e-05,-0.02249385346658528,6085.0,5893.0,32.19766044616699,2.032548427581787,34.23020887374878,5893.0,6945.363636363636
ablation_no_fluid_state,249,11,9,P9,11,8.966666666666667e-05,0.017108380096033216,5743.0,5563.0,30.259299755096436,1.9365782737731934,32.19587802886963,5563.0,6447.545454545455
ablation_no_fluid_state,250,11,10,P10,11,8.962500000000001e-05,-0.0013309448258951306,6134.0,5650.0,19.449445724487305,1.291597604751587,20.74104332923889,5644.0,6469.727272727273
ablation_no_fluid_state,251,11,11,P11,11,8.958333333333335e-05,-0.01636963221244514,11434.0,11897.0,37.11645030975342,2.4364445209503174,39.552894830703735,11570.0,12323.727272727272
ablation_no_fluid_state,252,11,12,P12,11,8.954166666666667e-05,0.006813693209551275,12540.0,12348.0,44.03741979598999,2.9587714672088623,46.99619126319885,12348.0,13972.454545454546
ablation_no_fluid_state,253,11,13,P13,11,8.950000000000001e-05,0.011388034152332693,21745.0,19766.0,102.75613594055176,7.5222015380859375,110.2783374786377,19766.0,22910.545454545456
ablation_no_fluid_state,254,11,14,P14,11,8.945833333333333e-05,-0.0038640667844447307,23202.0,22170.0,104.79064297676086,7.595153570175171,112.38579654693604,22170.0,24822.0
ablation_no_fluid_state,255,11,15,P15,11,8.941666666666667e-05,1.0206545994151384e-05,20648.0,20455.0,108.45048308372498,7.890487909317017,116.34097099304199,20455.0,22174.636363636364
ablation_no_fluid_state,256,11,16,P16,11,8.9375e-05,0.0009422335788258351,22411.0,20695.0,131.71434903144836,9.824577569961548,141.5389266014099,20601.0,24515.090909090908
ablation_no_fluid_state,257,11,17,P17,11,8.933333333333334e-05,-0.0008061970649578143,21869.0,21622.0,133.0000958442688,9.918936014175415,142.9190318584442,21484.0,23582.18181818182
ablation_no_fluid_state,258,11,18,P18,11,8.929166666666668e-05,0.0026796982623636723,21257.0,20823.0,124.18224620819092,9.228119373321533,133.41036558151245,20670.0,25095.636363636364
ablation_no_fluid_state,259,11,19,P19,11,8.925e-05,0.0061243239790201185,25357.0,24120.0,126.30435490608215,9.743983507156372,136.04833841323853,23944.0,25957.18181818182
ablation_no_fluid_state,260,11,20,P20,11,8.920833333333334e-05,-0.0034526985487900673,23990.0,22658.0,136.4550371170044,10.284387826919556,146.73942494392395,22658.0,25673.81818181818
ablation_no_fluid_state,261,11,21,P21,11,8.916666666666666e-05,-0.0010511132204555906,24861.0,23690.0,144.23932814598083,11.07999587059021,155.31932401657104,23671.0,28526.636363636364
ablation_no_fluid_state,262,11,22,P22,11,8.9125e-05,0.002459873272164259,25188.0,23673.0,143.59631824493408,11.08583927154541,154.6821575164795,23673.0,27300.909090909092
ablation_no_fluid_state,263,11,23,P23,11,8.908333333333333e-05,0.0021672436861471006,34643.0,36293.0,191.09766721725464,14.594637393951416,205.69230461120605,36143.0,38461.545454545456
ablation_no_fluid_state,264,11,24,P24,11,8.904166666666667e-05,-0.0013824991008732467,25984.0,24709.0,129.5621440410614,10.217849493026733,139.77999353408813,24265.0,28440.090909090908
ablation_no_fluid_state,265,12,1,P1,12,8.900000000000001e-05,-0.014345962437801063,6292.0,6226.0,30.399880409240723,2.0016658306121826,32.401546239852905,6226.0,7788.583333333333
ablation_no_fluid_state,266,12,2,P2,12,8.895833333333335e-05,0.008320316846948117,8922.0,8118.0,38.501890420913696,2.508190870285034,41.01008129119873,8118.0,9529.333333333334
ablation_no_fluid_state,267,12,3,P3,12,8.891666666666667e-05,0.003531348833348602,6292.0,6517.0,28.120118141174316,1.8107471466064453,29.93086528778076,6283.0,6837.833333333333
ablation_no_fluid_state,268,12,4,P4,12,8.8875e-05,-0.025496732909232378,3742.0,3776.0,21.816280603408813,1.40445876121521,23.220739364624023,3776.0,4602.0
ablation_no_fluid_state,269,12,5,P5,12,8.883333333333333e-05,-0.015147780533879995,4382.0,4297.0,24.14826011657715,1.519341230392456,25.667601346969604,4292.0,4838.5
ablation_no_fluid_state,270,12,6,P6,12,8.879166666666668e-05,0.027630086988210678,4265.0,4080.0,25.20163130760193,1.6031875610351562,26.804818868637085,4080.0,4409.166666666667
ablation_no_fluid_state,271,12,7,P7,12,8.875e-05,0.003009074745932594,5939.0,5870.0,36.49429488182068,2.355525255203247,38.849820137023926,5833.0,7660.0
ablation_no_fluid_state,272,12,8,P8,12,8.870833333333334e-05,0.015462533920072019,5820.0,5667.0,32.575724363327026,2.061556816101074,34.6372811794281,5667.0,6838.833333333333
ablation_no_fluid_state,273,12,9,P9,12,8.866666666666668e-05,-0.017282556276768446,5468.0,5367.0,30.511236906051636,1.9604465961456299,32.471683502197266,5367.0,6357.5
ablation_no_fluid_state,274,12,10,P10,12,8.8625e-05,-0.0002319617706234567,5681.0,5655.0,19.50262141227722,1.2602474689483643,20.762868881225586,5644.0,6401.833333333333
ablation_no_fluid_state,275,12,11,P11,12,8.858333333333334e-05,0.013501768931746483,11434.0,11496.0,37.432117223739624,2.50366473197937,39.935781955718994,11496.0,12254.75
ablation_no_fluid_state,276,12,12,P12,12,8.854166666666667e-05,0.01577603619080037,12640.0,12163.0,44.92102289199829,2.972566604614258,47.89358949661255,12163.0,13821.666666666666
ablation_no_fluid_state,277,12,13,P13,12,8.850000000000001e-05,-0.0013502380661520874,21085.0,19564.0,105.10918235778809,7.5578882694244385,112.66707062721252,19564.0,22631.666666666668
ablation_no_fluid_state,278,12,14,P14,12,8.845833333333333e-05,-0.003512327173666563,22833.0,22121.0,104.5861542224884,7.611222743988037,112.19737696647644,22121.0,24596.916666666668
ablation_no_fluid_state,279,12,15,P15,12,8.841666666666667e-05,0.0027139537705807015,20332.0,20377.0,109.38471150398254,7.876269578933716,117.26098108291626,20377.0,22024.833333333332
ablation_no_fluid_state,280,12,16,P16,12,8.837500000000001e-05,0.0034548554278444497,21868.0,20596.0,131.36205339431763,9.817298173904419,141.17935156822205,20596.0,24188.5
ablation_no_fluid_state,281,12,17,P17,12,8.833333333333333e-05,-0.001761833431373816,21147.0,20881.0,132.83005356788635,9.926337242126465,142.75639081001282,20881.0,23357.083333333332
ablation_no_fluid_state,282,12,18,P18,12,8.829166666666667e-05,-0.00014987871109042316,21383.0,20476.0,124.79683756828308,9.228913307189941,134.02575087547302,20476.0,24710.666666666668
ablation_no_fluid_state,283,12,19,P19,12,8.825e-05,0.000586425237270305,23688.0,23095.0,127.817866563797,9.865404844284058,137.68327140808105,23095.0,25718.666666666668
ablation_no_fluid_state,284,12,20,P20,12,8.820833333333334e-05,0.0028526841182610952,23554.0,22423.0,137.8604280948639,10.401221513748169,148.26164960861206,22423.0,25402.916666666668
ablation_no_fluid_state,285,12,21,P21,12,8.816666666666668e-05,0.0025114924792433158,25281.0,23586.0,143.77145743370056,11.02964162826538,154.80109906196594,23586.0,28114.916666666668
ablation_no_fluid_state,286,12,22,P22,12,8.8125e-05,1.1076694499934093e-05,24498.0,23643.0,143.20092034339905,10.990372657775879,154.19129300117493,23643.0,26996.083333333332
ablation_no_fluid_state,287,12,23,P23,12,8.808333333333334e-05,-0.00014839144569123164,34177.0,36847.0,189.6677529811859,14.452368259429932,204.12012124061584,36143.0,38327.0
ablation_no_fluid_state,288,12,24,P24,12,8.804166666666666e-05,-0.004618079034844414,25301.0,23991.0,129.6556944847107,10.021286487579346,139.67698097229004,23991.0,28069.333333333332
ablation_no_fluid_state,289,13,1,P1,13,8.800000000000001e-05,0.0009548401139909402,6582.0,6226.0,31.01500153541565,2.0063669681549072,33.02136850357056,6226.0,7668.384615384615
ablation_no_fluid_state,290,13,2,P2,13,8.795833333333335e-05,-0.010807035258039832,8724.0,8935.0,39.081324338912964,2.5055410861968994,41.58686542510986,8118.0,9483.615384615385
ablation_no_fluid_state,291,13,3,P3,13,8.791666666666667e-05,0.037859051721170545,6720.0,5875.0,27.9057035446167,1.8081820011138916,29.71388554573059,5875.0,6763.7692307692305
ablation_no_fluid_state,292,13,4,P4,13,8.787500000000001e-05,-0.03288709558546543,3869.0,3781.0,22.09331488609314,1.3992681503295898,23.49258303642273,3776.0,4538.846153846154
ablation_no_fluid_state,293,13,5,P5,13,8.783333333333333e-05,-0.02779887057840824,4347.0,4312.0,24.21939706802368,1.544525384902954,25.763922452926636,4292.0,4798.0
ablation_no_fluid_state,294,13,6,P6,13,8.779166666666667e-05,0.014258635696023703,4163.0,4104.0,24.938703298568726,1.5868875980377197,26.525590896606445,4080.0,4385.692307692308
ablation_no_fluid_state,295,13,7,P7,13,8.775e-05,0.04697828367352486,6170.0,5900.0,36.36232089996338,2.3391997814178467,38.701520681381226,5833.0,7524.615384615385
ablation_no_fluid_state,296,13,8,P8,13,8.770833333333334e-05,-0.026060554664582014,5870.0,5857.0,32.20562767982483,2.04949951171875,34.25512719154358,5667.0,6763.307692307692
ablation_no_fluid_state,297,13,9,P9,13,8.766666666666668e-05,0.015349750523455441,5756.0,5657.0,31.012155532836914,1.8726840019226074,32.88483953475952,5367.0,6303.615384615385
ablation_no_fluid_state,298,13,10,P10,13,8.7625e-05,-0.021190613973885775,5834.0,5650.0,19.551321506500244,1.253211498260498,20.804533004760742,5644.0,6344.0
ablation_no_fluid_state,299,13,11,P11,13,8.758333333333334e-05,-0.021209104685112834,11372.0,11835.0,37.17136359214783,2.436375856399536,39.60773944854736,11496.0,12222.461538461539
ablation_no_fluid_state,300,13,12,P12,13,8.754166666666666e-05,0.016362252994440496,12334.0,12341.0,44.05853295326233,2.92315673828125,46.98168969154358,12163.0,13707.76923076923
ablation_no_fluid_state,301,13,13,P13,13,8.75e-05,0.012335327162873,20595.0,19776.0,103.32211327552795,7.62023138999939,110.94234466552734,19564.0,22412.0
ablation_no_fluid_state,302,13,14,P14,13,8.745833333333334e-05,0.0013359767199290218,22970.0,22624.0,104.38960814476013,7.556880712509155,111.94648885726929,22121.0,24445.153846153848
ablation_no_fluid_state,303,13,15,P15,13,8.741666666666667e-05,-0.001910475482873153,20708.0,20589.0,107.64941954612732,7.88977837562561,115.53919792175293,20377.0,21914.384615384617
ablation_no_fluid_state,304,13,16,P16,13,8.737500000000001e-05,0.006261475663632154,22145.0,20657.0,130.50052976608276,9.804471492767334,140.3050012588501,20596.0,23916.846153846152
ablation_no_fluid_state,305,13,17,P17,13,8.733333333333333e-05,-0.00017606362816877664,21956.0,22081.0,131.8684639930725,9.924388885498047,141.79285287857056,20881.0,23258.923076923078
ablation_no_fluid_state,306,13,18,P18,13,8.729166666666667e-05,-0.003635077501530759,20941.0,20600.0,122.60189819335938,9.172258138656616,131.774156332016,20476.0,24394.46153846154
ablation_no_fluid_state,307,13,19,P19,13,8.725e-05,0.0037006229817052373,24501.0,24320.0,93.8991048336029,4.101316928863525,98.00042176246643,23095.0,25611.076923076922
ablation_no_fluid_state,308,13,20,P20,13,8.720833333333333e-05,-0.0006401942875527312,23868.0,22868.0,54.42791485786438,4.644471168518066,59.072386026382446,22423.0,25207.923076923078
ablation_no_fluid_state,309,13,21,P21,13,8.716666666666668e-05,-0.0005120221256220247,24907.0,23935.0,58.24049949645996,4.685452461242676,62.92595195770264,23586.0,27793.384615384617
ablation_no_fluid_state,310,13,22,P22,13,8.7125e-05,-0.0007768312003463507,24006.0,23703.0,57.82022166252136,4.625478267669678,62.44569993019104,23643.0,26742.76923076923
ablation_no_fluid_state,311,13,23,P23,13,8.708333333333334e-05,0.00019809264241692808,33346.0,36860.0,76.85996794700623,6.301199674606323,83.16116762161255,36143.0,38214.153846153844
ablation_no_fluid_state,312,13,24,P24,13,8.704166666666666e-05,-0.002518418872205075,24849.0,24064.0,50.996506214141846,4.1227827072143555,55.1192889213562,23991.0,27761.23076923077
ablation_no_fluid_state,313,14,1,P1,14,8.7e-05,-0.0033777321805246174,6424.0,6071.0,12.013161897659302,0.804227352142334,12.817389249801636,6071.0,7554.285714285715
ablation_no_fluid_state,314,14,2,P2,14,8.695833333333334e-05,-0.005764893692685291,8520.0,8805.0,14.791242599487305,1.0033979415893555,15.79464054107666,8118.0,9435.142857142857
ablation_no_fluid_state,315,14,3,P3,14,8.691666666666667e-05,0.032005491899326444,6398.0,6591.0,10.591103076934814,0.7217304706573486,11.312833547592163,5875.0,6751.428571428572
ablation_no_fluid_state,316,14,4,P4,14,8.687500000000001e-05,-0.048476412892341614,3756.0,3841.0,8.626980066299438,0.5864825248718262,9.213462591171265,3776.0,4489.0
ablation_no_fluid_state,317,14,5,P5,14,8.683333333333335e-05,-0.011594600509852171,4392.0,4272.0,9.649353265762329,0.6493699550628662,10.298723220825195,4272.0,4760.428571428572
ablation_no_fluid_state,318,14,6,P6,14,8.679166666666667e-05,0.02379528433084488,4080.0,4081.0,9.932525396347046,0.6539506912231445,10.58647608757019,4080.0,4363.928571428572
ablation_no_fluid_state,319,14,7,P7,14,8.675e-05,0.04005224537104368,6030.0,5900.0,14.274322748184204,0.9368102550506592,15.211133003234863,5833.0,7408.571428571428
ablation_no_fluid_state,320,14,8,P8,14,8.670833333333333e-05,-0.024724937742576003,5910.0,5927.0,12.750829219818115,0.8193821907043457,13.570211410522461,5667.0,6703.571428571428
ablation_no_fluid_state,321,14,9,P9,14,8.666666666666667e-05,0.012557213776744902,5602.0,5687.0,11.823177337646484,0.7773528099060059,12.60053014755249,5367.0,6259.571428571428
ablation_no_fluid_state,322,14,10,P10,14,8.6625e-05,-0.011507534654811025,5772.0,5679.0,7.503922700881958,0.5118715763092041,8.015794277191162,5644.0,6296.5
ablation_no_fluid_state,323,14,11,P11,14,8.658333333333334e-05,-0.026061195181682706,11496.0,11840.0,14.368630647659302,0.9817965030670166,15.350427150726318,11496.0,12195.142857142857
ablation_no_fluid_state,324,14,12,P12,14,8.654166666666668e-05,0.01931874454021454,12361.0,12241.0,17.521400451660156,1.217391014099121,18.738791465759277,12163.0,13603.0
ablation_no_fluid_state,325,14,13,P13,14,8.65e-05,0.018082463182508945,20315.0,19964.0,41.21444082260132,3.13836932182312,44.35281014442444,19564.0,22237.14285714286
ablation_no_fluid_state,326,14,14,P14,14,8.645833333333334e-05,-0.00825707780313678,22406.0,22583.0,42.14351296424866,3.2072675228118896,45.35078048706055,22121.0,24312.14285714286
ablation_no_fluid_state,327,14,15,P15,14,8.641666666666666e-05,0.008677836565766484,20499.0,20408.0,43.551674127578735,3.3088479042053223,46.86052203178406,20377.0,21806.785714285714
ablation_no_fluid_state,328,14,16,P16,14,8.637500000000001e-05,0.0011487222553114406,21810.0,20800.0,52.014583110809326,3.9337122440338135,55.94829535484314,20596.0,23694.214285714286
ablation_no_fluid_state,329,14,17,P17,14,8.633333333333334e-05,-0.0016895785025553777,21631.0,21688.0,51.00366282463074,3.9514760971069336,54.95513892173767,20881.0,23146.714285714286
ablation_no_fluid_state,330,14,18,P18,14,8.629166666666667e-05,-0.002484337535861414,20889.0,20609.0,49.68083882331848,4.094184637069702,53.775023460388184,20476.0,24124.071428571428
ablation_no_fluid_state,331,14,19,P19,14,8.625000000000001e-05,0.00030701270152349024,23621.0,24198.0,50.36429476737976,3.9999942779541016,54.36428904533386,23095.0,25510.14285714286
ablation_no_fluid_state,332,14,20,P20,14,8.620833333333333e-05,0.008021542616188527,24572.0,22869.0,53.601882219314575,4.386881351470947,57.98876357078552,22423.0,25040.85714285714
ablation_no_fluid_state,333,14,21,P21,14,8.616666666666667e-05,-0.0060178131563588975,24925.0,23629.0,57.34361958503723,4.605652332305908,61.94927191734314,23586.0,27495.928571428572
ablation_no_fluid_state,334,14,22,P22,14,8.6125e-05,0.001314384960278403,24473.0,23438.0,56.59654450416565,4.571929454803467,61.168473958969116,23438.0,26506.714285714286
ablation_no_fluid_state,335,14,23,P23,14,8.608333333333334e-05,0.0003203735983074044,33720.0,36860.0,74.48559713363647,6.3714470863342285,80.8570442199707,36143.0,38117.42857142857
ablation_no_fluid_state,336,14,24,P24,14,8.604166666666667e-05,-0.003864705469459295,24798.0,23842.0,52.30477213859558,4.248539447784424,56.553311586380005,23842.0,27481.285714285714
ablation_no_fluid_state,337,15,1,P1,15,8.6e-05,-0.014165477827191353,6472.0,6174.0,12.318348169326782,0.856238603591919,13.174586772918701,6071.0,7462.266666666666
ablation_no_fluid_state,338,15,2,P2,15,8.595833333333334e-05,-0.0019968162232544273,8565.0,8752.0,14.936135053634644,1.0007352828979492,15.936870336532593,8118.0,9389.6
ablation_no_fluid_state,339,15,3,P3,15,8.591666666666666e-05,0.018002760712988675,6220.0,6958.0,10.685617208480835,0.7430381774902344,11.42865538597107,5875.0,6765.2
ablation_no_fluid_state,340,15,4,P4,15,8.5875e-05,-0.0206293067894876,3756.0,3712.0,8.443241834640503,0.5671942234039307,9.010436058044434,3712.0,4437.2
ablation_no_fluid_state,341,15,5,P5,15,8.583333333333334e-05,-0.013049943605437875,4374.0,4272.0,9.187514543533325,0.6199836730957031,9.807498216629028,4272.0,4727.866666666667
ablation_no_fluid_state,342,15,6,P6,15,8.579166666666667e-05,-0.00515858072321862,4104.0,4144.0,9.603183031082153,0.6502573490142822,10.253440380096436,4080.0,4349.266666666666
ablation_no_fluid_state,343,15,7,P7,15,8.575000000000001e-05,0.022647785721346736,6020.0,5900.0,14.073193550109863,0.9531693458557129,15.026362895965576,5833.0,7308.0
ablation_no_fluid_state,344,15,8,P8,15,8.570833333333333e-05,-0.00986037659458816,5930.0,5837.0,12.576945066452026,0.8504543304443359,13.427399396896362,5667.0,6645.8
ablation_no_fluid_state,345,15,9,P9,15,8.566666666666667e-05,0.01970603480003774,5880.0,5588.0,11.958093404769897,0.807673454284668,12.765766859054565,5367.0,6214.8
ablation_no_fluid_state,346,15,10,P10,15,8.5625e-05,-0.014209042303264141,5711.0,5633.0,7.497320890426636,0.5114202499389648,8.0087411403656,5633.0,6252.266666666666
ablation_no_fluid_state,347,15,11,P11,15,8.558333333333333e-05,-0.01661032740958035,11707.0,11683.0,14.664863586425781,1.0007288455963135,15.665592432022095,11496.0,12161.0
ablation_no_fluid_state,348,15,12,P12,15,8.554166666666668e-05,0.007243228203151375,12415.0,12163.0,17.218581438064575,1.1686131954193115,18.387194633483887,12163.0,13507.0
ablation_no_fluid_state,349,15,13,P13,15,8.55e-05,0.01055880292551592,20275.0,20027.0,40.84118318557739,3.1667659282684326,44.007949113845825,19564.0,22089.8
ablation_no_fluid_state,350,15,14,P14,15,8.545833333333334e-05,-0.0005816540679006721,22458.0,22762.0,40.657891035079956,3.0882365703582764,43.74612760543823,22121.0,24208.8
ablation_no_fluid_state,351,15,15,P15,15,8.541666666666666e-05,-0.0005470576579682529,20467.0,20629.0,41.92021727561951,3.147430181503296,45.0676474571228,20377.0,21728.266666666666
ablation_no_fluid_state,352,15,16,P16,15,8.5375e-05,0.0046010024496354164,21907.0,20734.0,50.7753803730011,4.32045841217041,55.09583878517151,20596.0,23496.866666666665
ablation_no_fluid_state,353,15,17,P17,15,8.533333333333334e-05,0.0033192625851370394,22362.0,21644.0,52.521411657333374,4.0469536781311035,56.56836533546448,20881.0,23046.533333333333
ablation_no_fluid_state,354,15,18,P18,15,8.529166666666668e-05,-0.004290714382659644,20763.0,20494.0,48.4366409778595,3.801175355911255,52.23781633377075,20476.0,23882.066666666666
ablation_no_fluid_state,355,15,19,P19,15,8.525000000000001e-05,0.006251733074896038,24653.0,24117.0,50.706353425979614,3.9877030849456787,54.69405651092529,23095.0,25417.266666666666
ablation_no_fluid_state,356,15,20,P20,15,8.520833333333334e-05,-0.00516826098319143,23382.0,22814.0,55.06687307357788,4.386397123336792,59.45327019691467,22423.0,24892.4
ablation_no_fluid_state,357,15,21,P21,15,8.516666666666667e-05,0.0006897931583807803,25186.0,23903.0,56.66849708557129,4.477168798446655,61.145665884017944,23586.0,27256.4
ablation_no_fluid_state,358,15,22,P22,15,8.512500000000001e-05,-0.0007138373664929531,24083.0,23651.0,56.85270643234253,4.943824052810669,61.7965304851532,23438.0,26316.333333333332
ablation_no_fluid_state,359,15,23,P23,15,8.508333333333333e-05,0.0028173837802439395,34051.0,36997.0,76.1203441619873,6.0659496784210205,82.18629384040833,36143.0,38042.73333333333
ablation_no_fluid_state,360,15,24,P24,15,8.504166666666667e-05,-0.0034081077843438833,24749.0,24053.0,51.64934420585632,4.120948553085327,55.77029275894165,23842.0,27252.733333333334
ablation_no_fluid_state,361,16,1,P1,16,8.5e-05,-0.014763649320229888,6375.0,6226.0,12.019303798675537,0.8274145126342773,12.846718311309814,6071.0,7385.0
ablation_no_fluid_state,362,16,2,P2,16,8.495833333333334e-05,0.01548715925309807,8912.0,8966.0,15.22386622428894,1.0500142574310303,16.27388048171997,8118.0,9363.125
ablation_no_fluid_state,363,16,3,P3,16,8.491666666666667e-05,0.015353824535850435,6795.0,6945.0,10.987651109695435,0.7409749031066895,11.728626012802124,5875.0,6776.4375
ablation_no_fluid_state,364,16,4,P4,16,8.4875e-05,-0.04607066325843334,3765.0,3778.0,8.736973524093628,0.579477071762085,9.316450595855713,3712.0,4396.0
ablation_no_fluid_state,365,16,5,P5,16,8.483333333333334e-05,-0.023811147548258305,4287.0,4272.0,9.658884286880493,0.6459927558898926,10.304877042770386,4272.0,4699.375
ablation_no_fluid_state,366,16,6,P6,16,8.479166666666666e-05,0.021846889052540064,4072.0,4094.0,10.058394432067871,0.6761841773986816,10.734578609466553,4080.0,4333.3125
ablation_no_fluid_state,367,16,7,P7,16,8.475000000000001e-05,0.032423906261101365,6177.0,5930.0,14.85110592842102,0.9826867580413818,15.833792686462402,5833.0,7221.875
ablation_no_fluid_state,368,16,8,P8,16,8.470833333333334e-05,-0.01427142194006592,5825.0,5847.0,12.678961992263794,0.8445477485656738,13.523509740829468,5667.0,6595.875
ablation_no_fluid_state,369,16,9,P9,16,8.466666666666667e-05,0.007070533698424697,5595.0,5557.0,11.680617094039917,0.7955784797668457,12.476195573806763,5367.0,6173.6875
ablation_no_fluid_state,370,16,10,P10,16,8.4625e-05,-0.015770019963383675,5543.0,5567.0,7.435338497161865,0.4962031841278076,7.931541681289673,5567.0,6209.4375
ablation_no_fluid_state,371,16,11,P11,16,8.458333333333333e-05,-0.00430545472772792,11389.0,11745.0,14.346580505371094,1.0075297355651855,15.35411024093628,11496.0,12135.0
ablation_no_fluid_state,372,16,12,P12,16,8.454166666666667e-05,0.015120856813155115,12167.0,12179.0,17.014442443847656,1.180980920791626,18.195423364639282,12163.0,13424.0
ablation_no_fluid_state,373,16,13,P13,16,8.450000000000001e-05,0.007626227510627359,20111.0,19884.0,40.84738636016846,3.193939685821533,44.04132604598999,19564.0,21951.9375
ablation_no_fluid_state,374,16,14,P14,16,8.445833333333334e-05,-0.00233796193060698,22945.0,22336.0,41.93231678009033,3.260129928588867,45.1924467086792,22121.0,24091.75
ablation_no_fluid_state,375,16,15,P15,16,8.441666666666668e-05,0.004075885663041845,20365.0,20330.0,42.60472273826599,3.2665839195251465,45.87130665779114,20330.0,21640.875
ablation_no_fluid_state,376,16,16,P16,16,8.4375e-05,0.006720926403068006,21695.0,20879.0,53.02796387672424,4.117633581161499,57.14559745788574,20596.0,23333.25
ablation_no_fluid_state,377,16,17,P17,16,8.433333333333333e-05,-0.00414506314555183,21451.0,21514.0,54.190446615219116,4.190500020980835,58.38094663619995,20881.0,22950.75
ablation_no_fluid_state,378,16,18,P18,16,8.429166666666666e-05,-0.005400019185617566,20445.0,20623.0,50.99661207199097,3.803025007247925,54.79963707923889,20476.0,23678.375
ablation_no_fluid_state,379,16,19,P19,16,8.425e-05,0.005017278343439102,23571.0,24133.0,49.387934923172,3.9336392879486084,53.321574211120605,23095.0,25337.0
ablation_no_fluid_state,380,16,20,P20,16,8.420833333333334e-05,-0.00017472032777732238,23177.0,22623.0,54.15768051147461,4.557772159576416,58.715452671051025,22423.0,24750.5625
ablation_no_fluid_state,381,16,21,P21,16,8.416666666666668e-05,0.0013535065005271462,24768.0,23690.0,58.05600595474243,4.667118310928345,62.723124265670776,23586.0,27033.5
ablation_no_fluid_state,382,16,22,P22,16,8.412500000000001e-05,0.0012998501246329398,24328.0,23256.0,56.65181756019592,4.5751051902771,61.22692275047302,23256.0,26125.0625
ablation_no_fluid_state,383,16,23,P23,16,8.408333333333334e-05,0.00010821054872524525,34396.0,37010.0,74.07019829750061,6.0078511238098145,80.07804942131042,36143.0,37978.1875
ablation_no_fluid_state,384,16,24,P24,16,8.404166666666667e-05,-0.0033497197669930755,24974.0,23976.0,51.458897829055786,4.090755462646484,55.54965329170227,23842.0,27047.9375
ablation_no_fluid_state,385,17,1,P1,17,8.4e-05,-0.014067299896851182,6333.0,5940.0,11.71784782409668,0.8057525157928467,12.523600339889526,5940.0,7300.0
ablation_no_fluid_state,386,17,2,P2,17,8.395833333333333e-05,0.002153963388991542,8563.0,8805.0,15.091668128967285,1.0282001495361328,16.119868278503418,8118.0,9330.29411764706
ablation_no_fluid_state,387,17,3,P3,17,8.391666666666667e-05,0.03937311004847288,6731.0,6330.0,11.11072826385498,0.7231435775756836,11.833871841430664,5875.0,6750.176470588235
ablation_no_fluid_state,388,17,4,P4,17,8.3875e-05,-0.03661373723298311,3860.0,3807.0,8.300267934799194,0.5491511821746826,8.849419116973877,3712.0,4361.35294117647
ablation_no_fluid_state,389,17,5,P5,17,8.383333333333334e-05,-0.04271430429071188,4342.0,4257.0,9.028852224349976,0.6068427562713623,9.635694980621338,4257.0,4673.35294117647
ablation_no_fluid_state,390,17,6,P6,17,8.379166666666667e-05,-0.005202442407608032,4114.0,4054.0,9.4093759059906,0.6257889270782471,10.035164833068848,4054.0,4316.882352941177
ablation_no_fluid_state,391,17,7,P7,17,8.375e-05,0.02030510944314301,5990.0,5930.0,14.03697395324707,0.9255595207214355,14.962533473968506,5833.0,7145.882352941177
ablation_no_fluid_state,392,17,8,P8,17,8.370833333333334e-05,-0.0025075054727494717,5848.0,5777.0,12.549273014068604,0.8160183429718018,13.365291357040405,5667.0,6547.705882352941
ablation_no_fluid_state,393,17,9,P9,17,8.366666666666668e-05,0.0010471275891177356,5547.0,5467.0,12.152292490005493,0.7777571678161621,12.930049657821655,5367.0,6132.117647058823
ablation_no_fluid_state,394,17,10,P10,17,8.3625e-05,-0.010505273472517729,5635.0,5590.0,7.598514795303345,0.5470638275146484,8.145578622817993,5567.0,6173.0
ablation_no_fluid_state,395,17,11,P11,17,8.358333333333334e-05,-0.0024537004064768553,11434.0,11677.0,14.750645399093628,1.014054536819458,15.764699935913086,11496.0,12108.058823529413
ablation_no_fluid_state,396,17,12,P12,17,8.354166666666667e-05,0.01375295512843877,12255.0,12144.0,17.350704193115234,1.2254855632781982,18.576189756393433,12144.0,13348.70588235294
ablation_no_fluid_state,397,17,13,P13,17,8.35e-05,0.004627448906830978,19889.0,19670.0,41.494032859802246,3.18937087059021,44.683403730392456,19564.0,21817.70588235294
ablation_no_fluid_state,398,17,14,P14,17,8.345833333333333e-05,-0.0043432511447463185,22035.0,22315.0,41.97323179244995,3.1789803504943848,45.152212142944336,22121.0,23987.235294117647
ablation_no_fluid_state,399,17,15,P15,17,8.341666666666667e-05,0.00910091126570478,20302.0,20210.0,43.476367712020874,3.3599867820739746,46.83635449409485,20210.0,21556.70588235294
ablation_no_fluid_state,400,17,16,P16,17,8.337500000000001e-05,0.002709259942639619,21423.0,20838.0,53.42376971244812,3.9732131958007812,57.3969829082489,20596.0,23186.470588235294
ablation_no_fluid_state,401,17,17,P17,17,8.333333333333334e-05,-0.000860551345613203,21688.0,21796.0,51.121068716049194,3.9914278984069824,55.11249661445618,20881.0,22882.823529411766
ablation_no_fluid_state,402,17,18,P18,17,8.329166666666667e-05,-0.003255337604787201,20648.0,20589.0,47.88012433052063,3.975738286972046,51.855862617492676,20476.0,23496.647058823528
ablation_no_fluid_state,403,17,19,P19,17,8.325e-05,0.00794608995784074,25050.0,24110.0,50.927645206451416,4.052912950515747,54.98055815696716,23095.0,25264.823529411766
ablation_no_fluid_state,404,17,20,P20,17,8.320833333333333e-05,-0.006894243555143476,22908.0,22556.0,54.1641206741333,4.277192831039429,58.44131350517273,22423.0,24621.470588235294
ablation_no_fluid_state,405,17,21,P21,17,8.316666666666666e-05,-0.0004961884231306612,24692.0,24073.0,57.62811779975891,4.643934488296509,62.27205228805542,23586.0,26859.352941176472
ablation_no_fluid_state,406,17,22,P22,17,8.312500000000001e-05,-4.120650992263108e-05,24015.0,23374.0,57.780431509017944,4.81320595741272,62.593637466430664,23256.0,25963.235294117647
ablation_no_fluid_state,407,17,23,P23,17,8.308333333333334e-05,0.004538275160094989,35550.0,36847.0,73.3915023803711,5.914111852645874,79.30561423301697,36143.0,37911.64705882353
ablation_no_fluid_state,408,17,24,P24,17,8.304166666666667e-05,-0.006698425626382232,24230.0,24041.0,51.756797075271606,4.43967342376709,56.196470499038696,23842.0,26871.058823529413
ablation_no_fluid_state,409,18,1,P1,18,8.3e-05,-0.016010643914341927,6210.0,5947.0,11.819304943084717,0.7793540954589844,12.598659038543701,5940.0,7224.833333333333
ablation_no_fluid_state,410,18,2,P2,18,8.295833333333333e-05,0.010044974857009947,8520.0,8374.0,15.037701606750488,1.011103630065918,16.048805236816406,8118.0,9277.166666666666
ablation_no_fluid_state,411,18,3,P3,18,8.291666666666666e-05,0.02458126051351428,6517.0,6416.0,10.7875394821167,0.7449240684509277,11.532463550567627,5875.0,6731.611111111111
ablation_no_fluid_state,412,18,4,P4,18,8.287500000000001e-05,-0.025159158743917942,3836.0,3810.0,8.520769119262695,0.5620722770690918,9.082841396331787,3712.0,4330.722222222223
ablation_no_fluid_state,413,18,5,P5,18,8.283333333333335e-05,-0.02829178934916854,4337.0,4327.0,9.292495012283325,0.626488447189331,9.918983459472656,4257.0,4654.111111111111
ablation_no_fluid_state,414,18,6,P6,18,8.279166666666667e-05,-0.007743832073174417,4153.0,4153.0,9.886651515960693,0.6824102401733398,10.569061756134033,4054.0,4307.777777777777
ablation_no_fluid_state,415,18,7,P7,18,8.275e-05,0.002475768545991741,5864.0,6065.0,14.193183183670044,0.975081205368042,15.168264389038086,5833.0,7085.833333333333
ablation_no_fluid_state,416,18,8,P8,18,8.270833333333334e-05,0.010172539157792926,5902.0,5778.0,12.554136276245117,0.8349900245666504,13.389126300811768,5667.0,6504.944444444444
ablation_no_fluid_state,417,18,9,P9,18,8.266666666666667e-05,-0.013566098525188863,5467.0,5561.0,11.759984254837036,0.8198003768920898,12.579784631729126,5367.0,6100.388888888889
ablation_no_fluid_state,418,18,10,P10,18,8.2625e-05,-0.0034571781288832426,5541.0,5730.0,7.6723785400390625,0.512213945388794,8.184592485427856,5567.0,6148.388888888889
ablation_no_fluid_state,419,18,11,P11,18,8.258333333333334e-05,0.0038300990127027035,11372.0,11677.0,14.56410527229309,0.9909729957580566,15.555078268051147,11496.0,12084.111111111111
ablation_no_fluid_state,420,18,12,P12,18,8.254166666666668e-05,0.02284725778736174,12168.0,12215.0,17.69796395301819,1.2037971019744873,18.901761054992676,12144.0,13285.722222222223
ablation_no_fluid_state,421,18,13,P13,18,8.25e-05,0.009112999716307968,19738.0,20097.0,41.617844343185425,3.1908786296844482,44.80872297286987,19564.0,21722.11111111111
ablation_no_fluid_state,422,18,14,P14,18,8.245833333333334e-05,-0.0024668638725415803,22277.0,22203.0,41.53418850898743,3.0456295013427734,44.5798180103302,22121.0,23888.11111111111
ablation_no_fluid_state,423,18,15,P15,18,8.241666666666667e-05,0.009446342766750604,20395.0,20423.0,41.58037281036377,3.2095720767974854,44.789944887161255,20210.0,21493.722222222223
ablation_no_fluid_state,424,18,16,P16,18,8.2375e-05,0.0021943616826320066,21257.0,20778.0,51.15187954902649,4.17564845085144,55.32752799987793,20596.0,23052.666666666668
ablation_no_fluid_state,425,18,17,P17,18,8.233333333333333e-05,0.0005194051311264048,21495.0,21748.0,52.61394500732422,4.191212177276611,56.80515718460083,20881.0,22819.777777777777
ablation_no_fluid_state,426,18,18,P18,18,8.229166666666667e-05,-0.0035929127712734043,20735.0,20611.0,48.5055832862854,3.7948849201202393,52.30046820640564,20476.0,23336.333333333332
ablation_no_fluid_state,427,18,19,P19,18,8.225000000000001e-05,0.0012298810284846694,24102.0,24089.0,49.54809236526489,4.030539512634277,53.57863187789917,23095.0,25199.5
ablation_no_fluid_state,428,18,20,P20,18,8.220833333333333e-05,-0.0014873142237775028,23366.0,22694.0,54.30394172668457,4.429580211639404,58.733521938323975,22423.0,24514.38888888889
ablation_no_fluid_state,429,18,21,P21,18,8.216666666666667e-05,-0.0009311439862358384,24566.0,23868.0,57.48788380622864,4.541229009628296,62.029112815856934,23586.0,26693.166666666668
ablation_no_fluid_state,430,18,22,P22,18,8.2125e-05,0.002217898878734559,24175.0,23525.0,56.16068434715271,4.772642374038696,60.933326721191406,23256.0,25827.777777777777
ablation_no_fluid_state,431,18,23,P23,18,8.208333333333334e-05,-0.000864294303547857,33070.0,36847.0,75.93116974830627,6.071842193603516,82.00301194190979,36143.0,37852.5
ablation_no_fluid_state,432,18,24,P24,18,8.204166666666668e-05,-0.00224316765088588,24457.0,23884.0,51.84484386444092,4.19655179977417,56.04139566421509,23842.0,26705.11111111111
ablation_no_fluid_state,433,19,1,P1,19,8.200000000000001e-05,0.004620003775926307,6562.0,6044.0,12.190754652023315,0.8464057445526123,13.037160396575928,5940.0,7162.684210526316
ablation_no_fluid_state,434,19,2,P2,19,8.195833333333334e-05,-0.011029519140720367,8494.0,8716.0,15.410287380218506,1.0160808563232422,16.426368236541748,8118.0,9247.631578947368
ablation_no_fluid_state,435,19,3,P3,19,8.191666666666666e-05,0.03779316181316972,6841.0,6765.0,11.086694717407227,0.7635157108306885,11.850210428237915,5875.0,6733.368421052632
ablation_no_fluid_state,436,19,4,P4,19,8.1875e-05,-0.037712632678449154,3751.0,3748.0,8.668274402618408,0.5709118843078613,9.23918628692627,3712.0,4300.0526315789475
ablation_no_fluid_state,437,19,5,P5,19,8.183333333333333e-05,-0.024472564924508333,4307.0,4267.0,9.69240951538086,0.6666667461395264,10.359076261520386,4257.0,4633.736842105263
ablation_no_fluid_state,438,19,6,P6,19,8.179166666666667e-05,-0.006629875279031694,4075.0,4084.0,10.151687383651733,0.6816627979278564,10.83335018157959,4054.0,4296.0
ablation_no_fluid_state,439,19,7,P7,19,8.175000000000001e-05,0.018788619432598352,5947.0,5870.0,14.684791326522827,1.0150675773620605,15.699858903884888,5833.0,7021.8421052631575
ablation_no_fluid_state,440,19,8,P8,19,8.170833333333335e-05,0.0005911976204515668,5717.0,5697.0,12.967988014221191,0.9058458805084229,13.873833894729614,5667.0,6462.421052631579
ablation_no_fluid_state,441,19,9,P9,19,8.166666666666667e-05,0.006636770820477977,5708.0,5444.0,12.322633028030396,0.8064334392547607,13.129066467285156,5367.0,6065.8421052631575
ablation_no_fluid_state,442,19,10,P10,19,8.1625e-05,-0.023847407195717096,5622.0,5680.0,7.885246753692627,0.5359780788421631,8.42122483253479,5567.0,6123.736842105263
ablation_no_fluid_state,443,19,11,P11,19,8.158333333333333e-05,-0.009344522550236434,11509.0,11677.0,14.396928548812866,0.9619097709655762,15.358838319778442,11496.0,12062.684210526315
ablation_no_fluid_state,444,19,12,P12,19,8.154166666666667e-05,0.01007274177391082,12317.0,12114.0,17.519619941711426,1.2135910987854004,18.733211040496826,12114.0,13224.052631578947
ablation_no_fluid_state,445,19,13,P13,19,8.15e-05,0.014808650827035308,19860.0,19843.0,40.429563999176025,2.9939591884613037,43.42352318763733,19564.0,21623.21052631579
ablation_no_fluid_state,446,19,14,P14,19,8.145833333333334e-05,-0.0024832597991917282,22295.0,22286.0,41.16858530044556,3.336123466491699,44.504708766937256,22121.0,23803.78947368421
ablation_no_fluid_state,447,19,15,P15,19,8.141666666666668e-05,0.002092554364935495,20270.0,20316.0,43.98145532608032,3.3046088218688965,47.28606414794922,20210.0,21431.736842105263
ablation_no_fluid_state,448,19,16,P16,19,8.1375e-05,0.004975892405491322,21250.0,20794.0,51.96238136291504,4.104047775268555,56.066429138183594,20596.0,22933.78947368421
ablation_no_fluid_state,449,19,17,P17,19,8.133333333333334e-05,0.002191294938165811,21731.0,21579.0,52.48838400840759,4.198940277099609,56.6873242855072,20881.0,22754.473684210527
ablation_no_fluid_state,450,19,18,P18,19,8.129166666666667e-05,-0.0024964484357042236,20585.0,20478.0,49.489402770996094,3.8667714595794678,53.35617423057556,20476.0,23185.894736842107
ablation_no_fluid_state,451,19,19,P19,19,8.125000000000001e-05,0.0044363189954310656,24010.0,23705.0,50.33501935005188,4.017024993896484,54.352044343948364,23095.0,25120.842105263157
ablation_no_fluid_state,452,19,20,P20,19,8.120833333333333e-05,-0.00323872595326975,23038.0,22764.0,52.404778242111206,4.188921928405762,56.59370017051697,22423.0,24422.263157894737
ablation_no_fluid_state,453,19,21,P21,19,8.116666666666667e-05,-0.0015561133433948271,24604.0,23833.0,57.59804034233093,4.916073799133301,62.51411414146423,23586.0,26542.63157894737
ablation_no_fluid_state,454,19,22,P22,19,8.112500000000001e-05,0.0011519706604303792,23907.0,23718.0,57.41465640068054,4.746057510375977,62.16071391105652,23256.0,25716.736842105263
ablation_no_fluid_state,455,19,23,P23,19,8.108333333333333e-05,0.00344343957840465,34528.0,36606.0,74.63926553726196,6.164802074432373,80.80406761169434,36143.0,37786.89473684211
ablation_no_fluid_state,456,19,24,P24,19,8.104166666666667e-05,-0.00455148869077675,24504.0,23762.0,51.30467915534973,4.27685022354126,55.58152937889099,23762.0,26550.21052631579
ablation_no_fluid_state,457,20,1,P1,20,8.1e-05,-0.011290254420600832,6292.0,6012.0,12.280641078948975,0.8457314968109131,13.126372575759888,5940.0,7105.15
ablation_no_fluid_state,458,20,2,P2,20,8.095833333333334e-05,0.010328208736609668,8708.0,8144.0,14.834590435028076,0.9966914653778076,15.831281900405884,8118.0,9192.45
ablation_no_fluid_state,459,20,3,P3,20,8.091666666666668e-05,0.01246360648656264,6535.0,6744.0,10.770994901657104,0.7278120517730713,11.498806953430176,5875.0,6733.9
ablation_no_fluid_state,460,20,4,P4,20,8.0875e-05,-0.014208920998498797,3844.0,3678.0,8.31774115562439,0.5767617225646973,8.894502878189087,3678.0,4268.95
ablation_no_fluid_state,461,20,5,P5,20,8.083333333333334e-05,-0.012636547442525625,4392.0,4267.0,9.181651592254639,0.614565372467041,9.79621696472168,4257.0,4615.4
ablation_no_fluid_state,462,20,6,P6,20,8.079166666666666e-05,-0.004801895818673074,4077.0,4097.0,9.863660097122192,0.6407783031463623,10.504438400268555,4054.0,4286.05
ablation_no_fluid_state,463,20,7,P7,20,8.075e-05,0.007530392496846616,5836.0,6070.0,14.019526958465576,0.9196743965148926,14.939201354980469,5833.0,6974.25
ablation_no_fluid_state,464,20,8,P8,20,8.070833333333335e-05,0.004921131912851706,5952.0,5831.0,12.238679647445679,0.8130216598510742,13.051701307296753,5667.0,6430.85
ablation_no_fluid_state,465,20,9,P9,20,8.066666666666667e-05,-0.006423846440156922,5570.0,5564.0,11.579963684082031,0.771716833114624,12.351680517196655,5367.0,6040.75
ablation_no_fluid_state,466,20,10,P10,20,8.062500000000001e-05,-0.00616062234621495,5630.0,5744.0,7.667710781097412,0.5069687366485596,8.174679517745972,5567.0,6104.75
ablation_no_fluid_state,467,20,11,P11,20,8.058333333333335e-05,-0.015867017675191164,11453.0,11531.0,14.503880739212036,0.9920365810394287,15.495917320251465,11496.0,12036.1
ablation_no_fluid_state,468,20,12,P12,20,8.054166666666667e-05,0.027022339636459947,12115.0,11966.0,17.376567125320435,1.1643273830413818,18.540894508361816,11966.0,13161.15
ablation_no_fluid_state,469,20,13,P13,20,8.049999999999999e-05,0.004979561854270287,20275.0,20005.0,41.10509419441223,3.164182424545288,44.26927661895752,19564.0,21542.3
ablation_no_fluid_state,470,20,14,P14,20,8.045833333333334e-05,0.002743379085586639,22258.0,22361.0,40.90796613693237,3.0849881172180176,43.99295425415039,22121.0,23731.65
ablation_no_fluid_state,471,20,15,P15,20,8.041666666666668e-05,-0.0012333419344940921,20271.0,20352.0,42.98219609260559,3.317375898361206,46.2995719909668,20210.0,21377.75
ablation_no_fluid_state,472,20,16,P16,20,8.0375e-05,0.0016398018517065794,21349.0,21209.0,52.998417139053345,4.181934833526611,57.180351972579956,20596.0,22847.55
ablation_no_fluid_state,473,20,17,P17,20,8.033333333333334e-05,-0.0004334186582127586,21487.0,21766.0,52.59833335876465,3.9877920150756836,56.58612537384033,20881.0,22705.05
ablation_no_fluid_state,474,20,18,P18,20,8.029166666666668e-05,-0.0024776465812465175,20556.0,20425.0,47.77489447593689,3.713543176651001,51.48843765258789,20425.0,23047.85
ablation_no_fluid_state,475,20,19,P19,20,8.025e-05,0.0035169134731404482,23917.0,23461.0,49.62227129936218,4.355520725250244,53.97779202461243,23095.0,25037.85
ablation_no_fluid_state,476,20,20,P20,20,8.020833333333334e-05,-0.000970172958477633,23038.0,22937.0,54.35028958320618,4.387923717498779,58.738213300704956,22423.0,24348.0
ablation_no_fluid_state,477,20,21,P21,20,8.016666666666667e-05,-0.00033685624875943174,24831.0,24242.0,57.591678619384766,4.652741193771362,62.24441981315613,23586.0,26427.6
ablation_no_fluid_state,478,20,22,P22,20,8.012500000000001e-05,3.264604529249482e-05,23992.0,23612.0,57.75395750999451,4.669121742248535,62.42307925224304,23256.0,25611.5
ablation_no_fluid_state,479,20,23,P23,20,8.008333333333333e-05,0.0005238367133902752,34010.0,36593.0,75.22771763801575,5.905879735946655,81.1335973739624,36143.0,37727.2
ablation_no_fluid_state,480,20,24,P24,20,8.004166666666667e-05,-0.0033798969991039483,24828.0,24181.0,50.470704317092896,4.319145917892456,54.78985023498535,23762.0,26431.75
ablation_no_fluid_state,481,21,1,P1,21,8e-05,-0.010058264713734388,6292.0,6343.0,12.230527400970459,0.7950332164764404,13.0255606174469,5940.0,7068.857142857143
ablation_no_fluid_state,482,21,2,P2,21,7.995833333333333e-05,0.009774864185601473,8925.0,8512.0,15.08513593673706,0.9928460121154785,16.07798194885254,8118.0,9160.047619047618
ablation_no_fluid_state,483,21,3,P3,21,7.991666666666667e-05,-0.0006247175442695152,6506.0,7094.0,11.001069068908691,0.7687633037567139,11.769832372665405,5875.0,6751.047619047619
ablation_no_fluid_state,484,21,4,P4,21,7.9875e-05,-0.0129849414806813,3760.0,3712.0,8.57682204246521,0.653498649597168,9.230320692062378,3678.0,4242.428571428572
ablation_no_fluid_state,485,21,5,P5,21,7.983333333333334e-05,-0.004150112625211477,4322.0,4297.0,9.434454441070557,0.6284856796264648,10.062940120697021,4257.0,4600.238095238095
ablation_no_fluid_state,486,21,6,P6,21,7.979166666666666e-05,0.006405654246918857,4128.0,4027.0,9.783533573150635,0.6401379108428955,10.42367148399353,4027.0,4273.714285714285
ablation_no_fluid_state,487,21,7,P7,21,7.975e-05,-0.004240478709107265,5880.0,5927.0,14.42998194694519,0.9328620433807373,15.362843990325928,5833.0,6924.380952380952
ablation_no_fluid_state,488,21,8,P8,21,7.970833333333334e-05,0.0030043023580219597,5728.0,5687.0,12.51908802986145,0.8317162990570068,13.350804328918457,5667.0,6395.428571428572
ablation_no_fluid_state,489,21,9,P9,21,7.966666666666666e-05,0.0005451890974654816,5461.0,5404.0,12.126573085784912,0.8140521049499512,12.940625190734863,5367.0,6010.428571428572
ablation_no_fluid_state,490,21,10,P10,21,7.962500000000001e-05,-0.004954019794240594,5625.0,5730.0,7.575279235839844,0.511300802230835,8.086580038070679,5567.0,6086.9047619047615
ablation_no_fluid_state,491,21,11,P11,21,7.958333333333335e-05,-0.01718650572001934,11389.0,11435.0,14.584104537963867,1.010014295578003,15.59411883354187,11435.0,12007.47619047619
ablation_no_fluid_state,492,21,12,P12,21,7.954166666666667e-05,0.02864087256602943,12067.0,12135.0,17.63180661201477,1.206451416015625,18.838258028030396,11966.0,13112.285714285714
ablation_no_fluid_state,493,21,13,P13,21,7.950000000000001e-05,0.013412153872195631,20216.0,19852.0,41.39103722572327,3.1597440242767334,44.55078125,19564.0,21461.809523809523
ablation_no_fluid_state,494,21,14,P14,21,7.945833333333333e-05,-0.0014756865616618597,22004.0,22290.0,41.46082854270935,3.310877561569214,44.771706104278564,22121.0,23663.0
ablation_no_fluid_state,495,21,15,P15,21,7.941666666666667e-05,0.0029182200378272682,20266.0,20633.0,42.555309772491455,3.197838068008423,45.75314784049988,20210.0,21342.285714285714
ablation_no_fluid_state,496,21,16,P16,21,7.9375e-05,0.0032762309536337854,21231.0,21183.0,52.07939076423645,4.029934883117676,56.109325647354126,20596.0,22768.285714285714
ablation_no_fluid_state,497,21,17,P17,21,7.933333333333334e-05,0.000574901792788296,21372.0,21211.0,52.986326932907104,4.373582124710083,57.35990905761719,20881.0,22633.904761904763
ablation_no_fluid_state,498,21,18,P18,21,7.929166666666668e-05,-0.0025173903733957557,20700.0,20384.0,49.1857328414917,3.818037748336792,53.00377058982849,20384.0,22921.0
ablation_no_fluid_state,499,21,19,P19,21,7.925e-05,-0.00017662273603491485,23554.0,23515.0,51.11723828315735,4.206212997436523,55.32345128059387,23095.0,24965.333333333332
ablation_no_fluid_state,500,21,20,P20,21,7.920833333333334e-05,-0.00016381547975470313,23268.0,22791.0,54.87580132484436,4.358663320541382,59.23446464538574,22423.0,24273.85714285714
ablation_no_fluid_state,501,21,21,P21,21,7.916666666666666e-05,0.0007459554857632611,24602.0,24179.0,58.75381875038147,4.533639907836914,63.287458658218384,23586.0,26320.52380952381
ablation_no_fluid_state,502,21,22,P22,21,7.9125e-05,-0.0012557977432152256,23517.0,23437.0,56.08294105529785,4.522248268127441,60.60518932342529,23256.0,25507.95238095238
ablation_no_fluid_state,503,21,23,P23,21,7.908333333333334e-05,0.005069887989001083,34747.0,36443.0,74.46476149559021,6.28976583480835,80.75452733039856,36143.0,37666.04761904762
ablation_no_fluid_state,504,21,24,P24,21,7.904166666666667e-05,-0.00560143324546516,24152.0,24028.0,51.66693830490112,4.200322389602661,55.867260694503784,23762.0,26317.285714285714
ablation_no_fluid_state,505,22,1,P1,22,7.900000000000001e-05,-0.015552995726466179,6292.0,6404.0,11.880233764648438,0.7910358905792236,12.671269655227661,5940.0,7038.636363636364
ablation_no_fluid_state,506,22,2,P2,22,7.895833333333333e-05,0.0009336095245089382,8412.0,8318.0,15.030433893203735,1.0360000133514404,16.066433906555176,8118.0,9121.772727272728
ablation_no_fluid_state,507,22,3,P3,22,7.891666666666667e-05,0.012828661187086254,6390.0,6517.0,10.768535614013672,0.7486488819122314,11.517184495925903,5875.0,6740.409090909091
ablation_no_fluid_state,508,22,4,P4,22,7.8875e-05,-0.01757684350013733,3731.0,3848.0,8.580627918243408,0.5812606811523438,9.161888599395752,3678.0,4224.5
ablation_no_fluid_state,509,22,5,P5,22,7.883333333333334e-05,-0.0070101479068398476,4257.0,4242.0,9.308244228363037,0.623436689376831,9.931680917739868,4242.0,4583.954545454545
ablation_no_fluid_state,510,22,6,P6,22,7.879166666666667e-05,0.004619519575498998,4077.0,4042.0,9.826964139938354,0.6498973369598389,10.476861476898193,4027.0,4263.181818181818
ablation_no_fluid_state,511,22,7,P7,22,7.875e-05,0.01790824788622558,5860.0,5820.0,14.510379552841187,0.9612164497375488,15.471596002578735,5820.0,6874.181818181818
ablation_no_fluid_state,512,22,8,P8,22,7.870833333333334e-05,-0.015157668734900653,5698.0,5600.0,12.603212118148804,0.8330633640289307,13.436275482177734,5600.0,6359.272727272727
ablation_no_fluid_state,513,22,9,P9,22,7.866666666666666e-05,0.013323008897714317,5438.0,5591.0,11.8891282081604,0.7917256355285645,12.680853843688965,5367.0,5991.363636363636
ablation_no_fluid_state,514,22,10,P10,22,7.8625e-05,-0.0028232495533302426,5744.0,5680.0,7.5818116664886475,0.5065793991088867,8.088391065597534,5567.0,6068.409090909091
ablation_no_fluid_state,515,22,11,P11,22,7.858333333333334e-05,-0.03445736691355705,11434.0,11434.0,14.720740556716919,1.0179221630096436,15.738662719726562,11434.0,11981.40909090909
ablation_no_fluid_state,516,22,12,P12,22,7.854166666666667e-05,0.0299388668499887,12092.0,12165.0,17.72346305847168,1.2046349048614502,18.92809796333313,11966.0,13069.227272727272
ablation_no_fluid_state,517,22,13,P13,22,7.850000000000001e-05,0.02224992890842259,19962.0,19828.0,41.208465814590454,3.0572123527526855,44.26567816734314,19564.0,21387.545454545456
ablation_no_fluid_state,518,22,14,P14,22,7.845833333333333e-05,-0.0035015460016438738,22315.0,22154.0,40.27845859527588,3.12699818611145,43.40545678138733,22121.0,23594.409090909092
ablation_no_fluid_state,519,22,15,P15,22,7.841666666666667e-05,-0.004869410520768724,20305.0,20455.0,43.326781034469604,3.453533887863159,46.780314922332764,20210.0,21301.954545454544
ablation_no_fluid_state,520,22,16,P16,22,7.8375e-05,0.0026344269310357047,21290.0,20926.0,52.386146545410156,4.0763068199157715,56.46245336532593,20596.0,22684.545454545456
ablation_no_fluid_state,521,22,17,P17,22,7.833333333333333e-05,-0.0005273807342746295,21518.0,21896.0,52.41367530822754,4.103213548660278,56.51688885688782,20881.0,22600.363636363636
ablation_no_fluid_state,522,22,18,P18,22,7.829166666666667e-05,-0.0020980092376703396,20566.0,20531.0,49.41195297241211,3.8617472648620605,53.27370023727417,20384.0,22812.363636363636
ablation_no_fluid_state,523,22,19,P19,22,7.825e-05,0.0034010962815955283,24001.0,23493.0,51.62423801422119,4.098280906677246,55.72251892089844,23095.0,24898.409090909092
ablation_no_fluid_state,524,22,20,P20,22,7.820833333333334e-05,-0.0037234759831335394,22689.0,22460.0,53.00500202178955,4.325350522994995,57.330352544784546,22423.0,24191.409090909092
ablation_no_fluid_state,525,22,21,P21,22,7.816666666666668e-05,0.0017674434086075053,24467.0,24213.0,56.389312744140625,4.814795970916748,61.20410871505737,23586.0,26224.727272727272
ablation_no_fluid_state,526,22,22,P22,22,7.8125e-05,0.0010955025980365462,24002.0,23495.0,56.90124249458313,4.697335481643677,61.59857797622681,23256.0,25416.454545454544
ablation_no_fluid_state,527,22,23,P23,22,7.808333333333332e-05,0.0013668033129111531,33601.0,36743.0,73.8996422290802,6.065594673156738,79.96523690223694,36143.0,37624.09090909091
ablation_no_fluid_state,528,22,24,P24,22,7.804166666666666e-05,-0.00446926390286535,24471.0,24025.0,51.53231167793274,4.539430618286133,56.07174229621887,23762.0,26213.090909090908
ablation_no_fluid_state,529,23,1,P1,23,7.800000000000001e-05,-0.012156759679783136,6211.0,6101.0,12.058314561843872,0.7924299240112305,12.850744485855103,5940.0,6997.869565217391
ablation_no_fluid_state,530,23,2,P2,23,7.795833333333334e-05,-0.0004642619205696974,8528.0,8752.0,15.565648794174194,1.0663509368896484,16.631999731063843,8118.0,9105.695652173914
ablation_no_fluid_state,531,23,3,P3,23,7.791666666666667e-05,0.03625685814768076,6517.0,7026.0,11.210566997528076,0.7454409599304199,11.956007957458496,5875.0,6752.826086956522
ablation_no_fluid_state,532,23,4,P4,23,7.787500000000001e-05,-0.02619385812431574,3848.0,3880.0,8.679830074310303,0.5726208686828613,9.252450942993164,3678.0,4209.521739130435
ablation_no_fluid_state,533,23,5,P5,23,7.783333333333333e-05,-0.03899933397769928,4257.0,4277.0,9.493025779724121,0.6309628486633301,10.123988628387451,4242.0,4570.608695652174
ablation_no_fluid_state,534,23,6,P6,23,7.779166666666667e-05,-0.004034496028907597,4147.0,4117.0,9.665043354034424,0.6381406784057617,10.303184032440186,4027.0,4256.826086956522
ablation_no_fluid_state,535,23,7,P7,23,7.775e-05,0.003752135264221579,5779.0,6045.0,13.986079692840576,0.9289259910583496,14.915005683898926,5820.0,6838.130434782609
ablation_no_fluid_state,536,23,8,P8,23,7.770833333333334e-05,0.03679705783724785,6004.0,5991.0,12.23091173171997,0.8054308891296387,13.03634262084961,5600.0,6343.260869565217
ablation_no_fluid_state,537,23,9,P9,23,7.766666666666667e-05,-0.02213084721006453,5789.0,5886.0,11.64388656616211,0.7768270969390869,12.420713663101196,5367.0,5986.782608695652
ablation_no_fluid_state,538,23,10,P10,23,7.7625e-05,-0.0018985680071637034,5698.0,5680.0,7.280675172805786,0.5013165473937988,7.781991720199585,5567.0,6051.521739130435
ablation_no_fluid_state,539,23,11,P11,23,7.758333333333334e-05,-0.009322940255515277,11389.0,11559.0,14.22388219833374,0.9672954082489014,15.191177606582642,11434.0,11963.04347826087
ablation_no_fluid_state,540,23,12,P12,23,7.754166666666666e-05,0.027012157486751676,12293.0,12230.0,17.899766445159912,1.1700718402862549,19.069838285446167,11966.0,13032.739130434782
ablation_no_fluid_state,541,23,13,P13,23,7.75e-05,0.009890433342661709,20209.0,20117.0,41.2874550819397,3.11808443069458,44.40553951263428,19564.0,21332.304347826088
ablation_no_fluid_state,542,23,14,P14,23,7.745833333333335e-05,-0.0038268216158030555,22159.0,22832.0,40.82397937774658,3.1395678520202637,43.963547229766846,22121.0,23561.260869565216
ablation_no_fluid_state,543,23,15,P15,23,7.741666666666667e-05,0.006392171868355945,20581.0,20229.0,42.51727366447449,3.291867256164551,45.80914092063904,20210.0,21255.304347826088
ablation_no_fluid_state,544,23,16,P16,23,7.7375e-05,-0.0034097817726433275,21006.0,20986.0,52.72245264053345,4.121761798858643,56.84421443939209,20596.0,22610.695652173912
ablation_no_fluid_state,545,23,17,P17,23,7.733333333333333e-05,0.0017038845158822368,21501.0,21826.0,52.829734325408936,4.186643838882446,57.01637816429138,20881.0,22566.695652173912
ablation_no_fluid_state,546,23,18,P18,23,7.729166666666667e-05,-0.0028766631614416836,20646.0,20643.0,48.05638265609741,3.7595396041870117,51.815922260284424,20384.0,22718.043478260868
ablation_no_fluid_state,547,23,19,P19,23,7.725e-05,0.0035899597918614746,24292.0,24092.0,49.46616554260254,4.29759955406189,53.76376509666443,23095.0,24863.347826086956
ablation_no_fluid_state,548,23,20,P20,23,7.720833333333334e-05,-0.003050504479324445,23442.0,23216.0,54.04653787612915,4.475966215133667,58.52250409126282,22423.0,24149.0
ablation_no_fluid_state,549,23,21,P21,23,7.716666666666668e-05,-0.002446148922899738,24394.0,24041.0,57.10411357879639,4.532917022705078,61.637030601501465,23586.0,26129.782608695652
ablation_no_fluid_state,550,23,22,P22,23,7.7125e-05,0.0040385669330134984,24148.0,23342.0,55.892683029174805,4.619229078292847,60.51191210746765,23256.0,25326.260869565216
ablation_no_fluid_state,551,23,23,P23,23,7.708333333333334e-05,0.0033340387287483153,35551.0,36346.0,73.9275848865509,6.082695722579956,80.01028060913086,36143.0,37568.52173913043
ablation_no_fluid_state,552,23,24,P24,23,7.704166666666666e-05,-0.005805798363871873,24588.0,23926.0,50.72645449638367,4.122880458831787,54.849334955215454,23762.0,26113.652173913044
ablation_no_fluid_state,553,24,1,P1,24,7.7e-05,-0.028818130027502775,6025.0,6432.0,11.46983814239502,0.7895808219909668,12.259418964385986,5940.0,6974.291666666667
ablation_no_fluid_state,554,24,2,P2,24,7.695833333333334e-05,0.022743714740499854,8922.0,8708.0,14.891550302505493,1.0258550643920898,15.917405366897583,8118.0,9089.125
ablation_no_fluid_state,555,24,3,P3,24,7.691666666666668e-05,0.027690170565620065,6731.0,7254.0,10.894681453704834,0.713937520980835,11.608618974685669,5875.0,6773.708333333333
ablation_no_fluid_state,556,24,4,P4,24,7.687500000000001e-05,-0.031297430861741304,3803.0,3814.0,8.412840366363525,0.5732204914093018,8.986060857772827,3678.0,4193.041666666667
ablation_no_fluid_state,557,24,5,P5,24,7.683333333333334e-05,-0.03243196662515402,4257.0,4297.0,9.705195188522339,0.6718695163726807,10.37706470489502,4242.0,4559.208333333333
ablation_no_fluid_state,558,24,6,P6,24,7.679166666666667e-05,-0.002063026768155396,4080.0,3994.0,9.819605112075806,0.6385359764099121,10.458141088485718,3994.0,4245.875
ablation_no_fluid_state,559,24,7,P7,24,7.675e-05,0.03941740142181516,6054.0,6033.0,14.24608826637268,0.90940260887146,15.15549087524414,5820.0,6804.583333333333
ablation_no_fluid_state,560,24,8,P8,24,7.670833333333333e-05,-0.011219696141779423,5948.0,6094.0,12.718218803405762,0.8201656341552734,13.538384437561035,5600.0,6332.875
ablation_no_fluid_state,561,24,9,P9,24,7.666666666666667e-05,0.0054318396432790905,5803.0,5863.0,11.6355562210083,0.7839508056640625,12.419507026672363,5367.0,5981.625
ablation_no_fluid_state,562,24,10,P10,24,7.6625e-05,-0.015975696500390768,5630.0,5586.0,7.352406740188599,0.539963960647583,7.892370700836182,5567.0,6032.125
ablation_no_fluid_state,563,24,11,P11,24,7.658333333333334e-05,-0.017038501799106598,11389.0,11496.0,14.460779905319214,0.9952795505523682,15.456059455871582,11434.0,11943.583333333334
ablation_no_fluid_state,564,24,12,P12,24,7.654166666666667e-05,0.010286285541951656,12235.0,12186.0,17.497159719467163,1.1802208423614502,18.677380561828613,11966.0,12997.458333333334
ablation_no_fluid_state,565,24,13,P13,24,7.65e-05,0.023117938078939915,20094.0,19760.0,40.72181415557861,3.1281261444091797,43.84994029998779,19564.0,21266.791666666668
ablation_no_fluid_state,566,24,14,P14,24,7.645833333333334e-05,-0.0112540113623254,22136.0,22643.0,41.43122124671936,3.2070729732513428,44.6382942199707,22121.0,23523.0
ablation_no_fluid_state,567,24,15,P15,24,7.641666666666668e-05,0.002256636624224484,20312.0,20637.0,43.553194522857666,3.4422574043273926,46.99545192718506,20210.0,21229.541666666668
ablation_no_fluid_state,568,24,16,P16,24,7.637500000000001e-05,0.00022044191864551977,21441.0,21099.0,51.45824980735779,4.042797803878784,55.50104761123657,20596.0,22547.708333333332
ablation_no_fluid_state,569,24,17,P17,24,7.633333333333334e-05,-0.0015792754104040796,21470.0,21601.0,51.48608732223511,4.190894365310669,55.676981687545776,20881.0,22526.458333333332
ablation_no_fluid_state,570,24,18,P18,24,7.629166666666667e-05,-0.002141449961345643,20551.0,20387.0,49.988924980163574,3.842186450958252,53.831111431121826,20384.0,22620.916666666668
ablation_no_fluid_state,571,24,19,P19,24,7.625e-05,0.0022327379607304464,23428.0,23453.0,50.13460564613342,4.083922624588013,54.218528270721436,23095.0,24804.583333333332
ablation_no_fluid_state,572,24,20,P20,24,7.620833333333333e-05,-0.00032033864627010187,22965.0,22662.0,54.18083381652832,4.3103837966918945,58.491217613220215,22423.0,24087.041666666668
ablation_no_fluid_state,573,24,21,P21,24,7.616666666666667e-05,0.00010244515360682271,24498.0,23859.0,56.94211506843567,4.656962156295776,61.599077224731445,23586.0,26035.166666666668
ablation_no_fluid_state,574,24,22,P22,24,7.612500000000001e-05,0.0023733096837531774,24192.0,23414.0,56.60497260093689,5.491303205490112,62.096275806427,23256.0,25246.583333333332
ablation_no_fluid_state,575,24,23,P23,24,7.608333333333334e-05,0.0010191699956132133,34889.0,36628.0,73.84757041931152,6.5111472606658936,80.35871767997742,36143.0,37529.333333333336
ablation_no_fluid_state,576,24,24,P24,24,7.604166666666667e-05,-0.00490112891420722,24552.0,24328.0,51.70543169975281,4.159905433654785,55.86533713340759,23762.0,26039.25
ablation_no_fluid_state,577,25,1,P1,25,7.6e-05,-0.012594500498380512,6387.0,6354.0,11.65815782546997,0.7968132495880127,12.454971075057983,5940.0,6949.48
ablation_no_fluid_state,578,25,2,P2,25,7.595833333333333e-05,-0.006152472575195134,8497.0,8507.0,15.064850091934204,1.0152745246887207,16.080124616622925,8118.0,9065.84
ablation_no_fluid_state,579,25,3,P3,25,7.591666666666666e-05,0.0287009347230196,6744.0,7026.0,10.776090145111084,0.7193272113800049,11.495417356491089,5875.0,6783.8
ablation_no_fluid_state,580,25,4,P4,25,7.5875e-05,-0.019035967998206615,3738.0,3769.0,8.564672946929932,0.5715398788452148,9.136212825775146,3678.0,4176.08
ablation_no_fluid_state,581,25,5,P5,25,7.583333333333334e-05,-0.012531501473858953,4367.0,4342.0,9.256554365158081,0.6241559982299805,9.880710363388062,4242.0,4550.52
ablation_no_fluid_state,582,25,6,P6,25,7.579166666666667e-05,-0.018660157918930054,4111.0,4107.0,9.676686525344849,0.650071382522583,10.326757907867432,3994.0,4240.32
ablation_no_fluid_state,583,25,7,P7,25,7.575000000000001e-05,0.000920800037420122,5934.0,6055.0,14.15216612815857,0.9358971118927002,15.08806324005127,5820.0,6774.6
ablation_no_fluid_state,584,25,8,P8,25,7.570833333333333e-05,0.02745508961379528,6110.0,6098.0,12.55791974067688,0.8491792678833008,13.40709900856018,5600.0,6323.48
ablation_no_fluid_state,585,25,9,P9,25,7.566666666666666e-05,-0.025876910658553243,5706.0,5856.0,11.81631064414978,0.7835159301757812,12.599826574325562,5367.0,5976.6
ablation_no_fluid_state,586,25,10,P10,25,7.5625e-05,-0.013043952640146017,5563.0,5541.0,7.603729009628296,0.5187826156616211,8.122511625289917,5541.0,6012.48
ablation_no_fluid_state,587,25,11,P11,25,7.558333333333335e-05,-0.0072432413580827415,11434.0,11434.0,14.672250986099243,1.009587049484253,15.681838035583496,11434.0,11923.2
ablation_no_fluid_state,588,25,12,P12,25,7.554166666666667e-05,0.022034719586372375,12115.0,12236.0,17.81213068962097,1.1989378929138184,19.01106858253479,11966.0,12967.0
ablation_no_fluid_state,589,25,13,P13,25,7.55e-05,0.018726879497990012,20220.0,20138.0,41.87438893318176,3.065490484237671,44.939879417419434,19564.0,21221.64
ablation_no_fluid_state,590,25,14,P14,25,7.545833333333334e-05,-0.013321488222572953,22340.0,22149.0,40.48365139961243,3.147904872894287,43.631556272506714,22121.0,23468.04
ablation_no_fluid_state,591,25,15,P15,25,7.541666666666667e-05,0.012178395001683384,20313.0,20160.0,41.69142389297485,3.386103630065918,45.07752752304077,20160.0,21186.76
ablation_no_fluid_state,592,25,16,P16,25,7.5375e-05,0.0005220879673288436,21216.0,21219.0,52.775198459625244,4.181808233261108,56.95700669288635,20596.0,22494.56
ablation_no_fluid_state,593,25,17,P17,25,7.533333333333334e-05,-0.001200912855711067,21408.0,21471.0,52.855042457580566,4.241998195648193,57.09704065322876,20881.0,22484.24
ablation_no_fluid_state,594,25,18,P18,25,7.529166666666668e-05,-0.0037592837354168294,20685.0,20590.0,49.26067924499512,3.7918360233306885,53.052515268325806,20384.0,22539.68
ablation_no_fluid_state,595,25,19,P19,25,7.525e-05,0.0019499114598147572,23550.0,23321.0,51.454660415649414,4.080991506576538,55.53565192222595,23095.0,24745.24
ablation_no_fluid_state,596,25,20,P20,25,7.520833333333334e-05,0.0008566071082896087,23346.0,22645.0,55.143559217453,4.259039402008057,59.40259861946106,22423.0,24029.36
ablation_no_fluid_state,597,25,21,P21,25,7.516666666666667e-05,-0.0011495470753288828,24819.0,24091.0,55.7955105304718,4.4834935665130615,60.27900409698486,23586.0,25957.4
ablation_no_fluid_state,598,25,22,P22,25,7.5125e-05,0.0019049161375733093,24029.0,23487.0,56.72863793373108,4.875375032424927,61.604012966156006,23256.0,25176.2
ablation_no_fluid_state,599,25,23,P23,25,7.508333333333333e-05,0.0008779370740999834,34651.0,36743.0,74.4995527267456,6.12087345123291,80.62042617797852,36143.0,37497.88
ablation_no_fluid_state,600,25,24,P24,25,7.504166666666667e-05,-0.003217166700051166,24814.0,24400.0,51.74372935295105,4.200271129608154,55.944000482559204,23762.0,25973.68
ablation_no_fluid_state,601,26,1,P1,26,7.500000000000001e-05,-0.01438462152145803,6184.0,6398.0,12.206509828567505,0.8139457702636719,13.020455598831177,5940.0,6928.2692307692305
ablation_no_fluid_state,602,26,2,P2,26,7.495833333333333e-05,0.001185661560157314,8708.0,8363.0,15.56281852722168,1.0482509136199951,16.611069440841675,8118.0,9038.807692307691
ablation_no_fluid_state,603,26,3,P3,26,7.491666666666667e-05,0.03921529185026884,6820.0,6960.0,11.080305576324463,0.7369363307952881,11.817241907119751,5875.0,6790.576923076923
ablation_no_fluid_state,604,26,4,P4,26,7.4875e-05,-0.019900904968380928,3803.0,3778.0,8.625533103942871,0.5704739093780518,9.196007013320923,3678.0,4160.7692307692305
ablation_no_fluid_state,605,26,5,P5,26,7.483333333333333e-05,-0.03118204791098833,4307.0,4297.0,9.7638840675354,0.6707015037536621,10.434585571289062,4242.0,4540.7692307692305
ablation_no_fluid_state,606,26,6,P6,26,7.479166666666668e-05,-0.02429772075265646,4119.0,4064.0,10.036424160003662,0.6708660125732422,10.707290172576904,3994.0,4233.538461538462
ablation_no_fluid_state,607,26,7,P7,26,7.475000000000001e-05,0.024535641074180603,5890.0,5982.0,14.689339637756348,0.9355270862579346,15.624866724014282,5820.0,6744.115384615385
ablation_no_fluid_state,608,26,8,P8,26,7.470833333333334e-05,0.005430554767372087,5837.0,5978.0,12.207591772079468,0.8197164535522461,13.027308225631714,5600.0,6310.192307692308
ablation_no_fluid_state,609,26,9,P9,26,7.466666666666666e-05,-0.008102214429527521,5649.0,5584.0,11.652785539627075,0.7813787460327148,12.43416428565979,5367.0,5961.5
ablation_no_fluid_state,610,26,10,P10,26,7.462500000000001e-05,-0.01734087010845542,5632.0,5626.0,7.2630369663238525,0.4954972267150879,7.75853419303894,5541.0,5997.615384615385
ablation_no_fluid_state,611,26,11,P11,26,7.458333333333333e-05,-0.008467237988952547,11559.0,11527.0,14.35031509399414,1.0115859508514404,15.361901044845581,11434.0,11907.961538461539
ablation_no_fluid_state,612,26,12,P12,26,7.454166666666667e-05,0.006259618210606277,12148.0,12049.0,16.98486828804016,1.1817536354064941,18.166621923446655,11966.0,12931.692307692309
ablation_no_fluid_state,613,26,13,P13,26,7.450000000000001e-05,0.020191852585412562,19936.0,19812.0,40.640215158462524,3.23058819770813,43.870803356170654,19564.0,21167.423076923078
ablation_no_fluid_state,614,26,14,P14,26,7.445833333333335e-05,-0.010805287980474532,22124.0,22131.0,42.46023225784302,3.2663276195526123,45.72655987739563,22121.0,23416.615384615383
ablation_no_fluid_state,615,26,15,P15,26,7.441666666666667e-05,0.010822617157828063,20652.0,20174.0,43.078269958496094,3.300395965576172,46.378665924072266,20160.0,21147.80769230769
ablation_no_fluid_state,616,26,16,P16,26,7.4375e-05,-0.005974648264236748,20987.0,21089.0,52.95015215873718,4.100810527801514,57.050962686538696,20596.0,22440.5
ablation_no_fluid_state,617,26,17,P17,26,7.433333333333334e-05,0.003987241419963539,21407.0,21601.0,53.1390278339386,4.087019920349121,57.22604775428772,20881.0,22450.26923076923
ablation_no_fluid_state,618,26,18,P18,26,7.429166666666667e-05,-0.005948779272148386,20458.0,20753.0,49.22867465019226,3.7188634872436523,52.94753813743591,20384.0,22470.96153846154
ablation_no_fluid_state,619,26,19,P19,26,7.425e-05,0.007833586004562677,24242.0,23591.0,49.57690787315369,3.9902892112731934,53.56719708442688,23095.0,24700.846153846152
ablation_no_fluid_state,620,26,20,P20,26,7.420833333333334e-05,-0.0029964447632664813,23596.0,23163.0,53.56497073173523,4.492197751998901,58.05716848373413,22423.0,23996.03846153846
ablation_no_fluid_state,621,26,21,P21,26,7.416666666666668e-05,0.0001250961038749665,25209.0,24029.0,57.0740532875061,4.620653390884399,61.6947066783905,23586.0,25883.23076923077
ablation_no_fluid_state,622,26,22,P22,26,7.4125e-05,-0.0001894308443297632,23902.0,23431.0,57.169562339782715,4.649116516113281,61.818678855895996,23256.0,25109.076923076922
ablation_no_fluid_state,623,26,23,P23,26,7.408333333333334e-05,0.0025660040513944943,34160.0,36743.0,77.39275932312012,6.223313808441162,83.61607313156128,36143.0,37468.846153846156
ablation_no_fluid_state,624,26,24,P24,26,7.404166666666667e-05,-0.002428920939564705,24620.0,24122.0,52.07401919364929,4.079115390777588,56.15313458442688,23762.0,25902.46153846154
ablation_no_fluid_state,625,27,1,P1,27,7.4e-05,-0.0041809604517766275,6374.0,6354.0,11.613282442092896,0.8095452785491943,12.42282772064209,5940.0,6907.0
ablation_no_fluid_state,626,27,2,P2,27,7.395833333333333e-05,0.0018050902290269732,8925.0,8922.0,14.836278200149536,1.0077571868896484,15.844035387039185,8118.0,9034.481481481482
ablation_no_fluid_state,627,27,3,P3,27,7.391666666666668e-05,0.026588528882712126,6947.0,6945.0,10.644680261611938,0.7443931102752686,11.389073371887207,5875.0,6796.2962962962965
ablation_no_fluid_state,628,27,4,P4,27,7.3875e-05,-0.020044837146997452,3825.0,3809.0,8.249958276748657,0.5595970153808594,8.809555292129517,3678.0,4147.740740740741
ablation_no_fluid_state,629,27,5,P5,27,7.383333333333333e-05,-0.011507574701681733,4312.0,4272.0,9.085902452468872,0.614323616027832,9.700226068496704,4242.0,4530.814814814815
ablation_no_fluid_state,630,27,6,P6,27,7.379166666666667e-05,-0.00830856990069151,4183.0,4064.0,9.68517780303955,0.6411504745483398,10.32632827758789,3994.0,4227.259259259259
ablation_no_fluid_state,631,27,7,P7,27,7.375e-05,-0.0073428990435786545,5934.0,6110.0,14.095016956329346,0.9262614250183105,15.021278381347656,5820.0,6720.62962962963
ablation_no_fluid_state,632,27,8,P8,27,7.370833333333334e-05,0.01802177936770022,5977.0,6064.0,12.418857097625732,0.8642787933349609,13.283135890960693,5600.0,6301.074074074074
ablation_no_fluid_state,633,27,9,P9,27,7.366666666666668e-05,0.0006124604660726618,5783.0,5906.0,12.320387363433838,0.8229856491088867,13.143373012542725,5367.0,5959.444444444444
ablation_no_fluid_state,634,27,10,P10,27,7.362500000000001e-05,-0.02821415476500988,5619.0,5544.0,7.750566244125366,0.5386049747467041,8.28917121887207,5541.0,5980.814814814815
ablation_no_fluid_state,635,27,11,P11,27,7.358333333333334e-05,-0.024851882830262184,11383.0,11389.0,14.553583860397339,1.0057916641235352,15.559375524520874,11389.0,11888.74074074074
ablation_no_fluid_state,636,27,12,P12,27,7.354166666666666e-05,0.014735844684764743,12180.0,12000.0,17.375946283340454,1.2164299488067627,18.592376232147217,11966.0,12897.185185185184
ablation_no_fluid_state,637,27,13,P13,27,7.35e-05,0.026532478514127433,19973.0,19872.0,40.62428426742554,3.1316235065460205,43.75590777397156,19564.0,21119.444444444445
ablation_no_fluid_state,638,27,14,P14,27,7.345833333333333e-05,-0.012965607340447605,22176.0,22479.0,42.45588278770447,3.2269062995910645,45.68278908729553,22121.0,23381.88888888889
ablation_no_fluid_state,639,27,15,P15,27,7.341666666666667e-05,0.00741116056451574,20468.0,20423.0,43.514538049697876,3.325775384902954,46.84031343460083,20160.0,21120.962962962964
ablation_no_fluid_state,640,27,16,P16,27,7.337500000000001e-05,-0.00473786627408117,21127.0,21091.0,52.433701038360596,4.110431909561157,56.54413294792175,20596.0,22390.51851851852
ablation_no_fluid_state,641,27,17,P17,27,7.333333333333334e-05,0.0026982087932992727,21731.0,21601.0,51.84048652648926,3.9922451972961426,55.8327317237854,20881.0,22418.814814814814
ablation_no_fluid_state,642,27,18,P18,27,7.329166666666667e-05,-0.0031186308449832724,20477.0,20695.0,47.99445581436157,4.062803030014038,52.05725884437561,20384.0,22405.185185185186
ablation_no_fluid_state,643,27,19,P19,27,7.324999999999999e-05,0.00455640658037737,24031.0,23910.0,51.535335302352905,4.1779725551605225,55.71330785751343,23095.0,24671.555555555555
ablation_no_fluid_state,644,27,20,P20,27,7.320833333333333e-05,-0.004818046872969717,23059.0,23313.0,53.33263802528381,4.294016361236572,57.626654386520386,22423.0,23970.74074074074
ablation_no_fluid_state,645,27,21,P21,27,7.316666666666668e-05,0.003020231460686773,24571.0,24019.0,58.26948928833008,4.7362635135650635,63.00575280189514,23586.0,25814.185185185186
ablation_no_fluid_state,646,27,22,P22,27,7.3125e-05,-0.0008347850118298084,23691.0,23709.0,57.76398968696594,4.765260934829712,62.529250621795654,23256.0,25057.222222222223
ablation_no_fluid_state,647,27,23,P23,27,7.308333333333334e-05,0.0017247123983647075,33489.0,36743.0,73.73043632507324,5.902863264083862,79.6332995891571,36143.0,37441.96296296296
ablation_no_fluid_state,648,27,24,P24,27,7.304166666666668e-05,-0.002847212430788204,24447.0,24076.0,51.36301064491272,4.399730920791626,55.762741565704346,23762.0,25834.814814814814
ablation_no_fluid_state,649,28,1,P1,28,7.3e-05,-0.0033207173910341226,6418.0,6226.0,12.151428461074829,0.83840012550354,12.98982858657837,5940.0,6882.678571428572
ablation_no_fluid_state,650,28,2,P2,28,7.295833333333332e-05,-0.0038957395881880075,8721.0,9126.0,15.075151681900024,1.0631511211395264,16.13830280303955,8118.0,9037.75
ablation_no_fluid_state,651,28,3,P3,28,7.291666666666667e-05,0.03662267467007041,6958.0,6836.0,10.770716905593872,0.7147488594055176,11.48546576499939,5875.0,6797.714285714285
ablation_no_fluid_state,652,28,4,P4,28,7.287500000000001e-05,-0.022504545748233795,3746.0,3828.0,8.488243818283081,0.5676028728485107,9.055846691131592,3678.0,4136.321428571428
ablation_no_fluid_state,653,28,5,P5,28,7.283333333333333e-05,-0.01455708034336567,4327.0,4312.0,9.464181423187256,0.6445417404174805,10.108723163604736,4242.0,4523.0
ablation_no_fluid_state,654,28,6,P6,28,7.279166666666667e-05,-0.02056048670783639,4085.0,4057.0,9.879602193832397,0.6845853328704834,10.56418752670288,3994.0,4221.178571428572
ablation_no_fluid_state,655,28,7,P7,28,7.275e-05,0.001974685612367466,5894.0,6080.0,14.197098970413208,0.9511711597442627,15.14827013015747,5820.0,6697.75
ablation_no_fluid_state,656,28,8,P8,28,7.270833333333333e-05,0.021746524842455983,5951.0,5891.0,12.43331503868103,0.8463780879974365,13.279693126678467,5600.0,6286.428571428572
ablation_no_fluid_state,657,28,9,P9,28,7.266666666666667e-05,-0.009578387951478362,5697.0,5746.0,11.801406383514404,0.802823543548584,12.604229927062988,5367.0,5951.821428571428
ablation_no_fluid_state,658,28,10,P10,28,7.2625e-05,-0.01515575684607029,5798.0,5640.0,7.695987701416016,0.5219614505767822,8.217949151992798,5541.0,5968.642857142857
ablation_no_fluid_state,659,28,11,P11,28,7.258333333333334e-05,-0.03548482293263078,11372.0,11527.0,14.561815738677979,1.0306768417358398,15.592492580413818,11389.0,11875.82142857143
ablation_no_fluid_state,660,28,12,P12,28,7.254166666666666e-05,0.019882241962477565,12147.0,11954.0,17.5959153175354,1.1914279460906982,18.7873432636261,11954.0,12863.5
ablation_no_fluid_state,661,28,13,P13,28,7.25e-05,0.032180064474232495,20398.0,20103.0,41.48590850830078,3.2716832160949707,44.75759172439575,19564.0,21083.14285714286
ablation_no_fluid_state,662,28,14,P14,28,7.245833333333334e-05,-0.009092910040635616,22435.0,22340.0,41.096500873565674,3.118515968322754,44.21501684188843,22121.0,23344.678571428572
ablation_no_fluid_state,663,28,15,P15,28,7.241666666666666e-05,-0.0023905775142338825,20576.0,20391.0,41.942508935928345,3.16142201423645,45.103930950164795,20160.0,21094.89285714286
ablation_no_fluid_state,664,28,16,P16,28,7.2375e-05,-0.0008334873182320734,21357.0,20700.0,51.294344425201416,4.267989873886108,55.562334299087524,20596.0,22330.14285714286
ablation_no_fluid_state,665,28,17,P17,28,7.233333333333335e-05,-0.001000652235961752,21755.0,21601.0,52.57653021812439,4.312625408172607,56.889155626297,20881.0,22389.60714285714
ablation_no_fluid_state,666,28,18,P18,28,7.229166666666667e-05,-0.0015493791535845958,20623.0,20711.0,48.3152072429657,3.775186061859131,52.09039330482483,20384.0,22344.678571428572
ablation_no_fluid_state,667,28,19,P19,28,7.225e-05,0.002707959187682718,23853.0,23760.0,49.870110750198364,4.021071195602417,53.89118194580078,23095.0,24639.0
ablation_no_fluid_state,668,28,20,P20,28,7.220833333333334e-05,-0.001229872228213935,23366.0,23387.0,53.573519468307495,4.396175861358643,57.96969532966614,22423.0,23949.89285714286
ablation_no_fluid_state,669,28,21,P21,28,7.216666666666667e-05,1.8312538304599003e-05,24345.0,24332.0,56.291566610336304,4.549256801605225,60.84082341194153,23586.0,25761.25
ablation_no_fluid_state,670,28,22,P22,28,7.2125e-05,0.0005232130286458414,23826.0,23655.0,55.42279386520386,4.833151578903198,60.255945444107056,23256.0,25007.14285714286
ablation_no_fluid_state,671,28,23,P23,28,7.208333333333334e-05,0.00564484392193013,35128.0,36593.0,75.37654137611389,6.160085439682007,81.5366268157959,36143.0,37411.642857142855
ablation_no_fluid_state,672,28,24,P24,28,7.204166666666668e-05,-0.0038699536700733004,24495.0,23966.0,50.20628094673157,4.156979322433472,54.36326026916504,23762.0,25768.071428571428
ablation_no_fluid_state,673,29,1,P1,29,7.2e-05,-0.0035331316030351445,6424.0,6392.0,11.88964056968689,0.834770679473877,12.724411249160767,5940.0,6865.758620689655
ablation_no_fluid_state,674,29,2,P2,29,7.195833333333334e-05,-0.0006368258746078936,9126.0,9136.0,14.923335313796997,1.0132336616516113,15.936568975448608,8118.0,9041.137931034482
ablation_no_fluid_state,675,29,3,P3,29,7.191666666666668e-05,0.04268142255023122,7148.0,7094.0,11.122415542602539,0.7265894412994385,11.849004983901978,5875.0,6807.931034482759
ablation_no_fluid_state,676,29,4,P4,29,7.1875e-05,-0.02556082932278514,3846.0,3896.0,8.447869300842285,0.5870685577392578,9.034937858581543,3678.0,4128.0344827586205
ablation_no_fluid_state,677,29,5,P5,29,7.183333333333334e-05,-0.015220254892483354,4392.0,4267.0,9.377295970916748,0.6332314014434814,10.01052737236023,4242.0,4514.172413793103
ablation_no_fluid_state,678,29,6,P6,29,7.179166666666667e-05,-0.014271804131567478,4181.0,4034.0,9.51532793045044,0.6404995918273926,10.155827522277832,3994.0,4214.724137931034
ablation_no_fluid_state,679,29,7,P7,29,7.175000000000001e-05,0.004728853644337505,5959.0,5957.0,14.222726345062256,0.9467189311981201,15.169445276260376,5820.0,6672.206896551724
ablation_no_fluid_state,680,29,8,P8,29,7.170833333333333e-05,0.019736975897103548,6017.0,5807.0,12.493905544281006,0.8320193290710449,13.32592487335205,5600.0,6269.896551724138
ablation_no_fluid_state,681,29,9,P9,29,7.166666666666667e-05,-0.01725756993982941,5643.0,5738.0,11.966598510742188,0.8142235279083252,12.780822038650513,5367.0,5944.448275862069
ablation_no_fluid_state,682,29,10,P10,29,7.1625e-05,-0.033393220975995064,5550.0,5526.0,7.603003978729248,0.5093839168548584,8.112387895584106,5526.0,5953.379310344828
ablation_no_fluid_state,683,29,11,P11,29,7.158333333333333e-05,-0.028968809405341744,11389.0,11434.0,14.342158555984497,0.9686720371246338,15.31083059310913,11389.0,11860.586206896553
ablation_no_fluid_state,684,29,12,P12,29,7.154166666666667e-05,0.029482095036655664,11947.0,11879.0,17.081706523895264,1.1708135604858398,18.252520084381104,11879.0,12829.551724137931
ablation_no_fluid_state,685,29,13,P13,29,7.150000000000002e-05,0.0299475317588076,20105.0,19567.0,40.27860951423645,3.042524814605713,43.32113432884216,19564.0,21030.862068965518
ablation_no_fluid_state,686,29,14,P14,29,7.145833333333334e-05,-0.014536651724483818,22307.0,22025.0,41.09300398826599,3.1988108158111572,44.29181480407715,22025.0,23299.172413793105
ablation_no_fluid_state,687,29,15,P15,29,7.141666666666666e-05,0.0016847430542838993,20279.0,20139.0,43.22943377494812,3.317294120788574,46.546727895736694,20139.0,21061.931034482757
ablation_no_fluid_state,688,29,16,P16,29,7.1375e-05,-0.0035990370670333505,21222.0,20914.0,51.91370153427124,4.118891000747681,56.03259253501892,20596.0,22281.310344827587
ablation_no_fluid_state,689,29,17,P17,29,7.133333333333334e-05,0.0003412416783248773,21691.0,21271.0,53.736464500427246,4.151381969451904,57.88784646987915,20881.0,22351.03448275862
ablation_no_fluid_state,690,29,18,P18,29,7.129166666666667e-05,-0.0011827418245957233,20521.0,20500.0,48.91253852844238,3.9103894233703613,52.822927951812744,20384.0,22281.068965517243
ablation_no_fluid_state,691,29,19,P19,29,7.125000000000001e-05,0.0021454082281707086,23689.0,23632.0,50.41932487487793,4.012747764587402,54.43207263946533,23095.0,24604.275862068964
ablation_no_fluid_state,692,29,20,P20,29,7.120833333333335e-05,-0.002026958466740325,23143.0,22982.0,53.246378660202026,4.22835111618042,57.474729776382446,22423.0,23916.51724137931
ablation_no_fluid_state,693,29,21,P21,29,7.116666666666667e-05,-0.0003508480898744892,24526.0,23785.0,58.311002254486084,4.8823981285095215,63.193400382995605,23586.0,25693.103448275862
ablation_no_fluid_state,694,29,22,P22,29,7.1125e-05,0.0011291697752312756,23542.0,23685.0,56.37577772140503,4.643172025680542,61.01894974708557,23256.0,24961.55172413793
ablation_no_fluid_state,695,29,23,P23,29,7.108333333333333e-05,0.004813104335750852,34990.0,36593.0,75.06182980537415,6.1001362800598145,81.16196608543396,36143.0,37383.41379310345
ablation_no_fluid_state,696,29,24,P24,29,7.104166666666667e-05,-0.004261708632111549,24638.0,24001.0,51.81223797798157,4.241425275802612,56.05366325378418,23762.0,25707.137931034482
ablation_no_fluid_state,697,30,1,P1,30,7.1e-05,-0.003279104348621331,6356.0,6226.0,12.228678941726685,0.7961075305938721,13.024786472320557,5940.0,6844.433333333333
ablation_no_fluid_state,698,30,2,P2,30,7.095833333333334e-05,-0.011123339645564556,8593.0,9136.0,14.57439112663269,0.9851491451263428,15.559540271759033,8118.0,9044.3
ablation_no_fluid_state,699,30,3,P3,30,7.091666666666668e-05,0.037470775190740824,6890.0,6770.0,10.626529693603516,0.747035026550293,11.373564720153809,5875.0,6806.666666666667
ablation_no_fluid_state,700,30,4,P4,30,7.0875e-05,-0.010546492645516992,3790.0,3778.0,8.391788244247437,0.5665328502655029,8.95832109451294,3678.0,4116.366666666667
ablation_no_fluid_state,701,30,5,P5,30,7.083333333333332e-05,-0.00893320026807487,4262.0,4312.0,9.203762292861938,0.6142082214355469,9.817970514297485,4242.0,4507.433333333333
ablation_no_fluid_state,702,30,6,P6,30,7.079166666666668e-05,-0.01423056679777801,4099.0,4064.0,9.727124452590942,0.6726982593536377,10.39982271194458,3994.0,4209.7
ablation_no_fluid_state,703,30,7,P7,30,7.075e-05,-0.00023935367244121153,6023.0,6044.0,14.124399185180664,0.9272756576538086,15.051674842834473,5820.0,6651.266666666666
ablation_no_fluid_state,704,30,8,P8,30,7.070833333333334e-05,0.011076819966547191,5917.0,5820.0,12.167419910430908,0.8053359985351562,12.972755908966064,5600.0,6254.9
ablation_no_fluid_state,705,30,9,P9,30,7.066666666666667e-05,0.0009827397298067808,5657.0,5600.0,12.044408798217773,0.7872412204742432,12.831650018692017,5367.0,5932.966666666666
ablation_no_fluid_state,706,30,10,P10,30,7.062500000000001e-05,-0.035422902554273605,5744.0,5727.0,7.436364412307739,0.5124061107635498,7.948770523071289,5526.0,5945.833333333333
ablation_no_fluid_state,707,30,11,P11,30,7.058333333333333e-05,-0.029529656982049346,11496.0,11434.0,14.472449541091919,0.9775817394256592,15.450031280517578,11389.0,11846.366666666667
ablation_no_fluid_state,708,30,12,P12,30,7.054166666666667e-05,0.013974207453429699,12060.0,11935.0,17.66411590576172,1.2269785404205322,18.89109444618225,11879.0,12799.733333333334
ablation_no_fluid_state,709,30,13,P13,30,7.05e-05,0.03240162308793515,20250.0,19890.0,40.666367053985596,3.121310234069824,43.78767728805542,19564.0,20992.833333333332
ablation_no_fluid_state,710,30,14,P14,30,7.045833333333334e-05,-0.014693626086227596,22346.0,22344.0,41.37756586074829,3.151796817779541,44.52936267852783,22025.0,23267.333333333332
ablation_no_fluid_state,711,30,15,P15,30,7.041666666666667e-05,0.003351355124323163,20227.0,20147.0,42.8949658870697,3.3352785110473633,46.230244398117065,20139.0,21031.433333333334
ablation_no_fluid_state,712,30,16,P16,30,7.0375e-05,-0.000500549372372916,21377.0,20957.0,52.77168083190918,4.147625923156738,56.91930675506592,20596.0,22237.166666666668
ablation_no_fluid_state,713,30,17,P17,30,7.033333333333334e-05,-0.002172074670670554,21502.0,21428.0,52.43150472640991,3.9627819061279297,56.39428663253784,20881.0,22320.266666666666
ablation_no_fluid_state,714,30,18,P18,30,7.029166666666666e-05,-0.0016243810154264794,20599.0,20326.0,47.71121883392334,3.7792208194732666,51.490439653396606,20326.0,22215.9
ablation_no_fluid_state,715,30,19,P19,30,7.025e-05,0.0006651522606262005,23288.0,23535.0,50.65581798553467,4.34357762336731,54.99939560890198,23095.0,24568.633333333335
ablation_no_fluid_state,716,30,20,P20,30,7.020833333333334e-05,0.0008612857956904918,23004.0,22934.0,54.23346757888794,4.317972898483276,58.551440477371216,22423.0,23883.766666666666
ablation_no_fluid_state,717,30,21,P21,30,7.016666666666667e-05,-0.0009429669233213644,24452.0,23760.0,57.47836685180664,4.595889329910278,62.07425618171692,23586.0,25628.666666666668
ablation_no_fluid_state,718,30,22,P22,30,7.0125e-05,0.0025952181487809865,23816.0,23663.0,57.66802263259888,4.729196786880493,62.39721941947937,23256.0,24918.266666666666
ablation_no_fluid_state,719,30,23,P23,30,7.008333333333333e-05,0.004245545241116945,34806.0,36743.0,75.02827477455139,5.988946199417114,81.0172209739685,36143.0,37362.066666666666
ablation_no_fluid_state,720,30,24,P24,30,7.004166666666667e-05,-0.004435956256929785,24857.0,24096.0,50.23987793922424,4.476420640945435,54.71629858016968,23762.0,25653.433333333334
ablation_no_fluid_state,721,31,1,P1,31,7e-05,-0.007582524500321597,6392.0,6330.0,11.813305616378784,0.7913146018981934,12.604620218276978,5940.0,6827.8387096774195
ablation_no_fluid_state,722,31,2,P2,31,6.995833333333333e-05,0.006391816714312881,8925.0,8708.0,15.799224615097046,1.0031976699829102,16.802422285079956,8118.0,9033.451612903225
ablation_no_fluid_state,723,31,3,P3,31,6.991666666666668e-05,0.021962042315863073,6826.0,6731.0,10.886343955993652,0.802790641784668,11.68913459777832,5875.0,6804.225806451613
ablation_no_fluid_state,724,31,4,P4,31,6.9875e-05,-0.024864939507097006,3762.0,3858.0,8.454675674438477,0.6286964416503906,9.083372116088867,3678.0,4108.032258064516
ablation_no_fluid_state,725,31,5,P5,31,6.983333333333333e-05,-0.001932479557581246,4324.0,4297.0,9.30026912689209,0.6029415130615234,9.903210639953613,4242.0,4500.645161290323
ablation_no_fluid_state,726,31,6,P6,31,6.979166666666668e-05,-0.007443669950589538,4037.0,4085.0,9.665301084518433,0.670630931854248,10.33593201637268,3994.0,4205.677419354839
ablation_no_fluid_state,727,31,7,P7,31,6.975e-05,0.013633960275910795,5950.0,5750.0,14.1401948928833,0.9523077011108398,15.09250259399414,5750.0,6622.193548387097
ablation_no_fluid_state,728,31,8,P8,31,6.970833333333332e-05,-0.006098570884205401,5738.0,5720.0,12.824386596679688,0.8493428230285645,13.673729419708252,5600.0,6237.645161290323
ablation_no_fluid_state,729,31,9,P9,31,6.966666666666668e-05,0.011220175540074706,5650.0,5440.0,12.036325216293335,0.8167145252227783,12.853039741516113,5367.0,5917.064516129032
ablation_no_fluid_state,730,31,10,P10,31,6.962500000000001e-05,-0.02972882753238082,5670.0,5627.0,7.605968713760376,0.51889967918396,8.124868392944336,5526.0,5935.548387096775
ablation_no_fluid_state,731,31,11,P11,31,6.958333333333334e-05,-0.0396948610432446,11434.0,11521.0,14.77800464630127,1.0024213790893555,15.780426025390625,11389.0,11835.870967741936
ablation_no_fluid_state,732,31,12,P12,31,6.954166666666667e-05,0.020874622277915478,12267.0,11974.0,17.851001501083374,1.1981892585754395,19.049190759658813,11879.0,12773.09677419355
ablation_no_fluid_state,733,31,13,P13,31,6.950000000000001e-05,0.02590106474235654,19932.0,19768.0,41.58694672584534,3.1818110942840576,44.768757820129395,19564.0,20953.322580645163
ablation_no_fluid_state,734,31,14,P14,31,6.945833333333333e-05,-0.009597612428478897,22340.0,22315.0,42.14655327796936,3.3177549839019775,45.46430826187134,22025.0,23236.612903225807
ablation_no_fluid_state,735,31,15,P15,31,6.941666666666667e-05,-0.0018339997732255142,20602.0,20145.0,43.13040781021118,3.2160515785217285,46.34645938873291,20139.0,21002.83870967742
ablation_no_fluid_state,736,31,16,P16,31,6.9375e-05,-0.002560704102506861,21436.0,20864.0,51.349255323410034,3.9905169010162354,55.33977222442627,20596.0,22192.870967741936
ablation_no_fluid_state,737,31,17,P17,31,6.933333333333334e-05,0.0016967813466180815,21861.0,21364.0,53.08642911911011,4.462356090545654,57.54878520965576,20881.0,22289.41935483871
ablation_no_fluid_state,738,31,18,P18,31,6.929166666666667e-05,-0.0006794716558943037,20517.0,20560.0,48.7617073059082,3.86557936668396,52.62728667259216,20326.0,22162.483870967742
ablation_no_fluid_state,739,31,19,P19,31,6.925e-05,0.0046174859511666,24088.0,23909.0,50.33748459815979,4.028959512710571,54.36644411087036,23095.0,24547.354838709678
ablation_no_fluid_state,740,31,20,P20,31,6.920833333333334e-05,-0.0045564278261736035,23592.0,22783.0,53.92669153213501,4.347740650177002,58.27443218231201,22423.0,23848.25806451613
ablation_no_fluid_state,741,31,21,P21,31,6.916666666666666e-05,0.0016582114782067946,24446.0,23853.0,57.413806676864624,4.643803119659424,62.05760979652405,23586.0,25571.387096774193
ablation_no_fluid_state,742,31,22,P22,31,6.9125e-05,0.00041744611953618003,23837.0,23709.0,56.044111490249634,4.542753219604492,60.586864709854126,23256.0,24879.25806451613
ablation_no_fluid_state,743,31,23,P23,31,6.908333333333335e-05,0.006204689753108791,35578.0,36143.0,75.84278297424316,6.493387222290039,82.3361701965332,36143.0,37322.74193548387
ablation_no_fluid_state,744,31,24,P24,31,6.904166666666667e-05,-0.006793994945473969,24704.0,24213.0,51.70207977294922,4.152980089187622,55.85505986213684,23762.0,25606.967741935485
ablation_no_fluid_state,745,32,1,P1,32,6.9e-05,-0.019341157050803304,6204.0,6321.0,12.090123891830444,0.7900354862213135,12.880159378051758,5940.0,6812.0
ablation_no_fluid_state,746,32,2,P2,32,6.895833333333333e-05,0.002473442662449088,8966.0,8870.0,15.108171463012695,1.0317134857177734,16.13988494873047,8118.0,9028.34375
ablation_no_fluid_state,747,32,3,P3,32,6.891666666666667e-05,0.025004826951771975,6750.0,6760.0,10.839542627334595,0.7350764274597168,11.574619054794312,5875.0,6802.84375
ablation_no_fluid_state,748,32,4,P4,32,6.887500000000001e-05,-0.0054072822676971555,3779.0,3782.0,8.59793210029602,0.5842134952545166,9.182145595550537,3678.0,4097.84375
ablation_no_fluid_state,749,32,5,P5,32,6.883333333333334e-05,-0.00612528610508889,4292.0,4312.0,9.64828634262085,0.625192403793335,10.273478746414185,4242.0,4494.75
ablation_no_fluid_state,750,32,6,P6,32,6.879166666666668e-05,-0.010117064462974668,4125.0,4030.0,9.989937782287598,0.6722605228424072,10.662198305130005,3994.0,4200.1875
ablation_no_fluid_state,751,32,7,P7,32,6.875e-05,0.009698808658868074,5997.0,5960.0,14.519378185272217,0.9749858379364014,15.494364023208618,5750.0,6601.5
ablation_no_fluid_state,752,32,8,P8,32,6.870833333333333e-05,0.012774188537150621,6080.0,5930.0,12.98432993888855,0.8369879722595215,13.821317911148071,5600.0,6228.03125
ablation_no_fluid_state,753,32,9,P9,32,6.866666666666666e-05,-0.007175008300691843,5853.0,5830.0,12.27895474433899,0.8269219398498535,13.105876684188843,5367.0,5914.34375
ablation_no_fluid_state,754,32,10,P10,32,6.8625e-05,-0.022089786361902952,5698.0,5648.0,7.747366189956665,0.5104422569274902,8.257808446884155,5526.0,5926.5625
ablation_no_fluid_state,755,32,11,P11,32,6.858333333333334e-05,-0.026342921191826463,11434.0,11614.0,15.18407917022705,1.0368905067443848,16.220969676971436,11389.0,11828.9375
ablation_no_fluid_state,756,32,12,P12,32,6.854166666666667e-05,0.013510006829164922,12148.0,11965.0,17.783424854278564,1.188347339630127,18.97177219390869,11879.0,12747.84375
ablation_no_fluid_state,757,32,13,P13,32,6.850000000000001e-05,0.027138210949487984,20030.0,19667.0,40.75384497642517,3.0586860179901123,43.81253099441528,19564.0,20913.125
ablation_no_fluid_state,758,32,14,P14,32,6.845833333333333e-05,-0.010490192740689963,22344.0,22117.0,40.52312231063843,3.1421964168548584,43.665318727493286,22025.0,23201.625
ablation_no_fluid_state,759,32,15,P15,32,6.841666666666666e-05,0.0021892915883654496,20437.0,20214.0,43.38592767715454,3.5613858699798584,46.9473135471344,20139.0,20978.1875
ablation_no_fluid_state,760,32,16,P16,32,6.837500000000001e-05,-0.0018532371817855165,21102.0,20826.0,52.20947885513306,4.081242322921753,56.29072117805481,20596.0,22150.15625
ablation_no_fluid_state,761,32,17,P17,32,6.833333333333333e-05,0.0027240827155765148,22018.0,21319.0,52.19751167297363,4.170457363128662,56.367969036102295,20881.0,22259.09375
ablation_no_fluid_state,762,32,18,P18,32,6.829166666666667e-05,-0.003913641872350127,20620.0,20365.0,49.0468909740448,3.983121633529663,53.03001260757446,20326.0,22106.3125
ablation_no_fluid_state,763,32,19,P19,32,6.825e-05,0.0019834828111925163,23490.0,23327.0,51.88742470741272,4.1926093101501465,56.080034017562866,23095.0,24509.21875
ablation_no_fluid_state,764,32,20,P20,32,6.820833333333334e-05,0.000627516067106626,23583.0,22683.0,53.002646923065186,4.245357513427734,57.24800443649292,22423.0,23811.84375
ablation_no_fluid_state,765,32,21,P21,32,6.816666666666667e-05,-0.0016583578679274069,24518.0,23733.0,56.71713876724243,4.746552467346191,61.46369123458862,23586.0,25513.9375
ablation_no_fluid_state,766,32,22,P22,32,6.8125e-05,0.0013920126220909879,23943.0,23605.0,57.57668614387512,4.6876301765441895,62.26431632041931,23256.0,24839.4375
ablation_no_fluid_state,767,32,23,P23,32,6.808333333333334e-05,0.003925426222849637,34441.0,36628.0,75.14849948883057,6.096245288848877,81.24474477767944,36143.0,37301.03125
ablation_no_fluid_state,768,32,24,P24,32,6.804166666666668e-05,-0.0035253229609224944,25121.0,24199.0,53.5363450050354,4.215023994445801,57.7513689994812,23762.0,25562.96875
ablation_no_fluid_state,769,33,1,P1,33,6.8e-05,-0.02490517683327198,6226.0,6375.0,12.088987112045288,0.8460392951965332,12.935026407241821,5940.0,6798.757575757576
ablation_no_fluid_state,770,33,2,P2,33,6.795833333333334e-05,0.006490423111245036,8698.0,8925.0,15.512711524963379,1.0250036716461182,16.537715196609497,8118.0,9025.212121212122
ablation_no_fluid_state,771,33,3,P3,33,6.791666666666667e-05,0.03423479455523193,6744.0,6744.0,11.163522243499756,0.7243690490722656,11.887891292572021,5875.0,6801.060606060606
ablation_no_fluid_state,772,33,4,P4,33,6.7875e-05,-0.006376769975759089,3849.0,3880.0,8.438580751419067,0.559561014175415,8.998141765594482,3678.0,4091.242424242424
ablation_no_fluid_state,773,33,5,P5,33,6.783333333333333e-05,-0.009500544052571058,4421.0,4312.0,9.277947187423706,0.6231334209442139,9.90108060836792,4242.0,4489.212121212121
ablation_no_fluid_state,774,33,6,P6,33,6.779166666666667e-05,-0.006789574516005814,4215.0,4062.0,9.671396255493164,0.618699312210083,10.290095567703247,3994.0,4196.0
ablation_no_fluid_state,775,33,7,P7,33,6.775000000000001e-05,-0.0007552426850452321,6030.0,5900.0,14.283482789993286,0.9183864593505859,15.201869249343872,5750.0,6580.242424242424
ablation_no_fluid_state,776,33,8,P8,33,6.770833333333333e-05,0.02340388810262084,6104.0,5980.0,12.496108055114746,0.8311495780944824,13.327257633209229,5600.0,6220.515151515152
ablation_no_fluid_state,777,33,9,P9,33,6.766666666666668e-05,-0.007292448135558516,5800.0,5623.0,11.802484035491943,0.7661464214324951,12.568630456924438,5367.0,5905.515151515152
ablation_no_fluid_state,778,33,10,P10,33,6.7625e-05,-0.03460431098937988,5682.0,5594.0,7.398716688156128,0.49433040618896484,7.893047094345093,5526.0,5916.484848484848
ablation_no_fluid_state,779,33,11,P11,33,6.758333333333333e-05,-0.036631545051932335,11372.0,11677.0,14.156481504440308,1.04581618309021,15.202297687530518,11389.0,11824.333333333334
ablation_no_fluid_state,780,33,12,P12,33,6.754166666666666e-05,0.014064870891161263,12021.0,12063.0,17.594280004501343,1.1529185771942139,18.747198581695557,11879.0,12727.09090909091
ablation_no_fluid_state,781,33,13,P13,33,6.750000000000001e-05,0.028724767034873366,19880.0,19468.0,41.185892820358276,3.254423141479492,44.44031596183777,19468.0,20869.333333333332
ablation_no_fluid_state,782,33,14,P14,33,6.745833333333334e-05,-0.008867005002684891,22071.0,21894.0,41.39905405044556,3.1182615756988525,44.51731562614441,21894.0,23162.0
ablation_no_fluid_state,783,33,15,P15,33,6.741666666666667e-05,-0.0010312410381629888,20601.0,20239.0,43.04020309448242,3.271317481994629,46.31152057647705,20139.0,20955.78787878788
ablation_no_fluid_state,784,33,16,P16,33,6.737500000000001e-05,0.0018893278494942934,21354.0,20858.0,52.47097325325012,4.160645008087158,56.63161826133728,20596.0,22111.0
ablation_no_fluid_state,785,33,17,P17,33,6.733333333333333e-05,-0.002819969999836758,21306.0,21271.0,54.24929881095886,4.066150665283203,58.315449476242065,20881.0,22229.151515151516
ablation_no_fluid_state,786,33,18,P18,33,6.729166666666666e-05,-0.000365475170656282,20453.0,20431.0,47.75051927566528,3.7891077995300293,51.53962707519531,20326.0,22055.545454545456
ablation_no_fluid_state,787,33,19,P19,33,6.725000000000001e-05,0.0016969081421848386,23554.0,23328.0,49.913769483566284,4.21574854850769,54.129518032073975,23095.0,24473.424242424244
ablation_no_fluid_state,788,33,20,P20,33,6.720833333333335e-05,-0.00029146118540666064,23384.0,22861.0,54.48261833190918,4.403061866760254,58.885680198669434,22423.0,23783.030303030304
ablation_no_fluid_state,789,33,21,P21,33,6.716666666666667e-05,-0.00049080110838986,24621.0,23855.0,56.68180966377258,4.598228454589844,61.28003811836243,23586.0,25463.666666666668
ablation_no_fluid_state,790,33,22,P22,33,6.7125e-05,0.001468624870904023,24117.0,23519.0,57.338895320892334,4.650926828384399,61.98982214927673,23256.0,24799.424242424244
ablation_no_fluid_state,791,33,23,P23,33,6.708333333333334e-05,0.002664660128565239,33901.0,36628.0,76.1003885269165,5.975188493728638,82.07557702064514,36143.0,37280.63636363636
ablation_no_fluid_state,792,33,24,P24,33,6.704166666666667e-05,-0.00274783639179077,24899.0,23893.0,50.39718818664551,4.0685875415802,54.46577572822571,23762.0,25512.363636363636
ablation_no_fluid_state,793,34,1,P1,34,6.7e-05,-0.0030065700639170245,6416.0,6392.0,11.566729545593262,0.8244991302490234,12.391228675842285,5940.0,6786.794117647059
ablation_no_fluid_state,794,34,2,P2,34,6.695833333333334e-05,-0.004769914550706744,8708.0,8930.0,14.748845100402832,1.0040347576141357,15.752879858016968,8118.0,9022.411764705883
ablation_no_fluid_state,795,34,3,P3,34,6.691666666666668e-05,0.03385393554344773,6947.0,6945.0,10.8967866897583,0.741330623626709,11.63811731338501,5875.0,6805.294117647059
ablation_no_fluid_state,796,34,4,P4,34,6.6875e-05,0.001621074159629643,3914.0,3880.0,8.499145746231079,0.5691800117492676,9.068325757980347,3678.0,4085.029411764706
ablation_no_fluid_state,797,34,5,P5,34,6.683333333333334e-05,-0.006752786226570606,4277.0,4312.0,9.404507398605347,0.6288490295410156,10.033356428146362,4242.0,4484.0
ablation_no_fluid_state,798,34,6,P6,34,6.679166666666667e-05,-0.013938801130279899,4127.0,4044.0,10.128222227096558,0.655414342880249,10.783636569976807,3994.0,4191.529411764706
ablation_no_fluid_state,799,34,7,P7,34,6.675e-05,-0.014085088623687625,6097.0,6112.0,14.279479742050171,0.9820704460144043,15.261550188064575,5750.0,6566.470588235294
ablation_no_fluid_state,800,34,8,P8,34,6.670833333333333e-05,0.012664867215789855,6017.0,6110.0,12.60049557685852,0.8248496055603027,13.425345182418823,5600.0,6217.264705882353
ablation_no_fluid_state,801,34,9,P9,34,6.666666666666668e-05,0.014356544939801097,5970.0,5760.0,11.877983570098877,0.7990283966064453,12.677011966705322,5367.0,5901.235294117647
ablation_no_fluid_state,802,34,10,P10,34,6.6625e-05,-0.02130221016705036,5686.0,5689.0,7.496716260910034,0.5184805393218994,8.015196800231934,5526.0,5909.794117647059
ablation_no_fluid_state,803,34,11,P11,34,6.658333333333333e-05,-0.022001920267939568,11496.0,11767.0,14.575623512268066,1.0270717144012451,15.602695226669312,11389.0,11822.64705882353
ablation_no_fluid_state,804,34,12,P12,34,6.654166666666667e-05,-0.004025588947115466,12311.0,12138.0,17.261702299118042,1.1904544830322266,18.45215678215027,11879.0,12709.764705882353
ablation_no_fluid_state,805,34,13,P13,34,6.65e-05,0.01297970995074138,20110.0,19774.0,40.608293533325195,3.127319097518921,43.735612630844116,19468.0,20837.117647058825
ablation_no_fluid_state,806,34,14,P14,34,6.645833333333333e-05,-0.00286691592191346,22171.0,22381.0,41.52544951438904,3.1622474193573,44.68769693374634,21894.0,23139.029411764706
ablation_no_fluid_state,807,34,15,P15,34,6.641666666666668e-05,-0.00210604972744477,20592.0,20319.0,42.809114933013916,3.377920150756836,46.18703508377075,20139.0,20937.058823529413
ablation_no_fluid_state,808,34,16,P16,34,6.637500000000001e-05,-0.0014253434828788158,20847.0,20625.0,51.46165108680725,4.015735864639282,55.47738695144653,20596.0,22067.29411764706
ablation_no_fluid_state,809,34,17,P17,34,6.633333333333334e-05,-0.00016970142278296407,21406.0,21438.0,51.72740578651428,4.334965944290161,56.06237173080444,20881.0,22205.882352941175
ablation_no_fluid_state,810,34,18,P18,34,6.629166666666666e-05,0.0001263143529286026,20630.0,20510.0,49.416048526763916,4.004136800765991,53.42018532752991,20326.0,22010.08823529412
ablation_no_fluid_state,811,34,19,P19,34,6.625e-05,0.000744490713259438,23785.0,23328.0,51.432326793670654,4.11113166809082,55.543458461761475,23095.0,24439.735294117647
ablation_no_fluid_state,812,34,20,P20,34,6.620833333333333e-05,-0.00039765228648320773,23218.0,22785.0,54.1373016834259,4.408296346664429,58.54559803009033,22423.0,23753.676470588234
ablation_no_fluid_state,813,34,21,P21,34,6.616666666666667e-05,-0.0012075613121851347,24327.0,23892.0,57.836225509643555,4.818171501159668,62.65439701080322,23586.0,25417.441176470587
ablation_no_fluid_state,814,34,22,P22,34,6.612500000000001e-05,0.003587491577491164,24362.0,23564.0,55.80143165588379,4.4585959911346436,60.26002764701843,23256.0,24763.08823529412
ablation_no_fluid_state,815,34,23,P23,34,6.608333333333334e-05,0.0018730255048597297,34043.0,36743.0,72.68285346031189,6.204546689987183,78.88740015029907,36143.0,37264.82352941176
ablation_no_fluid_state,816,34,24,P24,34,6.604166666666667e-05,-0.003918484377209097,24497.0,23849.0,51.57779908180237,4.228589296340942,55.80638837814331,23762.0,25463.441176470587
ablation_no_fluid_state,817,35,1,P1,35,6.599999999999999e-05,-0.00017779963673092425,6428.0,6226.0,11.722110033035278,0.81402587890625,12.536135911941528,5940.0,6770.771428571428
ablation_no_fluid_state,818,35,2,P2,35,6.595833333333334e-05,0.00204660945746582,8741.0,8805.0,15.049397468566895,1.0238134860992432,16.073210954666138,8118.0,9016.2
ablation_no_fluid_state,819,35,3,P3,35,6.591666666666667e-05,0.024880507960915565,6958.0,6517.0,10.976866483688354,0.730257511138916,11.70712399482727,5875.0,6797.057142857143
ablation_no_fluid_state,820,35,4,P4,35,6.5875e-05,-0.011105224257335067,3827.0,3896.0,8.570185899734497,0.568889856338501,9.139075756072998,3678.0,4079.6285714285714
ablation_no_fluid_state,821,35,5,P5,35,6.583333333333334e-05,0.0006903915927978233,4444.0,4324.0,9.40096139907837,0.6296935081481934,10.030654907226562,4242.0,4479.428571428572
ablation_no_fluid_state,822,35,6,P6,35,6.579166666666668e-05,-0.018147004768252373,4034.0,4205.0,9.79209566116333,0.6674549579620361,10.459550619125366,3994.0,4191.914285714286
ablation_no_fluid_state,823,35,7,P7,35,6.575e-05,-0.0052777890814468265,5990.0,6020.0,14.61968731880188,0.9584109783172607,15.57809829711914,5750.0,6550.857142857143
ablation_no_fluid_state,824,35,8,P8,35,6.570833333333334e-05,0.013611809466965497,5960.0,5810.0,12.77430534362793,0.8532600402832031,13.627565383911133,5600.0,6205.628571428571
ablation_no_fluid_state,825,35,9,P9,35,6.566666666666667e-05,-0.0077542728977277875,5650.0,5560.0,12.100255489349365,0.7997469902038574,12.900002479553223,5367.0,5891.4857142857145
ablation_no_fluid_state,826,35,10,P10,35,6.562500000000001e-05,-0.015818451531231403,5711.0,5580.0,7.692708730697632,0.5707652568817139,8.263473987579346,5526.0,5900.371428571429
ablation_no_fluid_state,827,35,11,P11,35,6.558333333333333e-05,-0.02685271413065493,11372.0,11599.0,14.818617582321167,0.9994370937347412,15.818054676055908,11389.0,11816.257142857143
ablation_no_fluid_state,828,35,12,P12,35,6.554166666666667e-05,0.016897991532459855,12213.0,12035.0,17.78503942489624,1.225872278213501,19.01091170310974,11879.0,12690.485714285714
ablation_no_fluid_state,829,35,13,P13,35,6.55e-05,0.02083378646057099,19926.0,19577.0,41.418161153793335,3.022998332977295,44.44115948677063,19468.0,20801.114285714284
ablation_no_fluid_state,830,35,14,P14,35,6.545833333333333e-05,-0.0064277453639078885,22212.0,22096.0,40.38516139984131,3.0468757152557373,43.432037115097046,21894.0,23109.22857142857
ablation_no_fluid_state,831,35,15,P15,35,6.541666666666667e-05,-0.0018367890334047843,20559.0,20376.0,41.58081817626953,3.4236035346984863,45.00442171096802,20139.0,20921.02857142857
ablation_no_fluid_state,832,35,16,P16,35,6.5375e-05,-0.0030307898647151887,20984.0,20763.0,52.81616139411926,4.196593523025513,57.012754917144775,20596.0,22030.02857142857
ablation_no_fluid_state,833,35,17,P17,35,6.533333333333334e-05,0.0019041416293475778,21887.0,21059.0,53.0124831199646,4.184847593307495,57.197330713272095,20881.0,22173.114285714284
ablation_no_fluid_state,834,35,18,P18,35,6.529166666666666e-05,-0.0021250851772492752,20583.0,20361.0,49.1698739528656,3.8633625507354736,53.033236503601074,20326.0,21962.97142857143
ablation_no_fluid_state,835,35,19,P19,35,6.525000000000001e-05,0.0027120863320305943,23848.0,23319.0,51.60913014411926,4.193289756774902,55.802419900894165,23095.0,24407.714285714286
ablation_no_fluid_state,836,35,20,P20,35,6.520833333333334e-05,-0.0024439024506136774,23476.0,22713.0,54.980934619903564,4.244692325592041,59.225626945495605,22423.0,23723.942857142858
ablation_no_fluid_state,837,35,21,P21,35,6.516666666666666e-05,1.1312073911540211e-05,24729.0,23845.0,56.41457939147949,4.493517160415649,60.90809655189514,23586.0,25372.514285714286
ablation_no_fluid_state,838,35,22,P22,35,6.5125e-05,0.0031915742554701866,24125.0,23516.0,57.1253616809845,4.960774660110474,62.08613634109497,23256.0,24727.457142857143
ablation_no_fluid_state,839,35,23,P23,35,6.508333333333333e-05,0.002028170189337938,33603.0,35506.0,74.45327353477478,6.015246868133545,80.46852040290833,35506.0,37214.57142857143
ablation_no_fluid_state,840,35,24,P24,35,6.504166666666667e-05,-0.004241175204515457,24394.0,24069.0,51.29810166358948,4.130661964416504,55.42876362800598,23762.0,25423.6
ablation_no_fluid_state,841,36,1,P1,36,6.500000000000001e-05,-0.005570435168920085,6428.0,6252.0,11.984537601470947,0.8177261352539062,12.802263736724854,5940.0,6756.361111111111
ablation_no_fluid_state,842,36,2,P2,36,6.495833333333334e-05,0.0034981847857125103,8630.0,8926.0,15.399378061294556,1.0390276908874512,16.438405752182007,8118.0,9013.694444444445
ablation_no_fluid_state,843,36,3,P3,36,6.491666666666667e-05,0.02046628901734948,6733.0,6517.0,11.144095182418823,0.7510838508605957,11.895179033279419,5875.0,6789.277777777777
ablation_no_fluid_state,844,36,4,P4,36,6.487499999999999e-05,-0.007088479353114963,3812.0,3794.0,8.665971755981445,0.6080994606018066,9.274071216583252,3678.0,4071.6944444444443
ablation_no_fluid_state,845,36,5,P5,36,6.483333333333333e-05,-0.0020998496911488473,4396.0,4356.0,9.564642906188965,0.6390810012817383,10.203723907470703,4242.0,4476.0
ablation_no_fluid_state,846,36,6,P6,36,6.479166666666668e-05,-0.014505879022181034,4081.0,4070.0,10.034262657165527,0.6665139198303223,10.70077657699585,3994.0,4188.527777777777
ablation_no_fluid_state,847,36,7,P7,36,6.475e-05,-0.00048197636715485714,6180.0,6080.0,14.128854274749756,0.9232265949249268,15.052080869674683,5750.0,6537.777777777777
ablation_no_fluid_state,848,36,8,P8,36,6.470833333333334e-05,0.008476954651996493,6048.0,5904.0,12.290738582611084,0.8191568851470947,13.109895467758179,5600.0,6197.25
ablation_no_fluid_state,849,36,9,P9,36,6.466666666666668e-05,-0.006562052585650235,5643.0,5620.0,11.765881538391113,0.783778190612793,12.549659729003906,5367.0,5883.944444444444
ablation_no_fluid_state,850,36,10,P10,36,6.4625e-05,-0.0138920524623245,5809.0,5686.0,7.582412242889404,0.510300874710083,8.092713117599487,5526.0,5894.416666666667
ablation_no_fluid_state,851,36,11,P11,36,6.458333333333334e-05,-0.029711830895394087,11451.0,11491.0,14.478619575500488,0.9773504734039307,15.455970048904419,11389.0,11807.222222222223
ablation_no_fluid_state,852,36,12,P12,36,6.454166666666667e-05,0.01450394932180643,12271.0,12084.0,16.886893033981323,1.1479065418243408,18.034799575805664,11879.0,12673.638888888889
ablation_no_fluid_state,853,36,13,P13,36,6.450000000000001e-05,0.02006893267389387,20030.0,19701.0,40.980223178863525,3.3196887969970703,44.299911975860596,19468.0,20770.555555555555
ablation_no_fluid_state,854,36,14,P14,36,6.445833333333333e-05,-0.010416339500807226,22053.0,22111.0,41.774256467819214,3.2118260860443115,44.986082553863525,21894.0,23081.5
ablation_no_fluid_state,855,36,15,P15,36,6.441666666666667e-05,0.005290628061629832,20513.0,20121.0,42.3546028137207,3.2771995067596436,45.63180232048035,20121.0,20898.805555555555
ablation_no_fluid_state,856,36,16,P16,36,6.4375e-05,-0.0017278818355407565,21067.0,20719.0,51.8832151889801,4.057044982910156,55.94026017189026,20596.0,21993.61111111111
ablation_no_fluid_state,857,36,17,P17,36,6.433333333333333e-05,4.008253781648818e-05,21290.0,21013.0,52.29704785346985,4.070151090621948,56.3671989440918,20881.0,22140.88888888889
ablation_no_fluid_state,858,36,18,P18,36,6.429166666666667e-05,-0.0025208008068148048,20491.0,20539.0,48.43933939933777,3.7710092067718506,52.21034860610962,20326.0,21923.416666666668
ablation_no_fluid_state,859,36,19,P19,36,6.425000000000002e-05,0.0034050744434352964,23691.0,23504.0,49.13531231880188,3.958667516708374,53.093979835510254,23095.0,24382.61111111111
ablation_no_fluid_state,860,36,20,P20,36,6.420833333333334e-05,-5.811644405184779e-05,23353.0,22740.0,53.53762745857239,4.689215183258057,58.226842641830444,22423.0,23696.61111111111
ablation_no_fluid_state,861,36,21,P21,36,6.416666666666666e-05,-0.0015904371233773419,24510.0,23646.0,57.163535356521606,4.55797815322876,61.721513509750366,23586.0,25324.555555555555
ablation_no_fluid_state,862,36,22,P22,36,6.4125e-05,0.0009350331045425264,23794.0,23530.0,56.735514402389526,4.6626811027526855,61.39819550514221,23256.0,24694.194444444445
ablation_no_fluid_state,863,36,23,P23,36,6.408333333333334e-05,0.0019302146881403001,33414.0,36156.0,76.35652184486389,6.384366512298584,82.74088835716248,35506.0,37185.166666666664
ablation_no_fluid_state,864,36,24,P24,36,6.404166666666666e-05,-0.001602648023981601,24699.0,23983.0,52.33671021461487,4.130369186401367,56.467079401016235,23762.0,25383.583333333332
ablation_no_fluid_state,865,37,1,P1,37,6.400000000000001e-05,-0.0026107404846698046,6432.0,6432.0,11.982284307479858,0.8089432716369629,12.791227579116821,5940.0,6747.594594594595
ablation_no_fluid_state,866,37,2,P2,37,6.395833333333335e-05,-0.007903773745056242,8318.0,8352.0,14.697920560836792,1.001384973526001,15.699305534362793,8118.0,8995.81081081081
ablation_no_fluid_state,867,37,3,P3,37,6.391666666666667e-05,0.025007299263961613,6517.0,5875.0,10.741996765136719,0.722339391708374,11.464336156845093,5875.0,6764.5675675675675
ablation_no_fluid_state,868,37,4,P4,37,6.3875e-05,-0.007889814442023635,3704.0,3828.0,8.372043132781982,0.5497188568115234,8.921761989593506,3678.0,4065.108108108108
ablation_no_fluid_state,869,37,5,P5,37,6.383333333333333e-05,0.0051614404655992985,4411.0,4304.0,9.1444730758667,0.6159012317657471,9.760374307632446,4242.0,4471.351351351352
ablation_no_fluid_state,870,37,6,P6,37,6.379166666666667e-05,-0.01027375622652471,4074.0,4070.0,10.088920831680298,0.6459131240844727,10.73483395576477,3994.0,4185.324324324324
ablation_no_fluid_state,871,37,7,P7,37,6.375e-05,0.009090877312701195,6140.0,5990.0,14.651388883590698,0.9427225589752197,15.594111442565918,5750.0,6522.972972972973
ablation_no_fluid_state,872,37,8,P8,37,6.370833333333334e-05,-0.002966033003758639,5927.0,5924.0,12.901272535324097,0.942209005355835,13.843481540679932,5600.0,6189.864864864865
ablation_no_fluid_state,873,37,9,P9,37,6.366666666666668e-05,0.005817066499730572,5704.0,5694.0,12.206177949905396,0.7850852012634277,12.991263151168823,5367.0,5878.810810810811
ablation_no_fluid_state,874,37,10,P10,37,6.3625e-05,-0.025442225392907858,5701.0,5608.0,7.526768207550049,0.5190353393554688,8.045803546905518,5526.0,5886.675675675676
ablation_no_fluid_state,875,37,11,P11,37,6.358333333333332e-05,-0.02801041747443378,11559.0,11502.0,14.430312633514404,1.0692932605743408,15.499605894088745,11389.0,11798.972972972973
ablation_no_fluid_state,876,37,12,P12,37,6.354166666666668e-05,0.0023410650610458106,12163.0,12024.0,17.327515125274658,1.200425386428833,18.52794051170349,11879.0,12656.081081081082
ablation_no_fluid_state,877,37,13,P13,37,6.35e-05,0.02247479115612805,19755.0,19630.0,40.726654291152954,3.1163883209228516,43.843042612075806,19468.0,20739.72972972973
ablation_no_fluid_state,878,37,14,P14,37,6.345833333333334e-05,-0.007949856197228655,21874.0,21974.0,41.488445520401,3.2077488899230957,44.6961944103241,21894.0,23051.567567567567
ablation_no_fluid_state,879,37,15,P15,37,6.341666666666667e-05,-0.0005729592398893146,20240.0,20393.0,43.23482370376587,3.3545029163360596,46.58932662010193,20121.0,20885.135135135137
ablation_no_fluid_state,880,37,16,P16,37,6.337500000000001e-05,0.00012279123220650944,20683.0,20619.0,53.009928703308105,3.9833457469940186,56.993274450302124,20596.0,21956.45945945946
ablation_no_fluid_state,881,37,17,P17,37,6.333333333333333e-05,-0.0006209237366419984,21376.0,21136.0,51.712522745132446,4.0543012619018555,55.7668240070343,20881.0,22113.72972972973
ablation_no_fluid_state,882,37,18,P18,37,6.329166666666667e-05,0.0006186305599840125,20540.0,20345.0,48.95487189292908,4.253398656845093,53.20827054977417,20326.0,21880.756756756757
ablation_no_fluid_state,883,37,19,P19,37,6.325e-05,0.0020708157127955927,23780.0,23466.0,51.21258497238159,4.130606174468994,55.343191146850586,23095.0,24357.837837837837
ablation_no_fluid_state,884,37,20,P20,37,6.320833333333334e-05,-0.002780664278543554,23098.0,22689.0,53.56746029853821,4.321793556213379,57.88925385475159,22423.0,23669.37837837838
ablation_no_fluid_state,885,37,21,P21,37,6.316666666666667e-05,0.00019057901736232452,24420.0,23699.0,57.64727020263672,4.6419172286987305,62.28918743133545,23586.0,25280.62162162162
ablation_no_fluid_state,886,37,22,P22,37,6.3125e-05,0.0025559793808497488,23825.0,23616.0,58.66531825065613,4.535650253295898,63.200968503952026,23256.0,24665.054054054053
ablation_no_fluid_state,887,37,23,P23,37,6.308333333333334e-05,0.004014931619167328,34604.0,35243.0,72.82411336898804,5.819541931152344,78.64365530014038,35243.0,37132.67567567567
ablation_no_fluid_state,888,37,24,P24,37,6.304166666666666e-05,-0.004840249405242502,24274.0,24148.0,51.84793257713318,4.489535331726074,56.33746790885925,23762.0,25350.18918918919
ablation_no_fluid_state,889,38,1,P1,38,6.3e-05,-0.013966107391752303,6302.0,6392.0,12.35270643234253,0.7975249290466309,13.15023136138916,5940.0,6738.236842105263
ablation_no_fluid_state,890,38,2,P2,38,6.295833333333334e-05,0.0017898012811201625,8494.0,8270.0,15.01081371307373,1.0427393913269043,16.053553104400635,8118.0,8976.71052631579
ablation_no_fluid_state,891,38,3,P3,38,6.291666666666667e-05,0.020549138193018734,6530.0,6316.0,10.708598375320435,0.740311861038208,11.448910236358643,5875.0,6752.763157894737
ablation_no_fluid_state,892,38,4,P4,38,6.2875e-05,-0.008134854258969426,3751.0,3779.0,8.460784912109375,0.5753376483917236,9.036122560501099,3678.0,4057.5789473684213
ablation_no_fluid_state,893,38,5,P5,38,6.283333333333335e-05,0.012926243478432298,4478.0,4349.0,9.310456991195679,0.6195716857910156,9.930028676986694,4242.0,4468.131578947368
ablation_no_fluid_state,894,38,6,P6,38,6.279166666666667e-05,-0.020867968909442425,3992.0,3990.0,9.684798002243042,0.6505312919616699,10.335329294204712,3990.0,4180.184210526316
ablation_no_fluid_state,895,38,7,P7,38,6.275e-05,0.007016010524239391,6080.0,6020.0,14.17261266708374,0.9435770511627197,15.11618971824646,5750.0,6509.736842105263
ablation_no_fluid_state,896,38,8,P8,38,6.270833333333333e-05,-0.004897112317848951,5767.0,5878.0,12.660726070404053,0.8358626365661621,13.496588706970215,5600.0,6181.6578947368425
ablation_no_fluid_state,897,38,9,P9,38,6.266666666666667e-05,0.0030102902310318314,5497.0,5554.0,12.01259708404541,0.7898433208465576,12.802440404891968,5367.0,5870.263157894737
ablation_no_fluid_state,898,38,10,P10,38,6.2625e-05,-0.016467500012367964,5700.0,5684.0,7.723456859588623,0.5304107666015625,8.253867626190186,5526.0,5881.3421052631575
ablation_no_fluid_state,899,38,11,P11,38,6.258333333333334e-05,-0.016274224733933806,11452.0,11491.0,14.729658842086792,1.0083982944488525,15.738057136535645,11389.0,11790.868421052632
ablation_no_fluid_state,900,38,12,P12,38,6.254166666666668e-05,0.008220146701205522,12228.0,12130.0,17.6951162815094,1.23543381690979,18.93055009841919,11879.0,12642.236842105263
ablation_no_fluid_state,901,38,13,P13,38,6.25e-05,0.01129493018379435,19771.0,19622.0,41.6417818069458,3.2158753871917725,44.85765719413757,19468.0,20710.315789473683
ablation_no_fluid_state,902,38,14,P14,38,6.245833333333332e-05,-0.006010899669490755,22045.0,22063.0,41.543473958969116,3.092355966567993,44.63582992553711,21894.0,23025.552631578947
ablation_no_fluid_state,903,38,15,P15,38,6.241666666666666e-05,0.003549746426870115,20046.0,20258.0,41.866262912750244,3.144920587539673,45.01118350028992,20121.0,20868.63157894737
ablation_no_fluid_state,904,38,16,P16,38,6.237500000000001e-05,0.0010348520328989253,20840.0,20749.0,51.76563858985901,4.451381683349609,56.21702027320862,20596.0,21924.684210526317
ablation_no_fluid_state,905,38,17,P17,38,6.233333333333334e-05,-0.0024803013555356303,21115.0,20869.0,52.90452170372009,4.091567516326904,56.996089220047,20869.0,22080.973684210527
ablation_no_fluid_state,906,38,18,P18,38,6.229166666666667e-05,-0.0014392843877431005,20402.0,20380.0,48.829986333847046,3.8236308097839355,52.65361714363098,20326.0,21841.263157894737
ablation_no_fluid_state,907,38,19,P19,38,6.225000000000001e-05,0.004802877979818732,23916.0,23631.0,50.30649662017822,4.0570597648620605,54.36355638504028,23095.0,24338.71052631579
ablation_no_fluid_state,908,38,20,P20,38,6.220833333333333e-05,-0.0037014289293438194,22692.0,22632.0,53.29125952720642,4.399879455566406,57.69113898277283,22423.0,23642.07894736842
ablation_no_fluid_state,909,38,21,P21,38,6.216666666666666e-05,-0.00017353443126921775,24237.0,23726.0,57.085357427597046,4.542726516723633,61.62808394432068,23586.0,25239.71052631579
ablation_no_fluid_state,910,38,22,P22,38,6.2125e-05,0.002442039380548522,23524.0,23419.0,56.00447750091553,4.741238594055176,60.7457160949707,23256.0,24632.263157894737
ablation_no_fluid_state,911,38,23,P23,38,6.208333333333334e-05,0.005535147527033197,35099.0,36293.0,74.62192034721375,6.0889081954956055,80.71082854270935,35243.0,37110.57894736842
ablation_no_fluid_state,912,38,24,P24,38,6.204166666666667e-05,-0.005546072544530034,24072.0,24043.0,51.39723515510559,4.260844945907593,55.658080101013184,23762.0,25315.78947368421
ablation_no_fluid_state,913,39,1,P1,39,6.2e-05,-0.011522921675350517,6292.0,6152.0,12.125794887542725,0.8391268253326416,12.964921712875366,5940.0,6723.205128205128
ablation_no_fluid_state,914,39,2,P2,39,6.195833333333334e-05,-0.0011974535409535747,8364.0,8394.0,15.503688097000122,1.0356361865997314,16.539324283599854,8118.0,8961.76923076923
ablation_no_fluid_state,915,39,3,P3,39,6.191666666666666e-05,0.03517294907942414,6880.0,6303.0,11.223095178604126,0.7621850967407227,11.985280275344849,5875.0,6741.2307692307695
ablation_no_fluid_state,916,39,4,P4,39,6.1875e-05,-0.00800414034165442,3799.0,3774.0,8.588382244110107,0.5960125923156738,9.184394836425781,3678.0,4050.3076923076924
ablation_no_fluid_state,917,39,5,P5,39,6.183333333333334e-05,-0.016381753608584404,4339.0,4271.0,9.55529260635376,0.6535701751708984,10.208862781524658,4242.0,4463.076923076923
ablation_no_fluid_state,918,39,6,P6,39,6.179166666666667e-05,-0.021870174445211887,4082.0,4019.0,9.93270754814148,0.6869347095489502,10.61964225769043,3990.0,4176.051282051282
ablation_no_fluid_state,919,39,7,P7,39,6.175e-05,0.016461380058899522,6070.0,5960.0,14.598539590835571,0.9632174968719482,15.56175708770752,5750.0,6495.641025641025
ablation_no_fluid_state,920,39,8,P8,39,6.170833333333333e-05,0.0011520035623107105,5794.0,5824.0,12.799493312835693,0.867154598236084,13.666647911071777,5600.0,6172.48717948718
ablation_no_fluid_state,921,39,9,P9,39,6.166666666666667e-05,-0.0035100746899843216,5440.0,5524.0,12.204273700714111,0.7803301811218262,12.984603881835938,5367.0,5861.384615384615
ablation_no_fluid_state,922,39,10,P10,39,6.1625e-05,-0.01611572550609708,5673.0,5690.0,7.599147319793701,0.5399613380432129,8.139108657836914,5526.0,5876.4358974358975
ablation_no_fluid_state,923,39,11,P11,39,6.158333333333334e-05,0.005923431715928018,11434.0,11467.0,14.415621757507324,0.9541599750518799,15.369781732559204,11389.0,11782.564102564103
ablation_no_fluid_state,924,39,12,P12,39,6.154166666666668e-05,-0.00789590016938746,12070.0,12075.0,17.07704758644104,1.1856870651245117,18.26273465156555,11879.0,12627.692307692309
ablation_no_fluid_state,925,39,13,P13,39,6.15e-05,0.006837367342086509,19865.0,19692.0,40.47230315208435,3.1284713745117188,43.60077452659607,19468.0,20684.20512820513
ablation_no_fluid_state,926,39,14,P14,39,6.145833333333333e-05,-0.00711179559584707,21997.0,22071.0,41.92479491233826,3.3558764457702637,45.28067135810852,21894.0,23001.076923076922
ablation_no_fluid_state,927,39,15,P15,39,6.141666666666668e-05,0.008294823375763372,20585.0,20514.0,43.82539892196655,3.3204894065856934,47.145888328552246,20121.0,20859.53846153846
ablation_no_fluid_state,928,39,16,P16,39,6.1375e-05,-0.005625393777154386,20837.0,20561.0,53.04534959793091,4.1639792919158936,57.2093288898468,20561.0,21889.71794871795
ablation_no_fluid_state,929,39,17,P17,39,6.133333333333334e-05,0.0009696849345345981,21242.0,21468.0,53.342920541763306,4.225823163986206,57.56874370574951,20869.0,22065.25641025641
ablation_no_fluid_state,930,39,18,P18,39,6.129166666666667e-05,-0.0038849695236422123,20512.0,20269.0,51.15741801261902,3.9825525283813477,55.139970541000366,20269.0,21800.94871794872
ablation_no_fluid_state,931,39,19,P19,39,6.125000000000001e-05,0.004652424901723862,24128.0,23416.0,50.31314444541931,4.028692960739136,54.34183740615845,23095.0,24315.05128205128
ablation_no_fluid_state,932,39,20,P20,39,6.120833333333333e-05,-0.0036299332627095283,22812.0,22698.0,53.14340806007385,4.553300619125366,57.69670867919922,22423.0,23617.871794871793
ablation_no_fluid_state,933,39,21,P21,39,6.116666666666667e-05,-0.0005984834300761577,24446.0,23788.0,57.50664019584656,4.747112035751343,62.2537522315979,23586.0,25202.48717948718
ablation_no_fluid_state,934,39,22,P22,39,6.112500000000001e-05,0.0019134680012939497,23655.0,23528.0,56.67279076576233,4.6639673709869385,61.33675813674927,23256.0,24603.94871794872
ablation_no_fluid_state,935,39,23,P23,39,6.108333333333333e-05,0.0037810186872125734,34610.0,36451.0,74.75013303756714,6.034550189971924,80.78468322753906,35243.0,37093.666666666664
ablation_no_fluid_state,936,39,24,P24,39,6.104166666666667e-05,-0.003759098891168833,24480.0,23927.0,51.83594584465027,4.066859722137451,55.90280556678772,23762.0,25280.17948717949
ablation_no_fluid_state,937,40,1,P1,40,6.1e-05,0.0029316559666767716,6292.0,6071.0,11.722734928131104,0.789078950881958,12.511813879013062,5940.0,6706.9
ablation_no_fluid_state,938,40,2,P2,40,6.095833333333334e-05,-0.0005077680043541477,8484.0,8383.0,14.727571249008179,0.9952523708343506,15.72282361984253,8118.0,8947.3
ablation_no_fluid_state,939,40,3,P3,40,6.0916666666666666e-05,-0.006846730779216159,6013.0,5950.0,10.790189027786255,0.7483153343200684,11.538504362106323,5875.0,6721.45
ablation_no_fluid_state,940,40,4,P4,40,6.0875e-05,0.01283690077252686,3778.0,3770.0,8.447683572769165,0.5729560852050781,9.020639657974243,3678.0,4043.3
ablation_no_fluid_state,941,40,5,P5,40,6.083333333333334e-05,0.023300023283809423,4339.0,4262.0,9.300035238265991,0.6077876091003418,9.907822847366333,4242.0,4458.05
ablation_no_fluid_state,942,40,6,P6,40,6.079166666666667e-05,-0.004883020184934139,4007.0,4037.0,9.562872648239136,0.6473166942596436,10.21018934249878,3990.0,4172.575
ablation_no_fluid_state,943,40,7,P7,40,6.074999999999999e-05,-0.0027901068970095366,5917.0,5910.0,14.206963539123535,0.9342176914215088,15.141181230545044,5750.0,6481.0
ablation_no_fluid_state,944,40,8,P8,40,6.0708333333333336e-05,-0.0031417006393894553,5717.0,5647.0,12.406784534454346,0.8107399940490723,13.217524528503418,5600.0,6159.35
ablation_no_fluid_state,945,40,9,P9,40,6.066666666666667e-05,0.010669473558664322,5527.0,5437.0,11.750967741012573,0.7756321430206299,12.526599884033203,5367.0,5850.775
ablation_no_fluid_state,946,40,10,P10,40,6.0624999999999996e-05,-0.02324105938896537,5681.0,5726.0,7.5773913860321045,0.5141267776489258,8.09151816368103,5526.0,5872.675
ablation_no_fluid_state,947,40,11,P11,40,6.058333333333333e-05,-0.032095203176140785,11513.0,11434.0,14.69577956199646,1.0721008777618408,15.7678804397583,11389.0,11773.85
ablation_no_fluid_state,948,40,12,P12,40,6.054166666666668e-05,0.011446188320405781,12060.0,11998.0,17.71432113647461,1.2705600261688232,18.984881162643433,11879.0,12611.95
ablation_no_fluid_state,949,40,13,P13,40,6.05e-05,0.014471224625594914,19865.0,19574.0,41.49280548095703,3.204744577407837,44.69755005836487,19468.0,20656.45
ablation_no_fluid_state,950,40,14,P14,40,6.045833333333333e-05,-0.006485868972958997,21900.0,22081.0,41.85083198547363,3.227485179901123,45.078317165374756,21894.0,22978.075
ablation_no_fluid_state,951,40,15,P15,40,6.0416666666666674e-05,0.0016404435673393891,20323.0,20210.0,43.820539236068726,3.3577823638916016,47.17832159996033,20121.0,20843.3
ablation_no_fluid_state,952,40,16,P16,40,6.0375000000000004e-05,-0.000842763887703768,20967.0,20829.0,53.046098947525024,4.157610654830933,57.20370960235596,20561.0,21863.2
ablation_no_fluid_state,953,40,17,P17,40,6.0333333333333334e-05,0.00020730918768094853,21317.0,21038.0,52.491594314575195,4.083901643753052,56.57549595832825,20869.0,22039.575
ablation_no_fluid_state,954,40,18,P18,40,6.029166666666667e-05,-0.003091467428021133,20377.0,20349.0,47.88336491584778,3.9894216060638428,51.87278652191162,20269.0,21764.65
ablation_no_fluid_state,955,40,19,P19,40,6.025000000000001e-05,0.004937341064214706,23792.0,23851.0,51.4443154335022,4.096213340759277,55.540528774261475,23095.0,24303.45
ablation_no_fluid_state,956,40,20,P20,40,6.020833333333333e-05,-0.0035355227417312564,22812.0,22745.0,54.266791343688965,4.38688063621521,58.653671979904175,22423.0,23596.05
ablation_no_fluid_state,957,40,21,P21,40,6.0166666666666674e-05,-0.0006529047728690785,23966.0,23641.0,57.80448937416077,4.666287422180176,62.47077679634094,23586.0,25163.45
ablation_no_fluid_state,958,40,22,P22,40,6.012500000000001e-05,0.0026752930891234426,23729.0,23177.0,58.07886028289795,4.803131580352783,62.88199186325073,23177.0,24568.275
ablation_no_fluid_state,959,40,23,P23,40,6.0083333333333335e-05,0.003958498820013899,34756.0,36706.0,74.27908992767334,5.90411114692688,80.18320107460022,35243.0,37083.975
ablation_no_fluid_state,960,40,24,P24,40,6.0041666666666665e-05,-0.00720531833358109,24203.0,24015.0,50.58461236953735,4.287905216217041,54.872517585754395,23762.0,25248.55
ablation_no_fluid_state,961,41,1,P1,41,6e-05,0.0006873365200590342,6292.0,6152.0,12.157728672027588,0.8702876567840576,13.028016328811646,5940.0,6693.365853658536
ablation_no_fluid_state,962,41,2,P2,41,5.995833333333334e-05,-0.00015407537557621254,8494.0,8374.0,15.467819929122925,1.0816237926483154,16.54944372177124,8118.0,8933.317073170732
ablation_no_fluid_state,963,41,3,P3,41,5.991666666666667e-05,0.022376588312909007,6530.0,6089.0,10.932572841644287,0.7392444610595703,11.671817302703857,5875.0,6706.024390243902
ablation_no_fluid_state,964,41,4,P4,41,5.9875000000000005e-05,-0.007836119271814823,3826.0,3810.0,8.547685146331787,0.56661057472229,9.114295721054077,3678.0,4037.609756097561
ablation_no_fluid_state,965,41,5,P5,41,5.983333333333334e-05,-0.015309683047235012,4312.0,4257.0,9.309642791748047,0.610112190246582,9.919754981994629,4242.0,4453.1463414634145
ablation_no_fluid_state,966,41,6,P6,41,5.9791666666666665e-05,-0.013184957904741168,4067.0,4094.0,9.751862287521362,0.6614916324615479,10.41335391998291,3990.0,4170.658536585366
ablation_no_fluid_state,967,41,7,P7,41,5.9749999999999995e-05,-0.002879511011997238,5857.0,5980.0,14.282339334487915,0.9636585712432861,15.245997905731201,5750.0,6468.780487804878
ablation_no_fluid_state,968,41,8,P8,41,5.9708333333333346e-05,0.019340944243595004,6017.0,5757.0,12.615126609802246,0.8504338264465332,13.46556043624878,5600.0,6149.536585365854
ablation_no_fluid_state,969,41,9,P9,41,5.966666666666667e-05,-0.013461888185702264,5494.0,5437.0,12.006654739379883,0.7982511520385742,12.804905891418457,5367.0,5840.682926829269
ablation_no_fluid_state,970,41,10,P10,41,5.9625e-05,-0.014007719000801444,5639.0,5644.0,7.642143726348877,0.5289955139160156,8.171139240264893,5526.0,5867.09756097561
ablation_no_fluid_state,971,41,11,P11,41,5.9583333333333336e-05,-0.00012333751510595903,11496.0,11434.0,14.751121997833252,1.0053586959838867,15.756480693817139,11389.0,11765.560975609756
ablation_no_fluid_state,972,41,12,P12,41,5.954166666666667e-05,0.0038178484101081267,12175.0,12075.0,17.68902087211609,1.2250986099243164,18.914119482040405,11879.0,12598.853658536585
ablation_no_fluid_state,973,41,13,P13,41,5.95e-05,0.0046946935035521165,19865.0,19577.0,41.64368987083435,3.1791343688964844,44.822824239730835,19468.0,20630.121951219513
ablation_no_fluid_state,974,41,14,P14,41,5.945833333333334e-05,-0.006357091944664717,21963.0,21939.0,42.54189324378967,3.053713321685791,45.595606565475464,21894.0,22952.731707317074
ablation_no_fluid_state,975,41,15,P15,41,5.9416666666666677e-05,0.006891525874380022,20270.0,20294.0,41.827844858169556,3.2072994709014893,45.035144329071045,20121.0,20829.90243902439
ablation_no_fluid_state,976,41,16,P16,41,5.9375e-05,-0.0024631868174765257,20896.0,20571.0,51.058900117874146,4.171715259552002,55.23061537742615,20561.0,21831.682926829268
ablation_no_fluid_state,977,41,17,P17,41,5.933333333333333e-05,0.0032570229028351604,21503.0,20936.0,52.554975748062134,4.199992895126343,56.75496864318848,20869.0,22012.658536585364
ablation_no_fluid_state,978,41,18,P18,41,5.929166666666667e-05,-0.007243170356377959,20372.0,20361.0,48.13414144515991,3.816483497619629,51.95062494277954,20269.0,21730.414634146342
ablation_no_fluid_state,979,41,19,P19,41,5.9250000000000004e-05,0.004062407626770436,23523.0,23535.0,50.49017381668091,4.1377854347229,54.62795925140381,23095.0,24284.70731707317
ablation_no_fluid_state,980,41,20,P20,41,5.9208333333333334e-05,-0.0006444177532102912,22799.0,22679.0,55.040743350982666,4.451900482177734,59.4926438331604,22423.0,23573.682926829268
ablation_no_fluid_state,981,41,21,P21,41,5.916666666666667e-05,-0.0022597822186071425,23987.0,23612.0,57.26921772956848,4.512759447097778,61.78197717666626,23586.0,25125.60975609756
ablation_no_fluid_state,982,41,22,P22,41,5.912500000000001e-05,0.0035965350805781783,23705.0,23404.0,56.585195541381836,4.54509711265564,61.130292654037476,23177.0,24539.878048780487
ablation_no_fluid_state,983,41,23,P23,41,5.908333333333334e-05,0.0010023793719093582,33756.0,36443.0,76.0185112953186,6.387040138244629,82.40555143356323,35243.0,37068.34146341463
ablation_no_fluid_state,984,41,24,P24,41,5.904166666666666e-05,-0.0024493530974723397,24416.0,23758.0,51.080132484436035,4.133413553237915,55.21354603767395,23758.0,25212.19512195122
ablation_no_fluid_state,985,42,1,P1,42,5.900000000000001e-05,-0.0016071887348516611,6152.0,6184.0,11.862636804580688,0.8026542663574219,12.66529107093811,5940.0,6681.238095238095
ablation_no_fluid_state,986,42,2,P2,42,5.8958333333333334e-05,0.0008696746081113815,8409.0,8475.0,15.09480905532837,1.0077838897705078,16.102592945098877,8118.0,8922.404761904761
ablation_no_fluid_state,987,42,3,P3,42,5.8916666666666664e-05,0.009745173796545714,6530.0,6676.0,10.913992404937744,0.741718053817749,11.655710458755493,5875.0,6705.309523809524
ablation_no_fluid_state,988,42,4,P4,42,5.8875e-05,0.004222637042403221,3781.0,3778.0,8.50715947151184,0.5738039016723633,9.080963373184204,3678.0,4031.4285714285716
ablation_no_fluid_state,989,42,5,P5,42,5.883333333333334e-05,0.0038567023584619164,4262.0,4262.0,9.54835295677185,0.6306865215301514,10.179039478302002,4242.0,4448.5952380952385
ablation_no_fluid_state,990,42,6,P6,42,5.879166666666667e-05,-0.0046524329809471965,4142.0,4094.0,9.755780935287476,0.6530807018280029,10.408861637115479,3990.0,4168.833333333333
ablation_no_fluid_state,991,42,7,P7,42,5.8750000000000005e-05,-0.03591011418029666,6010.0,5870.0,14.636094331741333,0.9728407859802246,15.608935117721558,5750.0,6454.523809523809
ablation_no_fluid_state,992,42,8,P8,42,5.870833333333334e-05,0.02530746511183679,5837.0,5747.0,12.829312086105347,0.8361020088195801,13.665414094924927,5600.0,6139.952380952381
ablation_no_fluid_state,993,42,9,P9,42,5.866666666666667e-05,0.0007926844300527591,5437.0,5467.0,12.25501012802124,0.8357353210449219,13.090745449066162,5367.0,5831.785714285715
ablation_no_fluid_state,994,42,10,P10,42,5.8624999999999995e-05,-0.029220989905297756,5626.0,5550.0,7.797000169754028,0.5197503566741943,8.316750526428223,5526.0,5859.547619047619
ablation_no_fluid_state,995,42,11,P11,42,5.858333333333333e-05,-0.017815856146626174,11451.0,11481.0,14.877278566360474,1.0102474689483643,15.887526035308838,11389.0,11758.785714285714
ablation_no_fluid_state,996,42,12,P12,42,5.8541666666666676e-05,0.00977545278146863,12220.0,12220.0,17.319176197052002,1.1595137119293213,18.478689908981323,11879.0,12589.833333333334
ablation_no_fluid_state,997,42,13,P13,42,5.85e-05,0.017395814531482756,19654.0,19692.0,39.99034643173218,3.056710720062256,43.047057151794434,19468.0,20607.785714285714
ablation_no_fluid_state,998,42,14,P14,42,5.8458333333333336e-05,-0.007829293055692688,22093.0,22095.0,40.96676754951477,3.3494842052459717,44.31625175476074,21894.0,22932.309523809523
ablation_no_fluid_state,999,42,15,P15,42,5.841666666666667e-05,0.0058824797451961786,20396.0,20130.0,43.824289083480835,3.3642523288726807,47.188541412353516,20121.0,20813.238095238095
ablation_no_fluid_state,1000,42,16,P16,42,5.8375e-05,-0.003187030937988311,20632.0,20539.0,52.11195373535156,4.052696466445923,56.164650201797485,20539.0,21800.904761904763
ablation_no_fluid_state,1001,42,17,P17,42,5.8333333333333326e-05,0.002506524825002998,21157.0,21027.0,53.04265999794006,4.160734415054321,57.203394412994385,20869.0,21989.190476190477
ablation_no_fluid_state,1002,42,18,P18,42,5.8291666666666676e-05,-0.0035248513566330077,20378.0,20380.0,49.75629901885986,3.901371717453003,53.657670736312866,20269.0,21698.261904761905
ablation_no_fluid_state,1003,42,19,P19,42,5.8250000000000006e-05,0.004524109757039696,23733.0,23522.0,51.16835427284241,4.0427539348602295,55.21110820770264,23095.0,24266.54761904762
ablation_no_fluid_state,1004,42,20,P20,42,5.820833333333333e-05,-0.003822693589609116,22662.0,22572.0,52.69214463233948,4.185248136520386,56.87739276885986,22423.0,23549.833333333332
ablation_no_fluid_state,1005,42,21,P21,42,5.8166666666666667e-05,0.0007405184613162418,24267.0,23870.0,57.691824436187744,4.8410563468933105,62.532880783081055,23586.0,25095.714285714286
ablation_no_fluid_state,1006,42,22,P22,42,5.812500000000001e-05,0.001093077396217268,23634.0,23462.0,61.4813129901886,4.667393207550049,66.14870619773865,23177.0,24514.214285714286
ablation_no_fluid_state,1007,42,23,P23,42,5.8083333333333333e-05,0.0019614525081124157,33124.0,32961.0,75.82114577293396,6.293889760971069,82.11503553390503,32961.0,36970.54761904762
ablation_no_fluid_state,1008,42,24,P24,42,5.804166666666667e-05,-0.00226889499463141,24558.0,23901.0,52.245354652404785,4.1936280727386475,56.43898272514343,23758.0,25180.97619047619
ablation_no_fluid_state,1009,43,1,P1,43,5.800000000000001e-05,-0.005507317720912397,6292.0,6152.0,12.305904865264893,0.7972395420074463,13.103144407272339,5940.0,6668.930232558139
ablation_no_fluid_state,1010,43,2,P2,43,5.795833333333334e-05,7.048431871226057e-05,8592.0,8504.0,15.194742202758789,1.0154509544372559,16.210193157196045,8118.0,8912.67441860465
ablation_no_fluid_state,1011,43,3,P3,43,5.791666666666666e-05,0.0006750745706085581,6091.0,6034.0,10.70864748954773,0.736828088760376,11.445475578308105,5875.0,6689.697674418605
ablation_no_fluid_state,1012,43,4,P4,43,5.7875000000000004e-05,0.011745217489078641,3780.0,3810.0,8.431502103805542,0.5546188354492188,8.98612093925476,3678.0,4026.279069767442
ablation_no_fluid_state,1013,43,5,P5,43,5.783333333333334e-05,0.0079620317555964,4386.0,4272.0,9.230779886245728,0.612828254699707,9.843608140945435,4242.0,4444.488372093023
ablation_no_fluid_state,1014,43,6,P6,43,5.7791666666666664e-05,-0.0038695483235642314,3997.0,4104.0,9.555447578430176,0.6305022239685059,10.185949802398682,3990.0,4167.325581395349
ablation_no_fluid_state,1015,43,7,P7,43,5.775e-05,-3.596657006710302e-05,6040.0,5970.0,14.183641910552979,0.9487295150756836,15.132371425628662,5750.0,6443.2558139534885
ablation_no_fluid_state,1016,43,8,P8,43,5.7708333333333345e-05,-0.006771245272830129,5714.0,5687.0,12.304028034210205,0.8146545886993408,13.118682622909546,5600.0,6129.418604651163
ablation_no_fluid_state,1017,43,9,P9,43,5.766666666666667e-05,0.002189489299780689,5467.0,5477.0,11.65647268295288,0.7775592803955078,12.434031963348389,5367.0,5823.53488372093
ablation_no_fluid_state,1018,43,10,P10,43,5.7625e-05,-0.00979545246809721,5690.0,5706.0,7.65356969833374,0.5211970806121826,8.174766778945923,5526.0,5855.976744186047
ablation_no_fluid_state,1019,43,11,P11,43,5.7583333333333335e-05,-0.02310391655191779,11496.0,11434.0,14.423016548156738,0.9662015438079834,15.389218091964722,11389.0,11751.232558139534
ablation_no_fluid_state,1020,43,12,P12,43,5.754166666666667e-05,0.012237642658874393,12190.0,12107.0,17.473989725112915,1.289259910583496,18.76324963569641,11879.0,12578.60465116279
ablation_no_fluid_state,1021,43,13,P13,43,5.7499999999999995e-05,0.016657537198625505,19813.0,19839.0,41.29412817955017,3.270453929901123,44.564582109451294,19468.0,20589.906976744187
ablation_no_fluid_state,1022,43,14,P14,43,5.745833333333334e-05,-0.007573028560727835,22066.0,22086.0,41.69471287727356,3.2116904258728027,44.90640330314636,21894.0,22912.627906976744
ablation_no_fluid_state,1023,43,15,P15,43,5.7416666666666675e-05,0.0033395869395462796,20378.0,20216.0,43.435625314712524,3.366448402404785,46.80207371711731,20121.0,20799.3488372093
ablation_no_fluid_state,1024,43,16,P16,43,5.7375e-05,-0.0030129623250104488,20505.0,20613.0,52.8803973197937,4.137771844863892,57.01816916465759,20539.0,21773.279069767443
ablation_no_fluid_state,1025,43,17,P17,43,5.733333333333333e-05,0.001982524577761069,21143.0,21125.0,52.816855669021606,4.051025867462158,56.867881536483765,20869.0,21969.093023255813
ablation_no_fluid_state,1026,43,18,P18,43,5.729166666666668e-05,-0.0011942721950617852,20553.0,20331.0,48.03233528137207,3.7220261096954346,51.754361391067505,20269.0,21666.46511627907
ablation_no_fluid_state,1027,43,19,P19,43,5.725e-05,0.0035574382171034815,23977.0,23550.0,50.0432186126709,4.279705286026001,54.3229238986969,23095.0,24249.883720930233
ablation_no_fluid_state,1028,43,20,P20,43,5.720833333333333e-05,-0.0037421602290123703,22646.0,22624.0,54.52858114242554,4.343283653259277,58.871864795684814,22423.0,23528.302325581397
ablation_no_fluid_state,1029,43,21,P21,43,5.716666666666667e-05,0.0010244332333968487,24162.0,23749.0,56.88814353942871,4.601284027099609,61.48942756652832,23586.0,25064.39534883721
ablation_no_fluid_state,1030,43,22,P22,43,5.7125000000000006e-05,-1.4644711700384506e-05,23646.0,23304.0,57.17844343185425,4.718636751174927,61.897080183029175,23177.0,24486.06976744186
ablation_no_fluid_state,1031,43,23,P23,43,5.7083333333333336e-05,0.0064770814995946625,35256.0,35056.0,75.00559282302856,5.849284648895264,80.85487747192383,32961.0,36926.023255813954
ablation_no_fluid_state,1032,43,24,P24,43,5.704166666666667e-05,-0.008139773341827094,23904.0,24038.0,49.97446799278259,4.094126224517822,54.068594217300415,23758.0,25154.39534883721
ablation_no_fluid_state,1033,44,1,P1,44,5.700000000000001e-05,-0.011275222001131624,6155.0,6044.0,12.523553848266602,0.8684091567993164,13.391963005065918,5940.0,6654.727272727273
ablation_no_fluid_state,1034,44,2,P2,44,5.695833333333333e-05,0.004693452501669526,8358.0,8504.0,15.388009548187256,1.022993564605713,16.41100311279297,8118.0,8903.386363636364
ablation_no_fluid_state,1035,44,3,P3,44,5.691666666666666e-05,0.027389100287109613,6462.0,6303.0,10.928973913192749,0.7484896183013916,11.67746353149414,5875.0,6680.909090909091
ablation_no_fluid_state,1036,44,4,P4,44,5.6875e-05,-0.0033839080133475363,3753.0,3810.0,8.88163948059082,0.5717339515686035,9.453373432159424,3678.0,4021.3636363636365
ablation_no_fluid_state,1037,44,5,P5,44,5.683333333333334e-05,-0.01170626562088728,4257.0,4262.0,9.424996614456177,0.6753048896789551,10.100301504135132,4242.0,4440.340909090909
ablation_no_fluid_state,1038,44,6,P6,44,5.679166666666667e-05,-0.009015616495162249,4085.0,4064.0,9.630929946899414,0.6470916271209717,10.278021574020386,3990.0,4164.977272727273
ablation_no_fluid_state,1039,44,7,P7,44,5.6750000000000004e-05,0.00992223434150219,5937.0,5960.0,14.372336387634277,0.9490668773651123,15.32140326499939,5750.0,6432.272727272727
ablation_no_fluid_state,1040,44,8,P8,44,5.670833333333334e-05,-0.012283612508326769,5597.0,5687.0,12.516405820846558,0.8307335376739502,13.347139358520508,5600.0,6119.363636363636
ablation_no_fluid_state,1041,44,9,P9,44,5.666666666666667e-05,0.0026703373150667176,5487.0,5467.0,11.723730564117432,0.7953095436096191,12.51904010772705,5367.0,5815.431818181818
ablation_no_fluid_state,1042,44,10,P10,44,5.6624999999999994e-05,-0.015485018491744995,5695.0,5611.0,7.57397985458374,0.5161442756652832,8.090124130249023,5526.0,5850.409090909091
ablation_no_fluid_state,1043,44,11,P11,44,5.6583333333333344e-05,-0.009971877792850137,11593.0,11520.0,14.431791305541992,1.0023939609527588,15.434185266494751,11389.0,11745.977272727272
ablation_no_fluid_state,1044,44,12,P12,44,5.654166666666667e-05,0.000856113527333946,12034.0,12120.0,17.323200941085815,1.1892039775848389,18.512404918670654,11879.0,12568.181818181818
ablation_no_fluid_state,1045,44,13,P13,44,5.65e-05,0.01164402806898579,19614.0,19572.0,41.06774592399597,3.198908805847168,44.26665472984314,19468.0,20566.772727272728
ablation_no_fluid_state,1046,44,14,P14,44,5.6458333333333335e-05,-0.004154503491008654,21978.0,22137.0,42.55241370201111,3.360045909881592,45.9124596118927,21894.0,22895.0
ablation_no_fluid_state,1047,44,15,P15,44,5.641666666666667e-05,0.0009649383528085309,20340.0,20175.0,43.59362316131592,3.2097716331481934,46.80339479446411,20121.0,20785.159090909092
ablation_no_fluid_state,1048,44,16,P16,44,5.6375e-05,-0.0009943407043465414,20695.0,20702.0,51.374932050704956,4.009793043136597,55.38472509384155,20539.0,21748.93181818182
ablation_no_fluid_state,1049,44,17,P17,44,5.633333333333334e-05,-0.00040896658465499057,21267.0,21163.0,51.73382043838501,4.2889299392700195,56.02275037765503,20869.0,21950.772727272728
ablation_no_fluid_state,1050,44,18,P18,44,5.6291666666666675e-05,-0.000710717909532832,20395.0,20427.0,49.56242632865906,3.81837797164917,53.38080430030823,20269.0,21638.295454545456
ablation_no_fluid_state,1051,44,19,P19,44,5.6250000000000005e-05,0.0033841512340586632,23821.0,23541.0,50.31832575798035,4.033661365509033,54.35198712348938,23095.0,24233.772727272728
ablation_no_fluid_state,1052,44,20,P20,44,5.620833333333333e-05,-0.003756904695183039,22703.0,22763.0,54.757179498672485,4.435650587081909,59.192830085754395,22423.0,23510.909090909092
ablation_no_fluid_state,1053,44,21,P21,44,5.6166666666666665e-05,-0.00010169619308726396,24238.0,23720.0,58.2405149936676,4.662701606750488,62.90321660041809,23586.0,25033.840909090908
ablation_no_fluid_state,1054,44,22,P22,44,5.6125e-05,0.0019374953204533084,23761.0,23787.0,56.204350233078,4.55373740196228,60.75808763504028,23177.0,24470.18181818182
ablation_no_fluid_state,1055,44,23,P23,44,5.608333333333333e-05,0.0046964039959545645,34460.0,34495.0,73.19167304039001,6.373534917831421,79.56520795822144,32961.0,36870.77272727273
ablation_no_fluid_state,1056,44,24,P24,44,5.604166666666667e-05,-0.004284317034762353,24341.0,23982.0,50.929497957229614,4.184895753860474,55.11439371109009,23758.0,25127.75
ablation_no_fluid_state,1057,45,1,P1,45,5.6000000000000006e-05,-0.00939975184155628,6152.0,6152.0,11.959828853607178,0.8224005699157715,12.78222942352295,5940.0,6643.555555555556
ablation_no_fluid_state,1058,45,2,P2,45,5.5958333333333336e-05,0.007035503920633346,8504.0,8364.0,15.075336933135986,1.0491983890533447,16.12453532218933,8118.0,8891.4
ablation_no_fluid_state,1059,45,3,P3,45,5.591666666666666e-05,0.01697229231649544,6435.0,6089.0,10.763435125350952,0.7238409519195557,11.487276077270508,5875.0,6667.7555555555555
ablation_no_fluid_state,1060,45,4,P4,45,5.587500000000001e-05,0.006485098972916603,3816.0,3786.0,8.565073728561401,0.5786607265472412,9.143734455108643,3678.0,4016.133333333333
ablation_no_fluid_state,1061,45,5,P5,45,5.583333333333334e-05,-0.00457435438875109,4351.0,4327.0,9.352034091949463,0.614077091217041,9.966111183166504,4242.0,4437.822222222222
ablation_no_fluid_state,1062,45,6,P6,45,5.579166666666666e-05,-0.007693378254771233,4084.0,4104.0,9.684360027313232,0.635498046875,10.319858074188232,3990.0,4163.622222222222
ablation_no_fluid_state,1063,45,7,P7,45,5.575e-05,-0.0004863826288783457,6060.0,5990.0,14.210757493972778,0.9677202701568604,15.178477764129639,5750.0,6422.444444444444
ablation_no_fluid_state,1064,45,8,P8,45,5.5708333333333343e-05,-0.006460659089498222,5747.0,5687.0,12.821897506713867,0.8652188777923584,13.687116384506226,5600.0,6109.7555555555555
ablation_no_fluid_state,1065,45,9,P9,45,5.566666666666667e-05,0.0019509553021634929,5407.0,5417.0,11.805662393569946,0.771183967590332,12.576846361160278,5367.0,5806.577777777778
ablation_no_fluid_state,1066,45,10,P10,45,5.5625000000000004e-05,-0.03264334052801132,5595.0,5550.0,7.5207579135894775,0.5257515907287598,8.046509504318237,5526.0,5843.733333333334
ablation_no_fluid_state,1067,45,11,P11,45,5.558333333333334e-05,-0.025989927351474762,11496.0,11474.0,14.460413455963135,1.0010335445404053,15.46144700050354,11389.0,11739.933333333332
ablation_no_fluid_state,1068,45,12,P12,45,5.554166666666667e-05,0.016806058352813125,12011.0,12184.0,17.50231695175171,1.211681604385376,18.713998556137085,11879.0,12559.644444444444
ablation_no_fluid_state,1069,45,13,P13,45,5.5499999999999994e-05,0.016162149782758206,19654.0,19696.0,40.70910930633545,3.0917673110961914,43.80087661743164,19468.0,20547.422222222223
ablation_no_fluid_state,1070,45,14,P14,45,5.545833333333334e-05,-0.006276141561102122,22128.0,22045.0,40.42623448371887,3.0590274333953857,43.48526191711426,21894.0,22876.11111111111
ablation_no_fluid_state,1071,45,15,P15,45,5.5416666666666674e-05,0.0036864092107862234,20334.0,20248.0,42.97844481468201,3.436983346939087,46.415428161621094,20121.0,20773.222222222223
ablation_no_fluid_state,1072,45,16,P16,45,5.5375e-05,-0.0005284534687234555,20962.0,20532.0,52.77212476730347,4.211635589599609,56.983760356903076,20532.0,21721.88888888889
ablation_no_fluid_state,1073,45,17,P17,45,5.5333333333333334e-05,-0.0002960996196634369,21238.0,20831.0,51.88150715827942,4.128193378448486,56.009700536727905,20831.0,21925.88888888889
ablation_no_fluid_state,1074,45,18,P18,45,5.529166666666668e-05,-0.0014763600862352177,20408.0,20286.0,48.91920852661133,3.879779100418091,52.79898762702942,20269.0,21608.244444444445
ablation_no_fluid_state,1075,45,19,P19,45,5.525e-05,0.0011221421555092093,23608.0,23320.0,51.412745237350464,4.240423679351807,55.65316891670227,23095.0,24213.466666666667
ablation_no_fluid_state,1076,45,20,P20,45,5.520833333333333e-05,-0.0013959852178231813,22772.0,22752.0,53.54848337173462,4.301750421524048,57.85023379325867,22423.0,23494.044444444444
ablation_no_fluid_state,1077,45,21,P21,45,5.5166666666666675e-05,-0.0011005172802470043,24089.0,23830.0,56.461885929107666,4.755740404129028,61.217626333236694,23586.0,25007.088888888888
ablation_no_fluid_state,1078,45,22,P22,45,5.5125000000000005e-05,0.002603297116002068,23841.0,23507.0,56.727139711380005,4.820254564285278,61.54739427566528,23177.0,24448.777777777777
ablation_no_fluid_state,1079,45,23,P23,45,5.508333333333333e-05,0.0033899285065542373,34460.0,34678.0,74.39554119110107,6.042520761489868,80.43806195259094,32961.0,36822.044444444444
ablation_no_fluid_state,1080,45,24,P24,45,5.504166666666667e-05,-0.005650783912278712,24109.0,23906.0,50.96580386161804,4.119420051574707,55.08522391319275,23758.0,25100.6
ablation_no_fluid_state,1081,46,1,P1,46,5.500000000000001e-05,-0.007034090755041689,6211.0,6071.0,11.772569417953491,0.8117918968200684,12.58436131477356,5940.0,6631.108695652174
ablation_no_fluid_state,1082,46,2,P2,46,5.495833333333333e-05,-0.0034502533089835197,8278.0,8494.0,15.083986520767212,1.0246953964233398,16.10868191719055,8118.0,8882.760869565218
ablation_no_fluid_state,1083,46,3,P3,46,5.491666666666667e-05,0.027119444450363517,6666.0,6238.0,11.025671243667603,0.754152774810791,11.779824018478394,5875.0,6658.413043478261
ablation_no_fluid_state,1084,46,4,P4,46,5.487500000000001e-05,0.005171353346668184,3744.0,3812.0,8.537977933883667,0.5719008445739746,9.109878778457642,3678.0,4011.695652173913
ablation_no_fluid_state,1085,46,5,P5,46,5.4833333333333336e-05,0.0022620270028710365,4257.0,4242.0,9.456647396087646,0.591238260269165,10.047885656356812,4242.0,4433.565217391304
ablation_no_fluid_state,1086,46,6,P6,46,5.4791666666666666e-05,-0.00011428175639593974,4110.0,4094.0,9.550787448883057,0.6390738487243652,10.189861297607422,3990.0,4162.108695652174
ablation_no_fluid_state,1087,46,7,P7,46,5.475e-05,0.02463145018555224,6079.0,6020.0,14.047302484512329,0.9365668296813965,14.983869314193726,5750.0,6413.695652173913
ablation_no_fluid_state,1088,46,8,P8,46,5.470833333333334e-05,-0.02128911903128028,5887.0,5798.0,12.419970273971558,0.8103868961334229,13.23035717010498,5600.0,6102.978260869565
ablation_no_fluid_state,1089,46,9,P9,46,5.466666666666666e-05,-0.006757320079486817,5507.0,5487.0,11.815119743347168,0.7720468044281006,12.587166547775269,5367.0,5799.630434782609
ablation_no_fluid_state,1090,46,10,P10,46,5.4625000000000006e-05,-0.011431375751271844,5684.0,5611.0,7.390563249588013,0.5015571117401123,7.892120361328125,5526.0,5838.673913043478
ablation_no_fluid_state,1091,46,11,P11,46,5.458333333333334e-05,-0.02215714706107974,11559.0,11496.0,14.242170095443726,0.9883718490600586,15.230541944503784,11389.0,11734.630434782608
ablation_no_fluid_state,1092,46,12,P12,46,5.4541666666666667e-05,0.0033100071304943413,12128.0,12020.0,17.163252115249634,1.1927690505981445,18.35602116584778,11879.0,12547.91304347826
ablation_no_fluid_state,1093,46,13,P13,46,5.4499999999999997e-05,0.014326128468383104,19835.0,19402.0,42.049715995788574,3.297894239425659,45.34761023521423,19402.0,20522.521739130436
ablation_no_fluid_state,1094,46,14,P14,46,5.4458333333333333e-05,-0.0024562473845435306,22432.0,22042.0,41.129443407058716,3.12703800201416,44.256481409072876,21894.0,22857.978260869564
ablation_no_fluid_state,1095,46,15,P15,46,5.441666666666667e-05,-0.0031584021853632294,20311.0,20250.0,42.754207134246826,3.224825382232666,45.97903251647949,20121.0,20761.847826086956
ablation_no_fluid_state,1096,46,16,P16,46,5.4375e-05,0.0023005088965874164,20974.0,20744.0,52.48266267776489,4.195979118347168,56.67864179611206,20532.0,21700.630434782608
ablation_no_fluid_state,1097,46,17,P17,46,5.433333333333334e-05,-0.000898505591248977,21636.0,21046.0,53.550940990448,4.260965585708618,57.811906576156616,20831.0,21906.760869565216
ablation_no_fluid_state,1098,46,18,P18,46,5.4291666666666674e-05,-0.002346976287662983,20428.0,20527.0,48.58850431442261,3.771090030670166,52.35959434509277,20269.0,21584.739130434784
ablation_no_fluid_state,1099,46,19,P19,46,5.4250000000000004e-05,0.002806255574978422,23843.0,23893.0,49.60403919219971,4.1440300941467285,53.748069286346436,23095.0,24206.5
ablation_no_fluid_state,1100,46,20,P20,46,5.420833333333333e-05,-0.003005805815337226,22715.0,22630.0,53.760282039642334,4.509472846984863,58.2697548866272,22423.0,23475.260869565216
ablation_no_fluid_state,1101,46,21,P21,46,5.416666666666668e-05,0.001831572513037827,24052.0,23711.0,57.96995759010315,4.665405511856079,62.63536310195923,23586.0,24978.91304347826
ablation_no_fluid_state,1102,46,22,P22,46,5.4125e-05,-0.00023128024258767255,23965.0,23507.0,57.63456082344055,4.707313537597656,62.34187436103821,23177.0,24428.304347826088
ablation_no_fluid_state,1103,46,23,P23,46,5.408333333333333e-05,0.00857233620315258,35793.0,35360.0,75.9238874912262,6.340251922607422,82.26413941383362,32961.0,36790.260869565216
ablation_no_fluid_state,1104,46,24,P24,46,5.404166666666667e-05,-0.00733267106115818,24225.0,23891.0,51.06472182273865,4.1031389236450195,55.16786074638367,23758.0,25074.304347826088
ablation_no_fluid_state,1105,47,1,P1,47,5.4000000000000005e-05,-0.006516162597108632,6152.0,6071.0,11.847450733184814,0.8079853057861328,12.655436038970947,5940.0,6619.191489361702
ablation_no_fluid_state,1106,47,2,P2,47,5.3958333333333335e-05,0.006097645265981555,8578.0,8324.0,14.619624614715576,1.014467716217041,15.634092330932617,8118.0,8870.872340425532
ablation_no_fluid_state,1107,47,3,P3,47,5.391666666666667e-05,0.018194747739471495,6890.0,6305.0,10.67430830001831,0.7665829658508301,11.44089126586914,5875.0,6650.893617021276
ablation_no_fluid_state,1108,47,4,P4,47,5.387500000000001e-05,-0.005464606685563922,3812.0,3806.0,8.474045753479004,0.5553426742553711,9.029388427734375,3678.0,4007.31914893617
ablation_no_fluid_state,1109,47,5,P5,47,5.383333333333334e-05,-0.0027581965550780296,4237.0,4242.0,9.622486591339111,0.6539723873138428,10.276458978652954,4242.0,4429.489361702128
ablation_no_fluid_state,1110,47,6,P6,47,5.379166666666666e-05,-0.005503067164681852,3984.0,4064.0,9.857410192489624,0.7098467350006104,10.567256927490234,3990.0,4160.021276595745
ablation_no_fluid_state,1111,47,7,P7,47,5.375e-05,-0.00017670125816948712,6080.0,5960.0,14.465479373931885,0.9342930316925049,15.39977240562439,5750.0,6404.04255319149
ablation_no_fluid_state,1112,47,8,P8,47,5.3708333333333336e-05,-0.003560734970960766,5737.0,5877.0,12.415719032287598,0.8202579021453857,13.235976934432983,5600.0,6098.170212765957
ablation_no_fluid_state,1113,47,9,P9,47,5.3666666666666666e-05,0.015487847733311355,5777.0,5657.0,11.714259147644043,0.7822878360748291,12.496546983718872,5367.0,5796.595744680851
ablation_no_fluid_state,1114,47,10,P10,47,5.3625e-05,-0.02602859539911151,5644.0,5550.0,7.431399822235107,0.5218110084533691,7.953210830688477,5526.0,5832.531914893617
ablation_no_fluid_state,1115,47,11,P11,47,5.358333333333334e-05,-0.020438682287931442,11496.0,11559.0,14.43050765991211,1.0029010772705078,15.433408737182617,11389.0,11730.893617021276
ablation_no_fluid_state,1116,47,12,P12,47,5.354166666666667e-05,-0.006636013917159289,12022.0,11902.0,17.556659936904907,1.2056066989898682,18.762266635894775,11879.0,12534.170212765957
ablation_no_fluid_state,1117,47,13,P13,47,5.349999999999999e-05,0.01143322407733649,19508.0,19476.0,40.6877555847168,3.201706886291504,43.8894624710083,19402.0,20500.255319148935
ablation_no_fluid_state,1118,47,14,P14,47,5.345833333333334e-05,-0.000811227469057485,22183.0,22131.0,41.024659872055054,3.159987688064575,44.18464756011963,21894.0,22842.510638297874
ablation_no_fluid_state,1119,47,15,P15,47,5.341666666666667e-05,-0.0012784634627678315,20214.0,20052.0,42.52027487754822,3.412374496459961,45.93264937400818,20052.0,20746.744680851065
ablation_no_fluid_state,1120,47,16,P16,47,5.3374999999999996e-05,0.0026163546717725694,20703.0,20707.0,52.153337240219116,4.099474906921387,56.2528121471405,20532.0,21679.489361702126
ablation_no_fluid_state,1121,47,17,P17,47,5.333333333333333e-05,0.0002222981842351146,21354.0,20986.0,51.51715850830078,4.220519304275513,55.737677812576294,20831.0,21887.17021276596
ablation_no_fluid_state,1122,47,18,P18,47,5.329166666666667e-05,-0.002626842283643782,20598.0,20629.0,48.72930145263672,4.064307451248169,52.79360890388489,20269.0,21564.40425531915
ablation_no_fluid_state,1123,47,19,P19,47,5.325e-05,0.004601066850591451,23763.0,23819.0,50.21347165107727,4.126640319824219,54.34011197090149,23095.0,24198.255319148935
ablation_no_fluid_state,1124,47,20,P20,47,5.320833333333334e-05,-0.004987657780293375,22812.0,22864.0,54.5238401889801,4.395122528076172,58.918962717056274,22423.0,23462.255319148935
ablation_no_fluid_state,1125,47,21,P21,47,5.3166666666666674e-05,0.0011080366995884106,23921.0,24014.0,58.63429141044617,4.661957263946533,63.2962486743927,23586.0,24958.382978723403
ablation_no_fluid_state,1126,47,22,P22,47,5.3125000000000004e-05,0.0005262266735371668,23575.0,23582.0,57.13164734840393,4.489908933639526,61.62155628204346,23177.0,24410.297872340427
ablation_no_fluid_state,1127,47,23,P23,47,5.308333333333333e-05,0.00925166196455913,35643.0,35106.0,73.2389144897461,6.323509931564331,79.56242442131042,32961.0,36754.425531914894
ablation_no_fluid_state,1128,47,24,P24,47,5.3041666666666664e-05,-0.007441156846471131,23858.0,23827.0,51.75827765464783,4.289096832275391,56.04737448692322,23758.0,25047.76595744681
ablation_no_fluid_state,1129,48,1,P1,48,5.300000000000001e-05,-0.012397900223731995,6014.0,6012.0,11.877092599868774,0.839247465133667,12.716340065002441,5940.0,6606.541666666667
ablation_no_fluid_state,1130,48,2,P2,48,5.295833333333333e-05,0.0027633630961645395,8364.0,8765.0,14.980503797531128,1.030935287475586,16.011439085006714,8118.0,8868.666666666666
ablation_no_fluid_state,1131,48,3,P3,48,5.291666666666667e-05,0.02675544796511531,6612.0,6530.0,10.912859678268433,0.74102783203125,11.653887510299683,5875.0,6648.375
ablation_no_fluid_state,1132,48,4,P4,48,5.2875000000000005e-05,0.008778832852840424,3778.0,3778.0,8.4714834690094,0.5828664302825928,9.054349899291992,3678.0,4002.5416666666665
ablation_no_fluid_state,1133,48,5,P5,48,5.2833333333333335e-05,0.00676312914583832,4267.0,4307.0,9.408494234085083,0.628180980682373,10.036675214767456,4242.0,4426.9375
ablation_no_fluid_state,1134,48,6,P6,48,5.2791666666666665e-05,-0.012185638770461082,4002.0,4034.0,9.687474489212036,0.6973791122436523,10.384853601455688,3990.0,4157.395833333333
ablation_no_fluid_state,1135,48,7,P7,48,5.275000000000001e-05,-0.0048113227530848235,5900.0,5930.0,14.248515844345093,0.9342079162597656,15.182723760604858,5750.0,6394.166666666667
ablation_no_fluid_state,1136,48,8,P8,48,5.270833333333334e-05,0.008198297466151416,5858.0,5907.0,12.730530977249146,0.8454959392547607,13.576026916503906,5600.0,6094.1875
ablation_no_fluid_state,1137,48,9,P9,48,5.266666666666666e-05,0.0011730932574209874,5617.0,5627.0,12.06216311454773,0.8200109004974365,12.882174015045166,5367.0,5793.0625
ablation_no_fluid_state,1138,48,10,P10,48,5.2625000000000005e-05,-0.02219954039901495,5686.0,5696.0,7.566879749298096,0.524099588394165,8.09097933769226,5526.0,5829.6875
ablation_no_fluid_state,1139,48,11,P11,48,5.258333333333334e-05,-0.021815071115270257,11559.0,11559.0,14.771382808685303,0.9927866458892822,15.764169454574585,11389.0,11727.3125
ablation_no_fluid_state,1140,48,12,P12,48,5.2541666666666665e-05,0.0010152691247640178,11945.0,12065.0,18.256455898284912,1.2370409965515137,19.493496894836426,11879.0,12524.395833333334
ablation_no_fluid_state,1141,48,13,P13,48,5.25e-05,0.012764482467900962,19541.0,19602.0,42.20006847381592,3.1277997493743896,45.32786822319031,19402.0,20481.541666666668
ablation_no_fluid_state,1142,48,14,P14,48,5.2458333333333346e-05,-0.0027347495561116375,22155.0,22362.0,40.41918468475342,3.065870761871338,43.485055446624756,21894.0,22832.5
ablation_no_fluid_state,1143,48,15,P15,48,5.241666666666667e-05,5.818418139824644e-05,20584.0,20324.0,41.39745044708252,3.2033228874206543,44.600773334503174,20052.0,20737.9375
ablation_no_fluid_state,1144,48,16,P16,48,5.2375e-05,0.002790371543960646,21008.0,20988.0,52.75235366821289,4.2433624267578125,56.9957160949707,20532.0,21665.083333333332
ablation_no_fluid_state,1145,48,17,P17,48,5.2333333333333336e-05,-0.0011923473721253686,21449.0,21544.0,52.51001715660095,4.178470134735107,56.68848729133606,20831.0,21880.020833333332
ablation_no_fluid_state,1146,48,18,P18,48,5.229166666666667e-05,-0.003013574567739852,20749.0,20684.0,49.27716064453125,3.8669216632843018,53.14408230781555,20269.0,21546.0625
ablation_no_fluid_state,1147,48,19,P19,48,5.2249999999999996e-05,0.005125568038783968,24172.0,23833.0,50.95084309577942,4.138714075088501,55.08955717086792,23095.0,24190.645833333332
ablation_no_fluid_state,1148,48,20,P20,48,5.220833333333334e-05,-0.00419706815155223,23048.0,22760.0,54.50202178955078,4.184477090835571,58.68649888038635,22423.0,23447.625
ablation_no_fluid_state,1149,48,21,P21,48,5.2166666666666677e-05,-0.000737126692183665,23867.0,23807.0,55.554526805877686,4.429644584655762,59.98417139053345,23586.0,24934.395833333332
ablation_no_fluid_state,1150,48,22,P22,48,5.2125e-05,0.0012564422602736158,23563.0,23604.0,55.68481183052063,4.814668416976929,60.49948024749756,23177.0,24393.5
ablation_no_fluid_state,1151,48,23,P23,48,5.208333333333333e-05,0.008711682349842573,36097.0,35256.0,74.7015323638916,6.226114273071289,80.92764663696289,32961.0,36723.208333333336
ablation_no_fluid_state,1152,48,24,P24,48,5.204166666666668e-05,-0.006529532792046666,24076.0,24156.0,51.54524254798889,4.238448619842529,55.78369116783142,23758.0,25029.1875
ablation_no_fluid_state,1153,49,1,P1,49,5.2000000000000004e-05,0.003898199473042041,6324.0,6152.0,12.163736343383789,0.805229902267456,12.968966245651245,5940.0,6597.265306122449
ablation_no_fluid_state,1154,49,2,P2,49,5.1958333333333334e-05,-0.0017305081746599171,8741.0,8940.0,15.523167133331299,1.0486454963684082,16.571812629699707,8118.0,8870.122448979591
ablation_no_fluid_state,1155,49,3,P3,49,5.191666666666667e-05,0.018284075835254043,6806.0,6530.0,11.170931816101074,0.7433936595916748,11.914325475692749,5875.0,6645.959183673469
ablation_no_fluid_state,1156,49,4,P4,49,5.187500000000001e-05,-0.007011725567281246,3777.0,3812.0,8.703413248062134,0.5886106491088867,9.29202389717102,3678.0,3998.6530612244896
ablation_no_fluid_state,1157,49,5,P5,49,5.183333333333333e-05,0.0013279495760798454,4312.0,4312.0,9.760118007659912,0.6657009124755859,10.425818920135498,4242.0,4424.591836734694
ablation_no_fluid_state,1158,49,6,P6,49,5.1791666666666674e-05,-0.007071473868563771,4067.0,4042.0,9.891059398651123,0.687619686126709,10.578679084777832,3990.0,4155.040816326531
ablation_no_fluid_state,1159,49,7,P7,49,5.175000000000001e-05,-0.006396394805051386,5870.0,5930.0,14.70121145248413,1.0035526752471924,15.704764127731323,5750.0,6384.693877551021
ablation_no_fluid_state,1160,49,8,P8,49,5.1708333333333334e-05,0.007286411244422197,5717.0,5877.0,12.774508476257324,0.829075813293457,13.603584289550781,5600.0,6089.755102040816
ablation_no_fluid_state,1161,49,9,P9,49,5.1666666666666664e-05,0.006746683735400438,5553.0,5507.0,11.663351058959961,0.7851531505584717,12.448504209518433,5367.0,5787.224489795918
ablation_no_fluid_state,1162,49,10,P10,49,5.1625e-05,-0.02240510145202279,5625.0,5550.0,7.311912775039673,0.5080070495605469,7.81991982460022,5526.0,5823.9795918367345
ablation_no_fluid_state,1163,49,11,P11,49,5.158333333333334e-05,-0.022444237023591995,11559.0,11559.0,14.458514928817749,1.0001757144927979,15.458690643310547,11389.0,11723.877551020409
ablation_no_fluid_state,1164,49,12,P12,49,5.154166666666667e-05,0.009276684490032494,12068.0,12063.0,17.49833917617798,1.1687648296356201,18.6671040058136,11879.0,12514.979591836734
ablation_no_fluid_state,1165,49,13,P13,49,5.1500000000000005e-05,0.013566618843469769,19708.0,19682.0,40.01103210449219,3.259664297103882,43.27069640159607,19402.0,20465.224489795917
ablation_no_fluid_state,1166,49,14,P14,49,5.145833333333334e-05,-0.0049094958521891385,22304.0,22279.0,41.98009514808655,3.2569007873535156,45.23699593544006,21894.0,22821.20408163265
ablation_no_fluid_state,1167,49,15,P15,49,5.141666666666667e-05,-0.000448132666406309,20444.0,20177.0,42.75821280479431,3.2807209491729736,46.038933753967285,20052.0,20726.48979591837
ablation_no_fluid_state,1168,49,16,P16,49,5.1374999999999995e-05,0.0024124748597387224,20857.0,20810.0,52.20904850959778,4.099994659423828,56.309043169021606,20532.0,21647.632653061224
ablation_no_fluid_state,1169,49,17,P17,49,5.133333333333333e-05,-0.00011052605841541663,21566.0,21574.0,53.25634789466858,4.173448801040649,57.42979669570923,20831.0,21873.775510204083
ablation_no_fluid_state,1170,49,18,P18,49,5.129166666666667e-05,-0.003535806550644338,20332.0,20410.0,50.132097244262695,3.8109493255615234,53.94304656982422,20269.0,21522.877551020407
ablation_no_fluid_state,1171,49,19,P19,49,5.125e-05,0.0036601258791051803,23526.0,23790.0,49.013075828552246,3.929994583129883,52.94307041168213,23095.0,24182.469387755104
ablation_no_fluid_state,1172,49,20,P20,49,5.1208333333333336e-05,-0.0024289056222187356,22886.0,22638.0,52.35188388824463,4.451315402984619,56.80319929122925,22423.0,23431.102040816328
ablation_no_fluid_state,1173,49,21,P21,49,5.116666666666667e-05,-0.0004780796884006122,24021.0,23878.0,57.589003801345825,4.74618124961853,62.335185050964355,23586.0,24912.836734693876
ablation_no_fluid_state,1174,49,22,P22,49,5.1125e-05,0.00189327332409448,23707.0,23347.0,56.841339111328125,4.735529661178589,61.576868772506714,23177.0,24372.14285714286
ablation_no_fluid_state,1175,49,23,P23,49,5.1083333333333326e-05,0.007407866834130671,36143.0,34893.0,75.19904398918152,6.1769678592681885,81.3760118484497,32961.0,36685.857142857145
ablation_no_fluid_state,1176,49,24,P24,49,5.1041666666666676e-05,-0.007593906996771693,23886.0,24110.0,51.669156312942505,4.059952974319458,55.72910928726196,23758.0,25010.428571428572
ablation_no_fluid_state,1177,50,1,P1,50,5.1000000000000006e-05,-0.006042441789759323,6256.0,6152.0,11.872843265533447,0.7948107719421387,12.667654037475586,5940.0,6588.36
ablation_no_fluid_state,1178,50,2,P2,50,5.095833333333333e-05,0.004834391496842727,8712.0,8520.0,14.86543583869934,1.0217094421386719,15.887145280838013,8118.0,8863.12
ablation_no_fluid_state,1179,50,3,P3,50,5.0916666666666666e-05,0.01848968176636845,6744.0,6661.0,10.67702603340149,0.7365045547485352,11.413530588150024,5875.0,6646.26
ablation_no_fluid_state,1180,50,4,P4,50,5.0875e-05,-0.010602728463709354,3748.0,3812.0,8.277921915054321,0.5554709434509277,8.833392858505249,3678.0,3994.92
ablation_no_fluid_state,1181,50,5,P5,50,5.0833333333333333e-05,0.005027271225117147,4352.0,4307.0,9.28127384185791,0.6165122985839844,9.897786140441895,4242.0,4422.24
ablation_no_fluid_state,1182,50,6,P6,50,5.079166666666667e-05,-0.0061838345136493444,4054.0,4002.0,9.490424156188965,0.6328814029693604,10.123305559158325,3990.0,4151.98
ablation_no_fluid_state,1183,50,7,P7,50,5.075000000000001e-05,-0.015218261047266424,5840.0,5850.0,14.048063039779663,0.9405694007873535,14.988632440567017,5750.0,6374.0
ablation_no_fluid_state,1184,50,8,P8,50,5.070833333333334e-05,0.026537239085882902,5957.0,5757.0,12.444973707199097,0.816697359085083,13.26167106628418,5600.0,6083.1
ablation_no_fluid_state,1185,50,9,P9,50,5.066666666666666e-05,-0.011573256808333099,5523.0,5615.0,11.802195072174072,0.7889997959136963,12.591194868087769,5367.0,5783.78
ablation_no_fluid_state,1186,50,10,P10,50,5.0625e-05,-0.014876406406983733,5731.0,5680.0,7.549016237258911,0.5229635238647461,8.071979761123657,5526.0,5821.1
ablation_no_fluid_state,1187,50,11,P11,50,5.058333333333334e-05,-0.015414609340950847,11475.0,11559.0,15.262600660324097,0.9827556610107422,16.24535632133484,11389.0,11720.58
ablation_no_fluid_state,1188,50,12,P12,50,5.0541666666666664e-05,0.01069644931703806,11940.0,12026.0,17.319430351257324,1.1776747703552246,18.49710512161255,11879.0,12505.2
ablation_no_fluid_state,1189,50,13,P13,50,5.05e-05,0.017070421017706394,19885.0,19754.0,40.66098594665527,3.117417812347412,43.778403759002686,19402.0,20451.0
ablation_no_fluid_state,1190,50,14,P14,50,5.045833333333334e-05,-0.0070531149103771895,22268.0,22474.0,41.12654399871826,3.1446971893310547,44.271241188049316,21894.0,22814.26
ablation_no_fluid_state,1191,50,15,P15,50,5.041666666666667e-05,0.0013469269124470884,20187.0,20402.0,43.089590311050415,3.340735912322998,46.43032622337341,20052.0,20720.0
ablation_no_fluid_state,1192,50,16,P16,50,5.037499999999999e-05,0.0025753805006388576,21085.0,20881.0,53.60637712478638,4.124683618545532,57.73106074333191,20532.0,21632.3
ablation_no_fluid_state,1193,50,17,P17,50,5.033333333333334e-05,-0.00081461953377584,21735.0,21428.0,51.641549587249756,4.056640148162842,55.6981897354126,20831.0,21864.86
ablation_no_fluid_state,1194,50,18,P18,50,5.029166666666667e-05,-0.004279685160145164,20400.0,20399.0,48.06058645248413,4.02504825592041,52.08563470840454,20269.0,21500.4
ablation_no_fluid_state,1195,50,19,P19,50,5.0249999999999995e-05,0.004703080572653562,24008.0,23899.0,50.63005614280701,4.202723979949951,54.83278012275696,23095.0,24176.8
ablation_no_fluid_state,1196,50,20,P20,50,5.020833333333333e-05,-0.0034949604829307645,23046.0,23093.0,53.43115162849426,4.273060083389282,57.704211711883545,22423.0,23424.34
ablation_no_fluid_state,1197,50,21,P21,50,5.0166666666666675e-05,-0.0008449025013760547,24088.0,23912.0,56.58216738700867,4.591336011886597,61.173503398895264,23586.0,24892.82
ablation_no_fluid_state,1198,50,22,P22,50,5.0125e-05,0.0014748189569218084,23777.0,23467.0,58.30684757232666,4.863126754760742,63.1699743270874,23177.0,24354.04
ablation_no_fluid_state,1199,50,23,P23,50,5.0083333333333335e-05,0.007870725322780865,36156.0,35206.0,73.16718339920044,5.9034974575042725,79.07068085670471,32961.0,36656.26
ablation_no_fluid_state,1200,50,24,P24,50,5.004166666666667e-05,-0.007248630886897445,23929.0,23932.0,50.82205247879028,4.410151243209839,55.23220372200012,23758.0,24988.86
ablation_no_fluid_state,1201,51,1,P1,51,5e-05,0.0029162936698412523,6292.0,6321.0,11.81172227859497,0.7902941703796387,12.60201644897461,5940.0,6583.117647058823
ablation_no_fluid_state,1202,51,2,P2,51,4.995833333333334e-05,0.00487061362946406,8912.0,8932.0,15.455915927886963,0.9777965545654297,16.433712482452393,8118.0,8864.470588235294
ablation_no_fluid_state,1203,51,3,P3,51,4.991666666666667e-05,0.02066369168460369,7016.0,6609.0,10.526697158813477,0.7111132144927979,11.237810373306274,5875.0,6645.529411764706
ablation_no_fluid_state,1204,51,4,P4,51,4.9875000000000006e-05,-0.01088337367400527,3717.0,3804.0,8.300286531448364,0.552574872970581,8.852861404418945,3678.0,3991.176470588235
ablation_no_fluid_state,1205,51,5,P5,51,4.983333333333333e-05,0.007160021457821131,4322.0,4312.0,9.226951122283936,0.6315641403198242,9.85851526260376,4242.0,4420.078431372549
ablation_no_fluid_state,1206,51,6,P6,51,4.979166666666667e-05,-0.002897648373618722,4077.0,4067.0,9.608749628067017,0.67336106300354,10.282110691070557,3990.0,4150.313725490196
ablation_no_fluid_state,1207,51,7,P7,51,4.975000000000001e-05,-0.003396164160221815,5900.0,5996.0,13.989739656448364,0.9412171840667725,14.930956840515137,5750.0,6366.588235294118
ablation_no_fluid_state,1208,51,8,P8,51,4.970833333333333e-05,0.0302456715144217,6124.0,6074.0,12.452557802200317,0.8254203796386719,13.27797818183899,5600.0,6082.921568627451
ablation_no_fluid_state,1209,51,9,P9,51,4.966666666666667e-05,-0.012801324832253158,5826.0,5726.0,11.718352794647217,0.7828030586242676,12.501155853271484,5367.0,5782.64705882353
ablation_no_fluid_state,1210,51,10,P10,51,4.9625e-05,-0.036170702427625656,5580.0,5580.0,7.636467456817627,0.5029582977294922,8.13942575454712,5526.0,5816.3725490196075
ablation_no_fluid_state,1211,51,11,P11,51,4.958333333333334e-05,-0.023150385357439518,11559.0,11496.0,14.460554361343384,1.0111737251281738,15.471728086471558,11389.0,11716.176470588236
ablation_no_fluid_state,1212,51,12,P12,51,4.954166666666667e-05,0.016506627667695284,12009.0,12211.0,17.478317975997925,1.1914498805999756,18.6697678565979,11879.0,12499.43137254902
ablation_no_fluid_state,1213,51,13,P13,51,4.9500000000000004e-05,0.018842502729967237,19835.0,19878.0,41.11653995513916,3.1834511756896973,44.29999113082886,19402.0,20439.764705882353
ablation_no_fluid_state,1214,51,14,P14,51,4.945833333333334e-05,-0.007727731339400634,22153.0,22212.0,42.123026609420776,3.1507444381713867,45.27377104759216,21894.0,22802.450980392157
ablation_no_fluid_state,1215,51,15,P15,51,4.9416666666666664e-05,0.00046669280345668085,20326.0,20094.0,41.844417572021484,3.208469867706299,45.05288743972778,20052.0,20707.725490196077
ablation_no_fluid_state,1216,51,16,P16,51,4.937500000000001e-05,0.0018872822562116197,21125.0,20875.0,50.81747102737427,4.250973463058472,55.06844449043274,20532.0,21617.450980392157
ablation_no_fluid_state,1217,51,17,P17,51,4.933333333333333e-05,0.000499762587423902,21904.0,21442.0,52.534902572631836,4.1554930210113525,56.69039559364319,20831.0,21856.56862745098
ablation_no_fluid_state,1218,51,18,P18,51,4.929166666666667e-05,-0.004087729228194803,20600.0,20443.0,48.60874605178833,3.828990936279297,52.43773698806763,20269.0,21479.666666666668
ablation_no_fluid_state,1219,51,19,P19,51,4.9250000000000004e-05,0.0041238328325562176,24118.0,23983.0,49.96330499649048,4.047805070877075,54.011110067367554,23095.0,24173.0
ablation_no_fluid_state,1220,51,20,P20,51,4.9208333333333335e-05,-0.00369859958300367,22896.0,22775.0,53.10213565826416,4.4547278881073,57.55686354637146,22423.0,23411.607843137255
ablation_no_fluid_state,1221,51,21,P21,51,4.916666666666667e-05,0.0015269347495632246,24542.0,23867.0,57.83598041534424,4.49678111076355,62.33276152610779,23586.0,24872.70588235294
ablation_no_fluid_state,1222,51,22,P22,51,4.9125e-05,-0.0005619761403067968,23471.0,23360.0,55.57856488227844,4.467832326889038,60.04639720916748,23177.0,24334.549019607843
ablation_no_fluid_state,1223,51,23,P23,51,4.908333333333334e-05,0.010249103718836392,36397.0,35206.0,74.33890891075134,6.126770257949829,80.46567916870117,32961.0,36627.82352941176
ablation_no_fluid_state,1224,51,24,P24,51,4.904166666666666e-05,-0.010411923937499522,24107.0,24079.0,50.24133276939392,4.163289785385132,54.40462255477905,23758.0,24971.019607843136
ablation_no_fluid_state,1225,52,1,P1,52,4.9e-05,0.0018267922714585438,6292.0,6239.0,11.79491114616394,0.8085577487945557,12.603468894958496,5940.0,6576.5
ablation_no_fluid_state,1226,52,2,P2,52,4.895833333333334e-05,0.00858081819023937,8922.0,8818.0,15.025294780731201,1.0360264778137207,16.061321258544922,8118.0,8863.576923076924
ablation_no_fluid_state,1227,52,3,P3,52,4.8916666666666665e-05,0.012598625195096247,6828.0,6744.0,10.908297061920166,0.7495226860046387,11.657819747924805,5875.0,6647.423076923077
ablation_no_fluid_state,1228,52,4,P4,52,4.8875e-05,-0.012110785115510225,3699.0,3870.0,8.544013977050781,0.5977280139923096,9.14174199104309,3678.0,3988.846153846154
ablation_no_fluid_state,1229,52,5,P5,52,4.883333333333333e-05,0.001586285448865965,4262.0,4322.0,9.53793740272522,0.6401381492614746,10.178075551986694,4242.0,4418.192307692308
ablation_no_fluid_state,1230,52,6,P6,52,4.879166666666667e-05,0.0009253725875169039,4087.0,4002.0,10.023610591888428,0.6846950054168701,10.708305597305298,3990.0,4147.461538461538
ablation_no_fluid_state,1231,52,7,P7,52,4.8750000000000006e-05,0.009599164419341832,6000.0,5999.0,14.40837812423706,0.9582822322845459,15.366660356521606,5750.0,6359.5192307692305
ablation_no_fluid_state,1232,52,8,P8,52,4.8708333333333336e-05,0.0091723024379462,6007.0,6078.0,12.673417806625366,0.8447837829589844,13.51820158958435,5600.0,6082.826923076923
ablation_no_fluid_state,1233,52,9,P9,52,4.866666666666667e-05,0.004727501916931942,5856.0,5656.0,12.197477579116821,0.7916233539581299,12.989100933074951,5367.0,5780.211538461538
ablation_no_fluid_state,1234,52,10,P10,52,4.8624999999999996e-05,-0.033546519465744495,5544.0,5626.0,7.701309442520142,0.5276405811309814,8.228950023651123,5526.0,5812.711538461538
ablation_no_fluid_state,1235,52,11,P11,52,4.858333333333333e-05,-0.023784406716004014,11559.0,11559.0,14.704777479171753,1.0198681354522705,15.724645614624023,11389.0,11713.153846153846
ablation_no_fluid_state,1236,52,12,P12,52,4.8541666666666677e-05,0.005052081367466599,12325.0,11971.0,17.53761911392212,1.1462011337280273,18.683820247650146,11879.0,12489.26923076923
ablation_no_fluid_state,1237,52,13,P13,52,4.85e-05,0.01449840806890279,19869.0,19869.0,40.095383167266846,3.1057350635528564,43.2011182308197,19402.0,20428.78846153846
ablation_no_fluid_state,1238,52,14,P14,52,4.845833333333334e-05,-0.002696092808037065,22289.0,22241.0,40.18701696395874,3.3370420932769775,43.52405905723572,21894.0,22791.653846153848
ablation_no_fluid_state,1239,52,15,P15,52,4.841666666666667e-05,-0.0031559125127387233,20410.0,20340.0,43.46673059463501,3.5292184352874756,46.995949029922485,20052.0,20700.653846153848
ablation_no_fluid_state,1240,52,16,P16,52,4.8375000000000004e-05,0.0026340003358200194,20981.0,20775.0,51.37940812110901,4.060990333557129,55.44039845466614,20532.0,21601.25
ablation_no_fluid_state,1241,52,17,P17,52,4.8333333333333334e-05,0.0003513555355311837,21875.0,21588.0,52.69832730293274,4.183791637420654,56.882118940353394,20831.0,21851.403846153848
ablation_no_fluid_state,1242,52,18,P18,52,4.829166666666667e-05,-0.0028809455776354297,20475.0,20502.0,48.95245099067688,3.9148125648498535,52.86726355552673,20269.0,21460.865384615383
ablation_no_fluid_state,1243,52,19,P19,52,4.825000000000001e-05,0.005147781630512327,24112.0,23734.0,51.39957118034363,3.9618234634399414,55.36139464378357,23095.0,24164.55769230769
ablation_no_fluid_state,1244,52,20,P20,52,4.820833333333333e-05,-0.00424101073294878,23346.0,22863.0,53.39819693565369,4.225037336349487,57.623234272003174,22423.0,23401.05769230769
ablation_no_fluid_state,1245,52,21,P21,52,4.8166666666666674e-05,0.00024664992961334067,24150.0,23861.0,55.916497468948364,4.8873162269592285,60.80381369590759,23586.0,24853.25
ablation_no_fluid_state,1246,52,22,P22,52,4.8125e-05,0.001477763913862873,24023.0,23686.0,56.60234975814819,4.617715358734131,61.220065116882324,23177.0,24322.076923076922
ablation_no_fluid_state,1247,52,23,P23,52,4.8083333333333334e-05,0.006376544130034745,35701.0,35193.0,74.17605137825012,6.086846113204956,80.26289749145508,32961.0,36600.230769230766
ablation_no_fluid_state,1248,52,24,P24,52,4.804166666666667e-05,-0.007374830963090062,24124.0,24074.0,51.780019998550415,4.161818265914917,55.94183826446533,23758.0,24953.76923076923
ablation_no_fluid_state,1249,53,1,P1,53,4.8e-05,-0.0005697272208635695,6418.0,6354.0,12.068810939788818,0.8119640350341797,12.880774974822998,5940.0,6572.301886792453
ablation_no_fluid_state,1250,53,2,P2,53,4.795833333333334e-05,0.013787282397970557,9136.0,8925.0,15.226854085922241,1.0519661903381348,16.278820276260376,8118.0,8864.735849056604
ablation_no_fluid_state,1251,53,3,P3,53,4.791666666666667e-05,0.025800257921218872,6945.0,6661.0,10.716327428817749,0.7204656600952148,11.436793088912964,5875.0,6647.679245283019
ablation_no_fluid_state,1252,53,4,P4,53,4.7875000000000005e-05,-0.01595895364880562,3782.0,3847.0,8.330137491226196,0.5496318340301514,8.879769325256348,3678.0,3986.169811320755
ablation_no_fluid_state,1253,53,5,P5,53,4.783333333333334e-05,-0.007129285950213671,4312.0,4312.0,9.192180633544922,0.6185815334320068,9.810762166976929,4242.0,4416.188679245283
ablation_no_fluid_state,1254,53,6,P6,53,4.7791666666666665e-05,-0.01988112088292837,3978.0,3993.0,9.543663501739502,0.6295819282531738,10.173245429992676,3990.0,4144.547169811321
ablation_no_fluid_state,1255,53,7,P7,53,4.775000000000001e-05,-0.004447496234206483,5814.0,5810.0,13.988233089447021,0.9480500221252441,14.936283111572266,5750.0,6349.1509433962265
ablation_no_fluid_state,1256,53,8,P8,53,4.770833333333333e-05,0.0193334287032485,5920.0,5777.0,12.223588228225708,0.8104629516601562,13.034051179885864,5600.0,6077.056603773585
ablation_no_fluid_state,1257,53,9,P9,53,4.766666666666667e-05,0.00497222418198362,5673.0,5507.0,11.496847867965698,0.7632918357849121,12.26013970375061,5367.0,5775.056603773585
ablation_no_fluid_state,1258,53,10,P10,53,4.7625e-05,-0.017354297451674938,5681.0,5690.0,7.274513244628906,0.4926280975341797,7.767141342163086,5526.0,5810.396226415094
ablation_no_fluid_state,1259,53,11,P11,53,4.7583333333333336e-05,-0.023933327291160822,11553.0,11655.0,14.224245309829712,0.964423418045044,15.188668727874756,11389.0,11712.056603773584
ablation_no_fluid_state,1260,53,12,P12,53,4.754166666666667e-05,-0.0014014279149705544,11961.0,11902.0,17.1776921749115,1.1521854400634766,18.329877614974976,11879.0,12478.188679245282
ablation_no_fluid_state,1261,53,13,P13,53,4.75e-05,0.01770700071938336,19893.0,19816.0,40.65422511100769,3.1829049587249756,43.837130069732666,19402.0,20417.22641509434
ablation_no_fluid_state,1262,53,14,P14,53,4.745833333333334e-05,-0.004244288895279169,22057.0,22101.0,40.947609663009644,3.1901776790618896,44.13778734207153,21894.0,22778.622641509435
ablation_no_fluid_state,1263,53,15,P15,53,4.741666666666666e-05,-0.0017426312078896444,20196.0,20063.0,42.51768898963928,3.278733491897583,45.796422481536865,20052.0,20688.622641509435
ablation_no_fluid_state,1264,53,16,P16,53,4.7375e-05,0.003585239720996469,20948.0,20626.0,52.92132043838501,4.228078126907349,57.14939856529236,20532.0,21582.849056603773
ablation_no_fluid_state,1265,53,17,P17,53,4.733333333333334e-05,-0.0017286433518165722,21241.0,21244.0,53.79062747955322,4.005333185195923,57.795960664749146,20831.0,21839.943396226416
ablation_no_fluid_state,1266,53,18,P18,53,4.7291666666666666e-05,-0.0020654898369684817,20280.0,20424.0,48.27097153663635,3.774197578430176,52.04516911506653,20269.0,21441.30188679245
ablation_no_fluid_state,1267,53,19,P19,53,4.725e-05,0.002929446182679385,23413.0,23608.0,49.574735164642334,4.2105419635772705,53.785277128219604,23095.0,24154.056603773584
ablation_no_fluid_state,1268,53,20,P20,53,4.720833333333333e-05,-0.0019366199383512139,22790.0,22718.0,54.40543293952942,4.378666400909424,58.78409934043884,22423.0,23388.169811320753
ablation_no_fluid_state,1269,53,21,P21,53,4.716666666666667e-05,-9.33749157411512e-05,24258.0,23941.0,57.15404224395752,4.589585065841675,61.743627309799194,23586.0,24836.037735849055
ablation_no_fluid_state,1270,53,22,P22,53,4.7125e-05,0.0013688268838450313,23794.0,23532.0,56.615849018096924,4.662253141403198,61.27810215950012,23177.0,24307.169811320753
ablation_no_fluid_state,1271,53,23,P23,53,4.708333333333334e-05,0.0035026024977144387,34318.0,34953.0,75.02406334877014,5.9091246128082275,80.93318796157837,32961.0,36569.15094339623
ablation_no_fluid_state,1272,53,24,P24,53,4.7041666666666674e-05,-0.0045074439723975955,24320.0,24132.0,50.05939435958862,4.09367561340332,54.15306997299194,23758.0,24938.264150943396
ablation_no_fluid_state,1273,54,1,P1,54,4.7e-05,-0.006959934864426032,6152.0,6184.0,11.540342330932617,0.7943475246429443,12.334689855575562,5940.0,6565.111111111111
ablation_no_fluid_state,1274,54,2,P2,54,4.695833333333334e-05,-0.001345234843029175,8442.0,8442.0,15.109251737594604,1.0248067378997803,16.134058475494385,8118.0,8856.907407407407
ablation_no_fluid_state,1275,54,3,P3,54,4.6916666666666664e-05,0.01630549249239266,6731.0,6316.0,10.866244554519653,0.7432513236999512,11.609495878219604,5875.0,6641.537037037037
ablation_no_fluid_state,1276,54,4,P4,54,4.6875e-05,0.003909322549588978,3848.0,3846.0,8.475106716156006,0.5545885562896729,9.029695272445679,3678.0,3983.574074074074
ablation_no_fluid_state,1277,54,5,P5,54,4.683333333333334e-05,0.0031594933243468404,4344.0,4249.0,9.641752243041992,0.6430997848510742,10.284852027893066,4242.0,4413.092592592592
ablation_no_fluid_state,1278,54,6,P6,54,4.679166666666667e-05,-0.004427957348525524,4097.0,4044.0,10.269916534423828,0.7012014389038086,10.971117973327637,3990.0,4142.685185185185
ablation_no_fluid_state,1279,54,7,P7,54,4.6750000000000005e-05,-0.013264326960779727,6060.0,6020.0,14.552815914154053,0.9689276218414307,15.521743535995483,5750.0,6343.055555555556
ablation_no_fluid_state,1280,54,8,P8,54,4.6708333333333335e-05,-0.0011357770035829162,5797.0,5831.0,12.664620876312256,0.8551297187805176,13.519750595092773,5600.0,6072.5
ablation_no_fluid_state,1281,54,9,P9,54,4.666666666666667e-05,0.0033952944140764885,5497.0,5484.0,12.075778007507324,0.7989635467529297,12.874741554260254,5367.0,5769.666666666667
ablation_no_fluid_state,1282,54,10,P10,54,4.662500000000001e-05,-0.00847979448735714,5670.0,5658.0,7.479924440383911,0.5167739391326904,7.996698379516602,5526.0,5807.574074074074
ablation_no_fluid_state,1283,54,11,P11,54,4.658333333333333e-05,-0.02300002845004201,11443.0,11434.0,14.600972890853882,1.0311577320098877,15.63213062286377,11389.0,11706.907407407407
ablation_no_fluid_state,1284,54,12,P12,54,4.6541666666666675e-05,0.00739041343331337,12076.0,12128.0,17.46708345413208,1.2017779350280762,18.668861389160156,11879.0,12471.703703703704
ablation_no_fluid_state,1285,54,13,P13,54,4.65e-05,0.017459695576690137,19975.0,19734.0,40.98435187339783,3.145333766937256,44.12968564033508,19402.0,20404.574074074073
ablation_no_fluid_state,1286,54,14,P14,54,4.6458333333333335e-05,-0.007759467320283875,21920.0,22044.0,41.45646548271179,3.180121421813965,44.63658690452576,21894.0,22765.01851851852
ablation_no_fluid_state,1287,54,15,P15,54,4.6416666666666666e-05,0.0021989631495671347,20111.0,19965.0,43.36051106452942,3.4617574214935303,46.82226848602295,19965.0,20675.222222222223
ablation_no_fluid_state,1288,54,16,P16,54,4.6375e-05,0.002656753431074321,20941.0,20776.0,50.97809886932373,4.036294221878052,55.01439309120178,20532.0,21567.90740740741
ablation_no_fluid_state,1289,54,17,P17,54,4.633333333333334e-05,0.0008072523811279098,21428.0,20872.0,51.31507086753845,4.273090839385986,55.58816170692444,20831.0,21822.01851851852
ablation_no_fluid_state,1290,54,18,P18,54,4.629166666666667e-05,-0.005175653158221394,20360.0,20485.0,48.73439335823059,3.9064152240753174,52.64080858230591,20269.0,21423.59259259259
ablation_no_fluid_state,1291,54,19,P19,54,4.6250000000000006e-05,0.003713481372687966,23685.0,23523.0,50.214261531829834,4.103365898132324,54.31762742996216,23095.0,24142.37037037037
ablation_no_fluid_state,1292,54,20,P20,54,4.620833333333333e-05,-0.0016038217581808567,22906.0,22780.0,54.4911675453186,4.409157037734985,58.90032458305359,22423.0,23376.90740740741
ablation_no_fluid_state,1293,54,21,P21,54,4.6166666666666666e-05,0.00031686577676737215,24320.0,23807.0,58.74370789527893,4.815313816070557,63.55902171134949,23586.0,24816.98148148148
ablation_no_fluid_state,1294,54,22,P22,54,4.612500000000001e-05,0.0006657861777057406,23769.0,23763.0,57.08835291862488,4.549280405044556,61.637633323669434,23177.0,24297.09259259259
ablation_no_fluid_state,1295,54,23,P23,54,4.608333333333333e-05,0.0011906958804632137,32796.0,33154.0,74.51686835289001,6.387409687042236,80.90427803993225,32961.0,36505.90740740741
ablation_no_fluid_state,1296,54,24,P24,54,4.604166666666667e-05,-0.002527694060700014,24349.0,24105.0,51.68298935890198,4.264995098114014,55.94798445701599,23758.0,24922.833333333332
ablation_no_fluid_state,1297,55,1,P1,55,4.6e-05,-0.011193584650754929,6152.0,6044.0,11.890352010726929,0.8097162246704102,12.700068235397339,5940.0,6555.636363636364
ablation_no_fluid_state,1298,55,2,P2,55,4.595833333333334e-05,-0.002415684735751711,8368.0,8438.0,15.146737575531006,1.029479742050171,16.176217317581177,8118.0,8849.290909090909
ablation_no_fluid_state,1299,55,3,P3,55,4.591666666666666e-05,0.020891444524750113,6506.0,6462.0,10.925872564315796,0.7593355178833008,11.685208082199097,5875.0,6638.272727272727
ablation_no_fluid_state,1300,55,4,P4,55,4.5875000000000004e-05,0.008551579667255282,3854.0,3887.0,8.661112308502197,0.5742948055267334,9.23540711402893,3678.0,3981.818181818182
ablation_no_fluid_state,1301,55,5,P5,55,4.583333333333334e-05,0.011226520175114274,4364.0,4297.0,9.429968118667603,0.6413547992706299,10.071322917938232,4242.0,4410.981818181818
ablation_no_fluid_state,1302,55,6,P6,55,4.5791666666666664e-05,-0.0038351748953573406,4080.0,3983.0,9.72243070602417,0.6549797058105469,10.377410411834717,3983.0,4139.781818181818
ablation_no_fluid_state,1303,55,7,P7,55,4.575e-05,-0.0023917606886243448,6120.0,6060.0,14.653613328933716,1.009692668914795,15.66330599784851,5750.0,6337.909090909091
ablation_no_fluid_state,1304,55,8,P8,55,4.570833333333333e-05,-0.008732222602702677,5901.0,5791.0,12.93684720993042,0.86271071434021,13.79955792427063,5600.0,6067.381818181818
ablation_no_fluid_state,1305,55,9,P9,55,4.566666666666667e-05,0.0006274788784139673,5557.0,5517.0,12.345288038253784,0.8240761756896973,13.169364213943481,5367.0,5765.072727272727
ablation_no_fluid_state,1306,55,10,P10,55,4.5625000000000004e-05,-0.018858937546610832,5600.0,5717.0,7.696691036224365,0.5317463874816895,8.228437423706055,5526.0,5805.927272727273
ablation_no_fluid_state,1307,55,11,P11,55,4.5583333333333335e-05,-0.031395197147503495,11496.0,11434.0,15.031883239746094,1.0981051921844482,16.129988431930542,11389.0,11701.945454545454
ablation_no_fluid_state,1308,55,12,P12,55,4.554166666666667e-05,0.009721935843117535,12029.0,12006.0,17.9322292804718,1.2528951168060303,19.185124397277832,11879.0,12463.236363636364
ablation_no_fluid_state,1309,55,13,P13,55,4.55e-05,0.01962771767284721,20017.0,19508.0,41.49210572242737,3.0517191886901855,44.543824911117554,19402.0,20388.272727272728
ablation_no_fluid_state,1310,55,14,P14,55,4.545833333333334e-05,-0.007262763159815222,22105.0,22139.0,41.13850975036621,3.0999956130981445,44.238505363464355,21894.0,22753.636363636364
ablation_no_fluid_state,1311,55,15,P15,55,4.5416666666666675e-05,-0.0005946939277237107,20124.0,20084.0,41.832541704177856,3.3539116382598877,45.186453342437744,19965.0,20664.47272727273
ablation_no_fluid_state,1312,55,16,P16,55,4.5375e-05,0.003538168629165739,20797.0,20484.0,52.57385730743408,4.174461364746094,56.748318672180176,20484.0,21548.2
ablation_no_fluid_state,1313,55,17,P17,55,4.533333333333334e-05,-0.00011699213264364517,21382.0,21045.0,52.09590125083923,4.08508038520813,56.18098163604736,20831.0,21807.890909090907
ablation_no_fluid_state,1314,55,18,P18,55,4.5291666666666665e-05,-0.0036935033742338417,20400.0,20300.0,49.502352237701416,3.869325876235962,53.37167811393738,20269.0,21403.163636363635
ablation_no_fluid_state,1315,55,19,P19,55,4.525e-05,0.003604025591630489,23844.0,23441.0,51.72080993652344,4.2982378005981445,56.01904773712158,23095.0,24129.618181818183
ablation_no_fluid_state,1316,55,20,P20,55,4.520833333333333e-05,-0.001930890919174999,22780.0,22647.0,53.55619144439697,4.210873603820801,57.76706504821777,22423.0,23363.636363636364
ablation_no_fluid_state,1317,55,21,P21,55,4.516666666666667e-05,-0.0002327074473214452,24215.0,23857.0,56.1198844909668,4.635542631149292,60.75542712211609,23586.0,24799.52727272727
ablation_no_fluid_state,1318,55,22,P22,55,4.5125000000000006e-05,0.0017064437241060659,23748.0,23527.0,57.698458194732666,4.8522350788116455,62.55069327354431,23177.0,24283.090909090908
ablation_no_fluid_state,1319,55,23,P23,55,4.5083333333333336e-05,0.0056983849166759425,35497.0,33560.0,75.47929406166077,6.0644659996032715,81.54376006126404,32961.0,36452.34545454545
ablation_no_fluid_state,1320,55,24,P24,55,4.504166666666667e-05,-0.0069174357457086446,24288.0,23949.0,52.356467723846436,4.290893793106079,56.647361516952515,23758.0,24905.127272727274
ablation_no_fluid_state,1321,56,1,P1,56,4.4999999999999996e-05,-0.005274846946122125,6184.0,6324.0,12.086267948150635,0.801363468170166,12.8876314163208,5940.0,6551.5
ablation_no_fluid_state,1322,56,2,P2,56,4.495833333333333e-05,0.0017388889136782382,8765.0,8752.0,15.306517601013184,1.0383503437042236,16.344867944717407,8118.0,8847.55357142857
ablation_no_fluid_state,1323,56,3,P3,56,4.4916666666666677e-05,0.010513211134821177,6731.0,6676.0,11.166099309921265,0.7359561920166016,11.902055501937866,5875.0,6638.946428571428
ablation_no_fluid_state,1324,56,4,P4,56,4.4875e-05,0.003798293473664671,3880.0,3748.0,8.79922604560852,0.6140232086181641,9.413249254226685,3678.0,3977.6428571428573
ablation_no_fluid_state,1325,56,5,P5,56,4.483333333333334e-05,0.0022872588015161455,4202.0,4302.0,9.753244876861572,0.6629190444946289,10.416163921356201,4242.0,4409.035714285715
ablation_no_fluid_state,1326,56,6,P6,56,4.479166666666667e-05,0.002428472915198654,4043.0,4025.0,9.881123542785645,0.646735668182373,10.527859210968018,3983.0,4137.732142857143
ablation_no_fluid_state,1327,56,7,P7,56,4.4750000000000004e-05,-0.003038934897631407,6050.0,6080.0,14.120370149612427,0.9580342769622803,15.078404426574707,5750.0,6333.303571428572
ablation_no_fluid_state,1328,56,8,P8,56,4.470833333333334e-05,-3.630963692557998e-05,5824.0,5777.0,12.464434146881104,0.8236110210418701,13.288045167922974,5600.0,6062.196428571428
ablation_no_fluid_state,1329,56,9,P9,56,4.466666666666667e-05,-0.0021884733123442857,5467.0,5437.0,11.812094926834106,0.8046958446502686,12.616790771484375,5367.0,5759.214285714285
ablation_no_fluid_state,1330,56,10,P10,56,4.462500000000001e-05,-0.01769654732197523,5580.0,5596.0,7.350302696228027,0.5183663368225098,7.868669033050537,5526.0,5802.178571428572
ablation_no_fluid_state,1331,56,11,P11,56,4.458333333333333e-05,-0.02111655194312334,11434.0,11515.0,14.256393671035767,0.9600036144256592,15.216397285461426,11389.0,11698.607142857143
ablation_no_fluid_state,1332,56,12,P12,56,4.454166666666667e-05,0.014609711710363626,12073.0,12005.0,17.066880464553833,1.1439855098724365,18.21086597442627,11879.0,12455.05357142857
ablation_no_fluid_state,1333,56,13,P13,56,4.45e-05,0.016849141684360802,19778.0,19692.0,41.307050943374634,3.383345603942871,44.690396547317505,19402.0,20375.839285714286
ablation_no_fluid_state,1334,56,14,P14,56,4.4458333333333334e-05,-0.005532052222406492,22083.0,22184.0,42.2554395198822,3.237727165222168,45.49316668510437,21894.0,22743.464285714286
ablation_no_fluid_state,1335,56,15,P15,56,4.441666666666667e-05,0.0016983457790047396,20408.0,19994.0,42.77447819709778,3.250771999359131,46.02525019645691,19965.0,20652.5
ablation_no_fluid_state,1336,56,16,P16,56,4.4375e-05,0.0012281744871870614,20673.0,20770.0,52.18628144264221,4.156493663787842,56.342775106430054,20484.0,21534.303571428572
ablation_no_fluid_state,1337,56,17,P17,56,4.433333333333334e-05,0.001467761877574958,21305.0,21222.0,53.5850305557251,4.322076082229614,57.90710663795471,20831.0,21797.428571428572
ablation_no_fluid_state,1338,56,18,P18,56,4.429166666666666e-05,-0.0037196256569586696,20637.0,20402.0,49.225831031799316,3.765246629714966,52.99107766151428,20269.0,21385.285714285714
ablation_no_fluid_state,1339,56,19,P19,56,4.4250000000000005e-05,0.0022841652214992793,23675.0,23429.0,49.87478995323181,3.9745025634765625,53.849292516708374,23095.0,24117.10714285714
ablation_no_fluid_state,1340,56,20,P20,56,4.420833333333334e-05,-0.0013393096276558935,22759.0,22689.0,54.22766900062561,4.751930236816406,58.97959923744202,22423.0,23351.589285714286
ablation_no_fluid_state,1341,56,21,P21,56,4.4166666666666665e-05,-0.0005483616025230731,23975.0,23709.0,57.426406383514404,4.5889692306518555,62.01537561416626,23586.0,24780.053571428572
ablation_no_fluid_state,1342,56,22,P22,56,4.4125e-05,0.0031851699808612467,24019.0,23875.0,56.35988521575928,4.653498888015747,61.013384103775024,23177.0,24275.803571428572
ablation_no_fluid_state,1343,56,23,P23,56,4.408333333333333e-05,-0.0010342931626447743,32953.0,32600.0,76.4875648021698,6.544361591339111,83.03192639350891,32600.0,36383.55357142857
ablation_no_fluid_state,1344,56,24,P24,56,4.404166666666667e-05,-0.000708726107768598,24508.0,24057.0,51.11286759376526,4.067239999771118,55.18010759353638,23758.0,24889.98214285714
ablation_no_fluid_state,1345,57,1,P1,57,4.4e-05,-0.011777454521507025,6152.0,6184.0,11.861510515213013,0.787440299987793,12.648950815200806,5940.0,6545.0526315789475
ablation_no_fluid_state,1346,57,2,P2,57,4.3958333333333336e-05,-0.007307878171559423,8324.0,8374.0,14.757338762283325,1.0012383460998535,15.758577108383179,8118.0,8839.245614035088
ablation_no_fluid_state,1347,57,3,P3,57,4.391666666666667e-05,0.0180428521707654,6720.0,6462.0,10.563613653182983,0.7144584655761719,11.278072118759155,5875.0,6635.8421052631575
ablation_no_fluid_state,1348,57,4,P4,57,4.3875e-05,0.010036313673481345,3798.0,3780.0,8.449214458465576,0.5655982494354248,9.014812707901001,3678.0,3974.1754385964914
ablation_no_fluid_state,1349,57,5,P5,57,4.383333333333334e-05,0.01591290719807148,4347.0,4222.0,9.302265644073486,0.6475164890289307,9.949782133102417,4222.0,4405.754385964912
ablation_no_fluid_state,1350,57,6,P6,57,4.379166666666666e-05,0.0008515037334291264,4052.0,4075.0,10.127633333206177,0.6601834297180176,10.787816762924194,3983.0,4136.631578947368
ablation_no_fluid_state,1351,57,7,P7,57,4.375e-05,-0.0014671872559119947,6020.0,6080.0,14.027522087097168,0.9856317043304443,15.013153791427612,5750.0,6328.859649122807
ablation_no_fluid_state,1352,57,8,P8,57,4.370833333333334e-05,-0.0068932383437640965,5777.0,5764.0,13.287297487258911,0.8561000823974609,14.143397569656372,5600.0,6056.964912280701
ablation_no_fluid_state,1353,57,9,P9,57,4.3666666666666666e-05,0.00016345135372830555,5521.0,5574.0,12.134162425994873,0.8056559562683105,12.939818382263184,5367.0,5755.964912280701
ablation_no_fluid_state,1354,57,10,P10,57,4.3625e-05,-0.01835837820544839,5594.0,5580.0,7.456589698791504,0.5020170211791992,7.958606719970703,5526.0,5798.2807017543855
ablation_no_fluid_state,1355,57,11,P11,57,4.358333333333333e-05,-0.026017531054094434,11519.0,11434.0,14.506880521774292,1.022705078125,15.529585599899292,11389.0,11693.964912280702
ablation_no_fluid_state,1356,57,12,P12,57,4.354166666666667e-05,0.00977003644220531,12141.0,11928.0,17.542982578277588,1.1856632232666016,18.72864580154419,11879.0,12445.807017543859
ablation_no_fluid_state,1357,57,13,P13,57,4.350000000000001e-05,0.01537455670768395,19595.0,19578.0,41.34315204620361,3.1682052612304688,44.51135730743408,19402.0,20361.842105263157
ablation_no_fluid_state,1358,57,14,P14,57,4.345833333333334e-05,-0.0028955588350072503,22014.0,22128.0,42.00146436691284,3.17561411857605,45.17707848548889,21894.0,22732.666666666668
ablation_no_fluid_state,1359,57,15,P15,57,4.3416666666666674e-05,-0.0016206558320845943,20304.0,20231.0,43.66615104675293,3.389564275741577,47.05571532249451,19965.0,20645.105263157893
ablation_no_fluid_state,1360,57,16,P16,57,4.3375e-05,0.0022145059279864653,20907.0,20662.0,52.06080508232117,4.01044774055481,56.07125282287598,20484.0,21519.0
ablation_no_fluid_state,1361,57,17,P17,57,4.3333333333333334e-05,-0.0018675840809009969,21081.0,21000.0,51.399861335754395,3.9944708347320557,55.39433217048645,20831.0,21783.43859649123
ablation_no_fluid_state,1362,57,18,P18,57,4.3291666666666664e-05,-0.0016847370814502937,20374.0,20415.0,49.9240357875824,4.157553672790527,54.081589460372925,20269.0,21368.263157894737
ablation_no_fluid_state,1363,57,19,P19,57,4.325e-05,0.0024765006033703684,23741.0,23280.0,50.88068437576294,4.117581605911255,54.998265981674194,23095.0,24102.42105263158
ablation_no_fluid_state,1364,57,20,P20,57,4.320833333333334e-05,-0.0005848743983733584,22850.0,22779.0,54.50709891319275,4.405822992324829,58.91292190551758,22423.0,23341.543859649122
ablation_no_fluid_state,1365,57,21,P21,57,4.316666666666667e-05,-0.0003089520279900171,24434.0,24116.0,58.33551907539368,4.709365606307983,63.04488468170166,23586.0,24768.40350877193
ablation_no_fluid_state,1366,57,22,P22,57,4.3125000000000005e-05,0.0017694777605356648,24017.0,23737.0,57.19502115249634,4.561808824539185,61.75682997703552,23177.0,24266.35087719298
ablation_no_fluid_state,1367,57,23,P23,57,4.308333333333333e-05,0.0032725005959426717,34205.0,33534.0,73.54363322257996,6.437511444091797,79.98114466667175,32600.0,36333.56140350877
ablation_no_fluid_state,1368,57,24,P24,57,4.304166666666667e-05,-0.005784076312556863,24208.0,24118.0,52.418546199798584,4.243891477584839,56.66243767738342,23758.0,24876.43859649123
ablation_no_fluid_state,1369,58,1,P1,58,4.300000000000001e-05,-0.007207888818811625,6184.0,6044.0,12.054385662078857,0.8173618316650391,12.871747493743896,5940.0,6536.413793103448
ablation_no_fluid_state,1370,58,2,P2,58,4.295833333333333e-05,0.003919551701983437,8708.0,8494.0,14.913124799728394,1.025991439819336,15.93911623954773,8118.0,8833.293103448275
ablation_no_fluid_state,1371,58,3,P3,58,4.291666666666667e-05,0.028119787806645036,6934.0,6530.0,10.882552146911621,0.7367110252380371,11.619263172149658,5875.0,6634.017241379311
ablation_no_fluid_state,1372,58,4,P4,58,4.2875e-05,0.0038712615496478975,3823.0,3748.0,8.634233713150024,0.5683927536010742,9.202626466751099,3678.0,3970.2758620689656
ablation_no_fluid_state,1373,58,5,P5,58,4.2833333333333335e-05,-0.002391892427112907,4324.0,4332.0,9.427097797393799,0.6499009132385254,10.076998710632324,4222.0,4404.482758620689
ablation_no_fluid_state,1374,58,6,P6,58,4.2791666666666666e-05,-0.00927650649100542,4027.0,4064.0,9.808645009994507,0.6551563739776611,10.463801383972168,3983.0,4135.379310344828
ablation_no_fluid_state,1375,58,7,P7,58,4.275e-05,0.004580307810101658,6020.0,6090.0,14.384669065475464,0.9796080589294434,15.364277124404907,5750.0,6324.741379310345
ablation_no_fluid_state,1376,58,8,P8,58,4.270833333333334e-05,-0.004565373426885344,5747.0,5794.0,12.633852005004883,0.8420495986938477,13.47590160369873,5600.0,6052.431034482759
ablation_no_fluid_state,1377,58,9,P9,58,4.266666666666667e-05,0.0010037502925115405,5504.0,5484.0,12.165622234344482,0.8088297843933105,12.974452018737793,5367.0,5751.275862068966
ablation_no_fluid_state,1378,58,10,P10,58,4.2625000000000006e-05,-0.019768540281802416,5637.0,5696.0,7.652576923370361,0.566535472869873,8.219112396240234,5526.0,5796.517241379311
ablation_no_fluid_state,1379,58,11,P11,58,4.258333333333333e-05,-0.024245377629995346,11531.0,11445.0,14.933552026748657,1.0537755489349365,15.987327575683594,11389.0,11689.672413793103
ablation_no_fluid_state,1380,58,12,P12,58,4.2541666666666666e-05,0.010300925932824612,12121.0,12071.0,17.872357845306396,1.200068473815918,19.072426319122314,11879.0,12439.344827586207
ablation_no_fluid_state,1381,58,13,P13,58,4.250000000000001e-05,0.013276710407808423,19844.0,19667.0,41.93514633178711,3.257718801498413,45.19286513328552,19402.0,20349.862068965518
ablation_no_fluid_state,1382,58,14,P14,58,4.245833333333333e-05,-0.004411239773617126,22035.0,22126.0,40.600321769714355,3.2028720378875732,43.80319380760193,21894.0,22722.206896551725
ablation_no_fluid_state,1383,58,15,P15,58,4.241666666666667e-05,0.0002415161318367609,20490.0,20340.0,42.25233197212219,3.1794283390045166,45.43176031112671,19965.0,20639.844827586207
ablation_no_fluid_state,1384,58,16,P16,58,4.2375e-05,-0.00043458442960400136,20625.0,20607.0,53.07974195480347,4.325542211532593,57.40528416633606,20484.0,21503.275862068964
ablation_no_fluid_state,1385,58,17,P17,58,4.233333333333334e-05,-4.7430671111214905e-05,21414.0,20985.0,53.08558416366577,4.166367292404175,57.251951456069946,20831.0,21769.672413793105
ablation_no_fluid_state,1386,58,18,P18,58,4.2291666666666674e-05,-0.0023220379604026674,20458.0,20329.0,48.965418577194214,3.8220040798187256,52.78742265701294,20269.0,21350.344827586207
ablation_no_fluid_state,1387,58,19,P19,58,4.2250000000000004e-05,0.0027349468902684746,23644.0,23617.0,51.03062343597412,4.128396987915039,55.15902042388916,23095.0,24094.05172413793
ablation_no_fluid_state,1388,58,20,P20,58,4.220833333333334e-05,-0.000677235318471503,22816.0,22697.0,54.760436058044434,4.169453144073486,58.92988920211792,22423.0,23330.431034482757
ablation_no_fluid_state,1389,58,21,P21,58,4.2166666666666664e-05,-0.0014160459919366985,24303.0,23754.0,56.003538846969604,4.461515426635742,60.46505427360535,23586.0,24750.91379310345
ablation_no_fluid_state,1390,58,22,P22,58,4.2125e-05,0.003292637597769499,23998.0,23599.0,56.08758592605591,4.9038379192352295,60.99142384529114,23177.0,24254.844827586207
ablation_no_fluid_state,1391,58,23,P23,58,4.208333333333333e-05,0.002976326197053173,34893.0,32659.0,74.47766375541687,6.147250175476074,80.62491393089294,32600.0,36270.206896551725
ablation_no_fluid_state,1392,58,24,P24,58,4.204166666666667e-05,-0.005219447240233421,24131.0,24236.0,51.9811224937439,4.269414901733398,56.250537395477295,23758.0,24865.396551724138
ablation_no_fluid_state,1393,59,1,P1,59,4.2000000000000004e-05,-0.012044566916301847,6152.0,6184.0,12.279000997543335,0.8452043533325195,13.124205350875854,5940.0,6530.440677966101
ablation_no_fluid_state,1394,59,2,P2,59,4.1958333333333335e-05,-0.0024304503021994606,8324.0,8354.0,15.783873081207275,1.0589625835418701,16.842835664749146,8118.0,8825.169491525423
ablation_no_fluid_state,1395,59,3,P3,59,4.191666666666667e-05,0.02034969429951161,6676.0,6316.0,11.107028245925903,0.7372729778289795,11.844301223754883,5875.0,6628.627118644068
ablation_no_fluid_state,1396,59,4,P4,59,4.1874999999999995e-05,0.011193974874913692,3812.0,3882.0,8.945440530776978,0.5887625217437744,9.534203052520752,3678.0,3968.7796610169494
ablation_no_fluid_state,1397,59,5,P5,59,4.183333333333334e-05,0.00900571490637958,4267.0,4272.0,9.527445316314697,0.6100618839263916,10.137507200241089,4222.0,4402.237288135593
ablation_no_fluid_state,1398,59,6,P6,59,4.1791666666666675e-05,-1.7419453797629103e-05,4043.0,4060.0,10.040412187576294,0.6687633991241455,10.70917558670044,3983.0,4134.1016949152545
ablation_no_fluid_state,1399,59,7,P7,59,4.175e-05,-0.009731265832670033,6060.0,6050.0,15.095195531845093,0.9998953342437744,16.095090866088867,5750.0,6320.0847457627115
ablation_no_fluid_state,1400,59,8,P8,59,4.1708333333333335e-05,-0.005145888542756438,5717.0,5754.0,12.539903402328491,0.8037717342376709,13.343675136566162,5600.0,6047.372881355932
ablation_no_fluid_state,1401,59,9,P9,59,4.1666666666666665e-05,0.00432849810749758,5493.0,5444.0,11.847392320632935,0.8219411373138428,12.669333457946777,5367.0,5746.067796610169
ablation_no_fluid_state,1402,59,10,P10,59,4.1625e-05,-0.02149982750415802,5540.0,5602.0,7.535038709640503,0.526146411895752,8.061185121536255,5526.0,5793.220338983051
ablation_no_fluid_state,1403,59,11,P11,59,4.158333333333334e-05,-0.02116799750365317,11487.0,11655.0,14.421533823013306,0.9945440292358398,15.416077852249146,11389.0,11689.084745762711
ablation_no_fluid_state,1404,59,12,P12,59,4.154166666666667e-05,0.007746968534775078,12076.0,12080.0,17.42098355293274,1.1678948402404785,18.588878393173218,11879.0,12433.254237288136
ablation_no_fluid_state,1405,59,13,P13,59,4.1500000000000006e-05,0.013019418925978243,19763.0,19579.0,40.07873201370239,3.232102394104004,43.3108344078064,19402.0,20336.79661016949
ablation_no_fluid_state,1406,59,14,P14,59,4.145833333333333e-05,-0.002423493322567083,22209.0,22036.0,41.531928300857544,3.146488904953003,44.67841720581055,21894.0,22710.57627118644
ablation_no_fluid_state,1407,59,15,P15,59,4.141666666666667e-05,-0.0021982272519380786,20076.0,20250.0,42.554758071899414,3.325066566467285,45.8798246383667,19965.0,20633.237288135595
ablation_no_fluid_state,1408,59,16,P16,59,4.1374999999999996e-05,0.005054541002027691,20925.0,20812.0,51.65091562271118,4.124158620834351,55.77507424354553,20484.0,21491.5593220339
ablation_no_fluid_state,1409,59,17,P17,59,4.133333333333333e-05,-0.0014496028437861242,21369.0,21213.0,52.8743462562561,4.171406984329224,57.04575324058533,20831.0,21760.237288135595
ablation_no_fluid_state,1410,59,18,P18,59,4.129166666666667e-05,-0.0035357677727006374,20421.0,20519.0,50.490161657333374,3.7271535396575928,54.21731519699097,20269.0,21336.254237288136
ablation_no_fluid_state,1411,59,19,P19,59,4.125e-05,0.0027933698904234914,23896.0,23950.0,49.31543231010437,4.046899080276489,53.36233139038086,23095.0,24091.610169491527
ablation_no_fluid_state,1412,59,20,P20,59,4.120833333333334e-05,-0.0006700968675431796,22910.0,22540.0,53.10336399078369,4.449357748031616,57.55272173881531,22423.0,23317.033898305086
ablation_no_fluid_state,1413,59,21,P21,59,4.116666666666667e-05,-0.0019912032992579045,24089.0,23655.0,57.09905195236206,4.656334400177002,61.75538635253906,23586.0,24732.338983050846
ablation_no_fluid_state,1414,59,22,P22,59,4.1125000000000004e-05,0.0029006046708673237,23917.0,23780.0,57.050944089889526,4.633979082107544,61.68492317199707,23177.0,24246.79661016949
ablation_no_fluid_state,1415,59,23,P23,59,4.108333333333334e-05,0.004541932322484042,35343.0,34653.0,73.81755542755127,5.9478600025177,79.76541543006897,32600.0,36242.79661016949
ablation_no_fluid_state,1416,59,24,P24,59,4.104166666666667e-05,-0.00571073389146477,24421.0,24224.0,51.27565574645996,4.1161370277404785,55.39179277420044,23758.0,24854.525423728814
ablation_no_fluid_state,1417,60,1,P1,60,4.100000000000001e-05,-0.01229380362201482,6062.0,6044.0,11.70880389213562,0.8572967052459717,12.566100597381592,5940.0,6522.333333333333
ablation_no_fluid_state,1418,60,2,P2,60,4.095833333333333e-05,-0.0027847718010889366,8244.0,8765.0,14.96051812171936,0.9926073551177979,15.953125476837158,8118.0,8824.166666666666
ablation_no_fluid_state,1419,60,3,P3,60,4.091666666666667e-05,0.03175684646703303,6890.0,6530.0,10.613924264907837,0.735931396484375,11.349855661392212,5875.0,6626.983333333334
ablation_no_fluid_state,1420,60,4,P4,60,4.0875e-05,0.009207486873492599,3816.0,3782.0,8.254003763198853,0.5624353885650635,8.816439151763916,3678.0,3965.6666666666665
ablation_no_fluid_state,1421,60,5,P5,60,4.0833333333333334e-05,0.0030946205370128155,4262.0,4312.0,9.203620195388794,0.6126809120178223,9.816301107406616,4222.0,4400.733333333334
ablation_no_fluid_state,1422,60,6,P6,60,4.079166666666667e-05,-0.00013135315020917915,4080.0,4080.0,9.452724933624268,0.638047456741333,10.0907723903656,3983.0,4133.2
ablation_no_fluid_state,1423,60,7,P7,60,4.075e-05,-0.0025906040391419083,5947.0,5930.0,14.070146560668945,0.9341161251068115,15.004262685775757,5750.0,6313.583333333333
ablation_no_fluid_state,1424,60,8,P8,60,4.070833333333334e-05,-0.007696678687352687,5687.0,5714.0,12.304108619689941,0.800072193145752,13.104180812835693,5600.0,6041.816666666667
ablation_no_fluid_state,1425,60,9,P9,60,4.066666666666666e-05,0.005600137228611857,5554.0,5404.0,12.055867433547974,0.7832927703857422,12.839160203933716,5367.0,5740.366666666667
ablation_no_fluid_state,1426,60,10,P10,60,4.0625000000000005e-05,-0.022204153705388308,5594.0,5577.0,7.574255466461182,0.5688965320587158,8.143151998519897,5526.0,5789.616666666667
ablation_no_fluid_state,1427,60,11,P11,60,4.058333333333334e-05,-0.02261891821399331,11530.0,11553.0,14.940290212631226,1.018726110458374,15.9590163230896,11389.0,11686.816666666668
ablation_no_fluid_state,1428,60,12,P12,60,4.0541666666666665e-05,0.010159022291190922,12239.0,11928.0,17.477824211120605,1.1936044692993164,18.671428680419922,11879.0,12424.833333333334
ablation_no_fluid_state,1429,60,13,P13,60,4.05e-05,0.006905405287398025,19865.0,19677.0,41.1612389087677,3.246253490447998,44.4074923992157,19402.0,20325.8
ablation_no_fluid_state,1430,60,14,P14,60,4.045833333333333e-05,-0.002046794288617093,22025.0,22217.0,41.33528995513916,3.208697557449341,44.5439875125885,21894.0,22702.35
ablation_no_fluid_state,1431,60,15,P15,60,4.041666666666667e-05,-0.0026164747250732034,20171.0,20535.0,43.53163957595825,3.3419430255889893,46.87358260154724,19965.0,20631.6
ablation_no_fluid_state,1432,60,16,P16,60,4.0375000000000006e-05,0.0019166950398357586,21008.0,20588.0,54.148900508880615,4.237375259399414,58.38627576828003,20484.0,21476.5
ablation_no_fluid_state,1433,60,17,P17,60,4.0333333333333336e-05,-0.0016053782193921507,21077.0,21083.0,50.904343366622925,4.023488998413086,54.92783236503601,20831.0,21748.95
ablation_no_fluid_state,1434,60,18,P18,60,4.029166666666667e-05,-0.0004960651858709753,20576.0,20585.0,47.77143859863281,3.931755542755127,51.70319414138794,20269.0,21323.733333333334
ablation_no_fluid_state,1435,60,19,P19,60,4.0249999999999996e-05,0.0005843522932991619,23916.0,23677.0,50.70045447349548,4.231125354766846,54.93157982826233,23095.0,24084.7
ablation_no_fluid_state,1436,60,20,P20,60,4.020833333333334e-05,-0.0013175940039218403,22785.0,22864.0,54.02808403968811,4.3496763706207275,58.37776041030884,22423.0,23309.483333333334
ablation_no_fluid_state,1437,60,21,P21,60,4.016666666666666e-05,-0.0007040638047328684,24153.0,23944.0,57.538127422332764,4.7151594161987305,62.253286838531494,23586.0,24719.2
ablation_no_fluid_state,1438,60,22,P22,60,4.0125e-05,0.0014259553325246088,23733.0,23648.0,58.394898653030396,4.855077743530273,63.24997639656067,23177.0,24236.816666666666
ablation_no_fluid_state,1439,60,23,P23,60,4.0083333333333336e-05,0.00619422218629292,35728.0,34910.0,73.07302951812744,5.938486337661743,79.01151585578918,32600.0,36220.583333333336
ablation_no_fluid_state,1440,60,24,P24,60,4.0041666666666666e-05,-0.005595307878684253,24373.0,24232.0,50.289055824279785,4.353566408157349,54.642622232437134,23758.0,24844.15
ablation_no_fluid_state,1441,61,1,P1,61,4e-05,-0.008801431045867503,6184.0,6184.0,11.97560429573059,0.780724287033081,12.756328582763672,5940.0,6516.786885245901
ablation_no_fluid_state,1442,61,2,P2,61,3.995833333333333e-05,-0.00035073525896223146,8362.0,8765.0,14.930509805679321,1.0085968971252441,15.939106702804565,8118.0,8823.196721311475
ablation_no_fluid_state,1443,61,3,P3,61,3.991666666666667e-05,0.002938451216323301,6805.0,6462.0,10.801785945892334,0.7416844367980957,11.54347038269043,5875.0,6624.2786885245905
ablation_no_fluid_state,1444,61,4,P4,61,3.987500000000001e-05,0.0031676377402618527,3743.0,3715.0,8.379523277282715,0.6039690971374512,8.983492374420166,3678.0,3961.55737704918
ablation_no_fluid_state,1445,61,5,P5,61,3.983333333333333e-05,0.01475208974443376,4332.0,4322.0,9.130012035369873,0.6164524555206299,9.746464490890503,4222.0,4399.44262295082
ablation_no_fluid_state,1446,61,6,P6,61,3.9791666666666674e-05,0.009297097101807594,4105.0,4080.0,9.542450428009033,0.6561441421508789,10.198594570159912,3983.0,4132.327868852459
ablation_no_fluid_state,1447,61,7,P7,61,3.975e-05,-0.007636071182787418,5970.0,5930.0,14.318825721740723,0.9669101238250732,15.285735845565796,5750.0,6307.295081967213
ablation_no_fluid_state,1448,61,8,P8,61,3.9708333333333334e-05,-0.007885893050115556,5701.0,5734.0,12.47873306274414,0.8287253379821777,13.307458400726318,5600.0,6036.770491803279
ablation_no_fluid_state,1449,61,9,P9,61,3.9666666666666664e-05,0.0037670867750421166,5437.0,5414.0,11.867390871047974,0.7870132923126221,12.654404163360596,5367.0,5735.016393442623
ablation_no_fluid_state,1450,61,10,P10,61,3.9625e-05,-0.018210276495665312,5535.0,5672.0,7.478175401687622,0.5027549266815186,7.980930328369141,5526.0,5787.688524590164
ablation_no_fluid_state,1451,61,11,P11,61,3.958333333333334e-05,-0.018413855461403728,11464.0,11593.0,14.643888235092163,1.0043184757232666,15.64820671081543,11389.0,11685.27868852459
ablation_no_fluid_state,1452,61,12,P12,61,3.954166666666667e-05,0.00839754706248641,12075.0,12020.0,17.68918013572693,1.2651445865631104,18.95432472229004,11879.0,12418.196721311475
ablation_no_fluid_state,1453,61,13,P13,61,3.9500000000000005e-05,0.012998565682210028,19804.0,19532.0,41.798277854919434,3.228475570678711,45.026753425598145,19402.0,20312.786885245903
ablation_no_fluid_state,1454,61,14,P14,61,3.945833333333333e-05,-0.003106156742433086,21892.0,21933.0,42.492555379867554,3.1604702472686768,45.65302562713623,21894.0,22689.737704918032
ablation_no_fluid_state,1455,61,15,P15,61,3.941666666666667e-05,-0.0011773123305829358,20185.0,20361.0,41.88215517997742,3.262328624725342,45.14448380470276,19965.0,20627.16393442623
ablation_no_fluid_state,1456,61,16,P16,61,3.937500000000001e-05,0.004135247855447233,20911.0,20710.0,51.358341217041016,4.225322246551514,55.58366346359253,20484.0,21463.93442622951
ablation_no_fluid_state,1457,61,17,P17,61,3.933333333333333e-05,-0.001220602043758845,21112.0,20862.0,53.50025796890259,4.254696369171143,57.75495433807373,20831.0,21734.409836065573
ablation_no_fluid_state,1458,61,18,P18,61,3.929166666666667e-05,-0.0024433884536847472,20415.0,20560.0,48.91450643539429,3.8018505573272705,52.71635699272156,20269.0,21311.213114754097
ablation_no_fluid_state,1459,61,19,P19,61,3.925e-05,0.003148492332547903,23830.0,23540.0,50.793002128601074,4.207223892211914,55.00022602081299,23095.0,24075.77049180328
ablation_no_fluid_state,1460,61,20,P20,61,3.9208333333333335e-05,-0.0027940193307586015,22827.0,22865.0,55.02135515213013,4.448328495025635,59.46968364715576,22423.0,23302.196721311477
ablation_no_fluid_state,1461,61,21,P21,61,3.916666666666667e-05,-0.0009100701499846764,23918.0,23795.0,57.50286364555359,4.480262756347656,61.983126401901245,23586.0,24704.049180327867
ablation_no_fluid_state,1462,61,22,P22,61,3.9125e-05,0.0037724523455835877,24038.0,23669.0,55.584373235702515,4.761764049530029,60.346137285232544,23177.0,24227.508196721312
ablation_no_fluid_state,1463,61,23,P23,61,3.908333333333334e-05,-0.0004051724916800075,32947.0,34056.0,75.99854254722595,6.229043245315552,82.2275857925415,32600.0,36185.098360655735
ablation_no_fluid_state,1464,61,24,P24,61,3.904166666666666e-05,-0.0019284636597149073,24246.0,24264.0,51.26621747016907,4.205770015716553,55.47198748588562,23758.0,24834.639344262294
ablation_no_fluid_state,1465,62,1,P1,62,3.9000000000000006e-05,-0.01577984867617488,6071.0,6184.0,12.048706293106079,0.8205227851867676,12.869229078292847,5940.0,6511.419354838709
ablation_no_fluid_state,1466,62,2,P2,62,3.895833333333333e-05,0.004340934508945793,8484.0,8340.0,15.596681833267212,1.0381426811218262,16.634824514389038,8118.0,8815.40322580645
ablation_no_fluid_state,1467,62,3,P3,62,3.8916666666666666e-05,0.011338999785948545,6305.0,6248.0,11.010897636413574,0.742304801940918,11.753202438354492,5875.0,6618.209677419355
ablation_no_fluid_state,1468,62,4,P4,62,3.8875e-05,0.012577123939990997,3803.0,3748.0,8.62375020980835,0.6323990821838379,9.256149291992188,3678.0,3958.1129032258063
ablation_no_fluid_state,1469,62,5,P5,62,3.883333333333333e-05,0.009544206783175468,4324.0,4257.0,9.557737112045288,0.6326897144317627,10.19042682647705,4222.0,4397.145161290323
ablation_no_fluid_state,1470,62,6,P6,62,3.879166666666667e-05,0.006989513291046023,4101.0,4060.0,9.898592710494995,0.669731616973877,10.568324327468872,3983.0,4131.1612903225805
ablation_no_fluid_state,1471,62,7,P7,62,3.875e-05,0.002102338752592914,5990.0,5953.0,14.777467012405396,0.9705624580383301,15.748029470443726,5750.0,6301.580645161291
ablation_no_fluid_state,1472,62,8,P8,62,3.870833333333334e-05,-0.01295288885012269,5717.0,5734.0,12.892029762268066,0.8894948959350586,13.781524658203125,5600.0,6031.887096774193
ablation_no_fluid_state,1473,62,9,P9,62,3.8666666666666674e-05,-0.0049016926204785705,5445.0,5474.0,12.256550550460815,0.8809041976928711,13.137454748153687,5367.0,5730.806451612903
ablation_no_fluid_state,1474,62,10,P10,62,3.8625e-05,-0.017143987119197845,5538.0,5594.0,7.8004186153411865,0.5394346714019775,8.339853286743164,5526.0,5784.564516129032
ablation_no_fluid_state,1475,62,11,P11,62,3.858333333333334e-05,-0.017095118295401335,11531.0,11434.0,14.552533388137817,0.9768106937408447,15.529344081878662,11389.0,11681.225806451614
ablation_no_fluid_state,1476,62,12,P12,62,3.8541666666666664e-05,0.010735178948380053,12040.0,11980.0,17.122434616088867,1.2078213691711426,18.33025598526001,11879.0,12411.129032258064
ablation_no_fluid_state,1477,62,13,P13,62,3.85e-05,0.012657170300371945,19849.0,19833.0,40.2050621509552,3.0282342433929443,43.233296394348145,19402.0,20305.048387096773
ablation_no_fluid_state,1478,62,14,P14,62,3.845833333333334e-05,-0.0018337054680159781,22161.0,22016.0,40.75227165222168,3.2849769592285156,44.037248611450195,21894.0,22678.870967741936
ablation_no_fluid_state,1479,62,15,P15,62,3.841666666666667e-05,-0.003401581067009829,20148.0,20514.0,42.53498291969299,3.4797163009643555,46.01469922065735,19965.0,20625.33870967742
ablation_no_fluid_state,1480,62,16,P16,62,3.8375000000000004e-05,0.0033664330956526102,21097.0,20469.0,52.653563022613525,4.103055000305176,56.7566180229187,20469.0,21447.887096774193
ablation_no_fluid_state,1481,62,17,P17,62,3.8333333333333334e-05,-0.002343913208460435,21098.0,21225.0,53.42160606384277,4.261093378067017,57.68269944190979,20831.0,21726.1935483871
ablation_no_fluid_state,1482,62,18,P18,62,3.829166666666667e-05,-0.002234736451646313,20339.0,20305.0,50.183138370513916,3.9356610774993896,54.118799448013306,20269.0,21294.983870967742
ablation_no_fluid_state,1483,62,19,P19,62,3.8249999999999995e-05,0.004412602633237839,24100.0,23633.0,51.15957975387573,3.991825580596924,55.151405334472656,23095.0,24068.629032258064
ablation_no_fluid_state,1484,62,20,P20,62,3.820833333333334e-05,-0.003246962174307555,22790.0,22611.0,53.218515396118164,4.193537712097168,57.41205310821533,22423.0,23291.048387096773
ablation_no_fluid_state,1485,62,21,P21,62,3.8166666666666675e-05,-0.00022534263571287737,24080.0,24037.0,57.73737907409668,4.875672340393066,62.613051414489746,23586.0,24693.290322580644
ablation_no_fluid_state,1486,62,22,P22,62,3.8125e-05,0.002024543535662815,23844.0,23689.0,57.367119789123535,4.7579567432403564,62.12507653236389,23177.0,24218.822580645163
ablation_no_fluid_state,1487,62,23,P23,62,3.8083333333333335e-05,0.0021052929265091996,33247.0,32938.0,76.07584571838379,6.312742710113525,82.38858842849731,32600.0,36132.72580645161
ablation_no_fluid_state,1488,62,24,P24,62,3.8041666666666665e-05,-0.003465994948055595,24578.0,24098.0,52.9213228225708,4.342562913894653,57.263885736465454,23758.0,24822.75806451613
ablation_no_fluid_state,1489,63,1,P1,63,3.8e-05,0.003974126244429499,6284.0,6184.0,12.526418209075928,0.8019552230834961,13.328373432159424,5940.0,6506.222222222223
ablation_no_fluid_state,1490,63,2,P2,63,3.795833333333334e-05,-0.009059439762495458,8324.0,8306.0,14.941112756729126,0.9878087043762207,15.928921461105347,8118.0,8807.317460317461
ablation_no_fluid_state,1491,63,3,P3,63,3.791666666666667e-05,0.035055610816925764,6666.0,6102.0,10.929456233978271,0.7202515602111816,11.649707794189453,5875.0,6610.015873015873
ablation_no_fluid_state,1492,63,4,P4,63,3.7875000000000006e-05,-0.007051282678730786,3715.0,3714.0,8.4907808303833,0.5824172496795654,9.073198080062866,3678.0,3954.2380952380954
ablation_no_fluid_state,1493,63,5,P5,63,3.783333333333333e-05,0.004372365423478186,4374.0,4272.0,9.16075873374939,0.6134159564971924,9.774174690246582,4222.0,4395.158730158731
ablation_no_fluid_state,1494,63,6,P6,63,3.779166666666667e-05,-0.006357360049150884,4060.0,4080.0,9.768757820129395,0.6617934703826904,10.430551290512085,3983.0,4130.349206349207
ablation_no_fluid_state,1495,63,7,P7,63,3.7749999999999996e-05,0.00469448059448041,6002.0,5960.0,13.992074251174927,0.9307286739349365,14.922802925109863,5750.0,6296.158730158731
ablation_no_fluid_state,1496,63,8,P8,63,3.770833333333333e-05,-0.008731209847610444,5744.0,5734.0,12.352930545806885,0.8502733707427979,13.203203916549683,5600.0,6027.158730158731
ablation_no_fluid_state,1497,63,9,P9,63,3.766666666666667e-05,-0.007518978614825755,5377.0,5424.0,12.130404472351074,0.7885448932647705,12.918949365615845,5367.0,5725.936507936508
ablation_no_fluid_state,1498,63,10,P10,63,3.7625e-05,-0.007232664269395173,5716.0,5680.0,7.478610515594482,0.5091893672943115,7.987799882888794,5526.0,5782.9047619047615
ablation_no_fluid_state,1499,63,11,P11,63,3.7583333333333337e-05,-0.023338734870776534,11434.0,11513.0,14.782166242599487,0.9794204235076904,15.761586666107178,11389.0,11678.555555555555
ablation_no_fluid_state,1500,63,12,P12,63,3.754166666666667e-05,0.0023518180241808295,11915.0,12090.0,17.897618293762207,1.1834242343902588,19.081042528152466,11879.0,12406.031746031746
ablation_no_fluid_state,1501,63,13,P13,63,3.7500000000000003e-05,0.010133021976798773,19915.0,19803.0,40.982189416885376,3.176570415496826,44.1587598323822,19402.0,20297.079365079364
ablation_no_fluid_state,1502,63,14,P14,63,3.745833333333334e-05,-0.0009258819063688861,22025.0,22255.0,40.96641755104065,3.1352052688598633,44.10162281990051,21894.0,22672.14285714286
ablation_no_fluid_state,1503,63,15,P15,63,3.7416666666666664e-05,-0.004351118564954959,20224.0,20301.0,42.93880748748779,3.316866397857666,46.25567388534546,19965.0,20620.190476190477
ablation_no_fluid_state,1504,63,16,P16,63,3.737500000000001e-05,0.001141300844028592,20676.0,20525.0,53.33085751533508,4.2546608448028564,57.58551836013794,20469.0,21433.238095238095
ablation_no_fluid_state,1505,63,17,P17,63,3.733333333333333e-05,-0.00013265474372019525,21350.0,20928.0,52.3227641582489,4.064682722091675,56.387446880340576,20831.0,21713.52380952381
ablation_no_fluid_state,1506,63,18,P18,63,3.729166666666667e-05,-0.0013156539760529995,20651.0,20689.0,47.798722982406616,3.734496831893921,51.53321981430054,20269.0,21285.365079365078
ablation_no_fluid_state,1507,63,19,P19,63,3.7250000000000004e-05,-0.00041980031710409094,24017.0,23470.0,50.88060712814331,4.344021797180176,55.224628925323486,23095.0,24059.126984126986
ablation_no_fluid_state,1508,63,20,P20,63,3.7208333333333334e-05,-0.001083998413741938,22883.0,23023.0,54.75668525695801,4.457543611526489,59.2142288684845,22423.0,23286.79365079365
ablation_no_fluid_state,1509,63,21,P21,63,3.716666666666667e-05,-0.0001665713005422731,24370.0,23795.0,57.45199227333069,4.668756723403931,62.12074899673462,23586.0,24679.031746031746
ablation_no_fluid_state,1510,63,22,P22,63,3.7125e-05,0.0013491024496033789,24018.0,23728.0,57.91946458816528,4.751813173294067,62.67127776145935,23177.0,24211.031746031746
ablation_no_fluid_state,1511,63,23,P23,63,3.708333333333334e-05,0.002002196304342111,33247.0,32814.0,75.83270311355591,6.063467502593994,81.8961706161499,32600.0,36080.04761904762
ablation_no_fluid_state,1512,63,24,P24,63,3.704166666666666e-05,-0.0031814360059797763,24431.0,24174.0,49.801324129104614,4.441479682922363,54.24280381202698,23758.0,24812.460317460318
ablation_no_fluid_state,1513,64,1,P1,64,3.7e-05,0.004224319418426603,6305.0,6152.0,11.981988191604614,0.8409755229949951,12.82296371459961,5940.0,6500.6875
ablation_no_fluid_state,1514,64,2,P2,64,3.695833333333334e-05,0.002491420011210721,8494.0,8551.0,15.208398342132568,1.0627663135528564,16.271164655685425,8118.0,8803.3125
ablation_no_fluid_state,1515,64,3,P3,64,3.6916666666666665e-05,0.002987680316437036,6248.0,6102.0,10.954888820648193,0.7305858135223389,11.685474634170532,5875.0,6602.078125
ablation_no_fluid_state,1516,64,4,P4,64,3.6875e-05,0.005258468561805785,3744.0,3757.0,8.43042278289795,0.5527405738830566,8.983163356781006,3678.0,3951.15625
ablation_no_fluid_state,1517,64,5,P5,64,3.683333333333333e-05,0.017710398882627487,4324.0,4272.0,9.272424459457397,0.6253275871276855,9.897752046585083,4222.0,4393.234375
ablation_no_fluid_state,1518,64,6,P6,64,3.679166666666667e-05,0.006303913192823529,4082.0,4080.0,9.463361740112305,0.6398923397064209,10.103254079818726,3983.0,4129.5625
ablation_no_fluid_state,1519,64,7,P7,64,3.6750000000000006e-05,-0.0001490909344283864,6030.0,6050.0,13.951672554016113,0.9567766189575195,14.908449172973633,5750.0,6292.3125
ablation_no_fluid_state,1520,64,8,P8,64,3.6708333333333336e-05,0.0018858847761293873,5718.0,5754.0,12.424267530441284,0.8304100036621094,13.254677534103394,5600.0,6022.890625
ablation_no_fluid_state,1521,64,9,P9,64,3.666666666666667e-05,-0.001655778833082877,5494.0,5474.0,11.661643028259277,0.7922964096069336,12.453939437866211,5367.0,5722.0
ablation_no_fluid_state,1522,64,10,P10,64,3.6624999999999996e-05,-0.02781863883137703,5560.0,5580.0,7.448539972305298,0.5047905445098877,7.9533305168151855,5526.0,5779.734375
ablation_no_fluid_state,1523,64,11,P11,64,3.658333333333334e-05,-0.01614240009803325,11601.0,11513.0,14.40980339050293,0.9860107898712158,15.395814180374146,11389.0,11675.96875
ablation_no_fluid_state,1524,64,12,P12,64,3.654166666666666e-05,0.007731746532954276,12252.0,11907.0,17.538251638412476,1.2232661247253418,18.761517763137817,11879.0,12398.234375
ablation_no_fluid_state,1525,64,13,P13,64,3.65e-05,0.0037534936564043164,19817.0,19844.0,41.01852297782898,3.1661553382873535,44.18467831611633,19402.0,20290.0
ablation_no_fluid_state,1526,64,14,P14,64,3.6458333333333336e-05,-0.0007775587873766199,22044.0,22580.0,41.84903955459595,3.2570548057556152,45.10609436035156,21894.0,22670.703125
ablation_no_fluid_state,1527,64,15,P15,64,3.6416666666666666e-05,-0.001230797999596689,20438.0,20490.0,43.08119869232178,3.200469493865967,46.281668186187744,19965.0,20618.15625
ablation_no_fluid_state,1528,64,16,P16,64,3.6375e-05,-0.0013899295838200488,20790.0,20721.0,50.753013372421265,3.9450299739837646,54.69804334640503,20469.0,21422.109375
ablation_no_fluid_state,1529,64,17,P17,64,3.633333333333333e-05,0.0013563784916186706,21235.0,21213.0,53.008747816085815,4.383634328842163,57.39238214492798,20831.0,21705.703125
ablation_no_fluid_state,1530,64,18,P18,64,3.629166666666667e-05,-0.0029119458224158732,20245.0,20613.0,49.28796982765198,3.866821050643921,53.1547908782959,20269.0,21274.859375
ablation_no_fluid_state,1531,64,19,P19,64,3.625000000000001e-05,0.0025232737010810525,23699.0,23847.0,50.640666007995605,4.0332136154174805,54.673879623413086,23095.0,24055.8125
ablation_no_fluid_state,1532,64,20,P20,64,3.620833333333333e-05,-0.0018188704154454172,22972.0,22875.0,53.43239688873291,4.408305883407593,57.8407027721405,22423.0,23280.359375
ablation_no_fluid_state,1533,64,21,P21,64,3.6166666666666674e-05,0.00017620034232095348,24183.0,23942.0,58.27058219909668,4.440993070602417,62.7115752696991,23586.0,24667.515625
ablation_no_fluid_state,1534,64,22,P22,64,3.6125e-05,0.002180893934564665,23878.0,23734.0,55.03840231895447,4.497493028640747,59.535895347595215,23177.0,24203.578125
ablation_no_fluid_state,1535,64,23,P23,64,3.6083333333333334e-05,0.003428570560312697,34610.0,33247.0,74.16709351539612,6.635266065597534,80.80235958099365,32600.0,36035.78125
ablation_no_fluid_state,1536,64,24,P24,64,3.604166666666667e-05,-0.0068999516079202294,24506.0,24305.0,50.84253668785095,4.095586061477661,54.93812274932861,23758.0,24804.53125
ablation_no_fluid_state,1537,65,1,P1,65,3.6e-05,-0.0013821524189552292,6152.0,6194.0,11.9222412109375,0.8242766857147217,12.746517896652222,5940.0,6495.969230769231
ablation_no_fluid_state,1538,65,2,P2,65,3.595833333333334e-05,0.0047404642682522535,8551.0,8630.0,15.13854718208313,1.040501356124878,16.179048538208008,8118.0,8800.646153846154
ablation_no_fluid_state,1539,65,3,P3,65,3.591666666666667e-05,0.004542147275060415,6281.0,6313.0,10.998240947723389,0.7779526710510254,11.776193618774414,5875.0,6597.630769230769
ablation_no_fluid_state,1540,65,4,P4,65,3.5875000000000005e-05,0.0034438897273503244,3748.0,3782.0,8.588230848312378,0.5752100944519043,9.163440942764282,3678.0,3948.5538461538463
ablation_no_fluid_state,1541,65,5,P5,65,3.583333333333333e-05,0.013436533277854323,4312.0,4272.0,9.394930362701416,0.6246170997619629,10.019547462463379,4222.0,4391.369230769231
ablation_no_fluid_state,1542,65,6,P6,65,3.5791666666666665e-05,0.0069244218757376075,4064.0,4034.0,9.831932306289673,0.6640315055847168,10.49596381187439,3983.0,4128.092307692307
ablation_no_fluid_state,1543,65,7,P7,65,3.575000000000001e-05,0.002793502659187652,5960.0,5990.0,14.456655025482178,0.9541318416595459,15.410786867141724,5750.0,6287.661538461539
ablation_no_fluid_state,1544,65,8,P8,65,3.570833333333333e-05,-0.007069437124300748,5714.0,5704.0,12.579142332077026,0.8662049770355225,13.445347309112549,5600.0,6017.984615384616
ablation_no_fluid_state,1545,65,9,P9,65,3.566666666666667e-05,0.01114298717584461,5624.0,5434.0,12.265079021453857,0.8285455703735352,13.093624591827393,5367.0,5717.569230769231
ablation_no_fluid_state,1546,65,10,P10,65,3.5625e-05,-0.022709802258759737,5611.0,5694.0,7.671604633331299,0.5229566097259521,8.194561243057251,5526.0,5778.415384615385
ablation_no_fluid_state,1547,65,11,P11,65,3.5583333333333335e-05,-0.014466242166236043,11667.0,11604.0,14.922937393188477,1.0527987480163574,15.975736141204834,11389.0,11674.861538461539
ablation_no_fluid_state,1548,65,12,P12,65,3.554166666666667e-05,-0.0018174419092247263,12078.0,12082.0,17.863165855407715,1.2134196758270264,19.07658553123474,11879.0,12393.36923076923
ablation_no_fluid_state,1549,65,13,P13,65,3.55e-05,0.003410030054510571,19534.0,19653.0,39.815123081207275,3.023986577987671,42.839109659194946,19402.0,20280.2
ablation_no_fluid_state,1550,65,14,P14,65,3.545833333333334e-05,0.0021093359173391946,22284.0,22453.0,39.867637634277344,3.085719108581543,42.95335674285889,21894.0,22667.353846153845
ablation_no_fluid_state,1551,65,15,P15,65,3.541666666666666e-05,-0.0016990367312246235,20341.0,20194.0,42.69321346282959,3.503633737564087,46.19684720039368,19965.0,20611.63076923077
ablation_no_fluid_state,1552,65,16,P16,65,3.5375e-05,0.0008419554309512023,20550.0,20532.0,52.19536113739014,4.088306188583374,56.28366732597351,20469.0,21408.415384615386
ablation_no_fluid_state,1553,65,17,P17,65,3.533333333333334e-05,0.0010857580084120855,21103.0,21298.0,52.22727870941162,4.101514101028442,56.32879281044006,20831.0,21699.43076923077
ablation_no_fluid_state,1554,65,18,P18,65,3.5291666666666666e-05,-0.0022653214749880136,20603.0,20553.0,48.77999567985535,3.8157248497009277,52.595720529556274,20269.0,21263.753846153846
ablation_no_fluid_state,1555,65,19,P19,65,3.525e-05,0.0029622390458825974,24124.0,23769.0,51.694478273391724,4.292618036270142,55.987096309661865,23095.0,24051.4
ablation_no_fluid_state,1556,65,20,P20,65,3.520833333333333e-05,-0.002415147516876459,23097.0,22940.0,53.66231679916382,4.233774662017822,57.89609146118164,22423.0,23275.123076923075
ablation_no_fluid_state,1557,65,21,P21,65,3.516666666666667e-05,-0.001867344550555572,24154.0,24177.0,56.311076164245605,4.9248833656311035,61.23595952987671,23586.0,24659.96923076923
ablation_no_fluid_state,1558,65,22,P22,65,3.5125e-05,0.0014192363800248132,23581.0,23891.0,56.05372166633606,4.65751576423645,60.71123743057251,23177.0,24198.76923076923
ablation_no_fluid_state,1559,65,23,P23,65,3.508333333333334e-05,0.0018086171684054925,32820.0,32947.0,73.87100768089294,6.134809732437134,80.00581741333008,32600.0,35988.26153846154
ablation_no_fluid_state,1560,65,24,P24,65,3.5041666666666674e-05,-0.0014212920708814637,24792.0,24215.0,51.94533848762512,4.27153205871582,56.21687054634094,23758.0,24795.46153846154
ablation_no_fluid_state,1561,66,1,P1,66,3.5e-05,-0.009026099054608494,6184.0,6184.0,12.398082971572876,0.8452498912811279,13.243332862854004,5940.0,6491.242424242424
ablation_no_fluid_state,1562,66,2,P2,66,3.495833333333334e-05,0.006787507911212742,8578.0,8818.0,15.532410383224487,1.0462796688079834,16.57869005203247,8118.0,8800.90909090909
ablation_no_fluid_state,1563,66,3,P3,66,3.4916666666666664e-05,0.000433944609540049,6451.0,6462.0,11.337528705596924,0.7395858764648438,12.077114582061768,5875.0,6595.575757575758
ablation_no_fluid_state,1564,66,4,P4,66,3.4875e-05,0.009783296147361398,3816.0,3782.0,8.741036891937256,0.5943377017974854,9.335374593734741,3678.0,3946.030303030303
ablation_no_fluid_state,1565,66,5,P5,66,3.483333333333334e-05,0.010224221041426063,4327.0,4272.0,9.256156921386719,0.6340124607086182,9.890169382095337,4222.0,4389.560606060606
ablation_no_fluid_state,1566,66,6,P6,66,3.479166666666667e-05,0.003261406789533794,4084.0,4004.0,9.623896598815918,0.6824102401733398,10.306306838989258,3983.0,4126.212121212121
ablation_no_fluid_state,1567,66,7,P7,66,3.4750000000000004e-05,0.005508110742084682,6120.0,5900.0,14.344993352890015,0.9421613216400146,15.28715467453003,5750.0,6281.787878787879
ablation_no_fluid_state,1568,66,8,P8,66,3.4708333333333334e-05,-0.001783076106221415,6017.0,5747.0,12.439288139343262,0.8216125965118408,13.260900735855103,5600.0,6013.878787878788
ablation_no_fluid_state,1569,66,9,P9,66,3.466666666666667e-05,-0.002772072490188293,5614.0,5507.0,12.062310695648193,0.7753245830535889,12.837635278701782,5367.0,5714.378787878788
ablation_no_fluid_state,1570,66,10,P10,66,3.4624999999999995e-05,-0.010403961408883333,5694.0,5706.0,7.37064003944397,0.5123212337493896,7.882961273193359,5526.0,5777.318181818182
ablation_no_fluid_state,1571,66,11,P11,66,3.458333333333333e-05,-0.015975145273841918,11723.0,11655.0,14.121402740478516,1.000183343887329,15.121586084365845,11389.0,11674.560606060606
ablation_no_fluid_state,1572,66,12,P12,66,3.4541666666666675e-05,-0.0005913321456318954,12033.0,12297.0,17.216247081756592,1.198261022567749,18.41450810432434,11879.0,12391.90909090909
ablation_no_fluid_state,1573,66,13,P13,66,3.45e-05,0.007388867379631847,19638.0,19880.0,41.5542414188385,3.2766358852386475,44.83087730407715,19402.0,20274.136363636364
ablation_no_fluid_state,1574,66,14,P14,66,3.4458333333333335e-05,-0.0004908048899778805,22131.0,22435.0,41.70744061470032,3.1947414875030518,44.90218210220337,21894.0,22663.833333333332
ablation_no_fluid_state,1575,66,15,P15,66,3.4416666666666665e-05,-0.001475616525112855,20438.0,20426.0,43.38987350463867,3.28440260887146,46.67427611351013,19965.0,20608.81818181818
ablation_no_fluid_state,1576,66,16,P16,66,3.4375e-05,0.0012664720867178402,20729.0,20549.0,53.33462572097778,4.209327697753906,57.54395341873169,20469.0,21395.39393939394
ablation_no_fluid_state,1577,66,17,P17,66,3.433333333333334e-05,0.002302345694624819,21766.0,21452.0,54.07879614830017,4.2752015590667725,58.35399770736694,20831.0,21695.68181818182
ablation_no_fluid_state,1578,66,18,P18,66,3.429166666666667e-05,-0.0033988974464591593,20556.0,20650.0,48.82251167297363,3.8040030002593994,52.62651467323303,20269.0,21254.454545454544
ablation_no_fluid_state,1579,66,19,P19,66,3.4250000000000006e-05,0.005843364796601236,24067.0,23693.0,49.47461915016174,4.121595144271851,53.596214294433594,23095.0,24045.969696969696
ablation_no_fluid_state,1580,66,20,P20,66,3.420833333333333e-05,-0.004293260746635497,23364.0,22985.0,53.72443675994873,4.380046844482422,58.10448360443115,22423.0,23270.727272727272
ablation_no_fluid_state,1581,66,21,P21,66,3.4166666666666666e-05,0.0009493281642789953,24594.0,24205.0,57.41012477874756,4.610437631607056,62.020562410354614,23586.0,24653.075757575756
ablation_no_fluid_state,1582,66,22,P22,66,3.412500000000001e-05,0.0005892749322811142,23852.0,23521.0,57.92139744758606,4.7233076095581055,62.644705057144165,23177.0,24188.5
ablation_no_fluid_state,1583,66,23,P23,66,3.408333333333333e-05,0.005329802574124187,34910.0,35210.0,75.89610981941223,5.944855690002441,81.84096550941467,32600.0,35976.469696969696
ablation_no_fluid_state,1584,66,24,P24,66,3.404166666666667e-05,-0.004461896419525146,24543.0,24250.0,49.82955193519592,4.037743091583252,53.867295026779175,23758.0,24787.196969696968
ablation_no_fluid_state,1585,67,1,P1,67,3.4e-05,0.002397750344243832,6324.0,6564.0,11.722352027893066,0.7814602851867676,12.503812313079834,5940.0,6492.328358208955
ablation_no_fluid_state,1586,67,2,P2,67,3.3958333333333337e-05,0.010485998471267521,9136.0,9146.0,14.631900310516357,1.0210487842559814,15.652949094772339,8118.0,8806.059701492537
ablation_no_fluid_state,1587,67,3,P3,67,3.391666666666667e-05,0.0171158091397956,6720.0,6744.0,11.004683494567871,0.7664196491241455,11.771103143692017,5875.0,6597.79104477612
ablation_no_fluid_state,1588,67,4,P4,67,3.3875000000000003e-05,-0.007648017606697977,3843.0,3802.0,8.35542106628418,0.6128273010253906,8.96824836730957,3678.0,3943.8805970149256
ablation_no_fluid_state,1589,67,5,P5,67,3.383333333333334e-05,-0.005888459971174598,4312.0,4312.0,9.320174932479858,0.6198060512542725,9.93998098373413,4222.0,4388.4029850746265
ablation_no_fluid_state,1590,67,6,P6,67,3.3791666666666664e-05,-0.00810098391957581,4047.0,3970.0,9.86914610862732,0.6371579170227051,10.506304025650024,3970.0,4123.880597014925
ablation_no_fluid_state,1591,67,7,P7,67,3.375000000000001e-05,0.007170968281570822,6016.0,5925.0,14.688054084777832,0.9790341854095459,15.667088270187378,5750.0,6276.462686567164
ablation_no_fluid_state,1592,67,8,P8,67,3.370833333333333e-05,-0.0055566931259818375,5727.0,5897.0,12.629326581954956,0.8183295726776123,13.447656154632568,5600.0,6012.134328358209
ablation_no_fluid_state,1593,67,9,P9,67,3.366666666666667e-05,0.005276055700960569,5637.0,5537.0,11.750415086746216,0.7928547859191895,12.543269872665405,5367.0,5711.731343283582
ablation_no_fluid_state,1594,67,10,P10,67,3.3625000000000004e-05,-0.023368109483271837,5534.0,5659.0,7.485782623291016,0.4958939552307129,7.9816765785217285,5526.0,5775.55223880597
ablation_no_fluid_state,1595,67,11,P11,67,3.3583333333333334e-05,-0.015546105219982564,11549.0,11723.0,14.836189270019531,1.0057222843170166,15.841911554336548,11389.0,11675.283582089553
ablation_no_fluid_state,1596,67,12,P12,67,3.354166666666667e-05,0.0015322427134378813,12100.0,12022.0,17.62572741508484,1.2158234119415283,18.841550827026367,11879.0,12386.388059701492
ablation_no_fluid_state,1597,67,13,P13,67,3.35e-05,0.008455095841782168,19997.0,19875.0,41.657824754714966,3.217146158218384,44.87497091293335,19402.0,20268.17910447761
ablation_no_fluid_state,1598,67,14,P14,67,3.345833333333334e-05,-0.0005938110857641732,22581.0,22304.0,41.55261850357056,3.2088639736175537,44.76148247718811,21894.0,22658.462686567163
ablation_no_fluid_state,1599,67,15,P15,67,3.341666666666666e-05,-0.005524529609829187,20368.0,20512.0,44.15401792526245,3.447084665298462,47.60110259056091,19965.0,20607.373134328358
ablation_no_fluid_state,1600,67,16,P16,67,3.3375e-05,0.003351916593965143,20903.0,20607.0,51.815715074539185,4.037040710449219,55.8527557849884,20469.0,21383.626865671642
ablation_no_fluid_state,1601,67,17,P17,67,3.333333333333334e-05,-0.0013759984794887714,21427.0,21636.0,51.31812644004822,4.25166654586792,55.56979298591614,20831.0,21694.79104477612
ablation_no_fluid_state,1602,67,18,P18,67,3.3291666666666665e-05,-0.000765980582946213,20533.0,20785.0,48.90233135223389,3.8058717250823975,52.708203077316284,20269.0,21247.44776119403
ablation_no_fluid_state,1603,67,19,P19,67,3.325e-05,0.003328823146875948,24502.0,24021.0,50.22002458572388,4.0998687744140625,54.31989336013794,23095.0,24045.597014925374
ablation_no_fluid_state,1604,67,20,P20,67,3.320833333333333e-05,-0.0032326183863915503,22950.0,22946.0,53.614640951156616,4.3464789390563965,57.96111989021301,22423.0,23265.880597014926
ablation_no_fluid_state,1605,67,21,P21,67,3.316666666666667e-05,0.0005144023249158636,24275.0,24140.0,58.434550523757935,4.696081876754761,63.130632400512695,23586.0,24645.417910447763
ablation_no_fluid_state,1606,67,22,P22,67,3.3125000000000006e-05,0.0006594949903956149,23634.0,23992.0,56.69746994972229,4.540794610977173,61.23826456069946,23177.0,24185.567164179105
ablation_no_fluid_state,1607,67,23,P23,67,3.3083333333333336e-05,0.006157428458599108,35660.0,35360.0,72.63583755493164,6.288443565368652,78.9242811203003,32600.0,35967.26865671642
ablation_no_fluid_state,1608,67,24,P24,67,3.304166666666667e-05,-0.006916439696215093,24203.0,24219.0,51.745455265045166,4.285963296890259,56.031418561935425,23758.0,24778.716417910447
ablation_no_fluid_state,1609,68,1,P1,68,3.2999999999999996e-05,0.005546538683120161,6324.0,6226.0,11.934860467910767,0.8133676052093506,12.748228073120117,5940.0,6488.411764705882
ablation_no_fluid_state,1610,68,2,P2,68,3.295833333333333e-05,0.0034399786964058876,9126.0,8979.0,15.26499342918396,1.0487780570983887,16.31377148628235,8118.0,8808.60294117647
ablation_no_fluid_state,1611,68,3,P3,68,3.2916666666666676e-05,0.010206630911852699,6744.0,6676.0,11.127613067626953,0.7438342571258545,11.871447324752808,5875.0,6598.941176470588
ablation_no_fluid_state,1612,68,4,P4,68,3.2875e-05,-0.010955857578665018,3769.0,3867.0,8.561946868896484,0.5909454822540283,9.152892351150513,3678.0,3942.75
ablation_no_fluid_state,1613,68,5,P5,68,3.2833333333333336e-05,-0.0059350995579734445,4262.0,4312.0,9.504202365875244,0.6576550006866455,10.16185736656189,4222.0,4387.279411764706
ablation_no_fluid_state,1614,68,6,P6,68,3.2791666666666666e-05,-0.010944441659376025,3980.0,4080.0,9.845997095108032,0.6513831615447998,10.497380256652832,3970.0,4123.235294117647
ablation_no_fluid_state,1615,68,7,P7,68,3.275e-05,-0.00366568990284577,5890.0,5950.0,14.553916454315186,0.9728682041168213,15.526784658432007,5750.0,6271.661764705882
ablation_no_fluid_state,1616,68,8,P8,68,3.2708333333333327e-05,0.03871923824772239,6284.0,5807.0,12.773173332214355,0.8653035163879395,13.638476848602295,5600.0,6009.117647058823
ablation_no_fluid_state,1617,68,9,P9,68,3.266666666666667e-05,-0.006956300640013069,5662.0,5547.0,12.118926525115967,0.7959761619567871,12.914902687072754,5367.0,5709.308823529412
ablation_no_fluid_state,1618,68,10,P10,68,3.262500000000001e-05,-0.01702200761064887,5702.0,5697.0,7.653090238571167,0.5099892616271973,8.163079500198364,5526.0,5774.39705882353
ablation_no_fluid_state,1619,68,11,P11,68,3.258333333333333e-05,-0.009784620197024196,11553.0,11655.0,14.68815565109253,1.028876543045044,15.717032194137573,11389.0,11674.985294117647
ablation_no_fluid_state,1620,68,12,P12,68,3.254166666666667e-05,-0.004878686275333166,12332.0,12069.0,17.63650894165039,1.2105927467346191,18.84710168838501,11879.0,12381.720588235294
ablation_no_fluid_state,1621,68,13,P13,68,3.25e-05,0.007633857137989253,19768.0,19863.0,41.98613238334656,3.024705410003662,45.01083779335022,19402.0,20262.220588235294
ablation_no_fluid_state,1622,68,14,P14,68,3.2458333333333334e-05,0.0013786101608275203,22019.0,22347.0,40.42534947395325,3.089209794998169,43.514559268951416,21894.0,22653.882352941175
ablation_no_fluid_state,1623,68,15,P15,68,3.241666666666667e-05,-0.003655015956610441,20224.0,20460.0,41.644447803497314,3.3825318813323975,45.02697968482971,19965.0,20605.20588235294
ablation_no_fluid_state,1624,68,16,P16,68,3.2375e-05,-5.8260193873138634e-05,20638.0,20772.0,52.957191944122314,4.206524133682251,57.163716077804565,20469.0,21374.632352941175
ablation_no_fluid_state,1625,68,17,P17,68,3.233333333333334e-05,0.0002362949004236725,21204.0,21391.0,52.69775128364563,4.160537481307983,56.85828876495361,20831.0,21690.323529411766
ablation_no_fluid_state,1626,68,18,P18,68,3.229166666666667e-05,-0.0006062693140847841,20605.0,20525.0,48.491455078125,3.8401010036468506,52.33155608177185,20269.0,21236.823529411766
ablation_no_fluid_state,1627,68,19,P19,68,3.2250000000000005e-05,0.0036027368594659494,24111.0,24022.0,50.63060975074768,4.103194952011108,54.73380470275879,23095.0,24045.25
ablation_no_fluid_state,1628,68,20,P20,68,3.220833333333334e-05,-0.004048798466101289,22864.0,22843.0,54.41102337837219,4.243666172027588,58.65468955039978,22423.0,23259.66176470588
ablation_no_fluid_state,1629,68,21,P21,68,3.2166666666666665e-05,0.0008657710286570364,24125.0,23943.0,55.83110189437866,4.489527940750122,60.320629835128784,23586.0,24635.08823529412
ablation_no_fluid_state,1630,68,22,P22,68,3.212500000000001e-05,0.001501789032772649,23682.0,23675.0,56.454856157302856,4.983037233352661,61.43789339065552,23177.0,24178.058823529413
ablation_no_fluid_state,1631,68,23,P23,68,3.208333333333333e-05,0.005579344046834324,35647.0,34760.0,74.71337747573853,6.0215699672698975,80.73494744300842,32600.0,35949.51470588235
ablation_no_fluid_state,1632,68,24,P24,68,3.204166666666667e-05,-0.0070151359308511015,24199.0,23930.0,50.58585047721863,4.190398693084717,54.776249170303345,23758.0,24766.235294117647
ablation_no_fluid_state,1633,69,1,P1,69,3.2e-05,-0.014295265660621226,6064.0,6044.0,12.000619173049927,0.8312561511993408,12.831875324249268,5940.0,6481.971014492754
ablation_no_fluid_state,1634,69,2,P2,69,3.1958333333333335e-05,0.003682790615130216,8494.0,8494.0,15.20209550857544,1.0621004104614258,16.264195919036865,8118.0,8804.04347826087
ablation_no_fluid_state,1635,69,3,P3,69,3.191666666666667e-05,0.03545134188607335,6676.0,6462.0,11.091608047485352,0.7593657970428467,11.850973844528198,5875.0,6596.95652173913
ablation_no_fluid_state,1636,69,4,P4,69,3.1875e-05,-0.0006889509677421302,3773.0,3762.0,8.680120944976807,0.5832908153533936,9.2634117603302,3678.0,3940.1304347826085
ablation_no_fluid_state,1637,69,5,P5,69,3.183333333333334e-05,-0.005015344126150012,4257.0,4322.0,9.533462285995483,0.6625845432281494,10.196046829223633,4222.0,4386.333333333333
ablation_no_fluid_state,1638,69,6,P6,69,3.179166666666666e-05,-0.007224985281936824,4094.0,4080.0,10.235267639160156,0.679631233215332,10.914898872375488,3970.0,4122.608695652174
ablation_no_fluid_state,1639,69,7,P7,69,3.175e-05,-0.008141178521327674,5960.0,5900.0,14.684808492660522,1.024714708328247,15.70952320098877,5750.0,6266.275362318841
ablation_no_fluid_state,1640,69,8,P8,69,3.170833333333334e-05,-0.004179345793090761,5747.0,5717.0,12.235857725143433,0.8106341361999512,13.046491861343384,5600.0,6004.884057971014
ablation_no_fluid_state,1641,69,9,P9,69,3.1666666666666666e-05,-0.002521764059565612,5388.0,5347.0,11.46224069595337,0.754925012588501,12.21716570854187,5347.0,5704.057971014493
ablation_no_fluid_state,1642,69,10,P10,69,3.1625e-05,-0.012227751081809402,5560.0,5588.0,7.321127414703369,0.5046734809875488,7.825800895690918,5526.0,5771.695652173913
ablation_no_fluid_state,1643,69,11,P11,69,3.158333333333333e-05,-0.017930489033460617,11503.0,11530.0,14.265223026275635,0.9697237014770508,15.234946727752686,11389.0,11672.884057971014
ablation_no_fluid_state,1644,69,12,P12,69,3.154166666666667e-05,0.01230840408243239,12109.0,11928.0,17.246418714523315,1.1419334411621094,18.388352155685425,11879.0,12375.144927536232
ablation_no_fluid_state,1645,69,13,P13,69,3.149999999999999e-05,0.006100891827372834,19758.0,19632.0,39.937493324279785,3.1724398136138916,43.10993313789368,19402.0,20253.08695652174
ablation_no_fluid_state,1646,69,14,P14,69,3.145833333333334e-05,-0.00044251862732380687,22293.0,22192.0,41.10983991622925,3.2344250679016113,44.34426498413086,21894.0,22647.1884057971
ablation_no_fluid_state,1647,69,15,P15,69,3.1416666666666674e-05,-0.002109747663780581,20455.0,20460.0,42.55319905281067,3.2304365634918213,45.78363561630249,19965.0,20603.101449275364
ablation_no_fluid_state,1648,69,16,P16,69,3.1375e-05,0.00029457113614625994,20607.0,20419.0,51.4048810005188,4.108879089355469,55.51376008987427,20419.0,21360.782608695652
ablation_no_fluid_state,1649,69,17,P17,69,3.1333333333333334e-05,0.0019229439203627408,21343.0,20992.0,53.250832319259644,4.200321197509766,57.45115351676941,20831.0,21680.202898550724
ablation_no_fluid_state,1650,69,18,P18,69,3.1291666666666664e-05,-0.0033226730476599185,20358.0,20637.0,50.10683798789978,3.7753617763519287,53.88219976425171,20269.0,21228.130434782608
ablation_no_fluid_state,1651,69,19,P19,69,3.125e-05,0.002320377205614932,23955.0,23555.0,49.192267179489136,3.9188270568847656,53.1110942363739,23095.0,24038.144927536232
ablation_no_fluid_state,1652,69,20,P20,69,3.120833333333334e-05,-0.0012657145067350938,22873.0,22695.0,52.86985921859741,4.519291639328003,57.389150857925415,22423.0,23251.478260869564
ablation_no_fluid_state,1653,69,21,P21,69,3.116666666666667e-05,-0.0022443459427449854,23956.0,23774.0,57.38504338264465,4.635426998138428,62.02047038078308,23586.0,24622.608695652172
ablation_no_fluid_state,1654,69,22,P22,69,3.1125000000000004e-05,0.0029990079696290196,23669.0,23471.0,56.148982763290405,4.588998794555664,60.73798155784607,23177.0,24167.8115942029
ablation_no_fluid_state,1655,69,23,P23,69,3.108333333333333e-05,0.0034533937993858543,34339.0,32329.0,75.15586638450623,6.297299385070801,81.45316576957703,32329.0,35897.04347826087
ablation_no_fluid_state,1656,69,24,P24,69,3.104166666666667e-05,-0.004838315467350185,24324.0,23856.0,52.63915705680847,4.129139184951782,56.768296241760254,23758.0,24753.043478260868
ablation_no_fluid_state,1657,70,1,P1,70,3.100000000000001e-05,-0.0036777345230802894,6152.0,6044.0,11.836599588394165,0.7792541980743408,12.615853786468506,5940.0,6475.714285714285
ablation_no_fluid_state,1658,70,2,P2,70,3.095833333333333e-05,0.005717003194149584,8708.0,8374.0,14.844132900238037,1.0737330913543701,15.917865991592407,8118.0,8797.9
ablation_no_fluid_state,1659,70,3,P3,70,3.091666666666667e-05,0.013979809824377298,6645.0,6316.0,10.875414371490479,0.7398641109466553,11.615278482437134,5875.0,6592.942857142857
ablation_no_fluid_state,1660,70,4,P4,70,3.0875e-05,-0.0033001117990352213,3744.0,3746.0,8.263880491256714,0.554652214050293,8.818532705307007,3678.0,3937.3571428571427
ablation_no_fluid_state,1661,70,5,P5,70,3.0833333333333335e-05,0.005964013398624957,4267.0,4332.0,9.123706579208374,0.6065452098846436,9.730251789093018,4222.0,4385.557142857143
ablation_no_fluid_state,1662,70,6,P6,70,3.0791666666666665e-05,0.005543957697227597,4118.0,4080.0,9.453275918960571,0.631742000579834,10.085017919540405,3970.0,4122.0
ablation_no_fluid_state,1663,70,7,P7,70,3.075e-05,-0.0038271607481874526,5960.0,5990.0,14.177748680114746,0.9887192249298096,15.166467905044556,5750.0,6262.328571428571
ablation_no_fluid_state,1664,70,8,P8,70,3.070833333333334e-05,-0.005977894412353635,5677.0,5674.0,12.791702270507812,0.8468573093414307,13.638559579849243,5600.0,6000.157142857143
ablation_no_fluid_state,1665,70,9,P9,70,3.066666666666667e-05,0.006275694468058646,5497.0,5484.0,12.373193264007568,0.7788844108581543,13.152077674865723,5347.0,5700.914285714286
ablation_no_fluid_state,1666,70,10,P10,70,3.0625000000000006e-05,-0.014834795147180557,5611.0,5606.0,7.4283671379089355,0.555732011795044,7.9840991497039795,5526.0,5769.328571428571
ablation_no_fluid_state,1667,70,11,P11,70,3.058333333333333e-05,-0.022964104544371367,11475.0,11543.0,14.653680086135864,0.9680547714233398,15.621734857559204,11389.0,11671.028571428571
ablation_no_fluid_state,1668,70,12,P12,70,3.0541666666666666e-05,0.00425389752490446,12161.0,12120.0,17.48477292060852,1.1769018173217773,18.661674737930298,11879.0,12371.5
ablation_no_fluid_state,1669,70,13,P13,70,3.0500000000000006e-05,0.00650690114707686,19602.0,19894.0,40.69257736206055,3.0969784259796143,43.78955578804016,19402.0,20247.957142857143
ablation_no_fluid_state,1670,70,14,P14,70,3.0458333333333333e-05,9.08198614979483e-05,21940.0,22304.0,41.21384072303772,3.172048568725586,44.385889291763306,21894.0,22642.285714285714
ablation_no_fluid_state,1671,70,15,P15,70,3.041666666666667e-05,-0.0014853992274765915,20514.0,20374.0,43.26132678985596,3.366558074951172,46.62788486480713,19965.0,20599.82857142857
ablation_no_fluid_state,1672,70,16,P16,70,3.0374999999999996e-05,0.0008472121928207344,20664.0,20660.0,53.79036092758179,4.050015449523926,57.84037637710571,20419.0,21350.77142857143
ablation_no_fluid_state,1673,70,17,P17,70,3.0333333333333337e-05,0.00022044224715500604,21260.0,20821.0,51.31275200843811,4.018661737442017,55.33141374588013,20821.0,21667.928571428572
ablation_no_fluid_state,1674,70,18,P18,70,3.0291666666666663e-05,-0.0024884815560653807,20391.0,20419.0,48.360023021698,3.9877264499664307,52.34774947166443,20269.0,21216.571428571428
ablation_no_fluid_state,1675,70,19,P19,70,3.025e-05,0.0025541749724652617,24015.0,23535.0,50.7505943775177,4.049198389053345,54.799792766571045,23095.0,24030.957142857143
ablation_no_fluid_state,1676,70,20,P20,70,3.0208333333333337e-05,-0.0018045957724098117,22829.0,22602.0,53.753881216049194,4.345196485519409,58.0990777015686,22423.0,23242.2
ablation_no_fluid_state,1677,70,21,P21,70,3.0166666666666667e-05,-0.0012519246578449384,23879.0,23743.0,56.8694224357605,4.622540235519409,61.49196267127991,23586.0,24610.042857142857
ablation_no_fluid_state,1678,70,22,P22,70,3.0125000000000004e-05,0.0025561307789757847,23881.0,23582.0,56.08294725418091,4.630775213241577,60.713722467422485,23177.0,24159.442857142858
ablation_no_fluid_state,1679,70,23,P23,70,3.008333333333333e-05,0.0037959201560754862,34378.0,34460.0,73.93167901039124,5.9751200675964355,79.90679907798767,32329.0,35876.514285714286
ablation_no_fluid_state,1680,70,24,P24,70,3.0041666666666667e-05,-0.005432083643972874,24152.0,24045.0,50.04286217689514,4.489749431610107,54.53261160850525,23758.0,24742.928571428572
ablation_no_fluid_state,1681,71,1,P1,71,3.0000000000000008e-05,-0.00998787273420021,6108.0,6044.0,12.399436473846436,0.8106429576873779,13.210079431533813,5940.0,6469.633802816901
ablation_no_fluid_state,1682,71,2,P2,71,2.9958333333333334e-05,0.000642623946077947,8374.0,8374.0,15.283752202987671,1.0451602935791016,16.328912496566772,8118.0,8791.929577464789
ablation_no_fluid_state,1683,71,3,P3,71,2.991666666666667e-05,0.019465710181975737,6506.0,6313.0,10.942775964736938,0.7235639095306396,11.666339874267578,5875.0,6589.0
ablation_no_fluid_state,1684,71,4,P4,71,2.9874999999999998e-05,0.012426497181877494,3853.0,3748.0,8.580517053604126,0.6182465553283691,9.198763608932495,3678.0,3934.6901408450703
ablation_no_fluid_state,1685,71,5,P5,71,2.9833333333333335e-05,0.010689414571970701,4272.0,4272.0,9.655995845794678,0.6556227207183838,10.311618566513062,4222.0,4383.957746478874
ablation_no_fluid_state,1686,71,6,P6,71,2.9791666666666675e-05,-0.0014445729029830545,4060.0,4064.0,10.078171014785767,0.6451754570007324,10.723346471786499,3970.0,4121.183098591549
ablation_no_fluid_state,1687,71,7,P7,71,2.975e-05,-0.003046375175472349,6030.0,5970.0,14.638911485671997,0.9628293514251709,15.601740837097168,5750.0,6258.211267605634
ablation_no_fluid_state,1688,71,8,P8,71,2.9708333333333338e-05,-0.006864746508654207,5717.0,5627.0,12.62218165397644,0.8531303405761719,13.475311994552612,5600.0,5994.901408450704
ablation_no_fluid_state,1689,71,9,P9,71,2.9666666666666665e-05,0.00034974392656295095,5451.0,5387.0,11.93837833404541,0.7997488975524902,12.7381272315979,5347.0,5696.492957746479
ablation_no_fluid_state,1690,71,10,P10,71,2.9625000000000002e-05,-0.007920508971437812,5741.0,5588.0,7.718311309814453,0.5308341979980469,8.2491455078125,5526.0,5766.774647887324
ablation_no_fluid_state,1691,71,11,P11,71,2.958333333333333e-05,-0.01859866571612656,11605.0,11543.0,15.020225286483765,1.0171186923980713,16.037343978881836,11389.0,11669.225352112677
ablation_no_fluid_state,1692,71,12,P12,71,2.954166666666667e-05,0.0015510710509261116,12101.0,12107.0,17.981439113616943,1.2441301345825195,19.225569248199463,11879.0,12367.774647887323
ablation_no_fluid_state,1693,71,13,P13,71,2.9500000000000006e-05,0.004110025707632303,19624.0,19731.0,41.74801707267761,3.1768383979797363,44.92485547065735,19402.0,20240.676056338027
ablation_no_fluid_state,1694,71,14,P14,71,2.9458333333333332e-05,0.0009312341435361304,22136.0,22309.0,41.578057289123535,3.1782634258270264,44.75632071495056,21894.0,22637.591549295776
ablation_no_fluid_state,1695,71,15,P15,71,2.941666666666667e-05,9.65412805271626e-05,20556.0,20067.0,42.66125774383545,3.3124094009399414,45.97366714477539,19965.0,20592.323943661973
ablation_no_fluid_state,1696,71,16,P16,71,2.9374999999999996e-05,0.0018300891271792353,20826.0,20766.0,52.08334994316101,4.312412738800049,56.39576268196106,20419.0,21342.535211267605
ablation_no_fluid_state,1697,71,17,P17,71,2.9333333333333336e-05,-4.136083534831414e-05,21396.0,21134.0,52.39366412162781,4.125608444213867,56.519272565841675,20821.0,21660.408450704224
ablation_no_fluid_state,1698,71,18,P18,71,2.9291666666666673e-05,-0.003598359634634107,20386.0,20421.0,48.39234018325806,3.8211770057678223,52.21351718902588,20269.0,21205.3661971831
ablation_no_fluid_state,1699,71,19,P19,71,2.925e-05,0.0024105781980324537,23963.0,23962.0,50.743945360183716,4.130833864212036,54.87477922439575,23095.0,24029.985915492958
ablation_no_fluid_state,1700,71,20,P20,71,2.9208333333333336e-05,-0.0010300200858182507,22691.0,22763.0,54.73956227302551,4.547410726547241,59.286972999572754,22423.0,23235.450704225354
ablation_no_fluid_state,1701,71,21,P21,71,2.9166666666666663e-05,-0.0011700555129209532,24001.0,23878.0,57.32777523994446,4.512327671051025,61.84010291099548,23586.0,24599.732394366198
ablation_no_fluid_state,1702,71,22,P22,71,2.9125000000000003e-05,0.0008957960424595512,23627.0,23659.0,55.49429154396057,4.941540002822876,60.43583154678345,23177.0,24152.394366197183
ablation_no_fluid_state,1703,71,23,P23,71,2.908333333333334e-05,0.006028761072749538,35047.0,35060.0,75.50061583518982,6.197566747665405,81.69818258285522,32329.0,35865.01408450704
ablation_no_fluid_state,1704,71,24,P24,71,2.9041666666666667e-05,-0.006461162748746574,24118.0,24034.0,50.773151874542236,4.1520466804504395,54.925198554992676,23758.0,24732.943661971833
ablation_no_fluid_state,1705,72,1,P1,72,2.9000000000000004e-05,-0.00513811779092066,6184.0,6044.0,11.859309673309326,0.8177177906036377,12.677027463912964,5940.0,6463.722222222223
ablation_no_fluid_state,1706,72,2,P2,72,2.895833333333333e-05,0.001368063414702192,8494.0,8922.0,15.17816710472107,1.034471035003662,16.21263813972473,8118.0,8793.736111111111
ablation_no_fluid_state,1707,72,3,P3,72,2.891666666666667e-05,-0.00981859676539898,6530.0,6462.0,11.112507343292236,0.752180814743042,11.864688158035278,5875.0,6587.236111111111
ablation_no_fluid_state,1708,72,4,P4,72,2.8874999999999997e-05,0.014648568350821733,3838.0,3748.0,8.696387767791748,0.5921549797058105,9.288542747497559,3678.0,3932.097222222222
ablation_no_fluid_state,1709,72,5,P5,72,2.8833333333333334e-05,0.020814064424484968,4282.0,4272.0,9.545651912689209,0.6570651531219482,10.202717065811157,4222.0,4382.402777777777
ablation_no_fluid_state,1710,72,6,P6,72,2.879166666666667e-05,0.013323207153007388,4070.0,4080.0,9.796854972839355,0.6760590076446533,10.472913980484009,3970.0,4120.611111111111
ablation_no_fluid_state,1711,72,7,P7,72,2.8749999999999997e-05,-0.007912373985163867,5820.0,5850.0,14.677676677703857,1.0070080757141113,15.684684753417969,5750.0,6252.541666666667
ablation_no_fluid_state,1712,72,8,P8,72,2.8708333333333338e-05,-0.001568330984810018,5717.0,5657.0,12.658586263656616,0.8756725788116455,13.534258842468262,5600.0,5990.208333333333
ablation_no_fluid_state,1713,72,9,P9,72,2.8666666666666664e-05,0.0027372015902074054,5397.0,5347.0,12.19072437286377,0.8709888458251953,13.061713218688965,5347.0,5691.638888888889
ablation_no_fluid_state,1714,72,10,P10,72,2.8625e-05,-0.014915699139237404,5567.0,5577.0,7.8288140296936035,0.5656890869140625,8.394503116607666,5526.0,5764.138888888889
ablation_no_fluid_state,1715,72,11,P11,72,2.8583333333333338e-05,-0.01057110505644232,11434.0,11553.0,14.256758451461792,0.9827544689178467,15.239512920379639,11389.0,11667.611111111111
ablation_no_fluid_state,1716,72,12,P12,72,2.8541666666666668e-05,0.0017869175353553146,12131.0,12217.0,17.06650424003601,1.1599922180175781,18.22649645805359,11879.0,12365.680555555555
ablation_no_fluid_state,1717,72,13,P13,72,2.8500000000000005e-05,0.008516786299878731,19975.0,19716.0,40.155678272247314,3.061164140701294,43.21684241294861,19402.0,20233.38888888889
ablation_no_fluid_state,1718,72,14,P14,72,2.845833333333333e-05,-0.001825272644055076,21766.0,22120.0,40.54466652870178,3.2011702060699463,43.74583673477173,21894.0,22630.402777777777
ablation_no_fluid_state,1719,72,15,P15,72,2.841666666666667e-05,-0.002813280501868576,20299.0,20342.0,42.92373728752136,3.2985482215881348,46.2222855091095,19965.0,20588.847222222223
ablation_no_fluid_state,1720,72,16,P16,72,2.8374999999999995e-05,0.002168438117951155,20943.0,20613.0,52.26272749900818,4.131162643432617,56.393890142440796,20419.0,21332.402777777777
ablation_no_fluid_state,1721,72,17,P17,72,2.8333333333333335e-05,0.00034125417878385635,21035.0,21291.0,52.581737756729126,4.130590438842773,56.7123281955719,20821.0,21655.277777777777
ablation_no_fluid_state,1722,72,18,P18,72,2.8291666666666672e-05,-0.0011235682355618336,20555.0,20579.0,49.58539652824402,3.9452919960021973,53.530688524246216,20269.0,21196.666666666668
ablation_no_fluid_state,1723,72,19,P19,72,2.825e-05,0.00361542864702642,23830.0,23760.0,50.62721252441406,3.9494404792785645,54.57665300369263,23095.0,24026.23611111111
ablation_no_fluid_state,1724,72,20,P20,72,2.8208333333333336e-05,-0.003493332781363279,22938.0,22888.0,53.30148482322693,4.278015613555908,57.57950043678284,22423.0,23230.625
ablation_no_fluid_state,1725,72,21,P21,72,2.8166666666666662e-05,0.0011208429386897478,24175.0,24006.0,58.05723547935486,4.854569911956787,62.911805391311646,23586.0,24591.48611111111
ablation_no_fluid_state,1726,72,22,P22,72,2.8125000000000003e-05,0.0003012350138305919,23677.0,23687.0,56.79766511917114,4.8167431354522705,61.61440825462341,23177.0,24145.930555555555
ablation_no_fluid_state,1727,72,23,P23,72,2.808333333333334e-05,0.006264058972841927,35347.0,35360.0,74.61971950531006,6.0922887325286865,80.71200823783875,32329.0,35858.0
ablation_no_fluid_state,1728,72,24,P24,72,2.8041666666666666e-05,-0.008276951080188156,24198.0,24153.0,52.43740892410278,4.3100433349609375,56.74745225906372,23758.0,24724.88888888889
ablation_no_fluid_state,1729,73,1,P1,73,2.8000000000000003e-05,0.011761559173464775,6535.0,6324.0,12.32765531539917,0.8006315231323242,13.128286838531494,5940.0,6461.808219178082
ablation_no_fluid_state,1730,73,2,P2,73,2.795833333333333e-05,0.010804131627082825,9136.0,8925.0,15.01738691329956,1.014094591140747,16.031481504440308,8118.0,8795.534246575342
ablation_no_fluid_state,1731,73,3,P3,73,2.791666666666667e-05,0.018333606305532157,6731.0,6530.0,10.754538536071777,0.7084352970123291,11.462973833084106,5875.0,6586.45205479452
ablation_no_fluid_state,1732,73,4,P4,73,2.7875000000000007e-05,-0.017148550134152174,3788.0,3816.0,8.378444194793701,0.5582811832427979,8.936725378036499,3678.0,3930.5068493150684
ablation_no_fluid_state,1733,73,5,P5,73,2.7833333333333333e-05,-0.0019154662149958313,4367.0,4312.0,9.235971689224243,0.6202023029327393,9.856173992156982,4222.0,4381.438356164384
ablation_no_fluid_state,1734,73,6,P6,73,2.779166666666667e-05,-0.012361195171251893,3992.0,4010.0,9.558650970458984,0.6555609703063965,10.21421194076538,3970.0,4119.095890410959
ablation_no_fluid_state,1735,73,7,P7,73,2.7749999999999997e-05,-0.006017790117766708,5767.0,5760.0,14.11864447593689,0.9275271892547607,15.04617166519165,5750.0,6245.7945205479455
ablation_no_fluid_state,1736,73,8,P8,73,2.7708333333333337e-05,0.01197213085833937,5787.0,5718.0,12.380383491516113,0.8380398750305176,13.21842336654663,5600.0,5986.479452054795
ablation_no_fluid_state,1737,73,9,P9,73,2.7666666666666664e-05,0.009713545674458146,5567.0,5447.0,11.857239007949829,0.8497424125671387,12.706981420516968,5347.0,5688.287671232877
ablation_no_fluid_state,1738,73,10,P10,73,2.7625e-05,-0.0267253122292459,5567.0,5726.0,7.754328727722168,0.5255677700042725,8.27989649772644,5526.0,5763.6164383561645
ablation_no_fluid_state,1739,73,11,P11,73,2.7583333333333337e-05,-0.022265769308432937,11434.0,11661.0,14.607127666473389,1.04799222946167,15.655119895935059,11389.0,11667.520547945205
ablation_no_fluid_state,1740,73,12,P12,73,2.7541666666666664e-05,-0.0058709640288725495,12259.0,12029.0,17.701457023620605,1.164595365524292,18.866052389144897,11879.0,12361.068493150686
ablation_no_fluid_state,1741,73,13,P13,73,2.7500000000000004e-05,0.004936228244332597,20091.0,19833.0,40.95843315124512,3.0808207988739014,44.03925395011902,19402.0,20227.904109589042
ablation_no_fluid_state,1742,73,14,P14,73,2.745833333333333e-05,0.003505875909468159,22229.0,22262.0,41.378522872924805,3.1261346340179443,44.50465750694275,21894.0,22625.35616438356
ablation_no_fluid_state,1743,73,15,P15,73,2.7416666666666668e-05,-0.00556701235473156,20506.0,20478.0,42.70692157745361,3.2627475261688232,45.96966910362244,19965.0,20587.328767123287
ablation_no_fluid_state,1744,73,16,P16,73,2.7375000000000005e-05,0.0006283716515099513,20631.0,20569.0,52.5391960144043,4.238535165786743,56.77773118019104,20419.0,21321.945205479453
ablation_no_fluid_state,1745,73,17,P17,73,2.733333333333333e-05,0.0017563748690008652,21471.0,21506.0,52.63015413284302,4.050806045532227,56.680960178375244,20821.0,21653.23287671233
ablation_no_fluid_state,1746,73,18,P18,73,2.729166666666667e-05,-0.0009507703834970016,20420.0,20579.0,47.93864440917969,3.7601399421691895,51.69878435134888,20269.0,21188.205479452055
ablation_no_fluid_state,1747,73,19,P19,73,2.7249999999999998e-05,0.001501300850941334,24146.0,23722.0,50.27823257446289,4.434526443481445,54.712759017944336,23095.0,24022.068493150684
ablation_no_fluid_state,1748,73,20,P20,73,2.7208333333333335e-05,-0.002040805373690091,23143.0,22725.0,53.95194888114929,4.3720362186431885,58.32398509979248,22423.0,23223.698630136987
ablation_no_fluid_state,1749,73,21,P21,73,2.7166666666666662e-05,0.000285799822449917,24589.0,24069.0,57.47546672821045,4.5787835121154785,62.05425024032593,23586.0,24584.328767123287
ablation_no_fluid_state,1750,73,22,P22,73,2.7125000000000002e-05,0.0016701091721188278,23846.0,23507.0,57.56256031990051,4.8066771030426025,62.369237422943115,23177.0,24137.178082191782
ablation_no_fluid_state,1751,73,23,P23,73,2.708333333333334e-05,0.004770656465552747,34806.0,35360.0,74.62779092788696,5.955117702484131,80.5829086303711,32329.0,35851.17808219178
ablation_no_fluid_state,1752,73,24,P24,73,2.7041666666666666e-05,-0.005816955561749637,24120.0,24252.0,49.88107228279114,4.193751573562622,54.07482385635376,23758.0,24718.41095890411
ablation_no_fluid_state,1753,74,1,P1,74,2.7000000000000002e-05,-0.004444977210368961,6324.0,6324.0,11.76928162574768,0.7975916862487793,12.56687331199646,5940.0,6459.945945945946
ablation_no_fluid_state,1754,74,2,P2,74,2.695833333333333e-05,0.002998941214173101,8926.0,8711.0,14.892810106277466,0.9919483661651611,15.884758472442627,8118.0,8794.391891891892
ablation_no_fluid_state,1755,74,3,P3,74,2.691666666666667e-05,0.027996279764920473,6947.0,6609.0,10.8760347366333,0.7279736995697021,11.604008436203003,5875.0,6586.756756756757
ablation_no_fluid_state,1756,74,4,P4,74,2.6875000000000006e-05,-0.0005618936702376232,3837.0,3782.0,8.574493646621704,0.57395339012146,9.148447036743164,3678.0,3928.5
ablation_no_fluid_state,1757,74,5,P5,74,2.6833333333333333e-05,-0.0017890137387439609,4257.0,4367.0,9.445217609405518,0.6190352439880371,10.064252853393555,4222.0,4381.243243243243
ablation_no_fluid_state,1758,74,6,P6,74,2.679166666666667e-05,-0.013516506645828485,4020.0,4040.0,9.808532953262329,0.6577134132385254,10.466246366500854,3970.0,4118.027027027027
ablation_no_fluid_state,1759,74,7,P7,74,2.6749999999999996e-05,-0.002270159060572041,5847.0,5830.0,14.150960445404053,0.960961103439331,15.111921548843384,5750.0,6240.175675675676
ablation_no_fluid_state,1760,74,8,P8,74,2.6708333333333337e-05,0.04395822063088417,6287.0,5867.0,12.496992826461792,0.8318686485290527,13.328861474990845,5600.0,5984.864864864865
ablation_no_fluid_state,1761,74,9,P9,74,2.6666666666666673e-05,-0.013622318510897458,5715.0,5663.0,11.618614673614502,0.7891793251037598,12.407793998718262,5347.0,5687.945945945946
ablation_no_fluid_state,1762,74,10,P10,74,2.6625e-05,-0.032318237237632275,5578.0,5726.0,7.563824892044067,0.5154454708099365,8.079270362854004,5526.0,5763.108108108108
ablation_no_fluid_state,1763,74,11,P11,74,2.6583333333333337e-05,-0.024789128452539444,11468.0,11661.0,14.29670786857605,0.997321367263794,15.294029235839844,11389.0,11667.432432432432
ablation_no_fluid_state,1764,74,12,P12,74,2.6541666666666664e-05,-0.0019732162327272817,12346.0,12041.0,17.309261560440063,1.1845033168792725,18.493764877319336,11879.0,12356.743243243243
ablation_no_fluid_state,1765,74,13,P13,74,2.6500000000000004e-05,0.003950766855268739,20285.0,19927.0,41.05789399147034,3.19048810005188,44.24838209152222,19402.0,20223.837837837837
ablation_no_fluid_state,1766,74,14,P14,74,2.645833333333333e-05,0.002586099064501468,22097.0,22218.0,41.82799315452576,3.206148862838745,45.0341420173645,21894.0,22619.85135135135
ablation_no_fluid_state,1767,74,15,P15,74,2.6416666666666667e-05,-0.0048202440375462174,20235.0,20351.0,42.527533769607544,3.153200387954712,45.680734157562256,19965.0,20584.135135135137
ablation_no_fluid_state,1768,74,16,P16,74,2.6375000000000004e-05,0.002094974194187671,20745.0,20727.0,50.95015525817871,3.9954121112823486,54.94556736946106,20419.0,21313.905405405407
ablation_no_fluid_state,1769,74,17,P17,74,2.633333333333333e-05,0.0007557080909464276,21657.0,21428.0,51.98737454414368,4.401330471038818,56.388705015182495,20821.0,21650.18918918919
ablation_no_fluid_state,1770,74,18,P18,74,2.629166666666667e-05,-0.0006904308667799342,20637.0,20651.0,49.025084018707275,3.768364667892456,52.79344868659973,20269.0,21180.945945945947
ablation_no_fluid_state,1771,74,19,P19,74,2.6249999999999998e-05,-0.0005515310011105611,24163.0,23730.0,50.70133900642395,4.076357841491699,54.77769684791565,23095.0,24018.12162162162
ablation_no_fluid_state,1772,74,20,P20,74,2.6208333333333335e-05,0.002748550521209836,23410.0,22928.0,54.29915237426758,4.369368314743042,58.66852068901062,22423.0,23219.702702702703
ablation_no_fluid_state,1773,74,21,P21,74,2.616666666666667e-05,-0.0037105932831764223,24161.0,24043.0,59.07052969932556,4.866150856018066,63.93668055534363,23586.0,24577.013513513513
ablation_no_fluid_state,1774,74,22,P22,74,2.6124999999999998e-05,0.0019409358661505393,23879.0,23527.0,55.66923761367798,4.518286228179932,60.18752384185791,23177.0,24128.932432432433
ablation_no_fluid_state,1775,74,23,P23,74,2.6083333333333338e-05,0.006204255657004458,36097.0,35510.0,73.35670900344849,6.441893100738525,79.79860210418701,32329.0,35846.56756756757
ablation_no_fluid_state,1776,74,24,P24,74,2.6041666666666665e-05,-0.007180326362140476,24372.0,24278.0,51.37582039833069,4.186749219894409,55.5625696182251,23758.0,24712.45945945946
ablation_no_fluid_state,1777,75,1,P1,75,2.6000000000000002e-05,-0.01229779701679945,6225.0,6369.0,11.829491376876831,0.7991983890533447,12.628689765930176,5940.0,6458.733333333334
ablation_no_fluid_state,1778,75,2,P2,75,2.595833333333334e-05,0.007562486862298101,9136.0,9146.0,14.860221147537231,1.0295848846435547,15.889806032180786,8118.0,8799.08
ablation_no_fluid_state,1779,75,3,P3,75,2.5916666666666665e-05,0.012851316336309537,6890.0,6676.0,10.940502405166626,0.7366824150085449,11.677184820175171,5875.0,6587.946666666667
ablation_no_fluid_state,1780,75,4,P4,75,2.5875000000000006e-05,0.0005613930552499369,3748.0,3892.0,8.604806900024414,0.576805830001831,9.181612730026245,3678.0,3928.0133333333333
ablation_no_fluid_state,1781,75,5,P5,75,2.5833333333333332e-05,0.009779262589290738,4272.0,4312.0,9.506442308425903,0.6229393482208252,10.129381656646729,4222.0,4380.32
ablation_no_fluid_state,1782,75,6,P6,75,2.579166666666667e-05,-0.006773414323106408,3983.0,4020.0,9.9402437210083,0.6717095375061035,10.611953258514404,3970.0,4116.72
ablation_no_fluid_state,1783,75,7,P7,75,2.5749999999999996e-05,-0.0004857214235016727,5887.0,5837.0,14.489330053329468,0.9712529182434082,15.460582971572876,5750.0,6234.8
ablation_no_fluid_state,1784,75,8,P8,75,2.5708333333333336e-05,0.041460138745605946,6584.0,5837.0,13.114092111587524,0.8832650184631348,13.99735713005066,5600.0,5982.893333333333
ablation_no_fluid_state,1785,75,9,P9,75,2.5666666666666673e-05,-0.012337603373453021,5786.0,5503.0,12.173237085342407,0.8043279647827148,12.977565050125122,5347.0,5685.48
ablation_no_fluid_state,1786,75,10,P10,75,2.5625e-05,-0.02557250438258052,5558.0,5726.0,7.706554889678955,0.5139923095703125,8.220547199249268,5526.0,5762.613333333334
ablation_no_fluid_state,1787,75,11,P11,75,2.5583333333333336e-05,-0.01632089028134942,11491.0,11661.0,14.918394088745117,1.012606143951416,15.931000232696533,11389.0,11667.346666666666
ablation_no_fluid_state,1788,75,12,P12,75,2.5541666666666663e-05,-0.008514941320754588,12025.0,12023.0,17.69297742843628,1.2422270774841309,18.93520450592041,11879.0,12352.293333333333
ablation_no_fluid_state,1789,75,13,P13,75,2.5500000000000003e-05,0.006392691400833428,19750.0,19894.0,41.072134256362915,3.098431348800659,44.170565605163574,19402.0,20219.44
ablation_no_fluid_state,1790,75,14,P14,75,2.545833333333334e-05,0.004505945966229774,22127.0,22289.0,40.67111110687256,3.103367567062378,43.77447867393494,21894.0,22615.44
ablation_no_fluid_state,1791,75,15,P15,75,2.5416666666666667e-05,-0.0016958482738118619,20569.0,20348.0,41.833261251449585,3.4338924884796143,45.2671537399292,19965.0,20580.986666666668
ablation_no_fluid_state,1792,75,16,P16,75,2.5375000000000004e-05,0.0014590760565624805,20830.0,20789.0,52.26671385765076,4.146797180175781,56.41351103782654,20419.0,21306.906666666666
ablation_no_fluid_state,1793,75,17,P17,75,2.533333333333333e-05,0.0018692453799303622,21577.0,21159.0,52.795809745788574,4.207049608230591,57.002859354019165,20821.0,21643.64
ablation_no_fluid_state,1794,75,18,P18,75,2.529166666666667e-05,-0.001963264326332137,20703.0,20707.0,48.85681223869324,3.8406431674957275,52.697455406188965,20269.0,21174.626666666667
ablation_no_fluid_state,1795,75,19,P19,75,2.5249999999999997e-05,-0.00018911204715550413,23723.0,23938.0,51.580687522888184,4.312949180603027,55.89363670349121,23095.0,24017.053333333333
ablation_no_fluid_state,1796,75,20,P20,75,2.5208333333333334e-05,0.0008981566443253541,23014.0,23328.0,53.03676462173462,4.360534429550171,57.39729905128479,22423.0,23221.146666666667
ablation_no_fluid_state,1797,75,21,P21,75,2.516666666666667e-05,-0.0014236513583455236,24195.0,24353.0,56.20333218574524,4.823702812194824,61.02703499794006,23586.0,24574.02666666667
ablation_no_fluid_state,1798,75,22,P22,75,2.5124999999999997e-05,0.0005861556359377573,23713.0,23712.0,56.927443742752075,4.7993996143341064,61.72684335708618,23177.0,24123.373333333333
ablation_no_fluid_state,1799,75,23,P23,75,2.5083333333333338e-05,0.0073425357529361334,35843.0,35360.0,74.40789484977722,6.045345783233643,80.45324063301086,32329.0,35840.08
ablation_no_fluid_state,1800,75,24,P24,75,2.5041666666666664e-05,-0.00791161844972521,24273.0,24336.0,51.40502166748047,4.125514507293701,55.53053617477417,23758.0,24707.44
ablation_no_fluid_state,1801,76,1,P1,76,2.5e-05,-0.004482926298805978,6354.0,6369.0,11.832603216171265,0.8050062656402588,12.637609481811523,5940.0,6457.5526315789475
ablation_no_fluid_state,1802,76,2,P2,76,2.4958333333333338e-05,-0.0027261095528956503,8912.0,9146.0,15.032528162002563,1.0244994163513184,16.057027578353882,8118.0,8803.644736842105
ablation_no_fluid_state,1803,76,3,P3,76,2.4916666666666665e-05,0.011870441609062254,6882.0,6609.0,10.921279907226562,0.7252864837646484,11.646566390991211,5875.0,6588.223684210527
ablation_no_fluid_state,1804,76,4,P4,76,2.4875000000000005e-05,0.007191025651991367,3853.0,3782.0,8.431868076324463,0.5917377471923828,9.023605823516846,3678.0,3926.092105263158
ablation_no_fluid_state,1805,76,5,P5,76,2.483333333333333e-05,0.005255035241134465,4312.0,4312.0,9.30231761932373,0.6126344203948975,9.914952039718628,4222.0,4379.421052631579
ablation_no_fluid_state,1806,76,6,P6,76,2.479166666666667e-05,-0.002370719739701599,4061.0,4068.0,9.511169195175171,0.6416082382202148,10.152777433395386,3970.0,4116.078947368421
ablation_no_fluid_state,1807,76,7,P7,76,2.4750000000000005e-05,-0.014125807909294963,5841.0,5790.0,13.985322952270508,0.9297375679016113,14.91506052017212,5750.0,6228.9473684210525
ablation_no_fluid_state,1808,76,8,P8,76,2.4708333333333332e-05,-0.0051960528653580695,5717.0,5747.0,12.36429214477539,0.8198208808898926,13.184113025665283,5600.0,5979.789473684211
ablation_no_fluid_state,1809,76,9,P9,76,2.4666666666666672e-05,0.004100967547856271,5457.0,5347.0,11.737248659133911,0.7720987796783447,12.509347438812256,5347.0,5681.026315789473
ablation_no_fluid_state,1810,76,10,P10,76,2.4625e-05,-0.01366646564565599,5515.0,5659.0,7.6391990184783936,0.5116403102874756,8.15083932876587,5526.0,5761.25
ablation_no_fluid_state,1811,76,11,P11,76,2.4583333333333336e-05,-0.004331268806708977,11451.0,11661.0,14.302980184555054,0.9955413341522217,15.298521518707275,11389.0,11667.263157894737
ablation_no_fluid_state,1812,76,12,P12,76,2.4541666666666662e-05,0.0026987220771843567,12038.0,11972.0,17.12887978553772,1.1535229682922363,18.282402753829956,11879.0,12347.28947368421
ablation_no_fluid_state,1813,76,13,P13,76,2.45e-05,0.00564293671050109,19791.0,19652.0,41.28109407424927,3.3028578758239746,44.58395195007324,19402.0,20211.973684210527
ablation_no_fluid_state,1814,76,14,P14,76,2.445833333333334e-05,0.0009003988934637164,21922.0,22224.0,42.25625967979431,3.2794995307922363,45.53575921058655,21894.0,22610.28947368421
ablation_no_fluid_state,1815,76,15,P15,76,2.4416666666666666e-05,-0.001521091558970511,20239.0,20505.0,42.943806886672974,3.272590398788452,46.216397285461426,19965.0,20579.986842105263
ablation_no_fluid_state,1816,76,16,P16,76,2.4375000000000003e-05,0.0030093694280367345,20796.0,20704.0,52.68933367729187,4.165561676025391,56.85489535331726,20419.0,21298.973684210527
ablation_no_fluid_state,1817,76,17,P17,76,2.433333333333333e-05,0.0016610573802608997,21471.0,21622.0,53.336625814437866,4.255369663238525,57.59199547767639,20821.0,21643.355263157893
ablation_no_fluid_state,1818,76,18,P18,76,2.4291666666666666e-05,-0.003360934113152325,20530.0,20360.0,48.029125690460205,3.6997151374816895,51.728840827941895,20269.0,21163.907894736843
ablation_no_fluid_state,1819,76,19,P19,76,2.4250000000000007e-05,0.002265405739308335,23894.0,24526.0,48.975284814834595,4.077638387680054,53.05292320251465,23095.0,24023.75
ablation_no_fluid_state,1820,76,20,P20,76,2.4208333333333333e-05,9.440015419386328e-05,22955.0,22693.0,54.61826181411743,4.537428855895996,59.15569067001343,22423.0,23214.197368421053
ablation_no_fluid_state,1821,76,21,P21,76,2.416666666666667e-05,-0.002256111282622442,24201.0,24342.0,57.88193345069885,4.6323463916778564,62.51427984237671,23586.0,24570.973684210527
ablation_no_fluid_state,1822,76,22,P22,76,2.4124999999999997e-05,0.0018524060724303126,23773.0,23857.0,56.95318031311035,4.677541017532349,61.6307213306427,23177.0,24119.86842105263
ablation_no_fluid_state,1823,76,23,P23,76,2.4083333333333337e-05,0.004041935525102807,34201.0,35360.0,75.64699339866638,6.129220962524414,81.7762143611908,32329.0,35833.76315789474
ablation_no_fluid_state,1824,76,24,P24,76,2.4041666666666664e-05,-0.004046184092294425,24692.0,24096.0,50.26856875419617,4.120242357254028,54.388811111450195,23758.0,24699.394736842107
ablation_no_fluid_state,1825,77,1,P1,77,2.4e-05,-0.006162501173093915,6321.0,6369.0,11.595149517059326,0.779163122177124,12.37431263923645,5940.0,6456.402597402597
ablation_no_fluid_state,1826,77,2,P2,77,2.3958333333333337e-05,0.005574352748226374,9136.0,9136.0,14.609294176101685,1.0009591579437256,15.61025333404541,8118.0,8807.961038961039
ablation_no_fluid_state,1827,77,3,P3,77,2.3916666666666664e-05,0.007254210649989545,6744.0,6676.0,10.628942251205444,0.7081179618835449,11.33706021308899,5875.0,6589.363636363636
ablation_no_fluid_state,1828,77,4,P4,77,2.3875000000000004e-05,0.009046240709722042,3895.0,3782.0,8.306160688400269,0.5522429943084717,8.85840368270874,3678.0,3924.220779220779
ablation_no_fluid_state,1829,77,5,P5,77,2.383333333333333e-05,0.007268203306011856,4297.0,4262.0,9.134781837463379,0.6084222793579102,9.743204116821289,4222.0,4377.896103896104
ablation_no_fluid_state,1830,77,6,P6,77,2.3791666666666668e-05,-0.0021073147654533386,4074.0,3950.0,9.55154275894165,0.6403636932373047,10.191906452178955,3950.0,4113.922077922078
ablation_no_fluid_state,1831,77,7,P7,77,2.3750000000000005e-05,-0.010019732522778213,5877.0,5752.0,14.194996118545532,1.0166122913360596,15.211608409881592,5750.0,6222.7532467532465
ablation_no_fluid_state,1832,77,8,P8,77,2.370833333333333e-05,-0.0031936933810357004,5764.0,5771.0,12.521522760391235,0.8324272632598877,13.353950023651123,5600.0,5977.077922077922
ablation_no_fluid_state,1833,77,9,P9,77,2.366666666666667e-05,0.015498551190830767,5737.0,5417.0,11.853161334991455,0.7733583450317383,12.626519680023193,5347.0,5677.597402597403
ablation_no_fluid_state,1834,77,10,P10,77,2.3624999999999998e-05,-0.017555101308971643,5536.0,5659.0,7.514638900756836,0.5067188739776611,8.021357774734497,5526.0,5759.922077922078
ablation_no_fluid_state,1835,77,11,P11,77,2.3583333333333335e-05,-0.014308189041912556,11543.0,11661.0,14.468108654022217,1.0051958560943604,15.473304510116577,11389.0,11667.181818181818
ablation_no_fluid_state,1836,77,12,P12,77,2.3541666666666672e-05,-0.006556696549523622,12036.0,12131.0,17.19604516029358,1.2073018550872803,18.40334701538086,11879.0,12344.48051948052
ablation_no_fluid_state,1837,77,13,P13,77,2.35e-05,0.001704789883660851,19672.0,19765.0,40.41649317741394,3.151710271835327,43.56820344924927,19402.0,20206.16883116883
ablation_no_fluid_state,1838,77,14,P14,77,2.345833333333334e-05,0.002866251365048811,22170.0,22321.0,41.52357769012451,3.2197909355163574,44.74336862564087,21894.0,22606.532467532466
ablation_no_fluid_state,1839,77,15,P15,77,2.3416666666666666e-05,-0.0027211366905248724,20439.0,20535.0,43.45332145690918,3.362957715988159,46.81627917289734,19965.0,20579.402597402597
ablation_no_fluid_state,1840,77,16,P16,77,2.3375000000000002e-05,0.002472803893033415,20661.0,20665.0,52.834163188934326,4.177370071411133,57.01153326034546,20419.0,21290.74025974026
ablation_no_fluid_state,1841,77,17,P17,77,2.333333333333333e-05,0.001166574380476959,21514.0,21558.0,51.07857131958008,3.9987270832061768,55.077298402786255,20821.0,21642.246753246753
ablation_no_fluid_state,1842,77,18,P18,77,2.3291666666666666e-05,-9.646429061831441e-05,20814.0,20943.0,49.807804584503174,4.253934860229492,54.061739444732666,20269.0,21161.03896103896
ablation_no_fluid_state,1843,77,19,P19,77,2.3250000000000006e-05,0.000704169151140377,24117.0,24066.0,50.38055872917175,4.073256254196167,54.45381498336792,23095.0,24024.2987012987
ablation_no_fluid_state,1844,77,20,P20,77,2.3208333333333333e-05,0.0005567047104705125,23387.0,23213.0,53.33021259307861,4.316491365432739,57.64670395851135,22423.0,23214.18181818182
ablation_no_fluid_state,1845,77,21,P21,77,2.316666666666667e-05,-0.002808566682506353,24249.0,24166.0,58.76800608634949,4.647974491119385,63.41598057746887,23586.0,24565.714285714286
ablation_no_fluid_state,1846,77,22,P22,77,2.3124999999999996e-05,0.001390154157707002,23804.0,23527.0,57.19876718521118,4.565030336380005,61.76379752159119,23177.0,24112.16883116883
ablation_no_fluid_state,1847,77,23,P23,77,2.3083333333333333e-05,0.007227436606107014,36260.0,35360.0,73.77220869064331,6.459546327590942,80.23175501823425,32329.0,35827.61038961039
ablation_no_fluid_state,1848,77,24,P24,77,2.3041666666666673e-05,-0.00785739563871175,24317.0,24278.0,51.10316753387451,4.20454216003418,55.30770969390869,23758.0,24693.922077922078
ablation_no_fluid_state,1849,78,1,P1,78,2.3e-05,-0.0017197185443365015,6392.0,6424.0,11.548566341400146,0.7784302234649658,12.326996564865112,5940.0,6455.98717948718
ablation_no_fluid_state,1850,78,2,P2,78,2.2958333333333337e-05,0.0044078702630940825,9136.0,9146.0,14.752608060836792,1.0207972526550293,15.773405313491821,8118.0,8812.294871794871
ablation_no_fluid_state,1851,78,3,P3,78,2.2916666666666664e-05,0.01773876859806478,6880.0,6676.0,10.801668405532837,0.7169413566589355,11.518609762191772,5875.0,6590.474358974359
ablation_no_fluid_state,1852,78,4,P4,78,2.2875e-05,-0.0056098735658451915,3816.0,3840.0,8.483218669891357,0.5840177536010742,9.067236423492432,3678.0,3923.141025641026
ablation_no_fluid_state,1853,78,5,P5,78,2.283333333333334e-05,0.008736199932172894,4332.0,4262.0,9.28092622756958,0.6405065059661865,9.921432733535767,4222.0,4376.410256410257
ablation_no_fluid_state,1854,78,6,P6,78,2.2791666666666667e-05,-0.010058033745735884,4003.0,3958.0,9.781776428222656,0.6641619205474854,10.445938348770142,3950.0,4111.923076923077
ablation_no_fluid_state,1855,78,7,P7,78,2.2750000000000004e-05,-0.005746368202380836,5960.0,5800.0,14.149116039276123,0.9400467872619629,15.089162826538086,5750.0,6217.333333333333
ablation_no_fluid_state,1856,78,8,P8,78,2.270833333333333e-05,-0.0013173305414966308,5808.0,5777.0,12.626576900482178,0.8348956108093262,13.461472511291504,5600.0,5974.51282051282
ablation_no_fluid_state,1857,78,9,P9,78,2.266666666666667e-05,-0.0015417423492181115,5464.0,5703.0,11.92713451385498,0.7918245792388916,12.718959093093872,5347.0,5677.923076923077
ablation_no_fluid_state,1858,78,10,P10,78,2.2624999999999998e-05,-0.0170502164401114,5594.0,5659.0,7.826064109802246,0.5317354202270508,8.357799530029297,5526.0,5758.628205128205
ablation_no_fluid_state,1859,78,11,P11,78,2.2583333333333335e-05,-0.008395595767069608,11553.0,11531.0,14.669756650924683,1.0114691257476807,15.681225776672363,11389.0,11665.435897435897
ablation_no_fluid_state,1860,78,12,P12,78,2.254166666666667e-05,0.0034194245527032763,12064.0,12076.0,17.712640523910522,1.1895077228546143,18.902148246765137,11879.0,12341.038461538461
ablation_no_fluid_state,1861,78,13,P13,78,2.2499999999999998e-05,0.004742633624118753,20018.0,19888.0,41.84295988082886,3.248931407928467,45.091891288757324,19402.0,20202.089743589742
ablation_no_fluid_state,1862,78,14,P14,78,2.2458333333333338e-05,0.00034442886067154177,22340.0,22354.0,40.71967148780823,3.095231056213379,43.814902544021606,21894.0,22603.29487179487
ablation_no_fluid_state,1863,78,15,P15,78,2.2416666666666665e-05,-0.00420951793785207,20367.0,20315.0,41.596742391586304,3.1894474029541016,44.786189794540405,19965.0,20576.01282051282
ablation_no_fluid_state,1864,78,16,P16,78,2.2375000000000002e-05,0.0032190460013225676,20724.0,20677.0,52.0927369594574,4.419815301895142,56.51255226135254,20419.0,21282.871794871793
ablation_no_fluid_state,1865,78,17,P17,78,2.233333333333334e-05,0.001885053951991722,21566.0,21688.0,52.91794276237488,4.195928573608398,57.113871335983276,20821.0,21642.833333333332
ablation_no_fluid_state,1866,78,18,P18,78,2.2291666666666665e-05,-0.004035575804300607,20557.0,20731.0,48.769837379455566,3.8340036869049072,52.603841066360474,20269.0,21155.52564102564
ablation_no_fluid_state,1867,78,19,P19,78,2.2250000000000006e-05,0.0023455600428860636,24093.0,24386.0,51.124634742736816,4.2350428104400635,55.35967755317688,23095.0,24028.9358974359
ablation_no_fluid_state,1868,78,20,P20,78,2.2208333333333332e-05,0.00022343878281390063,23183.0,23410.0,54.883732080459595,4.312489032745361,59.196221113204956,22423.0,23216.69230769231
ablation_no_fluid_state,1869,78,21,P21,78,2.216666666666667e-05,-0.0024808298796415327,23981.0,24221.0,56.508232831954956,4.516247749328613,61.02448058128357,23586.0,24561.29487179487
ablation_no_fluid_state,1870,78,22,P22,78,2.2124999999999996e-05,0.002556735771941021,23882.0,23560.0,56.6208758354187,4.9652180671691895,61.58609390258789,23177.0,24105.089743589742
ablation_no_fluid_state,1871,78,23,P23,78,2.2083333333333333e-05,0.004441337734793446,34800.0,35360.0,74.47171783447266,6.121855735778809,80.59357357025146,32329.0,35821.61538461538
ablation_no_fluid_state,1872,78,24,P24,78,2.2041666666666673e-05,-0.004641656461171806,24314.0,24160.0,50.721009731292725,4.1873486042022705,54.908358335494995,23758.0,24687.076923076922
ablation_no_fluid_state,1873,79,1,P1,79,2.2e-05,-0.017510281642898917,6058.0,6184.0,12.015743255615234,0.8003723621368408,12.816115617752075,5940.0,6452.544303797468
ablation_no_fluid_state,1874,79,2,P2,79,2.1958333333333336e-05,0.0064060306758619845,8925.0,8718.0,15.170562028884888,1.0123839378356934,16.18294596672058,8118.0,8811.101265822785
ablation_no_fluid_state,1875,79,3,P3,79,2.1916666666666663e-05,0.019161697244271636,6880.0,6313.0,11.075229406356812,0.7424778938293457,11.817707300186157,5875.0,6586.962025316456
ablation_no_fluid_state,1876,79,4,P4,79,2.1875e-05,-0.0009735384664963931,3714.0,3714.0,8.611427545547485,0.5746583938598633,9.186085939407349,3678.0,3920.493670886076
ablation_no_fluid_state,1877,79,5,P5,79,2.183333333333334e-05,0.012837899383157492,4312.0,4312.0,9.531904697418213,0.6459958553314209,10.177900552749634,4222.0,4375.594936708861
ablation_no_fluid_state,1878,79,6,P6,79,2.1791666666666667e-05,-0.0005899699754081666,4106.0,4064.0,10.009424924850464,0.6561038494110107,10.665528774261475,3950.0,4111.316455696203
ablation_no_fluid_state,1879,79,7,P7,79,2.1750000000000004e-05,-0.0030429920298047364,5827.0,5780.0,14.859104871749878,0.9848918914794922,15.84399676322937,5750.0,6211.797468354431
ablation_no_fluid_state,1880,79,8,P8,79,2.170833333333333e-05,-0.0049210439319722354,5647.0,5644.0,12.753256797790527,0.8241822719573975,13.577439069747925,5600.0,5970.329113924051
ablation_no_fluid_state,1881,79,9,P9,79,2.1666666666666667e-05,0.00026286759248250746,5407.0,5337.0,11.669131994247437,0.8027386665344238,12.47187066078186,5337.0,5673.607594936709
ablation_no_fluid_state,1882,79,10,P10,79,2.1625000000000007e-05,-0.013496691593900323,5557.0,5457.0,7.46651029586792,0.5120556354522705,7.97856593132019,5457.0,5754.810126582279
ablation_no_fluid_state,1883,79,11,P11,79,2.1583333333333334e-05,-0.010251294821500778,11610.0,11661.0,14.194576740264893,0.9570062160491943,15.151582956314087,11389.0,11665.379746835442
ablation_no_fluid_state,1884,79,12,P12,79,2.154166666666667e-05,0.0034025859786197543,12133.0,11991.0,17.158501148223877,1.1800651550292969,18.338566303253174,11879.0,12336.60759493671
ablation_no_fluid_state,1885,79,13,P13,79,2.1499999999999997e-05,0.005570906854700297,19980.0,19724.0,39.92654633522034,3.2830872535705566,43.209633588790894,19402.0,20196.037974683546
ablation_no_fluid_state,1886,79,14,P14,79,2.1458333333333334e-05,-9.740685800352367e-05,22197.0,22225.0,42.022541522979736,3.4100217819213867,45.43256330490112,21894.0,22598.506329113923
ablation_no_fluid_state,1887,79,15,P15,79,2.1416666666666664e-05,-0.0025439433520659804,20318.0,20315.0,42.16969656944275,3.248695135116577,45.418391704559326,19965.0,20572.708860759492
ablation_no_fluid_state,1888,79,16,P16,79,2.1375e-05,0.0026887741580139844,20752.0,20442.0,52.11798715591431,4.1285717487335205,56.24655890464783,20419.0,21272.227848101265
ablation_no_fluid_state,1889,79,17,P17,79,2.1333333333333338e-05,0.0018160327781515662,21272.0,21033.0,53.463021993637085,4.146915912628174,57.60993790626526,20821.0,21635.113924050635
ablation_no_fluid_state,1890,79,18,P18,79,2.1291666666666665e-05,-0.004007198836188763,20306.0,20420.0,49.9836368560791,3.8852767944335938,53.868913650512695,20269.0,21146.21518987342
ablation_no_fluid_state,1891,79,19,P19,79,2.1250000000000005e-05,0.002170350175583735,24053.0,24238.0,49.842002630233765,4.125698089599609,53.967700719833374,23095.0,24031.58227848101
ablation_no_fluid_state,1892,79,20,P20,79,2.120833333333333e-05,-0.00011381323201931082,22849.0,22726.0,53.5864315032959,4.446934938430786,58.033366441726685,22423.0,23210.481012658227
ablation_no_fluid_state,1893,79,21,P21,79,2.116666666666667e-05,-0.0029361575725488365,23944.0,23866.0,57.698639154434204,4.66827917098999,62.366918325424194,23586.0,24552.493670886077
ablation_no_fluid_state,1894,79,22,P22,79,2.1125000000000005e-05,0.0023875730112195015,23659.0,23575.0,56.63230490684509,4.631688833236694,61.26399374008179,23177.0,24098.379746835442
ablation_no_fluid_state,1895,79,23,P23,79,2.1083333333333332e-05,0.005840593516560537,35197.0,35060.0,75.65547800064087,6.232191562652588,81.88766956329346,32329.0,35811.9746835443
ablation_no_fluid_state,1896,79,24,P24,79,2.1041666666666672e-05,-0.0071189373964443805,24160.0,24038.0,52.175026655197144,4.023839235305786,56.19886589050293,23758.0,24678.86075949367
ablation_no_fluid_state,1897,80,1,P1,80,2.1e-05,0.001481367216911167,6321.0,6099.0,11.691595554351807,0.7750225067138672,12.466618061065674,5940.0,6448.125
ablation_no_fluid_state,1898,80,2,P2,80,2.0958333333333336e-05,0.0015419577139255125,8708.0,8698.0,14.987262725830078,1.019667148590088,16.006929874420166,8118.0,8809.6875
ablation_no_fluid_state,1899,80,3,P3,80,2.0916666666666662e-05,0.010314279817976058,6565.0,6248.0,11.079782962799072,0.7642490863800049,11.844032049179077,5875.0,6582.725
ablation_no_fluid_state,1900,80,4,P4,80,2.0875e-05,-0.0035626727039925754,3683.0,3714.0,8.494707822799683,0.5614900588989258,9.056197881698608,3678.0,3917.9125
ablation_no_fluid_state,1901,80,5,P5,80,2.083333333333334e-05,0.01298154378309846,4322.0,4262.0,9.278781414031982,0.6102938652038574,9.88907527923584,4222.0,4374.175
ablation_no_fluid_state,1902,80,6,P6,80,2.0791666666666666e-05,0.004575106431730092,4077.0,4004.0,9.635255813598633,0.6674528121948242,10.302708625793457,3950.0,4109.975
ablation_no_fluid_state,1903,80,7,P7,80,2.0750000000000003e-05,-0.00883150554727763,5810.0,5820.0,14.272824764251709,0.9503931999206543,15.223217964172363,5750.0,6206.9
ablation_no_fluid_state,1904,80,8,P8,80,2.070833333333333e-05,-0.0022361127921612933,5681.0,5637.0,12.876497507095337,0.855278491973877,13.731775999069214,5600.0,5966.1625
ablation_no_fluid_state,1905,80,9,P9,80,2.0666666666666666e-05,0.009312738839071244,5517.0,5497.0,11.917280673980713,0.7810056209564209,12.698286294937134,5337.0,5671.4
ablation_no_fluid_state,1906,80,10,P10,80,2.0625000000000007e-05,-0.020216298289597034,5594.0,5659.0,7.739417791366577,0.5546762943267822,8.29409408569336,5457.0,5753.6125
ablation_no_fluid_state,1907,80,11,P11,80,2.0583333333333333e-05,-0.012393353506922722,11372.0,11553.0,14.797493696212769,0.9628646373748779,15.760358333587646,11389.0,11663.975
ablation_no_fluid_state,1908,80,12,P12,80,2.054166666666667e-05,-0.00164242885512067,12121.0,11935.0,17.340951442718506,1.2008302211761475,18.541781663894653,11879.0,12331.5875
ablation_no_fluid_state,1909,80,13,P13,80,2.0499999999999997e-05,0.0016752467199694365,19849.0,19823.0,41.579267740249634,3.185140371322632,44.764408111572266,19402.0,20191.375
ablation_no_fluid_state,1910,80,14,P14,80,2.0458333333333334e-05,0.0030495577375404537,22202.0,22430.0,41.88316249847412,3.26995849609375,45.15312099456787,21894.0,22596.4
ablation_no_fluid_state,1911,80,15,P15,80,2.0416666666666674e-05,-0.002062416337139439,20365.0,20321.0,44.32246923446655,3.3791537284851074,47.70162296295166,19965.0,20569.5625
ablation_no_fluid_state,1912,80,16,P16,80,2.0375e-05,0.0011673425608023536,20748.0,20802.0,53.915799140930176,3.9645848274230957,57.88038396835327,20419.0,21266.35
ablation_no_fluid_state,1913,80,17,P17,80,2.0333333333333337e-05,0.0006262085733396816,21131.0,21076.0,51.30943202972412,4.005996942520142,55.31542897224426,20821.0,21628.125
ablation_no_fluid_state,1914,80,18,P18,80,2.0291666666666664e-05,-0.0007982501963851973,20737.0,20446.0,48.39716649055481,3.9751415252685547,52.372308015823364,20269.0,21137.4625
ablation_no_fluid_state,1915,80,19,P19,80,2.025e-05,0.002273088012589142,24437.0,23846.0,50.98802423477173,4.140057563781738,55.12808179855347,23095.0,24029.2625
ablation_no_fluid_state,1916,80,20,P20,80,2.0208333333333328e-05,-0.002015527407638729,22923.0,22864.0,54.70857763290405,4.402937889099121,59.111515522003174,22423.0,23206.15
ablation_no_fluid_state,1917,80,21,P21,80,2.0166666666666668e-05,-0.002020029741106555,23960.0,23990.0,57.63754844665527,4.668100833892822,62.305649280548096,23586.0,24545.4625
ablation_no_fluid_state,1918,80,22,P22,80,2.0125000000000005e-05,0.0016294525586999953,23456.0,23683.0,57.8322172164917,4.786330938339233,62.61854815483093,23177.0,24093.1875
ablation_no_fluid_state,1919,80,23,P23,80,2.008333333333333e-05,0.006505667714269033,35106.0,35210.0,73.11334919929504,5.995584964752197,79.10893416404724,32329.0,35804.45
ablation_no_fluid_state,1920,80,24,P24,80,2.0041666666666668e-05,-0.00766918349545449,24210.0,24013.0,51.05641222000122,4.367703199386597,55.42411541938782,23758.0,24670.5375
ablation_no_fluid_state,1921,81,1,P1,81,1.9999999999999995e-05,-0.007990567188244313,6184.0,6225.0,12.05492377281189,0.8567447662353516,12.911668539047241,5940.0,6445.37037037037
ablation_no_fluid_state,1922,81,2,P2,81,1.9958333333333335e-05,0.00571800212492235,8708.0,8711.0,15.537368535995483,1.0115492343902588,16.548917770385742,8118.0,8808.469135802468
ablation_no_fluid_state,1923,81,3,P3,81,1.9916666666666672e-05,0.00569192337570712,6666.0,6316.0,10.732691049575806,0.7154150009155273,11.448106050491333,5875.0,6579.432098765432
ablation_no_fluid_state,1924,81,4,P4,81,1.9875e-05,-0.00021344938068068586,3748.0,3714.0,8.408310174942017,0.5865602493286133,8.99487042427063,3678.0,3915.395061728395
ablation_no_fluid_state,1925,81,5,P5,81,1.9833333333333335e-05,0.009981707436963916,4262.0,4312.0,9.238630294799805,0.6139161586761475,9.852546453475952,4222.0,4373.407407407408
ablation_no_fluid_state,1926,81,6,P6,81,1.9791666666666665e-05,0.0018986449867952615,4089.0,4034.0,9.685608148574829,0.6494784355163574,10.335086584091187,3950.0,4109.037037037037
ablation_no_fluid_state,1927,81,7,P7,81,1.9750000000000002e-05,-0.004479723371332511,5830.0,5780.0,14.300734281539917,0.9619059562683105,15.262640237808228,5750.0,6201.62962962963
ablation_no_fluid_state,1928,81,8,P8,81,1.970833333333334e-05,-0.0007511259718739893,5657.0,5637.0,12.658169746398926,0.8484899997711182,13.506659746170044,5600.0,5962.098765432099
ablation_no_fluid_state,1929,81,9,P9,81,1.9666666666666666e-05,0.0008832813909975812,5413.0,5543.0,12.106522798538208,0.8250143527984619,12.93153715133667,5337.0,5669.814814814815
ablation_no_fluid_state,1930,81,10,P10,81,1.9625000000000006e-05,-0.01530801597982645,5553.0,5577.0,7.683927297592163,0.5193819999694824,8.203309297561646,5457.0,5751.432098765432
ablation_no_fluid_state,1931,81,11,P11,81,1.9583333333333333e-05,-0.005136481748195365,11372.0,11530.0,14.775377988815308,1.0142278671264648,15.789605855941772,11389.0,11662.32098765432
ablation_no_fluid_state,1932,81,12,P12,81,1.954166666666667e-05,0.0023806615790817887,12024.0,12111.0,17.862754106521606,1.25469970703125,19.117453813552856,11879.0,12328.864197530864
ablation_no_fluid_state,1933,81,13,P13,81,1.9499999999999996e-05,0.00532588001806289,20091.0,19992.0,42.15717697143555,3.227337598800659,45.384514570236206,19402.0,20188.913580246914
ablation_no_fluid_state,1934,81,14,P14,81,1.9458333333333333e-05,0.0005881755864720617,22138.0,22271.0,41.9054114818573,3.107837200164795,45.013248682022095,21894.0,22592.382716049382
ablation_no_fluid_state,1935,81,15,P15,81,1.9416666666666673e-05,-0.003309634150355123,20287.0,20302.0,41.985936403274536,3.1878867149353027,45.17382311820984,19965.0,20566.25925925926
ablation_no_fluid_state,1936,81,16,P16,81,1.9375e-05,0.0002590045685792575,20564.0,20612.0,51.008010387420654,4.206390619277954,55.21440100669861,20419.0,21258.271604938273
ablation_no_fluid_state,1937,81,17,P17,81,1.9333333333333337e-05,0.001865150115918368,21187.0,20953.0,52.395832777023315,4.170369625091553,56.56620240211487,20821.0,21619.79012345679
ablation_no_fluid_state,1938,81,18,P18,81,1.9291666666666664e-05,0.0006280140711169224,20881.0,20720.0,49.00911474227905,3.8983466625213623,52.907461404800415,20269.0,21132.30864197531
ablation_no_fluid_state,1939,81,19,P19,81,1.925e-05,-0.000283673606463708,24041.0,24189.0,49.96699357032776,4.089057207107544,54.0560507774353,23095.0,24031.234567901236
ablation_no_fluid_state,1940,81,20,P20,81,1.920833333333334e-05,-0.0017136128415586426,22746.0,22726.0,53.462039947509766,4.314336538314819,57.776376485824585,22423.0,23200.222222222223
ablation_no_fluid_state,1941,81,21,P21,81,1.9166666666666667e-05,-0.0004312300898163812,24044.0,24023.0,56.92318892478943,4.561614990234375,61.484803915023804,23586.0,24539.012345679013
ablation_no_fluid_state,1942,81,22,P22,81,1.9125000000000004e-05,0.000807657837503939,23634.0,23596.0,55.5790331363678,4.7840118408203125,60.36304497718811,23177.0,24087.04938271605
ablation_no_fluid_state,1943,81,23,P23,81,1.908333333333333e-05,0.006255934763300631,35047.0,34910.0,74.94722771644592,6.291842699050903,81.23907041549683,32329.0,35793.40740740741
ablation_no_fluid_state,1944,81,24,P24,81,1.9041666666666668e-05,-0.006627272069454193,24158.0,23986.0,50.71660804748535,4.120964288711548,54.8375723361969,23758.0,24662.086419753086
ablation_no_fluid_state,1945,82,1,P1,82,1.8999999999999994e-05,-0.007975846296176314,6144.0,6300.0,11.776878833770752,0.8273322582244873,12.60421109199524,5940.0,6443.59756097561
ablation_no_fluid_state,1946,82,2,P2,82,1.8958333333333334e-05,-0.0022804635809734464,8497.0,8494.0,15.112619400024414,1.0324106216430664,16.14503002166748,8118.0,8804.634146341463
ablation_no_fluid_state,1947,82,3,P3,82,1.891666666666667e-05,0.02015256870072335,6676.0,6091.0,10.805663347244263,0.7457225322723389,11.551385879516602,5875.0,6573.475609756098
ablation_no_fluid_state,1948,82,4,P4,82,1.8874999999999998e-05,-0.005860368954017758,3666.0,3714.0,8.420895338058472,0.5660824775695801,8.986977815628052,3678.0,3912.939024390244
ablation_no_fluid_state,1949,82,5,P5,82,1.8833333333333335e-05,0.009925670456141233,4262.0,4262.0,9.35560154914856,0.6399621963500977,9.995563745498657,4222.0,4372.048780487805
ablation_no_fluid_state,1950,82,6,P6,82,1.879166666666666e-05,0.0013953365851193666,4046.0,4004.0,9.780722856521606,0.6540029048919678,10.434725761413574,3950.0,4107.756097560976
ablation_no_fluid_state,1951,82,7,P7,82,1.8750000000000002e-05,-0.0035859989002346992,5737.0,5827.0,14.323742628097534,0.9526345729827881,15.276377201080322,5750.0,6197.0609756097565
ablation_no_fluid_state,1952,82,8,P8,82,1.870833333333334e-05,0.003934464592020959,5687.0,5627.0,12.545764684677124,0.8511953353881836,13.396960020065308,5600.0,5958.012195121952
ablation_no_fluid_state,1953,82,9,P9,82,1.8666666666666665e-05,0.01934255287051201,5683.0,5437.0,12.42901349067688,0.8367452621459961,13.265758752822876,5337.0,5666.975609756098
ablation_no_fluid_state,1954,82,10,P10,82,1.8625000000000002e-05,-0.023162759374827147,5522.0,5540.0,7.642354726791382,0.5270521640777588,8.16940689086914,5457.0,5748.8536585365855
ablation_no_fluid_state,1955,82,11,P11,82,1.858333333333333e-05,-0.01537342753726989,11496.0,11592.0,14.718203783035278,0.9537665843963623,15.67197036743164,11389.0,11661.463414634147
ablation_no_fluid_state,1956,82,12,P12,82,1.854166666666667e-05,-0.0086189741268754,12028.0,12028.0,17.040047883987427,1.18086838722229,18.220916271209717,11879.0,12325.19512195122
ablation_no_fluid_state,1957,82,13,P13,82,1.8500000000000006e-05,0.0003140750970942463,19672.0,20170.0,40.70155596733093,3.036668539047241,43.738224506378174,19402.0,20188.682926829268
ablation_no_fluid_state,1958,82,14,P14,82,1.8458333333333333e-05,0.004991925117792562,22053.0,21981.0,40.50493359565735,3.229522466659546,43.734456062316895,21894.0,22584.926829268294
ablation_no_fluid_state,1959,82,15,P15,82,1.841666666666667e-05,-0.004299934938899241,20359.0,20313.0,42.72257995605469,3.3336822986602783,46.056262254714966,19965.0,20563.170731707316
ablation_no_fluid_state,1960,82,16,P16,82,1.8375e-05,0.0019078164245001973,20735.0,20585.0,51.320974349975586,4.018714904785156,55.33968925476074,20419.0,21250.060975609755
ablation_no_fluid_state,1961,82,17,P17,82,1.8333333333333336e-05,0.00120578743662918,21071.0,21045.0,52.735114097595215,4.25249981880188,56.987613916397095,20821.0,21612.780487804877
ablation_no_fluid_state,1962,82,18,P18,82,1.8291666666666663e-05,-0.0003738433588296175,20638.0,20714.0,49.917874813079834,3.909127950668335,53.82700276374817,20269.0,21127.20731707317
ablation_no_fluid_state,1963,82,19,P19,82,1.825e-05,0.0024654803215526044,24359.0,23944.0,51.07171058654785,3.99774432182312,55.06945490837097,23095.0,24030.170731707316
ablation_no_fluid_state,1964,82,20,P20,82,1.820833333333334e-05,-0.0033684998285025357,22976.0,22878.0,52.61038589477539,4.223137378692627,56.83352327346802,22423.0,23196.29268292683
ablation_no_fluid_state,1965,82,21,P21,82,1.8166666666666667e-05,-0.00037968449605614297,24132.0,24130.0,56.97295093536377,4.972996473312378,61.94594740867615,23586.0,24534.024390243903
ablation_no_fluid_state,1966,82,22,P22,82,1.8125000000000003e-05,0.0012280576243938412,23735.0,23524.0,56.951645612716675,4.61487340927124,61.566519021987915,23177.0,24080.182926829268
ablation_no_fluid_state,1967,82,23,P23,82,1.808333333333333e-05,0.007413945177436939,35956.0,35360.0,74.33841133117676,6.132518529891968,80.47092986106873,32329.0,35788.12195121951
ablation_no_fluid_state,1968,82,24,P24,82,1.8041666666666667e-05,-0.008072868245653808,24020.0,24099.0,51.85426330566406,4.390559196472168,56.24482250213623,23758.0,24655.219512195123
ablation_no_fluid_state,1969,83,1,P1,83,1.8000000000000007e-05,-0.010491681285202503,6161.0,6225.0,12.417012691497803,0.8507957458496094,13.267808437347412,5940.0,6440.963855421687
ablation_no_fluid_state,1970,83,2,P2,83,1.7958333333333334e-05,-0.00012113100638089236,8708.0,8912.0,15.333226442337036,1.0130534172058105,16.346279859542847,8118.0,8805.927710843374
ablation_no_fluid_state,1971,83,3,P3,83,1.791666666666667e-05,0.019527835655026138,6612.0,6506.0,10.530300617218018,0.7403981685638428,11.27069878578186,5875.0,6572.6626506024095
ablation_no_fluid_state,1972,83,4,P4,83,1.7874999999999997e-05,-0.002282226225361228,3737.0,3782.0,8.356716394424438,0.5981321334838867,8.954848527908325,3678.0,3911.3614457831327
ablation_no_fluid_state,1973,83,5,P5,83,1.7833333333333334e-05,0.015198646346107125,4322.0,4262.0,9.341789245605469,0.6126575469970703,9.954446792602539,4222.0,4370.722891566265
ablation_no_fluid_state,1974,83,6,P6,83,1.779166666666666e-05,-0.00860454817302525,3964.0,3960.0,9.614675760269165,0.6493954658508301,10.264071226119995,3950.0,4105.975903614458
ablation_no_fluid_state,1975,83,7,P7,83,1.775e-05,-0.00819327775388956,5890.0,5790.0,14.056450128555298,0.9354028701782227,14.99185299873352,5750.0,6192.156626506024
ablation_no_fluid_state,1976,83,8,P8,83,1.7708333333333338e-05,0.006762710167095065,5858.0,5867.0,12.198659181594849,0.802356481552124,13.001015663146973,5600.0,5956.915662650603
ablation_no_fluid_state,1977,83,9,P9,83,1.7666666666666665e-05,0.031364478869363666,5935.0,5583.0,11.603838205337524,0.7724125385284424,12.376250743865967,5337.0,5665.963855421687
ablation_no_fluid_state,1978,83,10,P10,83,1.7625e-05,-0.014668540563434362,5696.0,5658.0,7.438870429992676,0.4913032054901123,7.930173635482788,5457.0,5747.759036144578
ablation_no_fluid_state,1979,83,11,P11,83,1.7583333333333328e-05,-0.01635383872780949,11565.0,11592.0,14.77724575996399,0.9733002185821533,15.750545978546143,11389.0,11660.626506024097
ablation_no_fluid_state,1980,83,12,P12,83,1.754166666666667e-05,-0.0168724381364882,12047.0,12011.0,17.827794313430786,1.2219321727752686,19.049726486206055,11879.0,12321.409638554216
ablation_no_fluid_state,1981,83,13,P13,83,1.7500000000000005e-05,-0.0048070015327539295,19853.0,19801.0,40.61875104904175,3.1765637397766113,43.79531478881836,19402.0,20184.01204819277
ablation_no_fluid_state,1982,83,14,P14,83,1.7458333333333332e-05,0.004785334109328687,22278.0,22426.0,41.055482625961304,3.1551826000213623,44.210665225982666,21894.0,22583.01204819277
ablation_no_fluid_state,1983,83,15,P15,83,1.741666666666667e-05,-0.0022268692264333367,20431.0,20714.0,42.63142204284668,3.280785083770752,45.91220712661743,19965.0,20564.98795180723
ablation_no_fluid_state,1984,83,16,P16,83,1.7374999999999995e-05,0.0017969892069231719,20613.0,20586.0,53.49996471405029,4.222355842590332,57.722320556640625,20419.0,21242.060240963856
ablation_no_fluid_state,1985,83,17,P17,83,1.7333333333333336e-05,0.001406449692149181,21717.0,21376.0,53.36403846740723,4.028067111968994,57.39210557937622,20821.0,21609.927710843374
ablation_no_fluid_state,1986,83,18,P18,83,1.7291666666666672e-05,-0.0011042370620998553,20413.0,20646.0,47.89180874824524,3.7424521446228027,51.63426089286804,20269.0,21121.409638554218
ablation_no_fluid_state,1987,83,19,P19,83,1.725e-05,0.004091594717465341,24607.0,24535.0,49.69647789001465,4.444978713989258,54.141456604003906,23095.0,24036.253012048193
ablation_no_fluid_state,1988,83,20,P20,83,1.7208333333333336e-05,-0.0024461353139486166,23232.0,23028.0,54.70776104927063,4.332205057144165,59.039966106414795,22423.0,23194.265060240963
ablation_no_fluid_state,1989,83,21,P21,83,1.7166666666666663e-05,-0.002262222219724208,23975.0,24185.0,56.48781132698059,4.563676834106445,61.051488161087036,23586.0,24529.819277108432
ablation_no_fluid_state,1990,83,22,P22,83,1.7125000000000003e-05,0.003629394923336804,23706.0,23935.0,56.80349516868591,4.712965965270996,61.51646113395691,23177.0,24078.433734939757
ablation_no_fluid_state,1991,83,23,P23,83,1.708333333333333e-05,0.006061757365906877,36110.0,35210.0,75.16468596458435,5.983038902282715,81.14772486686707,32329.0,35781.156626506025
ablation_no_fluid_state,1992,83,24,P24,83,1.7041666666666666e-05,-0.006732525769621134,24212.0,24347.0,50.14038133621216,4.076622724533081,54.21700406074524,23758.0,24651.506024096387
ablation_no_fluid_state,1993,84,1,P1,84,1.7000000000000003e-05,-0.013269016868434846,6239.0,6161.0,11.454633951187134,0.7998065948486328,12.254440546035767,5940.0,6437.630952380952
ablation_no_fluid_state,1994,84,2,P2,84,1.6958333333333333e-05,0.0033337014028802514,9126.0,8979.0,15.205113649368286,1.042924404144287,16.248038053512573,8118.0,8807.988095238095
ablation_no_fluid_state,1995,84,3,P3,84,1.691666666666667e-05,0.009423097711987793,6668.0,6313.0,11.1527099609375,0.7109191417694092,11.86362910270691,5875.0,6569.571428571428
ablation_no_fluid_state,1996,84,4,P4,84,1.6874999999999997e-05,-0.014415317680686712,3678.0,3753.0,8.43358039855957,0.5526947975158691,8.98627519607544,3678.0,3909.4761904761904
ablation_no_fluid_state,1997,84,5,P5,84,1.6833333333333334e-05,0.008498505922034383,4307.0,4322.0,9.502906560897827,0.6577706336975098,10.160677194595337,4222.0,4370.142857142857
ablation_no_fluid_state,1998,84,6,P6,84,1.6791666666666674e-05,-0.006220025126822293,4028.0,4144.0,9.687054872512817,0.6362848281860352,10.323339700698853,3950.0,4106.428571428572
ablation_no_fluid_state,1999,84,7,P7,84,1.675e-05,-0.016739370534196496,6034.0,5920.0,14.25395131111145,1.012671947479248,15.266623258590698,5750.0,6188.916666666667
ablation_no_fluid_state,2000,84,8,P8,84,1.6708333333333337e-05,-0.0033854729117592797,5807.0,5867.0,12.546568632125854,0.8590223789215088,13.405591011047363,5600.0,5955.8452380952385
ablation_no_fluid_state,2001,84,9,P9,84,1.6666666666666664e-05,0.014962746878154576,5677.0,5627.0,11.827043056488037,0.8036055564880371,12.630648612976074,5337.0,5665.5
ablation_no_fluid_state,2002,84,10,P10,84,1.6625e-05,0.010770346270874143,5700.0,5694.0,7.585892200469971,0.5433721542358398,8.12926435470581,5457.0,5747.119047619048
ablation_no_fluid_state,2003,84,11,P11,84,1.658333333333334e-05,-0.00614043913083151,11451.0,11530.0,14.843990087509155,1.0538136959075928,15.897803783416748,11389.0,11659.07142857143
ablation_no_fluid_state,2004,84,12,P12,84,1.6541666666666668e-05,-0.0015165535878622904,11986.0,12020.0,17.396822929382324,1.1867194175720215,18.583542346954346,11879.0,12317.82142857143
ablation_no_fluid_state,2005,84,13,P13,84,1.6500000000000005e-05,0.0014349171403864602,19916.0,19914.0,42.08628010749817,3.2068867683410645,45.29316687583923,19402.0,20180.79761904762
ablation_no_fluid_state,2006,84,14,P14,84,1.645833333333333e-05,0.0013792495810776018,22261.0,22419.0,42.382508277893066,3.223080635070801,45.60558891296387,21894.0,22581.059523809523
ablation_no_fluid_state,2007,84,15,P15,84,1.6416666666666668e-05,-0.00021304419328771473,20483.0,20481.0,43.26117992401123,3.201711416244507,46.46289134025574,19965.0,20563.988095238095
ablation_no_fluid_state,2008,84,16,P16,84,1.6374999999999995e-05,0.004827826865948737,20965.0,20534.0,51.45034050941467,3.940286636352539,55.39062714576721,20419.0,21233.630952380954
ablation_no_fluid_state,2009,84,17,P17,84,1.6333333333333335e-05,2.6773471654450985e-05,21329.0,21298.0,52.72387623786926,4.338984251022339,57.0628604888916,20821.0,21606.214285714286
ablation_no_fluid_state,2010,84,18,P18,84,1.6291666666666672e-05,-0.0018141446897061541,20724.0,20853.0,49.88829851150513,3.938075304031372,53.8263738155365,20269.0,21118.214285714286
ablation_no_fluid_state,2011,84,19,P19,84,1.625e-05,0.0022313048655632885,24339.0,24343.0,50.39134216308594,4.088052034378052,54.47939419746399,23095.0,24039.904761904763
ablation_no_fluid_state,2012,84,20,P20,84,1.6208333333333335e-05,-0.0002103669119605911,23420.0,22957.0,54.07834243774414,4.389765024185181,58.46810746192932,22423.0,23191.440476190477
ablation_no_fluid_state,2013,84,21,P21,84,1.6166666666666662e-05,-0.003792904561851174,23929.0,24346.0,58.847564458847046,4.702823877334595,63.55038833618164,23586.0,24527.630952380954
ablation_no_fluid_state,2014,84,22,P22,84,1.6125000000000002e-05,0.0010652353827026672,23708.0,23791.0,56.115901947021484,4.584668874740601,60.700570821762085,23177.0,24075.011904761905
ablation_no_fluid_state,2015,84,23,P23,84,1.608333333333334e-05,0.007130343333951065,35947.0,35360.0,73.11965608596802,6.435151100158691,79.55480718612671,32329.0,35776.142857142855
ablation_no_fluid_state,2016,84,24,P24,84,1.6041666666666666e-05,-0.006716968514956534,24275.0,24119.0,51.68297266960144,4.245344400405884,55.928317070007324,23758.0,24645.166666666668
ablation_no_fluid_state,2017,85,1,P1,85,1.6000000000000003e-05,-0.016114321537315845,6211.0,6184.0,11.94417142868042,0.8350322246551514,12.779203653335571,5940.0,6434.64705882353
ablation_no_fluid_state,2018,85,2,P2,85,1.595833333333333e-05,-0.000787338267400628,8922.0,8932.0,15.26566767692566,1.0449869632720947,16.310654640197754,8118.0,8809.447058823529
ablation_no_fluid_state,2019,85,3,P3,85,1.591666666666667e-05,0.007846791153497179,6676.0,6313.0,10.905460834503174,0.7367231845855713,11.642184019088745,5875.0,6566.552941176471
ablation_no_fluid_state,2020,85,4,P4,85,1.5874999999999996e-05,-0.005946230376139283,3706.0,3716.0,8.60481858253479,0.5887119770050049,9.193530559539795,3678.0,3907.2
ablation_no_fluid_state,2021,85,5,P5,85,1.5833333333333333e-05,0.005028185783885419,4257.0,4312.0,9.577513217926025,0.6531097888946533,10.230623006820679,4222.0,4369.458823529411
ablation_no_fluid_state,2022,85,6,P6,85,1.579166666666667e-05,-0.003183140535838902,3985.0,4029.0,10.132550954818726,0.6885569095611572,10.821107864379883,3950.0,4105.517647058824
ablation_no_fluid_state,2023,85,7,P7,85,1.5749999999999997e-05,-0.00415527360746637,6060.0,5840.0,14.785109519958496,0.9986190795898438,15.78372859954834,5750.0,6184.8117647058825
ablation_no_fluid_state,2024,85,8,P8,85,1.5708333333333337e-05,0.004326714639319107,5927.0,5837.0,12.939591646194458,0.8613691329956055,13.800960779190063,5600.0,5954.447058823529
ablation_no_fluid_state,2025,85,9,P9,85,1.5666666666666663e-05,0.0032808172109071165,5627.0,5553.0,12.32692551612854,0.8619661331176758,13.188891649246216,5337.0,5664.176470588235
ablation_no_fluid_state,2026,85,10,P10,85,1.5625e-05,-0.006040822248905897,5602.0,5550.0,7.7031896114349365,0.5140929222106934,8.21728253364563,5457.0,5744.8
ablation_no_fluid_state,2027,85,11,P11,85,1.5583333333333337e-05,-0.005972005368676037,11530.0,11592.0,14.865670204162598,1.0345888137817383,15.900259017944336,11389.0,11658.282352941176
ablation_no_fluid_state,2028,85,12,P12,85,1.5541666666666664e-05,0.002109337438014336,11940.0,11990.0,18.305683612823486,1.2632875442504883,19.568971157073975,11879.0,12313.964705882352
ablation_no_fluid_state,2029,85,13,P13,85,1.5500000000000004e-05,0.007489550072932616,20093.0,19959.0,40.77350449562073,3.075946569442749,43.84945106506348,19402.0,20178.188235294117
ablation_no_fluid_state,2030,85,14,P14,85,1.545833333333333e-05,0.0006862678760626295,22402.0,22366.0,40.654561281204224,3.100268602371216,43.75482988357544,21894.0,22578.529411764706
ablation_no_fluid_state,2031,85,15,P15,85,1.5416666666666668e-05,-0.00204275540454546,20345.0,20324.0,42.2001838684082,3.477560520172119,45.67774438858032,19965.0,20561.164705882355
ablation_no_fluid_state,2032,85,16,P16,85,1.5375000000000004e-05,0.004245025396812707,20678.0,20614.0,52.088728189468384,4.129722356796265,56.21845054626465,20419.0,21226.34117647059
ablation_no_fluid_state,2033,85,17,P17,85,1.5333333333333334e-05,0.0023792143736500295,21274.0,21617.0,53.03189516067505,4.168592691421509,57.20048785209656,20821.0,21606.34117647059
ablation_no_fluid_state,2034,85,18,P18,85,1.529166666666667e-05,-0.003907685738522559,20485.0,20672.0,49.07100224494934,3.875868082046509,52.94687032699585,20269.0,21112.964705882354
ablation_no_fluid_state,2035,85,19,P19,85,1.5249999999999998e-05,0.002823514078045264,24370.0,24193.0,51.495593309402466,4.217154026031494,55.71274733543396,23095.0,24041.70588235294
ablation_no_fluid_state,2036,85,20,P20,85,1.5208333333333335e-05,-0.0013957452349131927,22923.0,22645.0,52.955461263656616,4.324566841125488,57.280028104782104,22423.0,23185.011764705883
ablation_no_fluid_state,2037,85,21,P21,85,1.5166666666666663e-05,-0.001240081425567041,24438.0,24418.0,56.84566783905029,4.870007753372192,61.715675592422485,23586.0,24526.34117647059
ablation_no_fluid_state,2038,85,22,P22,85,1.5125e-05,0.0016464710817672313,23992.0,23724.0,57.63141584396362,4.80514121055603,62.43655705451965,23177.0,24070.882352941175
ablation_no_fluid_state,2039,85,23,P23,85,1.5083333333333339e-05,0.0051507736290139815,35660.0,35510.0,74.69336915016174,6.170829772949219,80.86419892311096,32329.0,35773.01176470588
ablation_no_fluid_state,2040,85,24,P24,85,1.5041666666666665e-05,-0.006249898136593402,24407.0,24158.0,51.627718925476074,4.266668081283569,55.894387006759644,23758.0,24639.435294117648
ablation_no_fluid_state,2041,86,1,P1,86,1.5000000000000004e-05,-0.012622096110135317,6226.0,6088.0,12.263882160186768,0.803175687789917,13.067057847976685,5940.0,6430.616279069767
ablation_no_fluid_state,2042,86,2,P2,86,1.495833333333333e-05,0.005294168018735945,9136.0,8932.0,15.528337955474854,1.0720722675323486,16.600410223007202,8118.0,8810.872093023256
ablation_no_fluid_state,2043,86,3,P3,86,1.4916666666666667e-05,0.0050815941649489105,6733.0,6376.0,11.271052122116089,0.7718372344970703,12.04288935661316,5875.0,6564.337209302325
ablation_no_fluid_state,2044,86,4,P4,86,1.4875000000000006e-05,-0.002036479883827269,3811.0,3756.0,8.787305355072021,0.6099557876586914,9.397261142730713,3678.0,3905.4418604651164
ablation_no_fluid_state,2045,86,5,P5,86,1.4833333333333332e-05,0.001529397297417745,4262.0,4312.0,9.569907188415527,0.6268715858459473,10.196778774261475,4222.0,4368.790697674419
ablation_no_fluid_state,2046,86,6,P6,86,1.4791666666666671e-05,0.0059794854605570436,4134.0,4029.0,9.721572399139404,0.6444711685180664,10.36604356765747,3950.0,4104.627906976744
ablation_no_fluid_state,2047,86,7,P7,86,1.4749999999999998e-05,-0.01840840303339064,5870.0,5840.0,14.048999547958374,0.9299116134643555,14.97891116142273,5750.0,6180.802325581395
ablation_no_fluid_state,2048,86,8,P8,86,1.4708333333333335e-05,0.004203641787171364,5947.0,5777.0,12.528316497802734,0.8323910236358643,13.360707521438599,5600.0,5952.383720930233
ablation_no_fluid_state,2049,86,9,P9,86,1.4666666666666661e-05,0.01138057408388704,5687.0,5529.0,11.832221508026123,0.7905359268188477,12.62275743484497,5337.0,5662.604651162791
ablation_no_fluid_state,2050,86,10,P10,86,1.4625e-05,-0.009864151710644364,5594.0,5611.0,7.371689319610596,0.5131738185882568,7.8848631381988525,5457.0,5743.2441860465115
ablation_no_fluid_state,2051,86,11,P11,86,1.4583333333333338e-05,-0.008434578427113593,11453.0,11592.0,14.174130916595459,0.9675447940826416,15.1416757106781,11389.0,11657.511627906977
ablation_no_fluid_state,2052,86,12,P12,86,1.4541666666666665e-05,0.0017487075965618715,12053.0,11997.0,17.16292953491211,1.153635025024414,18.316564559936523,11879.0,12310.279069767443
ablation_no_fluid_state,2053,86,13,P13,86,1.4500000000000002e-05,0.0034929612884297967,19794.0,20176.0,41.44560098648071,3.2816262245178223,44.727227210998535,19402.0,20178.162790697676
ablation_no_fluid_state,2054,86,14,P14,86,1.4458333333333328e-05,0.0006404705768545682,22131.0,22477.0,41.73687553405762,3.223987102508545,44.96086263656616,21894.0,22577.3488372093
ablation_no_fluid_state,2055,86,15,P15,86,1.4416666666666667e-05,-7.86768396210391e-06,20552.0,20639.0,43.26911783218384,3.2833123207092285,46.552430152893066,19965.0,20562.06976744186
ablation_no_fluid_state,2056,86,16,P16,86,1.4375000000000006e-05,0.003485862258821726,20572.0,20524.0,53.43567490577698,4.190652370452881,57.62632727622986,20419.0,21218.174418604653
ablation_no_fluid_state,2057,86,17,P17,86,1.4333333333333332e-05,0.002858591149561107,21436.0,21135.0,53.78606176376343,4.3050127029418945,58.09107446670532,20821.0,21600.86046511628
ablation_no_fluid_state,2058,86,18,P18,86,1.4291666666666669e-05,-0.0033903175964951513,20570.0,20795.0,48.701327085494995,3.8681437969207764,52.56947088241577,20269.0,21109.267441860466
ablation_no_fluid_state,2059,86,19,P19,86,1.4249999999999997e-05,0.0017432764172554017,24253.0,24258.0,50.15230655670166,4.249334096908569,54.40164065361023,23095.0,24044.220930232557
ablation_no_fluid_state,2060,86,20,P20,86,1.4208333333333334e-05,-0.0010663444227247965,22818.0,22869.0,54.06743001937866,4.4264442920684814,58.493874311447144,22423.0,23181.337209302324
ablation_no_fluid_state,2061,86,21,P21,86,1.4166666666666673e-05,-0.0011017853776138509,24291.0,24535.0,56.93109583854675,4.568743944168091,61.499839782714844,23586.0,24526.441860465115
ablation_no_fluid_state,2062,86,22,P22,86,1.4125e-05,0.0028178733540698887,24074.0,23900.0,56.67210292816162,4.6740124225616455,61.34611535072327,23177.0,24068.89534883721
ablation_no_fluid_state,2063,86,23,P23,86,1.4083333333333338e-05,0.004518834449949541,35510.0,35510.0,76.22489809989929,6.2800798416137695,82.50497794151306,32329.0,35769.95348837209
ablation_no_fluid_state,2064,86,24,P24,86,1.4041666666666665e-05,-0.005282274365890771,24507.0,24490.0,50.003324031829834,4.162731647491455,54.16605567932129,23758.0,24637.697674418603
ablation_no_fluid_state,2065,87,1,P1,87,1.4000000000000001e-05,-0.0125700943171978,6284.0,6225.0,11.725331544876099,0.7850677967071533,12.510399341583252,5940.0,6428.252873563219
ablation_no_fluid_state,2066,87,2,P2,87,1.3958333333333328e-05,-0.006935854733455926,8922.0,8966.0,14.616257190704346,0.9940359592437744,15.61029314994812,8118.0,8812.655172413793
ablation_no_fluid_state,2067,87,3,P3,87,1.3916666666666667e-05,-0.012097062193788588,6398.0,6506.0,10.822728395462036,0.7124366760253906,11.535165071487427,5875.0,6563.666666666667
ablation_no_fluid_state,2068,87,4,P4,87,1.3875000000000005e-05,0.006064920569770038,3819.0,3756.0,8.419438362121582,0.602076530456543,9.021514892578125,3678.0,3903.7241379310344
ablation_no_fluid_state,2069,87,5,P5,87,1.3833333333333332e-05,0.0088092393707484,4257.0,4262.0,9.259331703186035,0.6308732032775879,9.890204906463623,4222.0,4367.563218390805
ablation_no_fluid_state,2070,87,6,P6,87,1.3791666666666669e-05,1.9818617147393525e-05,3999.0,3974.0,9.63075041770935,0.647089958190918,10.277840375900269,3950.0,4103.126436781609
ablation_no_fluid_state,2071,87,7,P7,87,1.3749999999999995e-05,-0.008555931621231139,5960.0,5907.0,14.591456174850464,1.0300567150115967,15.62151288986206,5750.0,6177.6551724137935
ablation_no_fluid_state,2072,87,8,P8,87,1.3708333333333334e-05,0.009827469591982663,6017.0,5927.0,12.460378646850586,0.8358678817749023,13.296246528625488,5600.0,5952.091954022989
ablation_no_fluid_state,2073,87,9,P9,87,1.3666666666666672e-05,0.011366669205017388,5747.0,5663.0,11.91170883178711,0.7850990295410156,12.696807861328125,5337.0,5662.609195402299
ablation_no_fluid_state,2074,87,10,P10,87,1.3624999999999999e-05,-0.005889415624551475,5564.0,5702.0,7.388067007064819,0.5192656517028809,7.9073326587677,5457.0,5742.770114942528
ablation_no_fluid_state,2075,87,11,P11,87,1.3583333333333336e-05,-0.002760538482107222,11389.0,11434.0,14.50756311416626,1.0018525123596191,15.509415626525879,11389.0,11654.942528735632
ablation_no_fluid_state,2076,87,12,P12,87,1.3541666666666664e-05,0.0006264781359277549,11892.0,11884.0,17.408795595169067,1.216707468032837,18.625503063201904,11879.0,12305.379310344828
ablation_no_fluid_state,2077,87,13,P13,87,1.3500000000000001e-05,0.006695465970551595,20117.0,19915.0,40.640644788742065,3.1254754066467285,43.766120195388794,19402.0,20175.137931034482
ablation_no_fluid_state,2078,87,14,P14,87,1.345833333333334e-05,0.001311380765400827,22196.0,22176.0,42.06689453125,3.2621004581451416,45.32899498939514,21894.0,22572.735632183907
ablation_no_fluid_state,2079,87,15,P15,87,1.3416666666666666e-05,-0.0010954745534945687,20515.0,20403.0,44.162712812423706,3.374276638031006,47.53698945045471,19965.0,20560.241379310344
ablation_no_fluid_state,2080,87,16,P16,87,1.3375000000000005e-05,0.004045921063516289,20965.0,20588.0,51.945239782333374,4.032266855239868,55.97750663757324,20419.0,21210.931034482757
ablation_no_fluid_state,2081,87,17,P17,87,1.3333333333333332e-05,0.0014950065029552206,21162.0,21326.0,51.770861864089966,4.303445100784302,56.07430696487427,20821.0,21597.701149425287
ablation_no_fluid_state,2082,87,18,P18,87,1.3291666666666668e-05,-0.002903874614275992,20514.0,20689.0,49.40126085281372,4.00632119178772,53.40758204460144,20269.0,21104.436781609194
ablation_no_fluid_state,2083,87,19,P19,87,1.3249999999999995e-05,0.0032856652280315755,24313.0,24237.0,50.08718991279602,4.079349517822266,54.166539430618286,23095.0,24046.436781609194
ablation_no_fluid_state,2084,87,20,P20,87,1.3208333333333334e-05,-0.001289940151036717,22943.0,22897.0,53.79918885231018,4.397098064422607,58.19628691673279,22423.0,23178.068965517243
ablation_no_fluid_state,2085,87,21,P21,87,1.3166666666666672e-05,-0.0031245860969647764,24105.0,24020.0,58.077526330947876,4.710615158081055,62.78814148902893,23586.0,24520.620689655174
ablation_no_fluid_state,2086,87,22,P22,87,1.3124999999999999e-05,0.0023749749758280813,23917.0,23677.0,57.58168339729309,4.493828296661377,62.07551169395447,23177.0,24064.3908045977
ablation_no_fluid_state,2087,87,23,P23,87,1.3083333333333336e-05,0.006308409335490849,35210.0,35060.0,72.80531859397888,6.22728967666626,79.03260827064514,32329.0,35761.793103448275
ablation_no_fluid_state,2088,87,24,P24,87,1.3041666666666662e-05,-0.007042886363342405,24163.0,24164.0,52.153599977493286,4.214220285415649,56.367820262908936,23758.0,24632.25287356322
ablation_no_fluid_state,2089,88,1,P1,88,1.3000000000000001e-05,-0.014905503136105835,6162.0,6184.0,11.823545694351196,0.8087542057037354,12.632299900054932,5940.0,6425.477272727273
ablation_no_fluid_state,2090,88,2,P2,88,1.295833333333334e-05,0.007691977662034333,9136.0,8922.0,14.912774085998535,1.0010411739349365,15.913815259933472,8118.0,8813.897727272728
ablation_no_fluid_state,2091,88,3,P3,88,1.2916666666666666e-05,0.027306151809170842,6850.0,6506.0,10.893786668777466,0.7331843376159668,11.626971006393433,5875.0,6563.011363636364
ablation_no_fluid_state,2092,88,4,P4,88,1.2875000000000003e-05,-0.007873340509831905,3816.0,3756.0,8.434311389923096,0.5628950595855713,8.997206449508667,3678.0,3902.0454545454545
ablation_no_fluid_state,2093,88,5,P5,88,1.2833333333333331e-05,-0.01150152226909995,4262.0,4322.0,9.18919587135315,0.6401822566986084,9.829378128051758,4222.0,4367.045454545455
ablation_no_fluid_state,2094,88,6,P6,88,1.2791666666666668e-05,-0.014780095778405666,4033.0,3974.0,9.732902765274048,0.6716272830963135,10.404530048370361,3950.0,4101.659090909091
ablation_no_fluid_state,2095,88,7,P7,88,1.2749999999999995e-05,-0.01945144752971828,5930.0,5840.0,14.484721899032593,0.9491620063781738,15.433883905410767,5750.0,6173.818181818182
ablation_no_fluid_state,2096,88,8,P8,88,1.2708333333333333e-05,0.006236457033082843,6007.0,5867.0,12.67303729057312,0.8586373329162598,13.53167462348938,5600.0,5951.125
ablation_no_fluid_state,2097,88,9,P9,88,1.2666666666666672e-05,0.002161431169952266,5587.0,5623.0,12.250411033630371,0.8041040897369385,13.05451512336731,5337.0,5662.159090909091
ablation_no_fluid_state,2098,88,10,P10,88,1.2624999999999999e-05,0.0038568450836464763,5682.0,5567.0,7.6903345584869385,0.5471720695495605,8.237506628036499,5457.0,5740.772727272727
ablation_no_fluid_state,2099,88,11,P11,88,1.2583333333333335e-05,-0.010416759178042412,11513.0,11434.0,14.704732656478882,1.0001630783081055,15.704895734786987,11389.0,11652.431818181818
ablation_no_fluid_state,2100,88,12,P12,88,1.2541666666666662e-05,0.0038141354743856937,12028.0,11952.0,18.09694528579712,1.2273995876312256,19.324344873428345,11879.0,12301.363636363636
ablation_no_fluid_state,2101,88,13,P13,88,1.25e-05,0.001609099726920249,19751.0,19911.0,42.18901324272156,3.124823570251465,45.31383681297302,19402.0,20172.136363636364
ablation_no_fluid_state,2102,88,14,P14,88,1.2458333333333339e-05,0.00048162713869714935,22089.0,22310.0,40.916202783584595,3.085594892501831,44.001797676086426,21894.0,22569.75
ablation_no_fluid_state,2103,88,15,P15,88,1.2416666666666666e-05,-7.058301434881287e-05,20235.0,20563.0,41.78924036026001,3.4481284618377686,45.23736882209778,19965.0,20560.272727272728
ablation_no_fluid_state,2104,88,16,P16,88,1.2375000000000003e-05,0.005163884023204446,20670.0,20601.0,53.45026135444641,4.386151552200317,57.83641290664673,20419.0,21204.0
ablation_no_fluid_state,2105,88,17,P17,88,1.233333333333333e-05,0.0017747429315932094,21085.0,21152.0,52.77183413505554,4.14823842048645,56.92007255554199,20821.0,21592.636363636364
ablation_no_fluid_state,2106,88,18,P18,88,1.2291666666666668e-05,-0.0031700647552497683,20447.0,20501.0,49.858367681503296,3.8993475437164307,53.75771522521973,20269.0,21097.579545454544
ablation_no_fluid_state,2107,88,19,P19,88,1.2250000000000006e-05,0.0026360236457549035,24342.0,24305.0,50.937824010849,4.079943656921387,55.017767667770386,23095.0,24049.375
ablation_no_fluid_state,2108,88,20,P20,88,1.2208333333333333e-05,0.00039005085636745207,23076.0,22660.0,54.42773723602295,4.203413963317871,58.63115119934082,22423.0,23172.18181818182
ablation_no_fluid_state,2109,88,21,P21,88,1.216666666666667e-05,-0.0026766962080728264,24165.0,24256.0,55.9733247756958,4.44117283821106,60.41449761390686,23586.0,24517.613636363636
ablation_no_fluid_state,2110,88,22,P22,88,1.2124999999999998e-05,0.000427767368091736,23661.0,23634.0,55.791693925857544,4.848529100418091,60.640223026275635,23177.0,24059.5
ablation_no_fluid_state,2111,88,23,P23,88,1.2083333333333335e-05,0.006152286526880094,35810.0,35060.0,75.29979276657104,6.2453649044036865,81.54515767097473,32329.0,35753.818181818184
ablation_no_fluid_state,2112,88,24,P24,88,1.2041666666666662e-05,-0.005006847798358649,24335.0,24296.0,52.149266958236694,4.315211772918701,56.464478731155396,23758.0,24628.43181818182
ablation_no_fluid_state,2113,89,1,P1,89,1.2e-05,0.0009476901777816238,6392.0,6184.0,12.22689151763916,0.8087029457092285,13.035594463348389,5940.0,6422.76404494382
ablation_no_fluid_state,2114,89,2,P2,89,1.1958333333333339e-05,-0.0016473012074129656,8932.0,8979.0,15.458920955657959,1.0502071380615234,16.509128093719482,8118.0,8815.752808988764
ablation_no_fluid_state,2115,89,3,P3,89,1.1916666666666666e-05,-0.0030579991926060757,6506.0,6506.0,11.283079862594604,0.7715654373168945,12.054645299911499,5875.0,6562.3707865168535
ablation_no_fluid_state,2116,89,4,P4,89,1.1875000000000002e-05,-0.007589735207147896,3758.0,3756.0,8.69676923751831,0.5865383148193359,9.283307552337646,3678.0,3900.4044943820227
ablation_no_fluid_state,2117,89,5,P5,89,1.1833333333333329e-05,0.007307296735234559,4322.0,4322.0,9.69833493232727,0.6609377861022949,10.359272718429565,4222.0,4366.539325842697
ablation_no_fluid_state,2118,89,6,P6,89,1.1791666666666668e-05,-0.007782718748785555,3977.0,4034.0,10.142791032791138,0.6660101413726807,10.808801174163818,3950.0,4100.898876404494
ablation_no_fluid_state,2119,89,7,P7,89,1.1750000000000006e-05,-0.01793197705410421,5830.0,5920.0,14.82715916633606,0.9620943069458008,15.78925347328186,5750.0,6170.966292134832
ablation_no_fluid_state,2120,89,8,P8,89,1.1708333333333333e-05,-0.007021082972642034,5687.0,5837.0,12.463950157165527,0.8255383968353271,13.289488554000854,5600.0,5949.842696629214
ablation_no_fluid_state,2121,89,9,P9,89,1.166666666666667e-05,0.020217760233208537,5735.0,5583.0,11.444886207580566,0.770254373550415,12.215140581130981,5337.0,5661.269662921349
ablation_no_fluid_state,2122,89,10,P10,89,1.1624999999999996e-05,-0.0005451110482681543,5609.0,5658.0,7.391611337661743,0.5152406692504883,7.9068520069122314,5457.0,5739.842696629214
ablation_no_fluid_state,2123,89,11,P11,89,1.1583333333333335e-05,-0.0013337587770365644,11485.0,11434.0,14.503929138183594,0.9983298778533936,15.502259016036987,11389.0,11649.977528089888
ablation_no_fluid_state,2124,89,12,P12,89,1.1541666666666661e-05,0.0031510349363088608,12109.0,11928.0,17.22538733482361,1.1755356788635254,18.400923013687134,11879.0,12297.168539325843
ablation_no_fluid_state,2125,89,13,P13,89,1.15e-05,0.0019614860793808475,19775.0,19855.0,40.38533139228821,3.2793421745300293,43.66467356681824,19402.0,20168.573033707864
ablation_no_fluid_state,2126,89,14,P14,89,1.1458333333333337e-05,-8.4487600815919e-05,22108.0,22221.0,41.761425495147705,3.178178548812866,44.93960404396057,21894.0,22565.83146067416
ablation_no_fluid_state,2127,89,15,P15,89,1.1416666666666665e-05,-0.00039656087892581127,20401.0,20701.0,43.703064918518066,3.354909896850586,47.05797481536865,19965.0,20561.85393258427
ablation_no_fluid_state,2128,89,16,P16,89,1.1375000000000002e-05,0.002297365525737405,20704.0,20569.0,52.38179588317871,4.141530513763428,56.52332639694214,20419.0,21196.865168539327
ablation_no_fluid_state,2129,89,17,P17,89,1.1333333333333329e-05,0.0031874087057076395,21282.0,20963.0,54.261417627334595,4.123237133026123,58.38465476036072,20821.0,21585.56179775281
ablation_no_fluid_state,2130,89,18,P18,89,1.1291666666666667e-05,-0.002536708244588226,20465.0,20476.0,49.913291215896606,3.7892277240753174,53.702518939971924,20269.0,21090.595505617977
ablation_no_fluid_state,2131,89,19,P19,89,1.1250000000000006e-05,0.00018467949084879364,23938.0,24187.0,49.555543422698975,3.941584587097168,53.49712800979614,23095.0,24050.921348314605
ablation_no_fluid_state,2132,89,20,P20,89,1.1208333333333332e-05,0.0009887633350444958,22967.0,22737.0,53.590571880340576,4.6071319580078125,58.19770383834839,22423.0,23167.29213483146
ablation_no_fluid_state,2133,89,21,P21,89,1.116666666666667e-05,-0.0013637377764098347,24652.0,24121.0,58.51542019844055,4.692068099975586,63.20748829841614,23586.0,24513.157303370786
ablation_no_fluid_state,2134,89,22,P22,89,1.1124999999999996e-05,0.00019391577516216784,23862.0,23612.0,57.18227958679199,4.7130796909332275,61.89535927772522,23177.0,24054.47191011236
ablation_no_fluid_state,2135,89,23,P23,89,1.1083333333333335e-05,0.00448207587136754,34897.0,35210.0,75.83626890182495,6.273049354553223,82.10931825637817,32329.0,35747.70786516854
ablation_no_fluid_state,2136,89,24,P24,89,1.1041666666666673e-05,-0.004721853765659034,23948.0,24330.0,51.57739877700806,4.11531138420105,55.692710161209106,23758.0,24625.078651685395
ablation_no_fluid_state,2137,90,1,P1,90,1.1e-05,-0.013856618665158749,6144.0,6184.0,11.834431886672974,0.8110477924346924,12.645479679107666,5940.0,6420.111111111111
ablation_no_fluid_state,2138,90,2,P2,90,1.0958333333333337e-05,0.0031250567408278584,8922.0,8718.0,14.925106763839722,1.0118534564971924,15.936960220336914,8118.0,8814.666666666666
ablation_no_fluid_state,2139,90,3,P3,90,1.0916666666666663e-05,0.02396728121675551,6826.0,6316.0,10.59607982635498,0.7123150825500488,11.30839490890503,5875.0,6559.633333333333
ablation_no_fluid_state,2140,90,4,P4,90,1.0875000000000002e-05,-0.00692292395979166,3748.0,3714.0,8.246124982833862,0.5555820465087891,8.801707029342651,3678.0,3898.3333333333335
ablation_no_fluid_state,2141,90,5,P5,90,1.0833333333333328e-05,0.0005654789856635034,4267.0,4272.0,9.003619194030762,0.6120462417602539,9.615665435791016,4222.0,4365.488888888889
ablation_no_fluid_state,2142,90,6,P6,90,1.0791666666666667e-05,-0.0022018604213371873,4045.0,4064.0,9.837778568267822,0.6408431529998779,10.4786217212677,3950.0,4100.488888888889
ablation_no_fluid_state,2143,90,7,P7,90,1.0750000000000004e-05,-0.019052712945267558,5840.0,5836.0,14.901888847351074,0.9534835815429688,15.855372428894043,5750.0,6167.2444444444445
ablation_no_fluid_state,2144,90,8,P8,90,1.0708333333333332e-05,-0.0035903087409678847,5837.0,5777.0,12.85375452041626,0.8414065837860107,13.69516110420227,5600.0,5947.922222222222
ablation_no_fluid_state,2145,90,9,P9,90,1.0666666666666669e-05,0.007361330557614565,5574.0,5497.0,11.863423347473145,0.8089797496795654,12.67240309715271,5337.0,5659.444444444444
ablation_no_fluid_state,2146,90,10,P10,90,1.0624999999999996e-05,-0.00539896369446069,5581.0,5580.0,7.683826684951782,0.5417883396148682,8.22561502456665,5457.0,5738.066666666667
ablation_no_fluid_state,2147,90,11,P11,90,1.0583333333333334e-05,-0.008799882081802934,11558.0,11434.0,14.498278856277466,0.9789881706237793,15.477267026901245,11389.0,11647.577777777778
ablation_no_fluid_state,2148,90,12,P12,90,1.0541666666666673e-05,0.003290096647106111,12120.0,11928.0,17.50756549835205,1.1989893913269043,18.706554889678955,11879.0,12293.066666666668
ablation_no_fluid_state,2149,90,13,P13,90,1.05e-05,0.001997937106352765,19892.0,19942.0,41.34584164619446,3.1662967205047607,44.51213836669922,19402.0,20166.055555555555
ablation_no_fluid_state,2150,90,14,P14,90,1.0458333333333336e-05,-0.00016543801757507026,21999.0,22171.0,42.10150504112244,3.248307228088379,45.349812269210815,21894.0,22561.444444444445
ablation_no_fluid_state,2151,90,15,P15,90,1.0416666666666663e-05,0.002212591585703194,20606.0,20473.0,43.4797101020813,3.3652822971343994,46.8449923992157,19965.0,20560.866666666665
ablation_no_fluid_state,2152,90,16,P16,90,1.0375000000000001e-05,0.0018728977171122096,20604.0,20683.0,53.095954179763794,4.078974485397339,57.17492866516113,20419.0,21191.155555555557
ablation_no_fluid_state,2153,90,17,P17,90,1.033333333333334e-05,0.0020945985219441355,21010.0,21038.0,51.38642954826355,3.9746220111846924,55.36105155944824,20821.0,21579.477777777778
ablation_no_fluid_state,2154,90,18,P18,90,1.0291666666666667e-05,-0.0020388371136505156,20562.0,20763.0,48.696468353271484,4.016515731811523,52.71298408508301,20269.0,21086.955555555556
ablation_no_fluid_state,2155,90,19,P19,90,1.0250000000000004e-05,0.0009838142519583925,24222.0,24031.0,50.7967791557312,4.19869589805603,54.99547505378723,23095.0,24050.7
ablation_no_fluid_state,2156,90,20,P20,90,1.020833333333333e-05,-9.482253481110092e-05,22808.0,22776.0,54.18116116523743,4.372802019119263,58.55396318435669,22423.0,23162.944444444445
ablation_no_fluid_state,2157,90,21,P21,90,1.0166666666666669e-05,-0.0019718868716154248,24225.0,24185.0,58.38338565826416,4.718738317489624,63.102123975753784,23586.0,24509.51111111111
ablation_no_fluid_state,2158,90,22,P22,90,1.0124999999999995e-05,0.0015553902325336822,23855.0,23521.0,58.67793250083923,4.623624086380005,63.30155658721924,23177.0,24048.544444444444
ablation_no_fluid_state,2159,90,23,P23,90,1.0083333333333334e-05,0.005295071634463966,35810.0,35210.0,73.36005330085754,5.978557586669922,79.33861088752747,32329.0,35741.73333333333
ablation_no_fluid_state,2160,90,24,P24,90,1.004166666666667e-05,-0.0045717013068497184,24365.0,24265.0,51.37142777442932,4.435838222503662,55.80726599693298,23758.0,24621.077777777777
ablation_no_fluid_state,2161,91,1,P1,91,1e-05,-0.006121488724602386,6184.0,6044.0,12.257917165756226,0.79087233543396,13.048789501190186,5940.0,6415.978021978022
ablation_no_fluid_state,2162,91,2,P2,91,1e-05,-0.005105461255880073,8565.0,8630.0,14.894959449768066,0.9987032413482666,15.893662691116333,8118.0,8812.637362637362
ablation_no_fluid_state,2163,91,3,P3,91,1e-05,0.008910419594030827,6666.0,6316.0,10.729353427886963,0.7381951808929443,11.467548608779907,5875.0,6556.956043956044
ablation_no_fluid_state,2164,91,4,P4,91,1e-05,-0.0027355666388757527,3714.0,3714.0,8.480258464813232,0.5642297267913818,9.044488191604614,3678.0,3896.3076923076924
ablation_no_fluid_state,2165,91,5,P5,91,1e-05,0.01508947042748332,4322.0,4262.0,9.242783546447754,0.6202647686004639,9.863048315048218,4222.0,4364.351648351649
ablation_no_fluid_state,2166,91,6,P6,91,1e-05,-0.0024895216920413077,4028.0,4094.0,9.795637130737305,0.6659176349639893,10.461554765701294,3950.0,4100.417582417583
ablation_no_fluid_state,2167,91,7,P7,91,1e-05,-0.010142383398488164,5800.0,5810.0,14.27466607093811,0.9421601295471191,15.21682620048523,5750.0,6163.318681318681
ablation_no_fluid_state,2168,91,8,P8,91,1e-05,0.001968821932678111,5807.0,5687.0,12.491081714630127,0.8370673656463623,13.32814908027649,5600.0,5945.054945054945
ablation_no_fluid_state,2169,91,9,P9,91,1e-05,0.0007076184847392142,5477.0,5497.0,11.86813235282898,0.8411073684692383,12.709239721298218,5337.0,5657.659340659341
ablation_no_fluid_state,2170,91,10,P10,91,1e-05,0.0008991564682219177,5658.0,5580.0,7.54650092124939,0.5169646739959717,8.063465595245361,5457.0,5736.32967032967
ablation_no_fluid_state,2171,91,11,P11,91,1e-05,-0.0063838965143077075,11434.0,11537.0,14.701526403427124,0.9865767955780029,15.688103199005127,11389.0,11646.362637362638
ablation_no_fluid_state,2172,91,12,P12,91,1e-05,0.0033293487795162946,12151.0,12062.0,17.6638343334198,1.2069542407989502,18.87078857421875,11879.0,12290.527472527472
ablation_no_fluid_state,2173,91,13,P13,91,1e-05,0.0005264851190531772,19834.0,19789.0,41.54457688331604,3.2729084491729736,44.817485332489014,19402.0,20161.91208791209
ablation_no_fluid_state,2174,91,14,P14,91,1e-05,0.0002352430053633725,22209.0,22232.0,41.66770553588867,3.0698773860931396,44.73758292198181,21894.0,22557.824175824175
ablation_no_fluid_state,2175,91,15,P15,91,1e-05,-0.00010158065651921788,20475.0,20553.0,42.09551167488098,3.195422649383545,45.290934324264526,19965.0,20560.78021978022
ablation_no_fluid_state,2176,91,16,P16,91,1e-05,0.0007559831130492967,20606.0,20706.0,52.091612100601196,4.37615180015564,56.467763900756836,20419.0,21185.824175824175
ablation_no_fluid_state,2177,91,17,P17,91,1e-05,0.0034438602277077736,21331.0,21040.0,52.202428340911865,4.106375217437744,56.30880355834961,20821.0,21573.54945054945
ablation_no_fluid_state,2178,91,18,P18,91,1e-05,-0.0029546693374868484,20350.0,20387.0,48.825878381729126,3.8092594146728516,52.63513779640198,20269.0,21079.263736263736
ablation_no_fluid_state,2179,91,19,P19,91,1e-05,0.000874353175458964,24416.0,24097.0,51.08624339103699,4.064605474472046,55.15084886550903,23095.0,24051.20879120879
ablation_no_fluid_state,2180,91,20,P20,91,1e-05,-0.0003828428605629597,22647.0,22513.0,55.46375322341919,4.498330354690552,59.96208357810974,22423.0,23155.802197802197
ablation_no_fluid_state,2181,91,21,P21,91,1e-05,-0.0030120197450742127,24020.0,23816.0,56.728493452072144,4.556626558303833,61.28512001037598,23586.0,24501.89010989011
ablation_no_fluid_state,2182,91,22,P22,91,1e-05,0.0013691411659237929,23624.0,23524.0,56.730740547180176,4.964589357376099,61.695329904556274,23177.0,24042.78021978022
ablation_no_fluid_state,2183,91,23,P23,91,1e-05,0.0066816617368853515,35751.0,35210.0,74.66791987419128,6.040241003036499,80.70816087722778,32329.0,35735.89010989011
ablation_no_fluid_state,2184,91,24,P24,91,1e-05,-0.004240888345520943,24415.0,23977.0,50.566062211990356,4.166726589202881,54.73278880119324,23758.0,24614.0
ablation_no_fluid_state,2185,92,1,P1,92,1e-05,-0.007460733177140355,6152.0,6044.0,12.069283485412598,0.8342466354370117,12.90353012084961,5940.0,6411.934782608696
ablation_no_fluid_state,2186,92,2,P2,92,1e-05,-0.009224708657711744,8494.0,8551.0,15.311748266220093,1.0235543251037598,16.335302591323853,8118.0,8809.79347826087
ablation_no_fluid_state,2187,92,3,P3,92,1e-05,0.005851771900779568,6517.0,6248.0,10.979014158248901,0.7357749938964844,11.714789152145386,5875.0,6553.597826086957
ablation_no_fluid_state,2188,92,4,P4,92,1e-05,0.0026946141733787954,3713.0,3714.0,8.661842346191406,0.580136775970459,9.241979122161865,3678.0,3894.3260869565215
ablation_no_fluid_state,2189,92,5,P5,92,1e-05,0.012365949572995305,4257.0,4272.0,9.486961364746094,0.6400377750396729,10.126999139785767,4222.0,4363.347826086957
ablation_no_fluid_state,2190,92,6,P6,92,1e-05,0.012396938633173704,4140.0,4094.0,9.882603168487549,0.6841123104095459,10.566715478897095,3950.0,4100.347826086957
ablation_no_fluid_state,2191,92,7,P7,92,1e-05,-0.0039301558281295,5855.0,5810.0,14.736127614974976,0.9790370464324951,15.71516466140747,5750.0,6159.478260869565
ablation_no_fluid_state,2192,92,8,P8,92,1e-05,-0.00039370625745505095,5747.0,5807.0,12.990488529205322,0.8828184604644775,13.8733069896698,5600.0,5943.554347826087
ablation_no_fluid_state,2193,92,9,P9,92,1e-05,-0.0013922289945185184,5447.0,5497.0,12.353481531143188,0.7752342224121094,13.128715753555298,5337.0,5655.913043478261
ablation_no_fluid_state,2194,92,10,P10,92,1e-05,-0.01110333320684731,5580.0,5580.0,7.423488140106201,0.4974653720855713,7.9209535121917725,5457.0,5734.630434782609
ablation_no_fluid_state,2195,92,11,P11,92,1e-05,-0.007457836763933301,11525.0,11434.0,14.12280821800232,0.9925274848937988,15.115335702896118,11389.0,11644.054347826086
ablation_no_fluid_state,2196,92,12,P12,92,1e-05,0.004900922591332346,12141.0,11890.0,17.52689480781555,1.1873297691345215,18.714224576950073,11879.0,12286.173913043478
ablation_no_fluid_state,2197,92,13,P13,92,1e-05,0.002462032876792364,19835.0,19706.0,40.11595892906189,3.0996336936950684,43.21559262275696,19402.0,20156.956521739132
ablation_no_fluid_state,2198,92,14,P14,92,1e-05,-0.0005683437993866391,22125.0,22222.0,41.59884834289551,3.4442331790924072,45.043081521987915,21894.0,22554.17391304348
ablation_no_fluid_state,2199,92,15,P15,92,1e-05,-0.0006024778767823591,20235.0,20235.0,42.87216544151306,3.2905120849609375,46.162677526474,19965.0,20557.239130434784
ablation_no_fluid_state,2200,92,16,P16,92,1e-05,0.0017872541793622077,20741.0,20550.0,51.55272579193115,4.121667146682739,55.67439293861389,20419.0,21178.91304347826
ablation_no_fluid_state,2201,92,17,P17,92,1e-05,0.00264416690915823,21244.0,21061.0,52.15901732444763,4.195526838302612,56.354544162750244,20821.0,21567.978260869564
ablation_no_fluid_state,2202,92,18,P18,92,1e-05,-0.002830457699019462,20393.0,20460.0,48.732914447784424,3.9125990867614746,52.6455135345459,20269.0,21072.532608695652
ablation_no_fluid_state,2203,92,19,P19,92,1e-05,-0.0003761652087632683,23880.0,23969.0,49.98575711250305,4.0315704345703125,54.017327547073364,23095.0,24050.315217391304
ablation_no_fluid_state,2204,92,20,P20,92,1e-05,0.0013038849705480971,22849.0,22669.0,52.41243553161621,4.529480695724487,56.9419162273407,22423.0,23150.510869565216
ablation_no_fluid_state,2205,92,21,P21,92,1e-05,-0.002151588455308229,24024.0,23885.0,58.221532106399536,4.573933124542236,62.79546523094177,23586.0,24495.184782608696
ablation_no_fluid_state,2206,92,22,P22,92,1e-05,0.0014397898805327714,23771.0,23779.0,56.32966494560242,4.62855076789856,60.95821571350098,23177.0,24039.91304347826
ablation_no_fluid_state,2207,92,23,P23,92,1e-05,0.004891412257815578,34695.0,34760.0,74.93642544746399,6.131451368331909,81.0678768157959,32329.0,35725.282608695656
ablation_no_fluid_state,2208,92,24,P24,92,1e-05,-0.004644612583797425,24155.0,24095.0,52.64720797538757,4.341913461685181,56.989121437072754,23758.0,24608.358695652172
ablation_no_fluid_state,2209,93,1,P1,93,1e-05,-0.010207731509581208,6064.0,6055.0,12.315685272216797,0.7774755954742432,13.09316086769104,5940.0,6408.096774193548
ablation_no_fluid_state,2210,93,2,P2,93,1e-05,-0.006009432254359126,8498.0,8551.0,14.921351432800293,1.0125336647033691,15.933885097503662,8118.0,8807.010752688173
ablation_no_fluid_state,2211,93,3,P3,93,1e-05,0.005183049514016602,6530.0,6248.0,10.744145154953003,0.7342839241027832,11.478429079055786,5875.0,6550.311827956989
ablation_no_fluid_state,2212,93,4,P4,93,1e-05,-0.0008763775113038719,3693.0,3714.0,8.460909843444824,0.5777907371520996,9.038700580596924,3678.0,3892.3870967741937
ablation_no_fluid_state,2213,93,5,P5,93,1e-05,0.013585204491391778,4257.0,4272.0,9.173216581344604,0.6120481491088867,9.785264730453491,4222.0,4362.365591397849
ablation_no_fluid_state,2214,93,6,P6,93,1e-05,0.0056928228586912155,4136.0,4094.0,9.595679521560669,0.6346957683563232,10.230375289916992,3950.0,4100.279569892473
ablation_no_fluid_state,2215,93,7,P7,93,1e-05,-0.00033523194360896014,5950.0,5810.0,13.840996503829956,0.9156458377838135,14.75664234161377,5750.0,6155.720430107527
ablation_no_fluid_state,2216,93,8,P8,93,1e-05,-0.002512933686375618,5637.0,5627.0,12.459189653396606,0.8401000499725342,13.29928970336914,5600.0,5940.1505376344085
ablation_no_fluid_state,2217,93,9,P9,93,1e-05,0.006672830844763666,5527.0,5497.0,11.89464259147644,0.8112630844116211,12.705905675888062,5337.0,5654.204301075269
ablation_no_fluid_state,2218,93,10,P10,93,1e-05,-0.007428759941831231,5637.0,5580.0,7.616073846817017,0.513869047164917,8.129942893981934,5457.0,5732.967741935484
ablation_no_fluid_state,2219,93,11,P11,93,1e-05,-0.007096671033650637,11558.0,11537.0,14.811819314956665,1.0825788974761963,15.894398212432861,11389.0,11642.90322580645
ablation_no_fluid_state,2220,93,12,P12,93,1e-05,0.001553235066239722,11958.0,12035.0,17.78117060661316,1.2040257453918457,18.985196352005005,11879.0,12283.47311827957
ablation_no_fluid_state,2221,93,13,P13,93,1e-05,0.002551740202761721,19785.0,19921.0,40.880656242370605,3.144606351852417,44.02526259422302,19402.0,20154.41935483871
ablation_no_fluid_state,2222,93,14,P14,93,1e-05,0.0010244397672067862,22093.0,22252.0,41.583988666534424,3.171811580657959,44.75580024719238,21894.0,22550.924731182797
ablation_no_fluid_state,2223,93,15,P15,93,1e-05,0.0014116285783529747,20583.0,20346.0,43.65746998786926,3.3817389011383057,47.03920888900757,19965.0,20554.967741935485
ablation_no_fluid_state,2224,93,16,P16,93,1e-05,4.682536618929589e-05,20699.0,20608.0,53.635032415390015,4.256770849227905,57.89180326461792,20419.0,21172.774193548386
ablation_no_fluid_state,2225,93,17,P17,93,1e-05,0.0007212542186607607,21083.0,21123.0,52.69092679023743,4.063871145248413,56.75479793548584,20821.0,21563.1935483871
ablation_no_fluid_state,2226,93,18,P18,93,1e-05,-0.00235879595275037,20255.0,20552.0,47.979665994644165,3.8836700916290283,51.86333608627319,20269.0,21066.935483870966
ablation_no_fluid_state,2227,93,19,P19,93,1e-05,0.0010279940044711112,24113.0,23982.0,50.639610052108765,4.31299090385437,54.952600955963135,23095.0,24049.58064516129
ablation_no_fluid_state,2228,93,20,P20,93,1e-05,0.0008089173585176468,22835.0,22723.0,55.01132369041443,4.416980743408203,59.42830443382263,22423.0,23145.913978494624
ablation_no_fluid_state,2229,93,21,P21,93,1e-05,-0.002199580590240657,24062.0,23885.0,57.23717284202576,4.638185977935791,61.87535881996155,23586.0,24488.62365591398
ablation_no_fluid_state,2230,93,22,P22,93,1e-05,0.0017589672963367776,23867.0,23591.0,58.08884572982788,4.764991283416748,62.85383701324463,23177.0,24035.086021505376
ablation_no_fluid_state,2231,93,23,P23,93,1e-05,0.004411863470782659,34297.0,34760.0,75.08437514305115,6.0232834815979,81.10765862464905,32329.0,35714.903225806454
ablation_no_fluid_state,2232,93,24,P24,93,1e-05,-0.004120808653533458,24250.0,24056.0,50.108484745025635,4.241448640823364,54.349933385849,23758.0,24602.41935483871
ablation_no_fluid_state,2233,94,1,P1,94,1e-05,-0.014238457777537405,6044.0,6044.0,12.476536989212036,0.8376667499542236,13.31420373916626,5940.0,6404.223404255319
ablation_no_fluid_state,2234,94,2,P2,94,1e-05,0.004357017984148115,8708.0,8551.0,15.09068250656128,1.0380725860595703,16.12875509262085,8118.0,8804.287234042553
ablation_no_fluid_state,2235,94,3,P3,94,1e-05,-0.0029524237907025963,6316.0,6248.0,11.171246767044067,0.7384982109069824,11.90974497795105,5875.0,6547.095744680851
ablation_no_fluid_state,2236,94,4,P4,94,1e-05,0.003796557430177927,3748.0,3714.0,8.333285093307495,0.57261061668396,8.905895709991455,3678.0,3890.4893617021276
ablation_no_fluid_state,2237,94,5,P5,94,1e-05,0.011014787014573812,4262.0,4272.0,9.329833745956421,0.652904748916626,9.982738494873047,4222.0,4361.404255319149
ablation_no_fluid_state,2238,94,6,P6,94,1e-05,0.008685838663950562,4070.0,4064.0,9.845581293106079,0.6359398365020752,10.481521129608154,3950.0,4099.893617021276
ablation_no_fluid_state,2239,94,7,P7,94,1e-05,-0.007090207131113857,5840.0,5870.0,14.778629302978516,1.0180377960205078,15.796667098999023,5750.0,6152.68085106383
ablation_no_fluid_state,2240,94,8,P8,94,1e-05,-0.005453234014566988,5627.0,5777.0,12.54578971862793,0.8181667327880859,13.363956451416016,5600.0,5938.414893617021
ablation_no_fluid_state,2241,94,9,P9,94,1e-05,0.00429551032721065,5491.0,5407.0,12.10960054397583,0.8007800579071045,12.910380601882935,5337.0,5651.574468085107
ablation_no_fluid_state,2242,94,10,P10,94,1e-05,0.0022912626736797392,5660.0,5580.0,7.612874746322632,0.5188839435577393,8.131758689880371,5457.0,5731.340425531915
ablation_no_fluid_state,2243,94,11,P11,94,1e-05,-0.008591462392359972,11373.0,11537.0,14.69315767288208,1.002821445465088,15.695979118347168,11389.0,11641.77659574468
ablation_no_fluid_state,2244,94,12,P12,94,1e-05,0.004376648634206504,12045.0,12077.0,17.792088270187378,1.2078442573547363,18.999932527542114,11879.0,12281.27659574468
ablation_no_fluid_state,2245,94,13,P13,94,1e-05,0.002071339877147693,19777.0,19644.0,42.159284830093384,3.253129005432129,45.41241383552551,19402.0,20148.989361702126
ablation_no_fluid_state,2246,94,14,P14,94,1e-05,-0.00031790872435522033,22009.0,22203.0,42.630499601364136,3.320862293243408,45.951361894607544,21894.0,22547.22340425532
ablation_no_fluid_state,2247,94,15,P15,94,1e-05,0.0012312141934671672,20392.0,20326.0,42.03142285346985,3.2338006496429443,45.26522350311279,19965.0,20552.531914893618
ablation_no_fluid_state,2248,94,16,P16,94,1e-05,0.0005021413006033981,20582.0,20478.0,51.196253299713135,4.25480580329895,55.451059103012085,20419.0,21165.382978723403
ablation_no_fluid_state,2249,94,17,P17,94,1e-05,0.0015272048971382902,20959.0,20995.0,53.27926421165466,4.271417140960693,57.550681352615356,20821.0,21557.14893617021
ablation_no_fluid_state,2250,94,18,P18,94,1e-05,-0.00136481978406664,20527.0,20374.0,49.023316621780396,3.899631977081299,52.922948598861694,20269.0,21059.563829787236
ablation_no_fluid_state,2251,94,19,P19,94,1e-05,0.00024441236237180417,23793.0,24123.0,51.25413131713867,4.132831573486328,55.386962890625,23095.0,24050.36170212766
ablation_no_fluid_state,2252,94,20,P20,94,1e-05,-0.000591393607101054,22459.0,22498.0,54.93593239784241,4.44858455657959,59.384516954422,22423.0,23139.021276595744
ablation_no_fluid_state,2253,94,21,P21,94,1e-05,-0.0011507776012877001,24220.0,23887.0,57.47027516365051,4.4732115268707275,61.94348669052124,23586.0,24482.22340425532
ablation_no_fluid_state,2254,94,22,P22,94,1e-05,0.0011822415355709382,23610.0,23611.0,55.79863381385803,4.5429465770721436,60.341580390930176,23177.0,24030.574468085106
ablation_no_fluid_state,2255,94,23,P23,94,1e-05,0.004219329101033509,34051.0,34656.0,74.80692195892334,6.30529522895813,81.11221718788147,32329.0,35703.63829787234
ablation_no_fluid_state,2256,94,24,P24,94,1e-05,-0.004911997611634434,24079.0,24182.0,51.634032249450684,4.242485761642456,55.87651801109314,23758.0,24597.94680851064
ablation_no_fluid_state,2257,95,1,P1,95,1e-05,-0.004825734969926998,6152.0,6044.0,11.993130445480347,0.8295032978057861,12.822633743286133,5940.0,6400.4315789473685
ablation_no_fluid_state,2258,95,2,P2,95,1e-05,0.002447153892717324,8551.0,8368.0,15.21800708770752,1.0417873859405518,16.25979447364807,8118.0,8799.694736842106
ablation_no_fluid_state,2259,95,3,P3,95,1e-05,0.012958300532773137,6517.0,6248.0,11.215920448303223,0.7349963188171387,11.950916767120361,5875.0,6543.9473684210525
ablation_no_fluid_state,2260,95,4,P4,95,1e-05,-0.002572417724877596,3713.0,3696.0,8.524559020996094,0.5966136455535889,9.121172666549683,3678.0,3888.442105263158
ablation_no_fluid_state,2261,95,5,P5,95,1e-05,0.009450813056901097,4327.0,4272.0,9.540077924728394,0.6334917545318604,10.173569679260254,4222.0,4360.4631578947365
ablation_no_fluid_state,2262,95,6,P6,95,1e-05,0.007648297119885683,4119.0,4080.0,9.97867751121521,0.656580924987793,10.635258436203003,3950.0,4099.684210526316
ablation_no_fluid_state,2263,95,7,P7,95,1e-05,-0.010825986159034073,5820.0,5810.0,14.629924297332764,0.9794354438781738,15.609359741210938,5750.0,6149.073684210526
ablation_no_fluid_state,2264,95,8,P8,95,1e-05,-0.005843302817083895,5657.0,5627.0,13.018405675888062,0.8657164573669434,13.884122133255005,5600.0,5935.136842105263
ablation_no_fluid_state,2265,95,9,P9,95,1e-05,0.007072557287756354,5524.0,5437.0,12.217362642288208,0.8425426483154297,13.059905290603638,5337.0,5649.315789473684
ablation_no_fluid_state,2266,95,10,P10,95,1e-05,-0.0036618797457776964,5680.0,5580.0,7.754016160964966,0.522719144821167,8.276735305786133,5457.0,5729.747368421053
ablation_no_fluid_state,2267,95,11,P11,95,1e-05,-0.012985989800654352,11434.0,11434.0,15.063403606414795,1.0419280529022217,16.105331659317017,11389.0,11639.589473684211
ablation_no_fluid_state,2268,95,12,P12,95,1e-05,-0.0024217691097874194,11971.0,12028.0,16.963419198989868,1.1566755771636963,18.120094776153564,11879.0,12278.61052631579
ablation_no_fluid_state,2269,95,13,P13,95,1e-05,0.003043897289899178,20030.0,19850.0,40.42142677307129,3.074007511138916,43.495434284210205,19402.0,20145.842105263157
ablation_no_fluid_state,2270,95,14,P14,95,1e-05,0.0014306645462056622,22045.0,22143.0,39.987926959991455,3.2101216316223145,43.19804859161377,21894.0,22542.968421052632
ablation_no_fluid_state,2271,95,15,P15,95,1e-05,-0.0005236914832948969,20409.0,20480.0,43.174964427948,3.4447062015533447,46.61967062950134,19965.0,20551.76842105263
ablation_no_fluid_state,2272,95,16,P16,95,1e-05,0.000997344528150279,20791.0,20539.0,52.9350950717926,4.112923622131348,57.04801869392395,20419.0,21158.78947368421
ablation_no_fluid_state,2273,95,17,P17,95,1e-05,0.0013761200243607163,21130.0,21015.0,53.18912982940674,4.2533392906188965,57.442469120025635,20821.0,21551.44210526316
ablation_no_fluid_state,2274,95,18,P18,95,1e-05,-0.0018344865355174988,20546.0,20398.0,49.68925642967224,3.8554282188415527,53.544684648513794,20269.0,21052.6
ablation_no_fluid_state,2275,95,19,P19,95,1e-05,-0.00024018798139877618,23851.0,23603.0,51.41271686553955,3.9672176837921143,55.379934549331665,23095.0,24045.65263157895
ablation_no_fluid_state,2276,95,20,P20,95,1e-05,0.0005291857851261739,22794.0,22593.0,53.10962677001953,4.260857343673706,57.37048411369324,22423.0,23133.273684210526
ablation_no_fluid_state,2277,95,21,P21,95,1e-05,-0.0018472679425030948,24062.0,24125.0,57.500476121902466,4.823858976364136,62.3243350982666,23586.0,24478.463157894737
ablation_no_fluid_state,2278,95,22,P22,95,1e-05,0.0007738303334917873,23429.0,23517.0,56.66649508476257,4.679710388183594,61.34620547294617,23177.0,24025.168421052633
ablation_no_fluid_state,2279,95,23,P23,95,1e-05,0.005676747482669141,35243.0,35360.0,73.76307344436646,6.0876688957214355,79.85074234008789,32329.0,35700.02105263158
ablation_no_fluid_state,2280,95,24,P24,95,1e-05,-0.004332577902823686,24415.0,23978.0,52.0233793258667,4.197218656539917,56.220597982406616,23758.0,24591.42105263158
ablation_no_fluid_state,2281,96,1,P1,96,1e-05,-0.009942184027750045,6044.0,6044.0,12.585491418838501,0.8504981994628906,13.435989618301392,5940.0,6396.71875
ablation_no_fluid_state,2282,96,2,P2,96,1e-05,-0.006782648793887347,8324.0,8498.0,15.92717456817627,1.0256285667419434,16.952803134918213,8118.0,8796.552083333334
ablation_no_fluid_state,2283,96,3,P3,96,1e-05,0.013972772227134556,6519.0,6316.0,10.789732933044434,0.7444207668304443,11.534153699874878,5875.0,6541.572916666667
ablation_no_fluid_state,2284,96,4,P4,96,1e-05,0.0033738967613317072,3713.0,3713.0,8.44774317741394,0.5659711360931396,9.01371431350708,3678.0,3886.6145833333335
ablation_no_fluid_state,2285,96,5,P5,96,1e-05,0.014227451756596565,4322.0,4222.0,9.228493690490723,0.6234261989593506,9.851919889450073,4222.0,4359.020833333333
ablation_no_fluid_state,2286,96,6,P6,96,1e-05,0.0057199347065761685,4034.0,4094.0,9.651809453964233,0.632638692855835,10.284448146820068,3950.0,4099.625
ablation_no_fluid_state,2287,96,7,P7,96,1e-05,-0.0006533022060466465,5900.0,5840.0,14.255614280700684,0.9418284893035889,15.197442770004272,5750.0,6145.854166666667
ablation_no_fluid_state,2288,96,8,P8,96,1e-05,-0.002421082965156529,5687.0,5687.0,12.26623010635376,0.8081905841827393,13.074420690536499,5600.0,5932.552083333333
ablation_no_fluid_state,2289,96,9,P9,96,1e-05,0.006143947888631374,5547.0,5477.0,11.483795642852783,0.7772119045257568,12.26100754737854,5337.0,5647.520833333333
ablation_no_fluid_state,2290,96,10,P10,96,1e-05,-0.01082708453759551,5626.0,5580.0,7.298692941665649,0.49921751022338867,7.797910451889038,5457.0,5728.1875
ablation_no_fluid_state,2291,96,11,P11,96,1e-05,-0.011560764163732529,11434.0,11434.0,14.938924312591553,0.9626636505126953,15.901587963104248,11389.0,11637.447916666666
ablation_no_fluid_state,2292,96,12,P12,96,1e-05,-0.0012080321648682002,12120.0,12128.0,17.482665300369263,1.1642801761627197,18.646945476531982,11879.0,12277.041666666666
ablation_no_fluid_state,2293,96,13,P13,96,1e-05,0.0004743129975395277,19658.0,19881.0,40.57607054710388,3.1886818408966064,43.76475238800049,19402.0,20143.083333333332
ablation_no_fluid_state,2294,96,14,P14,96,1e-05,0.002051880866929423,22053.0,22121.0,41.2200231552124,3.1707239151000977,44.3907470703125,21894.0,22538.572916666668
ablation_no_fluid_state,2295,96,15,P15,96,1e-05,0.00023276721185538918,20276.0,20429.0,42.75951933860779,3.2773003578186035,46.03681969642639,19965.0,20550.489583333332
ablation_no_fluid_state,2296,96,16,P16,96,1e-05,0.0007429781704558991,20759.0,20737.0,53.17532801628113,4.2162346839904785,57.391562700271606,20419.0,21154.395833333332
ablation_no_fluid_state,2297,96,17,P17,96,1e-05,0.0006926947626197943,21031.0,20838.0,53.680203676223755,4.044707298278809,57.72491097450256,20821.0,21544.010416666668
ablation_no_fluid_state,2298,96,18,P18,96,1e-05,-0.0012277067915420048,20460.0,20523.0,47.950459241867065,3.7366528511047363,51.6871120929718,20269.0,21047.083333333332
ablation_no_fluid_state,2299,96,19,P19,96,1e-05,-5.7190749794244765e-05,23907.0,23969.0,49.51348805427551,4.170906066894531,53.684394121170044,23095.0,24044.854166666668
ablation_no_fluid_state,2300,96,20,P20,96,1e-05,0.0004697628137364518,22778.0,22669.0,53.72370147705078,4.4007909297943115,58.12449240684509,22423.0,23128.4375
ablation_no_fluid_state,2301,96,21,P21,96,1e-05,-0.002063943160464987,24020.0,24068.0,56.55192565917969,4.552308559417725,61.10423421859741,23586.0,24474.1875
ablation_no_fluid_state,2302,96,22,P22,96,1e-05,0.0015971109096426517,23699.0,23529.0,57.430532693862915,4.712381601333618,62.14291429519653,23177.0,24020.0
ablation_no_fluid_state,2303,96,23,P23,96,1e-05,0.006642765764679227,35851.0,35210.0,74.72579097747803,5.978088855743408,80.70387983322144,32329.0,35694.916666666664
ablation_no_fluid_state,2304,96,24,P24,96,1e-05,-0.006690448033623397,24105.0,23957.0,50.087584495544434,4.059514760971069,54.1470992565155,23758.0,24584.8125
ablation_no_fluid_state,2305,97,1,P1,97,1e-05,-0.014675791026093066,6044.0,6044.0,11.550212383270264,0.7935991287231445,12.343811511993408,5940.0,6393.082474226804
ablation_no_fluid_state,2306,97,2,P2,97,1e-05,0.0013947499683126807,8494.0,8551.0,15.010499000549316,0.9825708866119385,15.993069887161255,8118.0,8794.0206185567
ablation_no_fluid_state,2307,97,3,P3,97,1e-05,0.020507366163656116,6530.0,6316.0,11.044764041900635,0.7121181488037109,11.756882190704346,5875.0,6539.2474226804125
ablation_no_fluid_state,2308,97,4,P4,97,1e-05,-0.0022659196984022856,3713.0,3658.0,8.599265336990356,0.5630955696105957,9.162360906600952,3658.0,3884.257731958763
ablation_no_fluid_state,2309,97,5,P5,97,1e-05,0.00724056304898113,4262.0,4312.0,9.768997430801392,0.62367844581604,10.392675876617432,4222.0,4358.5360824742265
ablation_no_fluid_state,2310,97,6,P6,97,1e-05,0.0015283352695405483,4037.0,4064.0,9.98216438293457,0.7184185981750488,10.70058298110962,3950.0,4099.257731958763
ablation_no_fluid_state,2311,97,7,P7,97,1e-05,-0.007642685901373625,5810.0,5810.0,14.262751817703247,0.9361627101898193,15.198914527893066,5750.0,6142.3917525773195
ablation_no_fluid_state,2312,97,8,P8,97,1e-05,0.0002551065849729639,5717.0,5657.0,12.419347763061523,0.8257455825805664,13.24509334564209,5600.0,5929.711340206186
ablation_no_fluid_state,2313,97,9,P9,97,1e-05,0.002859795407857746,5437.0,5377.0,11.87649154663086,0.7799632549285889,12.656454801559448,5337.0,5644.731958762886
ablation_no_fluid_state,2314,97,10,P10,97,1e-05,-0.012384124798700213,5637.0,5672.0,7.471139430999756,0.5096874237060547,7.9808268547058105,5457.0,5727.6082474226805
ablation_no_fluid_state,2315,97,11,P11,97,1e-05,-0.008874382183421403,11497.0,11434.0,14.377637147903442,0.9951982498168945,15.372835397720337,11389.0,11635.350515463917
ablation_no_fluid_state,2316,97,12,P12,97,1e-05,0.0014048434240976349,12028.0,11928.0,17.46960163116455,1.1960582733154297,18.66565990447998,11879.0,12273.443298969072
ablation_no_fluid_state,2317,97,13,P13,97,1e-05,0.0021169923929846846,19883.0,20171.0,41.1407265663147,3.1500988006591797,44.29082536697388,19402.0,20143.371134020617
ablation_no_fluid_state,2318,97,14,P14,97,1e-05,0.00042043889152409974,22209.0,22221.0,41.958568811416626,3.211627960205078,45.170196771621704,21894.0,22535.298969072166
ablation_no_fluid_state,2319,97,15,P15,97,1e-05,-0.0010094187819049694,20210.0,20379.0,44.078062534332275,3.199000597000122,47.2770631313324,19965.0,20548.721649484534
ablation_no_fluid_state,2320,97,16,P16,97,1e-05,0.0025353747536428274,20811.0,20479.0,51.15300178527832,4.02888035774231,55.18188214302063,20419.0,21147.432989690722
ablation_no_fluid_state,2321,97,17,P17,97,1e-05,0.002575456746853888,21253.0,20967.0,51.50672268867493,4.26202392578125,55.76874661445618,20821.0,21538.061855670105
ablation_no_fluid_state,2322,97,18,P18,97,1e-05,-0.0027452471957076343,20410.0,20695.0,49.906312465667725,3.8788604736328125,53.78517293930054,20269.0,21043.453608247422
ablation_no_fluid_state,2323,97,19,P19,97,1e-05,0.00012469348512240687,24312.0,23969.0,49.98448181152344,3.995873212814331,53.98035502433777,23095.0,24044.072164948455
ablation_no_fluid_state,2324,97,20,P20,97,1e-05,0.0009028459837281844,22962.0,22603.0,53.70184803009033,4.309736490249634,58.011584520339966,22423.0,23123.0206185567
ablation_no_fluid_state,2325,97,21,P21,97,1e-05,-0.0024506125308107586,24177.0,24139.0,58.24745202064514,4.767988443374634,63.015440464019775,23586.0,24470.731958762888
ablation_no_fluid_state,2326,97,22,P22,97,1e-05,0.0007667695768759586,23632.0,23612.0,56.31556820869446,4.540182828903198,60.855751037597656,23177.0,24015.79381443299
ablation_no_fluid_state,2327,97,23,P23,97,1e-05,0.006980449559965304,35360.0,35210.0,73.17005705833435,6.432760715484619,79.60281777381897,32329.0,35689.9175257732
ablation_no_fluid_state,2328,97,24,P24,97,1e-05,-0.00592446697410196,24141.0,23943.0,51.85940361022949,4.2262797355651855,56.08568334579468,23758.0,24578.19587628866
ablation_no_fluid_state,2329,98,1,P1,98,1e-05,-0.01579928759019822,6012.0,6044.0,11.917246103286743,0.8097457885742188,12.726991891860962,5940.0,6389.5204081632655
ablation_no_fluid_state,2330,98,2,P2,98,1e-05,-0.006630864460021257,8346.0,8551.0,15.34672498703003,1.045964002609253,16.392688989639282,8118.0,8791.540816326531
ablation_no_fluid_state,2331,98,3,P3,98,1e-05,0.004723630554508418,6462.0,6316.0,10.954420566558838,0.7353482246398926,11.68976879119873,5875.0,6536.969387755102
ablation_no_fluid_state,2332,98,4,P4,98,1e-05,0.00230493547860533,3686.0,3658.0,8.505446910858154,0.5800609588623047,9.085507869720459,3658.0,3881.9489795918366
ablation_no_fluid_state,2333,98,5,P5,98,1e-05,0.022084354422986507,4312.0,4312.0,9.563553810119629,0.6337060928344727,10.197259902954102,4222.0,4358.061224489796
ablation_no_fluid_state,2334,98,6,P6,98,1e-05,0.006276785512454808,4008.0,4064.0,9.955100059509277,0.6748855113983154,10.629985570907593,3950.0,4098.897959183673
ablation_no_fluid_state,2335,98,7,P7,98,1e-05,0.0001104607326851692,5810.0,5810.0,14.58253002166748,0.9840738773345947,15.566603899002075,5750.0,6139.0
ablation_no_fluid_state,2336,98,8,P8,98,1e-05,-0.0029008283745497465,5617.0,5687.0,13.103434085845947,0.8434057235717773,13.946839809417725,5600.0,5927.234693877551
ablation_no_fluid_state,2337,98,9,P9,98,1e-05,0.008964308944996446,5560.0,5417.0,12.203463077545166,0.8234279155731201,13.026890993118286,5337.0,5642.408163265306
ablation_no_fluid_state,2338,98,10,P10,98,1e-05,-0.010395007906481624,5580.0,5580.0,7.787451267242432,0.5197153091430664,8.307166576385498,5457.0,5726.102040816327
ablation_no_fluid_state,2339,98,11,P11,98,1e-05,-0.005164848669664934,11558.0,11434.0,14.984481573104858,1.0556018352508545,16.040083408355713,11389.0,11633.295918367347
ablation_no_fluid_state,2340,98,12,P12,98,1e-05,0.0015984120800567325,12045.0,12128.0,18.195908069610596,1.240135908126831,19.436043977737427,11879.0,12271.959183673469
ablation_no_fluid_state,2341,98,13,P13,98,1e-05,0.0014737349411007017,19683.0,19918.0,41.30839681625366,3.0741636753082275,44.38256049156189,19402.0,20141.071428571428
ablation_no_fluid_state,2342,98,14,P14,98,1e-05,0.0007758235194614826,22150.0,22247.0,40.72487473487854,3.081026554107666,43.805901288986206,21894.0,22532.35714285714
ablation_no_fluid_state,2343,98,15,P15,98,1e-05,-0.00020865250394308532,20352.0,20521.0,42.25284457206726,3.3418729305267334,45.594717502593994,19965.0,20548.438775510203
ablation_no_fluid_state,2344,98,16,P16,98,1e-05,0.001024405901262071,20636.0,20580.0,52.455272912979126,4.141425848007202,56.59669876098633,20419.0,21141.64285714286
ablation_no_fluid_state,2345,98,17,P17,98,1e-05,0.002009734811144881,21547.0,21179.0,52.672513246536255,4.140495777130127,56.81300902366638,20821.0,21534.397959183672
ablation_no_fluid_state,2346,98,18,P18,98,1e-05,-0.0015058384160511196,20462.0,20376.0,49.22015643119812,3.888885736465454,53.109042167663574,20269.0,21036.64285714286
ablation_no_fluid_state,2347,98,19,P19,98,1e-05,0.0003559822347597219,23957.0,23722.0,51.730435371398926,4.279189109802246,56.00962448120117,23095.0,24040.785714285714
ablation_no_fluid_state,2348,98,20,P20,98,1e-05,-0.000697995526570594,22728.0,22595.0,53.97904562950134,4.256914138793945,58.23595976829529,22423.0,23117.632653061224
ablation_no_fluid_state,2349,98,21,P21,98,1e-05,-0.002070008829468861,23970.0,24144.0,56.76342988014221,4.835947036743164,61.599376916885376,23586.0,24467.397959183672
ablation_no_fluid_state,2350,98,22,P22,98,1e-05,0.0018857554940041154,23906.0,23522.0,57.231858253479004,4.658592939376831,61.890451192855835,23177.0,24010.755102040817
ablation_no_fluid_state,2351,98,23,P23,98,1e-05,0.0055702555858130965,35406.0,35060.0,75.43644165992737,6.126683473587036,81.5631251335144,32329.0,35683.489795918365
ablation_no_fluid_state,2352,98,24,P24,98,1e-05,-0.005802024924196303,24266.0,24210.0,52.78335094451904,4.3140647411346436,57.09741568565369,23758.0,24574.438775510203
ablation_no_fluid_state,2353,99,1,P1,99,1e-05,-0.008883178350515664,6184.0,6044.0,12.447426557540894,0.7994325160980225,13.246859073638916,5940.0,6386.030303030303
ablation_no_fluid_state,2354,99,2,P2,99,1e-05,-0.0021900438296142966,8538.0,8551.0,15.378260374069214,1.0602200031280518,16.438480377197266,8118.0,8789.111111111111
ablation_no_fluid_state,2355,99,3,P3,99,1e-05,0.009743573144078255,6731.0,6316.0,11.11774492263794,0.7882165908813477,11.905961513519287,5875.0,6534.737373737374
ablation_no_fluid_state,2356,99,4,P4,99,1e-05,-0.006682708160951734,3668.0,3678.0,8.850961685180664,0.5950863361358643,9.446048021316528,3658.0,3879.8888888888887
ablation_no_fluid_state,2357,99,5,P5,99,1e-05,0.012045455630868673,4332.0,4312.0,9.943254947662354,0.6588304042816162,10.60208535194397,4222.0,4357.595959595959
ablation_no_fluid_state,2358,99,6,P6,99,1e-05,0.007088330341503024,4084.0,4034.0,9.650837659835815,0.6563558578491211,10.307193517684937,3950.0,4098.242424242424
ablation_no_fluid_state,2359,99,7,P7,99,1e-05,-0.009173831553198397,5832.0,5810.0,14.233259677886963,0.922736644744873,15.155996322631836,5750.0,6135.676767676768
ablation_no_fluid_state,2360,99,8,P8,99,1e-05,-0.0001337627418251941,5767.0,5777.0,12.556231260299683,0.880821704864502,13.437052965164185,5600.0,5925.717171717171
ablation_no_fluid_state,2361,99,9,P9,99,1e-05,0.008087625028565526,5533.0,5407.0,11.888840436935425,0.7961795330047607,12.685019969940186,5337.0,5640.030303030303
ablation_no_fluid_state,2362,99,10,P10,99,1e-05,-0.008739675395190716,5580.0,5658.0,7.763095140457153,0.5212700366973877,8.284365177154541,5457.0,5725.414141414141
ablation_no_fluid_state,2363,99,11,P11,99,1e-05,-0.01224686554633081,11405.0,11434.0,14.19434642791748,0.9660224914550781,15.160368919372559,11389.0,11631.282828282829
ablation_no_fluid_state,2364,99,12,P12,99,1e-05,0.002319184015505016,11990.0,11945.0,17.079951524734497,1.3089640140533447,18.388915538787842,11879.0,12268.656565656565
ablation_no_fluid_state,2365,99,13,P13,99,1e-05,0.002797699642542284,20066.0,19893.0,40.90591025352478,3.252578020095825,44.158488273620605,19402.0,20138.565656565657
ablation_no_fluid_state,2366,99,14,P14,99,1e-05,0.0006082652707846137,22175.0,22201.0,40.96541357040405,3.1911447048187256,44.15655827522278,21894.0,22529.010101010103
ablation_no_fluid_state,2367,99,15,P15,99,1e-05,0.00044901215960635454,20510.0,20434.0,43.016215324401855,3.377296209335327,46.39351153373718,19965.0,20547.282828282827
ablation_no_fluid_state,2368,99,16,P16,99,1e-05,0.0023498902039136736,20971.0,20705.0,53.11904430389404,4.145230054855347,57.26427435874939,20419.0,21137.23232323232
ablation_no_fluid_state,2369,99,17,P17,99,1e-05,0.0005398329372837907,21358.0,20870.0,54.21778678894043,4.292922496795654,58.510709285736084,20821.0,21527.68686868687
ablation_no_fluid_state,2370,99,18,P18,99,1e-05,-0.0022255358519032596,20430.0,20532.0,49.267181158065796,3.772916078567505,53.0400972366333,20269.0,21031.545454545456
ablation_no_fluid_state,2371,99,19,P19,99,1e-05,0.0013805944327032194,24117.0,23830.0,50.11026954650879,4.0949318408966064,54.205201387405396,23095.0,24038.656565656565
ablation_no_fluid_state,2372,99,20,P20,99,1e-05,-0.0007247577248563175,22813.0,22680.0,54.893664836883545,4.58372163772583,59.477386474609375,22423.0,23113.21212121212
ablation_no_fluid_state,2373,99,21,P21,99,1e-05,-0.001003489507274935,24413.0,24233.0,57.14446759223938,4.703705787658691,61.84817337989807,23586.0,24465.030303030304
ablation_no_fluid_state,2374,99,22,P22,99,1e-05,0.00025588548196537887,23725.0,23604.0,57.64401125907898,4.781148433685303,62.42515969276428,23177.0,24006.646464646463
ablation_no_fluid_state,2375,99,23,P23,99,1e-05,0.006211546349472233,35243.0,35510.0,75.84196710586548,6.191736221313477,82.03370332717896,32329.0,35681.73737373737
ablation_no_fluid_state,2376,99,24,P24,99,1e-05,-0.005300526041537523,24143.0,24396.0,50.08955240249634,4.085217714309692,54.17477011680603,23758.0,24572.636363636364
ablation_no_fluid_state,2377,100,1,P1,100,1e-05,-0.015382774290628731,6044.0,6044.0,11.729786396026611,0.7943496704101562,12.524136066436768,5940.0,6382.61
ablation_no_fluid_state,2378,100,2,P2,100,1e-05,0.003373775543877855,8724.0,8752.0,14.54531216621399,0.9881172180175781,15.533429384231567,8118.0,8788.74
ablation_no_fluid_state,2379,100,3,P3,100,1e-05,0.015256220591254532,6654.0,6313.0,10.576764345169067,0.7197606563568115,11.296525001525879,5875.0,6532.52
ablation_no_fluid_state,2380,100,4,P4,100,1e-05,-0.0040500767063349485,3689.0,3678.0,8.41594123840332,0.5926761627197266,9.008617401123047,3658.0,3877.87
ablation_no_fluid_state,2381,100,5,P5,100,1e-05,0.004508404876105487,4262.0,4312.0,9.14328408241272,0.6089410781860352,9.752225160598755,4222.0,4357.14
ablation_no_fluid_state,2382,100,6,P6,100,1e-05,-0.0023415054893121123,4008.0,4004.0,9.592549324035645,0.6599063873291016,10.252455711364746,3950.0,4097.3
ablation_no_fluid_state,2383,100,7,P7,100,1e-05,-0.00621997524285689,5850.0,5800.0,14.87544322013855,0.9380650520324707,15.81350827217102,5750.0,6132.32
ablation_no_fluid_state,2384,100,8,P8,100,1e-05,0.009090043022297323,5897.0,5851.0,12.53183627128601,0.8992338180541992,13.43107008934021,5600.0,5924.97
ablation_no_fluid_state,2385,100,9,P9,100,1e-05,0.006633587006945163,5606.0,5663.0,11.858829021453857,0.844184398651123,12.70301342010498,5337.0,5640.26
ablation_no_fluid_state,2386,100,10,P10,100,1e-05,-0.002593151177279651,5680.0,5580.0,7.526884317398071,0.532008171081543,8.058892488479614,5457.0,5723.96
ablation_no_fluid_state,2387,100,11,P11,100,1e-05,-0.007403132796753198,11531.0,11514.0,14.420247316360474,0.9869134426116943,15.407160758972168,11389.0,11630.11
ablation_no_fluid_state,2388,100,12,P12,100,1e-05,-0.0031031040125526488,12040.0,11890.0,17.461329460144043,1.1827685832977295,18.644098043441772,11879.0,12264.87
ablation_no_fluid_state,2389,100,13,P13,100,1e-05,-0.001966696472663898,19748.0,19960.0,40.3718900680542,3.1187613010406494,43.49065136909485,19402.0,20136.78
ablation_no_fluid_state,2390,100,14,P14,100,1e-05,0.0009441453184990678,22318.0,22372.0,41.81419014930725,3.250293016433716,45.06448316574097,21894.0,22527.44
ablation_no_fluid_state,2391,100,15,P15,100,1e-05,-0.002445576072204858,20234.0,20353.0,43.901004791259766,3.422229290008545,47.32323408126831,19965.0,20545.34
ablation_no_fluid_state,2392,100,16,P16,100,1e-05,0.002165539446286857,20602.0,20766.0,51.8352575302124,3.977278470993042,55.812536001205444,20419.0,21133.52
ablation_no_fluid_state,2393,100,17,P17,100,1e-05,0.0010422538049169815,21399.0,21454.0,51.62817335128784,4.164703607559204,55.792876958847046,20821.0,21526.95
ablation_no_fluid_state,2394,100,18,P18,100,1e-05,-0.000629814659623662,20472.0,20697.0,49.56498885154724,4.055491924285889,53.62048077583313,20269.0,21028.2
ablation_no_fluid_state,2395,100,19,P19,100,1e-05,0.0010257449321215972,24115.0,24066.0,50.665366888046265,4.160275459289551,54.825642347335815,23095.0,24038.93
ablation_no_fluid_state,2396,100,20,P20,100,1e-05,-0.0011036279807740356,22746.0,22716.0,54.34919810295105,4.346202850341797,58.69540095329285,22423.0,23109.24
ablation_no_fluid_state,2397,100,21,P21,100,1e-05,-0.0012367734569124877,24242.0,24222.0,57.852948904037476,4.6261327266693115,62.47908163070679,23586.0,24462.6
ablation_no_fluid_state,2398,100,22,P22,100,1e-05,0.0015369182336144149,23713.0,23567.0,57.44434070587158,4.506866693496704,61.951207399368286,23177.0,24002.25
ablation_no_fluid_state,2399,100,23,P23,100,1e-05,0.005955863444666777,35693.0,35360.0,72.76105856895447,6.280287027359009,79.04134559631348,32329.0,35678.52
ablation_no_fluid_state,2400,100,24,P24,100,1e-05,-0.0050880434806458655,24411.0,24226.0,51.32740926742554,4.158108711242676,55.48551797866821,23758.0,24569.17
