variant_name,epoch,round_id,round_pos,instance_id,instance_occurrence,lr,train_loss,train_rollout_cmax,current_objective,train_time_sec,eval_time_sec,cycle_time_sec,running_cb,running_ca
ablation_no_zero_mask,1,1,1,P1,1,0.0001,-0.09580070246011019,6665.0,7077.0,15.178588151931763,2.1599674224853516,17.338555574417114,7077.0,7077.0
ablation_no_zero_mask,2,1,2,P2,1,9.995833333333334e-05,0.04553184099495411,9165.0,9825.0,42.152013540267944,2.6619350910186768,44.81394863128662,9825.0,9825.0
ablation_no_zero_mask,3,1,3,P3,1,9.991666666666666e-05,0.01846445197588764,6528.0,6055.0,29.923832178115845,1.9213924407958984,31.845224618911743,6055.0,6055.0
ablation_no_zero_mask,4,1,4,P4,1,9.9875e-05,-0.04270559083670378,4204.0,4722.0,23.59807825088501,1.469738483428955,25.067816734313965,4722.0,4722.0
ablation_no_zero_mask,5,1,5,P5,1,9.983333333333334e-05,0.0072001771768555045,4931.0,5294.0,25.493396282196045,1.6011466979980469,27.094542980194092,5294.0,5294.0
ablation_no_zero_mask,6,1,6,P6,1,9.979166666666668e-05,0.023780545219779015,4818.0,5095.0,26.501500844955444,1.672966480255127,28.17446732521057,5095.0,5095.0
ablation_no_zero_mask,7,1,7,P7,1,9.975000000000001e-05,0.0290314182639122,6650.0,6590.0,40.32872247695923,2.50761079788208,42.83633327484131,6590.0,6590.0
ablation_no_zero_mask,8,1,8,P8,1,9.970833333333334e-05,-0.022938596550375223,6610.0,6360.0,14.83610987663269,0.8744447231292725,15.710554599761963,6360.0,6360.0
ablation_no_zero_mask,9,1,9,P9,1,9.966666666666667e-05,0.007054672751110047,6020.0,6010.0,13.05721926689148,0.8446865081787109,13.90190577507019,6010.0,6010.0
ablation_no_zero_mask,10,1,10,P10,1,9.9625e-05,0.013171087251976132,6884.0,6424.0,7.929638147354126,0.5301878452301025,8.459825992584229,6424.0,6424.0
ablation_no_zero_mask,11,1,11,P11,1,9.958333333333335e-05,-0.0323891534935683,13054.0,12352.0,15.159433126449585,1.0403075218200684,16.199740648269653,12352.0,12352.0
ablation_no_zero_mask,12,1,12,P12,1,9.954166666666667e-05,0.016295315814204514,13787.0,14238.0,18.254066705703735,1.1935522556304932,19.44761896133423,14238.0,14238.0
ablation_no_zero_mask,13,1,13,P13,1,9.95e-05,0.03445477795321494,25018.0,26499.0,45.99367928504944,3.3516416549682617,49.3453209400177,26499.0,26499.0
ablation_no_zero_mask,14,1,14,P14,1,9.945833333333334e-05,-0.01587956602452323,27785.0,29634.0,46.08925437927246,3.2994332313537598,49.38868761062622,29634.0,29634.0
ablation_no_zero_mask,15,1,15,P15,1,9.941666666666667e-05,0.029102331725880504,25976.0,25357.0,48.05315399169922,3.461848735809326,51.515002727508545,25357.0,25357.0
ablation_no_zero_mask,16,1,16,P16,1,9.9375e-05,-0.0009477686340687797,24849.0,25770.0,60.03366279602051,4.33247447013855,64.36613726615906,25770.0,25770.0
ablation_no_zero_mask,17,1,17,P17,1,9.933333333333334e-05,-0.0019700044169439932,24703.0,26053.0,60.53710889816284,4.27466607093811,64.81177496910095,26053.0,26053.0
ablation_no_zero_mask,18,1,18,P18,1,9.929166666666668e-05,-0.013023024750873446,24941.0,26504.0,55.34665536880493,4.022902250289917,59.36955761909485,26504.0,26504.0
ablation_no_zero_mask,19,1,19,P19,1,9.925000000000001e-05,-0.05120176058262586,27462.0,27961.0,55.09667682647705,4.208339214324951,59.305016040802,27961.0,27961.0
ablation_no_zero_mask,20,1,20,P20,1,9.920833333333334e-05,-0.01875896523706615,26386.0,29045.0,61.55753421783447,4.5366456508636475,66.09417986869812,29045.0,29045.0
ablation_no_zero_mask,21,1,21,P21,1,9.916666666666667e-05,0.007279601972550153,29335.0,29973.0,63.74872970581055,4.750452995300293,68.49918270111084,29973.0,29973.0
ablation_no_zero_mask,22,1,22,P22,1,9.9125e-05,0.0030644789949292317,27124.0,29104.0,64.84125399589539,4.894119024276733,69.73537302017212,29104.0,29104.0
ablation_no_zero_mask,23,1,23,P23,1,9.908333333333333e-05,0.012391808708863599,37721.0,39543.0,87.83678030967712,6.401697158813477,94.2384774684906,39543.0,39543.0
ablation_no_zero_mask,24,1,24,P24,1,9.904166666666667e-05,-0.015312826028093696,28124.0,29038.0,55.70769429206848,4.341801881790161,60.04949617385864,29038.0,29038.0
ablation_no_zero_mask,25,2,1,P1,2,9.900000000000001e-05,-0.07394018489867449,6649.0,7359.0,12.956993818283081,0.8175654411315918,13.774559259414673,7077.0,7218.0
ablation_no_zero_mask,26,2,2,P2,2,9.895833333333334e-05,0.04407458519563079,9095.0,9371.0,16.088077306747437,1.0609047412872314,17.148982048034668,9371.0,9598.0
ablation_no_zero_mask,27,2,3,P3,2,9.891666666666667e-05,-0.03173637390136719,6718.0,6460.0,11.613846778869629,0.7612526416778564,12.375099420547485,6055.0,6257.5
ablation_no_zero_mask,28,2,4,P4,2,9.8875e-05,0.0009760490793269128,4429.0,4400.0,8.916369915008545,0.6125142574310303,9.528884172439575,4400.0,4561.0
ablation_no_zero_mask,29,2,5,P5,2,9.883333333333333e-05,-0.0032852079602889717,4946.0,5001.0,9.831809043884277,0.6476354598999023,10.47944450378418,5001.0,5147.5
ablation_no_zero_mask,30,2,6,P6,2,9.879166666666666e-05,0.03952961228787899,4918.0,5168.0,10.160708665847778,0.695014476776123,10.855723142623901,5095.0,5131.5
ablation_no_zero_mask,31,2,7,P7,2,9.875000000000002e-05,0.01057099737226963,6775.0,6870.0,15.222182035446167,0.9995944499969482,16.221776485443115,6590.0,6730.0
ablation_no_zero_mask,32,2,8,P8,2,9.870833333333334e-05,-0.01274791790638119,6425.0,6660.0,13.780493021011353,0.8717029094696045,14.652195930480957,6360.0,6510.0
ablation_no_zero_mask,33,2,9,P9,2,9.866666666666668e-05,0.027840290684252977,6350.0,6327.0,13.049964666366577,0.8244302272796631,13.87439489364624,6010.0,6168.5
ablation_no_zero_mask,34,2,10,P10,2,9.8625e-05,-0.0034049945534206927,6835.0,7059.0,7.769906759262085,0.529430627822876,8.299337387084961,6424.0,6741.5
ablation_no_zero_mask,35,2,11,P11,2,9.858333333333334e-05,-0.014746028115041554,12964.0,13472.0,15.131358623504639,1.0478992462158203,16.17925786972046,12352.0,12912.0
ablation_no_zero_mask,36,2,12,P12,2,9.854166666666667e-05,0.009048186184372753,13496.0,16246.0,17.97898244857788,1.239302396774292,19.218284845352173,14238.0,15242.0
ablation_no_zero_mask,37,2,13,P13,2,9.850000000000001e-05,0.04585476964712143,25215.0,27975.0,46.22679901123047,3.293431520462036,49.520230531692505,26499.0,27237.0
ablation_no_zero_mask,38,2,14,P14,2,9.845833333333335e-05,-0.019111283007077873,27687.0,29227.0,46.10679817199707,3.465421438217163,49.57221961021423,29227.0,29430.5
ablation_no_zero_mask,39,2,15,P15,2,9.841666666666667e-05,0.01645680668298155,25699.0,27149.0,48.91238451004028,3.4375979900360107,52.349982500076294,25357.0,26253.0
ablation_no_zero_mask,40,2,16,P16,2,9.8375e-05,-0.011887038312852382,24924.0,25089.0,58.732414960861206,4.499536514282227,63.23195147514343,25089.0,25429.5
ablation_no_zero_mask,41,2,17,P17,2,9.833333333333333e-05,0.0079485681373626,25085.0,26875.0,59.9502534866333,4.304582595825195,64.2548360824585,26053.0,26464.0
ablation_no_zero_mask,42,2,18,P18,2,9.829166666666667e-05,-0.013772180723026394,24392.0,25648.0,54.824119329452515,4.012360095977783,58.8364794254303,25648.0,26076.0
ablation_no_zero_mask,43,2,19,P19,2,9.825e-05,-0.018226779205724596,27008.0,29106.0,56.27163743972778,4.380675554275513,60.652312994003296,27961.0,28533.5
ablation_no_zero_mask,44,2,20,P20,2,9.820833333333334e-05,0.00585079132579267,26425.0,29179.0,61.0035674571991,4.722116947174072,65.72568440437317,29045.0,29112.0
ablation_no_zero_mask,45,2,21,P21,2,9.816666666666668e-05,0.009898718167096376,28515.0,28641.0,64.13811588287354,4.789095163345337,68.92721104621887,28641.0,29307.0
ablation_no_zero_mask,46,2,22,P22,2,9.8125e-05,0.0038377592398319395,27252.0,28580.0,64.0271635055542,4.781213760375977,68.80837726593018,28580.0,28842.0
ablation_no_zero_mask,47,2,23,P23,2,9.808333333333334e-05,0.009424758858845703,38017.0,38549.0,86.37318873405457,6.391520977020264,92.76470971107483,38549.0,39046.0
ablation_no_zero_mask,48,2,24,P24,2,9.804166666666667e-05,-0.019685268169268966,28013.0,29011.0,56.07394814491272,4.270729303359985,60.344677448272705,29011.0,29024.5
ablation_no_zero_mask,49,3,1,P1,3,9.8e-05,-0.05508937523700297,6609.0,7205.0,12.843422412872314,0.8450019359588623,13.688424348831177,7077.0,7213.666666666667
ablation_no_zero_mask,50,3,2,P2,3,9.795833333333335e-05,0.04161525284871459,9385.0,9750.0,16.16915225982666,1.0706048011779785,17.23975706100464,9371.0,9648.666666666666
ablation_no_zero_mask,51,3,3,P3,3,9.791666666666667e-05,-0.034817242063581944,6688.0,6705.0,11.544761180877686,0.8056182861328125,12.350379467010498,6055.0,6406.666666666667
ablation_no_zero_mask,52,3,4,P4,3,9.787500000000001e-05,0.018362013157457113,4286.0,4426.0,9.290284156799316,0.6071605682373047,9.897444725036621,4400.0,4516.0
ablation_no_zero_mask,53,3,5,P5,3,9.783333333333333e-05,-0.012547194957733154,4932.0,4823.0,10.069261312484741,0.6590418815612793,10.72830319404602,4823.0,5039.333333333333
ablation_no_zero_mask,54,3,6,P6,3,9.779166666666667e-05,0.020203975960612297,4784.0,4940.0,10.277848958969116,0.6780250072479248,10.955873966217041,4940.0,5067.666666666667
ablation_no_zero_mask,55,3,7,P7,3,9.775e-05,0.02028185233939439,6635.0,7080.0,15.666281461715698,0.9681036472320557,16.634385108947754,6590.0,6846.666666666667
ablation_no_zero_mask,56,3,8,P8,3,9.770833333333334e-05,-0.019648445188067853,6620.0,6480.0,13.580636501312256,0.869060754776001,14.449697256088257,6360.0,6500.0
ablation_no_zero_mask,57,3,9,P9,3,9.766666666666668e-05,0.012556354922708124,6140.0,6055.0,12.869523048400879,0.8125424385070801,13.682065486907959,6010.0,6130.666666666667
ablation_no_zero_mask,58,3,10,P10,3,9.7625e-05,0.011558564379811287,6933.0,6957.0,7.743463039398193,0.5267477035522461,8.27021074295044,6424.0,6813.333333333333
ablation_no_zero_mask,59,3,11,P11,3,9.758333333333334e-05,-0.038066009525209665,12854.0,12668.0,14.998048067092896,1.0249884128570557,16.02303647994995,12352.0,12830.666666666666
ablation_no_zero_mask,60,3,12,P12,3,9.754166666666667e-05,-0.00853395089507103,13423.0,14496.0,17.94486427307129,1.309969186782837,19.254833459854126,14238.0,14993.333333333334
ablation_no_zero_mask,61,3,13,P13,3,9.75e-05,0.07529587391763926,24904.0,26253.0,46.14014983177185,3.3281915187835693,49.46834135055542,26253.0,26909.0
ablation_no_zero_mask,62,3,14,P14,3,9.745833333333334e-05,-0.022884660633280873,27597.0,27527.0,46.45341753959656,3.321099281311035,49.77451682090759,27527.0,28796.0
ablation_no_zero_mask,63,3,15,P15,3,9.741666666666667e-05,0.009138853987678885,25073.0,26074.0,48.92829346656799,3.4555952548980713,52.383888721466064,25357.0,26193.333333333332
ablation_no_zero_mask,64,3,16,P16,3,9.737500000000001e-05,-0.0008763129808357917,24968.0,24622.0,60.422616481781006,4.356873989105225,64.77949047088623,24622.0,25160.333333333332
ablation_no_zero_mask,65,3,17,P17,3,9.733333333333335e-05,0.002472171123372391,25031.0,25444.0,61.38166260719299,4.445347785949707,65.8270103931427,25444.0,26124.0
ablation_no_zero_mask,66,3,18,P18,3,9.729166666666667e-05,-0.008141827746294438,24196.0,25904.0,54.95658898353577,4.003001928329468,58.959590911865234,25648.0,26018.666666666668
ablation_no_zero_mask,67,3,19,P19,3,9.725e-05,-0.009766337741166354,27299.0,28043.0,55.4759464263916,4.380315780639648,59.85626220703125,27961.0,28370.0
ablation_no_zero_mask,68,3,20,P20,3,9.720833333333333e-05,0.0037100731977261605,26147.0,26859.0,60.684229135513306,4.57495379447937,65.25918292999268,26859.0,28361.0
ablation_no_zero_mask,69,3,21,P21,3,9.716666666666667e-05,0.008853670279495417,28112.0,28633.0,64.3587019443512,4.906989574432373,69.26569151878357,28633.0,29082.333333333332
ablation_no_zero_mask,70,3,22,P22,3,9.7125e-05,-0.00015199933550320567,26828.0,27393.0,64.87486553192139,4.96725606918335,69.84212160110474,27393.0,28359.0
ablation_no_zero_mask,71,3,23,P23,3,9.708333333333334e-05,0.018205551064706275,37884.0,37221.0,87.38140082359314,6.5227906703948975,93.90419149398804,37221.0,38437.666666666664
ablation_no_zero_mask,72,3,24,P24,3,9.704166666666668e-05,-0.032083182223141195,27544.0,28700.0,57.32144355773926,4.397221326828003,61.71866488456726,28700.0,28916.333333333332
ablation_no_zero_mask,73,4,1,P1,4,9.7e-05,-0.050329762045294046,6655.0,7345.0,12.706727981567383,0.8357160091400146,13.542443990707397,7077.0,7246.5
ablation_no_zero_mask,74,4,2,P2,4,9.695833333333334e-05,0.026362301781773567,9156.0,9425.0,16.17406129837036,1.0649595260620117,17.239020824432373,9371.0,9592.75
ablation_no_zero_mask,75,4,3,P3,4,9.691666666666667e-05,-0.0028622913378058,6899.0,6655.0,11.865533828735352,0.8092460632324219,12.674779891967773,6055.0,6468.75
ablation_no_zero_mask,76,4,4,P4,4,9.687500000000001e-05,-0.022397899068892002,4185.0,4274.0,9.054555416107178,0.5908734798431396,9.645428895950317,4274.0,4455.5
ablation_no_zero_mask,77,4,5,P5,4,9.683333333333335e-05,0.0125686707906425,5020.0,4684.0,10.049550294876099,0.6505589485168457,10.700109243392944,4684.0,4950.5
ablation_no_zero_mask,78,4,6,P6,4,9.679166666666667e-05,0.022026974242180586,4677.0,4990.0,10.359920978546143,0.6827027797698975,11.04262375831604,4940.0,5048.25
ablation_no_zero_mask,79,4,7,P7,4,9.675000000000001e-05,-0.02004455914720893,6570.0,6820.0,15.85352349281311,1.007063627243042,16.860587120056152,6590.0,6840.0
ablation_no_zero_mask,80,4,8,P8,4,9.670833333333333e-05,0.04871162353083491,6690.0,6568.0,32.57702326774597,2.138218402862549,34.71524167060852,6360.0,6517.0
ablation_no_zero_mask,81,4,9,P9,4,9.666666666666667e-05,-0.04915936151519418,6260.0,6321.0,33.29282569885254,2.0405030250549316,35.33332872390747,6010.0,6178.25
ablation_no_zero_mask,82,4,10,P10,4,9.6625e-05,0.016501777339726686,6451.0,7329.0,20.25626039505005,1.3316328525543213,21.58789324760437,6424.0,6942.25
ablation_no_zero_mask,83,4,11,P11,4,9.658333333333334e-05,-0.011667437152937055,13201.0,13028.0,39.1251266002655,2.5483686923980713,41.673495292663574,12352.0,12880.0
ablation_no_zero_mask,84,4,12,P12,4,9.654166666666668e-05,-0.01341340271756053,13523.0,15002.0,46.462976932525635,3.0343925952911377,49.49736952781677,14238.0,14995.5
ablation_no_zero_mask,85,4,13,P13,4,9.65e-05,0.04998246650211513,24681.0,26222.0,117.71850347518921,8.09027099609375,125.80877447128296,26222.0,26737.25
ablation_no_zero_mask,86,4,14,P14,4,9.645833333333334e-05,-0.025464578182436526,27048.0,27833.0,118.20557951927185,8.168901920318604,126.37448143959045,27527.0,28555.25
ablation_no_zero_mask,87,4,15,P15,4,9.641666666666666e-05,0.01723762444453314,25002.0,26751.0,122.10846877098083,8.484811305999756,130.5932800769806,25357.0,26332.75
ablation_no_zero_mask,88,4,16,P16,4,9.6375e-05,-0.0024175661179469897,24395.0,24297.0,151.58672642707825,10.428130626678467,162.0148570537567,24297.0,24944.5
ablation_no_zero_mask,89,4,17,P17,4,9.633333333333335e-05,0.0033448113987105898,25052.0,25071.0,152.07509016990662,10.68801474571228,162.7631049156189,25071.0,25860.75
ablation_no_zero_mask,90,4,18,P18,4,9.629166666666667e-05,-0.007657486200332642,24455.0,25125.0,140.38480687141418,9.794949531555176,150.17975640296936,25125.0,25795.25
ablation_no_zero_mask,91,4,19,P19,4,9.625000000000001e-05,-0.005699715670198202,27340.0,27588.0,142.56298184394836,10.350937128067017,152.91391897201538,27588.0,28174.5
ablation_no_zero_mask,92,4,20,P20,4,9.620833333333333e-05,-0.00015454758395208045,26795.0,26053.0,154.32351875305176,11.187288284301758,165.51080703735352,26053.0,27784.0
ablation_no_zero_mask,93,4,21,P21,4,9.616666666666667e-05,-0.00014866894562146627,27893.0,29335.0,163.09218549728394,11.704429626464844,174.79661512374878,28633.0,29145.5
ablation_no_zero_mask,94,4,22,P22,4,9.6125e-05,-0.0018294004607014359,26745.0,27504.0,162.34191298484802,11.834696531295776,174.1766095161438,27393.0,28145.25
ablation_no_zero_mask,95,4,23,P23,4,9.608333333333334e-05,0.009748209741831357,37041.0,38391.0,219.53393268585205,15.573268175125122,235.10720086097717,37221.0,38426.0
ablation_no_zero_mask,96,4,24,P24,4,9.604166666666668e-05,-0.00543255157826934,27659.0,28022.0,142.33766222000122,10.646371841430664,152.98403406143188,28022.0,28692.75
ablation_no_zero_mask,97,5,1,P1,5,9.6e-05,0.017957318807020783,6950.0,7244.0,32.68521046638489,2.080115556716919,34.76532602310181,7077.0,7246.0
ablation_no_zero_mask,98,5,2,P2,5,9.595833333333334e-05,-0.005311981702107005,9466.0,9255.0,41.52106595039368,2.655743360519409,44.176809310913086,9255.0,9525.2
ablation_no_zero_mask,99,5,3,P3,5,9.591666666666668e-05,0.008204978716094047,6751.0,7300.0,29.824881315231323,1.9153223037719727,31.740203619003296,6055.0,6635.0
ablation_no_zero_mask,100,5,4,P4,5,9.5875e-05,-0.01913452474400401,4213.0,4129.0,23.36410140991211,1.4793894290924072,24.843490839004517,4129.0,4390.2
ablation_no_zero_mask,101,5,5,P5,5,9.583333333333334e-05,-0.021414030343294144,4884.0,5004.0,25.66377592086792,1.6161725521087646,27.279948472976685,4684.0,4961.2
ablation_no_zero_mask,102,5,6,P6,5,9.579166666666667e-05,0.02819103468209505,4651.0,4704.0,26.775225400924683,1.6606683731079102,28.435893774032593,4704.0,4979.4
ablation_no_zero_mask,103,5,7,P7,5,9.575000000000001e-05,0.06258193403482437,6600.0,6475.0,39.999892234802246,2.4572746753692627,42.45716691017151,6475.0,6767.0
ablation_no_zero_mask,104,5,8,P8,5,9.570833333333333e-05,-0.06319541577249765,6350.0,6380.0,35.03320574760437,2.1446220874786377,37.17782783508301,6360.0,6489.6
ablation_no_zero_mask,105,5,9,P9,5,9.566666666666667e-05,0.04470194783061743,6140.0,6100.0,33.04118990898132,2.055253505706787,35.09644341468811,6010.0,6162.6
ablation_no_zero_mask,106,5,10,P10,5,9.562500000000001e-05,-0.04153428319841623,6396.0,7905.0,20.37570810317993,1.3128042221069336,21.688512325286865,6424.0,7134.8
ablation_no_zero_mask,107,5,11,P11,5,9.558333333333333e-05,-0.014381802873685956,13414.0,12445.0,38.76724672317505,2.5413620471954346,41.30860877037048,12352.0,12793.0
ablation_no_zero_mask,108,5,12,P12,5,9.554166666666667e-05,0.010588962119072676,13638.0,14895.0,46.15630626678467,3.020610809326172,49.17691707611084,14238.0,14975.4
ablation_no_zero_mask,109,5,13,P13,5,9.55e-05,0.013295504788402468,24529.0,25759.0,118.36190342903137,7.925671100616455,126.28757452964783,25759.0,26541.6
ablation_no_zero_mask,110,5,14,P14,5,9.545833333333334e-05,-0.01116915961029008,27608.0,27079.0,117.36767506599426,8.139811277389526,125.50748634338379,27079.0,28260.0
ablation_no_zero_mask,111,5,15,P15,5,9.541666666666668e-05,0.011532530072145164,25726.0,25585.0,123.83552408218384,8.45390796661377,132.2894320487976,25357.0,26183.2
ablation_no_zero_mask,112,5,16,P16,5,9.5375e-05,-0.00873858060222119,24485.0,24117.0,151.1500165462494,10.638125896453857,161.78814244270325,24117.0,24779.0
ablation_no_zero_mask,113,5,17,P17,5,9.533333333333334e-05,0.004473912483081222,24767.0,25296.0,153.71444177627563,10.658128499984741,164.37257027626038,25071.0,25747.8
ablation_no_zero_mask,114,5,18,P18,5,9.529166666666667e-05,-0.005776315531693399,24064.0,23683.0,140.55600094795227,9.933680534362793,150.48968148231506,23683.0,25372.8
ablation_no_zero_mask,115,5,19,P19,5,9.525000000000001e-05,0.002980206973734312,27046.0,27536.0,139.41356468200684,10.5243661403656,149.93793082237244,27536.0,28046.8
ablation_no_zero_mask,116,5,20,P20,5,9.520833333333333e-05,0.00039063587100827133,26404.0,25739.0,151.6492748260498,11.36337947845459,163.0126543045044,25739.0,27375.0
ablation_no_zero_mask,117,5,21,P21,5,9.516666666666667e-05,0.0029163663275539875,28988.0,27781.0,160.6258885860443,11.916835308074951,172.54272389411926,27781.0,28872.6
ablation_no_zero_mask,118,5,22,P22,5,9.512500000000001e-05,-0.0024722803020267746,26892.0,25245.0,157.56446719169617,11.935764789581299,169.50023198127747,25245.0,27565.2
ablation_no_zero_mask,119,5,23,P23,5,9.508333333333333e-05,0.0060790129854077736,36805.0,36766.0,214.81479835510254,15.942185878753662,230.7569842338562,36766.0,38094.0
ablation_no_zero_mask,120,5,24,P24,5,9.504166666666667e-05,-0.012097312556579708,26766.0,26951.0,143.96109247207642,10.694945096969604,154.65603756904602,26951.0,28344.4
ablation_no_zero_mask,121,6,1,P1,6,9.5e-05,-0.011689902632497251,6543.0,7186.0,32.6856484413147,2.0968434810638428,34.78249192237854,7077.0,7236.0
ablation_no_zero_mask,122,6,2,P2,6,9.495833333333334e-05,-0.0036378159711603075,8772.0,9241.0,41.851539850234985,2.639643907546997,44.49118375778198,9241.0,9477.833333333334
ablation_no_zero_mask,123,6,3,P3,6,9.491666666666668e-05,0.044929053634405136,6891.0,6948.0,29.513773918151855,1.8899335861206055,31.40370750427246,6055.0,6687.166666666667
ablation_no_zero_mask,124,6,4,P4,6,9.4875e-05,-0.0664811972528696,4214.0,4294.0,23.19000554084778,1.475250005722046,24.665255546569824,4129.0,4374.166666666667
ablation_no_zero_mask,125,6,5,P5,6,9.483333333333334e-05,-0.03553728014230728,4832.0,5140.0,25.55719828605652,1.6160218715667725,27.17322015762329,4684.0,4991.0
ablation_no_zero_mask,126,6,6,P6,6,9.479166666666666e-05,0.05248741339892149,4842.0,4904.0,26.2550950050354,1.6930487155914307,27.94814372062683,4704.0,4966.833333333333
ablation_no_zero_mask,127,6,7,P7,6,9.475e-05,0.043486707378178835,6530.0,6530.0,39.3665988445282,2.4577949047088623,41.82439374923706,6475.0,6727.5
ablation_no_zero_mask,128,6,8,P8,6,9.470833333333334e-05,-0.0032416395843029022,6695.0,6610.0,34.54648756980896,2.1452598571777344,36.691747426986694,6360.0,6509.666666666667
ablation_no_zero_mask,129,6,9,P9,6,9.466666666666667e-05,-0.0023269985103979707,6390.0,6310.0,32.99814248085022,2.0757405757904053,35.073883056640625,6010.0,6187.166666666667
ablation_no_zero_mask,130,6,10,P10,6,9.462500000000001e-05,-0.018807760439813137,6623.0,7122.0,20.26918053627014,1.3104407787322998,21.57962131500244,6424.0,7132.666666666667
ablation_no_zero_mask,131,6,11,P11,6,9.458333333333333e-05,-0.011096660629846156,13492.0,13297.0,38.58743405342102,2.524667978286743,41.112102031707764,12352.0,12877.0
ablation_no_zero_mask,132,6,12,P12,6,9.454166666666667e-05,0.030041401740163565,14374.0,15275.0,45.39064264297485,3.0171995162963867,48.40784215927124,14238.0,15025.333333333334
ablation_no_zero_mask,133,6,13,P13,6,9.449999999999999e-05,-0.029730243026278913,24836.0,25711.0,116.23089814186096,8.108808994293213,124.33970713615417,25711.0,26403.166666666668
ablation_no_zero_mask,134,6,14,P14,6,9.445833333333334e-05,0.010201680124737322,27396.0,27626.0,115.50708365440369,8.144878387451172,123.65196204185486,27079.0,28154.333333333332
ablation_no_zero_mask,135,6,15,P15,6,9.441666666666668e-05,0.002738234554271912,25096.0,26008.0,121.34087347984314,8.413619756698608,129.75449323654175,25357.0,26154.0
ablation_no_zero_mask,136,6,16,P16,6,9.4375e-05,-0.014397301664575934,24272.0,24543.0,147.3287386894226,10.591551780700684,157.9202904701233,24117.0,24739.666666666668
ablation_no_zero_mask,137,6,17,P17,6,9.433333333333334e-05,-0.005930887523572892,24575.0,25650.0,149.61674404144287,10.628499031066895,160.24524307250977,25071.0,25731.5
ablation_no_zero_mask,138,6,18,P18,6,9.429166666666666e-05,0.0021782364608952777,24824.0,24486.0,139.21909475326538,9.868500471115112,149.0875952243805,23683.0,25225.0
ablation_no_zero_mask,139,6,19,P19,6,9.425e-05,-0.013158082077279688,27037.0,27597.0,140.42217826843262,10.444143533706665,150.86632180213928,27536.0,27971.833333333332
ablation_no_zero_mask,140,6,20,P20,6,9.420833333333334e-05,0.0044457355455961075,26612.0,26691.0,152.50955724716187,11.233485221862793,163.74304246902466,25739.0,27261.0
ablation_no_zero_mask,141,6,21,P21,6,9.416666666666667e-05,0.006101163860876113,28965.0,29047.0,157.3520770072937,11.998719930648804,169.3507969379425,27781.0,28901.666666666668
ablation_no_zero_mask,142,6,22,P22,6,9.412500000000001e-05,-0.0018454921199008822,27450.0,27003.0,157.41985654830933,11.915393114089966,169.3352496623993,25245.0,27471.5
ablation_no_zero_mask,143,6,23,P23,6,9.408333333333333e-05,0.00959985630054559,38085.0,39274.0,214.17755913734436,15.83955430984497,230.01711344718933,36766.0,38290.666666666664
ablation_no_zero_mask,144,6,24,P24,6,9.404166666666667e-05,-0.018847078178077938,27262.0,27623.0,141.3834948539734,10.609859466552734,151.99335432052612,26951.0,28224.166666666668
ablation_no_zero_mask,145,7,1,P1,7,9.4e-05,-0.040804473450407386,7229.0,7125.0,32.34591579437256,2.094028949737549,34.43994474411011,7077.0,7220.142857142857
ablation_no_zero_mask,146,7,2,P2,7,9.395833333333333e-05,0.010668866423657164,9717.0,10226.0,41.48211193084717,2.6486945152282715,44.13080644607544,9241.0,9584.714285714286
ablation_no_zero_mask,147,7,3,P3,7,9.391666666666668e-05,-0.014267275459133089,6403.0,6747.0,29.782153129577637,1.9181268215179443,31.70027995109558,6055.0,6695.714285714285
ablation_no_zero_mask,148,7,4,P4,7,9.3875e-05,0.015703100711107254,4338.0,4339.0,23.16844940185547,1.486131191253662,24.65458059310913,4129.0,4369.142857142857
ablation_no_zero_mask,149,7,5,P5,7,9.383333333333334e-05,0.011263793334364891,5142.0,5134.0,25.666411876678467,1.6336374282836914,27.300049304962158,4684.0,5011.428571428572
ablation_no_zero_mask,150,7,6,P6,7,9.379166666666667e-05,0.02570936130359769,5040.0,4972.0,26.305500507354736,1.6811158657073975,27.986616373062134,4704.0,4967.571428571428
ablation_no_zero_mask,151,7,7,P7,7,9.375e-05,-0.10461288038641214,6680.0,6510.0,38.05446171760559,2.4675791263580322,40.52204084396362,6475.0,6696.428571428572
ablation_no_zero_mask,152,7,8,P8,7,9.370833333333334e-05,0.0592134827747941,6965.0,6800.0,33.6461398601532,2.16428804397583,35.81042790412903,6360.0,6551.142857142857
ablation_no_zero_mask,153,7,9,P9,7,9.366666666666668e-05,-0.024297568830661476,6470.0,6460.0,32.15314435958862,2.0568666458129883,34.21001100540161,6010.0,6226.142857142857
ablation_no_zero_mask,154,7,10,P10,7,9.362500000000001e-05,0.05700067616999149,7288.0,7136.0,20.22893762588501,1.3128349781036377,21.541772603988647,6424.0,7133.142857142857
ablation_no_zero_mask,155,7,11,P11,7,9.358333333333334e-05,-0.06790528167039156,13654.0,14037.0,38.64438796043396,2.555968761444092,41.20035672187805,12352.0,13042.714285714286
ablation_no_zero_mask,156,7,12,P12,7,9.354166666666667e-05,0.03863309137523174,14160.0,13598.0,46.012977838516235,3.0097479820251465,49.02272582054138,13598.0,14821.42857142857
ablation_no_zero_mask,157,7,13,P13,7,9.350000000000001e-05,0.05007930751889944,25263.0,25592.0,112.33233618736267,8.132831335067749,120.46516752243042,25592.0,26287.285714285714
ablation_no_zero_mask,158,7,14,P14,7,9.345833333333333e-05,0.01053108405903913,28005.0,28595.0,114.39409255981445,7.987565279006958,122.38165783882141,27079.0,28217.285714285714
ablation_no_zero_mask,159,7,15,P15,7,9.341666666666667e-05,-0.009680845512775704,25317.0,25102.0,118.68707299232483,8.5167818069458,127.20385479927063,25102.0,26003.714285714286
ablation_no_zero_mask,160,7,16,P16,7,9.3375e-05,0.0030943746998673303,24272.0,24496.0,147.13035988807678,10.428925037384033,157.55928492546082,24117.0,24704.85714285714
ablation_no_zero_mask,161,7,17,P17,7,9.333333333333334e-05,0.0022284776787273586,25496.0,25778.0,148.65551376342773,10.658563375473022,159.31407713890076,25071.0,25738.14285714286
ablation_no_zero_mask,162,7,18,P18,7,9.329166666666667e-05,0.0048729879374150185,24817.0,25319.0,137.76228165626526,10.042320489883423,147.80460214614868,23683.0,25238.428571428572
ablation_no_zero_mask,163,7,19,P19,7,9.325e-05,-0.0018754053555312567,26509.0,27534.0,139.47916460037231,10.208398342132568,149.68756294250488,27534.0,27909.285714285714
ablation_no_zero_mask,164,7,20,P20,7,9.320833333333334e-05,-0.0007089849619660527,26347.0,26499.0,151.99206948280334,11.223127603530884,163.21519708633423,25739.0,27152.14285714286
ablation_no_zero_mask,165,7,21,P21,7,9.316666666666666e-05,0.0019253076126915403,28732.0,28717.0,156.56113457679749,11.59572982788086,168.15686440467834,27781.0,28875.285714285714
ablation_no_zero_mask,166,7,22,P22,7,9.3125e-05,-0.0010458139237016439,27106.0,26471.0,157.1039276123047,11.638309001922607,168.7422366142273,25245.0,27328.571428571428
ablation_no_zero_mask,167,7,23,P23,7,9.308333333333334e-05,0.007040507891880614,37379.0,39443.0,211.56015539169312,15.609010934829712,227.16916632652283,36766.0,38455.28571428572
ablation_no_zero_mask,168,7,24,P24,7,9.304166666666667e-05,-0.01223326283507049,27088.0,28114.0,141.19143080711365,10.607113599777222,151.79854440689087,26951.0,28208.428571428572
ablation_no_zero_mask,169,8,1,P1,8,9.3e-05,-0.08877957705408335,6947.0,7067.0,32.620134353637695,2.1056556701660156,34.72579002380371,7067.0,7201.0
ablation_no_zero_mask,170,8,2,P2,8,9.295833333333333e-05,0.011961530311964452,9137.0,9690.0,42.15075159072876,2.6485931873321533,44.79934477806091,9241.0,9597.875
ablation_no_zero_mask,171,8,3,P3,8,9.291666666666667e-05,0.0644723023287952,6544.0,6971.0,29.215821981430054,1.890415906906128,31.10623788833618,6055.0,6730.125
ablation_no_zero_mask,172,8,4,P4,8,9.2875e-05,-0.033668466843664646,4312.0,4720.0,23.395541667938232,1.4881150722503662,24.8836567401886,4129.0,4413.0
ablation_no_zero_mask,173,8,5,P5,8,9.283333333333334e-05,-0.05235179699957371,5084.0,5316.0,25.242503881454468,1.6180052757263184,26.860509157180786,4684.0,5049.5
ablation_no_zero_mask,174,8,6,P6,8,9.279166666666668e-05,0.06001545116305351,5106.0,5140.0,26.37063479423523,1.6994562149047852,28.070091009140015,4704.0,4989.125
ablation_no_zero_mask,175,8,7,P7,8,9.275e-05,-0.007654669403564185,6410.0,6590.0,39.05685806274414,2.494187593460083,41.551045656204224,6475.0,6683.125
ablation_no_zero_mask,176,8,8,P8,8,9.270833333333334e-05,-0.014591966464649886,6415.0,6440.0,34.36580538749695,2.188542604446411,36.55434799194336,6360.0,6537.25
ablation_no_zero_mask,177,8,9,P9,8,9.266666666666666e-05,0.014235292794182897,6170.0,6120.0,32.67026138305664,2.042011022567749,34.71227240562439,6010.0,6212.875
ablation_no_zero_mask,178,8,10,P10,8,9.2625e-05,0.06551606766879559,7100.0,6961.0,20.19869065284729,1.3048453330993652,21.503535985946655,6424.0,7111.625
ablation_no_zero_mask,179,8,11,P11,8,9.258333333333334e-05,-0.04499965254217386,13192.0,13852.0,38.608031034469604,2.5438129901885986,41.1518440246582,12352.0,13143.875
ablation_no_zero_mask,180,8,12,P12,8,9.254166666666668e-05,-0.014713909476995468,13715.0,13378.0,46.13992261886597,3.006941556930542,49.14686417579651,13378.0,14641.0
ablation_no_zero_mask,181,8,13,P13,8,9.250000000000001e-05,0.09195270063355565,25450.0,25507.0,115.61942338943481,8.00852656364441,123.62794995307922,25507.0,26189.75
ablation_no_zero_mask,182,8,14,P14,8,9.245833333333334e-05,-0.03067035344429314,27868.0,28283.0,114.29776668548584,8.08305811882019,122.38082480430603,27079.0,28225.5
ablation_no_zero_mask,183,8,15,P15,8,9.241666666666667e-05,0.00652924770838581,25168.0,25304.0,121.04744601249695,8.324320077896118,129.37176609039307,25102.0,25916.25
ablation_no_zero_mask,184,8,16,P16,8,9.2375e-05,-0.001798477504053153,24418.0,23727.0,147.6853039264679,10.57000994682312,158.25531387329102,23727.0,24582.625
ablation_no_zero_mask,185,8,17,P17,8,9.233333333333333e-05,-0.007448773458600044,24516.0,25456.0,147.78489923477173,10.710341691970825,158.49524092674255,25071.0,25702.875
ablation_no_zero_mask,186,8,18,P18,8,9.229166666666667e-05,0.0006895834594615735,24216.0,25293.0,136.79153037071228,9.733928203582764,146.52545857429504,23683.0,25245.25
ablation_no_zero_mask,187,8,19,P19,8,9.225e-05,-0.0015567577633191832,26727.0,27381.0,138.3724181652069,10.32075834274292,148.69317650794983,27381.0,27843.25
ablation_no_zero_mask,188,8,20,P20,8,9.220833333333334e-05,0.004793977056397125,26150.0,26196.0,151.4419071674347,11.218565225601196,162.6604723930359,25739.0,27032.625
ablation_no_zero_mask,189,8,21,P21,8,9.216666666666667e-05,0.0044252156047150494,28403.0,28728.0,159.02524590492249,11.778968334197998,170.80421423912048,27781.0,28856.875
ablation_no_zero_mask,190,8,22,P22,8,9.2125e-05,-0.0022835512238088993,26838.0,26547.0,159.47704529762268,11.770968675613403,171.24801397323608,25245.0,27230.875
ablation_no_zero_mask,191,8,23,P23,8,9.208333333333334e-05,0.005413806872508887,37314.0,38329.0,213.66685223579407,15.794694185256958,229.46154642105103,36766.0,38439.5
ablation_no_zero_mask,192,8,24,P24,8,9.204166666666668e-05,-0.006853859958937392,27441.0,27487.0,141.2349727153778,10.51579475402832,151.75076746940613,26951.0,28118.25
ablation_no_zero_mask,193,9,1,P1,9,9.200000000000001e-05,-0.03605239209719002,7022.0,6827.0,32.31822085380554,2.0694355964660645,34.387656450271606,6827.0,7159.444444444444
ablation_no_zero_mask,194,9,2,P2,9,9.195833333333334e-05,-0.01618334383238107,8910.0,9511.0,41.31880855560303,2.6326045989990234,43.95141315460205,9241.0,9588.222222222223
ablation_no_zero_mask,195,9,3,P3,9,9.191666666666667e-05,0.058056256733834743,6728.0,7321.0,29.57814884185791,1.9047236442565918,31.482872486114502,6055.0,6795.777777777777
ablation_no_zero_mask,196,9,4,P4,9,9.1875e-05,-0.03780290111899376,4288.0,4464.0,23.314528703689575,1.4907424449920654,24.80527114868164,4129.0,4418.666666666667
ablation_no_zero_mask,197,9,5,P5,9,9.183333333333333e-05,-0.027922690846025944,5163.0,5238.0,25.506112813949585,1.5944464206695557,27.10055923461914,4684.0,5070.444444444444
ablation_no_zero_mask,198,9,6,P6,9,9.179166666666667e-05,0.03269445430487394,5108.0,5382.0,26.21432065963745,1.6720993518829346,27.886420011520386,4704.0,5032.777777777777
ablation_no_zero_mask,199,9,7,P7,9,9.175000000000001e-05,-0.020182039472274482,6470.0,6355.0,39.13489389419556,2.4718053340911865,41.60669922828674,6355.0,6646.666666666667
ablation_no_zero_mask,200,9,8,P8,9,9.170833333333334e-05,0.0009556963777868077,6330.0,6440.0,34.567694664001465,2.203124761581421,36.770819425582886,6360.0,6526.444444444444
ablation_no_zero_mask,201,9,9,P9,9,9.166666666666667e-05,0.021637261495925486,6170.0,6090.0,32.88093018531799,2.075742721557617,34.95667290687561,6010.0,6199.222222222223
ablation_no_zero_mask,202,9,10,P10,9,9.1625e-05,-0.004737251321785152,6811.0,6511.0,20.258195877075195,1.314812183380127,21.573008060455322,6424.0,7044.888888888889
ablation_no_zero_mask,203,9,11,P11,9,9.158333333333333e-05,-0.053807961754500866,12352.0,12348.0,39.06145524978638,2.5585732460021973,41.620028495788574,12348.0,13055.444444444445
ablation_no_zero_mask,204,9,12,P12,9,9.154166666666666e-05,0.03678790479898453,13774.0,13758.0,45.367018938064575,2.981039524078369,48.348058462142944,13378.0,14542.888888888889
ablation_no_zero_mask,205,9,13,P13,9,9.15e-05,0.06692218966782093,24343.0,25197.0,117.23047304153442,8.088898658752441,125.31937170028687,25197.0,26079.444444444445
ablation_no_zero_mask,206,9,14,P14,9,9.145833333333334e-05,-0.027253011241555214,26343.0,26732.0,116.87071537971497,8.144704818725586,125.01542019844055,26732.0,28059.555555555555
ablation_no_zero_mask,207,9,15,P15,9,9.141666666666668e-05,0.02678842155728489,24394.0,24323.0,123.5512022972107,8.434723138809204,131.9859254360199,24323.0,25739.222222222223
ablation_no_zero_mask,208,9,16,P16,9,9.137500000000001e-05,-0.017487390665337443,23791.0,23891.0,145.8068871498108,10.544321775436401,156.3512089252472,23727.0,24505.777777777777
ablation_no_zero_mask,209,9,17,P17,9,9.133333333333334e-05,0.0012467625318095088,25085.0,24891.0,147.91612792015076,10.5428147315979,158.45894265174866,24891.0,25612.666666666668
ablation_no_zero_mask,210,9,18,P18,9,9.129166666666667e-05,-0.008923318097367882,23620.0,24060.0,135.49436616897583,9.82230830192566,145.3166744709015,23683.0,25113.555555555555
ablation_no_zero_mask,211,9,19,P19,9,9.125e-05,0.0021956027921987697,26494.0,26746.0,139.34206104278564,10.396098613739014,149.73815965652466,26746.0,27721.333333333332
ablation_no_zero_mask,212,9,20,P20,9,9.120833333333335e-05,0.002027426182758063,26514.0,26332.0,149.7605321407318,11.239639520645142,161.00017166137695,25739.0,26954.777777777777
ablation_no_zero_mask,213,9,21,P21,9,9.116666666666667e-05,0.008178148651495576,27845.0,27990.0,161.30630445480347,11.899176120758057,173.20548057556152,27781.0,28760.555555555555
ablation_no_zero_mask,214,9,22,P22,9,9.1125e-05,-0.009586339606903494,25982.0,25906.0,157.7194471359253,11.94827675819397,169.66772389411926,25245.0,27083.666666666668
ablation_no_zero_mask,215,9,23,P23,9,9.108333333333334e-05,0.012302697004218186,36956.0,37356.0,212.57255911827087,15.770207643508911,228.34276676177979,36766.0,38319.11111111111
ablation_no_zero_mask,216,9,24,P24,9,9.104166666666667e-05,-0.016216211905702948,26552.0,28005.0,142.589702129364,10.724040031433105,153.31374216079712,26951.0,28105.666666666668
ablation_no_zero_mask,217,10,1,P1,10,9.1e-05,-0.013165015683625825,6661.0,7350.0,32.24838852882385,2.0705926418304443,34.3189811706543,6827.0,7178.5
ablation_no_zero_mask,218,10,2,P2,10,9.095833333333334e-05,-0.018241731100715697,8663.0,9056.0,41.046671867370605,2.6473429203033447,43.69401478767395,9056.0,9535.0
ablation_no_zero_mask,219,10,3,P3,10,9.091666666666668e-05,0.07647745218127966,6952.0,7120.0,29.608146905899048,1.9184296131134033,31.52657651901245,6055.0,6828.2
ablation_no_zero_mask,220,10,4,P4,10,9.0875e-05,-0.04385598096996546,4172.0,4102.0,23.471949577331543,1.5015602111816406,24.973509788513184,4102.0,4387.0
ablation_no_zero_mask,221,10,5,P5,10,9.083333333333334e-05,-0.06420305557549,4992.0,4923.0,25.679930686950684,1.6302454471588135,27.310176134109497,4684.0,5055.7
ablation_no_zero_mask,222,10,6,P6,10,9.079166666666667e-05,0.014266038779169321,4788.0,4902.0,26.59842610359192,1.7072782516479492,28.305704355239868,4704.0,5019.7
ablation_no_zero_mask,223,10,7,P7,10,9.075e-05,0.013080492615699768,6330.0,6250.0,39.99102187156677,2.468879222869873,42.459901094436646,6250.0,6607.0
ablation_no_zero_mask,224,10,8,P8,10,9.070833333333333e-05,0.021611280390061438,6400.0,6320.0,34.97852683067322,2.1631574630737305,37.14168429374695,6320.0,6505.8
ablation_no_zero_mask,225,10,9,P9,10,9.066666666666667e-05,0.005490429437486455,6115.0,5990.0,32.47025108337402,2.0396335124969482,34.50988459587097,5990.0,6178.3
ablation_no_zero_mask,226,10,10,P10,10,9.062500000000001e-05,0.004216971923597157,6884.0,6943.0,19.993680238723755,1.3089978694915771,21.302678108215332,6424.0,7034.7
ablation_no_zero_mask,227,10,11,P11,10,9.058333333333334e-05,-0.04038290586322546,12658.0,12908.0,38.645527362823486,2.52411150932312,41.169638872146606,12348.0,13040.7
ablation_no_zero_mask,228,10,12,P12,10,9.054166666666667e-05,-0.00013607765140477568,14336.0,13785.0,46.16500902175903,3.03692626953125,49.20193529129028,13378.0,14467.1
ablation_no_zero_mask,229,10,13,P13,10,9.05e-05,0.021315877907909453,24162.0,24568.0,116.57513952255249,8.096202850341797,124.67134237289429,24568.0,25928.3
ablation_no_zero_mask,230,10,14,P14,10,9.045833333333333e-05,-0.0016431539988843724,26722.0,26956.0,118.47558736801147,8.270790576934814,126.74637794494629,26732.0,27949.2
ablation_no_zero_mask,231,10,15,P15,10,9.041666666666668e-05,-0.005498851009178907,24861.0,24054.0,123.58462262153625,8.409406423568726,131.99402904510498,24054.0,25570.7
ablation_no_zero_mask,232,10,16,P16,10,9.037500000000001e-05,-0.011339101404882968,24346.0,24049.0,150.34709572792053,10.617186069488525,160.96428179740906,23727.0,24460.1
ablation_no_zero_mask,233,10,17,P17,10,9.033333333333334e-05,0.0014177259407006204,24684.0,24061.0,148.6557605266571,10.658183813095093,159.3139443397522,24061.0,25457.5
ablation_no_zero_mask,234,10,18,P18,10,9.029166666666667e-05,0.0014546616410370916,24106.0,22943.0,138.74468159675598,9.871293067932129,148.6159746646881,22943.0,24896.5
ablation_no_zero_mask,235,10,19,P19,10,9.025e-05,0.015185946226119995,26931.0,25758.0,142.50284457206726,10.439863204956055,152.94270777702332,25758.0,27525.0
ablation_no_zero_mask,236,10,20,P20,10,9.020833333333334e-05,-0.004401665990008042,26630.0,26564.0,149.39127922058105,11.195287942886353,160.5865671634674,25739.0,26915.7
ablation_no_zero_mask,237,10,21,P21,10,9.016666666666667e-05,0.0019102570935501718,27890.0,27956.0,159.20183515548706,11.971007823944092,171.17284297943115,27781.0,28680.1
ablation_no_zero_mask,238,10,22,P22,10,9.012500000000001e-05,-0.00549071270506829,26311.0,25770.0,159.13890099525452,11.915197134017944,171.05409812927246,25245.0,26952.3
ablation_no_zero_mask,239,10,23,P23,10,9.008333333333335e-05,0.004360931800744895,37022.0,37774.0,218.6151852607727,15.881840229034424,234.49702548980713,36766.0,38264.6
ablation_no_zero_mask,240,10,24,P24,10,9.004166666666667e-05,-0.004868919611908495,26597.0,28788.0,141.68786358833313,10.656368017196655,152.34423160552979,26951.0,28173.9
ablation_no_zero_mask,241,11,1,P1,11,9e-05,-0.0010214523754257243,6859.0,7089.0,32.531768798828125,2.0945253372192383,34.62629413604736,6827.0,7170.363636363636
ablation_no_zero_mask,242,11,2,P2,11,8.995833333333333e-05,-0.015071422792971134,8796.0,8815.0,41.34594535827637,2.6544251441955566,44.000370502471924,8815.0,9469.545454545454
ablation_no_zero_mask,243,11,3,P3,11,8.991666666666667e-05,0.026691881357692182,6611.0,7189.0,29.269741535186768,1.8947834968566895,31.164525032043457,6055.0,6861.0
ablation_no_zero_mask,244,11,4,P4,11,8.9875e-05,0.019675499759614468,4285.0,4182.0,23.37876272201538,1.4852144718170166,24.863977193832397,4102.0,4368.363636363636
ablation_no_zero_mask,245,11,5,P5,11,8.983333333333334e-05,-0.012566720135509968,4990.0,5099.0,25.392656326293945,1.6244750022888184,27.017131328582764,4684.0,5059.636363636364
ablation_no_zero_mask,246,11,6,P6,11,8.979166666666668e-05,-0.003856586350593716,4718.0,4750.0,26.365776538848877,1.6845357418060303,28.050312280654907,4704.0,4995.181818181818
ablation_no_zero_mask,247,11,7,P7,11,8.975e-05,-0.02107380051165819,6325.0,6290.0,40.17973494529724,2.466118097305298,42.64585304260254,6250.0,6578.181818181818
ablation_no_zero_mask,248,11,8,P8,11,8.970833333333334e-05,0.008516157773556188,6220.0,6100.0,34.86639189720154,2.1689369678497314,37.03532886505127,6100.0,6468.909090909091
ablation_no_zero_mask,249,11,9,P9,11,8.966666666666667e-05,-0.010056413855636492,5910.0,5870.0,33.10566735267639,2.0682990550994873,35.17396640777588,5870.0,6150.272727272727
ablation_no_zero_mask,250,11,10,P10,11,8.962500000000001e-05,0.02202752325683832,6712.0,6307.0,20.553536891937256,1.316077709197998,21.869614601135254,6307.0,6968.545454545455
ablation_no_zero_mask,251,11,11,P11,11,8.958333333333335e-05,-0.008232093561673537,13319.0,12628.0,39.108946800231934,2.5321967601776123,41.641143560409546,12348.0,13003.181818181818
ablation_no_zero_mask,252,11,12,P12,11,8.954166666666667e-05,-0.010333172976970673,13514.0,13813.0,45.8381085395813,3.0378246307373047,48.8759331703186,13378.0,14407.636363636364
ablation_no_zero_mask,253,11,13,P13,11,8.950000000000001e-05,0.02542561513837427,24177.0,24724.0,117.31548762321472,8.205892562866211,125.52138018608093,24568.0,25818.81818181818
ablation_no_zero_mask,254,11,14,P14,11,8.945833333333333e-05,-0.01048672737670131,26939.0,26616.0,116.83757090568542,8.237244367599487,125.07481527328491,26616.0,27828.0
ablation_no_zero_mask,255,11,15,P15,11,8.941666666666667e-05,0.004351573443273082,24966.0,24271.0,122.23596811294556,8.6038818359375,130.83984994888306,24054.0,25452.545454545456
ablation_no_zero_mask,256,11,16,P16,11,8.9375e-05,-0.023943092953413726,23970.0,23703.0,148.06157565116882,10.57867431640625,158.64024996757507,23703.0,24391.272727272728
ablation_no_zero_mask,257,11,17,P17,11,8.933333333333334e-05,0.0009389661558088846,24613.0,24782.0,147.47787070274353,10.532482624053955,158.01035332679749,24061.0,25396.090909090908
ablation_no_zero_mask,258,11,18,P18,11,8.929166666666668e-05,0.006062714185100048,24065.0,23647.0,136.52176117897034,9.972255229949951,146.4940164089203,22943.0,24782.909090909092
ablation_no_zero_mask,259,11,19,P19,11,8.925e-05,0.0005304423240886536,26850.0,26514.0,140.2260811328888,10.359575033187866,150.58565616607666,25758.0,27433.090909090908
ablation_no_zero_mask,260,11,20,P20,11,8.920833333333334e-05,8.269907993962988e-05,26169.0,25956.0,151.15559196472168,11.031505107879639,162.18709707260132,25739.0,26828.454545454544
ablation_no_zero_mask,261,11,21,P21,11,8.916666666666666e-05,0.0005800798004202079,27894.0,27775.0,161.54079246520996,11.815306663513184,173.35609912872314,27775.0,28597.81818181818
ablation_no_zero_mask,262,11,22,P22,11,8.9125e-05,-0.003978739480953663,26165.0,25483.0,157.9644000530243,11.618031740188599,169.5824317932129,25245.0,26818.727272727272
ablation_no_zero_mask,263,11,23,P23,11,8.908333333333333e-05,0.004893467894622258,37213.0,36920.0,215.7607865333557,15.756787061691284,231.517573595047,36766.0,38142.36363636364
ablation_no_zero_mask,264,11,24,P24,11,8.904166666666667e-05,0.00297752118203789,27044.0,26589.0,139.60639905929565,10.508847951889038,150.1152470111847,26589.0,28029.81818181818
ablation_no_zero_mask,265,12,1,P1,12,8.900000000000001e-05,-0.012832653941586614,6611.0,7099.0,32.32223296165466,2.073298931121826,34.39553189277649,6827.0,7164.416666666667
ablation_no_zero_mask,266,12,2,P2,12,8.895833333333335e-05,-0.01500251516699791,8707.0,8821.0,40.722299098968506,2.6416046619415283,43.363903760910034,8815.0,9415.5
ablation_no_zero_mask,267,12,3,P3,12,8.891666666666667e-05,0.056704215705394745,6637.0,7159.0,29.29574728012085,1.9002468585968018,31.19599413871765,6055.0,6885.833333333333
ablation_no_zero_mask,268,12,4,P4,12,8.8875e-05,-0.006287535419687629,4153.0,4124.0,23.18860912322998,1.4747827053070068,24.663391828536987,4102.0,4348.0
ablation_no_zero_mask,269,12,5,P5,12,8.883333333333333e-05,-0.010179650271311402,5058.0,4944.0,25.31809115409851,1.6200475692749023,26.938138723373413,4684.0,5050.0
ablation_no_zero_mask,270,12,6,P6,12,8.879166666666668e-05,0.007183902431279421,4778.0,4942.0,26.508134841918945,1.649672269821167,28.157807111740112,4704.0,4990.75
ablation_no_zero_mask,271,12,7,P7,12,8.875e-05,-0.005423423077445477,6515.0,6405.0,38.650331020355225,2.4364359378814697,41.086766958236694,6250.0,6563.75
ablation_no_zero_mask,272,12,8,P8,12,8.870833333333334e-05,0.0130605777958408,6410.0,6340.0,34.32981038093567,2.1585335731506348,36.488343954086304,6100.0,6458.166666666667
ablation_no_zero_mask,273,12,9,P9,12,8.866666666666668e-05,-0.004284127993742004,6180.0,5970.0,32.95372200012207,2.063039779663086,35.016761779785156,5870.0,6135.25
ablation_no_zero_mask,274,12,10,P10,12,8.8625e-05,-0.005463258363306522,6733.0,6097.0,20.096128702163696,1.3283095359802246,21.42443823814392,6097.0,6895.916666666667
ablation_no_zero_mask,275,12,11,P11,12,8.858333333333334e-05,-0.027225167956203222,12894.0,11894.0,38.447521448135376,2.529183864593506,40.97670531272888,11894.0,12910.75
ablation_no_zero_mask,276,12,12,P12,12,8.854166666666667e-05,-0.004478842485696077,13383.0,13317.0,46.06934857368469,2.9870803356170654,49.05642890930176,13317.0,14316.75
ablation_no_zero_mask,277,12,13,P13,12,8.850000000000001e-05,0.03525769035331905,24084.0,23470.0,117.36271977424622,8.088480472564697,125.45120024681091,23470.0,25623.083333333332
ablation_no_zero_mask,278,12,14,P14,12,8.845833333333333e-05,-0.01725731452461332,26423.0,25093.0,117.74058508872986,8.076878547668457,125.81746363639832,25093.0,27600.083333333332
ablation_no_zero_mask,279,12,15,P15,12,8.841666666666667e-05,0.009049410931766033,24372.0,22582.0,123.61174774169922,8.556459903717041,132.16820764541626,22582.0,25213.333333333332
ablation_no_zero_mask,280,12,16,P16,12,8.837500000000001e-05,-0.016241517197340728,23510.0,22861.0,149.1423532962799,10.428823709487915,159.57117700576782,22861.0,24263.75
ablation_no_zero_mask,281,12,17,P17,12,8.833333333333333e-05,-0.001148481458221795,23976.0,23000.0,149.74488759040833,10.595304250717163,160.3401918411255,23000.0,25196.416666666668
ablation_no_zero_mask,282,12,18,P18,12,8.829166666666667e-05,0.004754978202981874,23807.0,22591.0,137.92391872406006,9.778412103652954,147.702330827713,22591.0,24600.25
ablation_no_zero_mask,283,12,19,P19,12,8.825e-05,-0.0007778564679028932,25939.0,25190.0,142.30493140220642,10.702842473983765,153.00777387619019,25190.0,27246.166666666668
ablation_no_zero_mask,284,12,20,P20,12,8.820833333333334e-05,-0.0013976617497974075,25840.0,24499.0,154.79973912239075,11.414866209030151,166.2146053314209,24499.0,26634.333333333332
ablation_no_zero_mask,285,12,21,P21,12,8.816666666666668e-05,0.00148022905777907,27500.0,26435.0,162.06787014007568,11.891491651535034,173.95936179161072,26435.0,28417.583333333332
ablation_no_zero_mask,286,12,22,P22,12,8.8125e-05,-0.003615488678042311,26031.0,25530.0,163.7245225906372,11.886302947998047,175.61082553863525,25245.0,26711.333333333332
ablation_no_zero_mask,287,12,23,P23,12,8.808333333333334e-05,0.0010794671366706357,36085.0,36032.0,214.99670362472534,15.7959566116333,230.79266023635864,36032.0,37966.5
ablation_no_zero_mask,288,12,24,P24,12,8.804166666666666e-05,-0.003530849554226734,26383.0,26244.0,143.28950190544128,10.665733098983765,153.95523500442505,26244.0,27881.0
ablation_no_zero_mask,289,13,1,P1,13,8.800000000000001e-05,0.008812956504698377,6548.0,6921.0,31.83606719970703,2.037390947341919,33.87345814704895,6827.0,7145.692307692308
ablation_no_zero_mask,290,13,2,P2,13,8.795833333333335e-05,-0.01819254131987691,8858.0,8948.0,40.71046233177185,2.622816801071167,43.33327913284302,8815.0,9379.538461538461
ablation_no_zero_mask,291,13,3,P3,13,8.791666666666667e-05,0.04929562704637647,6794.0,6970.0,29.546011924743652,1.8910291194915771,31.43704104423523,6055.0,6892.307692307692
ablation_no_zero_mask,292,13,4,P4,13,8.787500000000001e-05,-0.04217396304011345,4062.0,3939.0,23.305696487426758,1.4758679866790771,24.781564474105835,3939.0,4316.538461538462
ablation_no_zero_mask,293,13,5,P5,13,8.783333333333333e-05,-0.028628751635551453,4787.0,4799.0,26.183263778686523,1.6113886833190918,27.794652462005615,4684.0,5030.692307692308
ablation_no_zero_mask,294,13,6,P6,13,8.779166666666667e-05,0.0038735151174478233,4412.0,4578.0,26.32647681236267,1.675236701965332,28.001713514328003,4578.0,4959.0
ablation_no_zero_mask,295,13,7,P7,13,8.775e-05,0.03473513014614582,6230.0,6460.0,39.0571768283844,2.387843132019043,41.44501996040344,6250.0,6555.7692307692305
ablation_no_zero_mask,296,13,8,P8,13,8.770833333333334e-05,0.021907746559008956,6550.0,6430.0,33.657692670822144,2.137848138809204,35.79554080963135,6100.0,6456.0
ablation_no_zero_mask,297,13,9,P9,13,8.766666666666668e-05,-0.014501110126730055,6155.0,6150.0,31.94149684906006,2.024721384048462,33.96621823310852,5870.0,6136.384615384615
ablation_no_zero_mask,298,13,10,P10,13,8.7625e-05,0.0018235151073895395,6880.0,6301.0,20.091423749923706,1.313398838043213,21.40482258796692,6097.0,6850.153846153846
ablation_no_zero_mask,299,13,11,P11,13,8.758333333333334e-05,-0.037760881474241614,13194.0,12474.0,38.59174561500549,2.5035693645477295,41.09531497955322,11894.0,12877.153846153846
ablation_no_zero_mask,300,13,12,P12,13,8.754166666666666e-05,0.0727146714925766,13998.0,13336.0,45.373998165130615,2.8605692386627197,48.234567403793335,13317.0,14241.307692307691
ablation_no_zero_mask,301,13,13,P13,13,8.75e-05,-0.047215472208335996,22703.0,22435.0,115.02327752113342,8.105335235595703,123.12861275672913,22435.0,25377.846153846152
ablation_no_zero_mask,302,13,14,P14,13,8.745833333333334e-05,-0.007509067392675206,24431.0,24381.0,116.79240822792053,8.181199789047241,124.97360801696777,24381.0,27352.46153846154
ablation_no_zero_mask,303,13,15,P15,13,8.741666666666667e-05,0.021828396944329143,23263.0,22329.0,118.86470103263855,8.568716526031494,127.43341755867004,22329.0,24991.46153846154
ablation_no_zero_mask,304,13,16,P16,13,8.737500000000001e-05,0.0035909718833863737,23157.0,22969.0,145.0187156200409,10.55398964881897,155.57270526885986,22861.0,24164.153846153848
ablation_no_zero_mask,305,13,17,P17,13,8.733333333333333e-05,0.005286470870487392,23878.0,23669.0,145.4403989315033,10.668907403945923,156.10930633544922,23000.0,25078.923076923078
ablation_no_zero_mask,306,13,18,P18,13,8.729166666666667e-05,-0.006002978945616633,23246.0,22390.0,135.73977518081665,9.796888589859009,145.53666377067566,22390.0,24430.23076923077
ablation_no_zero_mask,307,13,19,P19,13,8.725e-05,-0.009090674854815007,26115.0,25848.0,140.0058467388153,10.588131666183472,150.59397840499878,25190.0,27138.615384615383
ablation_no_zero_mask,308,13,20,P20,13,8.720833333333333e-05,0.0031933069520164283,25922.0,25354.0,149.94050884246826,11.262737274169922,161.20324611663818,24499.0,26535.846153846152
ablation_no_zero_mask,309,13,21,P21,13,8.716666666666668e-05,-0.0019480439485050737,27236.0,26294.0,158.68807339668274,11.828507423400879,170.51658082008362,26294.0,28254.23076923077
ablation_no_zero_mask,310,13,22,P22,13,8.7125e-05,-0.0013899403071263804,25968.0,25150.0,159.81610107421875,11.989921808242798,171.80602288246155,25150.0,26591.23076923077
ablation_no_zero_mask,311,13,23,P23,13,8.708333333333334e-05,0.002269959879673219,35792.0,35812.0,209.6895067691803,15.780296087265015,225.4698028564453,35812.0,37800.769230769234
ablation_no_zero_mask,312,13,24,P24,13,8.704166666666666e-05,-0.008759307581931353,26122.0,25822.0,140.48614501953125,10.647696256637573,151.13384127616882,25822.0,27722.615384615383
ablation_no_zero_mask,313,14,1,P1,14,8.7e-05,-0.0069739583996124566,6733.0,7059.0,32.273733139038086,2.075788736343384,34.34952187538147,6827.0,7139.5
ablation_no_zero_mask,314,14,2,P2,14,8.695833333333334e-05,-0.011135800392366946,9266.0,9085.0,40.7326934337616,2.642019033432007,43.3747124671936,8815.0,9358.5
ablation_no_zero_mask,315,14,3,P3,14,8.691666666666667e-05,0.038038938073441386,6939.0,7009.0,29.485819101333618,1.885368824005127,31.371187925338745,6055.0,6900.642857142857
ablation_no_zero_mask,316,14,4,P4,14,8.687500000000001e-05,-0.0660672914236784,4069.0,3793.0,22.880889654159546,1.475717306137085,24.35660696029663,3793.0,4279.142857142857
ablation_no_zero_mask,317,14,5,P5,14,8.683333333333335e-05,-0.013356586918234825,4659.0,4522.0,25.012860774993896,1.6095988750457764,26.622459650039673,4522.0,4994.357142857143
ablation_no_zero_mask,318,14,6,P6,14,8.679166666666667e-05,0.024344222620129585,4591.0,4196.0,26.304041624069214,1.6817502975463867,27.9857919216156,4196.0,4904.5
ablation_no_zero_mask,319,14,7,P7,14,8.675e-05,0.00798945284623187,6270.0,6220.0,39.0753710269928,2.428595542907715,41.50396656990051,6220.0,6531.785714285715
ablation_no_zero_mask,320,14,8,P8,14,8.670833333333333e-05,-0.02876664185896516,6110.0,6240.0,34.52107095718384,2.139476776123047,36.660547733306885,6100.0,6440.571428571428
ablation_no_zero_mask,321,14,9,P9,14,8.666666666666667e-05,-0.0038943125982768834,5870.0,5830.0,32.57703447341919,2.049753189086914,34.6267876625061,5830.0,6114.5
ablation_no_zero_mask,322,14,10,P10,14,8.6625e-05,0.06955405324697495,6856.0,6089.0,20.171369314193726,1.3209006786346436,21.49226999282837,6089.0,6795.785714285715
ablation_no_zero_mask,323,14,11,P11,14,8.658333333333334e-05,-0.004337559774285182,12114.0,12030.0,38.12626528739929,2.518190860748291,40.64445614814758,11894.0,12816.642857142857
ablation_no_zero_mask,324,14,12,P12,14,8.654166666666668e-05,-0.022526569897308946,13334.0,13537.0,45.3668212890625,2.9870219230651855,48.353843212127686,13317.0,14191.0
ablation_no_zero_mask,325,14,13,P13,14,8.65e-05,0.03166594880167395,23304.0,22514.0,115.49866318702698,8.141916275024414,123.64057946205139,22435.0,25173.285714285714
ablation_no_zero_mask,326,14,14,P14,14,8.645833333333334e-05,0.008173467154847458,25068.0,24340.0,117.3367440700531,8.186105966567993,125.5228500366211,24340.0,27137.285714285714
ablation_no_zero_mask,327,14,15,P15,14,8.641666666666666e-05,-0.0033370751716574887,22968.0,22293.0,123.64865970611572,8.540072202682495,132.18873190879822,22293.0,24798.714285714286
ablation_no_zero_mask,328,14,16,P16,14,8.637500000000001e-05,-0.021092113573104143,23184.0,22409.0,147.03046107292175,10.544474363327026,157.57493543624878,22409.0,24038.785714285714
ablation_no_zero_mask,329,14,17,P17,14,8.633333333333334e-05,-0.0029242201620945708,23928.0,23580.0,149.55596327781677,10.58167290687561,160.13763618469238,23000.0,24971.85714285714
ablation_no_zero_mask,330,14,18,P18,14,8.629166666666667e-05,0.0014900752015819308,22947.0,22328.0,138.29266142845154,9.89500093460083,148.18766236305237,22328.0,24280.071428571428
ablation_no_zero_mask,331,14,19,P19,14,8.625000000000001e-05,-9.84280755801592e-05,25827.0,25246.0,140.6067464351654,10.58548355102539,151.1922299861908,25190.0,27003.428571428572
ablation_no_zero_mask,332,14,20,P20,14,8.620833333333333e-05,-3.954162457375787e-05,25248.0,24421.0,152.7855851650238,11.288374423980713,164.07395958900452,24421.0,26384.785714285714
ablation_no_zero_mask,333,14,21,P21,14,8.616666666666667e-05,-0.0006795601293561049,27021.0,26697.0,161.20452737808228,11.865814685821533,173.0703420639038,26294.0,28143.0
ablation_no_zero_mask,334,14,22,P22,14,8.6125e-05,-0.0021266529860440643,25679.0,25404.0,160.264803647995,11.92276644706726,172.18757009506226,25150.0,26506.428571428572
ablation_no_zero_mask,335,14,23,P23,14,8.608333333333334e-05,0.0005917070697510748,35839.0,35890.0,215.21907782554626,15.783899068832397,231.00297689437866,35812.0,37664.28571428572
ablation_no_zero_mask,336,14,24,P24,14,8.604166666666667e-05,0.0002427115890895948,26018.0,26231.0,143.26776146888733,10.63427209854126,153.9020335674286,25822.0,27616.071428571428
ablation_no_zero_mask,337,15,1,P1,15,8.6e-05,-0.012372400495223701,6764.0,6909.0,32.09420466423035,2.0840065479278564,34.1782112121582,6827.0,7124.133333333333
ablation_no_zero_mask,338,15,2,P2,15,8.595833333333334e-05,-0.017529884818941355,9000.0,9129.0,40.92041897773743,2.6438920497894287,43.564311027526855,8815.0,9343.2
ablation_no_zero_mask,339,15,3,P3,15,8.591666666666666e-05,0.051000078208744526,6791.0,7071.0,29.587083339691162,1.9002282619476318,31.487311601638794,6055.0,6912.0
ablation_no_zero_mask,340,15,4,P4,15,8.5875e-05,-0.030396996065974236,4024.0,3828.0,23.52218270301819,1.4872767925262451,25.009459495544434,3793.0,4249.066666666667
ablation_no_zero_mask,341,15,5,P5,15,8.583333333333334e-05,-0.034680855460464954,4566.0,4408.0,25.619333028793335,1.6122922897338867,27.23162531852722,4408.0,4955.266666666666
ablation_no_zero_mask,342,15,6,P6,15,8.579166666666667e-05,0.017011283431202173,4445.0,4158.0,26.220414400100708,1.6680021286010742,27.888416528701782,4158.0,4854.733333333334
ablation_no_zero_mask,343,15,7,P7,15,8.575000000000001e-05,0.021820317022502422,6180.0,6016.0,38.806154012680054,2.4223546981811523,41.228508710861206,6016.0,6497.4
ablation_no_zero_mask,344,15,8,P8,15,8.570833333333333e-05,-0.011595319723710418,6100.0,5850.0,34.86169409751892,2.1572282314300537,37.018922328948975,5850.0,6401.2
ablation_no_zero_mask,345,15,9,P9,15,8.566666666666667e-05,-0.014422041247598827,5815.0,5550.0,32.74676036834717,2.054719924926758,34.801480293273926,5550.0,6076.866666666667
ablation_no_zero_mask,346,15,10,P10,15,8.5625e-05,0.055909231305122375,6406.0,6117.0,20.21415424346924,1.307755470275879,21.521909713745117,6089.0,6750.533333333334
ablation_no_zero_mask,347,15,11,P11,15,8.558333333333333e-05,0.007010996050667018,12308.0,12250.0,38.657060861587524,2.542198896408081,41.199259757995605,11894.0,12778.866666666667
ablation_no_zero_mask,348,15,12,P12,15,8.554166666666668e-05,-0.02244841819629073,13716.0,13366.0,45.75727963447571,2.9644367694854736,48.72171640396118,13317.0,14136.0
ablation_no_zero_mask,349,15,13,P13,15,8.55e-05,0.008762633049627766,23704.0,22002.0,116.3674967288971,8.126357793807983,124.49385452270508,22002.0,24961.866666666665
ablation_no_zero_mask,350,15,14,P14,15,8.545833333333334e-05,-0.007930454943561926,25980.0,24041.0,117.54072427749634,8.078255653381348,125.61897993087769,24041.0,26930.866666666665
ablation_no_zero_mask,351,15,15,P15,15,8.541666666666666e-05,-0.003047228768991772,23618.0,21761.0,122.63525056838989,8.547054767608643,131.18230533599854,21761.0,24596.2
ablation_no_zero_mask,352,15,16,P16,15,8.5375e-05,-0.013173090107738972,22907.0,22334.0,148.98627424240112,10.502691745758057,159.48896598815918,22334.0,23925.133333333335
ablation_no_zero_mask,353,15,17,P17,15,8.533333333333334e-05,-0.0019530317760654726,23640.0,23488.0,149.5561022758484,10.68048095703125,160.23658323287964,23000.0,24872.933333333334
ablation_no_zero_mask,354,15,18,P18,15,8.529166666666668e-05,0.004580287274438888,23218.0,22375.0,140.16024589538574,9.849977016448975,150.01022291183472,22328.0,24153.066666666666
ablation_no_zero_mask,355,15,19,P19,15,8.525000000000001e-05,0.0024612378445453944,25993.0,25309.0,142.70667386054993,10.498274564743042,153.20494842529297,25190.0,26890.466666666667
ablation_no_zero_mask,356,15,20,P20,15,8.520833333333334e-05,0.0021782626266940498,25911.0,24356.0,155.3868989944458,11.427301406860352,166.81420040130615,24356.0,26249.533333333333
ablation_no_zero_mask,357,15,21,P21,15,8.516666666666667e-05,-0.004081863444298506,26548.0,26713.0,161.44696307182312,11.975633144378662,173.42259621620178,26294.0,28047.666666666668
ablation_no_zero_mask,358,15,22,P22,15,8.512500000000001e-05,-0.0016126488051668275,25627.0,25243.0,159.3279163837433,11.909089803695679,171.23700618743896,25150.0,26422.2
ablation_no_zero_mask,359,15,23,P23,15,8.508333333333333e-05,-0.0012570362211720618,35347.0,35375.0,214.4289093017578,16.081820011138916,230.51072931289673,35375.0,37511.666666666664
ablation_no_zero_mask,360,15,24,P24,15,8.504166666666667e-05,0.002588685747468844,25785.0,26087.0,143.87063813209534,10.778496980667114,154.64913511276245,25822.0,27514.133333333335
ablation_no_zero_mask,361,16,1,P1,16,8.5e-05,0.012070303899236023,6624.0,6910.0,32.007670640945435,2.049490451812744,34.05716109275818,6827.0,7110.75
ablation_no_zero_mask,362,16,2,P2,16,8.495833333333334e-05,-0.01761702459771186,8853.0,9051.0,40.820369720458984,2.625516176223755,43.44588589668274,8815.0,9324.9375
ablation_no_zero_mask,363,16,3,P3,16,8.491666666666667e-05,0.04653168935328722,6764.0,7019.0,29.409743309020996,1.8993406295776367,31.309083938598633,6055.0,6918.6875
ablation_no_zero_mask,364,16,4,P4,16,8.4875e-05,-0.024376429617404938,3936.0,3786.0,23.310739517211914,1.4793446063995361,24.79008412361145,3786.0,4220.125
ablation_no_zero_mask,365,16,5,P5,16,8.483333333333334e-05,-0.0371695039793849,4439.0,4302.0,25.481379508972168,1.6256120204925537,27.10699152946472,4302.0,4914.4375
ablation_no_zero_mask,366,16,6,P6,16,8.479166666666666e-05,0.017287495080381632,4365.0,4121.0,26.597033739089966,1.6805875301361084,28.277621269226074,4121.0,4808.875
ablation_no_zero_mask,367,16,7,P7,16,8.475000000000001e-05,0.029233095236122608,6035.0,6060.0,38.91139793395996,2.4391696453094482,41.35056757926941,6016.0,6470.0625
ablation_no_zero_mask,368,16,8,P8,16,8.470833333333334e-05,0.007215344987343997,6305.0,5955.0,34.08345627784729,2.1181321144104004,36.20158839225769,5850.0,6373.3125
ablation_no_zero_mask,369,16,9,P9,16,8.466666666666667e-05,-0.020178843813482672,5785.0,5600.0,32.037046909332275,2.0027270317077637,34.03977394104004,5550.0,6047.0625
ablation_no_zero_mask,370,16,10,P10,16,8.4625e-05,0.01987556926906109,6218.0,5890.0,19.79155206680298,1.304389476776123,21.0959415435791,5890.0,6696.75
ablation_no_zero_mask,371,16,11,P11,16,8.458333333333333e-05,0.010478832118678838,12054.0,12014.0,38.59188485145569,2.51263427734375,41.10451912879944,11894.0,12731.0625
ablation_no_zero_mask,372,16,12,P12,16,8.454166666666667e-05,-0.019885948859155178,12996.0,12554.0,45.736329317092896,3.001072645187378,48.73740196228027,12554.0,14037.125
ablation_no_zero_mask,373,16,13,P13,16,8.450000000000001e-05,-0.014468927402049303,22720.0,22166.0,116.21555542945862,8.242307662963867,124.45786309242249,22002.0,24787.125
ablation_no_zero_mask,374,16,14,P14,16,8.445833333333334e-05,-0.002455462254147278,24843.0,23806.0,117.92527365684509,8.417531728744507,126.3428053855896,23806.0,26735.5625
ablation_no_zero_mask,375,16,15,P15,16,8.441666666666668e-05,-0.005775422134320252,22827.0,21894.0,121.80600690841675,8.553214073181152,130.3592209815979,21761.0,24427.3125
ablation_no_zero_mask,376,16,16,P16,16,8.4375e-05,-0.01339392103254795,22942.0,22569.0,148.75876879692078,10.723320245742798,159.48208904266357,22334.0,23840.375
ablation_no_zero_mask,377,16,17,P17,16,8.433333333333333e-05,-0.005645246128551662,23191.0,23190.0,149.40589046478271,10.762781858444214,160.16867232322693,23000.0,24767.75
ablation_no_zero_mask,378,16,18,P18,16,8.429166666666666e-05,-0.002849102596519515,22509.0,21973.0,140.36263704299927,10.04325270652771,150.40588974952698,21973.0,24016.8125
ablation_no_zero_mask,379,16,19,P19,16,8.425e-05,0.005169759609270841,25517.0,24695.0,144.15873646736145,10.744936227798462,154.9036726951599,24695.0,26753.25
ablation_no_zero_mask,380,16,20,P20,16,8.420833333333334e-05,-0.00221771406577318,24673.0,24195.0,154.11438751220703,11.437212228775024,165.55159974098206,24195.0,26121.125
ablation_no_zero_mask,381,16,21,P21,16,8.416666666666668e-05,-0.001603582821553573,26393.0,26472.0,162.2679042816162,12.011237621307373,174.27914190292358,26294.0,27949.1875
ablation_no_zero_mask,382,16,22,P22,16,8.412500000000001e-05,-0.00031310052436310797,25151.0,25044.0,161.17935490608215,11.998354434967041,173.1777093410492,25044.0,26336.0625
ablation_no_zero_mask,383,16,23,P23,16,8.408333333333334e-05,-0.0019576550694182515,35601.0,34680.0,212.4182059764862,16.1360342502594,228.5542402267456,34680.0,37334.6875
ablation_no_zero_mask,384,16,24,P24,16,8.404166666666667e-05,-0.00045221865584608165,25536.0,25784.0,142.1930069923401,10.808817625045776,153.00182461738586,25784.0,27406.0
ablation_no_zero_mask,385,17,1,P1,17,8.4e-05,0.050121589563786983,6801.0,6916.0,32.24880909919739,2.0836877822875977,34.332496881484985,6827.0,7099.294117647059
ablation_no_zero_mask,386,17,2,P2,17,8.395833333333333e-05,-0.03761289548128843,9135.0,8957.0,40.68218779563904,2.6296815872192383,43.311869382858276,8815.0,9303.29411764706
ablation_no_zero_mask,387,17,3,P3,17,8.391666666666667e-05,0.04275471903383732,6730.0,6912.0,29.295576572418213,1.8890156745910645,31.184592247009277,6055.0,6918.294117647059
ablation_no_zero_mask,388,17,4,P4,17,8.3875e-05,-0.020637336187064648,3840.0,3738.0,23.155282497406006,1.493316411972046,24.64859890937805,3738.0,4191.764705882353
ablation_no_zero_mask,389,17,5,P5,17,8.383333333333334e-05,-0.012584652751684189,4528.0,4296.0,25.41499924659729,1.6223692893981934,27.037368535995483,4296.0,4878.058823529412
ablation_no_zero_mask,390,17,6,P6,17,8.379166666666667e-05,0.0013425796350929886,4343.0,4170.0,26.454244375228882,1.672672986984253,28.126917362213135,4121.0,4771.294117647059
ablation_no_zero_mask,391,17,7,P7,17,8.375e-05,0.008261544513516128,6010.0,6150.0,38.724180936813354,2.4149420261383057,41.13912296295166,6016.0,6451.235294117647
ablation_no_zero_mask,392,17,8,P8,17,8.370833333333334e-05,0.00084783008787781,5980.0,6030.0,34.56726837158203,2.129868268966675,36.697136640548706,5850.0,6353.117647058823
ablation_no_zero_mask,393,17,9,P9,17,8.366666666666668e-05,0.010984647553414106,5855.0,5840.0,32.339152097702026,2.021389961242676,34.3605420589447,5550.0,6034.882352941177
ablation_no_zero_mask,394,17,10,P10,17,8.3625e-05,-0.050455041229724884,5918.0,5841.0,19.962347507476807,1.2896389961242676,21.251986503601074,5841.0,6646.411764705882
ablation_no_zero_mask,395,17,11,P11,17,8.358333333333334e-05,-0.023244009353220463,12212.0,11939.0,38.51817536354065,2.497464656829834,41.01564002037048,11894.0,12684.470588235294
ablation_no_zero_mask,396,17,12,P12,17,8.354166666666667e-05,0.015849477611482143,13343.0,12520.0,45.82019090652466,3.0051727294921875,48.825363636016846,12520.0,13947.882352941177
ablation_no_zero_mask,397,17,13,P13,17,8.35e-05,0.0009208936298819026,22571.0,22050.0,117.04327368736267,8.33020544052124,125.37347912788391,22002.0,24626.117647058825
ablation_no_zero_mask,398,17,14,P14,17,8.345833333333333e-05,0.0004395722080516862,24640.0,24055.0,117.13210558891296,8.363389253616333,125.4954948425293,23806.0,26577.882352941175
ablation_no_zero_mask,399,17,15,P15,17,8.341666666666667e-05,-0.004781193143571727,22422.0,21343.0,124.33567547798157,8.625843286514282,132.96151876449585,21343.0,24245.882352941175
ablation_no_zero_mask,400,17,16,P16,17,8.337500000000001e-05,-0.008292923169210552,22039.0,21693.0,148.74651718139648,10.737785577774048,159.48430275917053,21693.0,23714.058823529413
ablation_no_zero_mask,401,17,17,P17,17,8.333333333333334e-05,-0.005593588470946998,22624.0,22635.0,149.46818900108337,10.767805337905884,160.23599433898926,22635.0,24642.29411764706
ablation_no_zero_mask,402,17,18,P18,17,8.329166666666667e-05,0.0003763674463698408,22234.0,21882.0,140.15765500068665,10.00200080871582,150.15965580940247,21882.0,23891.235294117647
ablation_no_zero_mask,403,17,19,P19,17,8.325e-05,0.003151657493435778,25027.0,24734.0,143.29761266708374,10.811989068984985,154.10960173606873,24695.0,26634.470588235294
ablation_no_zero_mask,404,17,20,P20,17,8.320833333333333e-05,-0.002546735976648051,24705.0,23846.0,156.07727217674255,11.487923622131348,167.5651957988739,23846.0,25987.29411764706
ablation_no_zero_mask,405,17,21,P21,17,8.316666666666666e-05,-0.001334848728583893,26003.0,25693.0,164.39375948905945,12.15710973739624,176.5508692264557,25693.0,27816.470588235294
ablation_no_zero_mask,406,17,22,P22,17,8.312500000000001e-05,-0.0018965288589242845,24960.0,24896.0,161.84713220596313,12.245349884033203,174.09248208999634,24896.0,26251.352941176472
ablation_no_zero_mask,407,17,23,P23,17,8.308333333333334e-05,-0.0012774128367059997,35397.0,35685.0,217.358784198761,16.43134307861328,233.79012727737427,34680.0,37237.64705882353
ablation_no_zero_mask,408,17,24,P24,17,8.304166666666667e-05,0.004006196052068844,25194.0,25504.0,144.20724964141846,10.822135925292969,155.02938556671143,25504.0,27294.117647058825
ablation_no_zero_mask,409,18,1,P1,18,8.3e-05,0.01343059039209038,6825.0,6841.0,32.18158006668091,2.0785739421844482,34.260154008865356,6827.0,7084.944444444444
ablation_no_zero_mask,410,18,2,P2,18,8.295833333333333e-05,-0.02288204454816878,8850.0,9008.0,41.013751745224,2.640723943710327,43.654475688934326,8815.0,9286.888888888889
ablation_no_zero_mask,411,18,3,P3,18,8.291666666666666e-05,0.04743558494374156,6768.0,6826.0,29.626885175704956,1.9226353168487549,31.54952049255371,6055.0,6913.166666666667
ablation_no_zero_mask,412,18,4,P4,18,8.287500000000001e-05,-0.010495494352653623,3940.0,3778.0,22.99831199645996,1.4915659427642822,24.489877939224243,3738.0,4168.777777777777
ablation_no_zero_mask,413,18,5,P5,18,8.283333333333335e-05,-0.022084864787757397,4457.0,4317.0,25.273579597473145,1.6194639205932617,26.893043518066406,4296.0,4846.888888888889
ablation_no_zero_mask,414,18,6,P6,18,8.279166666666667e-05,-0.014523339923471212,4263.0,4081.0,26.219043970108032,1.6744592189788818,27.893503189086914,4081.0,4732.944444444444
ablation_no_zero_mask,415,18,7,P7,18,8.275e-05,0.015430357423610985,6110.0,5980.0,38.676806688308716,2.4097652435302734,41.08657193183899,5980.0,6425.055555555556
ablation_no_zero_mask,416,18,8,P8,18,8.270833333333334e-05,0.015002174070104957,6100.0,6180.0,33.801589250564575,2.144404649734497,35.94599390029907,5850.0,6343.5
ablation_no_zero_mask,417,18,9,P9,18,8.266666666666667e-05,-0.03607146046124399,5630.0,5740.0,31.95399308204651,2.0504443645477295,34.00443744659424,5550.0,6018.5
ablation_no_zero_mask,418,18,10,P10,18,8.2625e-05,0.02566384756937623,6120.0,5716.0,20.321662187576294,1.3100855350494385,21.631747722625732,5716.0,6594.722222222223
ablation_no_zero_mask,419,18,11,P11,18,8.258333333333334e-05,0.0003603657096391544,11754.0,11694.0,39.01893925666809,2.5111536979675293,41.53009295463562,11694.0,12629.444444444445
ablation_no_zero_mask,420,18,12,P12,18,8.254166666666668e-05,-0.016906192991882563,12900.0,12423.0,45.57621121406555,3.022361993789673,48.598573207855225,12423.0,13863.166666666666
ablation_no_zero_mask,421,18,13,P13,18,8.25e-05,0.0019633407373476075,22007.0,21336.0,118.38857579231262,8.376230716705322,126.76480650901794,21336.0,24443.333333333332
ablation_no_zero_mask,422,18,14,P14,18,8.245833333333334e-05,-0.0034550048148958012,24501.0,24441.0,118.16905069351196,8.407739162445068,126.57678985595703,23806.0,26459.166666666668
ablation_no_zero_mask,423,18,15,P15,18,8.241666666666667e-05,-0.004976805619662628,22194.0,21255.0,123.15932941436768,8.586652278900146,131.74598169326782,21255.0,24079.722222222223
ablation_no_zero_mask,424,18,16,P16,18,8.2375e-05,-0.007546373479999602,22203.0,21601.0,153.0070459842682,10.89213252067566,163.89917850494385,21601.0,23596.666666666668
ablation_no_zero_mask,425,18,17,P17,18,8.233333333333333e-05,-0.003598633443471044,22818.0,22628.0,149.17736172676086,10.64276123046875,159.82012295722961,22628.0,24530.38888888889
ablation_no_zero_mask,426,18,18,P18,18,8.229166666666667e-05,0.0021088838926516472,21932.0,21610.0,139.32192087173462,10.094586610794067,149.4165074825287,21610.0,23764.5
ablation_no_zero_mask,427,18,19,P19,18,8.225000000000001e-05,0.00609338260255754,24539.0,24408.0,142.8455319404602,10.899919271469116,153.74545121192932,24408.0,26510.777777777777
ablation_no_zero_mask,428,18,20,P20,18,8.220833333333333e-05,-0.0012801233096979558,24258.0,24121.0,156.11886930465698,11.574554443359375,167.69342374801636,23846.0,25883.61111111111
ablation_no_zero_mask,429,18,21,P21,18,8.216666666666667e-05,0.0013249804760562256,26167.0,25375.0,164.952232837677,12.466187477111816,177.41842031478882,25375.0,27680.833333333332
ablation_no_zero_mask,430,18,22,P22,18,8.2125e-05,-0.0018585124707897194,24801.0,24501.0,164.78192281723022,12.33963918685913,177.12156200408936,24501.0,26154.11111111111
ablation_no_zero_mask,431,18,23,P23,18,8.208333333333334e-05,2.823862996592652e-05,34943.0,35160.0,217.8470482826233,16.41158652305603,234.25863480567932,34680.0,37122.22222222222
ablation_no_zero_mask,432,18,24,P24,18,8.204166666666668e-05,0.0005443684589408804,24931.0,25839.0,144.93046164512634,10.816857099533081,155.74731874465942,25504.0,27213.277777777777
ablation_no_zero_mask,433,19,1,P1,19,8.200000000000001e-05,0.020093841943889856,6814.0,6669.0,32.2513701915741,2.0880630016326904,34.33943319320679,6669.0,7063.0526315789475
ablation_no_zero_mask,434,19,2,P2,19,8.195833333333334e-05,-0.01661778148263693,9116.0,8953.0,40.97006273269653,2.650550603866577,43.62061333656311,8815.0,9269.315789473685
ablation_no_zero_mask,435,19,3,P3,19,8.191666666666666e-05,0.023281307192519307,6520.0,6828.0,29.497431993484497,1.921245813369751,31.418677806854248,6055.0,6908.684210526316
ablation_no_zero_mask,436,19,4,P4,19,8.1875e-05,-0.0021839053370058537,3929.0,3795.0,23.111005544662476,1.48941969871521,24.600425243377686,3738.0,4149.105263157895
ablation_no_zero_mask,437,19,5,P5,19,8.183333333333333e-05,-0.010361225111410022,4373.0,4286.0,25.69897985458374,1.6225056648254395,27.32148551940918,4286.0,4817.368421052632
ablation_no_zero_mask,438,19,6,P6,19,8.179166666666667e-05,0.0028761140420101583,4348.0,4122.0,26.311498641967773,1.7126636505126953,28.02416229248047,4081.0,4700.789473684211
ablation_no_zero_mask,439,19,7,P7,19,8.175000000000001e-05,0.008656695717945695,5990.0,6070.0,38.1369743347168,2.4724502563476562,40.60942459106445,5980.0,6406.368421052632
ablation_no_zero_mask,440,19,8,P8,19,8.170833333333335e-05,-0.007198121456895024,6130.0,5940.0,34.08770823478699,2.212113380432129,36.299821615219116,5850.0,6322.263157894737
ablation_no_zero_mask,441,19,9,P9,19,8.166666666666667e-05,-0.0014392766024684533,5690.0,5725.0,32.15448975563049,2.1002109050750732,34.254700660705566,5550.0,6003.0526315789475
ablation_no_zero_mask,442,19,10,P10,19,8.1625e-05,-0.0012484895996749401,6016.0,5803.0,20.02833580970764,1.3059723377227783,21.33430814743042,5716.0,6553.0526315789475
ablation_no_zero_mask,443,19,11,P11,19,8.158333333333333e-05,-0.010076142789330333,11961.0,11839.0,38.97024655342102,2.536357879638672,41.50660443305969,11694.0,12587.842105263158
ablation_no_zero_mask,444,19,12,P12,19,8.154166666666667e-05,0.006626820599194616,12755.0,12943.0,46.65434265136719,3.0309104919433594,49.68525314331055,12423.0,13814.736842105263
ablation_no_zero_mask,445,19,13,P13,19,8.15e-05,-0.02812796551734209,22479.0,22325.0,116.53087496757507,8.313907146453857,124.84478211402893,21336.0,24331.842105263157
ablation_no_zero_mask,446,19,14,P14,19,8.145833333333334e-05,-0.0063668185321148485,24569.0,24111.0,118.03186869621277,8.414470911026001,126.44633960723877,23806.0,26335.57894736842
ablation_no_zero_mask,447,19,15,P15,19,8.141666666666668e-05,-0.003390026668057544,22462.0,21618.0,122.15596532821655,8.704127311706543,130.8600926399231,21255.0,23950.157894736843
ablation_no_zero_mask,448,19,16,P16,19,8.1375e-05,-0.0037639364134520294,22223.0,21771.0,148.15164065361023,10.675277948379517,158.82691860198975,21601.0,23500.57894736842
ablation_no_zero_mask,449,19,17,P17,19,8.133333333333334e-05,-0.0034460979280993343,22435.0,22806.0,148.82949113845825,10.822746515274048,159.6522376537323,22628.0,24439.63157894737
ablation_no_zero_mask,450,19,18,P18,19,8.129166666666667e-05,0.0020376049098558722,21681.0,21527.0,138.00698018074036,10.019323110580444,148.0263032913208,21527.0,23646.736842105263
ablation_no_zero_mask,451,19,19,P19,19,8.125000000000001e-05,0.0015183352916210424,24526.0,23938.0,144.81595611572266,10.84471845626831,155.66067457199097,23938.0,26375.36842105263
ablation_no_zero_mask,452,19,20,P20,19,8.120833333333333e-05,5.116836109664291e-06,24184.0,23689.0,156.3115074634552,11.607638835906982,167.91914629936218,23689.0,25768.105263157893
ablation_no_zero_mask,453,19,21,P21,19,8.116666666666667e-05,0.0008926646267354954,25405.0,25266.0,166.12721633911133,12.391194581985474,178.5184109210968,25266.0,27553.736842105263
ablation_no_zero_mask,454,19,22,P22,19,8.112500000000001e-05,-0.0009520786941720871,24861.0,23799.0,163.51366257667542,12.452359914779663,175.96602249145508,23799.0,26030.157894736843
ablation_no_zero_mask,455,19,23,P23,19,8.108333333333333e-05,-0.0012163099147853376,34226.0,35039.0,218.31319856643677,16.433425426483154,234.74662399291992,34680.0,37012.57894736842
ablation_no_zero_mask,456,19,24,P24,19,8.104166666666667e-05,0.0007174353122536559,25302.0,25575.0,145.9249188899994,10.80894160270691,156.7338604927063,25504.0,27127.052631578947
ablation_no_zero_mask,457,20,1,P1,20,8.1e-05,0.009444285009521991,6712.0,6635.0,31.819525003433228,2.064284324645996,33.883809328079224,6635.0,7041.65
ablation_no_zero_mask,458,20,2,P2,20,8.095833333333334e-05,-0.0204274645075202,8922.0,8873.0,40.44211268424988,2.636719226837158,43.078831911087036,8815.0,9249.5
ablation_no_zero_mask,459,20,3,P3,20,8.091666666666668e-05,0.03702660417184234,6604.0,6834.0,29.303159475326538,1.9106154441833496,31.213774919509888,6055.0,6904.95
ablation_no_zero_mask,460,20,4,P4,20,8.0875e-05,-0.032277949154376984,3756.0,3772.0,23.27670907974243,1.4740726947784424,24.750781774520874,3738.0,4130.25
ablation_no_zero_mask,461,20,5,P5,20,8.083333333333334e-05,-0.0008663811895530671,4372.0,4282.0,25.47718071937561,1.6234676837921143,27.100648403167725,4282.0,4790.6
ablation_no_zero_mask,462,20,6,P6,20,8.079166666666666e-05,0.03299164678901434,4380.0,4186.0,26.434505224227905,1.6986100673675537,28.13311529159546,4081.0,4675.05
ablation_no_zero_mask,463,20,7,P7,20,8.075e-05,0.035528285196051,6010.0,6000.0,38.507453203201294,2.3929312229156494,40.90038442611694,5980.0,6386.05
ablation_no_zero_mask,464,20,8,P8,20,8.070833333333335e-05,-0.01910406700335443,6040.0,5965.0,33.642601013183594,2.1174662113189697,35.76006722450256,5850.0,6304.4
ablation_no_zero_mask,465,20,9,P9,20,8.066666666666667e-05,-0.0070694973692297935,5750.0,5690.0,32.047086238861084,2.0187718868255615,34.065858125686646,5550.0,5987.4
ablation_no_zero_mask,466,20,10,P10,20,8.062500000000001e-05,0.015176947927102447,5993.0,5720.0,20.10050868988037,1.3161487579345703,21.41665744781494,5716.0,6511.4
ablation_no_zero_mask,467,20,11,P11,20,8.058333333333335e-05,-0.0058236346376361325,11954.0,11899.0,38.735403060913086,2.5238683223724365,41.25927138328552,11694.0,12553.4
ablation_no_zero_mask,468,20,12,P12,20,8.054166666666667e-05,-0.014770506881177425,12685.0,12591.0,45.7567834854126,2.9825448989868164,48.739328384399414,12423.0,13753.55
ablation_no_zero_mask,469,20,13,P13,20,8.049999999999999e-05,0.005947123660007492,21910.0,21909.0,116.27977275848389,8.1913583278656,124.47113108634949,21336.0,24210.7
ablation_no_zero_mask,470,20,14,P14,20,8.045833333333334e-05,-0.006468349805800244,24361.0,23651.0,116.90444231033325,8.287045001983643,125.1914873123169,23651.0,26201.35
ablation_no_zero_mask,471,20,15,P15,20,8.041666666666668e-05,-0.0034685454083955847,21882.0,21342.0,123.00889277458191,8.491463422775269,131.50035619735718,21255.0,23819.75
ablation_no_zero_mask,472,20,16,P16,20,8.0375e-05,-0.010059759533032776,22091.0,21340.0,147.72541451454163,10.63348937034607,158.3589038848877,21340.0,23392.55
ablation_no_zero_mask,473,20,17,P17,20,8.033333333333334e-05,-0.0037791307317093016,22550.0,22492.0,149.87350463867188,11.024073362350464,160.89757800102234,22492.0,24342.25
ablation_no_zero_mask,474,20,18,P18,20,8.029166666666668e-05,0.0043380400049500166,22113.0,21089.0,138.44822907447815,9.954528331756592,148.40275740623474,21089.0,23518.85
ablation_no_zero_mask,475,20,19,P19,20,8.025e-05,0.006752225116360933,24687.0,24058.0,144.03104162216187,10.904279470443726,154.9353210926056,23938.0,26259.5
ablation_no_zero_mask,476,20,20,P20,20,8.020833333333334e-05,-0.001390937267569825,24121.0,23477.0,154.712486743927,11.519318580627441,166.23180532455444,23477.0,25653.55
ablation_no_zero_mask,477,20,21,P21,20,8.016666666666667e-05,0.0008129434361762832,26077.0,25467.0,163.83950471878052,12.25676941871643,176.09627413749695,25266.0,27449.4
ablation_no_zero_mask,478,20,22,P22,20,8.012500000000001e-05,-0.0011752600184991024,24972.0,24147.0,163.41174936294556,12.192020654678345,175.6037700176239,23799.0,25936.0
ablation_no_zero_mask,479,20,23,P23,20,8.008333333333333e-05,-0.0034618272579142024,34642.0,34731.0,216.14206767082214,16.406808137893677,232.54887580871582,34680.0,36898.5
ablation_no_zero_mask,480,20,24,P24,20,8.004166666666667e-05,0.004202417422129656,25542.0,25167.0,145.71057033538818,10.872597217559814,156.583167552948,25167.0,27029.05
ablation_no_zero_mask,481,21,1,P1,21,8e-05,0.008685439650435,6726.0,6841.0,32.52490496635437,2.072746515274048,34.59765148162842,6635.0,7032.0952380952385
ablation_no_zero_mask,482,21,2,P2,21,7.995833333333333e-05,-0.008764906728174537,8933.0,8953.0,40.88479208946228,2.616755485534668,43.50154757499695,8815.0,9235.380952380952
ablation_no_zero_mask,483,21,3,P3,21,7.991666666666667e-05,0.038576056249439716,6804.0,6808.0,29.279208183288574,1.890249490737915,31.16945767402649,6055.0,6900.333333333333
ablation_no_zero_mask,484,21,4,P4,21,7.9875e-05,-0.010694533353671432,3860.0,3742.0,23.162469387054443,1.491852045059204,24.654321432113647,3738.0,4111.761904761905
ablation_no_zero_mask,485,21,5,P5,21,7.983333333333334e-05,-0.014954108744859695,4454.0,4261.0,25.411665439605713,1.6226284503936768,27.03429388999939,4261.0,4765.380952380952
ablation_no_zero_mask,486,21,6,P6,21,7.979166666666666e-05,0.002704819431528449,4246.0,4121.0,26.457438468933105,1.6903204917907715,28.147758960723877,4081.0,4648.666666666667
ablation_no_zero_mask,487,21,7,P7,21,7.975e-05,0.04411447420716286,6110.0,6055.0,38.67451810836792,2.478562593460083,41.153080701828,5980.0,6370.285714285715
ablation_no_zero_mask,488,21,8,P8,21,7.970833333333334e-05,-0.02281306986697018,5930.0,5790.0,34.021079301834106,2.1609930992126465,36.18207240104675,5790.0,6279.9047619047615
ablation_no_zero_mask,489,21,9,P9,21,7.966666666666666e-05,-0.011862354702316225,5655.0,5625.0,32.45468258857727,2.0054826736450195,34.46016526222229,5550.0,5970.142857142857
ablation_no_zero_mask,490,21,10,P10,21,7.962500000000001e-05,0.004168241168372333,6095.0,5783.0,19.908182859420776,1.2953922748565674,21.203575134277344,5716.0,6476.714285714285
ablation_no_zero_mask,491,21,11,P11,21,7.958333333333335e-05,-0.011702149931807071,11976.0,11594.0,38.29834771156311,2.5117650032043457,40.810112714767456,11594.0,12507.714285714286
ablation_no_zero_mask,492,21,12,P12,21,7.954166666666667e-05,-0.017417239723727107,12791.0,12180.0,46.15372347831726,3.027165651321411,49.18088912963867,12180.0,13678.619047619048
ablation_no_zero_mask,493,21,13,P13,21,7.950000000000001e-05,0.003828330271062441,21058.0,20633.0,116.41917610168457,8.294873714447021,124.71404981613159,20633.0,24040.333333333332
ablation_no_zero_mask,494,21,14,P14,21,7.945833333333333e-05,-0.0017215390753335669,23098.0,22977.0,117.28163456916809,8.445884227752686,125.72751879692078,22977.0,26047.809523809523
ablation_no_zero_mask,495,21,15,P15,21,7.941666666666667e-05,-0.00352903529710602,21404.0,20795.0,121.66121220588684,8.56648063659668,130.22769284248352,20795.0,23675.714285714286
ablation_no_zero_mask,496,21,16,P16,21,7.9375e-05,-0.0047616771305911245,21253.0,20938.0,147.84919333457947,10.75551986694336,158.60471320152283,20938.0,23275.666666666668
ablation_no_zero_mask,497,21,17,P17,21,7.933333333333334e-05,-0.0006470410491601797,21587.0,21382.0,147.8714780807495,11.024762153625488,158.896240234375,21382.0,24201.285714285714
ablation_no_zero_mask,498,21,18,P18,21,7.929166666666668e-05,0.0013039208839472848,20931.0,20598.0,138.4056315422058,9.960713148117065,148.36634469032288,20598.0,23379.761904761905
ablation_no_zero_mask,499,21,19,P19,21,7.925e-05,0.004449197219219059,23690.0,23618.0,143.77068257331848,10.883062601089478,154.65374517440796,23618.0,26133.714285714286
ablation_no_zero_mask,500,21,20,P20,21,7.920833333333334e-05,-0.003934114778530784,23195.0,23141.0,155.55255651474,11.705508708953857,167.25806522369385,23141.0,25533.904761904763
ablation_no_zero_mask,501,21,21,P21,21,7.916666666666666e-05,0.004717016778886318,24870.0,24532.0,166.2686789035797,12.42138957977295,178.69006848335266,24532.0,27310.47619047619
ablation_no_zero_mask,502,21,22,P22,21,7.9125e-05,-0.0028276188822928816,23961.0,24096.0,166.70227599143982,12.631343126296997,179.33361911773682,23799.0,25848.380952380954
ablation_no_zero_mask,503,21,23,P23,21,7.908333333333334e-05,0.0004718455576429343,33413.0,33808.0,220.12283968925476,16.731902360916138,236.8547420501709,33808.0,36751.333333333336
ablation_no_zero_mask,504,21,24,P24,21,7.904166666666667e-05,0.0008599764340033289,24854.0,24356.0,146.20305275917053,11.188323974609375,157.3913767337799,24356.0,26901.761904761905
ablation_no_zero_mask,505,22,1,P1,22,7.900000000000001e-05,0.01426559197716415,6583.0,6572.0,32.45208287239075,2.037989377975464,34.49007225036621,6572.0,7011.181818181818
ablation_no_zero_mask,506,22,2,P2,22,7.895833333333333e-05,-0.0120350350625813,8673.0,8882.0,41.10059356689453,2.662722110748291,43.76331567764282,8815.0,9219.318181818182
ablation_no_zero_mask,507,22,3,P3,22,7.891666666666667e-05,0.035743017215281725,6557.0,6754.0,29.482136726379395,1.8809123039245605,31.363049030303955,6055.0,6893.681818181818
ablation_no_zero_mask,508,22,4,P4,22,7.8875e-05,-0.021444015204906464,3754.0,3665.0,22.965624809265137,1.4702727794647217,24.43589758872986,3665.0,4091.4545454545455
ablation_no_zero_mask,509,22,5,P5,22,7.883333333333334e-05,0.004148202016949654,4311.0,4221.0,25.433926582336426,1.6199836730957031,27.05391025543213,4221.0,4740.636363636364
ablation_no_zero_mask,510,22,6,P6,22,7.879166666666667e-05,0.00967341661453247,4098.0,4106.0,26.362072706222534,1.691892147064209,28.053964853286743,4081.0,4624.0
ablation_no_zero_mask,511,22,7,P7,22,7.875e-05,0.026136081665754318,5935.0,5990.0,38.82697796821594,2.4470455646514893,41.27402353286743,5980.0,6353.0
ablation_no_zero_mask,512,22,8,P8,22,7.870833333333334e-05,-0.01740105717908591,5880.0,5752.0,34.08491063117981,2.1396312713623047,36.224541902542114,5752.0,6255.909090909091
ablation_no_zero_mask,513,22,9,P9,22,7.866666666666666e-05,0.010022290633060038,5580.0,5557.0,32.30878043174744,2.032442808151245,34.34122323989868,5550.0,5951.363636363636
ablation_no_zero_mask,514,22,10,P10,22,7.8625e-05,0.05369433667510748,6158.0,5803.0,20.28247356414795,1.3130009174346924,21.59547448158264,5716.0,6446.090909090909
ablation_no_zero_mask,515,22,11,P11,22,7.858333333333334e-05,-0.015766618656925857,11549.0,11594.0,38.34414339065552,2.5205516815185547,40.86469507217407,11594.0,12466.181818181818
ablation_no_zero_mask,516,22,12,P12,22,7.854166666666667e-05,-0.026694139931350946,12290.0,12103.0,45.29459285736084,3.013101816177368,48.30769467353821,12103.0,13607.0
ablation_no_zero_mask,517,22,13,P13,22,7.850000000000001e-05,0.015386447019409388,20399.0,19953.0,116.55495715141296,8.352098941802979,124.90705609321594,19953.0,23854.545454545456
ablation_no_zero_mask,518,22,14,P14,22,7.845833333333333e-05,-0.009182877955026925,22810.0,22438.0,117.36714434623718,8.434985399246216,125.8021297454834,22438.0,25883.727272727272
ablation_no_zero_mask,519,22,15,P15,22,7.841666666666667e-05,-0.00039779573262421764,20806.0,20441.0,120.34047508239746,8.65761137008667,128.99808645248413,20441.0,23528.68181818182
ablation_no_zero_mask,520,22,16,P16,22,7.8375e-05,0.0041846772888675336,20913.0,20671.0,148.33278441429138,10.758600950241089,159.09138536453247,20671.0,23157.272727272728
ablation_no_zero_mask,521,22,17,P17,22,7.833333333333333e-05,0.0010425911030324641,21580.0,21278.0,146.06855607032776,10.750346899032593,156.81890296936035,21278.0,24068.409090909092
ablation_no_zero_mask,522,22,18,P18,22,7.829166666666667e-05,-0.0021140783792361617,20740.0,20485.0,139.65276098251343,10.102735757827759,149.7554967403412,20485.0,23248.18181818182
ablation_no_zero_mask,523,22,19,P19,22,7.825e-05,0.00023294182210520376,23627.0,22955.0,145.39918065071106,10.774164915084839,156.1733455657959,22955.0,25989.227272727272
ablation_no_zero_mask,524,22,20,P20,22,7.820833333333334e-05,-5.473566852742806e-05,22972.0,22715.0,155.4918975830078,11.45316219329834,166.94505977630615,22715.0,25405.772727272728
ablation_no_zero_mask,525,22,21,P21,22,7.816666666666668e-05,0.0016471811431983951,24619.0,24091.0,165.79423451423645,12.388791799545288,178.18302631378174,24091.0,27164.136363636364
ablation_no_zero_mask,526,22,22,P22,22,7.8125e-05,-0.0008428261811786797,24021.0,24143.0,164.98809218406677,12.460054874420166,177.44814705848694,23799.0,25770.863636363636
ablation_no_zero_mask,527,22,23,P23,22,7.808333333333332e-05,-0.0012525040365289897,33154.0,33032.0,218.52534341812134,16.52386498451233,235.04920840263367,33032.0,36582.27272727273
ablation_no_zero_mask,528,22,24,P24,22,7.804166666666666e-05,0.0017552793491631747,24567.0,24702.0,145.8238079547882,11.148896932601929,156.97270488739014,24356.0,26801.772727272728
ablation_no_zero_mask,529,23,1,P1,23,7.800000000000001e-05,0.02683148253709078,6602.0,6424.0,32.413071632385254,2.068696975708008,34.48176860809326,6424.0,6985.652173913043
ablation_no_zero_mask,530,23,2,P2,23,7.795833333333334e-05,-0.03110322030261159,8839.0,8862.0,41.077428579330444,2.6560449600219727,43.73347353935242,8815.0,9203.782608695652
ablation_no_zero_mask,531,23,3,P3,23,7.791666666666667e-05,0.04229771066457033,6667.0,6864.0,29.49091339111328,1.9106659889221191,31.4015793800354,6055.0,6892.391304347826
ablation_no_zero_mask,532,23,4,P4,23,7.787500000000001e-05,-0.03283548727631569,3779.0,3758.0,23.103517293930054,1.4844326972961426,24.587949991226196,3665.0,4076.9565217391305
ablation_no_zero_mask,533,23,5,P5,23,7.783333333333333e-05,-0.023965490981936455,4486.0,4378.0,25.104708909988403,1.6037230491638184,26.70843195915222,4221.0,4724.869565217391
ablation_no_zero_mask,534,23,6,P6,23,7.779166666666667e-05,-0.003455112047959119,4198.0,4221.0,25.793590545654297,1.6614949703216553,27.455085515975952,4081.0,4606.478260869565
ablation_no_zero_mask,535,23,7,P7,23,7.775e-05,0.035579558461904526,6006.0,5970.0,38.1060836315155,2.4253227710723877,40.53140640258789,5970.0,6336.347826086957
ablation_no_zero_mask,536,23,8,P8,23,7.770833333333334e-05,0.0021924475877312943,6000.0,5855.0,33.979413747787476,2.1452269554138184,36.124640703201294,5752.0,6238.478260869565
ablation_no_zero_mask,537,23,9,P9,23,7.766666666666667e-05,-0.007430072262650356,5780.0,5910.0,32.18316912651062,2.0364186763763428,34.21958780288696,5550.0,5949.565217391304
ablation_no_zero_mask,538,23,10,P10,23,7.7625e-05,-0.02022079424932599,5719.0,5820.0,20.009790182113647,1.30598783493042,21.315778017044067,5716.0,6418.869565217391
ablation_no_zero_mask,539,23,11,P11,23,7.758333333333334e-05,-0.0033118515857495368,11854.0,12379.0,38.700032472610474,2.5637431144714355,41.26377558708191,11594.0,12462.391304347826
ablation_no_zero_mask,540,23,12,P12,23,7.754166666666666e-05,0.0029794489237247035,13134.0,12580.0,45.38921880722046,2.9741106033325195,48.36332941055298,12103.0,13562.347826086956
ablation_no_zero_mask,541,23,13,P13,23,7.75e-05,-0.003933791325835045,21734.0,21050.0,114.69178748130798,8.258763790130615,122.9505512714386,19953.0,23732.608695652172
ablation_no_zero_mask,542,23,14,P14,23,7.745833333333335e-05,-0.0017475961249147076,23550.0,22874.0,117.12281274795532,8.262162685394287,125.38497543334961,22438.0,25752.869565217392
ablation_no_zero_mask,543,23,15,P15,23,7.741666666666667e-05,-0.004935163844493218,21623.0,20862.0,120.85702419281006,8.549671411514282,129.40669560432434,20441.0,23412.739130434784
ablation_no_zero_mask,544,23,16,P16,23,7.7375e-05,0.0013782911591988523,21530.0,20919.0,147.85491156578064,10.719267129898071,158.5741786956787,20671.0,23059.956521739132
ablation_no_zero_mask,545,23,17,P17,23,7.733333333333333e-05,-0.0017283346387557685,21757.0,21673.0,146.96162962913513,10.71271300315857,157.6743426322937,21278.0,23964.260869565216
ablation_no_zero_mask,546,23,18,P18,23,7.729166666666667e-05,0.00042109854257432744,21139.0,20720.0,137.05530405044556,9.958005905151367,147.01330995559692,20485.0,23138.260869565216
ablation_no_zero_mask,547,23,19,P19,23,7.725e-05,0.0052116846782155335,23986.0,23592.0,142.66078972816467,10.730520486831665,153.39131021499634,22955.0,25885.0
ablation_no_zero_mask,548,23,20,P20,23,7.720833333333334e-05,-0.00631318474188447,23049.0,22883.0,154.9206144809723,11.62285828590393,166.54347276687622,22715.0,25296.08695652174
ablation_no_zero_mask,549,23,21,P21,23,7.716666666666668e-05,0.0024171807657694445,24648.0,24320.0,152.49589681625366,5.079282760620117,157.57517957687378,24091.0,27040.478260869564
ablation_no_zero_mask,550,23,22,P22,23,7.7125e-05,-0.002339225419564173,23980.0,23703.0,65.11910247802734,5.0259504318237305,70.14505290985107,23703.0,25680.956521739132
ablation_no_zero_mask,551,23,23,P23,23,7.708333333333334e-05,-0.00016578057303766918,33279.0,33902.0,86.96353578567505,6.654622554779053,93.6181583404541,33032.0,36465.739130434784
ablation_no_zero_mask,552,23,24,P24,23,7.704166666666666e-05,0.004549631767440587,24997.0,24404.0,57.343913316726685,4.682219505310059,62.02613282203674,24356.0,26697.521739130436
ablation_no_zero_mask,553,24,1,P1,24,7.7e-05,0.010141821694560349,6718.0,6647.0,12.419030904769897,0.8682732582092285,13.287304162979126,6424.0,6971.541666666667
ablation_no_zero_mask,554,24,2,P2,24,7.695833333333334e-05,-0.014720550156198442,8891.0,8855.0,15.860505104064941,1.0959806442260742,16.956485748291016,8815.0,9189.25
ablation_no_zero_mask,555,24,3,P3,24,7.691666666666668e-05,0.025860646506771445,6665.0,6925.0,11.406784534454346,0.7632782459259033,12.170062780380249,6055.0,6893.75
ablation_no_zero_mask,556,24,4,P4,24,7.687500000000001e-05,0.005781311425380409,3798.0,3764.0,8.905113935470581,0.592409610748291,9.497523546218872,3665.0,4063.9166666666665
ablation_no_zero_mask,557,24,5,P5,24,7.683333333333334e-05,0.0048702649073675275,4452.0,4426.0,9.820480823516846,0.6535205841064453,10.474001407623291,4221.0,4712.416666666667
ablation_no_zero_mask,558,24,6,P6,24,7.679166666666667e-05,-0.007512077805586159,4262.0,4167.0,10.212627172470093,0.6992311477661133,10.911858320236206,4081.0,4588.166666666667
ablation_no_zero_mask,559,24,7,P7,24,7.675e-05,0.0071278442337643355,6015.0,6010.0,14.941990613937378,0.9777882099151611,15.919778823852539,5970.0,6322.75
ablation_no_zero_mask,560,24,8,P8,24,7.670833333333333e-05,-0.0044446261308621615,5960.0,5858.0,13.177361726760864,0.8585126399993896,14.035874366760254,5752.0,6222.625
ablation_no_zero_mask,561,24,9,P9,24,7.666666666666667e-05,-0.0053676399402320385,5730.0,5595.0,12.645205020904541,0.8262805938720703,13.471485614776611,5550.0,5934.791666666667
ablation_no_zero_mask,562,24,10,P10,24,7.6625e-05,-0.010544909629970789,5722.0,5735.0,7.794811964035034,0.5315568447113037,8.326368808746338,5716.0,6390.375
ablation_no_zero_mask,563,24,11,P11,24,7.658333333333334e-05,0.01130385510623455,11632.0,11839.0,15.245319128036499,1.0381169319152832,16.283436059951782,11594.0,12436.416666666666
ablation_no_zero_mask,564,24,12,P12,24,7.654166666666667e-05,-0.007363070035353303,13243.0,12585.0,18.12248396873474,1.2246918678283691,19.34717583656311,12103.0,13521.625
ablation_no_zero_mask,565,24,13,P13,24,7.65e-05,-0.004193514461803716,21536.0,21348.0,45.93685841560364,3.3300092220306396,49.26686763763428,19953.0,23633.25
ablation_no_zero_mask,566,24,14,P14,24,7.645833333333334e-05,-0.0009223150855177664,23413.0,23112.0,46.272491693496704,3.441108465194702,49.713600158691406,22438.0,25642.833333333332
ablation_no_zero_mask,567,24,15,P15,24,7.641666666666668e-05,-0.005835126125020906,21378.0,20949.0,47.185866832733154,3.492574453353882,50.678441286087036,20441.0,23310.083333333332
ablation_no_zero_mask,568,24,16,P16,24,7.637500000000001e-05,0.001667680594982812,21296.0,20802.0,58.03010272979736,4.370854139328003,62.400956869125366,20671.0,22965.875
ablation_no_zero_mask,569,24,17,P17,24,7.633333333333334e-05,0.0011058057061745785,21907.0,21585.0,58.21144461631775,4.413789749145508,62.62523436546326,21278.0,23865.125
ablation_no_zero_mask,570,24,18,P18,24,7.629166666666667e-05,-0.0005666768083756324,20942.0,20623.0,54.71443843841553,4.164607048034668,58.879045486450195,20485.0,23033.458333333332
ablation_no_zero_mask,571,24,19,P19,24,7.625e-05,0.00362328396004159,23731.0,23237.0,57.911909341812134,4.467646837234497,62.37955617904663,22955.0,25774.666666666668
ablation_no_zero_mask,572,24,20,P20,24,7.620833333333333e-05,-0.002340760879451409,23182.0,22629.0,62.18588399887085,4.813018560409546,66.9989025592804,22629.0,25184.958333333332
ablation_no_zero_mask,573,24,21,P21,24,7.616666666666667e-05,-0.0009606670711946208,24167.0,24151.0,64.89895057678223,5.066981077194214,69.96593165397644,24091.0,26920.083333333332
ablation_no_zero_mask,574,24,22,P22,24,7.612500000000001e-05,-0.0007887310683145187,23925.0,23760.0,65.84741282463074,5.00390887260437,70.85132169723511,23703.0,25600.916666666668
ablation_no_zero_mask,575,24,23,P23,24,7.608333333333334e-05,-0.00104434155686509,33067.0,33117.0,85.41775155067444,6.690861701965332,92.10861325263977,33032.0,36326.208333333336
ablation_no_zero_mask,576,24,24,P24,24,7.604166666666667e-05,0.0026616764022037386,24700.0,24125.0,57.556761026382446,4.451771020889282,62.00853204727173,24125.0,26590.333333333332
ablation_no_zero_mask,577,25,1,P1,25,7.6e-05,0.005035455280449241,6573.0,6614.0,12.461012840270996,0.8334276676177979,13.294440507888794,6424.0,6957.24
ablation_no_zero_mask,578,25,2,P2,25,7.595833333333333e-05,-0.006546737859025598,9008.0,8795.0,16.097602128982544,1.073927402496338,17.171529531478882,8795.0,9173.48
ablation_no_zero_mask,579,25,3,P3,25,7.591666666666666e-05,0.03476661560125649,6720.0,6704.0,11.658408880233765,0.7962770462036133,12.454685926437378,6055.0,6886.16
ablation_no_zero_mask,580,25,4,P4,25,7.5875e-05,-0.022331977728754282,3868.0,3856.0,9.215221881866455,0.6194231510162354,9.83464503288269,3665.0,4055.6
ablation_no_zero_mask,581,25,5,P5,25,7.583333333333334e-05,0.00023569597396999598,4366.0,4382.0,9.87546443939209,0.6762597560882568,10.551724195480347,4221.0,4699.2
ablation_no_zero_mask,582,25,6,P6,25,7.579166666666667e-05,0.004535143380053341,4144.0,4252.0,10.241945505142212,0.6734058856964111,10.915351390838623,4081.0,4574.72
ablation_no_zero_mask,583,25,7,P7,25,7.575000000000001e-05,0.06017973879352212,6070.0,6080.0,14.880375623703003,0.9732964038848877,15.85367202758789,5970.0,6313.04
ablation_no_zero_mask,584,25,8,P8,25,7.570833333333333e-05,-0.017687469837255776,6200.0,6053.0,13.174734115600586,0.8650197982788086,14.039753913879395,5752.0,6215.84
ablation_no_zero_mask,585,25,9,P9,25,7.566666666666666e-05,-0.011020306264981627,5870.0,5925.0,12.457566022872925,0.8161075115203857,13.27367353439331,5550.0,5934.4
ablation_no_zero_mask,586,25,10,P10,25,7.5625e-05,-0.0023925789864733815,5705.0,5716.0,7.63301157951355,0.5258309841156006,8.15884256362915,5716.0,6363.4
ablation_no_zero_mask,587,25,11,P11,25,7.558333333333335e-05,0.0065903159556910396,11732.0,11594.0,14.921675443649292,0.999143123626709,15.920818567276001,11594.0,12402.72
ablation_no_zero_mask,588,25,12,P12,25,7.554166666666667e-05,0.002779393109449302,12844.0,12371.0,18.230258226394653,1.1831340789794922,19.413392305374146,12103.0,13475.6
ablation_no_zero_mask,589,25,13,P13,25,7.55e-05,-0.0019816967815131648,20384.0,20017.0,45.82880234718323,3.3681328296661377,49.196935176849365,19953.0,23488.6
ablation_no_zero_mask,590,25,14,P14,25,7.545833333333334e-05,-0.002259150740428595,22775.0,22296.0,46.237725019454956,3.4547386169433594,49.692463636398315,22296.0,25508.96
ablation_no_zero_mask,591,25,15,P15,25,7.541666666666667e-05,0.004617301106918603,20959.0,20566.0,48.19749903678894,3.5653436183929443,51.762842655181885,20441.0,23200.32
ablation_no_zero_mask,592,25,16,P16,25,7.5375e-05,0.0028148694720584897,21017.0,20815.0,58.53788495063782,4.341971397399902,62.87985634803772,20671.0,22879.84
ablation_no_zero_mask,593,25,17,P17,25,7.533333333333334e-05,0.0018357787339482456,21794.0,21512.0,58.93108892440796,4.3890931606292725,63.32018208503723,21278.0,23771.0
ablation_no_zero_mask,594,25,18,P18,25,7.529166666666668e-05,-0.0031860481889452786,20876.0,20429.0,54.03958773612976,4.147555351257324,58.187143087387085,20429.0,22929.28
ablation_no_zero_mask,595,25,19,P19,25,7.525e-05,-0.0010472128647961653,23607.0,23130.0,57.50156354904175,4.365328550338745,61.86689209938049,22955.0,25668.88
ablation_no_zero_mask,596,25,20,P20,25,7.520833333333334e-05,-0.00016385530616389588,22934.0,22733.0,60.18653607368469,4.6298911571502686,64.81642723083496,22629.0,25086.88
ablation_no_zero_mask,597,25,21,P21,25,7.516666666666667e-05,0.00018598119204398244,24588.0,24223.0,64.77363872528076,5.035190105438232,69.808828830719,24091.0,26812.2
ablation_no_zero_mask,598,25,22,P22,25,7.5125e-05,0.0009440614812774584,24110.0,23686.0,65.17438650131226,5.112054109573364,70.28644061088562,23686.0,25524.32
ablation_no_zero_mask,599,25,23,P23,25,7.508333333333333e-05,-0.0022807522639465916,32956.0,32508.0,85.40854525566101,6.7540881633758545,92.16263341903687,32508.0,36173.48
ablation_no_zero_mask,600,25,24,P24,25,7.504166666666667e-05,-0.0020038603426655753,24358.0,24409.0,58.81013751029968,4.586645841598511,63.39678335189819,24125.0,26503.08
ablation_no_zero_mask,601,26,1,P1,26,7.500000000000001e-05,0.023667526431381702,6651.0,6744.0,12.684202909469604,0.8346734046936035,13.518876314163208,6424.0,6949.038461538462
ablation_no_zero_mask,602,26,2,P2,26,7.495833333333333e-05,-0.02384574175812304,8872.0,8745.0,16.08201789855957,1.1004433631896973,17.182461261749268,8745.0,9157.0
ablation_no_zero_mask,603,26,3,P3,26,7.491666666666667e-05,0.03455385332927108,6717.0,6635.0,11.653644800186157,0.7587802410125732,12.41242504119873,6055.0,6876.5
ablation_no_zero_mask,604,26,4,P4,26,7.4875e-05,-0.006184379220940173,3998.0,3852.0,9.126569509506226,0.6069240570068359,9.733493566513062,3665.0,4047.769230769231
ablation_no_zero_mask,605,26,5,P5,26,7.483333333333333e-05,-0.024664648342877626,4496.0,4378.0,9.971369981765747,0.6567277908325195,10.628097772598267,4221.0,4686.846153846154
ablation_no_zero_mask,606,26,6,P6,26,7.479166666666668e-05,-0.004767069010995328,4326.0,4308.0,10.306328535079956,0.683584451675415,10.989912986755371,4081.0,4564.461538461538
ablation_no_zero_mask,607,26,7,P7,26,7.475000000000001e-05,0.051703323144465685,6065.0,6080.0,15.17620849609375,0.9870631694793701,16.16327166557312,5970.0,6304.076923076923
ablation_no_zero_mask,608,26,8,P8,26,7.470833333333334e-05,-0.04259523982182145,6240.0,6190.0,13.335511922836304,0.9002532958984375,14.235765218734741,5752.0,6214.846153846154
ablation_no_zero_mask,609,26,9,P9,26,7.466666666666666e-05,-0.010259213973768055,5910.0,5900.0,12.71645474433899,0.8236007690429688,13.540055513381958,5550.0,5933.076923076923
ablation_no_zero_mask,610,26,10,P10,26,7.462500000000001e-05,-0.017363979946821928,5670.0,5580.0,7.907182931900024,0.5303816795349121,8.437564611434937,5580.0,6333.2692307692305
ablation_no_zero_mask,611,26,11,P11,26,7.458333333333333e-05,-0.002861630950064864,11532.0,11594.0,15.538509607315063,1.0220401287078857,16.56054973602295,11594.0,12371.615384615385
ablation_no_zero_mask,612,26,12,P12,26,7.454166666666667e-05,-0.00152743439139158,12197.0,11935.0,18.227049589157104,1.2438647747039795,19.470914363861084,11935.0,13416.346153846154
ablation_no_zero_mask,613,26,13,P13,26,7.450000000000001e-05,0.01008056424325332,20024.0,19752.0,46.48273515701294,3.4011688232421875,49.88390398025513,19752.0,23344.884615384617
ablation_no_zero_mask,614,26,14,P14,26,7.445833333333335e-05,-0.005794565950054675,22170.0,21927.0,46.55832004547119,3.48089337348938,50.03921341896057,21927.0,25371.19230769231
ablation_no_zero_mask,615,26,15,P15,26,7.441666666666667e-05,0.0019245655639679171,20508.0,20371.0,47.61910128593445,3.6690378189086914,51.28813910484314,20371.0,23091.5
ablation_no_zero_mask,616,26,16,P16,26,7.4375e-05,0.007786453724838794,20523.0,20280.0,58.213403940200806,4.363028287887573,62.57643222808838,20280.0,22779.846153846152
ablation_no_zero_mask,617,26,17,P17,26,7.433333333333334e-05,0.002928830368909985,21239.0,20913.0,58.00677037239075,4.412427663803101,62.41919803619385,20913.0,23661.076923076922
ablation_no_zero_mask,618,26,18,P18,26,7.429166666666667e-05,-0.001507618764298968,20491.0,20385.0,55.048614263534546,4.1117777824401855,59.16039204597473,20385.0,22831.423076923078
ablation_no_zero_mask,619,26,19,P19,26,7.425e-05,2.0100644178455697e-06,23132.0,22946.0,57.20717167854309,4.493422508239746,61.70059418678284,22946.0,25564.153846153848
ablation_no_zero_mask,620,26,20,P20,26,7.420833333333334e-05,0.0010655944301106502,22827.0,22697.0,60.55302858352661,4.738011360168457,65.29103994369507,22629.0,24994.96153846154
ablation_no_zero_mask,621,26,21,P21,26,7.416666666666668e-05,-0.0007517310354160145,23919.0,23669.0,64.70114707946777,5.104532480239868,69.80567955970764,23669.0,26691.30769230769
ablation_no_zero_mask,622,26,22,P22,26,7.4125e-05,-0.0008067784445302095,23518.0,23152.0,65.09321618080139,5.116557836532593,70.20977401733398,23152.0,25433.076923076922
ablation_no_zero_mask,623,26,23,P23,26,7.408333333333334e-05,-0.0009569183357598376,32502.0,31911.0,87.32842445373535,6.67664361000061,94.00506806373596,31911.0,36009.53846153846
ablation_no_zero_mask,624,26,24,P24,26,7.404166666666667e-05,0.0011562305204279254,24261.0,24187.0,58.263710498809814,4.53376317024231,62.797473669052124,24125.0,26414.0
ablation_no_zero_mask,625,27,1,P1,27,7.4e-05,0.018269819673150778,6471.0,6581.0,12.641026973724365,0.862757682800293,13.503784656524658,6424.0,6935.407407407408
ablation_no_zero_mask,626,27,2,P2,27,7.395833333333333e-05,-0.023032362340018153,8660.0,8827.0,16.010444164276123,1.0919685363769531,17.102412700653076,8745.0,9144.777777777777
ablation_no_zero_mask,627,27,3,P3,27,7.391666666666668e-05,0.040514176711440086,6640.0,6635.0,11.359611988067627,0.7913422584533691,12.150954246520996,6055.0,6867.555555555556
ablation_no_zero_mask,628,27,4,P4,27,7.3875e-05,-0.0028712389175780118,3895.0,3830.0,9.03569507598877,0.5982756614685059,9.633970737457275,3665.0,4039.703703703704
ablation_no_zero_mask,629,27,5,P5,27,7.383333333333333e-05,-0.014879744499921799,4434.0,4357.0,9.815842390060425,0.6615583896636963,10.477400779724121,4221.0,4674.62962962963
ablation_no_zero_mask,630,27,6,P6,27,7.379166666666667e-05,-0.0028374510002322495,4270.0,4254.0,10.314958810806274,0.6915783882141113,11.006537199020386,4081.0,4552.962962962963
ablation_no_zero_mask,631,27,7,P7,27,7.375e-05,0.05860888725146651,6245.0,6180.0,15.155248880386353,1.044712781906128,16.19996166229248,5970.0,6299.481481481482
ablation_no_zero_mask,632,27,8,P8,27,7.370833333333334e-05,-0.07326833996921778,6080.0,6100.0,13.565895318984985,0.8757061958312988,14.441601514816284,5752.0,6210.592592592592
ablation_no_zero_mask,633,27,9,P9,27,7.366666666666668e-05,-0.013296472956426442,5850.0,5860.0,12.783907651901245,0.8389317989349365,13.622839450836182,5550.0,5930.37037037037
ablation_no_zero_mask,634,27,10,P10,27,7.362500000000001e-05,-0.006431330810301006,5782.0,5670.0,7.922975301742554,0.5649251937866211,8.487900495529175,5580.0,6308.7037037037035
ablation_no_zero_mask,635,27,11,P11,27,7.358333333333334e-05,0.03398057213053107,11919.0,11534.0,15.282325029373169,1.0415990352630615,16.32392406463623,11534.0,12340.592592592593
ablation_no_zero_mask,636,27,12,P12,27,7.354166666666666e-05,-0.04093783348798752,12460.0,12196.0,18.17654275894165,1.2651069164276123,19.441649675369263,11935.0,13371.148148148148
ablation_no_zero_mask,637,27,13,P13,27,7.35e-05,0.002018897041125456,20619.0,20343.0,46.454092502593994,3.4312362670898438,49.88532876968384,19752.0,23233.703703703704
ablation_no_zero_mask,638,27,14,P14,27,7.345833333333333e-05,-0.003273972833994776,22950.0,22358.0,47.1680166721344,3.548361301422119,50.71637797355652,21927.0,25259.59259259259
ablation_no_zero_mask,639,27,15,P15,27,7.341666666666667e-05,-0.004681164500652812,20544.0,20452.0,48.55673956871033,3.526432991027832,52.08317255973816,20371.0,22993.74074074074
ablation_no_zero_mask,640,27,16,P16,27,7.337500000000001e-05,0.003790671669412404,20823.0,20294.0,59.17866134643555,4.499426603317261,63.67808794975281,20280.0,22687.777777777777
ablation_no_zero_mask,641,27,17,P17,27,7.333333333333334e-05,-0.0006982698490901384,21172.0,21044.0,58.52742671966553,4.573083877563477,63.100510597229004,20913.0,23564.14814814815
ablation_no_zero_mask,642,27,18,P18,27,7.329166666666667e-05,-0.0026501319429371507,20518.0,20206.0,54.70156478881836,4.114830017089844,58.8163948059082,20206.0,22734.185185185186
ablation_no_zero_mask,643,27,19,P19,27,7.324999999999999e-05,0.0013153627922292798,23069.0,22978.0,56.5463342666626,4.377963542938232,60.92429780960083,22946.0,25468.37037037037
ablation_no_zero_mask,644,27,20,P20,27,7.320833333333333e-05,0.0003701676931086695,22826.0,22425.0,61.313960790634155,4.7984232902526855,66.11238408088684,22425.0,24899.777777777777
ablation_no_zero_mask,645,27,21,P21,27,7.316666666666668e-05,0.0017129517182183918,24183.0,23601.0,65.27936863899231,5.168240785598755,70.44760942459106,23601.0,26576.85185185185
ablation_no_zero_mask,646,27,22,P22,27,7.3125e-05,-0.0031774847069755197,23612.0,23112.0,65.07089948654175,5.098110675811768,70.16901016235352,23112.0,25347.11111111111
ablation_no_zero_mask,647,27,23,P23,27,7.308333333333334e-05,-0.000927263014870862,32594.0,32083.0,86.88466739654541,6.780734300613403,93.66540169715881,31911.0,35864.11111111111
ablation_no_zero_mask,648,27,24,P24,27,7.304166666666668e-05,0.00036941144935553893,24031.0,23881.0,58.03468918800354,4.519519329071045,62.554208517074585,23881.0,26320.185185185186
ablation_no_zero_mask,649,28,1,P1,28,7.3e-05,0.022991590667515993,6524.0,6456.0,12.586483001708984,0.8293073177337646,13.415790319442749,6424.0,6918.285714285715
ablation_no_zero_mask,650,28,2,P2,28,7.295833333333332e-05,-0.02884303592145443,8542.0,8644.0,16.288829565048218,1.1200973987579346,17.408926963806152,8644.0,9126.892857142857
ablation_no_zero_mask,651,28,3,P3,28,7.291666666666667e-05,0.03743764851242304,6457.0,6624.0,11.734278202056885,0.7680020332336426,12.502280235290527,6055.0,6858.857142857143
ablation_no_zero_mask,652,28,4,P4,28,7.287500000000001e-05,-0.001809545123251155,3924.0,3904.0,9.129761219024658,0.6075685024261475,9.737329721450806,3665.0,4034.8571428571427
ablation_no_zero_mask,653,28,5,P5,28,7.283333333333333e-05,0.0036820456152781844,4426.0,4418.0,9.974641799926758,0.6985719203948975,10.673213720321655,4221.0,4665.464285714285
ablation_no_zero_mask,654,28,6,P6,28,7.279166666666667e-05,0.014133748365566134,4286.0,4276.0,10.47312879562378,0.6827943325042725,11.155923128128052,4081.0,4543.071428571428
ablation_no_zero_mask,655,28,7,P7,28,7.275e-05,0.0795248607173562,6260.0,6230.0,15.1376633644104,0.9768931865692139,16.114556550979614,5970.0,6297.0
ablation_no_zero_mask,656,28,8,P8,28,7.270833333333333e-05,-0.054940725676715374,6130.0,6210.0,13.426173686981201,0.8854379653930664,14.311611652374268,5752.0,6210.571428571428
ablation_no_zero_mask,657,28,9,P9,28,7.266666666666667e-05,-0.01543133717495948,5890.0,5950.0,12.813107967376709,0.8354558944702148,13.648563861846924,5550.0,5931.071428571428
ablation_no_zero_mask,658,28,10,P10,28,7.2625e-05,-0.00476678682025522,5834.0,5645.0,7.997258901596069,0.5344586372375488,8.531717538833618,5580.0,6285.0
ablation_no_zero_mask,659,28,11,P11,28,7.258333333333334e-05,-0.01302841934375465,11472.0,11434.0,15.353990077972412,1.0516767501831055,16.405666828155518,11434.0,12308.214285714286
ablation_no_zero_mask,660,28,12,P12,28,7.254166666666666e-05,-0.0005539472258533351,12391.0,11936.0,18.168724298477173,1.2593815326690674,19.42810583114624,11935.0,13319.892857142857
ablation_no_zero_mask,661,28,13,P13,28,7.25e-05,-0.0007045579695841298,20195.0,19721.0,45.8112530708313,3.3634567260742188,49.17470979690552,19721.0,23108.25
ablation_no_zero_mask,662,28,14,P14,28,7.245833333333334e-05,-0.0015472380036953837,22397.0,21952.0,46.78561496734619,3.493269443511963,50.278884410858154,21927.0,25141.464285714286
ablation_no_zero_mask,663,28,15,P15,28,7.241666666666666e-05,-0.003532024406013079,20344.0,20255.0,47.46711325645447,3.57901930809021,51.04613256454468,20255.0,22895.928571428572
ablation_no_zero_mask,664,28,16,P16,28,7.2375e-05,0.0036042259307578206,20323.0,20304.0,58.43725085258484,4.48615837097168,62.92340922355652,20280.0,22602.64285714286
ablation_no_zero_mask,665,28,17,P17,28,7.233333333333335e-05,-0.0002997962983499747,21067.0,20913.0,59.48626732826233,4.534041166305542,64.02030849456787,20913.0,23469.464285714286
ablation_no_zero_mask,666,28,18,P18,28,7.229166666666667e-05,-0.001592642874311423,20443.0,20430.0,55.06496739387512,4.177596092224121,59.24256348609924,20206.0,22651.89285714286
ablation_no_zero_mask,667,28,19,P19,28,7.225e-05,-0.0026409577345475554,22967.0,22923.0,56.34985089302063,4.42195725440979,60.77180814743042,22923.0,25377.464285714286
ablation_no_zero_mask,668,28,20,P20,28,7.220833333333334e-05,0.004879509413149208,22920.0,22617.0,61.302021980285645,4.80131196975708,66.10333395004272,22425.0,24818.25
ablation_no_zero_mask,669,28,21,P21,28,7.216666666666667e-05,-0.0005906498980039032,24001.0,23665.0,65.37530016899109,5.012056827545166,70.38735699653625,23601.0,26472.85714285714
ablation_no_zero_mask,670,28,22,P22,28,7.2125e-05,-0.0023707682674285026,23460.0,23454.0,64.21860146522522,5.083973407745361,69.30257487297058,23112.0,25279.5
ablation_no_zero_mask,671,28,23,P23,28,7.208333333333334e-05,0.0005989482116482188,32640.0,31813.0,86.81013345718384,6.900887489318848,93.71102094650269,31813.0,35719.42857142857
ablation_no_zero_mask,672,28,24,P24,28,7.204166666666668e-05,-0.0009903079557261663,24072.0,24032.0,57.53907656669617,4.521837472915649,62.060914039611816,23881.0,26238.464285714286
ablation_no_zero_mask,673,29,1,P1,29,7.2e-05,0.032334781950339675,6538.0,6572.0,12.423393726348877,0.8217196464538574,13.245113372802734,6424.0,6906.3448275862065
ablation_no_zero_mask,674,29,2,P2,29,7.195833333333334e-05,-0.016168015426956117,8728.0,8782.0,15.811509132385254,1.114607810974121,16.926116943359375,8644.0,9115.0
ablation_no_zero_mask,675,29,3,P3,29,7.191666666666668e-05,0.011531648226082325,6601.0,6687.0,11.918947219848633,0.7478885650634766,12.66683578491211,6055.0,6852.931034482759
ablation_no_zero_mask,676,29,4,P4,29,7.1875e-05,0.02243094425648451,4036.0,4043.0,8.933203935623169,0.5915682315826416,9.52477216720581,3665.0,4035.137931034483
ablation_no_zero_mask,677,29,5,P5,29,7.183333333333334e-05,0.0054531211499124765,4633.0,4582.0,9.699604749679565,0.6422009468078613,10.341805696487427,4221.0,4662.586206896552
ablation_no_zero_mask,678,29,6,P6,29,7.179166666666667e-05,0.005903546349145472,4364.0,4328.0,10.231370687484741,0.6837551593780518,10.915125846862793,4081.0,4535.6551724137935
ablation_no_zero_mask,679,29,7,P7,29,7.175000000000001e-05,0.027500678785145283,6420.0,6370.0,14.952219009399414,0.9749538898468018,15.927172899246216,5970.0,6299.517241379311
ablation_no_zero_mask,680,29,8,P8,29,7.170833333333333e-05,-0.025006143609061837,6240.0,6310.0,13.200771808624268,0.8984904289245605,14.099262237548828,5752.0,6214.0
ablation_no_zero_mask,681,29,9,P9,29,7.166666666666667e-05,-0.01722842105664313,5950.0,5980.0,12.613233089447021,0.8236699104309082,13.43690299987793,5550.0,5932.758620689655
ablation_no_zero_mask,682,29,10,P10,29,7.1625e-05,-0.02443890366703272,5681.0,5689.0,7.83486795425415,0.5331621170043945,8.368030071258545,5580.0,6264.448275862069
ablation_no_zero_mask,683,29,11,P11,29,7.158333333333333e-05,-0.01250302663538605,11754.0,11434.0,15.346040725708008,1.0392725467681885,16.385313272476196,11434.0,12278.068965517241
ablation_no_zero_mask,684,29,12,P12,29,7.154166666666667e-05,0.0015633717557648197,12276.0,12056.0,18.35613226890564,1.235675573348999,19.59180784225464,11935.0,13276.310344827587
ablation_no_zero_mask,685,29,13,P13,29,7.150000000000002e-05,0.010320981731638312,20046.0,19913.0,46.67758274078369,3.4743590354919434,50.151941776275635,19721.0,22998.068965517243
ablation_no_zero_mask,686,29,14,P14,29,7.145833333333334e-05,-0.004282528694602661,22513.0,22098.0,47.01527190208435,3.4486379623413086,50.46390986442566,21927.0,25036.51724137931
ablation_no_zero_mask,687,29,15,P15,29,7.141666666666666e-05,0.002155532485630829,20700.0,20340.0,47.95613694190979,3.555799722671509,51.5119366645813,20255.0,22807.793103448275
ablation_no_zero_mask,688,29,16,P16,29,7.1375e-05,0.0016963794114417396,20708.0,20539.0,57.152416944503784,4.384365081787109,61.536782026290894,20280.0,22531.48275862069
ablation_no_zero_mask,689,29,17,P17,29,7.133333333333334e-05,-0.0004945663618855179,21298.0,21162.0,58.09100890159607,4.423885822296143,62.51489472389221,20913.0,23389.896551724138
ablation_no_zero_mask,690,29,18,P18,29,7.129166666666667e-05,-0.0037897700094617903,20409.0,20471.0,53.95346975326538,4.094074487686157,58.04754424095154,20206.0,22576.689655172413
ablation_no_zero_mask,691,29,19,P19,29,7.125000000000001e-05,-0.0012732983926980524,23006.0,22994.0,56.93036389350891,4.46348237991333,61.39384627342224,22923.0,25295.275862068964
ablation_no_zero_mask,692,29,20,P20,29,7.120833333333335e-05,0.002535309729864821,22668.0,22712.0,61.511008739471436,4.780539274215698,66.29154801368713,22425.0,24745.620689655174
ablation_no_zero_mask,693,29,21,P21,29,7.116666666666667e-05,-0.00134747437259648,23639.0,23653.0,65.68574690818787,5.050386667251587,70.73613357543945,23601.0,26375.620689655174
ablation_no_zero_mask,694,29,22,P22,29,7.1125e-05,-0.0008823233125440311,23419.0,23307.0,63.45288681983948,5.300835132598877,68.75372195243835,23112.0,25211.48275862069
ablation_no_zero_mask,695,29,23,P23,29,7.108333333333333e-05,0.001487740725029393,32323.0,31773.0,86.48733425140381,6.7641119956970215,93.25144624710083,31773.0,35583.34482758621
ablation_no_zero_mask,696,29,24,P24,29,7.104166666666667e-05,-0.0007570088706415845,24062.0,23861.0,58.29519057273865,4.599808216094971,62.89499878883362,23861.0,26156.48275862069
ablation_no_zero_mask,697,30,1,P1,30,7.1e-05,0.02613086043857038,6505.0,6602.0,12.786052465438843,0.8735494613647461,13.659601926803589,6424.0,6896.2
ablation_no_zero_mask,698,30,2,P2,30,7.095833333333334e-05,-0.014115194790065289,8749.0,8642.0,16.164052724838257,1.0619220733642578,17.225974798202515,8642.0,9099.233333333334
ablation_no_zero_mask,699,30,3,P3,30,7.091666666666668e-05,0.006559476949405507,6426.0,6641.0,11.406381607055664,0.7734003067016602,12.179781913757324,6055.0,6845.866666666667
ablation_no_zero_mask,700,30,4,P4,30,7.0875e-05,0.016630382277071476,3900.0,3854.0,9.066312074661255,0.5935301780700684,9.659842252731323,3665.0,4029.1
ablation_no_zero_mask,701,30,5,P5,30,7.083333333333332e-05,0.010445213411003351,4432.0,4474.0,9.750437259674072,0.6826980113983154,10.433135271072388,4221.0,4656.3
ablation_no_zero_mask,702,30,6,P6,30,7.079166666666668e-05,0.01253323839046061,4338.0,4287.0,10.418253898620605,0.6991591453552246,11.11741304397583,4081.0,4527.366666666667
ablation_no_zero_mask,703,30,7,P7,30,7.075e-05,0.013716234359890223,6180.0,6080.0,15.064265012741089,0.9935109615325928,16.05777597427368,5970.0,6292.2
ablation_no_zero_mask,704,30,8,P8,30,7.070833333333334e-05,-0.01858496095519513,6075.0,6260.0,13.489246368408203,0.870363712310791,14.359610080718994,5752.0,6215.533333333334
ablation_no_zero_mask,705,30,9,P9,30,7.066666666666667e-05,-0.005120367452036589,5900.0,5790.0,12.519977331161499,0.8388068675994873,13.358784198760986,5550.0,5928.0
ablation_no_zero_mask,706,30,10,P10,30,7.062500000000001e-05,-0.032252343371510506,5558.0,5547.0,7.746734142303467,0.5269765853881836,8.27371072769165,5547.0,6240.533333333334
ablation_no_zero_mask,707,30,11,P11,30,7.058333333333333e-05,-0.016092239413410425,11794.0,11534.0,15.089335918426514,1.0199475288391113,16.109283447265625,11434.0,12253.266666666666
ablation_no_zero_mask,708,30,12,P12,30,7.054166666666667e-05,0.0019357923010829836,12108.0,11820.0,18.146413564682007,1.2383174896240234,19.38473105430603,11820.0,13227.766666666666
ablation_no_zero_mask,709,30,13,P13,30,7.05e-05,0.010617326246574521,19771.0,19758.0,45.988749265670776,3.4409289360046387,49.429678201675415,19721.0,22890.066666666666
ablation_no_zero_mask,710,30,14,P14,30,7.045833333333334e-05,-0.0030073057787376456,22166.0,21784.0,46.194252729415894,3.4266586303710938,49.62091135978699,21784.0,24928.1
ablation_no_zero_mask,711,30,15,P15,30,7.041666666666667e-05,0.00266141344945936,20487.0,20279.0,46.88556408882141,3.5029854774475098,50.38854956626892,20255.0,22723.5
ablation_no_zero_mask,712,30,16,P16,30,7.0375e-05,0.002954350021900609,20519.0,20276.0,57.47535157203674,4.4035046100616455,61.87885618209839,20276.0,22456.3
ablation_no_zero_mask,713,30,17,P17,30,7.033333333333334e-05,-0.001414018159994157,20944.0,20936.0,57.96293258666992,4.472371578216553,62.435304164886475,20913.0,23308.1
ablation_no_zero_mask,714,30,18,P18,30,7.029166666666666e-05,-0.0029591541620902716,20301.0,20322.0,54.44831323623657,4.123040199279785,58.57135343551636,20206.0,22501.533333333333
ablation_no_zero_mask,715,30,19,P19,30,7.025e-05,-0.00048449573514517395,23122.0,22952.0,56.226115226745605,4.6353583335876465,60.86147356033325,22923.0,25217.166666666668
ablation_no_zero_mask,716,30,20,P20,30,7.020833333333334e-05,0.0007491081883927109,22505.0,22651.0,60.561153173446655,4.689656496047974,65.25080966949463,22425.0,24675.8
ablation_no_zero_mask,717,30,21,P21,30,7.016666666666667e-05,0.0019312140851980076,24064.0,23633.0,65.09004640579224,5.04906439781189,70.13911080360413,23601.0,26284.2
ablation_no_zero_mask,718,30,22,P22,30,7.0125e-05,-0.0035355072817765177,23297.0,23285.0,64.38233184814453,5.002915143966675,69.3852469921112,23112.0,25147.266666666666
ablation_no_zero_mask,719,30,23,P23,30,7.008333333333333e-05,0.0005817378111844716,32211.0,31931.0,86.03150367736816,6.845640659332275,92.87714433670044,31773.0,35461.6
ablation_no_zero_mask,720,30,24,P24,30,7.004166666666667e-05,9.254453580069822e-05,24211.0,23895.0,57.99271821975708,4.772736549377441,62.76545476913452,23861.0,26081.1
ablation_no_zero_mask,721,31,1,P1,31,7e-05,0.016354888677597046,6420.0,6336.0,12.768887281417847,0.833195686340332,13.602082967758179,6336.0,6878.129032258064
ablation_no_zero_mask,722,31,2,P2,31,6.995833333333333e-05,-0.013051730231381953,8518.0,8533.0,15.899659156799316,1.057410717010498,16.957069873809814,8533.0,9080.967741935483
ablation_no_zero_mask,723,31,3,P3,31,6.991666666666668e-05,0.01989035843871534,6450.0,6606.0,11.375382661819458,0.7672066688537598,12.142589330673218,6055.0,6838.129032258064
ablation_no_zero_mask,724,31,4,P4,31,6.9875e-05,-0.006743132369592786,3801.0,3782.0,8.943273782730103,0.5948688983917236,9.538142681121826,3665.0,4021.1290322580644
ablation_no_zero_mask,725,31,5,P5,31,6.983333333333333e-05,-0.0013032451388426125,4317.0,4454.0,9.932142496109009,0.6824138164520264,10.614556312561035,4221.0,4649.774193548387
ablation_no_zero_mask,726,31,6,P6,31,6.979166666666668e-05,0.010604747105389833,4208.0,4228.0,10.35800838470459,0.6948487758636475,11.052857160568237,4081.0,4517.709677419355
ablation_no_zero_mask,727,31,7,P7,31,6.975e-05,0.040629610419273376,6130.0,6110.0,15.197623014450073,0.9950158596038818,16.192638874053955,5970.0,6286.322580645161
ablation_no_zero_mask,728,31,8,P8,31,6.970833333333332e-05,-0.019987886305898428,6015.0,6028.0,13.203099012374878,0.8687665462493896,14.071865558624268,5752.0,6209.4838709677415
ablation_no_zero_mask,729,31,9,P9,31,6.966666666666668e-05,-0.007795308003551327,5740.0,5737.0,12.59490704536438,0.8310439586639404,13.42595100402832,5550.0,5921.8387096774195
ablation_no_zero_mask,730,31,10,P10,31,6.962500000000001e-05,-0.045559318736195564,5532.0,5579.0,7.950808048248291,0.5381708145141602,8.488978862762451,5547.0,6219.193548387097
ablation_no_zero_mask,731,31,11,P11,31,6.958333333333334e-05,-0.02269684965722263,11434.0,11534.0,15.415448904037476,1.0349080562591553,16.45035696029663,11434.0,12230.064516129032
ablation_no_zero_mask,732,31,12,P12,31,6.954166666666667e-05,0.011144754942506552,12047.0,11916.0,18.593456268310547,1.2518892288208008,19.845345497131348,11820.0,13185.451612903225
ablation_no_zero_mask,733,31,13,P13,31,6.950000000000001e-05,0.016923642659094185,19772.0,19727.0,46.425939083099365,3.419342517852783,49.84528160095215,19721.0,22788.032258064515
ablation_no_zero_mask,734,31,14,P14,31,6.945833333333333e-05,-0.005302010045852512,22334.0,21789.0,47.00802421569824,3.483640670776367,50.49166488647461,21784.0,24826.83870967742
ablation_no_zero_mask,735,31,15,P15,31,6.941666666666667e-05,-0.001349977538211533,20191.0,20165.0,47.58935904502869,3.532656192779541,51.12201523780823,20165.0,22640.967741935485
ablation_no_zero_mask,736,31,16,P16,31,6.9375e-05,0.008113142405636608,20459.0,20333.0,57.865644693374634,4.468073606491089,62.33371829986572,20276.0,22387.8064516129
ablation_no_zero_mask,737,31,17,P17,31,6.933333333333334e-05,0.0013408789891400374,20980.0,21096.0,58.76268243789673,4.449942350387573,63.2126247882843,20913.0,23236.74193548387
ablation_no_zero_mask,738,31,18,P18,31,6.929166666666667e-05,-0.001493576541543007,20419.0,20363.0,54.80589532852173,4.11508584022522,58.92098116874695,20206.0,22432.548387096773
ablation_no_zero_mask,739,31,19,P19,31,6.925e-05,-0.002765620106947608,22819.0,22904.0,56.987568855285645,4.451993227005005,61.43956208229065,22904.0,25142.548387096773
ablation_no_zero_mask,740,31,20,P20,31,6.920833333333334e-05,0.002461896906606853,22842.0,22562.0,61.56975603103638,4.760638236999512,66.33039426803589,22425.0,24607.612903225807
ablation_no_zero_mask,741,31,21,P21,31,6.916666666666666e-05,-0.0003279403674241621,23617.0,23670.0,64.78526449203491,5.042174577713013,69.82743906974792,23601.0,26199.870967741936
ablation_no_zero_mask,742,31,22,P22,31,6.9125e-05,0.0002566920877143275,23527.0,23189.0,64.66353058815002,5.088588237762451,69.75211882591248,23112.0,25084.09677419355
ablation_no_zero_mask,743,31,23,P23,31,6.908333333333335e-05,-0.0005155079587504068,32197.0,31844.0,86.5520761013031,6.7252585887908936,93.277334690094,31773.0,35344.903225806454
ablation_no_zero_mask,744,31,24,P24,31,6.904166666666667e-05,0.0005776812806288945,24090.0,23953.0,57.91298580169678,4.4443066120147705,62.35729241371155,23861.0,26012.451612903227
ablation_no_zero_mask,745,32,1,P1,32,6.9e-05,0.017048819456249475,6495.0,6453.0,12.56167483329773,0.839569091796875,13.401243925094604,6336.0,6864.84375
ablation_no_zero_mask,746,32,2,P2,32,6.895833333333333e-05,-0.019839521730318666,8593.0,8642.0,16.191483736038208,1.1017780303955078,17.293261766433716,8533.0,9067.25
ablation_no_zero_mask,747,32,3,P3,32,6.891666666666667e-05,0.01656217232812196,6303.0,6470.0,11.663232803344727,0.8112154006958008,12.474448204040527,6055.0,6826.625
ablation_no_zero_mask,748,32,4,P4,32,6.887500000000001e-05,0.004088567686267197,3928.0,3841.0,9.009943008422852,0.6005744934082031,9.610517501831055,3665.0,4015.5
ablation_no_zero_mask,749,32,5,P5,32,6.883333333333334e-05,0.00832104217261076,4440.0,4555.0,9.806530714035034,0.6516070365905762,10.45813775062561,4221.0,4646.8125
ablation_no_zero_mask,750,32,6,P6,32,6.879166666666668e-05,0.011086131911724806,4325.0,4268.0,10.235821723937988,0.6777770519256592,10.913598775863647,4081.0,4509.90625
ablation_no_zero_mask,751,32,7,P7,32,6.875e-05,0.04609935311600566,6090.0,6180.0,14.973481893539429,0.9883592128753662,15.961841106414795,5970.0,6283.0
ablation_no_zero_mask,752,32,8,P8,32,6.870833333333333e-05,-0.039748262614011765,6080.0,5910.0,13.112462997436523,0.8613643646240234,13.973827362060547,5752.0,6200.125
ablation_no_zero_mask,753,32,9,P9,32,6.866666666666666e-05,-0.013595686526969075,5740.0,5840.0,12.473880529403687,0.8091447353363037,13.28302526473999,5550.0,5919.28125
ablation_no_zero_mask,754,32,10,P10,32,6.8625e-05,-0.010978337842971087,5711.0,5633.0,7.733446359634399,0.5243303775787354,8.257776737213135,5547.0,6200.875
ablation_no_zero_mask,755,32,11,P11,32,6.858333333333334e-05,-0.015006113448180258,11472.0,11534.0,14.975372552871704,1.0137481689453125,15.989120721817017,11434.0,12208.3125
ablation_no_zero_mask,756,32,12,P12,32,6.854166666666667e-05,-0.0028894374845549464,11912.0,11812.0,18.1501624584198,1.223820447921753,19.373982906341553,11812.0,13142.53125
ablation_no_zero_mask,757,32,13,P13,32,6.850000000000001e-05,0.01016714033903554,19763.0,19705.0,46.00641417503357,3.381572961807251,49.38798713684082,19705.0,22691.6875
ablation_no_zero_mask,758,32,14,P14,32,6.845833333333333e-05,-0.005064965022029355,22104.0,22016.0,45.84231472015381,3.502553939819336,49.344868659973145,21784.0,24739.0
ablation_no_zero_mask,759,32,15,P15,32,6.841666666666666e-05,0.0037529194814851508,20338.0,20325.0,47.68552374839783,3.5196924209594727,51.2052161693573,20165.0,22568.59375
ablation_no_zero_mask,760,32,16,P16,32,6.837500000000001e-05,0.0005213111915509216,20449.0,20358.0,57.933926820755005,4.409982681274414,62.34390950202942,20276.0,22324.375
ablation_no_zero_mask,761,32,17,P17,32,6.833333333333333e-05,9.744485178089234e-05,21039.0,20793.0,58.948904037475586,4.480289459228516,63.4291934967041,20793.0,23160.375
ablation_no_zero_mask,762,32,18,P18,32,6.829166666666667e-05,-0.001686930563300848,20485.0,20372.0,54.14056181907654,4.159501075744629,58.30006289482117,20206.0,22368.15625
ablation_no_zero_mask,763,32,19,P19,32,6.825e-05,-0.0021087906250613743,23152.0,22792.0,57.46608519554138,4.458186626434326,61.92427182197571,22792.0,25069.09375
ablation_no_zero_mask,764,32,20,P20,32,6.820833333333334e-05,0.0013423925862298346,22763.0,22692.0,61.04723858833313,4.740113735198975,65.7873523235321,22425.0,24547.75
ablation_no_zero_mask,765,32,21,P21,32,6.816666666666667e-05,-0.000547602069855202,23747.0,23602.0,65.40284872055054,5.071151971817017,70.47400069236755,23601.0,26118.6875
ablation_no_zero_mask,766,32,22,P22,32,6.8125e-05,-0.001323880848940462,23402.0,23296.0,64.31191205978394,5.119388580322266,69.4313006401062,23112.0,25028.21875
ablation_no_zero_mask,767,32,23,P23,32,6.808333333333334e-05,0.00015435177946138929,32233.0,31808.0,87.3069658279419,6.913423776626587,94.22038960456848,31773.0,35234.375
ablation_no_zero_mask,768,32,24,P24,32,6.804166666666668e-05,-0.0013558330392697826,24028.0,23961.0,58.23655962944031,4.584742307662964,62.82130193710327,23861.0,25948.34375
ablation_no_zero_mask,769,33,1,P1,33,6.8e-05,0.02059790282510221,6400.0,6435.0,12.526504755020142,0.8424758911132812,13.368980646133423,6336.0,6851.818181818182
ablation_no_zero_mask,770,33,2,P2,33,6.795833333333334e-05,-0.012944321730174124,8609.0,8555.0,16.14568591117859,1.082129955291748,17.227815866470337,8533.0,9051.727272727272
ablation_no_zero_mask,771,33,3,P3,33,6.791666666666667e-05,0.013571084360592067,6437.0,6661.0,11.44154405593872,0.7690327167510986,12.21057677268982,6055.0,6821.606060606061
ablation_no_zero_mask,772,33,4,P4,33,6.7875e-05,0.003468139038886875,3832.0,3777.0,9.074198961257935,0.59326171875,9.667460680007935,3665.0,4008.2727272727275
ablation_no_zero_mask,773,33,5,P5,33,6.783333333333333e-05,0.014325461350381374,4466.0,4388.0,9.966004848480225,0.6523823738098145,10.618387222290039,4221.0,4638.969696969697
ablation_no_zero_mask,774,33,6,P6,33,6.779166666666667e-05,-0.0014132953365333378,4172.0,4211.0,10.346312046051025,0.6931483745574951,11.03946042060852,4081.0,4500.848484848485
ablation_no_zero_mask,775,33,7,P7,33,6.775000000000001e-05,0.051726873964071274,6090.0,5990.0,15.033328771591187,1.0136277675628662,16.046956539154053,5970.0,6274.121212121212
ablation_no_zero_mask,776,33,8,P8,33,6.770833333333333e-05,-0.026742647867649794,6038.0,6020.0,13.376407146453857,0.8590292930603027,14.23543643951416,5752.0,6194.666666666667
ablation_no_zero_mask,777,33,9,P9,33,6.766666666666668e-05,-0.015471266000531614,5740.0,5767.0,12.69605302810669,0.8307292461395264,13.526782274246216,5550.0,5914.666666666667
ablation_no_zero_mask,778,33,10,P10,33,6.7625e-05,-0.011969849932938814,5645.0,5647.0,7.941140413284302,0.5344669818878174,8.47560739517212,5547.0,6184.090909090909
ablation_no_zero_mask,779,33,11,P11,33,6.758333333333333e-05,-0.009831233241129667,11507.0,11434.0,15.536122560501099,1.0305938720703125,16.56671643257141,11434.0,12184.848484848484
ablation_no_zero_mask,780,33,12,P12,33,6.754166666666666e-05,0.005100398208014667,11852.0,11720.0,18.254451990127563,1.2331395149230957,19.48759150505066,11720.0,13099.424242424242
ablation_no_zero_mask,781,33,13,P13,33,6.750000000000001e-05,0.006898030143929645,19673.0,19587.0,46.59578061103821,3.4770379066467285,50.07281851768494,19587.0,22597.60606060606
ablation_no_zero_mask,782,33,14,P14,33,6.745833333333334e-05,-0.0037376818800112233,22192.0,22029.0,46.00873374938965,3.4299983978271484,49.4387321472168,21784.0,24656.878787878788
ablation_no_zero_mask,783,33,15,P15,33,6.741666666666667e-05,0.004777920083142817,20352.0,20073.0,47.238428354263306,3.6477627754211426,50.88619112968445,20073.0,22492.969696969696
ablation_no_zero_mask,784,33,16,P16,33,6.737500000000001e-05,-0.0017682708537904545,20476.0,20334.0,57.87412643432617,4.404956817626953,62.279083251953125,20276.0,22264.060606060608
ablation_no_zero_mask,785,33,17,P17,33,6.733333333333333e-05,0.00026632840890670193,21108.0,20896.0,57.62297534942627,4.385430097579956,62.008405447006226,20793.0,23091.757575757576
ablation_no_zero_mask,786,33,18,P18,33,6.729166666666666e-05,-0.0019242849928559735,20445.0,20383.0,54.12043595314026,4.126115322113037,58.246551275253296,20206.0,22308.0
ablation_no_zero_mask,787,33,19,P19,33,6.725000000000001e-05,-0.002161426158272661,23067.0,22942.0,56.557331800460815,4.536367654800415,61.09369945526123,22792.0,25004.636363636364
ablation_no_zero_mask,788,33,20,P20,33,6.720833333333335e-05,0.003432091185823083,22901.0,22603.0,60.61115026473999,4.762233257293701,65.37338352203369,22425.0,24488.81818181818
ablation_no_zero_mask,789,33,21,P21,33,6.716666666666667e-05,-0.001482673433929449,23784.0,23530.0,64.98428392410278,5.087367296218872,70.07165122032166,23530.0,26040.242424242424
ablation_no_zero_mask,790,33,22,P22,33,6.7125e-05,-0.0006761125234334032,23366.0,23132.0,64.12975406646729,5.092796087265015,69.2225501537323,23112.0,24970.757575757576
ablation_no_zero_mask,791,33,23,P23,33,6.708333333333334e-05,0.0002364631439247335,32243.0,31687.0,88.009530544281,6.922579526901245,94.93211007118225,31687.0,35126.878787878784
ablation_no_zero_mask,792,33,24,P24,33,6.704166666666667e-05,-0.0010954778885206907,24246.0,23754.0,58.97149205207825,4.645577430725098,63.617069482803345,23754.0,25881.848484848484
ablation_no_zero_mask,793,34,1,P1,34,6.7e-05,0.02608293481171131,6412.0,6385.0,12.766875505447388,0.8679840564727783,13.634859561920166,6336.0,6838.088235294118
ablation_no_zero_mask,794,34,2,P2,34,6.695833333333334e-05,-0.022302094846963882,8484.0,8714.0,16.093397617340088,1.0722510814666748,17.165648698806763,8533.0,9041.79411764706
ablation_no_zero_mask,795,34,3,P3,34,6.691666666666668e-05,0.01862506626639515,6406.0,6731.0,11.518372535705566,0.7640705108642578,12.282443046569824,6055.0,6818.941176470588
ablation_no_zero_mask,796,34,4,P4,34,6.6875e-05,0.00795548059977591,3892.0,3848.0,8.90938115119934,0.6027591228485107,9.512140274047852,3665.0,4003.5588235294117
ablation_no_zero_mask,797,34,5,P5,34,6.683333333333334e-05,-0.002542504691518843,4460.0,4474.0,9.672163963317871,0.6426985263824463,10.314862489700317,4221.0,4634.117647058823
ablation_no_zero_mask,798,34,6,P6,34,6.679166666666667e-05,0.0015946522471494973,4306.0,4254.0,10.158142328262329,0.7071261405944824,10.865268468856812,4081.0,4493.588235294118
ablation_no_zero_mask,799,34,7,P7,34,6.675e-05,0.004875280399573967,6120.0,6200.0,14.806406259536743,0.9890873432159424,15.795493602752686,5970.0,6271.941176470588
ablation_no_zero_mask,800,34,8,P8,34,6.670833333333333e-05,-0.011432828338001855,6150.0,6250.0,13.436190843582153,0.9026310443878174,14.33882188796997,5752.0,6196.294117647059
ablation_no_zero_mask,801,34,9,P9,34,6.666666666666668e-05,-0.002239180830656551,5907.0,5830.0,12.814807653427124,0.8401939868927002,13.655001640319824,5550.0,5912.176470588235
ablation_no_zero_mask,802,34,10,P10,34,6.6625e-05,-0.025418671779334545,5698.0,5641.0,7.818005084991455,0.5224158763885498,8.340420961380005,5547.0,6168.117647058823
ablation_no_zero_mask,803,34,11,P11,34,6.658333333333333e-05,-0.013862064923159778,11711.0,11594.0,15.065461874008179,1.0390875339508057,16.104549407958984,11434.0,12167.470588235294
ablation_no_zero_mask,804,34,12,P12,34,6.654166666666667e-05,-0.005908492603339255,12087.0,12016.0,17.913630723953247,1.2296333312988281,19.143264055252075,11720.0,13067.558823529413
ablation_no_zero_mask,805,34,13,P13,34,6.65e-05,0.012282316049095243,20025.0,19700.0,45.849722385406494,3.4151039123535156,49.26482629776001,19587.0,22512.382352941175
ablation_no_zero_mask,806,34,14,P14,34,6.645833333333333e-05,-0.005487222602823749,22397.0,22090.0,46.70776033401489,3.52052903175354,50.22828936576843,21784.0,24581.382352941175
ablation_no_zero_mask,807,34,15,P15,34,6.641666666666668e-05,0.0013392564469540957,20352.0,20210.0,47.71345853805542,3.530151128768921,51.24360966682434,20073.0,22425.823529411766
ablation_no_zero_mask,808,34,16,P16,34,6.637500000000001e-05,-0.0003835940566204954,20568.0,20311.0,58.39381265640259,4.431049108505249,62.82486176490784,20276.0,22206.617647058825
ablation_no_zero_mask,809,34,17,P17,34,6.633333333333334e-05,0.0003435344464378431,21323.0,21022.0,57.40806198120117,4.366934776306152,61.774996757507324,20793.0,23030.882352941175
ablation_no_zero_mask,810,34,18,P18,34,6.629166666666666e-05,-0.0031472320144530384,20454.0,20446.0,54.103798389434814,4.177377700805664,58.28117609024048,20206.0,22253.235294117647
ablation_no_zero_mask,811,34,19,P19,34,6.625e-05,0.0006895422046000021,23116.0,23202.0,56.65090084075928,4.4111268520355225,61.0620276927948,22792.0,24951.617647058825
ablation_no_zero_mask,812,34,20,P20,34,6.620833333333333e-05,0.001500818526801595,22741.0,22671.0,61.32227373123169,4.75683856010437,66.07911229133606,22425.0,24435.352941176472
ablation_no_zero_mask,813,34,21,P21,34,6.616666666666667e-05,0.0004339495624662959,24174.0,23852.0,65.9302749633789,5.106506586074829,71.03678154945374,23530.0,25975.882352941175
ablation_no_zero_mask,814,34,22,P22,34,6.612500000000001e-05,-0.001100491545003024,23648.0,23437.0,64.56119728088379,4.976963996887207,69.538161277771,23112.0,24925.647058823528
ablation_no_zero_mask,815,34,23,P23,34,6.608333333333334e-05,-0.0010388328320394585,32537.0,32064.0,85.94352149963379,6.750292062759399,92.69381356239319,31687.0,35036.794117647056
ablation_no_zero_mask,816,34,24,P24,34,6.604166666666667e-05,-0.00041215598284907176,24350.0,24075.0,57.004690170288086,4.523972272872925,61.52866244316101,23754.0,25828.70588235294
ablation_no_zero_mask,817,35,1,P1,35,6.599999999999999e-05,0.028954562731087208,6580.0,6500.0,12.551119804382324,0.8237338066101074,13.374853610992432,6336.0,6828.428571428572
ablation_no_zero_mask,818,35,2,P2,35,6.595833333333334e-05,-0.026487592607736588,8636.0,8751.0,16.02887988090515,1.0648515224456787,17.09373140335083,8533.0,9033.485714285714
ablation_no_zero_mask,819,35,3,P3,35,6.591666666666667e-05,0.020141067449003458,6697.0,6731.0,11.758327007293701,0.7597146034240723,12.518041610717773,6055.0,6816.428571428572
ablation_no_zero_mask,820,35,4,P4,35,6.5875e-05,-0.008317939005792141,3862.0,3916.0,9.0582594871521,0.5986969470977783,9.656956434249878,3665.0,4001.057142857143
ablation_no_zero_mask,821,35,5,P5,35,6.583333333333334e-05,-0.00201789807761088,4479.0,4472.0,9.94305419921875,0.6555566787719727,10.598610877990723,4221.0,4629.4857142857145
ablation_no_zero_mask,822,35,6,P6,35,6.579166666666668e-05,0.024485043715685606,4356.0,4277.0,10.362058162689209,0.6923196315765381,11.054377794265747,4081.0,4487.4
ablation_no_zero_mask,823,35,7,P7,35,6.575e-05,0.05274626053869724,6350.0,6295.0,15.028320074081421,1.002504587173462,16.030824661254883,5970.0,6272.6
ablation_no_zero_mask,824,35,8,P8,35,6.570833333333334e-05,-0.05705606983974576,6380.0,6385.0,13.236802577972412,0.8762786388397217,14.113081216812134,5752.0,6201.685714285714
ablation_no_zero_mask,825,35,9,P9,35,6.566666666666667e-05,0.005851135880220681,6090.0,6127.0,12.563387155532837,0.8071446418762207,13.370531797409058,5550.0,5918.314285714286
ablation_no_zero_mask,826,35,10,P10,35,6.562500000000001e-05,-0.029080251697450876,5771.0,5693.0,7.770606279373169,0.5286405086517334,8.299246788024902,5547.0,6154.542857142857
ablation_no_zero_mask,827,35,11,P11,35,6.558333333333333e-05,-0.025705549865961075,11794.0,11534.0,15.184540510177612,1.065615177154541,16.250155687332153,11434.0,12149.371428571429
ablation_no_zero_mask,828,35,12,P12,35,6.554166666666667e-05,-0.004717093921499327,12287.0,12051.0,18.386091470718384,1.2334787845611572,19.61957025527954,11720.0,13038.514285714286
ablation_no_zero_mask,829,35,13,P13,35,6.55e-05,0.012310955615248531,20125.0,19800.0,45.56603455543518,3.3889713287353516,48.95500588417053,19587.0,22434.885714285716
ablation_no_zero_mask,830,35,14,P14,35,6.545833333333333e-05,-0.005737819039495662,22311.0,22609.0,46.25801706314087,3.54608416557312,49.80410122871399,21784.0,24525.02857142857
ablation_no_zero_mask,831,35,15,P15,35,6.541666666666667e-05,-0.0004196398849671823,20492.0,20471.0,47.626219272613525,3.5706799030303955,51.19689917564392,20073.0,22369.97142857143
ablation_no_zero_mask,832,35,16,P16,35,6.5375e-05,-0.003077338682487607,20643.0,20573.0,57.98650097846985,4.407934188842773,62.39443516731262,20276.0,22159.942857142858
ablation_no_zero_mask,833,35,17,P17,35,6.533333333333334e-05,-0.0011400369650800713,21324.0,21207.0,58.97124981880188,4.447216272354126,63.418466091156006,20793.0,22978.77142857143
ablation_no_zero_mask,834,35,18,P18,35,6.529166666666666e-05,-0.0008957704798376653,20578.0,20633.0,54.827791690826416,4.2508933544158936,59.07868504524231,20206.0,22206.942857142858
ablation_no_zero_mask,835,35,19,P19,35,6.525000000000001e-05,-8.832555868139025e-05,23271.0,23081.0,56.77523350715637,4.421997547149658,61.19723105430603,22792.0,24898.17142857143
ablation_no_zero_mask,836,35,20,P20,35,6.520833333333334e-05,0.0001647591474466026,22885.0,22664.0,60.66347122192383,4.973693609237671,65.6371648311615,22425.0,24384.742857142857
ablation_no_zero_mask,837,35,21,P21,35,6.516666666666666e-05,0.0015269089915818767,24021.0,23790.0,65.10764217376709,5.121522903442383,70.22916507720947,23530.0,25913.428571428572
ablation_no_zero_mask,838,35,22,P22,35,6.5125e-05,-0.002082549862097949,23581.0,23449.0,64.25472784042358,5.107349872589111,69.3620777130127,23112.0,24883.457142857143
ablation_no_zero_mask,839,35,23,P23,35,6.508333333333333e-05,-4.72525560845887e-05,32350.0,32068.0,86.3813898563385,6.801804065704346,93.18319392204285,31687.0,34951.97142857143
ablation_no_zero_mask,840,35,24,P24,35,6.504166666666667e-05,0.0010088734823511913,24170.0,24275.0,57.69208478927612,4.45565390586853,62.14773869514465,23754.0,25784.314285714285
ablation_no_zero_mask,841,36,1,P1,36,6.500000000000001e-05,0.025932847522199154,6571.0,6560.0,12.49974536895752,0.8609004020690918,13.360645771026611,6336.0,6820.972222222223
ablation_no_zero_mask,842,36,2,P2,36,6.495833333333334e-05,-0.021558734588325024,8806.0,8765.0,15.837803363800049,1.0555403232574463,16.893343687057495,8533.0,9026.027777777777
ablation_no_zero_mask,843,36,3,P3,36,6.491666666666667e-05,0.01633126672822982,6485.0,6728.0,11.380375623703003,0.7434513568878174,12.12382698059082,6055.0,6813.972222222223
ablation_no_zero_mask,844,36,4,P4,36,6.487499999999999e-05,0.0063374760793522,3944.0,3953.0,8.893943309783936,0.5966157913208008,9.490559101104736,3665.0,3999.722222222222
ablation_no_zero_mask,845,36,5,P5,36,6.483333333333333e-05,0.016096065286546946,4510.0,4532.0,9.635464429855347,0.6332674026489258,10.268731832504272,4221.0,4626.777777777777
ablation_no_zero_mask,846,36,6,P6,36,6.479166666666668e-05,0.0032457991619594395,4333.0,4310.0,10.30273699760437,0.6613976955413818,10.964134693145752,4081.0,4482.472222222223
ablation_no_zero_mask,847,36,7,P7,36,6.475e-05,0.06319621484726667,6160.0,6210.0,14.787095546722412,0.9625580310821533,15.749653577804565,5970.0,6270.861111111111
ablation_no_zero_mask,848,36,8,P8,36,6.470833333333334e-05,-0.07870912924408913,6375.0,6370.0,12.9489107131958,0.8604156970977783,13.809326410293579,5752.0,6206.361111111111
ablation_no_zero_mask,849,36,9,P9,36,6.466666666666668e-05,0.017215596919413656,5980.0,5850.0,12.378594160079956,0.8300800323486328,13.208674192428589,5550.0,5916.416666666667
ablation_no_zero_mask,850,36,10,P10,36,6.4625e-05,-0.012339723529294133,5709.0,5753.0,7.769351959228516,0.5331830978393555,8.302535057067871,5547.0,6143.388888888889
ablation_no_zero_mask,851,36,11,P11,36,6.458333333333334e-05,-0.003841052413918078,11954.0,11794.0,15.16074800491333,1.037309169769287,16.198057174682617,11434.0,12139.5
ablation_no_zero_mask,852,36,12,P12,36,6.454166666666667e-05,-0.0023665616172365844,12856.0,12636.0,17.91710901260376,1.2272522449493408,19.1443612575531,11720.0,13027.333333333334
ablation_no_zero_mask,853,36,13,P13,36,6.450000000000001e-05,-0.003102908653090708,20855.0,20760.0,45.90376853942871,3.367091417312622,49.27085995674133,19587.0,22388.36111111111
ablation_no_zero_mask,854,36,14,P14,36,6.445833333333333e-05,-0.00030112809577076405,23153.0,22843.0,46.56951451301575,3.386115550994873,49.95563006401062,21784.0,24478.305555555555
ablation_no_zero_mask,855,36,15,P15,36,6.441666666666667e-05,-0.0007740250875940546,21215.0,20690.0,47.610347747802734,3.6125528812408447,51.22290062904358,20073.0,22323.305555555555
ablation_no_zero_mask,856,36,16,P16,36,6.4375e-05,-0.004385728505440056,21100.0,20729.0,57.98237586021423,4.353727340698242,62.336103200912476,20276.0,22120.194444444445
ablation_no_zero_mask,857,36,17,P17,36,6.433333333333333e-05,0.0005709246393962531,21742.0,21615.0,58.23544907569885,4.588775634765625,62.82422471046448,20793.0,22940.88888888889
ablation_no_zero_mask,858,36,18,P18,36,6.429166666666667e-05,-0.0003599547329940833,21094.0,20746.0,54.54935002326965,4.167986631393433,58.717336654663086,20206.0,22166.36111111111
ablation_no_zero_mask,859,36,19,P19,36,6.425000000000002e-05,-0.0004074161281096167,23607.0,23430.0,57.3795702457428,4.414094686508179,61.79366493225098,22792.0,24857.38888888889
ablation_no_zero_mask,860,36,20,P20,36,6.420833333333334e-05,-0.002191130485152826,22829.0,23073.0,61.55307412147522,4.743132591247559,66.29620671272278,22425.0,24348.305555555555
ablation_no_zero_mask,861,36,21,P21,36,6.416666666666666e-05,0.0021376421849709005,24365.0,24305.0,64.45868396759033,5.1002197265625,69.55890369415283,23530.0,25868.75
ablation_no_zero_mask,862,36,22,P22,36,6.4125e-05,-0.001005402096780017,23891.0,23764.0,63.420355558395386,5.115695953369141,68.53605151176453,23112.0,24852.36111111111
ablation_no_zero_mask,863,36,23,P23,36,6.408333333333334e-05,0.0003244805416865607,33280.0,33293.0,85.85052633285522,6.726679563522339,92.57720589637756,31687.0,34905.88888888889
ablation_no_zero_mask,864,36,24,P24,36,6.404166666666666e-05,0.00030246714923123366,24841.0,24396.0,57.12292218208313,4.444280624389648,61.56720280647278,23754.0,25745.75
ablation_no_zero_mask,865,37,1,P1,37,6.400000000000001e-05,0.03395711677148938,6822.0,6597.0,12.48405909538269,0.8456063270568848,13.329665422439575,6336.0,6814.918918918919
ablation_no_zero_mask,866,37,2,P2,37,6.395833333333335e-05,-0.01828302163630724,8941.0,8962.0,16.12311553955078,1.065931797027588,17.18904733657837,8533.0,9024.297297297297
ablation_no_zero_mask,867,37,3,P3,37,6.391666666666667e-05,0.009463887196034193,6608.0,6776.0,11.37495756149292,0.7735929489135742,12.148550510406494,6055.0,6812.945945945946
ablation_no_zero_mask,868,37,4,P4,37,6.3875e-05,0.003639938309788704,3986.0,3947.0,8.910664319992065,0.581141471862793,9.491805791854858,3665.0,3998.2972972972975
ablation_no_zero_mask,869,37,5,P5,37,6.383333333333333e-05,-0.002487035992089659,4513.0,4504.0,9.776460409164429,0.653040885925293,10.429501295089722,4221.0,4623.459459459459
ablation_no_zero_mask,870,37,6,P6,37,6.379166666666667e-05,0.001835882751038298,4291.0,4313.0,10.19361424446106,0.6744146347045898,10.86802887916565,4081.0,4477.891891891892
ablation_no_zero_mask,871,37,7,P7,37,6.375e-05,0.04610800230875611,6210.0,6180.0,14.737996339797974,0.9608492851257324,15.698845624923706,5970.0,6268.405405405405
ablation_no_zero_mask,872,37,8,P8,37,6.370833333333334e-05,-0.05272776586934924,6320.0,6300.0,13.169301509857178,0.8989648818969727,14.06826639175415,5752.0,6208.891891891892
ablation_no_zero_mask,873,37,9,P9,37,6.366666666666668e-05,0.007513571530580521,6020.0,6040.0,12.62309980392456,0.8389661312103271,13.462065935134888,5550.0,5919.756756756757
ablation_no_zero_mask,874,37,10,P10,37,6.3625e-05,0.005099777830764651,6019.0,5786.0,7.9224464893341064,0.5333971977233887,8.455843687057495,5547.0,6133.72972972973
ablation_no_zero_mask,875,37,11,P11,37,6.358333333333332e-05,-0.017864951165392995,11916.0,11794.0,15.182054042816162,1.0237929821014404,16.205847024917603,11434.0,12130.162162162162
ablation_no_zero_mask,876,37,12,P12,37,6.354166666666668e-05,-0.006757533876225352,12716.0,12291.0,17.87938642501831,1.219311237335205,19.098697662353516,11720.0,13007.432432432432
ablation_no_zero_mask,877,37,13,P13,37,6.35e-05,0.0009036235983330698,20759.0,20638.0,45.20284032821655,3.3857877254486084,48.58862805366516,19587.0,22341.054054054053
ablation_no_zero_mask,878,37,14,P14,37,6.345833333333334e-05,0.001951561265741475,23258.0,22631.0,45.94401550292969,3.451586961746216,49.3956024646759,21784.0,24428.37837837838
ablation_no_zero_mask,879,37,15,P15,37,6.341666666666667e-05,-0.005414416460553184,21163.0,20566.0,47.3565878868103,3.482046365737915,50.83863425254822,20073.0,22275.81081081081
ablation_no_zero_mask,880,37,16,P16,37,6.337500000000001e-05,-0.0015967666811775416,20798.0,20812.0,57.41978693008423,4.394617080688477,61.814404010772705,20276.0,22084.837837837837
ablation_no_zero_mask,881,37,17,P17,37,6.333333333333333e-05,0.0008700052865606267,21612.0,21579.0,57.5722918510437,4.3314290046691895,61.90372085571289,20793.0,22904.08108108108
ablation_no_zero_mask,882,37,18,P18,37,6.329166666666667e-05,8.784584533714224e-05,21022.0,20660.0,54.46035861968994,4.1989147663116455,58.65927338600159,20206.0,22125.64864864865
ablation_no_zero_mask,883,37,19,P19,37,6.325e-05,0.0012942772074893583,23550.0,23563.0,56.569745779037476,4.409020900726318,60.978766679763794,22792.0,24822.405405405407
ablation_no_zero_mask,884,37,20,P20,37,6.320833333333334e-05,-0.002984452759847045,22919.0,23015.0,61.18107843399048,4.664132833480835,65.84521126747131,22425.0,24312.27027027027
ablation_no_zero_mask,885,37,21,P21,37,6.316666666666667e-05,0.0026381311181467026,24340.0,24128.0,64.13385272026062,5.0103888511657715,69.14424157142639,23530.0,25821.702702702703
ablation_no_zero_mask,886,37,22,P22,37,6.3125e-05,-0.002794256346533075,23726.0,23453.0,64.0120062828064,5.102217197418213,69.11422348022461,23112.0,24814.54054054054
ablation_no_zero_mask,887,37,23,P23,37,6.308333333333334e-05,0.0012014900993173277,32854.0,32676.0,87.19924569129944,6.937941551208496,94.13718724250793,31687.0,34845.62162162162
ablation_no_zero_mask,888,37,24,P24,37,6.304166666666666e-05,0.002266744917142205,24456.0,24234.0,57.35740423202515,4.556131601333618,61.913535833358765,23754.0,25704.891891891893
ablation_no_zero_mask,889,38,1,P1,38,6.3e-05,0.017530008335597813,6670.0,6647.0,12.535033702850342,0.851121187210083,13.386154890060425,6336.0,6810.5
ablation_no_zero_mask,890,38,2,P2,38,6.295833333333334e-05,-0.005125068739289418,8913.0,8732.0,15.87000560760498,1.0671360492706299,16.93714165687561,8533.0,9016.605263157895
ablation_no_zero_mask,891,38,3,P3,38,6.291666666666667e-05,0.013620212441310287,6678.0,6733.0,11.575278043746948,0.7734060287475586,12.348684072494507,6055.0,6810.8421052631575
ablation_no_zero_mask,892,38,4,P4,38,6.2875e-05,0.0036799696390517056,4008.0,4018.0,8.938652515411377,0.5888538360595703,9.527506351470947,3665.0,3998.815789473684
ablation_no_zero_mask,893,38,5,P5,38,6.283333333333335e-05,-0.010250860825181007,4439.0,4558.0,9.779860258102417,0.6541922092437744,10.434052467346191,4221.0,4621.736842105263
ablation_no_zero_mask,894,38,6,P6,38,6.279166666666667e-05,0.014062881236895919,4374.0,4368.0,10.106139659881592,0.67543625831604,10.781575918197632,4081.0,4475.0
ablation_no_zero_mask,895,38,7,P7,38,6.275e-05,0.047917468938976526,6350.0,6300.0,14.989753723144531,0.9782218933105469,15.967975616455078,5970.0,6269.236842105263
ablation_no_zero_mask,896,38,8,P8,38,6.270833333333333e-05,-0.02986970148049295,6267.0,6265.0,13.113579273223877,0.8652503490447998,13.978829622268677,5752.0,6210.368421052632
ablation_no_zero_mask,897,38,9,P9,38,6.266666666666667e-05,-0.0002738093608058989,5940.0,6020.0,12.617392301559448,0.8184049129486084,13.435797214508057,5550.0,5922.394736842105
ablation_no_zero_mask,898,38,10,P10,38,6.2625e-05,-0.032976943999528885,5796.0,5690.0,7.826467037200928,0.5518441200256348,8.378311157226562,5547.0,6122.0526315789475
ablation_no_zero_mask,899,38,11,P11,38,6.258333333333334e-05,-0.036576487589627504,11801.0,11794.0,15.261002779006958,1.0513842105865479,16.312386989593506,11434.0,12121.315789473685
ablation_no_zero_mask,900,38,12,P12,38,6.254166666666668e-05,-0.0015508104625041597,12380.0,12431.0,17.968881368637085,1.2281873226165771,19.197068691253662,11720.0,12992.263157894737
ablation_no_zero_mask,901,38,13,P13,38,6.25e-05,0.021342938882298768,20390.0,20180.0,46.404372453689575,3.417475461959839,49.821847915649414,19587.0,22284.184210526317
ablation_no_zero_mask,902,38,14,P14,38,6.245833333333332e-05,-0.007672003557672724,22694.0,22531.0,46.09567403793335,3.4078762531280518,49.5035502910614,21784.0,24378.447368421053
ablation_no_zero_mask,903,38,15,P15,38,6.241666666666666e-05,0.0004693797081927187,20795.0,20346.0,47.942983865737915,3.636929750442505,51.57991361618042,20073.0,22225.026315789473
ablation_no_zero_mask,904,38,16,P16,38,6.237500000000001e-05,0.003186746558640152,20517.0,20342.0,57.617809534072876,4.387366056442261,62.00517559051514,20276.0,22038.973684210527
ablation_no_zero_mask,905,38,17,P17,38,6.233333333333334e-05,0.0013249996802187525,21309.0,21198.0,58.272767305374146,4.493368148803711,62.766135454177856,20793.0,22859.184210526317
ablation_no_zero_mask,906,38,18,P18,38,6.229166666666667e-05,-0.0012193752496386877,20822.0,20425.0,54.66929483413696,4.157674312591553,58.826969146728516,20206.0,22080.894736842107
ablation_no_zero_mask,907,38,19,P19,38,6.225000000000001e-05,-0.0017498390065156856,23263.0,23226.0,57.830684185028076,4.491186618804932,62.32187080383301,22792.0,24780.394736842107
ablation_no_zero_mask,908,38,20,P20,38,6.220833333333333e-05,0.0003045677018235438,22622.0,22495.0,62.162298917770386,4.852471351623535,67.01477026939392,22425.0,24264.447368421053
ablation_no_zero_mask,909,38,21,P21,38,6.216666666666666e-05,0.0024951744417194277,24324.0,23607.0,64.88941717147827,5.005865573883057,69.89528274536133,23530.0,25763.42105263158
ablation_no_zero_mask,910,38,22,P22,38,6.2125e-05,-0.002807153755566105,23518.0,23437.0,63.71778869628906,5.312813997268677,69.03060269355774,23112.0,24778.28947368421
ablation_no_zero_mask,911,38,23,P23,38,6.208333333333334e-05,0.0004021905877899761,32659.0,32561.0,86.92512345314026,6.7544591426849365,93.6795825958252,31687.0,34785.5
ablation_no_zero_mask,912,38,24,P24,38,6.204166666666667e-05,0.0027017662127036602,24438.0,24305.0,58.21153926849365,4.477588415145874,62.689127683639526,23754.0,25668.052631578947
ablation_no_zero_mask,913,39,1,P1,39,6.2e-05,0.004042669697810197,6570.0,6627.0,12.679821729660034,0.8344614505767822,13.514283180236816,6336.0,6805.794871794872
ablation_no_zero_mask,914,39,2,P2,39,6.195833333333334e-05,-0.01304955396335572,8779.0,8888.0,16.339767932891846,1.0952279567718506,17.434995889663696,8533.0,9013.307692307691
ablation_no_zero_mask,915,39,3,P3,39,6.191666666666666e-05,0.0369990523904562,6677.0,6908.0,11.471233606338501,0.7559998035430908,12.227233409881592,6055.0,6813.333333333333
ablation_no_zero_mask,916,39,4,P4,39,6.1875e-05,-0.011548403883352876,4078.0,4032.0,8.953147172927856,0.617840051651001,9.570987224578857,3665.0,3999.6666666666665
ablation_no_zero_mask,917,39,5,P5,39,6.183333333333334e-05,-0.005682369112037122,4506.0,4516.0,9.827659368515015,0.6390190124511719,10.466678380966187,4221.0,4619.025641025641
ablation_no_zero_mask,918,39,6,P6,39,6.179166666666667e-05,0.019395403098315,4456.0,4426.0,10.405897855758667,0.6981759071350098,11.104073762893677,4081.0,4473.74358974359
ablation_no_zero_mask,919,39,7,P7,39,6.175e-05,0.0765449870377779,6370.0,6350.0,15.111981868743896,1.0093328952789307,16.121314764022827,5970.0,6271.307692307692
ablation_no_zero_mask,920,39,8,P8,39,6.170833333333333e-05,-0.042964400723576546,6280.0,6230.0,13.12502145767212,0.8859827518463135,14.011004209518433,5752.0,6210.871794871795
ablation_no_zero_mask,921,39,9,P9,39,6.166666666666667e-05,-0.022568429354578257,5957.0,6057.0,12.690283060073853,0.8719661235809326,13.562249183654785,5550.0,5925.846153846154
ablation_no_zero_mask,922,39,10,P10,39,6.1625e-05,0.0016356733394786716,5987.0,5823.0,7.747138500213623,0.5281555652618408,8.275294065475464,5547.0,6114.384615384615
ablation_no_zero_mask,923,39,11,P11,39,6.158333333333334e-05,-0.017233442165888846,11832.0,12188.0,14.986279964447021,1.033867597579956,16.020147562026978,11434.0,12123.02564102564
ablation_no_zero_mask,924,39,12,P12,39,6.154166666666668e-05,0.007161706802435219,13394.0,13276.0,17.77633571624756,1.2151026725769043,18.991438388824463,11720.0,12999.538461538461
ablation_no_zero_mask,925,39,13,P13,39,6.15e-05,0.0041802173655014485,21802.0,21803.0,45.37182402610779,3.473595380783081,48.84541940689087,19587.0,22271.846153846152
ablation_no_zero_mask,926,39,14,P14,39,6.145833333333333e-05,-0.004737438037409447,23846.0,23219.0,45.831449031829834,3.4007718563079834,49.23222088813782,21784.0,24348.71794871795
ablation_no_zero_mask,927,39,15,P15,39,6.141666666666668e-05,-0.007621829630807042,21699.0,20990.0,47.92394256591797,3.4921276569366455,51.416070222854614,20073.0,22193.358974358973
ablation_no_zero_mask,928,39,16,P16,39,6.1375e-05,-0.002011817901075119,21379.0,20757.0,58.02796268463135,4.377936124801636,62.40589880943298,20276.0,22006.102564102563
ablation_no_zero_mask,929,39,17,P17,39,6.133333333333334e-05,0.00029085150817991233,21745.0,21531.0,57.97028183937073,4.517283916473389,62.487565755844116,20793.0,22825.128205128207
ablation_no_zero_mask,930,39,18,P18,39,6.129166666666667e-05,-0.00012060404951625969,21218.0,20739.0,54.36645269393921,4.112124919891357,58.478577613830566,20206.0,22046.48717948718
ablation_no_zero_mask,931,39,19,P19,39,6.125000000000001e-05,0.002037648353143595,23648.0,23810.0,56.71853017807007,4.699852466583252,61.41838264465332,22792.0,24755.51282051282
ablation_no_zero_mask,932,39,20,P20,39,6.120833333333333e-05,-0.003394270600983873,23161.0,22710.0,61.192870140075684,4.785398721694946,65.97826886177063,22425.0,24224.589743589742
ablation_no_zero_mask,933,39,21,P21,39,6.116666666666667e-05,0.0031871053273789586,24481.0,24093.0,64.91738057136536,4.9923484325408936,69.90972900390625,23530.0,25720.589743589742
ablation_no_zero_mask,934,39,22,P22,39,6.112500000000001e-05,-0.005183402774855494,23619.0,23581.0,64.80031752586365,5.061025381088257,69.8613429069519,23112.0,24747.589743589742
ablation_no_zero_mask,935,39,23,P23,39,6.108333333333333e-05,0.0019349199522236762,32472.0,32324.0,86.96674180030823,6.663052320480347,93.62979412078857,31687.0,34722.38461538462
ablation_no_zero_mask,936,39,24,P24,39,6.104166666666667e-05,0.0037365475320257245,24352.0,24352.0,56.73545432090759,4.750621557235718,61.48607587814331,23754.0,25634.30769230769
ablation_no_zero_mask,937,40,1,P1,40,6.1e-05,0.01500651496462524,6704.0,6680.0,12.815269947052002,0.8643605709075928,13.679630517959595,6336.0,6802.65
ablation_no_zero_mask,938,40,2,P2,40,6.095833333333334e-05,-0.020845631835982203,8724.0,8814.0,16.200844287872314,1.051213026046753,17.252057313919067,8533.0,9008.325
ablation_no_zero_mask,939,40,3,P3,40,6.0916666666666666e-05,0.027280764654278755,6604.0,6851.0,11.427744150161743,0.7722451686859131,12.199989318847656,6055.0,6814.275
ablation_no_zero_mask,940,40,4,P4,40,6.0875e-05,0.016936107072979212,3998.0,4032.0,8.984088659286499,0.6044206619262695,9.588509321212769,3665.0,4000.475
ablation_no_zero_mask,941,40,5,P5,40,6.083333333333334e-05,0.009576788870617747,4538.0,4575.0,9.748934507369995,0.6510179042816162,10.399952411651611,4221.0,4617.925
ablation_no_zero_mask,942,40,6,P6,40,6.079166666666667e-05,0.02636234136298299,4343.0,4403.0,10.150477886199951,0.6797909736633301,10.830268859863281,4081.0,4471.975
ablation_no_zero_mask,943,40,7,P7,40,6.074999999999999e-05,0.051055703312158585,6240.0,6300.0,14.899258375167847,0.9823710918426514,15.881629467010498,5970.0,6272.025
ablation_no_zero_mask,944,40,8,P8,40,6.0708333333333336e-05,-0.04332945425994694,6390.0,6360.0,13.23870587348938,0.8688642978668213,14.107570171356201,5752.0,6214.6
ablation_no_zero_mask,945,40,9,P9,40,6.066666666666667e-05,-0.008326966897584498,5965.0,6045.0,12.638765096664429,0.8544230461120605,13.49318814277649,5550.0,5928.825
ablation_no_zero_mask,946,40,10,P10,40,6.0624999999999996e-05,-0.007257074932567775,5911.0,5814.0,7.767045974731445,0.535576581954956,8.302622556686401,5547.0,6106.875
ablation_no_zero_mask,947,40,11,P11,40,6.058333333333333e-05,-0.01710494188591838,11994.0,12274.0,15.214344263076782,1.0272443294525146,16.241588592529297,11434.0,12126.8
ablation_no_zero_mask,948,40,12,P12,40,6.054166666666668e-05,-0.0005203092823649058,12991.0,12936.0,18.217791318893433,1.2378394603729248,19.455630779266357,11720.0,12997.95
ablation_no_zero_mask,949,40,13,P13,40,6.05e-05,0.002776775578240631,21653.0,21043.0,45.76936054229736,3.3949429988861084,49.16430354118347,19587.0,22241.125
ablation_no_zero_mask,950,40,14,P14,40,6.045833333333333e-05,-0.0015777369039824407,23659.0,23087.0,46.22637867927551,3.377152442932129,49.60353112220764,21784.0,24317.175
ablation_no_zero_mask,951,40,15,P15,40,6.0416666666666674e-05,-0.005446676354040392,21648.0,20852.0,47.3402316570282,3.5055019855499268,50.845733642578125,20073.0,22159.825
ablation_no_zero_mask,952,40,16,P16,40,6.0375000000000004e-05,-0.007711663958616555,21130.0,20861.0,56.57297873497009,4.6260881423950195,61.19906687736511,20276.0,21977.475
ablation_no_zero_mask,953,40,17,P17,40,6.0333333333333334e-05,0.002214604042819701,21659.0,21805.0,58.2792911529541,4.467414379119873,62.746705532073975,20793.0,22799.625
ablation_no_zero_mask,954,40,18,P18,40,6.029166666666667e-05,-0.0004824875548365526,21023.0,20753.0,54.25834274291992,4.082260847091675,58.3406035900116,20206.0,22014.15
ablation_no_zero_mask,955,40,19,P19,40,6.025000000000001e-05,0.003888235811609775,23759.0,23572.0,57.35255455970764,4.442614316940308,61.79516887664795,22792.0,24725.925
ablation_no_zero_mask,956,40,20,P20,40,6.020833333333333e-05,-0.003820582781918347,23440.0,23060.0,61.54511523246765,4.74778938293457,66.29290461540222,22425.0,24195.475
ablation_no_zero_mask,957,40,21,P21,40,6.0166666666666674e-05,0.0037529839435592295,24757.0,24506.0,63.11905360221863,4.931845188140869,68.0508987903595,23530.0,25690.225
ablation_no_zero_mask,958,40,22,P22,40,6.012500000000001e-05,-0.0036958437995053828,24019.0,24096.0,62.92615795135498,5.225425958633423,68.1515839099884,23112.0,24731.3
ablation_no_zero_mask,959,40,23,P23,40,6.0083333333333335e-05,0.0019252035500747816,33671.0,33187.0,84.90944480895996,6.694298982620239,91.6037437915802,31687.0,34684.0
ablation_no_zero_mask,960,40,24,P24,40,6.0041666666666665e-05,0.0027884814502613154,24859.0,24556.0,57.24726700782776,4.470361709594727,61.717628717422485,23754.0,25607.35
ablation_no_zero_mask,961,41,1,P1,41,6e-05,0.014389181858859956,6746.0,6694.0,12.64641261100769,0.832726001739502,13.479138612747192,6336.0,6800.0
ablation_no_zero_mask,962,41,2,P2,41,5.995833333333334e-05,-0.015691371401771903,8797.0,8800.0,15.747941493988037,1.0395658016204834,16.78750729560852,8533.0,9003.243902439024
ablation_no_zero_mask,963,41,3,P3,41,5.991666666666667e-05,0.012547400721814483,6497.0,6885.0,11.446138620376587,0.7767598628997803,12.222898483276367,6055.0,6816.0
ablation_no_zero_mask,964,41,4,P4,41,5.9875000000000005e-05,0.017399992793798447,4110.0,4030.0,9.129116773605347,0.6236896514892578,9.752806425094604,3665.0,4001.1951219512193
ablation_no_zero_mask,965,41,5,P5,41,5.983333333333334e-05,0.02132120030000806,4659.0,4629.0,9.989446640014648,0.6438815593719482,10.633328199386597,4221.0,4618.195121951219
ablation_no_zero_mask,966,41,6,P6,41,5.9791666666666665e-05,0.021650070790201426,4504.0,4433.0,10.07012414932251,0.7067170143127441,10.776841163635254,4081.0,4471.024390243902
ablation_no_zero_mask,967,41,7,P7,41,5.9749999999999995e-05,0.027220857795327902,6340.0,6395.0,14.693101167678833,0.9642765522003174,15.65737771987915,5970.0,6275.024390243902
ablation_no_zero_mask,968,41,8,P8,41,5.9708333333333346e-05,-0.03308736928738654,6330.0,6260.0,12.953325510025024,0.8515701293945312,13.804895639419556,5752.0,6215.707317073171
ablation_no_zero_mask,969,41,9,P9,41,5.966666666666667e-05,-0.002609441304230131,5910.0,5957.0,12.291430234909058,0.8049242496490479,13.096354484558105,5550.0,5929.512195121952
ablation_no_zero_mask,970,41,10,P10,41,5.9625e-05,-0.0052248804131522775,5970.0,5745.0,7.59563422203064,0.5214784145355225,8.117112636566162,5547.0,6098.048780487805
ablation_no_zero_mask,971,41,11,P11,41,5.9583333333333336e-05,-0.030533551005646586,11894.0,11992.0,14.804931879043579,1.0162303447723389,15.821162223815918,11434.0,12123.512195121952
ablation_no_zero_mask,972,41,12,P12,41,5.954166666666667e-05,-0.013151531224139035,12691.0,12816.0,17.42206120491028,1.2549855709075928,18.67704677581787,11720.0,12993.512195121952
ablation_no_zero_mask,973,41,13,P13,41,5.95e-05,0.025362003478221595,21489.0,21667.0,45.86532783508301,3.412778377532959,49.27810621261597,19587.0,22227.121951219513
ablation_no_zero_mask,974,41,14,P14,41,5.945833333333334e-05,-0.004587519506458193,24024.0,23278.0,46.23985266685486,3.3929378986358643,49.63279056549072,21784.0,24291.829268292684
ablation_no_zero_mask,975,41,15,P15,41,5.9416666666666677e-05,-0.0034071432310156524,22029.0,21466.0,47.98261499404907,3.5289230346679688,51.51153802871704,20073.0,22142.90243902439
ablation_no_zero_mask,976,41,16,P16,41,5.9375e-05,-0.005002600862644613,21760.0,21194.0,58.94187593460083,4.4272215366363525,63.36909747123718,20276.0,21958.365853658535
ablation_no_zero_mask,977,41,17,P17,41,5.933333333333333e-05,-0.00040708699634706136,22037.0,22260.0,59.05099058151245,4.517174959182739,63.56816554069519,20793.0,22786.463414634145
ablation_no_zero_mask,978,41,18,P18,41,5.929166666666667e-05,0.001552867062855512,21543.0,21408.0,54.8665657043457,4.1004979610443115,58.967063665390015,20206.0,21999.365853658535
ablation_no_zero_mask,979,41,19,P19,41,5.9250000000000004e-05,0.0017548363113746746,24389.0,24082.0,56.81245732307434,4.4739766120910645,61.286433935165405,22792.0,24710.219512195123
ablation_no_zero_mask,980,41,20,P20,41,5.9208333333333334e-05,-0.0037362357485108077,23981.0,23150.0,61.94030261039734,4.821736574172974,66.76203918457031,22425.0,24169.975609756097
ablation_no_zero_mask,981,41,21,P21,41,5.916666666666667e-05,0.0034633898874744775,25401.0,24946.0,65.72861409187317,5.17677116394043,70.9053852558136,23530.0,25672.073170731706
ablation_no_zero_mask,982,41,22,P22,41,5.912500000000001e-05,-0.004634622752200812,24485.0,23938.0,65.08976554870605,5.23466420173645,70.3244297504425,23112.0,24711.951219512193
ablation_no_zero_mask,983,41,23,P23,41,5.908333333333334e-05,0.0013131694000289176,33989.0,33726.0,86.12491989135742,6.707215785980225,92.83213567733765,31687.0,34660.634146341465
ablation_no_zero_mask,984,41,24,P24,41,5.904166666666666e-05,0.004092730931006372,25088.0,24875.0,57.00398015975952,4.455085039138794,61.459065198898315,23754.0,25589.48780487805
ablation_no_zero_mask,985,42,1,P1,42,5.900000000000001e-05,0.002481105548213236,6610.0,6553.0,12.599072694778442,0.8433582782745361,13.442430973052979,6336.0,6794.119047619048
ablation_no_zero_mask,986,42,2,P2,42,5.8958333333333334e-05,-0.01688486454077065,8903.0,9095.0,16.00204873085022,1.076169729232788,17.078218460083008,8533.0,9005.42857142857
ablation_no_zero_mask,987,42,3,P3,42,5.8916666666666664e-05,0.03441648557782173,6645.0,7163.0,11.359755039215088,0.7643449306488037,12.124099969863892,6055.0,6824.261904761905
ablation_no_zero_mask,988,42,4,P4,42,5.8875e-05,0.02171449502930045,4106.0,4094.0,9.012986421585083,0.6162378787994385,9.629224300384521,3665.0,4003.404761904762
ablation_no_zero_mask,989,42,5,P5,42,5.883333333333334e-05,0.000618514241068624,4495.0,4670.0,9.749562740325928,0.6573939323425293,10.406956672668457,4221.0,4619.428571428572
ablation_no_zero_mask,990,42,6,P6,42,5.879166666666667e-05,0.020668854471296072,4458.0,4410.0,10.1659996509552,0.6935901641845703,10.85958981513977,4081.0,4469.571428571428
ablation_no_zero_mask,991,42,7,P7,42,5.8750000000000005e-05,0.030842769891023636,6340.0,6320.0,15.032421827316284,0.9735984802246094,16.006020307540894,5970.0,6276.0952380952385
ablation_no_zero_mask,992,42,8,P8,42,5.870833333333334e-05,-0.01773518999107182,6448.0,6390.0,13.1891188621521,0.8836383819580078,14.072757244110107,5752.0,6219.857142857143
ablation_no_zero_mask,993,42,9,P9,42,5.866666666666667e-05,-0.02276637079194188,6077.0,6147.0,12.592565298080444,0.8232595920562744,13.415824890136719,5550.0,5934.690476190476
ablation_no_zero_mask,994,42,10,P10,42,5.8624999999999995e-05,0.00552376639097929,6483.0,5834.0,7.7401227951049805,0.5415570735931396,8.28167986869812,5547.0,6091.761904761905
ablation_no_zero_mask,995,42,11,P11,42,5.858333333333333e-05,-0.03367826691828668,12201.0,12590.0,15.332844734191895,1.072929859161377,16.40577459335327,11434.0,12134.619047619048
ablation_no_zero_mask,996,42,12,P12,42,5.8541666666666676e-05,-0.010612876270897686,13365.0,13294.0,17.97029757499695,1.24326491355896,19.213562488555908,11720.0,13000.666666666666
ablation_no_zero_mask,997,42,13,P13,42,5.85e-05,0.014725886634550989,22148.0,22049.0,45.78829884529114,3.490349054336548,49.278647899627686,19587.0,22222.880952380954
ablation_no_zero_mask,998,42,14,P14,42,5.8458333333333336e-05,-0.006405269115930423,23981.0,23483.0,46.41462802886963,3.404512405395508,49.81914043426514,21784.0,24272.571428571428
ablation_no_zero_mask,999,42,15,P15,42,5.841666666666667e-05,-0.005547206063056365,22065.0,21280.0,48.140223264694214,3.5163164138793945,51.65653967857361,20073.0,22122.35714285714
ablation_no_zero_mask,1000,42,16,P16,42,5.8375e-05,-0.010509333200752735,21791.0,21327.0,58.11460733413696,4.347006320953369,62.46161365509033,20276.0,21943.333333333332
ablation_no_zero_mask,1001,42,17,P17,42,5.8333333333333326e-05,0.0024297172407386825,22280.0,22308.0,59.124632120132446,4.512409687042236,63.63704180717468,20793.0,22775.071428571428
ablation_no_zero_mask,1002,42,18,P18,42,5.8291666666666676e-05,0.00045443292838172057,21705.0,21280.0,55.51807737350464,4.250087738037109,59.76816511154175,20206.0,21982.238095238095
ablation_no_zero_mask,1003,42,19,P19,42,5.8250000000000006e-05,0.004347279469948262,24628.0,23720.0,57.4629008769989,4.481751203536987,61.94465208053589,22792.0,24686.64285714286
ablation_no_zero_mask,1004,42,20,P20,42,5.820833333333333e-05,-0.004988456680439413,24160.0,23728.0,62.38818550109863,4.74405837059021,67.13224387168884,22425.0,24159.45238095238
ablation_no_zero_mask,1005,42,21,P21,42,5.8166666666666667e-05,0.006303129927255213,25445.0,24853.0,64.31938529014587,5.244266986846924,69.5636522769928,23530.0,25652.571428571428
ablation_no_zero_mask,1006,42,22,P22,42,5.812500000000001e-05,-0.007701360573992133,24707.0,24117.0,64.53549599647522,5.111323833465576,69.6468198299408,23112.0,24697.785714285714
ablation_no_zero_mask,1007,42,23,P23,42,5.8083333333333333e-05,0.0030588170609137577,34408.0,33559.0,86.51353693008423,6.762059688568115,93.27559661865234,31687.0,34634.40476190476
ablation_no_zero_mask,1008,42,24,P24,42,5.804166666666667e-05,0.005362449050880969,25251.0,24936.0,57.09007263183594,4.604097604751587,61.694170236587524,23754.0,25573.928571428572
ablation_no_zero_mask,1009,43,1,P1,43,5.800000000000001e-05,-0.0015292408497771248,6712.0,6500.0,12.799136877059937,0.8796725273132324,13.678809404373169,6336.0,6787.279069767442
ablation_no_zero_mask,1010,43,2,P2,43,5.795833333333334e-05,-0.024798620492219925,8958.0,8934.0,16.372790813446045,1.0587801933288574,17.431571006774902,8533.0,9003.767441860466
ablation_no_zero_mask,1011,43,3,P3,43,5.791666666666666e-05,0.032166571356356144,6630.0,6916.0,11.354416847229004,0.7688076496124268,12.12322449684143,6055.0,6826.395348837209
ablation_no_zero_mask,1012,43,4,P4,43,5.7875000000000004e-05,0.010423614177852869,4008.0,3988.0,8.805991411209106,0.6072402000427246,9.413231611251831,3665.0,4003.046511627907
ablation_no_zero_mask,1013,43,5,P5,43,5.783333333333334e-05,0.006052986020222306,4563.0,4560.0,9.83778715133667,0.666273832321167,10.504060983657837,4221.0,4618.046511627907
ablation_no_zero_mask,1014,43,6,P6,43,5.7791666666666664e-05,0.03439529426395893,4392.0,4388.0,10.06254768371582,0.6792442798614502,10.74179196357727,4081.0,4467.674418604651
ablation_no_zero_mask,1015,43,7,P7,43,5.775e-05,0.05330616096034646,6310.0,6210.0,14.728809356689453,0.9809925556182861,15.70980191230774,5970.0,6274.558139534884
ablation_no_zero_mask,1016,43,8,P8,43,5.7708333333333345e-05,-0.03878471441566944,6420.0,6255.0,13.065405368804932,0.8722696304321289,13.93767499923706,5752.0,6220.674418604651
ablation_no_zero_mask,1017,43,9,P9,43,5.766666666666667e-05,-0.013400702213402838,6000.0,6010.0,12.43219518661499,0.820540189743042,13.252735376358032,5550.0,5936.441860465116
ablation_no_zero_mask,1018,43,10,P10,43,5.7625e-05,-0.02750755799934268,5897.0,5939.0,7.656300067901611,0.5383048057556152,8.194604873657227,5547.0,6088.209302325581
ablation_no_zero_mask,1019,43,11,P11,43,5.7583333333333335e-05,-0.02736186678521335,11992.0,12092.0,15.159123659133911,1.036966323852539,16.19608998298645,11434.0,12133.627906976744
ablation_no_zero_mask,1020,43,12,P12,43,5.754166666666667e-05,-0.005521146114915609,13034.0,12736.0,18.10652256011963,1.2348837852478027,19.34140634536743,11720.0,12994.511627906977
ablation_no_zero_mask,1021,43,13,P13,43,5.7499999999999995e-05,0.011902137252036482,21545.0,21006.0,46.36457419395447,3.4785661697387695,49.84314036369324,19587.0,22194.581395348836
ablation_no_zero_mask,1022,43,14,P14,43,5.745833333333334e-05,-0.004904203815385699,23388.0,22902.0,47.02197623252869,3.4984281063079834,50.52040433883667,21784.0,24240.697674418603
ablation_no_zero_mask,1023,43,15,P15,43,5.7416666666666675e-05,-0.006024710804922506,21292.0,20875.0,49.08749604225159,3.58833909034729,52.67583513259888,20073.0,22093.3488372093
ablation_no_zero_mask,1024,43,16,P16,43,5.7375e-05,-0.000712930281770241,21247.0,20700.0,58.8976833820343,4.440087556838989,63.33777093887329,20276.0,21914.418604651164
ablation_no_zero_mask,1025,43,17,P17,43,5.733333333333333e-05,-0.00014590157334168908,21969.0,21911.0,58.5247642993927,4.4287331104278564,62.95349740982056,20793.0,22754.976744186046
ablation_no_zero_mask,1026,43,18,P18,43,5.729166666666668e-05,-0.001289784041364328,21122.0,21103.0,54.00818181037903,4.198535442352295,58.20671725273132,20206.0,21961.79069767442
ablation_no_zero_mask,1027,43,19,P19,43,5.725e-05,0.00392009754141327,24087.0,23381.0,56.993221044540405,4.4670586585998535,61.46027970314026,22792.0,24656.279069767443
ablation_no_zero_mask,1028,43,20,P20,43,5.720833333333333e-05,-0.006007017777301371,23153.0,22776.0,61.39023518562317,4.770218372344971,66.16045355796814,22425.0,24127.279069767443
ablation_no_zero_mask,1029,43,21,P21,43,5.716666666666667e-05,0.00473329892847687,24433.0,24197.0,65.47678685188293,5.042016983032227,70.51880383491516,23530.0,25618.720930232557
ablation_no_zero_mask,1030,43,22,P22,43,5.7125000000000006e-05,-0.004753003246150911,23755.0,23822.0,65.36855268478394,5.1478588581085205,70.51641154289246,23112.0,24677.418604651164
ablation_no_zero_mask,1031,43,23,P23,43,5.7083333333333336e-05,0.004241401520890317,33423.0,32850.0,86.22748255729675,7.000482082366943,93.2279646396637,31687.0,34592.90697674418
ablation_no_zero_mask,1032,43,24,P24,43,5.704166666666667e-05,0.0021087649394758044,24669.0,24273.0,58.25610661506653,4.541119813919067,62.797226428985596,23754.0,25543.674418604653
ablation_no_zero_mask,1033,44,1,P1,44,5.700000000000001e-05,0.0029632906189362984,6671.0,6530.0,12.79640245437622,0.8692808151245117,13.665683269500732,6336.0,6781.431818181818
ablation_no_zero_mask,1034,44,2,P2,44,5.695833333333333e-05,-0.019811888691037893,8856.0,8808.0,16.39153504371643,1.0951564311981201,17.48669147491455,8533.0,8999.318181818182
ablation_no_zero_mask,1035,44,3,P3,44,5.691666666666666e-05,0.029858471592888236,6688.0,6955.0,11.64116096496582,0.7725551128387451,12.413716077804565,6055.0,6829.318181818182
ablation_no_zero_mask,1036,44,4,P4,44,5.6875e-05,0.006730423425324261,3984.0,3921.0,9.065973997116089,0.6016387939453125,9.667612791061401,3665.0,4001.181818181818
ablation_no_zero_mask,1037,44,5,P5,44,5.683333333333334e-05,0.005211584968492389,4539.0,4512.0,10.083426237106323,0.6766102313995361,10.76003646850586,4221.0,4615.636363636364
ablation_no_zero_mask,1038,44,6,P6,44,5.679166666666667e-05,0.013840326573699713,4368.0,4314.0,10.403558015823364,0.7045037746429443,11.108061790466309,4081.0,4464.181818181818
ablation_no_zero_mask,1039,44,7,P7,44,5.6750000000000004e-05,0.04636854864656925,6285.0,6250.0,15.078280925750732,0.9783492088317871,16.05663013458252,5970.0,6274.0
ablation_no_zero_mask,1040,44,8,P8,44,5.670833333333334e-05,-0.015087082865647972,6135.0,6200.0,13.387503147125244,0.8909332752227783,14.278436422348022,5752.0,6220.204545454545
ablation_no_zero_mask,1041,44,9,P9,44,5.666666666666667e-05,-0.009412634244654328,5850.0,5925.0,12.735126972198486,0.8560786247253418,13.591205596923828,5550.0,5936.181818181818
ablation_no_zero_mask,1042,44,10,P10,44,5.6624999999999994e-05,-0.01292779901996255,5945.0,5765.0,7.845519304275513,0.5388200283050537,8.384339332580566,5547.0,6080.863636363636
ablation_no_zero_mask,1043,44,11,P11,44,5.6583333333333344e-05,-0.01445527991745621,12214.0,11794.0,15.131685733795166,0.9966762065887451,16.12836194038391,11434.0,12125.90909090909
ablation_no_zero_mask,1044,44,12,P12,44,5.654166666666667e-05,-0.019102728459984064,12520.0,12456.0,18.175889253616333,1.280003309249878,19.45589256286621,11720.0,12982.272727272728
ablation_no_zero_mask,1045,44,13,P13,44,5.65e-05,0.0030757104250369594,20635.0,20515.0,46.1890287399292,3.4285988807678223,49.61762762069702,19587.0,22156.409090909092
ablation_no_zero_mask,1046,44,14,P14,44,5.6458333333333335e-05,0.0019289818192191888,23087.0,22681.0,45.10258221626282,3.3594322204589844,48.4620144367218,21784.0,24205.25
ablation_no_zero_mask,1047,44,15,P15,44,5.641666666666667e-05,-0.005571661953581497,21215.0,20841.0,46.710099935531616,3.5905885696411133,50.30068850517273,20073.0,22064.886363636364
ablation_no_zero_mask,1048,44,16,P16,44,5.6375e-05,0.001007095539898728,21022.0,20760.0,57.23988723754883,4.364038944244385,61.60392618179321,20276.0,21888.18181818182
ablation_no_zero_mask,1049,44,17,P17,44,5.633333333333334e-05,-0.0025241628813091666,21632.0,21608.0,58.3006808757782,4.4578001499176025,62.7584810256958,20793.0,22728.909090909092
ablation_no_zero_mask,1050,44,18,P18,44,5.6291666666666675e-05,0.0013329102017451077,20913.0,20741.0,55.59181094169617,4.043324708938599,59.635135650634766,20206.0,21934.045454545456
ablation_no_zero_mask,1051,44,19,P19,44,5.6250000000000005e-05,0.002198066227720119,23867.0,23522.0,57.18111491203308,4.373221158981323,61.554336071014404,22792.0,24630.5
ablation_no_zero_mask,1052,44,20,P20,44,5.620833333333333e-05,-0.0039012126333545895,23229.0,23118.0,60.36761808395386,4.732648134231567,65.10026621818542,22425.0,24104.340909090908
ablation_no_zero_mask,1053,44,21,P21,44,5.6166666666666665e-05,0.002936610486358404,24693.0,24527.0,64.76577091217041,5.182339668273926,69.94811058044434,23530.0,25593.909090909092
ablation_no_zero_mask,1054,44,22,P22,44,5.6125e-05,-0.0032050139619968832,24004.0,23968.0,63.31445932388306,5.073843479156494,68.38830280303955,23112.0,24661.295454545456
ablation_no_zero_mask,1055,44,23,P23,44,5.608333333333333e-05,0.0014705501380376518,33195.0,33392.0,87.74063968658447,6.681450605392456,94.42209029197693,31687.0,34565.61363636364
ablation_no_zero_mask,1056,44,24,P24,44,5.604166666666667e-05,0.0031349063036032023,24678.0,24355.0,57.90676808357239,4.502462387084961,62.40923047065735,23754.0,25516.659090909092
ablation_no_zero_mask,1057,45,1,P1,45,5.6000000000000006e-05,0.012986384681425989,6801.0,6651.0,12.601346015930176,0.8356704711914062,13.437016487121582,6336.0,6778.533333333334
ablation_no_zero_mask,1058,45,2,P2,45,5.5958333333333336e-05,-0.02258058823645115,8782.0,8853.0,15.697285175323486,1.044079303741455,16.74136447906494,8533.0,8996.066666666668
ablation_no_zero_mask,1059,45,3,P3,45,5.591666666666666e-05,0.007167044561356306,6486.0,6495.0,11.274327754974365,0.7532258033752441,12.02755355834961,6055.0,6821.888888888889
ablation_no_zero_mask,1060,45,4,P4,45,5.587500000000001e-05,0.006258678040467203,3968.0,3824.0,8.798527956008911,0.5964157581329346,9.394943714141846,3665.0,3997.2444444444445
ablation_no_zero_mask,1061,45,5,P5,45,5.583333333333334e-05,0.029369119554758072,4562.0,4494.0,9.71994137763977,0.6580159664154053,10.377957344055176,4221.0,4612.933333333333
ablation_no_zero_mask,1062,45,6,P6,45,5.579166666666666e-05,0.012158305151388049,4362.0,4370.0,9.985932350158691,0.6727490425109863,10.658681392669678,4081.0,4462.0888888888885
ablation_no_zero_mask,1063,45,7,P7,45,5.575e-05,0.016220025601796806,6210.0,6200.0,15.35952115058899,1.0168852806091309,16.37640643119812,5970.0,6272.355555555556
ablation_no_zero_mask,1064,45,8,P8,45,5.5708333333333343e-05,-0.004807968391105533,6150.0,6120.0,13.380348205566406,0.908214807510376,14.288563013076782,5752.0,6217.977777777778
ablation_no_zero_mask,1065,45,9,P9,45,5.566666666666667e-05,-0.006122270031482913,5750.0,5800.0,12.502106189727783,0.8306801319122314,13.332786321640015,5550.0,5933.155555555555
ablation_no_zero_mask,1066,45,10,P10,45,5.5625000000000004e-05,0.0006884629401611164,6054.0,5843.0,7.974430799484253,0.5271139144897461,8.501544713973999,5547.0,6075.577777777778
ablation_no_zero_mask,1067,45,11,P11,45,5.558333333333334e-05,-0.01269428594969213,11794.0,11634.0,14.925914764404297,1.0074145793914795,15.933329343795776,11434.0,12114.977777777778
ablation_no_zero_mask,1068,45,12,P12,45,5.554166666666667e-05,-0.008778084360528737,12763.0,12476.0,17.64309859275818,1.2263143062591553,18.869412899017334,11720.0,12971.022222222222
ablation_no_zero_mask,1069,45,13,P13,45,5.5499999999999994e-05,-0.0006855123451714462,20773.0,20383.0,45.326839208602905,3.463918924331665,48.79075813293457,19587.0,22117.0
ablation_no_zero_mask,1070,45,14,P14,45,5.545833333333334e-05,0.002219791269453708,23064.0,22913.0,46.26895809173584,3.503445863723755,49.772403955459595,21784.0,24176.533333333333
ablation_no_zero_mask,1071,45,15,P15,45,5.5416666666666674e-05,-0.005729570606490597,21134.0,20984.0,47.53458547592163,3.4662015438079834,51.000787019729614,20073.0,22040.866666666665
ablation_no_zero_mask,1072,45,16,P16,45,5.5375e-05,-0.0003352537458340521,21236.0,20888.0,58.34532690048218,4.449096202850342,62.79442310333252,20276.0,21865.955555555556
ablation_no_zero_mask,1073,45,17,P17,45,5.5333333333333334e-05,-0.001951260793430265,21757.0,21775.0,56.87678337097168,4.298356771469116,61.175140142440796,20793.0,22707.71111111111
ablation_no_zero_mask,1074,45,18,P18,45,5.529166666666668e-05,0.0004791952858795412,21141.0,20907.0,54.036062479019165,4.21059775352478,58.246660232543945,20206.0,21911.222222222223
ablation_no_zero_mask,1075,45,19,P19,45,5.525e-05,0.002006677255849354,23771.0,23586.0,56.24766302108765,4.399487257003784,60.64715027809143,22792.0,24607.28888888889
ablation_no_zero_mask,1076,45,20,P20,45,5.520833333333333e-05,-0.003742603724822402,23163.0,22925.0,60.135409355163574,4.706295967102051,64.84170532226562,22425.0,24078.133333333335
ablation_no_zero_mask,1077,45,21,P21,45,5.5166666666666675e-05,0.002945068245753646,24644.0,24603.0,64.0777530670166,5.231045246124268,69.30879831314087,23530.0,25571.88888888889
ablation_no_zero_mask,1078,45,22,P22,45,5.5125000000000005e-05,-0.0036816151696257293,23978.0,23857.0,64.35301446914673,4.9286253452301025,69.28163981437683,23112.0,24643.422222222223
ablation_no_zero_mask,1079,45,23,P23,45,5.508333333333333e-05,0.0026859455434272866,33320.0,33112.0,84.85432147979736,7.005687952041626,91.86000943183899,31687.0,34533.311111111114
ablation_no_zero_mask,1080,45,24,P24,45,5.504166666666667e-05,0.0013864472814020701,24621.0,24605.0,56.68833518028259,4.576333999633789,61.26466917991638,23754.0,25496.4
ablation_no_zero_mask,1081,46,1,P1,46,5.500000000000001e-05,0.014206984313204885,6738.0,6621.0,12.573605060577393,0.8303406238555908,13.403945684432983,6336.0,6775.108695652174
ablation_no_zero_mask,1082,46,2,P2,46,5.495833333333333e-05,-0.012145093991421163,8774.0,8840.0,16.117963314056396,1.0849475860595703,17.202910900115967,8533.0,8992.673913043478
ablation_no_zero_mask,1083,46,3,P3,46,5.491666666666667e-05,0.011145196011057124,6604.0,6838.0,11.642741441726685,0.7769153118133545,12.419656753540039,6055.0,6822.239130434783
ablation_no_zero_mask,1084,46,4,P4,46,5.487500000000001e-05,-0.009136440232396126,3896.0,3836.0,9.208396673202515,0.6100094318389893,9.818406105041504,3665.0,3993.7391304347825
ablation_no_zero_mask,1085,46,5,P5,46,5.4833333333333336e-05,0.009396639885380864,4517.0,4442.0,10.274402379989624,0.6853280067443848,10.959730386734009,4221.0,4609.217391304348
ablation_no_zero_mask,1086,46,6,P6,46,5.4791666666666666e-05,0.010168625973165035,4378.0,4276.0,10.462706804275513,0.7257516384124756,11.188458442687988,4081.0,4458.04347826087
ablation_no_zero_mask,1087,46,7,P7,46,5.475e-05,0.027136588701978326,6310.0,6285.0,15.442620515823364,0.9926755428314209,16.435296058654785,5970.0,6272.630434782609
ablation_no_zero_mask,1088,46,8,P8,46,5.470833333333334e-05,-0.026244625682011247,6115.0,6165.0,13.482481718063354,0.8802623748779297,14.362744092941284,5752.0,6216.826086956522
ablation_no_zero_mask,1089,46,9,P9,46,5.466666666666666e-05,0.0039854435017332435,5827.0,5860.0,12.596576452255249,0.8303227424621582,13.426899194717407,5550.0,5931.565217391304
ablation_no_zero_mask,1090,46,10,P10,46,5.4625000000000006e-05,-0.012615998508408666,5705.0,5600.0,7.918141603469849,0.5449345111846924,8.463076114654541,5547.0,6065.239130434783
ablation_no_zero_mask,1091,46,11,P11,46,5.458333333333334e-05,-0.008308848948217928,11749.0,11634.0,15.669515132904053,1.0781030654907227,16.747618198394775,11434.0,12104.521739130434
ablation_no_zero_mask,1092,46,12,P12,46,5.4541666666666667e-05,-0.007837394310627133,12467.0,12035.0,18.38077139854431,1.2238337993621826,19.604605197906494,11720.0,12950.673913043478
ablation_no_zero_mask,1093,46,13,P13,46,5.4499999999999997e-05,0.002435155987768667,20026.0,19842.0,45.87170457839966,3.352506160736084,49.22421073913574,19587.0,22067.543478260868
ablation_no_zero_mask,1094,46,14,P14,46,5.4458333333333333e-05,-0.0001423387093382189,22426.0,22202.0,45.71994757652283,3.589426279067993,49.30937385559082,21784.0,24133.608695652172
ablation_no_zero_mask,1095,46,15,P15,46,5.441666666666667e-05,-0.0004388063912301732,20503.0,20267.0,46.74369978904724,3.5352954864501953,50.27899527549744,20073.0,22002.304347826088
ablation_no_zero_mask,1096,46,16,P16,46,5.4375e-05,0.0021696298383176325,20326.0,20387.0,57.6436071395874,4.4225873947143555,62.06619453430176,20276.0,21833.804347826088
ablation_no_zero_mask,1097,46,17,P17,46,5.433333333333334e-05,0.0008610996432253159,21301.0,21289.0,58.95594382286072,4.503786563873291,63.45973038673401,20793.0,22676.869565217392
ablation_no_zero_mask,1098,46,18,P18,46,5.4291666666666674e-05,-0.0014611077691370155,20525.0,20367.0,54.19390892982483,4.2378997802734375,58.43180871009827,20206.0,21877.652173913044
ablation_no_zero_mask,1099,46,19,P19,46,5.4250000000000004e-05,-0.0003972854879975785,23218.0,23404.0,56.866109132766724,4.365361452102661,61.231470584869385,22792.0,24581.130434782608
ablation_no_zero_mask,1100,46,20,P20,46,5.420833333333333e-05,0.00016747822592151352,22636.0,22744.0,60.1094172000885,4.88581657409668,64.99523377418518,22425.0,24049.130434782608
ablation_no_zero_mask,1101,46,21,P21,46,5.416666666666668e-05,0.0013397129492659587,24164.0,23858.0,64.72712635993958,5.087163925170898,69.81429028511047,23530.0,25534.630434782608
ablation_no_zero_mask,1102,46,22,P22,46,5.4125e-05,-0.0013249277943032211,23571.0,23567.0,63.41571307182312,5.01820969581604,68.43392276763916,23112.0,24620.021739130436
ablation_no_zero_mask,1103,46,23,P23,46,5.408333333333333e-05,0.00042406305718551654,32584.0,32616.0,86.97154331207275,7.0342490673065186,94.00579237937927,31687.0,34491.63043478261
ablation_no_zero_mask,1104,46,24,P24,46,5.404166666666667e-05,0.0005302054203639272,24173.0,24433.0,57.55695366859436,4.386321783065796,61.943275451660156,23754.0,25473.282608695652
ablation_no_zero_mask,1105,47,1,P1,47,5.4000000000000005e-05,0.007984598632901907,6660.0,6623.0,12.36729097366333,0.8184471130371094,13.18573808670044,6336.0,6771.872340425532
ablation_no_zero_mask,1106,47,2,P2,47,5.3958333333333335e-05,-0.013341060723178089,8806.0,8875.0,15.435178756713867,1.0513124465942383,16.486491203308105,8533.0,8990.170212765957
ablation_no_zero_mask,1107,47,3,P3,47,5.391666666666667e-05,0.015497216605581343,6487.0,6808.0,11.11083436012268,0.7535605430603027,11.864394903182983,6055.0,6821.936170212766
ablation_no_zero_mask,1108,47,4,P4,47,5.387500000000001e-05,-0.030620691366493702,3924.0,3812.0,8.684916973114014,0.5817761421203613,9.266693115234375,3665.0,3989.872340425532
ablation_no_zero_mask,1109,47,5,P5,47,5.383333333333334e-05,-0.0036175845307298005,4375.0,4311.0,10.61767029762268,0.7132158279418945,11.330886125564575,4221.0,4602.872340425532
ablation_no_zero_mask,1110,47,6,P6,47,5.379166666666666e-05,0.019326516892760992,4290.0,4298.0,10.796340465545654,0.6671831607818604,11.463523626327515,4081.0,4454.63829787234
ablation_no_zero_mask,1111,47,7,P7,47,5.375e-05,0.029547355603426695,6225.0,6320.0,14.681928873062134,0.990419864654541,15.672348737716675,5970.0,6273.63829787234
ablation_no_zero_mask,1112,47,8,P8,47,5.3708333333333336e-05,-0.025503349606879056,6030.0,6080.0,13.049205303192139,0.854433536529541,13.90363883972168,5752.0,6213.914893617021
ablation_no_zero_mask,1113,47,9,P9,47,5.3666666666666666e-05,-0.00023534669890068471,5790.0,5780.0,12.153591871261597,0.8023266792297363,12.955918550491333,5550.0,5928.340425531915
ablation_no_zero_mask,1114,47,10,P10,47,5.3625e-05,0.0014605606847908348,5733.0,5772.0,7.645658016204834,0.5148594379425049,8.160517454147339,5547.0,6059.0
ablation_no_zero_mask,1115,47,11,P11,47,5.358333333333334e-05,0.0006837493638158776,11532.0,11634.0,14.792555093765259,1.0242533683776855,15.816808462142944,11434.0,12094.510638297872
ablation_no_zero_mask,1116,47,12,P12,47,5.354166666666667e-05,-0.007847203698474914,12358.0,12015.0,17.73234796524048,1.2041864395141602,18.93653440475464,11720.0,12930.765957446809
ablation_no_zero_mask,1117,47,13,P13,47,5.349999999999999e-05,0.00555131456349045,20319.0,20058.0,45.96211314201355,3.500929355621338,49.46304249763489,19587.0,22024.787234042553
ablation_no_zero_mask,1118,47,14,P14,47,5.345833333333334e-05,-0.0014627967102569528,22688.0,22478.0,47.4104585647583,3.400355100631714,50.810813665390015,21784.0,24098.382978723403
ablation_no_zero_mask,1119,47,15,P15,47,5.341666666666667e-05,0.0004783372833117028,20753.0,20512.0,47.134982109069824,3.6185035705566406,50.753485679626465,20073.0,21970.59574468085
ablation_no_zero_mask,1120,47,16,P16,47,5.3374999999999996e-05,0.0028989174810703845,20608.0,20359.0,56.55373024940491,4.321619510650635,60.87534976005554,20276.0,21802.425531914894
ablation_no_zero_mask,1121,47,17,P17,47,5.333333333333333e-05,-0.00012780713914253283,21370.0,21397.0,57.01089024543762,4.7048234939575195,61.71571373939514,20793.0,22649.63829787234
ablation_no_zero_mask,1122,47,18,P18,47,5.329166666666667e-05,-0.0006597589068405796,20731.0,20549.0,54.20328068733215,4.04473614692688,58.24801683425903,20206.0,21849.382978723403
ablation_no_zero_mask,1123,47,19,P19,47,5.325e-05,-0.001828822202514857,23367.0,23312.0,55.51937007904053,4.341862201690674,59.8612322807312,22792.0,24554.127659574468
ablation_no_zero_mask,1124,47,20,P20,47,5.320833333333334e-05,0.00150325752038043,22872.0,22765.0,60.676440715789795,4.7996437549591064,65.4760844707489,22425.0,24021.808510638297
ablation_no_zero_mask,1125,47,21,P21,47,5.3166666666666674e-05,0.00013253354663902427,24186.0,24081.0,65.67142295837402,5.05363392829895,70.72505688667297,23530.0,25503.702127659573
ablation_no_zero_mask,1126,47,22,P22,47,5.3125000000000004e-05,-0.001276197509287158,23538.0,23577.0,63.76520228385925,4.984035968780518,68.74923825263977,23112.0,24597.82978723404
ablation_no_zero_mask,1127,47,23,P23,47,5.308333333333333e-05,0.0008716734021488394,32832.0,32497.0,85.63031911849976,6.893144369125366,92.52346348762512,31687.0,34449.1914893617
ablation_no_zero_mask,1128,47,24,P24,47,5.3041666666666664e-05,-3.2774355713627304e-05,24565.0,24480.0,57.95439100265503,4.504258394241333,62.45864939689636,23754.0,25452.14893617021
ablation_no_zero_mask,1129,48,1,P1,48,5.300000000000001e-05,0.012588700803462416,6715.0,6654.0,12.732234477996826,0.8712844848632812,13.603518962860107,6336.0,6769.416666666667
ablation_no_zero_mask,1130,48,2,P2,48,5.295833333333333e-05,-0.01653487142175436,8811.0,8723.0,16.31905508041382,1.0853252410888672,17.404380321502686,8533.0,8984.604166666666
ablation_no_zero_mask,1131,48,3,P3,48,5.291666666666667e-05,0.020483540603891015,6648.0,6721.0,11.724771499633789,0.7866072654724121,12.511378765106201,6055.0,6819.833333333333
ablation_no_zero_mask,1132,48,4,P4,48,5.2875000000000005e-05,-0.028831616509705782,3895.0,3775.0,9.082733392715454,0.6122992038726807,9.695032596588135,3665.0,3985.3958333333335
ablation_no_zero_mask,1133,48,5,P5,48,5.2833333333333335e-05,-0.0034248222364112735,4387.0,4384.0,9.982836484909058,0.6563727855682373,10.639209270477295,4221.0,4598.3125
ablation_no_zero_mask,1134,48,6,P6,48,5.2791666666666665e-05,0.011195395840331912,4383.0,4248.0,10.375130653381348,0.682689905166626,11.057820558547974,4081.0,4450.333333333333
ablation_no_zero_mask,1135,48,7,P7,48,5.275000000000001e-05,0.028818324441090226,6315.0,6320.0,14.908035039901733,0.982720136642456,15.89075517654419,5970.0,6274.604166666667
ablation_no_zero_mask,1136,48,8,P8,48,5.270833333333334e-05,-0.03904299717396498,5975.0,6005.0,13.288086652755737,0.9204361438751221,14.20852279663086,5752.0,6209.5625
ablation_no_zero_mask,1137,48,9,P9,48,5.266666666666666e-05,0.008221354859415442,5680.0,5675.0,13.044853448867798,0.85837721824646,13.903230667114258,5550.0,5923.0625
ablation_no_zero_mask,1138,48,10,P10,48,5.2625000000000005e-05,0.0016260809206869453,5635.0,5567.0,7.999238729476929,0.5298042297363281,8.529042959213257,5547.0,6048.75
ablation_no_zero_mask,1139,48,11,P11,48,5.258333333333334e-05,0.0056100891379173845,11694.0,11534.0,15.192636966705322,1.0215816497802734,16.214218616485596,11434.0,12082.833333333334
ablation_no_zero_mask,1140,48,12,P12,48,5.2541666666666665e-05,-0.014276671456173062,11910.0,11972.0,18.113845109939575,1.2105436325073242,19.3243887424469,11720.0,12910.791666666666
ablation_no_zero_mask,1141,48,13,P13,48,5.25e-05,-0.004878624255070463,19670.0,19623.0,44.879018783569336,3.418677806854248,48.297696590423584,19587.0,21974.75
ablation_no_zero_mask,1142,48,14,P14,48,5.2458333333333346e-05,0.003793726791627705,21952.0,22006.0,47.12137722969055,3.6827962398529053,50.80417346954346,21784.0,24054.791666666668
ablation_no_zero_mask,1143,48,15,P15,48,5.241666666666667e-05,-6.537537228723522e-05,20399.0,20365.0,46.514554023742676,3.5357933044433594,50.050347328186035,20073.0,21937.145833333332
ablation_no_zero_mask,1144,48,16,P16,48,5.2375e-05,0.0032819187792483715,20444.0,20298.0,58.218645095825195,4.458236217498779,62.676881313323975,20276.0,21771.083333333332
ablation_no_zero_mask,1145,48,17,P17,48,5.2333333333333336e-05,-0.0013358559150219661,20949.0,20980.0,59.25146770477295,4.4063262939453125,63.65779399871826,20793.0,22614.854166666668
ablation_no_zero_mask,1146,48,18,P18,48,5.229166666666667e-05,-5.3994669724488634e-05,20506.0,20327.0,55.37850594520569,4.1624250411987305,59.54093098640442,20206.0,21817.666666666668
ablation_no_zero_mask,1147,48,19,P19,48,5.2249999999999996e-05,-0.0014901213551638647,23044.0,23107.0,55.27748394012451,4.288814306259155,59.56629824638367,22792.0,24523.979166666668
ablation_no_zero_mask,1148,48,20,P20,48,5.220833333333334e-05,0.001042109913760214,22698.0,22717.0,59.605140209198,4.966183662414551,64.57132387161255,22425.0,23994.625
ablation_no_zero_mask,1149,48,21,P21,48,5.2166666666666677e-05,-8.427962129644583e-05,23958.0,23740.0,63.92159938812256,5.0413658618927,68.96296525001526,23530.0,25466.958333333332
ablation_no_zero_mask,1150,48,22,P22,48,5.2125e-05,-0.001309002838752349,23345.0,23197.0,64.79513049125671,5.198847532272339,69.99397802352905,23112.0,24568.645833333332
ablation_no_zero_mask,1151,48,23,P23,48,5.208333333333333e-05,0.00042105223435230855,32346.0,31875.0,86.73519039154053,6.726836681365967,93.4620270729065,31687.0,34395.5625
ablation_no_zero_mask,1152,48,24,P24,48,5.204166666666668e-05,0.000792935153003782,24035.0,23863.0,56.72006607055664,4.4757115840911865,61.19577765464783,23754.0,25419.041666666668
ablation_no_zero_mask,1153,49,1,P1,49,5.2000000000000004e-05,0.016976702376268804,6693.0,6580.0,12.276654243469238,0.829719066619873,13.106373310089111,6336.0,6765.551020408163
ablation_no_zero_mask,1154,49,2,P2,49,5.1958333333333334e-05,-0.012362120789475739,8675.0,8703.0,15.871191501617432,1.0993475914001465,16.970539093017578,8533.0,8978.857142857143
ablation_no_zero_mask,1155,49,3,P3,49,5.191666666666667e-05,0.0170623823069036,6690.0,6656.0,11.77335810661316,0.7540783882141113,12.52743649482727,6055.0,6816.489795918367
ablation_no_zero_mask,1156,49,4,P4,49,5.187500000000001e-05,-0.017630814108997583,3854.0,3812.0,9.03975796699524,0.6019554138183594,9.641713380813599,3665.0,3981.8571428571427
ablation_no_zero_mask,1157,49,5,P5,49,5.183333333333333e-05,-0.00017905405547935516,4452.0,4338.0,10.011768341064453,0.6545228958129883,10.666291236877441,4221.0,4593.0
ablation_no_zero_mask,1158,49,6,P6,49,5.1791666666666674e-05,0.015905311331152916,4304.0,4216.0,10.178997993469238,0.6864845752716064,10.865482568740845,4081.0,4445.551020408163
ablation_no_zero_mask,1159,49,7,P7,49,5.175000000000001e-05,0.022671173559501767,6175.0,6205.0,14.991479635238647,0.9937820434570312,15.985261678695679,5970.0,6273.183673469388
ablation_no_zero_mask,1160,49,8,P8,49,5.1708333333333334e-05,-0.036933335242792964,6160.0,6040.0,13.319311380386353,0.8702244758605957,14.189535856246948,5752.0,6206.102040816327
ablation_no_zero_mask,1161,49,9,P9,49,5.1666666666666664e-05,-0.016321389586664736,5670.0,5662.0,12.649152517318726,0.8345985412597656,13.483751058578491,5550.0,5917.734693877551
ablation_no_zero_mask,1162,49,10,P10,49,5.1625e-05,-0.009493561927229166,5622.0,5716.0,8.006561517715454,0.5338342189788818,8.540395736694336,5547.0,6041.959183673469
ablation_no_zero_mask,1163,49,11,P11,49,5.158333333333334e-05,0.003990328550571576,11594.0,11694.0,15.313701868057251,1.037421703338623,16.351123571395874,11434.0,12074.897959183674
ablation_no_zero_mask,1164,49,12,P12,49,5.154166666666667e-05,-0.005862166290171444,11938.0,12371.0,18.51357126235962,1.3091175556182861,19.822688817977905,11720.0,12899.775510204081
ablation_no_zero_mask,1165,49,13,P13,49,5.1500000000000005e-05,0.0009705511047286564,20057.0,20301.0,47.0539448261261,3.48298978805542,50.53693461418152,19587.0,21940.591836734693
ablation_no_zero_mask,1166,49,14,P14,49,5.145833333333334e-05,-0.00016381458681280492,22645.0,22386.0,46.94123721122742,3.590508460998535,50.53174567222595,21784.0,24020.73469387755
ablation_no_zero_mask,1167,49,15,P15,49,5.141666666666667e-05,-0.0006551022613621171,20387.0,20401.0,47.548386573791504,3.567140579223633,51.11552715301514,20073.0,21905.79591836735
ablation_no_zero_mask,1168,49,16,P16,49,5.1374999999999995e-05,0.00039266851417778524,20578.0,20398.0,56.499491930007935,4.2674572467803955,60.76694917678833,20276.0,21743.061224489797
ablation_no_zero_mask,1169,49,17,P17,49,5.133333333333333e-05,-0.0011164922165335157,21307.0,21305.0,57.443626165390015,4.616602659225464,62.06022882461548,20793.0,22588.122448979593
ablation_no_zero_mask,1170,49,18,P18,49,5.129166666666667e-05,-0.0005787175479781582,20588.0,20477.0,53.94237995147705,4.220858097076416,58.16323804855347,20206.0,21790.30612244898
ablation_no_zero_mask,1171,49,19,P19,49,5.125e-05,-0.002256833954015747,23074.0,23084.0,56.91426610946655,4.525446176528931,61.43971228599548,22792.0,24494.591836734693
ablation_no_zero_mask,1172,49,20,P20,49,5.1208333333333336e-05,0.0007835789576347452,22883.0,22835.0,61.6050283908844,4.889486074447632,66.49451446533203,22425.0,23970.95918367347
ablation_no_zero_mask,1173,49,21,P21,49,5.116666666666667e-05,0.00022316350950859487,24089.0,23817.0,65.94612717628479,4.992534160614014,70.9386613368988,23530.0,25433.285714285714
ablation_no_zero_mask,1174,49,22,P22,49,5.1125e-05,-0.002114930503012147,23490.0,23356.0,63.1786425113678,5.144247055053711,68.32288956642151,23112.0,24543.897959183672
ablation_no_zero_mask,1175,49,23,P23,49,5.1083333333333326e-05,0.0010206409184060508,32182.0,32100.0,86.5542061328888,6.897862911224365,93.45206904411316,31687.0,34348.71428571428
ablation_no_zero_mask,1176,49,24,P24,49,5.1041666666666676e-05,-0.0018738366343313828,24260.0,24421.0,58.59725642204285,4.605292797088623,63.20254921913147,23754.0,25398.673469387755
ablation_no_zero_mask,1177,50,1,P1,50,5.1000000000000006e-05,0.026601998368278146,6675.0,6647.0,12.785866975784302,0.8552839756011963,13.641150951385498,6336.0,6763.18
ablation_no_zero_mask,1178,50,2,P2,50,5.095833333333333e-05,-0.012490687891840935,8873.0,8811.0,16.354169845581055,1.1111934185028076,17.465363264083862,8533.0,8975.5
ablation_no_zero_mask,1179,50,3,P3,50,5.0916666666666666e-05,0.022604261292144656,6895.0,6838.0,11.615927934646606,0.7756633758544922,12.391591310501099,6055.0,6816.92
ablation_no_zero_mask,1180,50,4,P4,50,5.0875e-05,-0.011746258707717061,3839.0,3806.0,9.067594289779663,0.6135101318359375,9.6811044216156,3665.0,3978.34
ablation_no_zero_mask,1181,50,5,P5,50,5.0833333333333333e-05,0.005324011552147567,4447.0,4321.0,9.940688848495483,0.6878771781921387,10.628566026687622,4221.0,4587.56
ablation_no_zero_mask,1182,50,6,P6,50,5.079166666666667e-05,0.00016264330770354718,4336.0,4213.0,10.611696004867554,0.7322800159454346,11.343976020812988,4081.0,4440.9
ablation_no_zero_mask,1183,50,7,P7,50,5.075000000000001e-05,0.03812899813055992,6145.0,6225.0,15.478146314620972,0.9831955432891846,16.461341857910156,5970.0,6272.22
ablation_no_zero_mask,1184,50,8,P8,50,5.070833333333334e-05,-0.022568457759916782,5910.0,5970.0,13.391400814056396,0.8745636940002441,14.26596450805664,5752.0,6201.38
ablation_no_zero_mask,1185,50,9,P9,50,5.066666666666666e-05,-0.007009829641901888,5609.0,5682.0,12.709295749664307,0.8364613056182861,13.545757055282593,5550.0,5913.02
ablation_no_zero_mask,1186,50,10,P10,50,5.0625e-05,-0.017505284398794174,5705.0,5716.0,7.621111869812012,0.5386619567871094,8.159773826599121,5547.0,6035.44
ablation_no_zero_mask,1187,50,11,P11,50,5.058333333333334e-05,-0.009081315249204636,11649.0,11534.0,15.042638063430786,1.013293981552124,16.05593204498291,11434.0,12064.08
ablation_no_zero_mask,1188,50,12,P12,50,5.0541666666666664e-05,-0.002756968402536586,12189.0,11951.0,17.689943313598633,1.2155041694641113,18.905447483062744,11720.0,12880.8
ablation_no_zero_mask,1189,50,13,P13,50,5.05e-05,-0.007428446639096364,19792.0,19943.0,45.49760961532593,3.489227533340454,48.98683714866638,19587.0,21900.64
ablation_no_zero_mask,1190,50,14,P14,50,5.045833333333334e-05,0.0023799023183528334,22289.0,22423.0,45.71263384819031,3.4718849658966064,49.184518814086914,21784.0,23988.78
ablation_no_zero_mask,1191,50,15,P15,50,5.041666666666667e-05,-0.001965213094081264,20594.0,20500.0,46.870830059051514,3.550138235092163,50.42096829414368,20073.0,21877.68
ablation_no_zero_mask,1192,50,16,P16,50,5.037499999999999e-05,-0.00016264811492874287,20634.0,20607.0,57.1340708732605,4.388978481292725,61.52304935455322,20276.0,21720.34
ablation_no_zero_mask,1193,50,17,P17,50,5.033333333333334e-05,-0.0010973197800922207,21397.0,21343.0,57.29420232772827,4.639157295227051,61.93335962295532,20793.0,22563.22
ablation_no_zero_mask,1194,50,18,P18,50,5.029166666666667e-05,0.0005181923424970591,20667.0,20401.0,54.27118420600891,4.053315877914429,58.32450008392334,20206.0,21762.52
ablation_no_zero_mask,1195,50,19,P19,50,5.0249999999999995e-05,-0.0015919631841825321,23398.0,23408.0,56.01100540161133,4.467574596405029,60.47857999801636,22792.0,24472.86
ablation_no_zero_mask,1196,50,20,P20,50,5.020833333333333e-05,-0.0016296947753289715,22525.0,22558.0,61.215580463409424,4.759978294372559,65.97555875778198,22425.0,23942.7
ablation_no_zero_mask,1197,50,21,P21,50,5.0166666666666675e-05,0.002220783312804997,24056.0,23770.0,63.75379514694214,4.930699348449707,68.68449449539185,23530.0,25400.02
ablation_no_zero_mask,1198,50,22,P22,50,5.0125e-05,-0.001999037229688838,23341.0,23549.0,62.75494074821472,4.9235265254974365,67.67846727371216,23112.0,24524.0
ablation_no_zero_mask,1199,50,23,P23,50,5.0083333333333335e-05,0.001314938183765792,32325.0,32186.0,85.54014730453491,6.594257354736328,92.13440465927124,31687.0,34305.46
ablation_no_zero_mask,1200,50,24,P24,50,5.004166666666667e-05,-0.0008037811101530678,24198.0,24156.0,56.43193292617798,4.677237033843994,61.10916996002197,23754.0,25373.82
ablation_no_zero_mask,1201,51,1,P1,51,5e-05,0.030232523567974567,6650.0,6599.0,12.970633029937744,0.8336684703826904,13.804301500320435,6336.0,6759.9607843137255
ablation_no_zero_mask,1202,51,2,P2,51,4.995833333333334e-05,-0.011060580960474908,8748.0,8743.0,15.783678531646729,1.0561585426330566,16.839837074279785,8533.0,8970.941176470587
ablation_no_zero_mask,1203,51,3,P3,51,4.991666666666667e-05,-0.002246662974357605,6545.0,6808.0,11.47791576385498,0.7628118991851807,12.240727663040161,6055.0,6816.745098039216
ablation_no_zero_mask,1204,51,4,P4,51,4.9875000000000006e-05,0.005186740658245981,3789.0,3764.0,8.872248888015747,0.5961236953735352,9.468372583389282,3665.0,3974.1372549019607
ablation_no_zero_mask,1205,51,5,P5,51,4.983333333333333e-05,0.019484222400933504,4356.0,4316.0,9.779488325119019,0.6478230953216553,10.427311420440674,4221.0,4582.235294117647
ablation_no_zero_mask,1206,51,6,P6,51,4.979166666666667e-05,0.018424289766699076,4364.0,4133.0,10.194359540939331,0.7016093730926514,10.895968914031982,4081.0,4434.862745098039
ablation_no_zero_mask,1207,51,7,P7,51,4.975000000000001e-05,0.030349839013069868,6180.0,6240.0,14.820203065872192,0.9926600456237793,15.812863111495972,5970.0,6271.588235294118
ablation_no_zero_mask,1208,51,8,P8,51,4.970833333333333e-05,-0.02671429282054305,6050.0,6015.0,13.054097175598145,0.8482935428619385,13.902390718460083,5752.0,6197.725490196079
ablation_no_zero_mask,1209,51,9,P9,51,4.966666666666667e-05,-0.023885684902779758,5600.0,5640.0,12.441165924072266,0.8229217529296875,13.264087677001953,5550.0,5907.666666666667
ablation_no_zero_mask,1210,51,10,P10,51,4.9625e-05,-0.010894915089011192,5767.0,5720.0,7.638493299484253,0.536200761795044,8.174694061279297,5547.0,6029.254901960784
ablation_no_zero_mask,1211,51,11,P11,51,4.958333333333334e-05,-0.004560360888717696,11534.0,11534.0,14.882854223251343,1.0136241912841797,15.896478414535522,11434.0,12053.686274509804
ablation_no_zero_mask,1212,51,12,P12,51,4.954166666666667e-05,-0.007630004722159356,11995.0,11931.0,17.961499214172363,1.2342865467071533,19.195785760879517,11720.0,12862.176470588236
ablation_no_zero_mask,1213,51,13,P13,51,4.9500000000000004e-05,-0.004075103381182998,20309.0,19952.0,45.364258766174316,3.378770112991333,48.74302887916565,19587.0,21862.43137254902
ablation_no_zero_mask,1214,51,14,P14,51,4.945833333333334e-05,0.0016913739818846807,22236.0,22419.0,46.61258411407471,3.646695375442505,50.25927948951721,21784.0,23958.0
ablation_no_zero_mask,1215,51,15,P15,51,4.9416666666666664e-05,-0.002274569582368713,20698.0,20508.0,46.600208044052124,3.4294474124908447,50.02965545654297,20073.0,21850.823529411766
ablation_no_zero_mask,1216,51,16,P16,51,4.937500000000001e-05,-0.0063015711959451435,20717.0,20549.0,56.54988718032837,4.594796657562256,61.144683837890625,20276.0,21697.37254901961
ablation_no_zero_mask,1217,51,17,P17,51,4.933333333333333e-05,-0.0027180228382349013,21193.0,21215.0,57.540091037750244,4.44370174407959,61.983792781829834,20793.0,22536.78431372549
ablation_no_zero_mask,1218,51,18,P18,51,4.929166666666667e-05,0.00024155966966645792,20425.0,20461.0,53.13010621070862,4.029027938842773,57.15913414955139,20206.0,21737.0
ablation_no_zero_mask,1219,51,19,P19,51,4.9250000000000004e-05,-0.0008391725874389522,23079.0,23090.0,55.466876745224,4.367642641067505,59.834519386291504,22792.0,24445.745098039217
ablation_no_zero_mask,1220,51,20,P20,51,4.9208333333333335e-05,0.0006880630218802253,22816.0,22500.0,60.802897214889526,4.912254810333252,65.71515202522278,22425.0,23914.41176470588
ablation_no_zero_mask,1221,51,21,P21,51,4.916666666666667e-05,2.2894680842000526e-05,23821.0,23725.0,64.03286933898926,4.955788612365723,68.98865795135498,23530.0,25367.176470588234
ablation_no_zero_mask,1222,51,22,P22,51,4.9125e-05,-0.00010944524547085166,23522.0,23327.0,62.31921172142029,5.280856132507324,67.60006785392761,23112.0,24500.529411764706
ablation_no_zero_mask,1223,51,23,P23,51,4.908333333333334e-05,0.0002890043875335583,32336.0,32106.0,85.27006888389587,6.66323709487915,91.93330597877502,31687.0,34262.333333333336
ablation_no_zero_mask,1224,51,24,P24,51,4.904166666666666e-05,-0.001749307700083591,24203.0,24330.0,56.92223787307739,4.43727707862854,61.35951495170593,23754.0,25353.352941176472
ablation_no_zero_mask,1225,52,1,P1,52,4.9e-05,0.02925047790631652,6596.0,6617.0,12.54115915298462,0.8584399223327637,13.399599075317383,6336.0,6757.211538461538
ablation_no_zero_mask,1226,52,2,P2,52,4.895833333333334e-05,-0.011260143597610295,8812.0,8897.0,15.965867280960083,1.0677342414855957,17.03360152244568,8533.0,8969.51923076923
ablation_no_zero_mask,1227,52,3,P3,52,4.8916666666666665e-05,0.016087229480035603,6681.0,6741.0,11.510467052459717,0.7833597660064697,12.293826818466187,6055.0,6815.288461538462
ablation_no_zero_mask,1228,52,4,P4,52,4.8875e-05,-0.007881916128098965,3812.0,3818.0,9.210222959518433,0.6314511299133301,9.841674089431763,3665.0,3971.1346153846152
ablation_no_zero_mask,1229,52,5,P5,52,4.883333333333333e-05,0.00709336728323251,4330.0,4256.0,10.397869110107422,0.6613590717315674,11.05922818183899,4221.0,4575.961538461538
ablation_no_zero_mask,1230,52,6,P6,52,4.879166666666667e-05,0.00789166591130197,4317.0,4218.0,10.585030794143677,0.7084925174713135,11.29352331161499,4081.0,4430.692307692308
ablation_no_zero_mask,1231,52,7,P7,52,4.8750000000000006e-05,0.053474686574190855,6275.0,6305.0,15.197612285614014,0.9756214618682861,16.1732337474823,5970.0,6272.2307692307695
ablation_no_zero_mask,1232,52,8,P8,52,4.8708333333333336e-05,-0.017079283017665148,5895.0,5910.0,13.339507102966309,0.8932807445526123,14.232787847518921,5752.0,6192.192307692308
ablation_no_zero_mask,1233,52,9,P9,52,4.866666666666667e-05,-0.026429667108459398,5660.0,5586.0,12.414209842681885,0.8341879844665527,13.248397827148438,5550.0,5901.4807692307695
ablation_no_zero_mask,1234,52,10,P10,52,4.8624999999999996e-05,-0.03193092532455921,5631.0,5797.0,7.6175408363342285,0.5325930118560791,8.150133848190308,5547.0,6024.788461538462
ablation_no_zero_mask,1235,52,11,P11,52,4.858333333333333e-05,-0.011703780852258205,11656.0,11594.0,14.918784856796265,1.028136968612671,15.946921825408936,11434.0,12044.846153846154
ablation_no_zero_mask,1236,52,12,P12,52,4.8541666666666677e-05,0.007511899108067155,12685.0,12358.0,17.631694078445435,1.2319304943084717,18.863624572753906,11720.0,12852.48076923077
ablation_no_zero_mask,1237,52,13,P13,52,4.85e-05,-0.005393200786784291,20847.0,20637.0,45.1261465549469,3.5360171794891357,48.662163734436035,19587.0,21838.865384615383
ablation_no_zero_mask,1238,52,14,P14,52,4.845833333333334e-05,0.0021676776304957457,23230.0,22767.0,46.00431728363037,3.47318696975708,49.47750425338745,21784.0,23935.096153846152
ablation_no_zero_mask,1239,52,15,P15,52,4.841666666666667e-05,-0.00495101984415669,20999.0,20887.0,47.086050033569336,3.4998512268066406,50.58590126037598,20073.0,21832.28846153846
ablation_no_zero_mask,1240,52,16,P16,52,4.8375000000000004e-05,-0.0021979030163493006,21196.0,21130.0,58.05517387390137,4.434319734573364,62.48949360847473,20276.0,21686.46153846154
ablation_no_zero_mask,1241,52,17,P17,52,4.8333333333333334e-05,-0.0009384515662532067,21860.0,22189.0,58.57759642601013,4.5952253341674805,63.17282176017761,20793.0,22530.096153846152
ablation_no_zero_mask,1242,52,18,P18,52,4.829166666666667e-05,0.001230146055604564,21358.0,20992.0,53.54841589927673,3.998865842819214,57.54728174209595,20206.0,21722.673076923078
ablation_no_zero_mask,1243,52,19,P19,52,4.825000000000001e-05,-0.00367588996887207,23896.0,23976.0,56.28101634979248,4.588140964508057,60.86915731430054,22792.0,24436.71153846154
ablation_no_zero_mask,1244,52,20,P20,52,4.820833333333333e-05,0.0016204102954361587,22968.0,23014.0,60.31586146354675,4.669679164886475,64.98554062843323,22425.0,23897.096153846152
ablation_no_zero_mask,1245,52,21,P21,52,4.8166666666666674e-05,-0.00013098187282594153,24509.0,24191.0,63.52428221702576,5.01120138168335,68.5354835987091,23530.0,25344.55769230769
ablation_no_zero_mask,1246,52,22,P22,52,4.8125e-05,0.00013995451226946897,23776.0,23801.0,63.46673631668091,4.971500396728516,68.43823671340942,23112.0,24487.076923076922
ablation_no_zero_mask,1247,52,23,P23,52,4.8083333333333334e-05,0.00045333546352464637,33299.0,33008.0,83.26473069190979,6.489766836166382,89.75449752807617,31687.0,34238.21153846154
ablation_no_zero_mask,1248,52,24,P24,52,4.804166666666667e-05,0.0002628274931339547,24719.0,24609.0,54.55224394798279,4.634935140609741,59.18717908859253,23754.0,25339.03846153846
ablation_no_zero_mask,1249,53,1,P1,53,4.8e-05,0.0345012117177248,6825.0,6791.0,12.3277907371521,0.8267312049865723,13.154521942138672,6336.0,6757.8490566037735
ablation_no_zero_mask,1250,53,2,P2,53,4.795833333333334e-05,-0.018876674585044384,8764.0,8819.0,15.597127437591553,1.1290404796600342,16.726167917251587,8533.0,8966.67924528302
ablation_no_zero_mask,1251,53,3,P3,53,4.791666666666667e-05,0.0019272596618975513,6450.0,6711.0,11.343915700912476,0.752164363861084,12.09608006477356,6055.0,6813.320754716981
ablation_no_zero_mask,1252,53,4,P4,53,4.7875000000000005e-05,0.005614313296973705,3819.0,3775.0,8.734867334365845,0.6038267612457275,9.338694095611572,3665.0,3967.433962264151
ablation_no_zero_mask,1253,53,5,P5,53,4.783333333333334e-05,0.015610273694619536,4311.0,4276.0,9.602546215057373,0.6339654922485352,10.236511707305908,4221.0,4570.301886792453
ablation_no_zero_mask,1254,53,6,P6,53,4.7791666666666665e-05,0.00283186073647812,4193.0,4191.0,9.881513357162476,0.67000412940979,10.551517486572266,4081.0,4426.169811320755
ablation_no_zero_mask,1255,53,7,P7,53,4.775000000000001e-05,0.037871026899665594,6050.0,6120.0,14.732866764068604,0.9961621761322021,15.729028940200806,5970.0,6269.358490566037
ablation_no_zero_mask,1256,53,8,P8,53,4.770833333333333e-05,-0.0009448426535527688,5875.0,5820.0,13.247607946395874,0.8502254486083984,14.097833395004272,5752.0,6185.169811320755
ablation_no_zero_mask,1257,53,9,P9,53,4.766666666666667e-05,-0.02653872687369585,5570.0,5545.0,12.342677116394043,0.833885669708252,13.176562786102295,5545.0,5894.754716981132
ablation_no_zero_mask,1258,53,10,P10,53,4.7625e-05,-0.015449505997821689,5767.0,5822.0,7.760207891464233,0.5190072059631348,8.279215097427368,5547.0,6020.962264150943
ablation_no_zero_mask,1259,53,11,P11,53,4.7583333333333336e-05,-0.0006335911275527906,11792.0,11594.0,15.10209059715271,1.005155086517334,16.107245683670044,11434.0,12036.33962264151
ablation_no_zero_mask,1260,53,12,P12,53,4.754166666666667e-05,0.0013471144557115622,12525.0,12218.0,18.03987455368042,1.237349033355713,19.277223587036133,11720.0,12840.509433962265
ablation_no_zero_mask,1261,53,13,P13,53,4.75e-05,-0.002773822758172173,20820.0,20806.0,45.466660022735596,3.3466038703918457,48.81326389312744,19587.0,21819.377358490565
ablation_no_zero_mask,1262,53,14,P14,53,4.745833333333334e-05,-0.001189849957881961,22825.0,22700.0,46.56247925758362,3.3154351711273193,49.87791442871094,21784.0,23911.79245283019
ablation_no_zero_mask,1263,53,15,P15,53,4.741666666666666e-05,-0.0014037872206245083,21090.0,20781.0,45.52712321281433,3.3830246925354004,48.91014790534973,20073.0,21812.45283018868
ablation_no_zero_mask,1264,53,16,P16,53,4.7375e-05,-0.003773899667430669,21312.0,21192.0,54.64887094497681,4.467495918273926,59.11636686325073,20276.0,21677.132075471698
ablation_no_zero_mask,1265,53,17,P17,53,4.733333333333334e-05,-0.0027450993773527445,21670.0,21966.0,56.12054467201233,4.229642868041992,60.35018754005432,20793.0,22519.45283018868
ablation_no_zero_mask,1266,53,18,P18,53,4.7291666666666666e-05,0.0017993801506236196,21250.0,20824.0,52.61665177345276,4.010909557342529,56.62756133079529,20206.0,21705.716981132075
ablation_no_zero_mask,1267,53,19,P19,53,4.725e-05,-0.00041305535560240967,23875.0,23821.0,55.59926652908325,4.367182731628418,59.96644926071167,22792.0,24425.094339622643
ablation_no_zero_mask,1268,53,20,P20,53,4.720833333333333e-05,-0.001308076132045244,23143.0,22743.0,59.77127504348755,4.82582426071167,64.59709930419922,22425.0,23875.32075471698
ablation_no_zero_mask,1269,53,21,P21,53,4.716666666666667e-05,0.0012827323211240583,24648.0,24321.0,61.39873433113098,4.8372437953948975,66.23597812652588,23530.0,25325.245283018867
ablation_no_zero_mask,1270,53,22,P22,53,4.7125e-05,-0.0018664250063011422,23852.0,23894.0,61.496098279953,5.145013332366943,66.64111161231995,23112.0,24475.88679245283
ablation_no_zero_mask,1271,53,23,P23,53,4.708333333333334e-05,0.00032143123748288156,33010.0,33040.0,83.486652135849,6.520146131515503,90.0067982673645,31687.0,34215.6037735849
ablation_no_zero_mask,1272,53,24,P24,53,4.7041666666666674e-05,-0.0006582681082363707,24546.0,24519.0,55.08377242088318,4.382105588912964,59.46587800979614,23754.0,25323.56603773585
ablation_no_zero_mask,1273,54,1,P1,54,4.7e-05,0.025052850367501378,6641.0,6661.0,12.111925601959229,0.8237180709838867,12.935643672943115,6336.0,6756.055555555556
ablation_no_zero_mask,1274,54,2,P2,54,4.695833333333334e-05,-0.011988277547061443,8750.0,8843.0,15.473230600357056,1.0383543968200684,16.511584997177124,8533.0,8964.388888888889
ablation_no_zero_mask,1275,54,3,P3,54,4.6916666666666664e-05,0.009708581026643515,6700.0,6624.0,11.227311134338379,0.7611031532287598,11.988414287567139,6055.0,6809.814814814815
ablation_no_zero_mask,1276,54,4,P4,54,4.6875e-05,-0.009522663662210107,3836.0,3760.0,8.74002718925476,0.5875144004821777,9.327541589736938,3665.0,3963.5925925925926
ablation_no_zero_mask,1277,54,5,P5,54,4.683333333333334e-05,0.006393637275323272,4340.0,4261.0,9.757386445999146,0.6437220573425293,10.401108503341675,4221.0,4564.574074074074
ablation_no_zero_mask,1278,54,6,P6,54,4.679166666666667e-05,0.00409780815243721,4223.0,4182.0,10.539887189865112,0.7193162441253662,11.259203433990479,4081.0,4421.648148148148
ablation_no_zero_mask,1279,54,7,P7,54,4.6750000000000005e-05,0.04360364004969597,6100.0,6090.0,14.947970390319824,0.9927291870117188,15.940699577331543,5970.0,6266.037037037037
ablation_no_zero_mask,1280,54,8,P8,54,4.6708333333333335e-05,-0.0005777410260634497,5790.0,5820.0,12.840287446975708,0.8550922870635986,13.695379734039307,5752.0,6178.407407407408
ablation_no_zero_mask,1281,54,9,P9,54,4.666666666666667e-05,-0.021887185983359814,5560.0,5500.0,12.288348197937012,0.7847847938537598,13.073132991790771,5500.0,5887.444444444444
ablation_no_zero_mask,1282,54,10,P10,54,4.662500000000001e-05,-0.022392512299120426,5673.0,5647.0,7.539310932159424,0.5032553672790527,8.042566299438477,5547.0,6014.037037037037
ablation_no_zero_mask,1283,54,11,P11,54,4.658333333333333e-05,-0.016780297504737973,11472.0,11594.0,14.531765460968018,0.9731485843658447,15.504914045333862,11434.0,12028.148148148148
ablation_no_zero_mask,1284,54,12,P12,54,4.6541666666666675e-05,0.0035635035746963695,12394.0,12078.0,17.127872705459595,1.1732394695281982,18.301112174987793,11720.0,12826.388888888889
ablation_no_zero_mask,1285,54,13,P13,54,4.65e-05,0.004327432354330085,20595.0,20364.0,44.555673122406006,3.560032844543457,48.11570596694946,19587.0,21792.425925925927
ablation_no_zero_mask,1286,54,14,P14,54,4.6458333333333335e-05,-0.0027706265755114146,22761.0,22662.0,45.223706007003784,3.3358638286590576,48.55956983566284,21784.0,23888.64814814815
ablation_no_zero_mask,1287,54,15,P15,54,4.6416666666666666e-05,-0.002451475622365251,21023.0,20668.0,45.398619413375854,3.4250645637512207,48.823683977127075,20073.0,21791.25925925926
ablation_no_zero_mask,1288,54,16,P16,54,4.6375e-05,-0.006055485899560153,20971.0,21164.0,56.40996837615967,4.2817394733428955,60.69170784950256,20276.0,21667.62962962963
ablation_no_zero_mask,1289,54,17,P17,54,4.633333333333334e-05,-0.00113723158792709,21668.0,21864.0,56.77431511878967,4.524141788482666,61.29845690727234,20793.0,22507.314814814814
ablation_no_zero_mask,1290,54,18,P18,54,4.629166666666667e-05,0.0026279207377228886,20849.0,21039.0,53.08609986305237,3.9338583946228027,57.01995825767517,20206.0,21693.37037037037
ablation_no_zero_mask,1291,54,19,P19,54,4.6250000000000006e-05,0.0007737825269941822,23960.0,23773.0,54.32647132873535,4.523268222808838,58.84973955154419,22792.0,24413.01851851852
ablation_no_zero_mask,1292,54,20,P20,54,4.620833333333333e-05,-0.0033069414435885846,23190.0,23274.0,59.63232231140137,4.586575269699097,64.21889758110046,22425.0,23864.185185185186
ablation_no_zero_mask,1293,54,21,P21,54,4.6166666666666666e-05,0.0010957510516163894,24681.0,24509.0,62.492727756500244,4.837225675582886,67.32995343208313,23530.0,25310.12962962963
ablation_no_zero_mask,1294,54,22,P22,54,4.612500000000001e-05,-0.000977779880122398,24161.0,23573.0,61.490702867507935,4.846456050872803,66.33715891838074,23112.0,24459.166666666668
ablation_no_zero_mask,1295,54,23,P23,54,4.608333333333333e-05,0.0005321937472087614,33064.0,32683.0,83.78539204597473,6.4266579151153564,90.21204996109009,31687.0,34187.22222222222
ablation_no_zero_mask,1296,54,24,P24,54,4.604166666666667e-05,0.0003773084694330464,24596.0,24390.0,54.36660432815552,4.321255207061768,58.687859535217285,23754.0,25306.277777777777
ablation_no_zero_mask,1297,55,1,P1,55,4.6e-05,0.02241104911081493,6748.0,6599.0,11.856269359588623,0.7980718612670898,12.654341220855713,6336.0,6753.2
ablation_no_zero_mask,1298,55,2,P2,55,4.595833333333334e-05,-0.012672438868321478,8728.0,8830.0,15.70913290977478,1.0291993618011475,16.738332271575928,8533.0,8961.945454545454
ablation_no_zero_mask,1299,55,3,P3,55,4.591666666666666e-05,0.005231283415923826,6565.0,6809.0,11.146728515625,0.7408487796783447,11.887577295303345,6055.0,6809.8
ablation_no_zero_mask,1300,55,4,P4,55,4.5875000000000004e-05,-0.002582776825875044,3836.0,3761.0,9.117161989212036,0.5729689598083496,9.690130949020386,3665.0,3959.909090909091
ablation_no_zero_mask,1301,55,5,P5,55,4.583333333333334e-05,0.006739857024513185,4307.0,4231.0,9.461157321929932,0.6308445930480957,10.092001914978027,4221.0,4558.509090909091
ablation_no_zero_mask,1302,55,6,P6,55,4.5791666666666664e-05,0.0008963101281551644,4186.0,4137.0,9.851303815841675,0.662006139755249,10.513309955596924,4081.0,4416.472727272727
ablation_no_zero_mask,1303,55,7,P7,55,4.575e-05,0.029107859591022134,6050.0,6000.0,14.644928932189941,0.9710080623626709,15.615936994552612,5970.0,6261.2
ablation_no_zero_mask,1304,55,8,P8,55,4.570833333333333e-05,0.002366317705309484,5790.0,5800.0,12.846062183380127,0.8515346050262451,13.697596788406372,5752.0,6171.527272727273
ablation_no_zero_mask,1305,55,9,P9,55,4.566666666666667e-05,-0.01301885535940528,5480.0,5470.0,12.365859270095825,0.8411173820495605,13.206976652145386,5470.0,5879.854545454546
ablation_no_zero_mask,1306,55,10,P10,55,4.5625000000000004e-05,-0.0169619033113122,5728.0,5720.0,7.642871856689453,0.5144071578979492,8.157279014587402,5547.0,6008.690909090909
ablation_no_zero_mask,1307,55,11,P11,55,4.5583333333333335e-05,-0.010946834809146821,11656.0,11594.0,14.880461692810059,1.0155181884765625,15.895979881286621,11434.0,12020.254545454545
ablation_no_zero_mask,1308,55,12,P12,55,4.554166666666667e-05,-0.0006158030373626389,12039.0,11897.0,17.664435625076294,1.2375903129577637,18.902025938034058,11720.0,12809.49090909091
ablation_no_zero_mask,1309,55,13,P13,55,4.55e-05,0.005199997365707532,19904.0,19717.0,45.289498805999756,3.369588851928711,48.65908765792847,19587.0,21754.69090909091
ablation_no_zero_mask,1310,55,14,P14,55,4.545833333333334e-05,-0.0035936396016040817,22043.0,22207.0,45.28181862831116,3.438255548477173,48.72007417678833,21784.0,23858.072727272727
ablation_no_zero_mask,1311,55,15,P15,55,4.5416666666666675e-05,0.003059758397284895,20441.0,20399.0,45.76350426673889,3.3487329483032227,49.112237215042114,20073.0,21765.945454545454
ablation_no_zero_mask,1312,55,16,P16,55,4.5375e-05,-0.004020915227010846,20535.0,20459.0,54.96718788146973,4.35421895980835,59.321406841278076,20276.0,21645.654545454545
ablation_no_zero_mask,1313,55,17,P17,55,4.533333333333334e-05,-0.0006512349013064522,21266.0,21128.0,56.43539118766785,4.423216342926025,60.85860753059387,20793.0,22482.236363636363
ablation_no_zero_mask,1314,55,18,P18,55,4.5291666666666665e-05,-0.0009553092562782694,20492.0,20464.0,52.323221921920776,3.994638442993164,56.31786036491394,20206.0,21671.01818181818
ablation_no_zero_mask,1315,55,19,P19,55,4.525e-05,0.0012534644105471671,23564.0,23161.0,55.44857621192932,4.327974557876587,59.77655076980591,22792.0,24390.254545454547
ablation_no_zero_mask,1316,55,20,P20,55,4.520833333333333e-05,-0.002385913656326011,22834.0,22865.0,58.96585178375244,4.748364686965942,63.714216470718384,22425.0,23846.01818181818
ablation_no_zero_mask,1317,55,21,P21,55,4.516666666666667e-05,-0.0005890955273571308,23731.0,23698.0,64.15389561653137,4.903493165969849,69.05738878250122,23530.0,25280.81818181818
ablation_no_zero_mask,1318,55,22,P22,55,4.5125000000000006e-05,-0.001113023817015346,23399.0,23365.0,61.84457087516785,5.167336702346802,67.01190757751465,23112.0,24439.272727272728
ablation_no_zero_mask,1319,55,23,P23,55,4.5083333333333336e-05,0.001441992224239844,32173.0,31853.0,83.17591619491577,6.459994792938232,89.635910987854,31687.0,34144.781818181815
ablation_no_zero_mask,1320,55,24,P24,55,4.504166666666667e-05,-0.00243116922210902,24092.0,24085.0,55.82670593261719,4.465017795562744,60.29172372817993,23754.0,25284.072727272727
ablation_no_zero_mask,1321,56,1,P1,56,4.4999999999999996e-05,0.022181792417541146,6648.0,6469.0,12.310620784759521,0.8292293548583984,13.13985013961792,6336.0,6748.125
ablation_no_zero_mask,1322,56,2,P2,56,4.495833333333333e-05,-0.007897234056144953,8588.0,8632.0,15.72244119644165,1.0529718399047852,16.775413036346436,8533.0,8956.05357142857
ablation_no_zero_mask,1323,56,3,P3,56,4.4916666666666677e-05,0.009604085353203118,6534.0,6698.0,11.610859870910645,0.7710206508636475,12.381880521774292,6055.0,6807.803571428572
ablation_no_zero_mask,1324,56,4,P4,56,4.4875e-05,-0.012324732728302479,3768.0,3718.0,9.000598430633545,0.5931932926177979,9.593791723251343,3665.0,3955.589285714286
ablation_no_zero_mask,1325,56,5,P5,56,4.483333333333334e-05,-0.0006321921391645446,4275.0,4300.0,9.823708772659302,0.6362042427062988,10.4599130153656,4221.0,4553.892857142857
ablation_no_zero_mask,1326,56,6,P6,56,4.479166666666667e-05,-0.0016349901561625302,4162.0,4128.0,10.093669176101685,0.6777453422546387,10.771414518356323,4081.0,4411.321428571428
ablation_no_zero_mask,1327,56,7,P7,56,4.4750000000000004e-05,0.02953198365867138,6025.0,6010.0,15.061177730560303,1.031090497970581,16.092268228530884,5970.0,6256.714285714285
ablation_no_zero_mask,1328,56,8,P8,56,4.470833333333334e-05,0.002419917087536305,5775.0,5780.0,13.580701112747192,0.8833487033843994,14.464049816131592,5752.0,6164.535714285715
ablation_no_zero_mask,1329,56,9,P9,56,4.466666666666667e-05,-0.014427672373130918,5550.0,5530.0,12.274876832962036,0.7859320640563965,13.060808897018433,5470.0,5873.607142857143
ablation_no_zero_mask,1330,56,10,P10,56,4.462500000000001e-05,-0.010019974317401648,5689.0,5767.0,7.521352052688599,0.5104773044586182,8.031829357147217,5547.0,6004.375
ablation_no_zero_mask,1331,56,11,P11,56,4.458333333333333e-05,-0.005821128259412944,11549.0,11434.0,14.677146911621094,1.0239999294281006,15.701146841049194,11434.0,12009.785714285714
ablation_no_zero_mask,1332,56,12,P12,56,4.454166666666667e-05,0.0013619303572340868,12105.0,11893.0,17.7843656539917,1.198620080947876,18.982985734939575,11720.0,12793.125
ablation_no_zero_mask,1333,56,13,P13,56,4.45e-05,0.004156139795668423,20133.0,19970.0,44.0901095867157,3.393326997756958,47.483436584472656,19587.0,21722.821428571428
ablation_no_zero_mask,1334,56,14,P14,56,4.4458333333333334e-05,-0.00247789694549283,22422.0,22021.0,44.816922187805176,3.3342318534851074,48.15115404129028,21784.0,23825.26785714286
ablation_no_zero_mask,1335,56,15,P15,56,4.441666666666667e-05,-0.0002340046085009817,20334.0,20400.0,45.408169746398926,3.464995861053467,48.87316560745239,20073.0,21741.553571428572
ablation_no_zero_mask,1336,56,16,P16,56,4.4375e-05,0.00018737060818239116,20598.0,20610.0,57.0822491645813,4.374427080154419,61.45667624473572,20276.0,21627.160714285714
ablation_no_zero_mask,1337,56,17,P17,56,4.433333333333334e-05,-0.0004833182942093117,21226.0,21275.0,56.59503221511841,4.264843225479126,60.859875440597534,20793.0,22460.678571428572
ablation_no_zero_mask,1338,56,18,P18,56,4.429166666666666e-05,-0.0009847724222709076,20486.0,20425.0,52.64260244369507,3.989504337310791,56.63210678100586,20206.0,21648.76785714286
ablation_no_zero_mask,1339,56,19,P19,56,4.4250000000000005e-05,-0.0014013874148076865,23197.0,23171.0,54.091992139816284,4.200588703155518,58.2925808429718,22792.0,24368.48214285714
ablation_no_zero_mask,1340,56,20,P20,56,4.420833333333334e-05,-8.728554039407754e-05,22658.0,22811.0,57.80153679847717,4.865036964416504,62.66657376289368,22425.0,23827.535714285714
ablation_no_zero_mask,1341,56,21,P21,56,4.4166666666666665e-05,0.00034634898329386485,23931.0,23729.0,62.8618426322937,4.905998706817627,67.76784133911133,23530.0,25253.10714285714
ablation_no_zero_mask,1342,56,22,P22,56,4.4125e-05,-0.0006051061771358945,23608.0,23403.0,61.333428621292114,5.049739122390747,66.38316774368286,23112.0,24420.76785714286
ablation_no_zero_mask,1343,56,23,P23,56,4.408333333333333e-05,0.0005198063162034876,32462.0,32128.0,85.54347515106201,6.449586868286133,91.99306201934814,31687.0,34108.767857142855
ablation_no_zero_mask,1344,56,24,P24,56,4.404166666666667e-05,-0.0021614945377223193,24387.0,23928.0,54.837881088256836,4.287650108337402,59.12553119659424,23754.0,25259.85714285714
ablation_no_zero_mask,1345,57,1,P1,57,4.4e-05,0.027905925875529647,6758.0,6821.0,11.876799821853638,0.7958164215087891,12.672616243362427,6336.0,6749.403508771929
ablation_no_zero_mask,1346,57,2,P2,57,4.3958333333333336e-05,-0.017727370373904705,8666.0,8847.0,15.191064834594727,1.0226762294769287,16.213741064071655,8533.0,8954.140350877193
ablation_no_zero_mask,1347,57,3,P3,57,4.391666666666667e-05,0.006180728611070663,6624.0,6564.0,11.760054349899292,0.7773528099060059,12.537407159805298,6055.0,6803.526315789473
ablation_no_zero_mask,1348,57,4,P4,57,4.3875e-05,-0.01347470236942172,3769.0,3755.0,8.623953104019165,0.5731601715087891,9.197113275527954,3665.0,3952.0701754385964
ablation_no_zero_mask,1349,57,5,P5,57,4.383333333333334e-05,0.004321031039580703,4324.0,4231.0,9.619001150131226,0.6790847778320312,10.298085927963257,4221.0,4548.228070175439
ablation_no_zero_mask,1350,57,6,P6,57,4.379166666666666e-05,0.0018120600725524127,4193.0,4122.0,9.929587125778198,0.6622359752655029,10.591823101043701,4081.0,4406.245614035088
ablation_no_zero_mask,1351,57,7,P7,57,4.375e-05,0.026142587419599295,5990.0,5975.0,14.491732835769653,0.9471898078918457,15.438922643661499,5970.0,6251.771929824561
ablation_no_zero_mask,1352,57,8,P8,57,4.370833333333334e-05,0.004369741509435698,5770.0,5790.0,12.72814416885376,0.8512859344482422,13.579430103302002,5752.0,6157.964912280701
ablation_no_zero_mask,1353,57,9,P9,57,4.3666666666666666e-05,-0.012866018107160926,5575.0,5590.0,12.231514692306519,0.8130006790161133,13.044515371322632,5470.0,5868.631578947368
ablation_no_zero_mask,1354,57,10,P10,57,4.3625e-05,-0.010305382311344147,5692.0,5870.0,7.581099271774292,0.5257999897003174,8.10689926147461,5547.0,6002.017543859649
ablation_no_zero_mask,1355,57,11,P11,57,4.358333333333333e-05,-0.004575668863253668,11649.0,11594.0,14.789056539535522,0.9999122619628906,15.788968801498413,11434.0,12002.491228070176
ablation_no_zero_mask,1356,57,12,P12,57,4.354166666666667e-05,-0.0017091652989620343,12079.0,12042.0,17.62556743621826,1.204397201538086,18.829964637756348,11720.0,12779.947368421053
ablation_no_zero_mask,1357,57,13,P13,57,4.350000000000001e-05,0.00756885195733048,20411.0,20616.0,45.020880460739136,3.3360066413879395,48.356887102127075,19587.0,21703.40350877193
ablation_no_zero_mask,1358,57,14,P14,57,4.345833333333334e-05,-0.0023835138636059128,22923.0,22522.0,45.41621947288513,3.3202266693115234,48.736446142196655,21784.0,23802.40350877193
ablation_no_zero_mask,1359,57,15,P15,57,4.3416666666666674e-05,0.00031142226862357347,20964.0,20651.0,46.265299558639526,3.4041495323181152,49.66944909095764,20073.0,21722.42105263158
ablation_no_zero_mask,1360,57,16,P16,57,4.3375e-05,-0.0035933109931647776,21119.0,20793.0,55.05453872680664,4.159927845001221,59.21446657180786,20276.0,21612.526315789473
ablation_no_zero_mask,1361,57,17,P17,57,4.3333333333333334e-05,-0.000507348402243224,21546.0,21606.0,55.52717638015747,4.548833608627319,60.07600998878479,20793.0,22445.684210526317
ablation_no_zero_mask,1362,57,18,P18,57,4.3291666666666664e-05,0.00044402015228115486,20979.0,20556.0,52.68964338302612,3.971867322921753,56.661510705947876,20206.0,21629.59649122807
ablation_no_zero_mask,1363,57,19,P19,57,4.325e-05,-0.0016145149304065854,23578.0,23516.0,55.22049117088318,4.35114598274231,59.57163715362549,22792.0,24353.526315789473
ablation_no_zero_mask,1364,57,20,P20,57,4.320833333333334e-05,-0.0007665726923733018,22706.0,22819.0,60.168978691101074,4.6307384967803955,64.79971718788147,22425.0,23809.842105263157
ablation_no_zero_mask,1365,57,21,P21,57,4.316666666666667e-05,0.0012641065448406152,24123.0,24232.0,63.837137937545776,4.858860969543457,68.69599890708923,23530.0,25235.19298245614
ablation_no_zero_mask,1366,57,22,P22,57,4.3125000000000005e-05,-0.0016581518560997211,23701.0,23543.0,60.83089780807495,4.806959867477417,65.63785767555237,23112.0,24405.36842105263
ablation_no_zero_mask,1367,57,23,P23,57,4.308333333333333e-05,0.0015034150939235197,32853.0,32824.0,84.09491562843323,6.701561450958252,90.79647707939148,31687.0,34086.228070175435
ablation_no_zero_mask,1368,57,24,P24,57,4.304166666666667e-05,-0.0009747736599820201,24401.0,24302.0,55.173977851867676,4.446918487548828,59.620896339416504,23754.0,25243.052631578947
ablation_no_zero_mask,1369,58,1,P1,58,4.300000000000001e-05,0.02455920702777803,6827.0,6759.0,12.58349323272705,0.8431062698364258,13.426599502563477,6336.0,6749.568965517241
ablation_no_zero_mask,1370,58,2,P2,58,4.295833333333333e-05,-0.011159355286508799,8596.0,8716.0,15.979628801345825,1.0767736434936523,17.056402444839478,8533.0,8950.034482758621
ablation_no_zero_mask,1371,58,3,P3,58,4.291666666666667e-05,-0.002284384856466204,6516.0,6430.0,11.35924768447876,0.7722902297973633,12.131537914276123,6055.0,6797.086206896552
ablation_no_zero_mask,1372,58,4,P4,58,4.2875e-05,-0.004727965337224305,3830.0,3724.0,8.974239587783813,0.6111922264099121,9.585431814193726,3665.0,3948.137931034483
ablation_no_zero_mask,1373,58,5,P5,58,4.2833333333333335e-05,0.006059202714823186,4300.0,4204.0,9.721114873886108,0.6703064441680908,10.3914213180542,4204.0,4542.293103448276
ablation_no_zero_mask,1374,58,6,P6,58,4.2791666666666666e-05,0.0028896566363982856,4186.0,4128.0,10.042633533477783,0.6787114143371582,10.721344947814941,4081.0,4401.448275862069
ablation_no_zero_mask,1375,58,7,P7,58,4.275e-05,0.020829665707424283,6010.0,6015.0,14.697850704193115,1.0046255588531494,15.702476263046265,5970.0,6247.689655172414
ablation_no_zero_mask,1376,58,8,P8,58,4.270833333333334e-05,0.007104652584530413,5850.0,5835.0,13.15124249458313,0.8871395587921143,14.038382053375244,5752.0,6152.396551724138
ablation_no_zero_mask,1377,58,9,P9,58,4.266666666666667e-05,-0.00938953596050851,5510.0,5600.0,12.778217792510986,0.7980086803436279,13.576226472854614,5470.0,5864.0
ablation_no_zero_mask,1378,58,10,P10,58,4.2625000000000006e-05,-0.011679740156978369,5723.0,5670.0,7.7977073192596436,0.5407605171203613,8.338467836380005,5547.0,5996.293103448276
ablation_no_zero_mask,1379,58,11,P11,58,4.258333333333333e-05,-0.009623526537325233,11434.0,11434.0,14.67993712425232,1.00105881690979,15.68099594116211,11434.0,11992.689655172413
ablation_no_zero_mask,1380,58,12,P12,58,4.2541666666666666e-05,0.006668751128017902,12057.0,11916.0,17.476181268692017,1.2026293277740479,18.678810596466064,11720.0,12765.051724137931
ablation_no_zero_mask,1381,58,13,P13,58,4.250000000000001e-05,0.009463104302994907,20005.0,19869.0,43.29688811302185,3.222087860107422,46.51897597312927,19587.0,21671.775862068964
ablation_no_zero_mask,1382,58,14,P14,58,4.245833333333333e-05,-0.005617882416117936,22264.0,22308.0,45.35332107543945,3.563168525695801,48.916489601135254,21784.0,23776.637931034482
ablation_no_zero_mask,1383,58,15,P15,58,4.241666666666667e-05,0.008271757862530649,20632.0,20442.0,46.29494547843933,3.4925503730773926,49.787495851516724,20073.0,21700.344827586207
ablation_no_zero_mask,1384,58,16,P16,58,4.2375e-05,-0.005166630796156824,20563.0,20507.0,55.683465242385864,4.375720262527466,60.05918550491333,20276.0,21593.46551724138
ablation_no_zero_mask,1385,58,17,P17,58,4.233333333333334e-05,-0.0003512275688990485,21290.0,21159.0,57.72713375091553,4.332356214523315,62.05948996543884,20793.0,22423.5
ablation_no_zero_mask,1386,58,18,P18,58,4.2291666666666674e-05,-0.002135720962542109,20390.0,20521.0,53.58178424835205,3.986560106277466,57.56834435462952,20206.0,21610.48275862069
ablation_no_zero_mask,1387,58,19,P19,58,4.2250000000000004e-05,-0.0029919371358118952,22824.0,23116.0,53.63103151321411,4.205227375030518,57.83625888824463,22792.0,24332.189655172413
ablation_no_zero_mask,1388,58,20,P20,58,4.220833333333334e-05,0.003284014051314443,22560.0,22682.0,57.961851835250854,4.8121254444122314,62.773977279663086,22425.0,23790.396551724138
ablation_no_zero_mask,1389,58,21,P21,58,4.2166666666666664e-05,-0.00176509874581825,23587.0,23631.0,62.49082064628601,5.01352596282959,67.5043466091156,23530.0,25207.53448275862
ablation_no_zero_mask,1390,58,22,P22,58,4.2125e-05,0.0004939070720865856,23288.0,23271.0,62.36992359161377,4.951943397521973,67.32186698913574,23112.0,24385.810344827587
ablation_no_zero_mask,1391,58,23,P23,58,4.208333333333333e-05,0.00030757193001461146,31952.0,31887.0,84.71668219566345,6.9199059009552,91.63658809661865,31687.0,34048.31034482759
ablation_no_zero_mask,1392,58,24,P24,58,4.204166666666667e-05,-0.002456592960515991,23992.0,24122.0,55.945175886154175,4.375605583190918,60.32078146934509,23754.0,25223.724137931036
ablation_no_zero_mask,1393,59,1,P1,59,4.2000000000000004e-05,0.02444746531546116,6703.0,6714.0,11.983741998672485,0.8096003532409668,12.793342351913452,6336.0,6748.966101694915
ablation_no_zero_mask,1394,59,2,P2,59,4.1958333333333335e-05,-0.01379768003243953,8741.0,8702.0,15.12317180633545,1.0225474834442139,16.145719289779663,8533.0,8945.830508474577
ablation_no_zero_mask,1395,59,3,P3,59,4.191666666666667e-05,0.006326874812657479,6506.0,6634.0,11.040215492248535,0.7366673946380615,11.776882886886597,6055.0,6794.322033898305
ablation_no_zero_mask,1396,59,4,P4,59,4.1874999999999995e-05,-0.011299577541649342,3762.0,3713.0,8.90138053894043,0.5694949626922607,9.47087550163269,3665.0,3944.1525423728813
ablation_no_zero_mask,1397,59,5,P5,59,4.183333333333334e-05,-0.008123404812067747,4280.0,4306.0,9.785050630569458,0.6664643287658691,10.451514959335327,4204.0,4538.28813559322
ablation_no_zero_mask,1398,59,6,P6,59,4.1791666666666675e-05,-0.005216363933868706,4152.0,4128.0,9.823731899261475,0.733588695526123,10.557320594787598,4081.0,4396.813559322034
ablation_no_zero_mask,1399,59,7,P7,59,4.175e-05,0.015846662339754403,5960.0,5940.0,14.556717157363892,0.9406101703643799,15.497327327728271,5940.0,6242.474576271186
ablation_no_zero_mask,1400,59,8,P8,59,4.1708333333333335e-05,0.008262462157290429,5795.0,5815.0,12.952605485916138,0.8377878665924072,13.790393352508545,5752.0,6146.677966101695
ablation_no_zero_mask,1401,59,9,P9,59,4.1666666666666665e-05,-0.0011557973484741524,5470.0,5513.0,12.038118362426758,0.7919740676879883,12.830092430114746,5470.0,5858.050847457627
ablation_no_zero_mask,1402,59,10,P10,59,4.1625e-05,-0.0138680727686733,5647.0,5767.0,7.401830434799194,0.5226321220397949,7.924462556838989,5547.0,5992.406779661017
ablation_no_zero_mask,1403,59,11,P11,59,4.158333333333334e-05,-0.004601551860105246,11549.0,11434.0,14.637595891952515,1.0253643989562988,15.662960290908813,11434.0,11983.22033898305
ablation_no_zero_mask,1404,59,12,P12,59,4.154166666666667e-05,0.0011553289714356652,11902.0,11918.0,17.65349841117859,1.230853796005249,18.884352207183838,11720.0,12750.694915254237
ablation_no_zero_mask,1405,59,13,P13,59,4.1500000000000006e-05,0.010001313698012382,20015.0,19961.0,45.027106285095215,3.3650708198547363,48.39217710494995,19587.0,21642.77966101695
ablation_no_zero_mask,1406,59,14,P14,59,4.145833333333333e-05,-0.0033191515103681013,22416.0,22187.0,45.30784034729004,3.4206795692443848,48.728519916534424,21784.0,23749.694915254237
ablation_no_zero_mask,1407,59,15,P15,59,4.141666666666667e-05,0.004481151860090904,20630.0,20391.0,46.00999450683594,3.569322347640991,49.57931685447693,20073.0,21678.15254237288
ablation_no_zero_mask,1408,59,16,P16,59,4.1374999999999996e-05,-0.0008828770845866529,20705.0,20446.0,55.04287672042847,4.26603102684021,59.30890774726868,20276.0,21574.01694915254
ablation_no_zero_mask,1409,59,17,P17,59,4.133333333333333e-05,-0.00018124042217095848,21310.0,21255.0,54.95228862762451,4.618483066558838,59.57077169418335,20793.0,22403.694915254237
ablation_no_zero_mask,1410,59,18,P18,59,4.129166666666667e-05,-0.0026111105107702315,20491.0,20355.0,52.531673192977905,4.132593870162964,56.66426706314087,20206.0,21589.20338983051
ablation_no_zero_mask,1411,59,19,P19,59,4.125e-05,-0.0013331273017683997,23116.0,23172.0,54.11850571632385,4.255177736282349,58.3736834526062,22792.0,24312.525423728814
ablation_no_zero_mask,1412,59,20,P20,59,4.120833333333334e-05,0.0019235539773944765,22691.0,22774.0,58.969698905944824,4.745265007019043,63.71496391296387,22425.0,23773.169491525423
ablation_no_zero_mask,1413,59,21,P21,59,4.116666666666667e-05,-0.001656226470367983,23793.0,23542.0,63.52391219139099,5.179881572723389,68.70379376411438,23530.0,25179.305084745763
ablation_no_zero_mask,1414,59,22,P22,59,4.1125000000000004e-05,0.00015708588871348183,23378.0,23125.0,61.15930223464966,4.749465703964233,65.90876793861389,23112.0,24364.4406779661
ablation_no_zero_mask,1415,59,23,P23,59,4.108333333333334e-05,0.00044312865598580435,31991.0,31744.0,82.99319577217102,6.717871427536011,89.71106719970703,31687.0,34009.254237288136
ablation_no_zero_mask,1416,59,24,P24,59,4.104166666666667e-05,-0.002757794607896358,23995.0,23892.0,55.936607837677,4.457857131958008,60.39446496963501,23754.0,25201.15254237288
ablation_no_zero_mask,1417,60,1,P1,60,4.100000000000001e-05,0.008066351801971905,6400.0,6530.0,12.190321683883667,0.8350732326507568,13.025394916534424,6336.0,6745.316666666667
ablation_no_zero_mask,1418,60,2,P2,60,4.095833333333333e-05,-0.001770418297383003,8543.0,8594.0,15.773792505264282,1.0391242504119873,16.81291675567627,8533.0,8939.966666666667
ablation_no_zero_mask,1419,60,3,P3,60,4.091666666666667e-05,0.013253176934085786,6620.0,6815.0,11.373034715652466,0.7792317867279053,12.152266502380371,6055.0,6794.666666666667
ablation_no_zero_mask,1420,60,4,P4,60,4.0875e-05,-0.019428720697760582,3732.0,3708.0,8.902241230010986,0.5779550075531006,9.480196237564087,3665.0,3940.2166666666667
ablation_no_zero_mask,1421,60,5,P5,60,4.0833333333333334e-05,-0.011539723258465528,4302.0,4261.0,9.749966144561768,0.6399600505828857,10.389926195144653,4204.0,4533.666666666667
ablation_no_zero_mask,1422,60,6,P6,60,4.079166666666667e-05,-0.013903497252613306,4087.0,4062.0,10.21185302734375,0.6834526062011719,10.895305633544922,4062.0,4391.233333333334
ablation_no_zero_mask,1423,60,7,P7,60,4.075e-05,0.0009540201353956945,6000.0,5960.0,14.775147676467896,0.962730884552002,15.737878561019897,5940.0,6237.766666666666
ablation_no_zero_mask,1424,60,8,P8,60,4.070833333333334e-05,0.006859767134301364,5730.0,5800.0,12.974527597427368,0.8541126251220703,13.828640222549438,5752.0,6140.9
ablation_no_zero_mask,1425,60,9,P9,60,4.066666666666666e-05,0.014809230575338006,5500.0,5530.0,12.416456699371338,0.8107566833496094,13.227213382720947,5470.0,5852.583333333333
ablation_no_zero_mask,1426,60,10,P10,60,4.0625000000000005e-05,0.0028247960144653916,5698.0,5703.0,8.037326574325562,0.5364675521850586,8.57379412651062,5547.0,5987.583333333333
ablation_no_zero_mask,1427,60,11,P11,60,4.058333333333334e-05,-0.004226842866046354,11692.0,11594.0,15.509154319763184,1.0558552742004395,16.565009593963623,11434.0,11976.733333333334
ablation_no_zero_mask,1428,60,12,P12,60,4.0541666666666665e-05,-0.009090148203540593,11912.0,11820.0,17.67313528060913,1.2036099433898926,18.876745223999023,11720.0,12735.183333333332
ablation_no_zero_mask,1429,60,13,P13,60,4.05e-05,0.001976889143406879,19663.0,19593.0,43.87898826599121,3.2605032920837402,47.13949155807495,19587.0,21608.616666666665
ablation_no_zero_mask,1430,60,14,P14,60,4.045833333333333e-05,0.0004304761755520303,22088.0,21976.0,44.203890800476074,3.4053874015808105,47.609278202056885,21784.0,23720.133333333335
ablation_no_zero_mask,1431,60,15,P15,60,4.041666666666667e-05,-0.002445212536258623,20248.0,20225.0,45.27913761138916,3.433321237564087,48.71245884895325,20073.0,21653.933333333334
ablation_no_zero_mask,1432,60,16,P16,60,4.0375000000000006e-05,-0.0012436797842383385,20380.0,20277.0,55.10056233406067,4.186739206314087,59.287301540374756,20276.0,21552.4
ablation_no_zero_mask,1433,60,17,P17,60,4.0333333333333336e-05,0.0009899026024868362,21103.0,21050.0,55.490761518478394,4.316030502319336,59.80679202079773,20793.0,22381.133333333335
ablation_no_zero_mask,1434,60,18,P18,60,4.029166666666667e-05,9.371058695251122e-06,20520.0,20410.0,52.394996643066406,4.216317892074585,56.61131453514099,20206.0,21569.55
ablation_no_zero_mask,1435,60,19,P19,60,4.0249999999999996e-05,0.0016713445482309907,23226.0,22925.0,55.025094985961914,4.249782085418701,59.274877071380615,22792.0,24289.4
ablation_no_zero_mask,1436,60,20,P20,60,4.020833333333334e-05,-0.0024963862786535175,22449.0,22718.0,56.88578724861145,4.8738226890563965,61.75960993766785,22425.0,23755.583333333332
ablation_no_zero_mask,1437,60,21,P21,60,4.016666666666666e-05,0.0006645057361311047,23778.0,23416.0,64.05613493919373,4.894192218780518,68.95032715797424,23416.0,25149.916666666668
ablation_no_zero_mask,1438,60,22,P22,60,4.0125e-05,-0.0010879082736209966,23078.0,23230.0,61.449318408966064,4.850832939147949,66.30015134811401,23112.0,24345.533333333333
ablation_no_zero_mask,1439,60,23,P23,60,4.0083333333333336e-05,0.0008037634823787292,31880.0,31772.0,82.48346543312073,6.455965518951416,88.93943095207214,31687.0,33971.96666666667
ablation_no_zero_mask,1440,60,24,P24,60,4.0041666666666666e-05,-0.001503875877824612,23833.0,23924.0,57.09926724433899,4.44114351272583,61.54041075706482,23754.0,25179.866666666665
ablation_no_zero_mask,1441,61,1,P1,61,4e-05,0.01693484140560031,6531.0,6520.0,12.137541770935059,0.8150875568389893,12.952629327774048,6336.0,6741.622950819672
ablation_no_zero_mask,1442,61,2,P2,61,3.995833333333333e-05,-0.007556042226497084,8565.0,8538.0,15.216668367385864,1.0516712665557861,16.26833963394165,8533.0,8933.377049180328
ablation_no_zero_mask,1443,61,3,P3,61,3.991666666666667e-05,0.009429362151422538,6620.0,6644.0,11.060647964477539,0.7366833686828613,11.7973313331604,6055.0,6792.196721311476
ablation_no_zero_mask,1444,61,4,P4,61,3.987500000000001e-05,-0.013715049950405955,3708.0,3718.0,8.647239446640015,0.5693755149841309,9.216614961624146,3665.0,3936.5737704918033
ablation_no_zero_mask,1445,61,5,P5,61,3.983333333333333e-05,-0.009173966944217682,4285.0,4266.0,9.438362836837769,0.6295597553253174,10.067922592163086,4204.0,4529.2786885245905
ablation_no_zero_mask,1446,61,6,P6,61,3.9791666666666674e-05,-0.007308668922632933,4130.0,4122.0,9.78640079498291,0.6996254920959473,10.486026287078857,4062.0,4386.819672131148
ablation_no_zero_mask,1447,61,7,P7,61,3.975e-05,-0.0013909292792959604,6020.0,5950.0,14.53624963760376,0.9326300621032715,15.468879699707031,5940.0,6233.049180327869
ablation_no_zero_mask,1448,61,8,P8,61,3.9708333333333334e-05,0.000288454961264506,5775.0,5770.0,13.219792604446411,0.8568816184997559,14.076674222946167,5752.0,6134.819672131148
ablation_no_zero_mask,1449,61,9,P9,61,3.9666666666666664e-05,-0.0003034949768334627,5500.0,5470.0,12.321617603302002,0.8705270290374756,13.192144632339478,5470.0,5846.311475409836
ablation_no_zero_mask,1450,61,10,P10,61,3.9625e-05,0.01043651346117258,5600.0,5737.0,7.449220895767212,0.5128915309906006,7.9621124267578125,5547.0,5983.475409836065
ablation_no_zero_mask,1451,61,11,P11,61,3.958333333333334e-05,0.007572047994472086,11549.0,11434.0,14.92987608909607,0.9835331439971924,15.913409233093262,11434.0,11967.83606557377
ablation_no_zero_mask,1452,61,12,P12,61,3.954166666666667e-05,-0.004728386644273996,11936.0,11856.0,17.580996990203857,1.1981515884399414,18.7791485786438,11720.0,12720.77049180328
ablation_no_zero_mask,1453,61,13,P13,61,3.9500000000000005e-05,-0.0019755080520553747,20010.0,19961.0,44.626681327819824,3.38204288482666,48.008724212646484,19587.0,21581.60655737705
ablation_no_zero_mask,1454,61,14,P14,61,3.945833333333333e-05,-0.0001671746640568017,22210.0,22171.0,45.364630699157715,3.422593355178833,48.78722405433655,21784.0,23694.737704918032
ablation_no_zero_mask,1455,61,15,P15,61,3.941666666666667e-05,0.0009499883171883994,20547.0,20439.0,45.466015100479126,3.4340686798095703,48.900083780288696,20073.0,21634.016393442624
ablation_no_zero_mask,1456,61,16,P16,61,3.937500000000001e-05,-0.003026787092676386,20549.0,20331.0,56.01287841796875,4.20891809463501,60.22179651260376,20276.0,21532.377049180326
ablation_no_zero_mask,1457,61,17,P17,61,3.933333333333333e-05,0.0001807136455681757,21290.0,21175.0,54.65186643600464,4.216853857040405,58.868720293045044,20793.0,22361.360655737706
ablation_no_zero_mask,1458,61,18,P18,61,3.929166666666667e-05,6.280298712226794e-05,20740.0,20486.0,52.21529293060303,4.177828073501587,56.393121004104614,20206.0,21551.786885245903
ablation_no_zero_mask,1459,61,19,P19,61,3.925e-05,-0.0013906816573580727,22999.0,23536.0,55.06459999084473,4.373802423477173,59.4384024143219,22792.0,24277.049180327867
ablation_no_zero_mask,1460,61,20,P20,61,3.9208333333333335e-05,0.0012173723443993367,22839.0,22829.0,59.40034365653992,4.700206756591797,64.10055041313171,22425.0,23740.39344262295
ablation_no_zero_mask,1461,61,21,P21,61,3.916666666666667e-05,-0.0010356286380556411,23752.0,23612.0,63.715404748916626,5.039024353027344,68.75442910194397,23416.0,25124.70491803279
ablation_no_zero_mask,1462,61,22,P22,61,3.9125e-05,-0.00039749511415720917,23274.0,23180.0,62.33196830749512,4.801336050033569,67.13330435752869,23112.0,24326.426229508197
ablation_no_zero_mask,1463,61,23,P23,61,3.908333333333334e-05,0.000589210866304971,32041.0,31878.0,81.93687582015991,6.867990255355835,88.80486607551575,31687.0,33937.639344262294
ablation_no_zero_mask,1464,61,24,P24,61,3.904166666666666e-05,-0.0009904405640554614,24089.0,23740.0,55.318631649017334,4.498981714248657,59.81761336326599,23740.0,25156.262295081968
ablation_no_zero_mask,1465,62,1,P1,62,3.9000000000000006e-05,0.024744629627093673,6623.0,6496.0,12.397492170333862,0.8413858413696289,13.238878011703491,6336.0,6737.6612903225805
ablation_no_zero_mask,1466,62,2,P2,62,3.895833333333333e-05,-0.007738513115327805,8775.0,8721.0,16.105794429779053,1.0773470401763916,17.183141469955444,8533.0,8929.951612903225
ablation_no_zero_mask,1467,62,3,P3,62,3.8916666666666666e-05,0.00844548863824457,6644.0,6614.0,11.184503078460693,0.7644567489624023,11.948959827423096,6055.0,6789.322580645161
ablation_no_zero_mask,1468,62,4,P4,62,3.8875e-05,-0.011950162705034018,3764.0,3722.0,9.02341103553772,0.6078052520751953,9.631216287612915,3665.0,3933.1129032258063
ablation_no_zero_mask,1469,62,5,P5,62,3.883333333333333e-05,-0.014827399514615536,4276.0,4306.0,9.991657495498657,0.6621615886688232,10.65381908416748,4204.0,4525.677419354839
ablation_no_zero_mask,1470,62,6,P6,62,3.879166666666667e-05,-0.008573593106120825,4164.0,4112.0,10.131740093231201,0.6677637100219727,10.799503803253174,4062.0,4382.387096774193
ablation_no_zero_mask,1471,62,7,P7,62,3.875e-05,-0.0017165459285024554,6020.0,6050.0,14.907439470291138,0.9850265979766846,15.892466068267822,5940.0,6230.096774193548
ablation_no_zero_mask,1472,62,8,P8,62,3.870833333333334e-05,0.0075236165430396795,5830.0,5860.0,13.246355295181274,0.8550293445587158,14.10138463973999,5752.0,6130.387096774193
ablation_no_zero_mask,1473,62,9,P9,62,3.8666666666666674e-05,-0.0061022378504276276,5520.0,5555.0,12.68350100517273,0.8131570816040039,13.496658086776733,5470.0,5841.612903225807
ablation_no_zero_mask,1474,62,10,P10,62,3.8625e-05,0.00066117309324909,5647.0,5767.0,7.776201963424683,0.5288751125335693,8.305077075958252,5547.0,5979.9838709677415
ablation_no_zero_mask,1475,62,11,P11,62,3.858333333333334e-05,0.004225690179737285,11434.0,11434.0,15.019189596176147,1.0308475494384766,16.050037145614624,11434.0,11959.225806451614
ablation_no_zero_mask,1476,62,12,P12,62,3.8541666666666664e-05,-0.0015436567528013256,11955.0,12100.0,18.137738943099976,1.2662737369537354,19.40401268005371,11720.0,12710.758064516129
ablation_no_zero_mask,1477,62,13,P13,62,3.85e-05,0.000932103128889139,20148.0,20186.0,44.416361808776855,3.31170392036438,47.728065729141235,19587.0,21559.09677419355
ablation_no_zero_mask,1478,62,14,P14,62,3.845833333333334e-05,-0.0009570216061547399,22400.0,22400.0,44.09648537635803,3.314441442489624,47.410926818847656,21784.0,23673.854838709678
ablation_no_zero_mask,1479,62,15,P15,62,3.841666666666667e-05,0.0029315601059352048,20726.0,20565.0,44.13014459609985,3.5046546459198,47.63479924201965,20073.0,21616.774193548386
ablation_no_zero_mask,1480,62,16,P16,62,3.8375000000000004e-05,-0.0037278304691426454,20901.0,20838.0,55.21664214134216,4.22640323638916,59.44304537773132,20276.0,21521.177419354837
ablation_no_zero_mask,1481,62,17,P17,62,3.8333333333333334e-05,-0.0009785764443222434,21544.0,21431.0,56.982314348220825,4.420082330703735,61.40239667892456,20793.0,22346.354838709678
ablation_no_zero_mask,1482,62,18,P18,62,3.829166666666667e-05,-0.0016899847600143404,20594.0,20685.0,53.08724665641785,4.034747838973999,57.121994495391846,20206.0,21537.8064516129
ablation_no_zero_mask,1483,62,19,P19,62,3.8249999999999995e-05,-0.0015114139088836965,23185.0,23441.0,56.25749945640564,4.3420000076293945,60.599499464035034,22792.0,24263.564516129034
ablation_no_zero_mask,1484,62,20,P20,62,3.820833333333334e-05,0.0004919468512525782,22684.0,22806.0,57.35394334793091,4.530353784561157,61.884297132492065,22425.0,23725.322580645163
ablation_no_zero_mask,1485,62,21,P21,62,3.8166666666666675e-05,0.0007400787297228816,24213.0,24139.0,61.760432720184326,5.156432151794434,66.91686487197876,23416.0,25108.8064516129
ablation_no_zero_mask,1486,62,22,P22,62,3.8125e-05,-0.0011127857644169126,23538.0,23622.0,61.70621418952942,4.894450902938843,66.60066509246826,23112.0,24315.064516129034
ablation_no_zero_mask,1487,62,23,P23,62,3.8083333333333335e-05,-0.000503772744195885,32221.0,32159.0,82.48703026771545,6.4988932609558105,88.98592352867126,31687.0,33908.95161290323
ablation_no_zero_mask,1488,62,24,P24,62,3.8041666666666665e-05,-0.002846202062210068,24183.0,24047.0,55.41238284111023,4.5722620487213135,59.98464488983154,23740.0,25138.370967741936
ablation_no_zero_mask,1489,63,1,P1,63,3.8e-05,0.026051496155560017,6606.0,6453.0,12.526703357696533,0.8509595394134521,13.377662897109985,6336.0,6733.142857142857
ablation_no_zero_mask,1490,63,2,P2,63,3.795833333333334e-05,-0.009705577394925058,8730.0,8749.0,15.555797576904297,1.0569090843200684,16.612706661224365,8533.0,8927.079365079366
ablation_no_zero_mask,1491,63,3,P3,63,3.791666666666667e-05,0.011596662981901318,6718.0,6691.0,11.288979053497314,0.7770402431488037,12.066019296646118,6055.0,6787.761904761905
ablation_no_zero_mask,1492,63,4,P4,63,3.7875000000000006e-05,-0.006540880654938519,3784.0,3704.0,8.834394693374634,0.5950958728790283,9.429490566253662,3665.0,3929.4761904761904
ablation_no_zero_mask,1493,63,5,P5,63,3.783333333333333e-05,-0.01656977366656065,4227.0,4306.0,9.582974433898926,0.6345317363739014,10.217506170272827,4204.0,4522.190476190476
ablation_no_zero_mask,1494,63,6,P6,63,3.779166666666667e-05,-0.007527630776166916,4122.0,4128.0,9.806882381439209,0.6585090160369873,10.465391397476196,4062.0,4378.349206349207
ablation_no_zero_mask,1495,63,7,P7,63,3.7749999999999996e-05,0.003659716843685601,5990.0,6010.0,14.257652282714844,0.9589250087738037,15.216577291488647,5940.0,6226.603174603175
ablation_no_zero_mask,1496,63,8,P8,63,3.770833333333333e-05,0.005759590829256922,5840.0,5780.0,12.739160060882568,0.9131171703338623,13.65227723121643,5752.0,6124.825396825397
ablation_no_zero_mask,1497,63,9,P9,63,3.766666666666667e-05,-0.007028720778180286,5483.0,5520.0,12.47928786277771,0.7857928276062012,13.265080690383911,5470.0,5836.507936507936
ablation_no_zero_mask,1498,63,10,P10,63,3.7625e-05,0.00822712667286396,5806.0,5737.0,7.54849648475647,0.5082552433013916,8.056751728057861,5547.0,5976.126984126984
ablation_no_zero_mask,1499,63,11,P11,63,3.7583333333333337e-05,0.0016207107400987297,11589.0,11434.0,14.576122045516968,1.006742238998413,15.58286428451538,11434.0,11950.888888888889
ablation_no_zero_mask,1500,63,12,P12,63,3.754166666666667e-05,-0.007158599270042032,11971.0,11820.0,17.550143480300903,1.2022068500518799,18.752350330352783,11720.0,12696.619047619048
ablation_no_zero_mask,1501,63,13,P13,63,3.7500000000000003e-05,-0.006193110049935058,19658.0,19638.0,43.68665623664856,3.2426092624664307,46.92926549911499,19587.0,21528.603174603173
ablation_no_zero_mask,1502,63,14,P14,63,3.745833333333334e-05,0.0026662375894375145,21933.0,22053.0,43.81719708442688,3.2707672119140625,47.08796429634094,21784.0,23648.126984126986
ablation_no_zero_mask,1503,63,15,P15,63,3.7416666666666664e-05,-0.0013119384530000389,20434.0,20382.0,44.903390645980835,3.4022319316864014,48.305622577667236,20073.0,21597.174603174604
ablation_no_zero_mask,1504,63,16,P16,63,3.737500000000001e-05,-0.003922006010543555,20431.0,20366.0,55.689220666885376,4.493757009506226,60.1829776763916,20276.0,21502.84126984127
ablation_no_zero_mask,1505,63,17,P17,63,3.733333333333333e-05,-0.002616285771364346,20989.0,20893.0,55.84131336212158,4.287367343902588,60.12868070602417,20793.0,22323.285714285714
ablation_no_zero_mask,1506,63,18,P18,63,3.729166666666667e-05,0.001006779322779039,20459.0,20411.0,51.20260238647461,4.227626323699951,55.43022871017456,20206.0,21519.920634920636
ablation_no_zero_mask,1507,63,19,P19,63,3.7250000000000004e-05,-0.0012361569737549872,23050.0,23218.0,54.75618386268616,4.270562171936035,59.02674603462219,22792.0,24246.968253968254
ablation_no_zero_mask,1508,63,20,P20,63,3.7208333333333334e-05,0.0010563295843894593,22905.0,22869.0,58.0043830871582,4.568652629852295,62.5730357170105,22425.0,23711.73015873016
ablation_no_zero_mask,1509,63,21,P21,63,3.716666666666667e-05,-0.0013257691760372836,23771.0,23505.0,64.55199480056763,4.954771995544434,69.50676679611206,23416.0,25083.349206349205
ablation_no_zero_mask,1510,63,22,P22,63,3.7125e-05,-0.001569318279143772,23247.0,23114.0,62.80765438079834,4.977666616439819,67.78532099723816,23112.0,24296.0
ablation_no_zero_mask,1511,63,23,P23,63,3.708333333333334e-05,0.0011970547566306777,31918.0,31938.0,82.05031037330627,7.0638511180877686,89.11416149139404,31687.0,33877.666666666664
ablation_no_zero_mask,1512,63,24,P24,63,3.704166666666666e-05,-0.0013563415035605431,23991.0,23677.0,55.833571910858154,4.41429591178894,60.247867822647095,23677.0,25115.174603174604
ablation_no_zero_mask,1513,64,1,P1,64,3.7e-05,0.0162925545591861,6530.0,6599.0,12.145647287368774,0.8029658794403076,12.948613166809082,6336.0,6731.046875
ablation_no_zero_mask,1514,64,2,P2,64,3.695833333333334e-05,-0.0003367831150171696,8539.0,8565.0,15.268860101699829,1.0378987789154053,16.306758880615234,8533.0,8921.421875
ablation_no_zero_mask,1515,64,3,P3,64,3.6916666666666665e-05,0.01171018450986594,6601.0,6599.0,10.935038328170776,0.754702091217041,11.689740419387817,6055.0,6784.8125
ablation_no_zero_mask,1516,64,4,P4,64,3.6875e-05,0.000646135929855518,3750.0,3697.0,8.661044359207153,0.5756328105926514,9.236677169799805,3665.0,3925.84375
ablation_no_zero_mask,1517,64,5,P5,64,3.683333333333333e-05,-0.0015345358406193554,4343.0,4222.0,9.61920952796936,0.6252310276031494,10.24444055557251,4204.0,4517.5
ablation_no_zero_mask,1518,64,6,P6,64,3.679166666666667e-05,-0.0033506553736515343,4092.0,4171.0,9.994348287582397,0.6725900173187256,10.666938304901123,4062.0,4375.109375
ablation_no_zero_mask,1519,64,7,P7,64,3.6750000000000006e-05,-0.00013463819959724788,5925.0,5950.0,14.655172348022461,0.9623117446899414,15.617484092712402,5940.0,6222.28125
ablation_no_zero_mask,1520,64,8,P8,64,3.6708333333333336e-05,-0.0013198038541304413,5745.0,5700.0,13.102975606918335,0.8592696189880371,13.962245225906372,5700.0,6118.1875
ablation_no_zero_mask,1521,64,9,P9,64,3.666666666666667e-05,0.0009645541649661027,5430.0,5500.0,12.51827359199524,0.8185784816741943,13.336852073669434,5470.0,5831.25
ablation_no_zero_mask,1522,64,10,P10,64,3.6624999999999996e-05,0.00013433899584924802,5741.0,5640.0,7.537017107009888,0.510688304901123,8.04770541191101,5547.0,5970.875
ablation_no_zero_mask,1523,64,11,P11,64,3.658333333333334e-05,-0.0013298401318024844,11434.0,11594.0,14.89607572555542,1.0005736351013184,15.896649360656738,11434.0,11945.3125
ablation_no_zero_mask,1524,64,12,P12,64,3.654166666666666e-05,-0.006511528918053955,11931.0,11916.0,17.656541109085083,1.2016217708587646,18.858162879943848,11720.0,12684.421875
ablation_no_zero_mask,1525,64,13,P13,64,3.65e-05,0.004153196045081131,20118.0,20261.0,45.45270085334778,3.3109800815582275,48.763680934906006,19587.0,21508.796875
ablation_no_zero_mask,1526,64,14,P14,64,3.6458333333333336e-05,-0.0018919317080872133,22689.0,22426.0,44.60143566131592,3.321377754211426,47.922813415527344,21784.0,23629.03125
ablation_no_zero_mask,1527,64,15,P15,64,3.6416666666666666e-05,-0.0017877168211271055,20734.0,20624.0,44.22996783256531,3.5178065299987793,47.74777436256409,20073.0,21581.96875
ablation_no_zero_mask,1528,64,16,P16,64,3.6375e-05,-0.005267090513370931,20983.0,20833.0,55.5294349193573,4.274905681610107,59.80434060096741,20276.0,21492.375
ablation_no_zero_mask,1529,64,17,P17,64,3.633333333333333e-05,-0.0009495543170487508,21898.0,21636.0,55.14178419113159,4.261000156402588,59.40278434753418,20793.0,22312.546875
ablation_no_zero_mask,1530,64,18,P18,64,3.629166666666667e-05,-0.0007699096313444898,20902.0,20671.0,52.35888600349426,4.027651071548462,56.386537075042725,20206.0,21506.65625
ablation_no_zero_mask,1531,64,19,P19,64,3.625000000000001e-05,-0.0006665988901659147,23483.0,23534.0,55.52699422836304,4.455376386642456,59.98237061500549,22792.0,24235.828125
ablation_no_zero_mask,1532,64,20,P20,64,3.620833333333333e-05,-0.0018270930042490364,22982.0,22675.0,60.030988454818726,4.553872585296631,64.58486104011536,22425.0,23695.53125
ablation_no_zero_mask,1533,64,21,P21,64,3.6166666666666674e-05,-0.0003796913082624087,24196.0,24077.0,62.03240394592285,5.211908340454102,67.24431228637695,23416.0,25067.625
ablation_no_zero_mask,1534,64,22,P22,64,3.6125e-05,-9.567482138663763e-05,23757.0,23513.0,61.92195415496826,4.991182565689087,66.91313672065735,23112.0,24283.765625
ablation_no_zero_mask,1535,64,23,P23,64,3.6083333333333334e-05,0.0006170618123957995,32787.0,32407.0,82.79517841339111,6.536248207092285,89.3314266204834,31687.0,33854.6875
ablation_no_zero_mask,1536,64,24,P24,64,3.604166666666667e-05,-0.0023707860440481455,24212.0,24274.0,55.36422061920166,4.391575336456299,59.75579595565796,23677.0,25102.03125
ablation_no_zero_mask,1537,65,1,P1,65,3.6e-05,0.023635362507775426,6641.0,6516.0,12.289546251296997,0.8350374698638916,13.124583721160889,6336.0,6727.738461538462
ablation_no_zero_mask,1538,65,2,P2,65,3.595833333333334e-05,-0.01245238387491554,8730.0,8804.0,15.8190758228302,1.0942556858062744,16.913331508636475,8533.0,8919.615384615385
ablation_no_zero_mask,1539,65,3,P3,65,3.591666666666667e-05,0.00538872298784554,6564.0,6711.0,11.269355773925781,0.7720818519592285,12.04143762588501,6055.0,6783.676923076923
ablation_no_zero_mask,1540,65,4,P4,65,3.5875000000000005e-05,0.0005281501216813922,3732.0,3696.0,8.732729196548462,0.5798060894012451,9.312535285949707,3665.0,3922.3076923076924
ablation_no_zero_mask,1541,65,5,P5,65,3.583333333333333e-05,0.0010648820898495615,4368.0,4256.0,9.495772123336792,0.6283245086669922,10.124096632003784,4204.0,4513.476923076923
ablation_no_zero_mask,1542,65,6,P6,65,3.5791666666666665e-05,-0.0022597588249482214,4130.0,4116.0,9.732327699661255,0.6911818981170654,10.42350959777832,4062.0,4371.123076923077
ablation_no_zero_mask,1543,65,7,P7,65,3.575000000000001e-05,-0.001342100582405692,5940.0,5950.0,14.423732280731201,0.9645640850067139,15.388296365737915,5940.0,6218.092307692307
ablation_no_zero_mask,1544,65,8,P8,65,3.570833333333333e-05,-0.0003194448690919671,5720.0,5710.0,12.685848474502563,0.8345668315887451,13.520415306091309,5700.0,6111.907692307693
ablation_no_zero_mask,1545,65,9,P9,65,3.566666666666667e-05,0.009045747923664749,5435.0,5490.0,11.893441438674927,0.7898712158203125,12.68331265449524,5470.0,5826.0
ablation_no_zero_mask,1546,65,10,P10,65,3.5625e-05,-0.015758018009364605,5707.0,5707.0,7.416137218475342,0.5013952255249023,7.917532444000244,5547.0,5966.815384615385
ablation_no_zero_mask,1547,65,11,P11,65,3.5583333333333335e-05,-0.004947781446389854,11549.0,11434.0,14.591148138046265,0.9766199588775635,15.567768096923828,11434.0,11937.446153846155
ablation_no_zero_mask,1548,65,12,P12,65,3.554166666666667e-05,-0.000777798128183349,12037.0,11957.0,17.54866313934326,1.2104783058166504,18.759141445159912,11720.0,12673.23076923077
ablation_no_zero_mask,1549,65,13,P13,65,3.55e-05,0.002075918957416434,19871.0,19749.0,44.40000629425049,3.304183006286621,47.70418930053711,19587.0,21481.723076923077
ablation_no_zero_mask,1550,65,14,P14,65,3.545833333333334e-05,0.0006385920091815933,22380.0,21973.0,44.70556449890137,3.3679707050323486,48.073535203933716,21784.0,23603.553846153845
ablation_no_zero_mask,1551,65,15,P15,65,3.541666666666666e-05,-0.002952363865915686,20279.0,20371.0,44.885143756866455,3.3998889923095703,48.285032749176025,20073.0,21563.33846153846
ablation_no_zero_mask,1552,65,16,P16,65,3.5375e-05,-0.0028306175081525,20548.0,20418.0,56.75669050216675,4.340186595916748,61.096877098083496,20276.0,21475.846153846152
ablation_no_zero_mask,1553,65,17,P17,65,3.533333333333334e-05,-0.0015069419634528459,21164.0,21004.0,56.614705085754395,4.294176816940308,60.9088819026947,20793.0,22292.415384615386
ablation_no_zero_mask,1554,65,18,P18,65,3.5291666666666666e-05,-0.0013773509141174144,20511.0,20326.0,51.19726490974426,3.8873260021209717,55.084590911865234,20206.0,21488.492307692308
ablation_no_zero_mask,1555,65,19,P19,65,3.525e-05,0.0006119813460827572,22947.0,22864.0,54.88084888458252,4.55851149559021,59.43936038017273,22792.0,24214.723076923077
ablation_no_zero_mask,1556,65,20,P20,65,3.520833333333333e-05,-5.450318458315451e-05,22775.0,22537.0,58.24885582923889,4.572854042053223,62.821709871292114,22425.0,23677.707692307693
ablation_no_zero_mask,1557,65,21,P21,65,3.516666666666667e-05,-0.0015959059062879532,23832.0,23506.0,62.59746432304382,4.965028524398804,67.56249284744263,23416.0,25043.6
ablation_no_zero_mask,1558,65,22,P22,65,3.5125e-05,-0.0011739738365577068,23240.0,23122.0,61.13168454170227,5.038930177688599,66.17061471939087,23112.0,24265.89230769231
ablation_no_zero_mask,1559,65,23,P23,65,3.508333333333334e-05,0.0001421424116675293,32031.0,31788.0,84.2699613571167,6.484901189804077,90.75486254692078,31687.0,33822.89230769231
ablation_no_zero_mask,1560,65,24,P24,65,3.5041666666666674e-05,-0.003868929692544043,23700.0,23840.0,55.326539516448975,4.628945350646973,59.95548486709595,23677.0,25082.615384615383
ablation_no_zero_mask,1561,66,1,P1,66,3.5e-05,0.017036468256264925,6520.0,6403.0,12.189979314804077,0.8257222175598145,13.015701532363892,6336.0,6722.818181818182
ablation_no_zero_mask,1562,66,2,P2,66,3.495833333333334e-05,-0.010771431028842926,8550.0,8555.0,15.6094970703125,1.0394837856292725,16.648980855941772,8533.0,8914.09090909091
ablation_no_zero_mask,1563,66,3,P3,66,3.4916666666666664e-05,0.003777807010919787,6400.0,6644.0,11.074646472930908,0.7738552093505859,11.848501682281494,6055.0,6781.560606060606
ablation_no_zero_mask,1564,66,4,P4,66,3.4875e-05,0.003296220034826547,3730.0,3688.0,8.703028917312622,0.5951521396636963,9.298181056976318,3665.0,3918.757575757576
ablation_no_zero_mask,1565,66,5,P5,66,3.483333333333334e-05,-0.007412843173369765,4272.0,4247.0,9.733526229858398,0.6553103923797607,10.38883662223816,4204.0,4509.439393939394
ablation_no_zero_mask,1566,66,6,P6,66,3.479166666666667e-05,0.001428682153346017,4132.0,4132.0,10.074618101119995,0.6720821857452393,10.746700286865234,4062.0,4367.5
ablation_no_zero_mask,1567,66,7,P7,66,3.4750000000000004e-05,-0.005296447401633486,5950.0,5910.0,14.857117176055908,0.9918844699859619,15.84900164604187,5910.0,6213.424242424242
ablation_no_zero_mask,1568,66,8,P8,66,3.4708333333333334e-05,-0.004431615641806275,5645.0,5685.0,12.911518096923828,0.873380184173584,13.784898281097412,5685.0,6105.439393939394
ablation_no_zero_mask,1569,66,9,P9,66,3.466666666666667e-05,0.017389933578670025,5420.0,5400.0,12.367014646530151,0.8013854026794434,13.168400049209595,5400.0,5819.545454545455
ablation_no_zero_mask,1570,66,10,P10,66,3.4624999999999995e-05,-0.004084368934854865,5616.0,5688.0,7.719123601913452,0.5269958972930908,8.246119499206543,5547.0,5962.590909090909
ablation_no_zero_mask,1571,66,11,P11,66,3.458333333333333e-05,-0.004888057359494269,11489.0,11434.0,15.012666940689087,1.0204017162322998,16.033068656921387,11434.0,11929.818181818182
ablation_no_zero_mask,1572,66,12,P12,66,3.4541666666666675e-05,-0.006659716891590506,11900.0,11872.0,18.167433977127075,1.2345881462097168,19.402022123336792,11720.0,12661.09090909091
ablation_no_zero_mask,1573,66,13,P13,66,3.45e-05,0.0053537953936029226,19895.0,19795.0,44.85661458969116,3.4293835163116455,48.28599810600281,19587.0,21456.166666666668
ablation_no_zero_mask,1574,66,14,P14,66,3.4458333333333335e-05,-0.001976267971258494,22284.0,22022.0,46.30542707443237,3.4143831729888916,49.719810247421265,21784.0,23579.590909090908
ablation_no_zero_mask,1575,66,15,P15,66,3.4416666666666665e-05,0.00018340716633247212,20354.0,20486.0,44.685094594955444,3.332916259765625,48.01801085472107,20073.0,21547.015151515152
ablation_no_zero_mask,1576,66,16,P16,66,3.4375e-05,-0.0015061021582368993,20590.0,20355.0,56.01203775405884,4.57819128036499,60.59022903442383,20276.0,21458.863636363636
ablation_no_zero_mask,1577,66,17,P17,66,3.433333333333334e-05,-0.0007244740652822656,20938.0,21075.0,56.071043729782104,4.311742782592773,60.38278651237488,20793.0,22273.969696969696
ablation_no_zero_mask,1578,66,18,P18,66,3.429166666666667e-05,-0.0007965020842675586,20502.0,20477.0,52.94239664077759,4.074539422988892,57.01693606376648,20206.0,21473.166666666668
ablation_no_zero_mask,1579,66,19,P19,66,3.4250000000000006e-05,6.444259997806512e-05,22970.0,23112.0,56.13060522079468,4.300206184387207,60.430811405181885,22792.0,24198.015151515152
ablation_no_zero_mask,1580,66,20,P20,66,3.420833333333333e-05,-0.0012762449518049835,22400.0,22554.0,58.99385619163513,4.61438250541687,63.608238697052,22425.0,23660.68181818182
ablation_no_zero_mask,1581,66,21,P21,66,3.4166666666666666e-05,2.2992594313109294e-05,23824.0,23677.0,62.88729810714722,4.894348859786987,67.7816469669342,23416.0,25022.89393939394
ablation_no_zero_mask,1582,66,22,P22,66,3.412500000000001e-05,-3.298979390820023e-05,23300.0,23223.0,62.70147943496704,4.980534553527832,67.68201398849487,23112.0,24250.090909090908
ablation_no_zero_mask,1583,66,23,P23,66,3.408333333333333e-05,0.0003489499488620952,32245.0,31813.0,84.79298520088196,6.616174697875977,91.40915989875793,31687.0,33792.43939393939
ablation_no_zero_mask,1584,66,24,P24,66,3.404166666666667e-05,-0.0019454678586043883,23777.0,23950.0,56.72277641296387,4.475750207901001,61.19852662086487,23677.0,25065.454545454544
ablation_no_zero_mask,1585,67,1,P1,67,3.4e-05,0.010276820627041161,6507.0,6637.0,12.491695165634155,0.8334472179412842,13.32514238357544,6336.0,6721.537313432836
ablation_no_zero_mask,1586,67,2,P2,67,3.3958333333333337e-05,-0.007507714617531747,8525.0,8686.0,15.82535433769226,1.108588695526123,16.933943033218384,8533.0,8910.686567164179
ablation_no_zero_mask,1587,67,3,P3,67,3.391666666666667e-05,0.010040949520771392,6514.0,6599.0,11.377844333648682,0.8161888122558594,12.194033145904541,6055.0,6778.835820895522
ablation_no_zero_mask,1588,67,4,P4,67,3.3875000000000003e-05,-0.0033538088900968432,3752.0,3676.0,8.837023496627808,0.6014301776885986,9.438453674316406,3665.0,3915.134328358209
ablation_no_zero_mask,1589,67,5,P5,67,3.383333333333334e-05,-0.005470581003464758,4348.0,4264.0,9.93934941291809,0.6700918674468994,10.60944128036499,4204.0,4505.776119402985
ablation_no_zero_mask,1590,67,6,P6,67,3.3791666666666664e-05,-0.004262156784534454,4122.0,4112.0,9.970916986465454,0.6559982299804688,10.626915216445923,4062.0,4363.686567164179
ablation_no_zero_mask,1591,67,7,P7,67,3.375000000000001e-05,-0.012812451226636767,5970.0,5970.0,14.646568775177002,0.9502871036529541,15.596855878829956,5910.0,6209.79104477612
ablation_no_zero_mask,1592,67,8,P8,67,3.370833333333333e-05,-0.002037967075011693,5720.0,5710.0,12.670851945877075,0.8448812961578369,13.515733242034912,5685.0,6099.537313432836
ablation_no_zero_mask,1593,67,9,P9,67,3.366666666666667e-05,0.003100620349869132,5430.0,5435.0,12.135608196258545,0.8098700046539307,12.945478200912476,5400.0,5813.805970149254
ablation_no_zero_mask,1594,67,10,P10,67,3.3625000000000004e-05,0.006646563881076872,5547.0,5704.0,7.442866086959839,0.5054097175598145,7.948275804519653,5547.0,5958.731343283582
ablation_no_zero_mask,1595,67,11,P11,67,3.3583333333333334e-05,0.0193528956733644,11434.0,11594.0,14.541160583496094,1.0071601867675781,15.548320770263672,11434.0,11924.805970149253
ablation_no_zero_mask,1596,67,12,P12,67,3.354166666666667e-05,-0.007335852133110166,12002.0,11997.0,17.890950202941895,1.1949918270111084,19.085942029953003,11720.0,12651.179104477613
ablation_no_zero_mask,1597,67,13,P13,67,3.35e-05,-0.0022496798701467924,20211.0,20191.0,44.64969563484192,3.31319522857666,47.96289086341858,19587.0,21437.283582089553
ablation_no_zero_mask,1598,67,14,P14,67,3.345833333333334e-05,0.0012132763067711494,22415.0,22413.0,44.47465705871582,3.394979476928711,47.86963653564453,21784.0,23562.17910447761
ablation_no_zero_mask,1599,67,15,P15,67,3.341666666666666e-05,0.0010781514515656454,20677.0,20580.0,45.53714108467102,3.491584539413452,49.02872562408447,20073.0,21532.582089552237
ablation_no_zero_mask,1600,67,16,P16,67,3.3375e-05,-0.0034106440609320996,20730.0,20877.0,56.31085133552551,4.2511560916900635,60.562007427215576,20276.0,21450.17910447761
ablation_no_zero_mask,1601,67,17,P17,67,3.333333333333334e-05,-0.0006099706479290035,21322.0,21133.0,56.234896183013916,4.313274383544922,60.54817056655884,20793.0,22256.940298507463
ablation_no_zero_mask,1602,67,18,P18,67,3.3291666666666665e-05,-0.0014510871449601836,20682.0,20772.0,51.23843741416931,3.9183762073516846,55.156813621520996,20206.0,21462.701492537315
ablation_no_zero_mask,1603,67,19,P19,67,3.325e-05,0.0005869903425264056,23391.0,23317.0,53.522079944610596,4.491927862167358,58.014007806777954,22792.0,24184.86567164179
ablation_no_zero_mask,1604,67,20,P20,67,3.320833333333333e-05,-0.0020017749338876456,22810.0,22771.0,58.07781982421875,4.551254749298096,62.629074573516846,22425.0,23647.402985074626
ablation_no_zero_mask,1605,67,21,P21,67,3.316666666666667e-05,-4.069371316290926e-05,24267.0,24093.0,62.73644495010376,5.017439365386963,67.75388431549072,23416.0,25009.014925373136
ablation_no_zero_mask,1606,67,22,P22,67,3.3125000000000006e-05,-0.0006506316422019154,23604.0,23748.0,62.20967698097229,4.882028818130493,67.09170579910278,23112.0,24242.597014925374
ablation_no_zero_mask,1607,67,23,P23,67,3.3083333333333336e-05,0.00020187579775665654,32767.0,32660.0,82.96688199043274,6.403322458267212,89.37020444869995,31687.0,33775.53731343283
ablation_no_zero_mask,1608,67,24,P24,67,3.304166666666667e-05,-0.0020176833495497704,24563.0,24425.0,54.542359590530396,4.59774923324585,59.140108823776245,23677.0,25055.89552238806
ablation_no_zero_mask,1609,68,1,P1,68,3.2999999999999996e-05,0.011470688041299582,6634.0,6647.0,12.426916360855103,0.8278422355651855,13.254758596420288,6336.0,6720.441176470588
ablation_no_zero_mask,1610,68,2,P2,68,3.295833333333333e-05,-0.007241595420055091,8695.0,8842.0,15.505183696746826,1.0169832706451416,16.522166967391968,8533.0,8909.676470588236
ablation_no_zero_mask,1611,68,3,P3,68,3.2916666666666676e-05,0.007021684097708203,6420.0,6526.0,11.17867398262024,0.7492973804473877,11.927971363067627,6055.0,6775.117647058823
ablation_no_zero_mask,1612,68,4,P4,68,3.2875e-05,-0.003004663100000471,3739.0,3720.0,8.725922107696533,0.5761024951934814,9.302024602890015,3665.0,3912.264705882353
ablation_no_zero_mask,1613,68,5,P5,68,3.2833333333333336e-05,-0.008140854071825743,4281.0,4304.0,9.484570503234863,0.6214678287506104,10.106038331985474,4204.0,4502.808823529412
ablation_no_zero_mask,1614,68,6,P6,68,3.2791666666666666e-05,0.0009729832818266004,4098.0,4107.0,9.76178789138794,0.6587152481079102,10.42050313949585,4062.0,4359.911764705882
ablation_no_zero_mask,1615,68,7,P7,68,3.275e-05,-0.0032114907226059586,6010.0,5970.0,14.677003145217896,0.9698033332824707,15.646806478500366,5910.0,6206.264705882353
ablation_no_zero_mask,1616,68,8,P8,68,3.2708333333333327e-05,-0.007659134222194552,5705.0,5730.0,12.750024557113647,0.8278152942657471,13.577839851379395,5685.0,6094.10294117647
ablation_no_zero_mask,1617,68,9,P9,68,3.266666666666667e-05,0.00407661391000147,5490.0,5435.0,11.991774320602417,0.7813796997070312,12.773154020309448,5400.0,5808.235294117647
ablation_no_zero_mask,1618,68,10,P10,68,3.262500000000001e-05,0.008521898416802287,5707.0,5720.0,7.573924541473389,0.5268418788909912,8.10076642036438,5547.0,5955.220588235294
ablation_no_zero_mask,1619,68,11,P11,68,3.258333333333333e-05,0.011438083951361477,11730.0,11434.0,14.691415548324585,1.0208311080932617,15.712246656417847,11434.0,11917.588235294117
ablation_no_zero_mask,1620,68,12,P12,68,3.254166666666667e-05,-0.011168456636369228,12037.0,11858.0,18.03778862953186,1.2264657020568848,19.264254331588745,11720.0,12639.514705882353
ablation_no_zero_mask,1621,68,13,P13,68,3.25e-05,0.003800775943091139,20620.0,20439.0,44.687968015670776,3.3323826789855957,48.02035069465637,19587.0,21422.602941176472
ablation_no_zero_mask,1622,68,14,P14,68,3.2458333333333334e-05,-0.003497111873002723,22743.0,22646.0,46.20470643043518,3.3517839908599854,49.556490421295166,21784.0,23548.70588235294
ablation_no_zero_mask,1623,68,15,P15,68,3.241666666666667e-05,0.004290505981771275,21127.0,20828.0,44.862407207489014,3.375614881515503,48.23802208900452,20073.0,21522.220588235294
ablation_no_zero_mask,1624,68,16,P16,68,3.2375e-05,-0.00881520789116621,21165.0,20904.0,54.81139326095581,4.429095983505249,59.24048924446106,20276.0,21442.147058823528
ablation_no_zero_mask,1625,68,17,P17,68,3.233333333333334e-05,-0.0018200181191787123,21868.0,21955.0,55.73812818527222,4.272408723831177,60.010536909103394,20793.0,22252.5
ablation_no_zero_mask,1626,68,18,P18,68,3.229166666666667e-05,-0.001836702466243878,21149.0,20785.0,52.02744746208191,3.9549899101257324,55.98243737220764,20206.0,21452.735294117647
ablation_no_zero_mask,1627,68,19,P19,68,3.2250000000000005e-05,0.000604790662509913,23453.0,23622.0,55.981138706207275,4.401850461959839,60.382989168167114,22792.0,24176.58823529412
ablation_no_zero_mask,1628,68,20,P20,68,3.220833333333334e-05,-0.0012712778083368904,23109.0,22941.0,59.931628704071045,4.791886806488037,64.72351551055908,22425.0,23637.014705882353
ablation_no_zero_mask,1629,68,21,P21,68,3.2166666666666665e-05,0.0012174420786323025,24618.0,24383.0,62.52517628669739,4.857445001602173,67.38262128829956,23416.0,24999.808823529413
ablation_no_zero_mask,1630,68,22,P22,68,3.212500000000001e-05,-0.0008239818780566566,23908.0,23683.0,60.27116394042969,5.172506093978882,65.44367003440857,23112.0,24234.367647058825
ablation_no_zero_mask,1631,68,23,P23,68,3.208333333333333e-05,0.00021828116060922703,33375.0,32823.0,83.82234144210815,6.659848213195801,90.48218965530396,31687.0,33761.529411764706
ablation_no_zero_mask,1632,68,24,P24,68,3.204166666666667e-05,-0.0004038308805320412,24686.0,24463.0,56.5158474445343,4.496652603149414,61.012500047683716,23677.0,25047.176470588234
ablation_no_zero_mask,1633,69,1,P1,69,3.2e-05,0.017043615225702524,6718.0,6637.0,12.706076860427856,0.8418605327606201,13.547937393188477,6336.0,6719.231884057971
ablation_no_zero_mask,1634,69,2,P2,69,3.1958333333333335e-05,-0.011011546710506082,8651.0,8725.0,15.965598344802856,1.0708870887756348,17.03648543357849,8533.0,8907.0
ablation_no_zero_mask,1635,69,3,P3,69,3.191666666666667e-05,-0.002176998521463247,6443.0,6430.0,11.349892139434814,0.7740805149078369,12.123972654342651,6055.0,6770.115942028986
ablation_no_zero_mask,1636,69,4,P4,69,3.1875e-05,0.0037944712094031274,3746.0,3720.0,8.834634780883789,0.5955548286437988,9.430189609527588,3665.0,3909.478260869565
ablation_no_zero_mask,1637,69,5,P5,69,3.183333333333334e-05,0.005696793436072767,4346.0,4348.0,10.156744718551636,0.6420795917510986,10.798824310302734,4204.0,4500.565217391304
ablation_no_zero_mask,1638,69,6,P6,69,3.179166666666666e-05,-0.00301082048099488,4102.0,4122.0,10.366395235061646,0.6818411350250244,11.04823637008667,4062.0,4356.463768115942
ablation_no_zero_mask,1639,69,7,P7,69,3.175e-05,-0.01019291765987873,5943.0,5935.0,15.021512269973755,0.9976027011871338,16.01911497116089,5910.0,6202.333333333333
ablation_no_zero_mask,1640,69,8,P8,69,3.170833333333334e-05,-0.005451645469292998,5730.0,5700.0,13.062642574310303,0.875769853591919,13.938412427902222,5685.0,6088.391304347826
ablation_no_zero_mask,1641,69,9,P9,69,3.1666666666666666e-05,0.014652224374003708,5520.0,5498.0,12.463120698928833,0.8033206462860107,13.266441345214844,5400.0,5803.739130434783
ablation_no_zero_mask,1642,69,10,P10,69,3.1625e-05,0.005396074382588267,5770.0,5753.0,7.542018413543701,0.519000768661499,8.0610191822052,5547.0,5952.289855072464
ablation_no_zero_mask,1643,69,11,P11,69,3.158333333333333e-05,-0.004548486263956875,11594.0,11594.0,14.837647199630737,0.998246431350708,15.835893630981445,11434.0,11912.898550724638
ablation_no_zero_mask,1644,69,12,P12,69,3.154166666666667e-05,-0.0033707586699165404,12038.0,11957.0,17.493341207504272,1.1747052669525146,18.668046474456787,11720.0,12629.623188405798
ablation_no_zero_mask,1645,69,13,P13,69,3.149999999999999e-05,0.005524479114683345,20287.0,20175.0,44.49090838432312,3.4443325996398926,47.93524098396301,19587.0,21404.521739130436
ablation_no_zero_mask,1646,69,14,P14,69,3.145833333333334e-05,-0.0031871049432083964,22400.0,22539.0,45.270119190216064,3.4275434017181396,48.697662591934204,21784.0,23534.072463768116
ablation_no_zero_mask,1647,69,15,P15,69,3.1416666666666674e-05,0.0023786816163919866,20743.0,20559.0,45.137728214263916,3.432563543319702,48.57029175758362,20073.0,21508.260869565216
ablation_no_zero_mask,1648,69,16,P16,69,3.1375e-05,-0.0076310745207592845,20709.0,20553.0,55.110870599746704,4.316710710525513,59.42758131027222,20276.0,21429.260869565216
ablation_no_zero_mask,1649,69,17,P17,69,3.1333333333333334e-05,-0.0008013734812266193,21424.0,21411.0,56.23013138771057,4.421470880508423,60.651602268218994,20793.0,22240.304347826088
ablation_no_zero_mask,1650,69,18,P18,69,3.1291666666666664e-05,0.0002289419982844265,20964.0,20700.0,52.89759111404419,3.9486725330352783,56.84626364707947,20206.0,21441.82608695652
ablation_no_zero_mask,1651,69,19,P19,69,3.125e-05,-2.45144137807074e-05,23157.0,23313.0,53.827046155929565,4.414269208908081,58.24131536483765,22792.0,24164.072463768116
ablation_no_zero_mask,1652,69,20,P20,69,3.120833333333334e-05,-0.0006241628578209201,22803.0,22864.0,59.145421504974365,4.673149347305298,63.81857085227966,22425.0,23625.8115942029
ablation_no_zero_mask,1653,69,21,P21,69,3.116666666666667e-05,0.00015872498915996401,23982.0,23723.0,62.46137261390686,4.914789915084839,67.3761625289917,23416.0,24981.304347826088
ablation_no_zero_mask,1654,69,22,P22,69,3.1125000000000004e-05,-0.0011844961862152558,23456.0,23218.0,61.979193687438965,4.99833869934082,66.97753238677979,23112.0,24219.63768115942
ablation_no_zero_mask,1655,69,23,P23,69,3.108333333333333e-05,0.00022480442450094934,32243.0,32043.0,84.65171241760254,6.632021188735962,91.2837336063385,31687.0,33736.6231884058
ablation_no_zero_mask,1656,69,24,P24,69,3.104166666666667e-05,0.00015170404622040224,24186.0,23846.0,54.891295433044434,4.35509991645813,59.24639534950256,23677.0,25029.768115942028
ablation_no_zero_mask,1657,70,1,P1,70,3.100000000000001e-05,0.018557816045358777,6605.0,6540.0,12.34589409828186,0.8701620101928711,13.216056108474731,6336.0,6716.671428571429
ablation_no_zero_mask,1658,70,2,P2,70,3.095833333333333e-05,-0.008973195974249393,8564.0,8647.0,16.157589435577393,1.1128499507904053,17.270439386367798,8533.0,8903.285714285714
ablation_no_zero_mask,1659,70,3,P3,70,3.091666666666667e-05,0.016404783818870783,6664.0,6527.0,11.494667530059814,0.8147568702697754,12.30942440032959,6055.0,6766.642857142857
ablation_no_zero_mask,1660,70,4,P4,70,3.0875e-05,-0.014978503808379173,3728.0,3698.0,9.07581639289856,0.5809485912322998,9.65676498413086,3665.0,3906.457142857143
ablation_no_zero_mask,1661,70,5,P5,70,3.0833333333333335e-05,-0.02052640449255705,4291.0,4236.0,9.626767873764038,0.6397073268890381,10.266475200653076,4204.0,4496.785714285715
ablation_no_zero_mask,1662,70,6,P6,70,3.0791666666666665e-05,-0.004474450019188225,4128.0,4122.0,10.083671808242798,0.6790163516998291,10.762688159942627,4062.0,4353.114285714286
ablation_no_zero_mask,1663,70,7,P7,70,3.075e-05,-0.011299896170385182,5860.0,5850.0,14.67031478881836,0.9584043025970459,15.628719091415405,5850.0,6197.3
ablation_no_zero_mask,1664,70,8,P8,70,3.070833333333334e-05,0.015000005019828677,5704.0,5744.0,13.103964567184448,0.8784911632537842,13.982455730438232,5685.0,6083.471428571429
ablation_no_zero_mask,1665,70,9,P9,70,3.066666666666667e-05,0.006042109278496355,5520.0,5505.0,12.24515676498413,0.8025553226470947,13.047712087631226,5400.0,5799.471428571429
ablation_no_zero_mask,1666,70,10,P10,70,3.0625000000000006e-05,0.004386274144053459,5707.0,5670.0,7.569063901901245,0.5232183933258057,8.09228229522705,5547.0,5948.257142857143
ablation_no_zero_mask,1667,70,11,P11,70,3.058333333333333e-05,0.008778524002991617,11594.0,11434.0,14.689011573791504,1.0178816318511963,15.7068932056427,11434.0,11906.057142857142
ablation_no_zero_mask,1668,70,12,P12,70,3.0541666666666666e-05,-0.0048333603190258145,12147.0,11957.0,17.681344985961914,1.227121114730835,18.90846610069275,11720.0,12620.014285714286
ablation_no_zero_mask,1669,70,13,P13,70,3.0500000000000006e-05,-0.006815701286541298,19969.0,20188.0,44.6142954826355,3.3568074703216553,47.97110295295715,19587.0,21387.14285714286
ablation_no_zero_mask,1670,70,14,P14,70,3.0458333333333333e-05,0.003948844663682394,22354.0,22320.0,45.214298486709595,3.579986810684204,48.7942852973938,21784.0,23516.72857142857
ablation_no_zero_mask,1671,70,15,P15,70,3.041666666666667e-05,-0.0011788145093305502,20726.0,20382.0,45.69958281517029,3.373940944671631,49.07352375984192,20073.0,21492.17142857143
ablation_no_zero_mask,1672,70,16,P16,70,3.0374999999999996e-05,-0.005890636448748409,20779.0,20520.0,54.447185754776,4.249026536941528,58.69621229171753,20276.0,21416.27142857143
ablation_no_zero_mask,1673,70,17,P17,70,3.0333333333333337e-05,-0.0005304141115630046,21199.0,21270.0,56.59234690666199,4.452707052230835,61.04505395889282,20793.0,22226.442857142858
ablation_no_zero_mask,1674,70,18,P18,70,3.0291666666666663e-05,-0.0007784385905324597,20508.0,20471.0,51.9352548122406,3.9863204956054688,55.92157530784607,20206.0,21427.957142857143
ablation_no_zero_mask,1675,70,19,P19,70,3.025e-05,-8.64329318574164e-05,23084.0,23036.0,55.13274621963501,4.3548150062561035,59.48756122589111,22792.0,24147.957142857143
ablation_no_zero_mask,1676,70,20,P20,70,3.0208333333333337e-05,5.8273619288229384e-05,22585.0,22718.0,59.02188730239868,4.617557048797607,63.63944435119629,22425.0,23612.842857142856
ablation_no_zero_mask,1677,70,21,P21,70,3.0166666666666667e-05,-0.0013664195786986966,23557.0,23596.0,63.70439076423645,4.800544500350952,68.5049352645874,23416.0,24961.514285714286
ablation_no_zero_mask,1678,70,22,P22,70,3.0125000000000004e-05,0.00048652948171366004,23198.0,23181.0,60.325350522994995,5.0452775955200195,65.37062811851501,23112.0,24204.8
ablation_no_zero_mask,1679,70,23,P23,70,3.008333333333333e-05,0.0003712782661620752,31934.0,31837.0,83.40351748466492,6.600458383560181,90.0039758682251,31687.0,33709.485714285714
ablation_no_zero_mask,1680,70,24,P24,70,3.0041666666666667e-05,-0.0010122228326508776,23813.0,23826.0,54.798319816589355,4.376273155212402,59.17459297180176,23677.0,25012.571428571428
ablation_no_zero_mask,1681,71,1,P1,71,3.0000000000000008e-05,0.027177318232133985,6648.0,6403.0,12.197373867034912,0.8352677822113037,13.032641649246216,6336.0,6712.2535211267605
ablation_no_zero_mask,1682,71,2,P2,71,2.9958333333333334e-05,-0.014075649669393897,8386.0,8666.0,15.851194143295288,1.0801682472229004,16.93136239051819,8533.0,8899.94366197183
ablation_no_zero_mask,1683,71,3,P3,71,2.991666666666667e-05,0.004516880580922589,6426.0,6406.0,11.439655542373657,0.7787809371948242,12.218436479568481,6055.0,6761.56338028169
ablation_no_zero_mask,1684,71,4,P4,71,2.9874999999999998e-05,-0.001456650672480464,3741.0,3708.0,8.809816122055054,0.5972194671630859,9.40703558921814,3665.0,3903.6619718309857
ablation_no_zero_mask,1685,71,5,P5,71,2.9833333333333335e-05,-0.011358275078237057,4291.0,4246.0,9.726847171783447,0.6471071243286133,10.37395429611206,4204.0,4493.2535211267605
ablation_no_zero_mask,1686,71,6,P6,71,2.9791666666666675e-05,-0.005498751648701727,4098.0,4112.0,10.051745414733887,0.6627941131591797,10.714539527893066,4062.0,4349.718309859155
ablation_no_zero_mask,1687,71,7,P7,71,2.975e-05,-0.010914585669524968,5950.0,5900.0,14.79209589958191,1.020831823348999,15.812927722930908,5850.0,6193.112676056338
ablation_no_zero_mask,1688,71,8,P8,71,2.9708333333333338e-05,0.008219285344239324,5785.0,5824.0,13.43838095664978,0.8956758975982666,14.334056854248047,5685.0,6079.816901408451
ablation_no_zero_mask,1689,71,9,P9,71,2.9666666666666665e-05,-0.0012015348511340562,5500.0,5552.0,12.420091152191162,0.7945523262023926,13.214643478393555,5400.0,5795.985915492958
ablation_no_zero_mask,1690,71,10,P10,71,2.9625000000000002e-05,0.005077748675830662,5647.0,5750.0,7.558870315551758,0.5166494846343994,8.075519800186157,5547.0,5945.4647887323945
ablation_no_zero_mask,1691,71,11,P11,71,2.958333333333333e-05,0.013601768296211958,11649.0,11594.0,14.822633743286133,1.030806541442871,15.853440284729004,11434.0,11901.661971830987
ablation_no_zero_mask,1692,71,12,P12,71,2.954166666666667e-05,-0.004680524114519358,11932.0,11942.0,17.577651023864746,1.2032499313354492,18.780900955200195,11720.0,12610.464788732394
ablation_no_zero_mask,1693,71,13,P13,71,2.9500000000000006e-05,-0.005999751505441964,20308.0,20067.0,43.45685839653015,3.474763870239258,46.93162226676941,19587.0,21368.549295774646
ablation_no_zero_mask,1694,71,14,P14,71,2.9458333333333332e-05,0.00028541393749037525,22100.0,22339.0,45.12944412231445,3.580785036087036,48.71022915840149,21784.0,23500.140845070422
ablation_no_zero_mask,1695,71,15,P15,71,2.941666666666667e-05,0.0011833644202852156,20634.0,20440.0,45.325382471084595,3.475707769393921,48.801090240478516,20073.0,21477.352112676057
ablation_no_zero_mask,1696,71,16,P16,71,2.9374999999999996e-05,-0.007830008282326162,20609.0,20567.0,55.7947051525116,4.31201171875,60.1067168712616,20276.0,21404.309859154928
ablation_no_zero_mask,1697,71,17,P17,71,2.9333333333333336e-05,0.0015550236945273354,21169.0,21123.0,56.21599292755127,4.317164421081543,60.53315734863281,20793.0,22210.901408450703
ablation_no_zero_mask,1698,71,18,P18,71,2.9291666666666673e-05,-0.00019203663296138985,20410.0,20555.0,52.744933128356934,3.9573779106140137,56.70231103897095,20206.0,21415.661971830985
ablation_no_zero_mask,1699,71,19,P19,71,2.925e-05,0.0016307364698150196,23343.0,23322.0,53.5994553565979,4.167241096496582,57.76669645309448,22792.0,24136.323943661973
ablation_no_zero_mask,1700,71,20,P20,71,2.9208333333333336e-05,-0.0019148987834341825,22608.0,22793.0,58.9256477355957,4.958104133605957,63.88375186920166,22425.0,23601.295774647886
ablation_no_zero_mask,1701,71,21,P21,71,2.9166666666666663e-05,0.0006674046213447582,23688.0,23713.0,62.841063261032104,4.9399402141571045,67.78100347518921,23416.0,24943.929577464787
ablation_no_zero_mask,1702,71,22,P22,71,2.9125000000000003e-05,-0.0003954838566642138,23376.0,23267.0,61.53851127624512,4.880647420883179,66.4191586971283,23112.0,24191.591549295776
ablation_no_zero_mask,1703,71,23,P23,71,2.908333333333334e-05,1.500778496067921e-05,32003.0,32060.0,83.97849655151367,6.843376398086548,90.82187294960022,31687.0,33686.25352112676
ablation_no_zero_mask,1704,71,24,P24,71,2.9041666666666667e-05,-0.0011390972060326022,24075.0,24115.0,54.42182898521423,4.334794521331787,58.75662350654602,23677.0,24999.929577464787
ablation_no_zero_mask,1705,72,1,P1,72,2.9000000000000004e-05,0.0220411226619035,6525.0,6403.0,11.872476816177368,0.7925095558166504,12.664986371994019,6336.0,6707.958333333333
ablation_no_zero_mask,1706,72,2,P2,72,2.895833333333333e-05,-0.0027720288635464385,8646.0,8695.0,15.124428272247314,1.029991626739502,16.154419898986816,8533.0,8897.097222222223
ablation_no_zero_mask,1707,72,3,P3,72,2.891666666666667e-05,0.002196440371335484,6523.0,6507.0,11.506003856658936,0.7354202270507812,12.241424083709717,6055.0,6758.027777777777
ablation_no_zero_mask,1708,72,4,P4,72,2.8874999999999997e-05,0.0011473314661998302,3743.0,3717.0,8.74936580657959,0.6346182823181152,9.383984088897705,3665.0,3901.0694444444443
ablation_no_zero_mask,1709,72,5,P5,72,2.8833333333333334e-05,-0.016812298446893692,4237.0,4228.0,9.757855653762817,0.6458926200866699,10.403748273849487,4204.0,4489.569444444444
ablation_no_zero_mask,1710,72,6,P6,72,2.879166666666667e-05,-0.010744255501776934,4062.0,4046.0,10.232011556625366,0.6600377559661865,10.892049312591553,4046.0,4345.5
ablation_no_zero_mask,1711,72,7,P7,72,2.8749999999999997e-05,-0.0031531900458503515,5890.0,5880.0,14.787221193313599,0.9562797546386719,15.74350094795227,5850.0,6188.763888888889
ablation_no_zero_mask,1712,72,8,P8,72,2.8708333333333338e-05,0.011313630500808358,5780.0,5750.0,12.609426975250244,0.8564515113830566,13.4658784866333,5685.0,6075.236111111111
ablation_no_zero_mask,1713,72,9,P9,72,2.8666666666666664e-05,-0.002736881113378331,5555.0,5512.0,11.976110696792603,0.7981958389282227,12.774306535720825,5400.0,5792.041666666667
ablation_no_zero_mask,1714,72,10,P10,72,2.8625e-05,0.0069407683331519365,5720.0,5707.0,7.543970108032227,0.5245449542999268,8.068515062332153,5547.0,5942.152777777777
ablation_no_zero_mask,1715,72,11,P11,72,2.8583333333333338e-05,-0.00012844106458942406,11434.0,11594.0,14.970797300338745,1.0242552757263184,15.995052576065063,11434.0,11897.388888888889
ablation_no_zero_mask,1716,72,12,P12,72,2.8541666666666668e-05,0.0005616316789200937,12012.0,11812.0,17.693575382232666,1.2190124988555908,18.912587881088257,11720.0,12599.375
ablation_no_zero_mask,1717,72,13,P13,72,2.8500000000000005e-05,-0.002159841409593355,19945.0,19907.0,44.41223740577698,3.3472156524658203,47.7594530582428,19587.0,21348.25
ablation_no_zero_mask,1718,72,14,P14,72,2.845833333333333e-05,0.00027618923650152283,22131.0,22094.0,45.34686589241028,3.3469138145446777,48.693779706954956,21784.0,23480.61111111111
ablation_no_zero_mask,1719,72,15,P15,72,2.841666666666667e-05,0.00039765056180840475,20280.0,20361.0,46.39604187011719,3.401862621307373,49.79790449142456,20073.0,21461.847222222223
ablation_no_zero_mask,1720,72,16,P16,72,2.8374999999999995e-05,-0.0058811928378418084,20522.0,20333.0,54.89610147476196,4.175993204116821,59.072094678878784,20276.0,21389.430555555555
ablation_no_zero_mask,1721,72,17,P17,72,2.8333333333333335e-05,0.00016584882032475435,20976.0,21032.0,54.94239354133606,4.5586018562316895,59.50099539756775,20793.0,22194.527777777777
ablation_no_zero_mask,1722,72,18,P18,72,2.8291666666666672e-05,0.0008623222160167643,20455.0,20340.0,52.28116202354431,3.9945411682128906,56.2757031917572,20206.0,21400.722222222223
ablation_no_zero_mask,1723,72,19,P19,72,2.825e-05,0.0018326651013921946,23356.0,23065.0,54.25905799865723,4.222928524017334,58.48198652267456,22792.0,24121.444444444445
ablation_no_zero_mask,1724,72,20,P20,72,2.8208333333333336e-05,-0.0033168107271194457,22607.0,22653.0,58.30881428718567,4.550681829452515,62.859496116638184,22425.0,23588.125
ablation_no_zero_mask,1725,72,21,P21,72,2.8166666666666662e-05,0.0003583660265576327,23761.0,23343.0,63.775604009628296,4.917776823043823,68.69338083267212,23343.0,24921.694444444445
ablation_no_zero_mask,1726,72,22,P22,72,2.8125000000000003e-05,-0.0007620409529408789,23020.0,23202.0,61.54500484466553,4.822367191314697,66.36737203598022,23112.0,24177.847222222223
ablation_no_zero_mask,1727,72,23,P23,72,2.808333333333334e-05,0.00038965287291960394,31719.0,31713.0,82.92796349525452,6.52128267288208,89.4492461681366,31687.0,33658.84722222222
ablation_no_zero_mask,1728,72,24,P24,72,2.8041666666666666e-05,-0.002396485616918653,23760.0,23767.0,56.01798415184021,4.395829200744629,60.41381335258484,23677.0,24982.805555555555
ablation_no_zero_mask,1729,73,1,P1,73,2.8000000000000003e-05,0.01454118441324681,6409.0,6399.0,12.257346391677856,0.8240437507629395,13.081390142440796,6336.0,6703.726027397261
ablation_no_zero_mask,1730,73,2,P2,73,2.795833333333333e-05,0.002291175856953487,8483.0,8412.0,15.75701117515564,1.0701961517333984,16.827207326889038,8412.0,8890.452054794521
ablation_no_zero_mask,1731,73,3,P3,73,2.791666666666667e-05,-0.005040695155912545,6376.0,6619.0,11.389544248580933,0.761760950088501,12.151305198669434,6055.0,6756.123287671233
ablation_no_zero_mask,1732,73,4,P4,73,2.7875000000000007e-05,0.0007312417728826404,3678.0,3702.0,9.031288146972656,0.6067652702331543,9.63805341720581,3665.0,3898.3424657534247
ablation_no_zero_mask,1733,73,5,P5,73,2.7833333333333333e-05,-0.007242465973831713,4207.0,4228.0,9.696027994155884,0.6517364978790283,10.347764492034912,4204.0,4485.986301369863
ablation_no_zero_mask,1734,73,6,P6,73,2.779166666666667e-05,-0.0007714065577602014,4037.0,4061.0,10.304667949676514,0.6801033020019531,10.984771251678467,4046.0,4341.602739726028
ablation_no_zero_mask,1735,73,7,P7,73,2.7749999999999997e-05,0.005840909492690116,5830.0,5830.0,14.594292402267456,0.9572532176971436,15.5515456199646,5830.0,6183.8493150684935
ablation_no_zero_mask,1736,73,8,P8,73,2.7708333333333337e-05,-0.002925745939137414,5720.0,5768.0,12.922376155853271,0.8817093372344971,13.804085493087769,5685.0,6071.027397260274
ablation_no_zero_mask,1737,73,9,P9,73,2.7666666666666664e-05,0.009039297816343606,5526.0,5515.0,12.485548973083496,0.8735411167144775,13.359090089797974,5400.0,5788.246575342466
ablation_no_zero_mask,1738,73,10,P10,73,2.7625e-05,-0.00940601504407823,5531.0,5562.0,7.8499979972839355,0.5332663059234619,8.383264303207397,5547.0,5936.945205479452
ablation_no_zero_mask,1739,73,11,P11,73,2.7583333333333337e-05,-0.002218227935372852,11594.0,11594.0,15.122456073760986,0.9946279525756836,16.11708402633667,11434.0,11893.232876712329
ablation_no_zero_mask,1740,73,12,P12,73,2.7541666666666664e-05,-0.00015840527976251906,11812.0,11772.0,17.63919496536255,1.2272109985351562,18.866405963897705,11720.0,12588.04109589041
ablation_no_zero_mask,1741,73,13,P13,73,2.7500000000000004e-05,0.007418535853503272,19747.0,19669.0,43.42778468132019,3.209686040878296,46.637470722198486,19587.0,21325.246575342466
ablation_no_zero_mask,1742,73,14,P14,73,2.745833333333333e-05,-0.0028916125302203,21921.0,21838.0,44.34317684173584,3.6316068172454834,47.97478365898132,21784.0,23458.109589041094
ablation_no_zero_mask,1743,73,15,P15,73,2.7416666666666668e-05,0.0010602156062304857,20179.0,20095.0,45.4960994720459,3.412142276763916,48.908241748809814,20073.0,21443.12328767123
ablation_no_zero_mask,1744,73,16,P16,73,2.7375000000000005e-05,-0.006399200460873544,20422.0,20234.0,55.33686280250549,4.250094890594482,59.586957693099976,20234.0,21373.602739726026
ablation_no_zero_mask,1745,73,17,P17,73,2.733333333333333e-05,-4.5553979725809766e-05,20918.0,20954.0,56.23755431175232,4.3197972774505615,60.55735158920288,20793.0,22177.534246575342
ablation_no_zero_mask,1746,73,18,P18,73,2.729166666666667e-05,0.0007509716466302052,20360.0,20526.0,52.68689846992493,4.178377866744995,56.86527633666992,20206.0,21388.739726027397
ablation_no_zero_mask,1747,73,19,P19,73,2.7249999999999998e-05,0.004416324314661324,23203.0,23120.0,54.79277300834656,4.2138895988464355,59.00666260719299,22792.0,24107.72602739726
ablation_no_zero_mask,1748,73,20,P20,73,2.7208333333333335e-05,-0.002402300399262458,22826.0,22729.0,57.55773997306824,4.70866847038269,62.26640844345093,22425.0,23576.35616438356
ablation_no_zero_mask,1749,73,21,P21,73,2.7166666666666662e-05,-0.0010031721983978059,23685.0,23534.0,63.4856014251709,5.044787406921387,68.53038883209229,23343.0,24902.68493150685
ablation_no_zero_mask,1750,73,22,P22,73,2.7125000000000002e-05,0.0014380026681465098,23292.0,23106.0,62.04415988922119,4.890014410018921,66.93417429924011,23106.0,24163.164383561645
ablation_no_zero_mask,1751,73,23,P23,73,2.708333333333334e-05,-0.0011508786155900452,31878.0,31954.0,82.61111664772034,6.787922382354736,89.39903903007507,31687.0,33635.49315068493
ablation_no_zero_mask,1752,73,24,P24,73,2.7041666666666666e-05,-0.0029384948895312844,23933.0,23829.0,55.98192048072815,4.398844480514526,60.380764961242676,23677.0,24967.0
ablation_no_zero_mask,1753,74,1,P1,74,2.7000000000000002e-05,0.011583346233237535,6392.0,6336.0,12.046733379364014,0.8049545288085938,12.851687908172607,6336.0,6698.756756756757
ablation_no_zero_mask,1754,74,2,P2,74,2.695833333333333e-05,-0.004374507145257667,8415.0,8447.0,15.234166383743286,1.0471627712249756,16.28132915496826,8412.0,8884.45945945946
ablation_no_zero_mask,1755,74,3,P3,74,2.691666666666667e-05,0.012718078098259866,6524.0,6718.0,10.997715711593628,0.7599496841430664,11.757665395736694,6055.0,6755.608108108108
ablation_no_zero_mask,1756,74,4,P4,74,2.6875000000000006e-05,-0.01029746956191957,3678.0,3694.0,8.629207134246826,0.5707671642303467,9.199974298477173,3665.0,3895.5810810810813
ablation_no_zero_mask,1757,74,5,P5,74,2.6833333333333333e-05,-0.005633623222820461,4280.0,4218.0,9.857341766357422,0.658010721206665,10.515352487564087,4204.0,4482.364864864865
ablation_no_zero_mask,1758,74,6,P6,74,2.679166666666667e-05,-0.006441310863010585,4046.0,4041.0,10.002585649490356,0.6718192100524902,10.674404859542847,4041.0,4337.540540540541
ablation_no_zero_mask,1759,74,7,P7,74,2.6749999999999996e-05,-0.007705210882704705,5805.0,5810.0,14.623290300369263,0.9359233379364014,15.559213638305664,5810.0,6178.7972972972975
ablation_no_zero_mask,1760,74,8,P8,74,2.6708333333333337e-05,0.0017086379648389993,5690.0,5700.0,12.805340766906738,0.8453104496002197,13.650651216506958,5685.0,6066.013513513513
ablation_no_zero_mask,1761,74,9,P9,74,2.6666666666666673e-05,0.0009761032179085305,5413.0,5441.0,12.536390781402588,0.8105471134185791,13.346937894821167,5400.0,5783.554054054054
ablation_no_zero_mask,1762,74,10,P10,74,2.6625e-05,-0.0012528520601335913,5541.0,5628.0,7.533233642578125,0.5370652675628662,8.070298910140991,5547.0,5932.77027027027
ablation_no_zero_mask,1763,74,11,P11,74,2.6583333333333337e-05,0.0029593421786557883,11694.0,11594.0,14.59046483039856,0.9954044818878174,15.585869312286377,11434.0,11889.18918918919
ablation_no_zero_mask,1764,74,12,P12,74,2.6541666666666664e-05,-0.005987398675642908,11772.0,11772.0,17.69304394721985,1.21394944190979,18.90699338912964,11720.0,12577.013513513513
ablation_no_zero_mask,1765,74,13,P13,74,2.6500000000000004e-05,-0.0006549067411469878,19759.0,19778.0,45.224045515060425,3.4126243591308594,48.636669874191284,19587.0,21304.337837837837
ablation_no_zero_mask,1766,74,14,P14,74,2.645833333333333e-05,0.002486790603143163,22087.0,21818.0,46.02885389328003,3.4326376914978027,49.46149158477783,21784.0,23435.945945945947
ablation_no_zero_mask,1767,74,15,P15,74,2.6416666666666667e-05,-0.004353874202934094,20385.0,20235.0,46.39028215408325,3.6285414695739746,50.01882362365723,20073.0,21426.797297297297
ablation_no_zero_mask,1768,74,16,P16,74,2.6375000000000004e-05,-0.00450347027508542,20305.0,20278.0,56.15238165855408,4.235249757766724,60.3876314163208,20234.0,21358.797297297297
ablation_no_zero_mask,1769,74,17,P17,74,2.633333333333333e-05,-0.00016661752779327798,21062.0,20853.0,55.42961573600769,4.384754657745361,59.81437039375305,20793.0,22159.635135135137
ablation_no_zero_mask,1770,74,18,P18,74,2.629166666666667e-05,-0.00016265202611975837,20313.0,20425.0,52.05127573013306,3.966916799545288,56.018192529678345,20206.0,21375.716216216217
ablation_no_zero_mask,1771,74,19,P19,74,2.6249999999999998e-05,0.004059867828618735,23024.0,23143.0,55.008821964263916,4.331692695617676,59.34051465988159,22792.0,24094.68918918919
ablation_no_zero_mask,1772,74,20,P20,74,2.6208333333333335e-05,-0.0033669030060991647,22712.0,22815.0,59.162392377853394,4.687102317810059,63.84949469566345,22425.0,23566.067567567567
ablation_no_zero_mask,1773,74,21,P21,74,2.616666666666667e-05,-0.001536899038910633,23489.0,23637.0,64.79769229888916,5.161134243011475,69.95882654190063,23343.0,24885.58108108108
ablation_no_zero_mask,1774,74,22,P22,74,2.6124999999999998e-05,0.001411412635934539,23148.0,23028.0,61.69214940071106,4.833536148071289,66.52568554878235,23028.0,24147.824324324323
ablation_no_zero_mask,1775,74,23,P23,74,2.6083333333333338e-05,-0.00044693992068849705,31943.0,31903.0,83.40499806404114,6.848785161972046,90.25378322601318,31687.0,33612.08108108108
ablation_no_zero_mask,1776,74,24,P24,74,2.6041666666666665e-05,-0.0015275308294803835,23881.0,23960.0,56.05045533180237,4.450217247009277,60.500672578811646,23677.0,24953.391891891893
ablation_no_zero_mask,1777,75,1,P1,75,2.6000000000000002e-05,0.01644041179679334,6412.0,6354.0,12.200392246246338,0.8151400089263916,13.01553225517273,6336.0,6694.16
ablation_no_zero_mask,1778,75,2,P2,75,2.595833333333334e-05,-0.002323343709576875,8439.0,8280.0,15.41002893447876,1.0442490577697754,16.454277992248535,8280.0,8876.4
ablation_no_zero_mask,1779,75,3,P3,75,2.5916666666666665e-05,0.0054486391600221395,6506.0,6629.0,11.070223093032837,0.7417240142822266,11.811947107315063,6055.0,6753.92
ablation_no_zero_mask,1780,75,4,P4,75,2.5875000000000006e-05,0.0007077426416799426,3692.0,3680.0,8.735639333724976,0.5970361232757568,9.332675457000732,3665.0,3892.7066666666665
ablation_no_zero_mask,1781,75,5,P5,75,2.5833333333333332e-05,-0.007523650536313653,4228.0,4240.0,9.545305728912354,0.6336376667022705,10.178943395614624,4204.0,4479.133333333333
ablation_no_zero_mask,1782,75,6,P6,75,2.579166666666667e-05,-0.0016244683356489986,4050.0,4056.0,9.97780156135559,0.6444287300109863,10.622230291366577,4041.0,4333.786666666667
ablation_no_zero_mask,1783,75,7,P7,75,2.5749999999999996e-05,-0.00616781139979139,5842.0,5805.0,14.447350263595581,0.9841926097869873,15.431542873382568,5805.0,6173.8133333333335
ablation_no_zero_mask,1784,75,8,P8,75,2.5708333333333336e-05,1.787624933058396e-05,5730.0,5769.0,12.842180013656616,0.8378984928131104,13.680078506469727,5685.0,6062.053333333333
ablation_no_zero_mask,1785,75,9,P9,75,2.5666666666666673e-05,0.004697982600191608,5495.0,5475.0,12.318885326385498,0.8224196434020996,13.141304969787598,5400.0,5779.44
ablation_no_zero_mask,1786,75,10,P10,75,2.5625e-05,-0.0006666121626039967,5588.0,5562.0,7.710299491882324,0.5450413227081299,8.255340814590454,5547.0,5927.826666666667
ablation_no_zero_mask,1787,75,11,P11,75,2.5583333333333336e-05,-0.0021813250350533053,11532.0,11434.0,15.138189315795898,1.0299220085144043,16.168111324310303,11434.0,11883.12
ablation_no_zero_mask,1788,75,12,P12,75,2.5541666666666663e-05,-0.008282761904411018,11773.0,11772.0,18.135940074920654,1.2155482769012451,19.3514883518219,11720.0,12566.28
ablation_no_zero_mask,1789,75,13,P13,75,2.5500000000000003e-05,0.000674899798923434,19716.0,19632.0,44.065197706222534,3.2797605991363525,47.34495830535889,19587.0,21282.04
ablation_no_zero_mask,1790,75,14,P14,75,2.545833333333334e-05,0.0020863308236585,22140.0,21911.0,44.37637209892273,3.477139711380005,47.853511810302734,21784.0,23415.613333333335
ablation_no_zero_mask,1791,75,15,P15,75,2.5416666666666667e-05,-0.003928539881599136,20134.0,20132.0,45.77759313583374,3.4057602882385254,49.183353424072266,20073.0,21409.533333333333
ablation_no_zero_mask,1792,75,16,P16,75,2.5375000000000004e-05,-0.003644505236297846,20352.0,20392.0,55.751790046691895,4.321186304092407,60.0729763507843,20234.0,21345.906666666666
ablation_no_zero_mask,1793,75,17,P17,75,2.533333333333333e-05,6.0755573213100436e-05,21140.0,20994.0,56.54189419746399,4.368278741836548,60.91017293930054,20793.0,22144.093333333334
ablation_no_zero_mask,1794,75,18,P18,75,2.529166666666667e-05,-0.0005224300455665797,20320.0,20550.0,52.69511294364929,4.099229574203491,56.79434251785278,20206.0,21364.706666666665
ablation_no_zero_mask,1795,75,19,P19,75,2.5249999999999997e-05,0.001856195081199985,22749.0,22987.0,55.019575357437134,4.268967628479004,59.28854298591614,22792.0,24079.92
ablation_no_zero_mask,1796,75,20,P20,75,2.5208333333333334e-05,-0.0016403151199483545,22598.0,22843.0,57.10931921005249,4.634000778198242,61.74331998825073,22425.0,23556.426666666666
ablation_no_zero_mask,1797,75,21,P21,75,2.516666666666667e-05,-0.000667129635985475,23681.0,23715.0,64.51345896720886,5.067896127700806,69.58135509490967,23343.0,24869.97333333333
ablation_no_zero_mask,1798,75,22,P22,75,2.5124999999999997e-05,-0.0007727115254965611,23117.0,23203.0,62.81749153137207,4.943445920944214,67.76093745231628,23028.0,24135.226666666666
ablation_no_zero_mask,1799,75,23,P23,75,2.5083333333333338e-05,0.001281003641062333,31818.0,31930.0,84.43090748786926,6.534296035766602,90.96520352363586,31687.0,33589.653333333335
ablation_no_zero_mask,1800,75,24,P24,75,2.5041666666666664e-05,-0.0010148527302590083,23819.0,23646.0,55.97750210762024,4.460857391357422,60.43835949897766,23646.0,24935.96
ablation_no_zero_mask,1801,76,1,P1,76,2.5e-05,0.017202587332576513,6523.0,6391.0,12.183191537857056,0.8209936618804932,13.004185199737549,6336.0,6690.171052631579
ablation_no_zero_mask,1802,76,2,P2,76,2.4958333333333338e-05,-0.0031744676525704563,8451.0,8429.0,15.199445486068726,1.0456290245056152,16.24507451057434,8280.0,8870.513157894737
ablation_no_zero_mask,1803,76,3,P3,76,2.4916666666666665e-05,0.011852147406898439,6590.0,6499.0,11.019191265106201,0.7355902194976807,11.754781484603882,6055.0,6750.565789473684
ablation_no_zero_mask,1804,76,4,P4,76,2.4875000000000005e-05,-0.006212886422872543,3646.0,3687.0,8.558470487594604,0.5801024436950684,9.138572931289673,3665.0,3890.0
ablation_no_zero_mask,1805,76,5,P5,76,2.483333333333333e-05,-0.001700799388345331,4270.0,4240.0,9.31833553314209,0.6373844146728516,9.955719947814941,4204.0,4475.986842105263
ablation_no_zero_mask,1806,76,6,P6,76,2.479166666666667e-05,-0.009475192287936807,3994.0,4056.0,9.730090141296387,0.6581785678863525,10.38826870918274,4041.0,4330.131578947368
ablation_no_zero_mask,1807,76,7,P7,76,2.4750000000000005e-05,-0.006870638870168477,5830.0,5890.0,14.222001552581787,0.9387176036834717,15.160719156265259,5805.0,6170.078947368421
ablation_no_zero_mask,1808,76,8,P8,76,2.4708333333333332e-05,0.00021312540411599912,5700.0,5719.0,12.654561042785645,0.8255183696746826,13.480079412460327,5685.0,6057.539473684211
ablation_no_zero_mask,1809,76,9,P9,76,2.4666666666666672e-05,0.0026458621650817804,5455.0,5440.0,11.930965423583984,0.8006734848022461,12.73163890838623,5400.0,5774.973684210527
ablation_no_zero_mask,1810,76,10,P10,76,2.4625e-05,-0.0018424771260470152,5544.0,5596.0,7.569387912750244,0.5073060989379883,8.076694011688232,5547.0,5923.460526315789
ablation_no_zero_mask,1811,76,11,P11,76,2.4583333333333336e-05,0.0024862858226697426,11594.0,11434.0,14.562172412872314,1.0167412757873535,15.578913688659668,11434.0,11877.21052631579
ablation_no_zero_mask,1812,76,12,P12,76,2.4541666666666662e-05,-0.005473152326885611,11980.0,11772.0,17.58482837677002,1.196047306060791,18.78087568283081,11720.0,12555.828947368422
ablation_no_zero_mask,1813,76,13,P13,76,2.45e-05,-0.005635776789858937,19748.0,19710.0,43.56265568733215,3.2572412490844727,46.819896936416626,19587.0,21261.355263157893
ablation_no_zero_mask,1814,76,14,P14,76,2.445833333333334e-05,0.00475383760931436,22261.0,21983.0,44.22607159614563,3.341202735900879,47.56727433204651,21784.0,23396.763157894737
ablation_no_zero_mask,1815,76,15,P15,76,2.4416666666666666e-05,-0.0058440970606170595,20431.0,20315.0,44.96911120414734,3.4009456634521484,48.37005686759949,20073.0,21395.13157894737
ablation_no_zero_mask,1816,76,16,P16,76,2.4375000000000003e-05,-0.002372103277593851,20476.0,20357.0,55.579033613204956,4.312776327133179,59.891809940338135,20234.0,21332.894736842107
ablation_no_zero_mask,1817,76,17,P17,76,2.433333333333333e-05,0.00013126014237059281,21019.0,20974.0,54.85305857658386,4.2545411586761475,59.10759973526001,20793.0,22128.697368421053
ablation_no_zero_mask,1818,76,18,P18,76,2.4291666666666666e-05,-0.0002011463944654679,20258.0,20260.0,53.035853147506714,4.203997373580933,57.23985052108765,20206.0,21350.17105263158
ablation_no_zero_mask,1819,76,19,P19,76,2.4250000000000007e-05,0.0018620656170242,22873.0,23104.0,53.68947172164917,4.225505828857422,57.91497755050659,22792.0,24067.07894736842
ablation_no_zero_mask,1820,76,20,P20,76,2.4208333333333333e-05,-0.0023825087933801114,22836.0,22868.0,57.28503894805908,4.544776439666748,61.82981538772583,22425.0,23547.36842105263
ablation_no_zero_mask,1821,76,21,P21,76,2.416666666666667e-05,0.0003937777168175671,23723.0,23690.0,62.52535009384155,4.914582967758179,67.43993306159973,23343.0,24854.447368421053
ablation_no_zero_mask,1822,76,22,P22,76,2.4124999999999997e-05,-0.0026298107113689184,23178.0,23173.0,62.057908058166504,4.886490821838379,66.94439888000488,23028.0,24122.565789473683
ablation_no_zero_mask,1823,76,23,P23,76,2.4083333333333337e-05,0.001336614796725501,31917.0,31770.0,82.4976806640625,7.0084617137908936,89.5061423778534,31687.0,33565.71052631579
ablation_no_zero_mask,1824,76,24,P24,76,2.4041666666666664e-05,-0.0036580931511707602,23685.0,23825.0,56.48666739463806,4.5370564460754395,61.0237238407135,23646.0,24921.342105263157
ablation_no_zero_mask,1825,77,1,P1,77,2.4e-05,0.014221156830899417,6336.0,6391.0,12.055914640426636,0.8150138854980469,12.870928525924683,6336.0,6686.285714285715
ablation_no_zero_mask,1826,77,2,P2,77,2.3958333333333337e-05,0.006161831261124462,8610.0,8476.0,15.258007049560547,1.0659830570220947,16.32399010658264,8280.0,8865.38961038961
ablation_no_zero_mask,1827,77,3,P3,77,2.3916666666666664e-05,-0.0019995773836853914,6419.0,6506.0,11.03629469871521,0.7375991344451904,11.7738938331604,6055.0,6747.38961038961
ablation_no_zero_mask,1828,77,4,P4,77,2.3875000000000004e-05,0.0018790197791531682,3670.0,3702.0,8.538185596466064,0.5771973133087158,9.11538290977478,3665.0,3887.5584415584417
ablation_no_zero_mask,1829,77,5,P5,77,2.383333333333333e-05,0.0006940871971892193,4234.0,4218.0,9.372417688369751,0.6352665424346924,10.007684230804443,4204.0,4472.636363636364
ablation_no_zero_mask,1830,77,6,P6,77,2.3791666666666668e-05,0.004110890673473477,4048.0,4000.0,9.867275476455688,0.659945011138916,10.527220487594604,4000.0,4325.8441558441555
ablation_no_zero_mask,1831,77,7,P7,77,2.3750000000000005e-05,-0.01097548648249358,5860.0,5825.0,14.32259750366211,0.9488003253936768,15.271397829055786,5805.0,6165.597402597403
ablation_no_zero_mask,1832,77,8,P8,77,2.370833333333333e-05,-0.006933428667252883,5670.0,5680.0,12.677948951721191,0.8496379852294922,13.527586936950684,5680.0,6052.636363636364
ablation_no_zero_mask,1833,77,9,P9,77,2.366666666666667e-05,0.006949326198082417,5430.0,5450.0,11.928303241729736,0.7991037368774414,12.727406978607178,5400.0,5770.7532467532465
ablation_no_zero_mask,1834,77,10,P10,77,2.3624999999999998e-05,0.0025850472738966346,5688.0,5528.0,7.7154176235198975,0.5250394344329834,8.24045705795288,5528.0,5918.324675324675
ablation_no_zero_mask,1835,77,11,P11,77,2.3583333333333335e-05,-0.004448564701306168,11434.0,11434.0,14.82172679901123,1.0166075229644775,15.838334321975708,11434.0,11871.454545454546
ablation_no_zero_mask,1836,77,12,P12,77,2.3541666666666672e-05,-0.01148161944001913,11772.0,11675.0,17.76610040664673,1.2846925258636475,19.050792932510376,11675.0,12544.38961038961
ablation_no_zero_mask,1837,77,13,P13,77,2.35e-05,0.0016603950716671534,19509.0,19547.0,44.968865156173706,3.3252036571502686,48.294068813323975,19547.0,21239.090909090908
ablation_no_zero_mask,1838,77,14,P14,77,2.345833333333334e-05,0.0014270733408920933,21905.0,22000.0,43.90365815162659,3.2815287113189697,47.18518686294556,21784.0,23378.623376623378
ablation_no_zero_mask,1839,77,15,P15,77,2.3416666666666666e-05,-0.0015082932827681361,20253.0,20365.0,46.341028451919556,3.6298630237579346,49.97089147567749,20073.0,21381.753246753247
ablation_no_zero_mask,1840,77,16,P16,77,2.3375000000000002e-05,-0.0024294801987707615,20486.0,20341.0,54.823206186294556,4.197221040725708,59.020427227020264,20234.0,21320.012987012986
ablation_no_zero_mask,1841,77,17,P17,77,2.333333333333333e-05,-0.0006546126191096846,21049.0,21125.0,55.34218430519104,4.319293022155762,59.6614773273468,20793.0,22115.66233766234
ablation_no_zero_mask,1842,77,18,P18,77,2.3291666666666666e-05,-0.0006100954702560557,20345.0,20437.0,52.568970918655396,4.083777904510498,56.652748823165894,20206.0,21338.31168831169
ablation_no_zero_mask,1843,77,19,P19,77,2.3250000000000006e-05,-2.7329150543664583e-05,22785.0,23077.0,55.51667308807373,4.497421979904175,60.014095067977905,22792.0,24054.22077922078
ablation_no_zero_mask,1844,77,20,P20,77,2.3208333333333333e-05,-0.0009307838685344904,22631.0,22697.0,58.25138974189758,4.5070600509643555,62.75844979286194,22425.0,23536.324675324675
ablation_no_zero_mask,1845,77,21,P21,77,2.316666666666667e-05,-0.0013625894323922693,23694.0,23527.0,63.39139771461487,5.237078666687012,68.62847638130188,23343.0,24837.20779220779
ablation_no_zero_mask,1846,77,22,P22,77,2.3124999999999996e-05,0.0012772199203027411,23183.0,23194.0,62.28222870826721,4.961564540863037,67.24379324913025,23028.0,24110.506493506495
ablation_no_zero_mask,1847,77,23,P23,77,2.3083333333333333e-05,0.0005135566222764153,31848.0,31826.0,82.19291543960571,6.500573635101318,88.69348907470703,31687.0,33543.11688311688
ablation_no_zero_mask,1848,77,24,P24,77,2.3041666666666673e-05,-0.003342960641020909,23727.0,23598.0,55.97398614883423,4.567278623580933,60.54126477241516,23598.0,24904.155844155845
ablation_no_zero_mask,1849,78,1,P1,78,2.3e-05,0.014110966469161212,6370.0,6392.0,12.378535032272339,0.8164258003234863,13.194960832595825,6336.0,6682.51282051282
ablation_no_zero_mask,1850,78,2,P2,78,2.2958333333333337e-05,-0.0005389318721427117,8542.0,8479.0,15.527889966964722,1.0396342277526855,16.567524194717407,8280.0,8860.435897435897
ablation_no_zero_mask,1851,78,3,P3,78,2.2916666666666664e-05,0.019295797450467944,6504.0,6506.0,11.010424137115479,0.7521347999572754,11.762558937072754,6055.0,6744.294871794872
ablation_no_zero_mask,1852,78,4,P4,78,2.2875e-05,-0.007313471403904259,3698.0,3662.0,8.667624711990356,0.5690538883209229,9.23667860031128,3662.0,3884.6666666666665
ablation_no_zero_mask,1853,78,5,P5,78,2.283333333333334e-05,-0.012894611340016127,4234.0,4218.0,9.49040174484253,0.6282293796539307,10.11863112449646,4204.0,4469.371794871795
ablation_no_zero_mask,1854,78,6,P6,78,2.2791666666666667e-05,-0.006290553603321314,4075.0,4076.0,9.89889407157898,0.6453142166137695,10.544208288192749,4000.0,4322.641025641025
ablation_no_zero_mask,1855,78,7,P7,78,2.2750000000000004e-05,-0.008910352014936507,5840.0,5850.0,14.153383255004883,0.976475715637207,15.12985897064209,5805.0,6161.551282051282
ablation_no_zero_mask,1856,78,8,P8,78,2.270833333333333e-05,0.00013119903269398492,5678.0,5665.0,12.45436406135559,0.8389296531677246,13.293293714523315,5665.0,6047.666666666667
ablation_no_zero_mask,1857,78,9,P9,78,2.266666666666667e-05,0.008004215836990625,5490.0,5430.0,12.150612831115723,0.783212423324585,12.933825254440308,5400.0,5766.384615384615
ablation_no_zero_mask,1858,78,10,P10,78,2.2624999999999998e-05,-0.006034570280462503,5540.0,5554.0,7.45841908454895,0.5051698684692383,7.9635889530181885,5528.0,5913.653846153846
ablation_no_zero_mask,1859,78,11,P11,78,2.2583333333333335e-05,-0.0006930441268195864,11434.0,11434.0,14.713037490844727,0.9907243251800537,15.70376181602478,11434.0,11865.846153846154
ablation_no_zero_mask,1860,78,12,P12,78,2.254166666666667e-05,-0.014050048543140292,11774.0,11720.0,18.302116632461548,1.2505886554718018,19.55270528793335,11675.0,12533.820512820514
ablation_no_zero_mask,1861,78,13,P13,78,2.2499999999999998e-05,-0.002077287084830459,19712.0,19524.0,44.052894830703735,3.362139940261841,47.415034770965576,19524.0,21217.102564102563
ablation_no_zero_mask,1862,78,14,P14,78,2.2458333333333338e-05,0.0036918457481078804,22096.0,22067.0,45.28735685348511,3.4535160064697266,48.740872859954834,21784.0,23361.80769230769
ablation_no_zero_mask,1863,78,15,P15,78,2.2416666666666665e-05,-0.00620070772129111,20143.0,20122.0,46.701913833618164,3.5645713806152344,50.2664852142334,20073.0,21365.602564102563
ablation_no_zero_mask,1864,78,16,P16,78,2.2375000000000002e-05,-0.0015603492356603965,20357.0,20250.0,56.77744007110596,4.494253873825073,61.27169394493103,20234.0,21306.29487179487
ablation_no_zero_mask,1865,78,17,P17,78,2.233333333333334e-05,0.0011168485900270753,20960.0,21010.0,55.72308325767517,4.268988132476807,59.99207139015198,20793.0,22101.48717948718
ablation_no_zero_mask,1866,78,18,P18,78,2.2291666666666665e-05,0.0006568845659785438,20345.0,20298.0,51.301541328430176,4.287728309631348,55.58926963806152,20206.0,21324.97435897436
ablation_no_zero_mask,1867,78,19,P19,78,2.2250000000000006e-05,0.0013797386374790222,22740.0,23197.0,54.96584391593933,4.338992595672607,59.30483651161194,22792.0,24043.23076923077
ablation_no_zero_mask,1868,78,20,P20,78,2.2208333333333332e-05,-0.002104251418495551,22368.0,22575.0,58.33108901977539,4.670921325683594,63.002010345458984,22425.0,23524.0
ablation_no_zero_mask,1869,78,21,P21,78,2.216666666666667e-05,0.001154270223196363,23563.0,23556.0,64.01010727882385,4.943557977676392,68.95366525650024,23343.0,24820.78205128205
ablation_no_zero_mask,1870,78,22,P22,78,2.2124999999999996e-05,-0.0018595728266518562,23021.0,23131.0,62.90267729759216,4.849302053451538,67.7519793510437,23028.0,24097.94871794872
ablation_no_zero_mask,1871,78,23,P23,78,2.2083333333333333e-05,0.0010978080546400243,32052.0,31798.0,82.85041165351868,6.858350515365601,89.70876216888428,31687.0,33520.743589743586
ablation_no_zero_mask,1872,78,24,P24,78,2.2041666666666673e-05,-0.0011802281092968769,24024.0,23926.0,56.849597215652466,4.408737659454346,61.25833487510681,23598.0,24891.615384615383
ablation_no_zero_mask,1873,79,1,P1,79,2.2e-05,0.016517960466444492,6400.0,6423.0,12.423365354537964,0.8312075138092041,13.254572868347168,6336.0,6679.227848101265
ablation_no_zero_mask,1874,79,2,P2,79,2.1958333333333336e-05,-0.004085898079210892,8439.0,8442.0,15.538542985916138,1.0407748222351074,16.579317808151245,8280.0,8855.139240506329
ablation_no_zero_mask,1875,79,3,P3,79,2.1916666666666663e-05,0.01144727977225557,6523.0,6479.0,11.280465841293335,0.7435877323150635,12.024053573608398,6055.0,6740.93670886076
ablation_no_zero_mask,1876,79,4,P4,79,2.1875e-05,0.0008832011226331815,3719.0,3662.0,8.708576202392578,0.5661966800689697,9.274772882461548,3662.0,3881.8481012658226
ablation_no_zero_mask,1877,79,5,P5,79,2.183333333333334e-05,-0.0037389593780972064,4256.0,4245.0,9.484702110290527,0.6424272060394287,10.127129316329956,4204.0,4466.53164556962
ablation_no_zero_mask,1878,79,6,P6,79,2.1791666666666667e-05,0.0018170310650020838,4091.0,4082.0,9.846566438674927,0.6738483905792236,10.52041482925415,4000.0,4319.594936708861
ablation_no_zero_mask,1879,79,7,P7,79,2.1750000000000004e-05,-0.010314377257600427,5890.0,5860.0,14.458348989486694,0.9493353366851807,15.407684326171875,5805.0,6157.734177215189
ablation_no_zero_mask,1880,79,8,P8,79,2.170833333333333e-05,-0.003756230231374502,5740.0,5690.0,12.685474634170532,0.8377766609191895,13.523251295089722,5665.0,6043.139240506329
ablation_no_zero_mask,1881,79,9,P9,79,2.1666666666666667e-05,0.0025568261044099927,5445.0,5450.0,12.182495594024658,0.8193573951721191,13.001852989196777,5400.0,5762.379746835443
ablation_no_zero_mask,1882,79,10,P10,79,2.1625000000000007e-05,0.0012154998548794538,5631.0,5528.0,7.503692865371704,0.5089385509490967,8.0126314163208,5528.0,5908.772151898735
ablation_no_zero_mask,1883,79,11,P11,79,2.1583333333333334e-05,-0.000974364531430183,11549.0,11434.0,14.634745836257935,1.0141208171844482,15.648866653442383,11434.0,11860.379746835442
ablation_no_zero_mask,1884,79,12,P12,79,2.154166666666667e-05,-0.005389571655541658,12003.0,11820.0,17.399621963500977,1.179499626159668,18.579121589660645,11675.0,12524.784810126583
ablation_no_zero_mask,1885,79,13,P13,79,2.1499999999999997e-05,-0.005642914300551638,19827.0,19859.0,44.8335964679718,3.3196818828582764,48.15327835083008,19524.0,21199.91139240506
ablation_no_zero_mask,1886,79,14,P14,79,2.1458333333333334e-05,0.0033835005160653964,21987.0,22120.0,44.428513526916504,3.315603017807007,47.74411654472351,21784.0,23346.08860759494
ablation_no_zero_mask,1887,79,15,P15,79,2.1416666666666664e-05,-0.0033411065669497475,20412.0,20276.0,44.91899013519287,3.4724888801574707,48.39147901535034,20073.0,21351.810126582277
ablation_no_zero_mask,1888,79,16,P16,79,2.1375e-05,-0.002892346668522805,20732.0,20609.0,56.42545819282532,4.354711055755615,60.78016924858093,20234.0,21297.46835443038
ablation_no_zero_mask,1889,79,17,P17,79,2.1333333333333338e-05,-0.0005536349828616949,21219.0,21160.0,56.18534994125366,4.367908000946045,60.55325794219971,20793.0,22089.569620253165
ablation_no_zero_mask,1890,79,18,P18,79,2.1291666666666665e-05,0.00012558448033814785,20735.0,20527.0,52.03088402748108,3.9419755935668945,55.972859621047974,20206.0,21314.87341772152
ablation_no_zero_mask,1891,79,19,P19,79,2.1250000000000005e-05,0.0021376276534283535,23217.0,22997.0,54.17796301841736,4.426898956298828,58.60486197471619,22792.0,24029.98734177215
ablation_no_zero_mask,1892,79,20,P20,79,2.120833333333333e-05,-0.0025703907012939453,22824.0,22616.0,57.64091897010803,4.520220756530762,62.161139726638794,22425.0,23512.506329113923
ablation_no_zero_mask,1893,79,21,P21,79,2.116666666666667e-05,0.0007735096489341231,23716.0,23741.0,62.63174653053284,5.187709093093872,67.81945562362671,23343.0,24807.113924050635
ablation_no_zero_mask,1894,79,22,P22,79,2.1125000000000005e-05,-0.0022460957756266,23338.0,23372.0,62.23809051513672,4.902572393417358,67.14066290855408,23028.0,24088.759493670885
ablation_no_zero_mask,1895,79,23,P23,79,2.1083333333333332e-05,0.002389397206051009,32201.0,31821.0,83.62822556495667,6.671403169631958,90.29962873458862,31687.0,33499.22784810127
ablation_no_zero_mask,1896,79,24,P24,79,2.1041666666666672e-05,-0.002337758521025535,23851.0,23846.0,56.32246541976929,4.4095916748046875,60.732057094573975,23598.0,24878.379746835442
ablation_no_zero_mask,1897,80,1,P1,80,2.1e-05,0.022570309694856405,6647.0,6490.0,12.477112054824829,0.8580284118652344,13.335140466690063,6336.0,6676.8625
ablation_no_zero_mask,1898,80,2,P2,80,2.0958333333333336e-05,-0.003253282862715423,8585.0,8586.0,16.211983680725098,1.0468335151672363,17.258817195892334,8280.0,8851.775
ablation_no_zero_mask,1899,80,3,P3,80,2.0916666666666662e-05,0.008955376135418192,6740.0,6594.0,11.414428472518921,0.7664544582366943,12.180882930755615,6055.0,6739.1
ablation_no_zero_mask,1900,80,4,P4,80,2.0875e-05,0.003564290120266378,3738.0,3692.0,8.787972688674927,0.589622974395752,9.377595663070679,3662.0,3879.475
ablation_no_zero_mask,1901,80,5,P5,80,2.083333333333334e-05,-0.0047719962894916534,4224.0,4174.0,9.552051544189453,0.6405215263366699,10.192573070526123,4174.0,4462.875
ablation_no_zero_mask,1902,80,6,P6,80,2.0791666666666666e-05,0.00014133167860563844,4114.0,4136.0,9.864540338516235,0.6507635116577148,10.51530385017395,4000.0,4317.3
ablation_no_zero_mask,1903,80,7,P7,80,2.0750000000000003e-05,-0.00961436063516885,5865.0,5890.0,14.275491952896118,0.9725642204284668,15.248056173324585,5805.0,6154.3875
ablation_no_zero_mask,1904,80,8,P8,80,2.070833333333333e-05,-0.0032797396179375937,5720.0,5695.0,12.617830276489258,0.8299708366394043,13.447801113128662,5665.0,6038.7875
ablation_no_zero_mask,1905,80,9,P9,80,2.0666666666666666e-05,0.0073975996929220855,5505.0,5415.0,11.89066457748413,0.7780129909515381,12.668677568435669,5400.0,5758.0375
ablation_no_zero_mask,1906,80,10,P10,80,2.0625000000000007e-05,0.004789319587871432,5823.0,5633.0,7.4041221141815186,0.50693678855896,7.9110589027404785,5528.0,5905.325
ablation_no_zero_mask,1907,80,11,P11,80,2.0583333333333333e-05,-0.002756829228019342,11389.0,11434.0,14.51840877532959,0.9854929447174072,15.503901720046997,11434.0,11855.05
ablation_no_zero_mask,1908,80,12,P12,80,2.054166666666667e-05,-0.009299092111177742,12087.0,11880.0,18.335907697677612,1.3193695545196533,19.655277252197266,11675.0,12516.725
ablation_no_zero_mask,1909,80,13,P13,80,2.0499999999999997e-05,-0.008494956797221676,20105.0,19961.0,44.245792627334595,3.3661017417907715,47.611894369125366,19524.0,21184.425
ablation_no_zero_mask,1910,80,14,P14,80,2.0458333333333334e-05,0.004392655740957707,22073.0,22091.0,44.403077363967896,3.3359031677246094,47.738980531692505,21784.0,23330.4
ablation_no_zero_mask,1911,80,15,P15,80,2.0416666666666674e-05,-0.005121737165609375,20467.0,20317.0,45.610783100128174,3.4531452655792236,49.0639283657074,20073.0,21338.875
ablation_no_zero_mask,1912,80,16,P16,80,2.0375e-05,-0.003875665890518576,20524.0,20424.0,56.05224084854126,4.288310527801514,60.34055137634277,20234.0,21286.55
ablation_no_zero_mask,1913,80,17,P17,80,2.0333333333333337e-05,0.0006983014913203078,21333.0,21255.0,56.58315181732178,4.239444732666016,60.82259654998779,20793.0,22079.1375
ablation_no_zero_mask,1914,80,18,P18,80,2.0291666666666664e-05,-0.000388110271160258,20480.0,20340.0,51.50140357017517,3.9522364139556885,55.45363998413086,20206.0,21302.6875
ablation_no_zero_mask,1915,80,19,P19,80,2.025e-05,0.001211928749398794,22980.0,23047.0,54.67577910423279,4.476836919784546,59.152616024017334,22792.0,24017.7
ablation_no_zero_mask,1916,80,20,P20,80,2.0208333333333328e-05,-0.0021286354545736685,22537.0,22444.0,57.58132529258728,4.510869741439819,62.0921950340271,22425.0,23499.15
ablation_no_zero_mask,1917,80,21,P21,80,2.0166666666666668e-05,0.0021009182324633,23878.0,23820.0,61.38040494918823,4.886493682861328,66.26689863204956,23343.0,24794.775
ablation_no_zero_mask,1918,80,22,P22,80,2.0125000000000005e-05,-0.0016408353199949487,23506.0,23188.0,60.82274603843689,5.108358383178711,65.9311044216156,23028.0,24077.5
ablation_no_zero_mask,1919,80,23,P23,80,2.008333333333333e-05,0.0006198593010984561,32066.0,31837.0,83.25834941864014,6.546991348266602,89.80534076690674,31687.0,33478.45
ablation_no_zero_mask,1920,80,24,P24,80,2.0041666666666668e-05,6.954177824809449e-05,24064.0,23824.0,55.26854395866394,4.727087020874023,59.995630979537964,23598.0,24865.2
ablation_no_zero_mask,1921,81,1,P1,81,1.9999999999999995e-05,0.013368420419283211,6573.0,6403.0,12.055586576461792,0.812030553817749,12.867617130279541,6336.0,6673.481481481482
ablation_no_zero_mask,1922,81,2,P2,81,1.9958333333333335e-05,0.000971955836575944,8613.0,8480.0,15.470254182815552,1.0409514904022217,16.511205673217773,8280.0,8847.185185185184
ablation_no_zero_mask,1923,81,3,P3,81,1.9916666666666672e-05,0.0013564510736614466,6465.0,6479.0,11.122668743133545,0.749103307723999,11.871772050857544,6055.0,6735.888888888889
ablation_no_zero_mask,1924,81,4,P4,81,1.9875e-05,0.004134570132009685,3722.0,3713.0,8.573256731033325,0.5802412033081055,9.15349793434143,3662.0,3877.41975308642
ablation_no_zero_mask,1925,81,5,P5,81,1.9833333333333335e-05,0.0011229825904592872,4269.0,4242.0,9.424782276153564,0.6342885494232178,10.059070825576782,4174.0,4460.148148148148
ablation_no_zero_mask,1926,81,6,P6,81,1.9791666666666665e-05,0.0015667110274080187,4084.0,4090.0,9.95107889175415,0.6650989055633545,10.616177797317505,4000.0,4314.493827160494
ablation_no_zero_mask,1927,81,7,P7,81,1.9750000000000002e-05,-0.0029060624801786616,5890.0,5895.0,14.230908870697021,0.9440622329711914,15.174971103668213,5805.0,6151.185185185185
ablation_no_zero_mask,1928,81,8,P8,81,1.970833333333334e-05,-0.0029593450017273426,5760.0,5720.0,12.703013181686401,0.8620131015777588,13.56502628326416,5665.0,6034.851851851852
ablation_no_zero_mask,1929,81,9,P9,81,1.9666666666666666e-05,-0.004705874715000391,5410.0,5460.0,12.095910549163818,0.7960703372955322,12.89198088645935,5400.0,5754.358024691358
ablation_no_zero_mask,1930,81,10,P10,81,1.9625000000000006e-05,0.004628840135410428,5698.0,5633.0,7.520852565765381,0.5138962268829346,8.034748792648315,5528.0,5901.962962962963
ablation_no_zero_mask,1931,81,11,P11,81,1.9583333333333333e-05,-0.0012631526333279908,11434.0,11434.0,14.716798782348633,0.9917325973510742,15.708531379699707,11434.0,11849.851851851852
ablation_no_zero_mask,1932,81,12,P12,81,1.954166666666667e-05,-0.0005347483638615813,12011.0,11815.0,17.38992142677307,1.1783688068389893,18.56829023361206,11675.0,12508.061728395061
ablation_no_zero_mask,1933,81,13,P13,81,1.9499999999999996e-05,-0.0026250415976392105,19817.0,19921.0,44.72492814064026,3.4062883853912354,48.131216526031494,19524.0,21168.827160493827
ablation_no_zero_mask,1934,81,14,P14,81,1.9458333333333333e-05,0.0018029970015049912,22092.0,22001.0,45.60210347175598,3.3020951747894287,48.90419864654541,21784.0,23313.987654320987
ablation_no_zero_mask,1935,81,15,P15,81,1.9416666666666673e-05,-0.0008333599271281855,20263.0,20257.0,45.002909421920776,3.38246488571167,48.385374307632446,20073.0,21325.51851851852
ablation_no_zero_mask,1936,81,16,P16,81,1.9375e-05,-0.004222955845762044,20613.0,20402.0,55.43207621574402,4.597132682800293,60.02920889854431,20234.0,21275.62962962963
ablation_no_zero_mask,1937,81,17,P17,81,1.9333333333333337e-05,0.0008666403762617847,21253.0,21035.0,55.81445860862732,4.288931369781494,60.10338997840881,20793.0,22066.246913580246
ablation_no_zero_mask,1938,81,18,P18,81,1.9291666666666664e-05,-0.001685401430586353,20210.0,20460.0,52.22523379325867,4.046160459518433,56.2713942527771,20206.0,21292.283950617282
ablation_no_zero_mask,1939,81,19,P19,81,1.925e-05,0.00041024543224921217,22796.0,23060.0,54.720601081848145,4.259290933609009,58.97989201545715,22792.0,24005.876543209877
ablation_no_zero_mask,1940,81,20,P20,81,1.920833333333334e-05,-0.0005414996423496632,22530.0,22588.0,58.78654646873474,4.532260894775391,63.31880736351013,22425.0,23487.9012345679
ablation_no_zero_mask,1941,81,21,P21,81,1.9166666666666667e-05,-0.0005672096289345063,23873.0,23771.0,61.71394395828247,4.810312509536743,66.52425646781921,23343.0,24782.135802469136
ablation_no_zero_mask,1942,81,22,P22,81,1.9125000000000004e-05,0.00013914004539401504,23407.0,23210.0,61.954148054122925,5.269205331802368,67.2233533859253,23028.0,24066.79012345679
ablation_no_zero_mask,1943,81,23,P23,81,1.908333333333333e-05,0.00032761917386129165,32048.0,31886.0,83.0382707118988,6.684491157531738,89.72276186943054,31687.0,33458.79012345679
ablation_no_zero_mask,1944,81,24,P24,81,1.9041666666666668e-05,-0.0011920470125915017,23930.0,23736.0,56.68248987197876,4.463146924972534,61.145636796951294,23598.0,24851.25925925926
ablation_no_zero_mask,1945,82,1,P1,82,1.8999999999999994e-05,0.01147961663082242,6479.0,6394.0,12.404433488845825,0.8349730968475342,13.23940658569336,6336.0,6670.073170731707
ablation_no_zero_mask,1946,82,2,P2,82,1.8958333333333334e-05,0.0006008583513903432,8570.0,8480.0,15.610673189163208,1.072394609451294,16.683067798614502,8280.0,8842.707317073171
ablation_no_zero_mask,1947,82,3,P3,82,1.891666666666667e-05,0.010678216931410134,6527.0,6469.0,11.507531642913818,0.8096556663513184,12.317187309265137,6055.0,6732.634146341464
ablation_no_zero_mask,1948,82,4,P4,82,1.8874999999999998e-05,0.0014106467424426228,3697.0,3670.0,9.275588750839233,0.5956616401672363,9.87125039100647,3662.0,3874.890243902439
ablation_no_zero_mask,1949,82,5,P5,82,1.8833333333333335e-05,-0.002245283918455243,4273.0,4270.0,9.950878381729126,0.6910929679870605,10.641971349716187,4174.0,4457.829268292683
ablation_no_zero_mask,1950,82,6,P6,82,1.879166666666666e-05,0.0030027233879081905,4130.0,4061.0,10.21964979171753,0.6755707263946533,10.895220518112183,4000.0,4311.40243902439
ablation_no_zero_mask,1951,82,7,P7,82,1.8750000000000002e-05,-0.004028129595099017,5860.0,5915.0,14.38523817062378,0.9646987915039062,15.349936962127686,5805.0,6148.304878048781
ablation_no_zero_mask,1952,82,8,P8,82,1.870833333333334e-05,-0.004487218480790034,5697.0,5670.0,12.946754693984985,0.8374288082122803,13.784183502197266,5665.0,6030.40243902439
ablation_no_zero_mask,1953,82,9,P9,82,1.8666666666666665e-05,0.0077982330694794655,5450.0,5390.0,12.134343385696411,0.7931694984436035,12.927512884140015,5390.0,5749.914634146341
ablation_no_zero_mask,1954,82,10,P10,82,1.8625000000000002e-05,-0.010529328836128116,5665.0,5659.0,7.5807390213012695,0.5192067623138428,8.099945783615112,5528.0,5899.0
ablation_no_zero_mask,1955,82,11,P11,82,1.858333333333333e-05,-0.010766142746433616,11434.0,11434.0,14.679882287979126,0.9890894889831543,15.66897177696228,11434.0,11844.780487804877
ablation_no_zero_mask,1956,82,12,P12,82,1.854166666666667e-05,-0.006948569032829255,12016.0,11862.0,17.245765209197998,1.1629643440246582,18.408729553222656,11675.0,12500.182926829268
ablation_no_zero_mask,1957,82,13,P13,82,1.8500000000000006e-05,0.00045734345712844515,19848.0,19831.0,44.538177728652954,3.518430233001709,48.05660796165466,19524.0,21152.51219512195
ablation_no_zero_mask,1958,82,14,P14,82,1.8458333333333333e-05,0.00188839422116871,22047.0,22364.0,44.34036326408386,3.342991828918457,47.68335509300232,21784.0,23302.40243902439
ablation_no_zero_mask,1959,82,15,P15,82,1.841666666666667e-05,-0.002927110093878582,20574.0,20383.0,45.82649111747742,3.4598283767700195,49.28631949424744,20073.0,21314.024390243903
ablation_no_zero_mask,1960,82,16,P16,82,1.8375e-05,-0.006836851593106985,20473.0,20560.0,56.771334171295166,4.352385759353638,61.123719930648804,20234.0,21266.90243902439
ablation_no_zero_mask,1961,82,17,P17,82,1.8333333333333336e-05,0.002593405416700989,21324.0,20920.0,57.12481737136841,4.58510160446167,61.70991897583008,20793.0,22052.268292682926
ablation_no_zero_mask,1962,82,18,P18,82,1.8291666666666663e-05,-0.0011108366641565226,20526.0,20552.0,51.70233869552612,3.9421677589416504,55.64450645446777,20206.0,21283.256097560974
ablation_no_zero_mask,1963,82,19,P19,82,1.825e-05,0.0022544708801433442,23187.0,23226.0,53.92663049697876,4.445600509643555,58.372231006622314,22792.0,23996.365853658535
ablation_no_zero_mask,1964,82,20,P20,82,1.820833333333334e-05,-0.0029619103821460157,22920.0,22414.0,58.59013557434082,4.752388954162598,63.34252452850342,22414.0,23474.80487804878
ablation_no_zero_mask,1965,82,21,P21,82,1.8166666666666667e-05,0.000874885095981881,23911.0,23659.0,62.43830370903015,4.80402684211731,67.24233055114746,23343.0,24768.439024390245
ablation_no_zero_mask,1966,82,22,P22,82,1.8125000000000003e-05,-0.0004761235148180276,23270.0,23368.0,61.131876707077026,4.925214052200317,66.05709075927734,23028.0,24058.268292682926
ablation_no_zero_mask,1967,82,23,P23,82,1.808333333333333e-05,0.0007583164276314035,32031.0,31886.0,84.99501323699951,6.498961925506592,91.4939751625061,31687.0,33439.60975609756
ablation_no_zero_mask,1968,82,24,P24,82,1.8041666666666667e-05,-0.0010975160002999473,23981.0,23979.0,54.312456130981445,4.548484563827515,58.86094069480896,23598.0,24840.621951219513
ablation_no_zero_mask,1969,83,1,P1,83,1.8000000000000007e-05,0.011089339037425816,6459.0,6500.0,12.204102993011475,0.8786168098449707,13.082719802856445,6336.0,6668.024096385542
ablation_no_zero_mask,1970,83,2,P2,83,1.7958333333333334e-05,0.0016088379052234814,8468.0,8535.0,15.784795045852661,1.043351411819458,16.82814645767212,8280.0,8839.0
ablation_no_zero_mask,1971,83,3,P3,83,1.791666666666667e-05,0.00831460507470183,6486.0,6594.0,11.38494324684143,0.7970387935638428,12.181982040405273,6055.0,6730.963855421687
ablation_no_zero_mask,1972,83,4,P4,83,1.7874999999999997e-05,0.0027250380371697247,3712.0,3688.0,8.849630355834961,0.5915892124176025,9.441219568252563,3662.0,3872.6385542168673
ablation_no_zero_mask,1973,83,5,P5,83,1.7833333333333334e-05,-0.001521361235063523,4262.0,4174.0,9.503333330154419,0.6439194679260254,10.147252798080444,4174.0,4454.409638554217
ablation_no_zero_mask,1974,83,6,P6,83,1.779166666666666e-05,0.00035284808836877346,4133.0,4136.0,9.995698690414429,0.6610288619995117,10.65672755241394,4000.0,4309.289156626506
ablation_no_zero_mask,1975,83,7,P7,83,1.775e-05,-0.0064796507940627635,5875.0,5900.0,14.322096347808838,0.9618756771087646,15.283972024917603,5805.0,6145.313253012048
ablation_no_zero_mask,1976,83,8,P8,83,1.7708333333333338e-05,-0.004366322769783437,5710.0,5724.0,12.879274606704712,0.859236478805542,13.738511085510254,5665.0,6026.710843373494
ablation_no_zero_mask,1977,83,9,P9,83,1.7666666666666665e-05,0.0009340787182736676,5505.0,5420.0,12.230286836624146,0.8002405166625977,13.030527353286743,5390.0,5745.939759036145
ablation_no_zero_mask,1978,83,10,P10,83,1.7625e-05,-0.005598434363491833,5680.0,5704.0,7.53892707824707,0.5285665988922119,8.067493677139282,5528.0,5896.650602409639
ablation_no_zero_mask,1979,83,11,P11,83,1.7583333333333328e-05,0.0005753813893534243,11709.0,11434.0,14.775436639785767,1.0056354999542236,15.78107213973999,11434.0,11839.831325301206
ablation_no_zero_mask,1980,83,12,P12,83,1.754166666666667e-05,0.0017723444470902905,12151.0,11920.0,17.81697964668274,1.2231853008270264,19.040164947509766,11675.0,12493.192771084337
ablation_no_zero_mask,1981,83,13,P13,83,1.7500000000000005e-05,-0.0025422181861358695,20238.0,20094.0,44.85623335838318,3.342808246612549,48.19904160499573,19524.0,21139.75903614458
ablation_no_zero_mask,1982,83,14,P14,83,1.7458333333333332e-05,-0.00016170872004295234,22155.0,22128.0,45.76284193992615,3.484761953353882,49.24760389328003,21784.0,23288.253012048193
ablation_no_zero_mask,1983,83,15,P15,83,1.741666666666667e-05,-0.0004314346024330007,20721.0,20493.0,45.4403018951416,3.361170768737793,48.801472663879395,20073.0,21304.13253012048
ablation_no_zero_mask,1984,83,16,P16,83,1.7374999999999995e-05,-0.008458891976624727,20950.0,20590.0,54.60695552825928,4.4879395961761475,59.094895124435425,20234.0,21258.746987951807
ablation_no_zero_mask,1985,83,17,P17,83,1.7333333333333336e-05,-0.0004051536363476771,21593.0,21299.0,55.63540005683899,4.35990309715271,59.9953031539917,20793.0,22043.192771084337
ablation_no_zero_mask,1986,83,18,P18,83,1.7291666666666672e-05,0.0015167440316872672,20631.0,20375.0,52.90076804161072,4.061714172363281,56.962482213974,20206.0,21272.31325301205
ablation_no_zero_mask,1987,83,19,P19,83,1.725e-05,0.0023635631368961185,23210.0,23112.0,55.891958236694336,4.372116565704346,60.26407480239868,22792.0,23985.710843373494
ablation_no_zero_mask,1988,83,20,P20,83,1.7208333333333336e-05,-0.0037094612838700415,22685.0,22758.0,59.71202731132507,4.880814075469971,64.59284138679504,22414.0,23466.168674698794
ablation_no_zero_mask,1989,83,21,P21,83,1.7166666666666663e-05,0.0023076914832927285,24108.0,23878.0,62.92357158660889,4.821778059005737,67.74534964561462,23343.0,24757.710843373494
ablation_no_zero_mask,1990,83,22,P22,83,1.7125000000000003e-05,-0.0023295487451832743,23444.0,23186.0,60.85479497909546,5.129128932952881,65.98392391204834,23028.0,24047.75903614458
ablation_no_zero_mask,1991,83,23,P23,83,1.708333333333333e-05,0.0012725249169826774,32037.0,31884.0,84.2162253856659,6.647441387176514,90.86366677284241,31687.0,33420.867469879515
ablation_no_zero_mask,1992,83,24,P24,83,1.7041666666666666e-05,-0.0009438066321308724,24011.0,24195.0,55.25832414627075,4.317192792892456,59.57551693916321,23598.0,24832.843373493975
ablation_no_zero_mask,1993,84,1,P1,84,1.7000000000000003e-05,0.014460085425525904,6547.0,6550.0,12.152732610702515,0.8155977725982666,12.968330383300781,6336.0,6666.619047619048
ablation_no_zero_mask,1994,84,2,P2,84,1.6958333333333333e-05,-0.0012812600798497442,8642.0,8639.0,15.623341083526611,1.0633881092071533,16.686729192733765,8280.0,8836.619047619048
ablation_no_zero_mask,1995,84,3,P3,84,1.691666666666667e-05,0.012174680829048157,6644.0,6529.0,11.21245288848877,0.7545678615570068,11.967020750045776,6055.0,6728.559523809524
ablation_no_zero_mask,1996,84,4,P4,84,1.6874999999999997e-05,0.00031930356635712087,3742.0,3699.0,8.77092719078064,0.5975518226623535,9.368479013442993,3662.0,3870.5714285714284
ablation_no_zero_mask,1997,84,5,P5,84,1.6833333333333334e-05,-0.001472639327403158,4282.0,4174.0,9.578716039657593,0.6638705730438232,10.242586612701416,4174.0,4451.071428571428
ablation_no_zero_mask,1998,84,6,P6,84,1.6791666666666674e-05,-0.005752678727731109,4091.0,4068.0,10.314359664916992,0.6555132865905762,10.969872951507568,4000.0,4306.416666666667
ablation_no_zero_mask,1999,84,7,P7,84,1.675e-05,-0.0035556505026761442,5890.0,5905.0,15.223202228546143,0.987060546875,16.210262775421143,5805.0,6142.452380952381
ablation_no_zero_mask,2000,84,8,P8,84,1.6708333333333337e-05,-0.006874735176097602,5695.0,5650.0,12.849051713943481,0.8388020992279053,13.687853813171387,5650.0,6022.226190476191
ablation_no_zero_mask,2001,84,9,P9,84,1.6666666666666664e-05,0.003481841631582938,5460.0,5460.0,12.053442239761353,0.7985613346099854,12.852003574371338,5390.0,5742.535714285715
ablation_no_zero_mask,2002,84,10,P10,84,1.6625e-05,-0.0023030226002447307,5667.0,5728.0,7.4724342823028564,0.5030117034912109,7.975445985794067,5528.0,5894.642857142857
ablation_no_zero_mask,2003,84,11,P11,84,1.658333333333334e-05,-0.005285067891236395,11389.0,11434.0,14.574446439743042,1.0194158554077148,15.593862295150757,11434.0,11835.0
ablation_no_zero_mask,2004,84,12,P12,84,1.6541666666666668e-05,-0.010115454788319767,11907.0,11885.0,17.42722988128662,1.1636738777160645,18.590903759002686,11675.0,12485.952380952382
ablation_no_zero_mask,2005,84,13,P13,84,1.6500000000000005e-05,0.0005316340120771201,20002.0,20047.0,44.1253342628479,3.536576509475708,47.66191077232361,19524.0,21126.75
ablation_no_zero_mask,2006,84,14,P14,84,1.645833333333333e-05,0.0017950399269466288,22255.0,22354.0,44.85220909118652,3.4353697299957275,48.28757882118225,21784.0,23277.130952380954
ablation_no_zero_mask,2007,84,15,P15,84,1.6416666666666668e-05,-0.004031950622447766,20629.0,20543.0,44.848063707351685,3.3624117374420166,48.2104754447937,20073.0,21295.071428571428
ablation_no_zero_mask,2008,84,16,P16,84,1.6374999999999995e-05,-0.007151805702596903,20660.0,20577.0,54.19093632698059,4.188718557357788,58.37965488433838,20234.0,21250.630952380954
ablation_no_zero_mask,2009,84,17,P17,84,1.6333333333333335e-05,0.0007832352774130413,21398.0,21408.0,54.76637101173401,4.269902229309082,59.03627324104309,20793.0,22035.630952380954
ablation_no_zero_mask,2010,84,18,P18,84,1.6291666666666672e-05,0.002012719832418952,20863.0,20583.0,53.101625204086304,4.023132085800171,57.124757289886475,20206.0,21264.10714285714
ablation_no_zero_mask,2011,84,19,P19,84,1.625e-05,0.0023990551417227834,23240.0,22970.0,53.593992710113525,4.215168476104736,57.80916118621826,22792.0,23973.619047619046
ablation_no_zero_mask,2012,84,20,P20,84,1.6208333333333335e-05,-0.0050267673330381514,22505.0,22677.0,57.53221869468689,4.820025682449341,62.35224437713623,22414.0,23456.77380952381
ablation_no_zero_mask,2013,84,21,P21,84,1.6166666666666662e-05,0.0032048195716924965,23999.0,23900.0,62.12578773498535,4.793981552124023,66.91976928710938,23343.0,24747.5
ablation_no_zero_mask,2014,84,22,P22,84,1.6125000000000002e-05,-0.0018507464381400495,23621.0,23351.0,61.32925581932068,4.96132230758667,66.29057812690735,23028.0,24039.464285714286
ablation_no_zero_mask,2015,84,23,P23,84,1.608333333333334e-05,0.0005384848387361022,32278.0,32110.0,84.27426838874817,6.722160339355469,90.99642872810364,31687.0,33405.26190476191
ablation_no_zero_mask,2016,84,24,P24,84,1.6041666666666666e-05,0.000388014276541071,24185.0,24184.0,54.57793211936951,4.307943105697632,58.88587522506714,23598.0,24825.119047619046
ablation_no_zero_mask,2017,85,1,P1,85,1.6000000000000003e-05,0.007419058296363801,6566.0,6577.0,12.141882181167603,0.8162338733673096,12.958116054534912,6336.0,6665.564705882353
ablation_no_zero_mask,2018,85,2,P2,85,1.595833333333333e-05,0.002947109576780349,8627.0,8693.0,15.618491888046265,1.0310804843902588,16.649572372436523,8280.0,8834.929411764706
ablation_no_zero_mask,2019,85,3,P3,85,1.591666666666667e-05,0.006755824608262628,6475.0,6559.0,11.669013738632202,0.7483224868774414,12.417336225509644,6055.0,6726.564705882353
ablation_no_zero_mask,2020,85,4,P4,85,1.5874999999999996e-05,0.006043542176485062,3706.0,3724.0,9.062925338745117,0.5712416172027588,9.634166955947876,3662.0,3868.8470588235296
ablation_no_zero_mask,2021,85,5,P5,85,1.5833333333333333e-05,0.006472893641330302,4290.0,4174.0,9.59730577468872,0.6210582256317139,10.218364000320435,4174.0,4447.8117647058825
ablation_no_zero_mask,2022,85,6,P6,85,1.579166666666667e-05,0.0034235917846672237,4098.0,4092.0,10.20070195198059,0.7226300239562988,10.92333197593689,4000.0,4303.894117647059
ablation_no_zero_mask,2023,85,7,P7,85,1.5749999999999997e-05,-0.005246646353043616,5820.0,5865.0,14.674591779708862,1.004777431488037,15.6793692111969,5805.0,6139.1882352941175
ablation_no_zero_mask,2024,85,8,P8,85,1.5708333333333337e-05,-0.0053211760823614895,5685.0,5730.0,12.861441612243652,0.850304126739502,13.711745738983154,5650.0,6018.788235294118
ablation_no_zero_mask,2025,85,9,P9,85,1.5666666666666663e-05,0.006369518232531846,5480.0,5400.0,12.309417486190796,0.8236830234527588,13.133100509643555,5390.0,5738.505882352942
ablation_no_zero_mask,2026,85,10,P10,85,1.5625e-05,-0.0029461144004017115,5704.0,5628.0,7.689655065536499,0.5225520133972168,8.212207078933716,5528.0,5891.505882352942
ablation_no_zero_mask,2027,85,11,P11,85,1.5583333333333337e-05,-0.008774520654696971,11389.0,11434.0,14.968985319137573,1.029120922088623,15.998106241226196,11434.0,11830.282352941176
ablation_no_zero_mask,2028,85,12,P12,85,1.5541666666666664e-05,-0.0032290084345731884,12191.0,11912.0,17.837759971618652,1.1993439197540283,19.03710389137268,11675.0,12479.2
ablation_no_zero_mask,2029,85,13,P13,85,1.5500000000000004e-05,-0.0020808526969631203,19900.0,19863.0,44.91203188896179,3.396763801574707,48.3087956905365,19524.0,21111.882352941175
ablation_no_zero_mask,2030,85,14,P14,85,1.545833333333333e-05,0.0020270477471058257,22125.0,22168.0,45.59992456436157,3.379225015640259,48.97914958000183,21784.0,23264.082352941175
ablation_no_zero_mask,2031,85,15,P15,85,1.5416666666666668e-05,-0.003404909453820437,20479.0,20459.0,46.13406753540039,3.4437694549560547,49.577836990356445,20073.0,21285.235294117647
ablation_no_zero_mask,2032,85,16,P16,85,1.5375000000000004e-05,-0.006922244816087187,20649.0,20467.0,55.13001346588135,4.2173683643341064,59.347381830215454,20234.0,21241.41176470588
ablation_no_zero_mask,2033,85,17,P17,85,1.5333333333333334e-05,0.0006364803553879028,21328.0,21224.0,56.761356830596924,4.5973124504089355,61.35866928100586,20793.0,22026.082352941175
ablation_no_zero_mask,2034,85,18,P18,85,1.529166666666667e-05,0.00027008843571820764,20534.0,20412.0,52.097275733947754,3.969137668609619,56.06641340255737,20206.0,21254.082352941175
ablation_no_zero_mask,2035,85,19,P19,85,1.5249999999999998e-05,0.002527831494808197,23069.0,23026.0,54.82498478889465,4.364511489868164,59.18949627876282,22792.0,23962.470588235294
ablation_no_zero_mask,2036,85,20,P20,85,1.5208333333333335e-05,-0.0039680399815551935,22538.0,22737.0,58.86538863182068,4.585735321044922,63.4511239528656,22414.0,23448.305882352943
ablation_no_zero_mask,2037,85,21,P21,85,1.5166666666666663e-05,0.0015257306687999517,23954.0,23696.0,63.07124972343445,4.953878879547119,68.02512860298157,23343.0,24735.129411764705
ablation_no_zero_mask,2038,85,22,P22,85,1.5125e-05,-0.0010272618441376836,23341.0,23413.0,61.51240801811218,4.886840343475342,66.39924836158752,23028.0,24032.09411764706
ablation_no_zero_mask,2039,85,23,P23,85,1.5083333333333339e-05,0.0004210415701371468,32289.0,32081.0,84.3772439956665,6.569599390029907,90.94684338569641,31687.0,33389.68235294118
ablation_no_zero_mask,2040,85,24,P24,85,1.5041666666666665e-05,-0.0012524708348792047,24014.0,23962.0,55.255064964294434,4.417210340499878,59.67227530479431,23598.0,24814.964705882354
ablation_no_zero_mask,2041,86,1,P1,86,1.5000000000000004e-05,0.008945803972892463,6563.0,6467.0,12.627046346664429,0.8269038200378418,13.45395016670227,6336.0,6663.2558139534885
ablation_no_zero_mask,2042,86,2,P2,86,1.495833333333333e-05,0.0019602419015427586,8703.0,8635.0,15.925915479660034,1.0778934955596924,17.003808975219727,8280.0,8832.60465116279
ablation_no_zero_mask,2043,86,3,P3,86,1.4916666666666667e-05,-0.00279771755594993,6356.0,6497.0,11.475802898406982,0.7486658096313477,12.22446870803833,6055.0,6723.895348837209
ablation_no_zero_mask,2044,86,4,P4,86,1.4875000000000006e-05,0.007580837234854698,3680.0,3695.0,9.010990381240845,0.5928041934967041,9.603794574737549,3662.0,3866.8255813953488
ablation_no_zero_mask,2045,86,5,P5,86,1.4833333333333332e-05,0.006594545789994299,4238.0,4168.0,9.942352056503296,0.644057035446167,10.586409091949463,4168.0,4444.558139534884
ablation_no_zero_mask,2046,86,6,P6,86,1.4791666666666671e-05,0.014634269988164306,4162.0,4111.0,10.109973192214966,0.6663217544555664,10.776294946670532,4000.0,4301.6511627906975
ablation_no_zero_mask,2047,86,7,P7,86,1.4749999999999998e-05,0.0014556331589119509,5920.0,5880.0,14.722438335418701,0.9434676170349121,15.665905952453613,5805.0,6136.174418604651
ablation_no_zero_mask,2048,86,8,P8,86,1.4708333333333335e-05,-0.007447201351169497,5760.0,5743.0,13.361127138137817,0.8707995414733887,14.231926679611206,5650.0,6015.581395348837
ablation_no_zero_mask,2049,86,9,P9,86,1.4666666666666661e-05,0.005488873604917899,5499.0,5400.0,12.204468488693237,0.8349342346191406,13.039402723312378,5390.0,5734.569767441861
ablation_no_zero_mask,2050,86,10,P10,86,1.4625e-05,-0.011763304471969604,5674.0,5688.0,7.784697771072388,0.510878324508667,8.295576095581055,5528.0,5889.139534883721
ablation_no_zero_mask,2051,86,11,P11,86,1.4583333333333338e-05,-0.008643379551358521,11434.0,11434.0,14.69643259048462,1.006636381149292,15.703068971633911,11434.0,11825.67441860465
ablation_no_zero_mask,2052,86,12,P12,86,1.4541666666666665e-05,0.004810703016119078,12240.0,11980.0,17.36115312576294,1.1536247730255127,18.514777898788452,11675.0,12473.39534883721
ablation_no_zero_mask,2053,86,13,P13,86,1.4500000000000002e-05,0.004210924424114637,20076.0,20181.0,43.299418210983276,3.255971670150757,46.55538988113403,19524.0,21101.058139534885
ablation_no_zero_mask,2054,86,14,P14,86,1.4458333333333328e-05,-0.0019902296335203573,22266.0,22102.0,44.089715242385864,3.41914701461792,47.508862257003784,21784.0,23250.56976744186
ablation_no_zero_mask,2055,86,15,P15,86,1.4416666666666667e-05,0.0007500973683818302,20627.0,20238.0,45.21446371078491,3.4692721366882324,48.683735847473145,20073.0,21273.058139534885
ablation_no_zero_mask,2056,86,16,P16,86,1.4375000000000006e-05,-0.006587686343118548,20780.0,20534.0,55.77595067024231,4.285939455032349,60.06189012527466,20234.0,21233.18604651163
ablation_no_zero_mask,2057,86,17,P17,86,1.4333333333333332e-05,0.0011167147211381234,21344.0,21431.0,57.238996267318726,4.327470779418945,61.56646704673767,20793.0,22019.162790697676
ablation_no_zero_mask,2058,86,18,P18,86,1.4291666666666669e-05,-0.00023909651699796086,20632.0,20619.0,52.95251488685608,4.129637241363525,57.082152128219604,20206.0,21246.697674418603
ablation_no_zero_mask,2059,86,19,P19,86,1.4249999999999997e-05,0.0014346167852636426,23246.0,22946.0,53.922412395477295,4.2429375648498535,58.16534996032715,22792.0,23950.6511627907
ablation_no_zero_mask,2060,86,20,P20,86,1.4208333333333334e-05,-0.002773676620563492,22599.0,22562.0,57.72040367126465,4.732693433761597,62.453097105026245,22414.0,23438.0
ablation_no_zero_mask,2061,86,21,P21,86,1.4166666666666673e-05,0.0010698038691771216,23921.0,23811.0,63.17029857635498,4.925819635391235,68.09611821174622,23343.0,24724.383720930233
ablation_no_zero_mask,2062,86,22,P22,86,1.4125e-05,0.00033824199872469765,23503.0,23518.0,60.89179587364197,4.907593011856079,65.79938888549805,23028.0,24026.116279069767
ablation_no_zero_mask,2063,86,23,P23,86,1.4083333333333338e-05,-0.0008812674849260864,32154.0,32118.0,83.28547430038452,6.919808864593506,90.20528316497803,31687.0,33374.895348837206
ablation_no_zero_mask,2064,86,24,P24,86,1.4041666666666665e-05,-0.00014209199525794247,24191.0,23938.0,55.841525077819824,4.30412483215332,60.145649909973145,23598.0,24804.767441860466
ablation_no_zero_mask,2065,87,1,P1,87,1.4000000000000001e-05,0.00836078985594213,6564.0,6617.0,12.249983549118042,0.8004879951477051,13.050471544265747,6336.0,6662.724137931034
ablation_no_zero_mask,2066,87,2,P2,87,1.3958333333333328e-05,0.0009485126320214476,8672.0,8749.0,15.336548566818237,1.0339834690093994,16.370532035827637,8280.0,8831.643678160919
ablation_no_zero_mask,2067,87,3,P3,87,1.3916666666666667e-05,0.006967112451093271,6450.0,6634.0,11.063896179199219,0.7427420616149902,11.806638240814209,6055.0,6722.862068965517
ablation_no_zero_mask,2068,87,4,P4,87,1.3875000000000005e-05,-0.002461862051859498,3754.0,3678.0,8.603805780410767,0.5604982376098633,9.16430401802063,3662.0,3864.655172413793
ablation_no_zero_mask,2069,87,5,P5,87,1.3833333333333332e-05,-0.009958372917026281,4234.0,4222.0,9.706787109375,0.636415958404541,10.343203067779541,4168.0,4442.0
ablation_no_zero_mask,2070,87,6,P6,87,1.3791666666666669e-05,-0.0038628168986178935,4092.0,4131.0,10.121155500411987,0.6782076358795166,10.799363136291504,4000.0,4299.689655172414
ablation_no_zero_mask,2071,87,7,P7,87,1.3749999999999995e-05,-0.009535548859275877,5845.0,5880.0,14.423543214797974,0.9642221927642822,15.387765407562256,5805.0,6133.229885057472
ablation_no_zero_mask,2072,87,8,P8,87,1.3708333333333334e-05,-0.004725046921521425,5720.0,5727.0,12.901658296585083,0.8401262760162354,13.741784572601318,5650.0,6012.264367816092
ablation_no_zero_mask,2073,87,9,P9,87,1.3666666666666672e-05,0.00485067447880283,5460.0,5490.0,12.17268681526184,0.803825855255127,12.976512670516968,5390.0,5731.758620689655
ablation_no_zero_mask,2074,87,10,P10,87,1.3624999999999999e-05,0.009195666061714292,5666.0,5688.0,7.529110670089722,0.5291457176208496,8.058256387710571,5528.0,5886.827586206897
ablation_no_zero_mask,2075,87,11,P11,87,1.3583333333333336e-05,0.0020160477797617204,11656.0,11434.0,14.806663036346436,1.0119688510894775,15.818631887435913,11434.0,11821.172413793103
ablation_no_zero_mask,2076,87,12,P12,87,1.3541666666666664e-05,-0.0019347330526215956,12135.0,12100.0,18.107364654541016,1.2172315120697021,19.324596166610718,11675.0,12469.103448275862
ablation_no_zero_mask,2077,87,13,P13,87,1.3500000000000001e-05,-0.0004837089393276983,20231.0,20107.0,44.83344769477844,3.380990743637085,48.21443843841553,19524.0,21089.632183908045
ablation_no_zero_mask,2078,87,14,P14,87,1.345833333333334e-05,0.0004466755517569254,22467.0,22306.0,45.90486454963684,3.4386298656463623,49.3434944152832,21784.0,23239.712643678162
ablation_no_zero_mask,2079,87,15,P15,87,1.3416666666666666e-05,-0.002701863326365128,20659.0,20544.0,46.47414231300354,3.570164442062378,50.04430675506592,20073.0,21264.67816091954
ablation_no_zero_mask,2080,87,16,P16,87,1.3375000000000005e-05,-0.009971573948860168,20909.0,20762.0,55.709264278411865,4.276199817657471,59.985464096069336,20234.0,21227.77011494253
ablation_no_zero_mask,2081,87,17,P17,87,1.3333333333333332e-05,0.0025476706796325743,21383.0,21482.0,54.97396373748779,4.382475137710571,59.356438875198364,20793.0,22012.988505747126
ablation_no_zero_mask,2082,87,18,P18,87,1.3291666666666668e-05,0.000995536557456944,20744.0,20661.0,52.22986316680908,4.106438636779785,56.33630180358887,20206.0,21239.96551724138
ablation_no_zero_mask,2083,87,19,P19,87,1.3249999999999995e-05,0.003401172166923061,23159.0,23309.0,54.16268491744995,4.293956279754639,58.45664119720459,22792.0,23943.275862068964
ablation_no_zero_mask,2084,87,20,P20,87,1.3208333333333334e-05,-0.005337531655095517,22711.0,22640.0,58.1192741394043,4.637699842453003,62.7569739818573,22414.0,23428.827586206895
ablation_no_zero_mask,2085,87,21,P21,87,1.3166666666666672e-05,0.004393138340674341,24028.0,23959.0,63.60600805282593,5.200033664703369,68.8060417175293,23343.0,24715.58620689655
ablation_no_zero_mask,2086,87,22,P22,87,1.3124999999999999e-05,-0.0020421178021933885,23499.0,23408.0,60.98489046096802,4.943115234375,65.92800569534302,23028.0,24019.011494252874
ablation_no_zero_mask,2087,87,23,P23,87,1.3083333333333336e-05,6.958186609803565e-05,32451.0,32417.0,81.78972792625427,6.788366079330444,88.57809400558472,31687.0,33363.88505747126
ablation_no_zero_mask,2088,87,24,P24,87,1.3041666666666662e-05,0.00029973729942867067,24162.0,24008.0,59.18538761138916,4.50895619392395,63.69434380531311,23598.0,24795.6091954023
ablation_no_zero_mask,2089,88,1,P1,88,1.3000000000000001e-05,0.005538338125916198,6587.0,6537.0,12.295969247817993,0.8408536911010742,13.136822938919067,6336.0,6661.295454545455
ablation_no_zero_mask,2090,88,2,P2,88,1.295833333333334e-05,0.003988182288594544,8620.0,8699.0,15.843288898468018,1.1012828350067139,16.94457173347473,8280.0,8830.136363636364
ablation_no_zero_mask,2091,88,3,P3,88,1.2916666666666666e-05,0.007758333656965988,6554.0,6400.0,11.570995330810547,0.7631723880767822,12.334167718887329,6055.0,6719.193181818182
ablation_no_zero_mask,2092,88,4,P4,88,1.2875000000000003e-05,-0.005414214567281306,3697.0,3706.0,9.006386756896973,0.6070172786712646,9.613404035568237,3662.0,3862.8522727272725
ablation_no_zero_mask,2093,88,5,P5,88,1.2833333333333331e-05,-0.007396779954433441,4262.0,4177.0,10.079058647155762,0.6763246059417725,10.755383253097534,4168.0,4438.988636363636
ablation_no_zero_mask,2094,88,6,P6,88,1.2791666666666668e-05,-0.004831788362935185,4054.0,4118.0,10.277383089065552,0.6702275276184082,10.94761061668396,4000.0,4297.625
ablation_no_zero_mask,2095,88,7,P7,88,1.2749999999999995e-05,-0.0008129374141390144,5875.0,5845.0,15.053189992904663,0.9915063381195068,16.04469633102417,5805.0,6129.954545454545
ablation_no_zero_mask,2096,88,8,P8,88,1.2708333333333333e-05,-0.0027095801633549854,5720.0,5710.0,13.090054273605347,0.8850142955780029,13.97506856918335,5650.0,6008.829545454545
ablation_no_zero_mask,2097,88,9,P9,88,1.2666666666666672e-05,-0.0014610805883421563,5460.0,5430.0,12.61192274093628,0.8346982002258301,13.44662094116211,5390.0,5728.329545454545
ablation_no_zero_mask,2098,88,10,P10,88,1.2624999999999999e-05,-0.0017104642174672335,5654.0,5688.0,7.825347661972046,0.5367851257324219,8.362132787704468,5528.0,5884.568181818182
ablation_no_zero_mask,2099,88,11,P11,88,1.2583333333333335e-05,0.0007025381892162841,11434.0,11434.0,15.692350625991821,1.0706400871276855,16.762990713119507,11434.0,11816.772727272728
ablation_no_zero_mask,2100,88,12,P12,88,1.2541666666666662e-05,-0.004943525302223861,11816.0,11925.0,17.662386417388916,1.2317776679992676,18.894164085388184,11675.0,12462.920454545454
ablation_no_zero_mask,2101,88,13,P13,88,1.25e-05,0.00346039209398441,19835.0,19810.0,44.03766131401062,3.3132383823394775,47.3508996963501,19524.0,21075.090909090908
ablation_no_zero_mask,2102,88,14,P14,88,1.2458333333333339e-05,0.0012559375645651016,22208.0,22304.0,45.419344663619995,3.550225257873535,48.96956992149353,21784.0,23229.079545454544
ablation_no_zero_mask,2103,88,15,P15,88,1.2416666666666666e-05,-0.004299474181607366,20434.0,20384.0,45.70196175575256,3.4646873474121094,49.16664910316467,20073.0,21254.670454545456
ablation_no_zero_mask,2104,88,16,P16,88,1.2375000000000003e-05,-0.007104079076088965,20530.0,20408.0,54.866538286209106,4.262967824935913,59.12950611114502,20234.0,21218.454545454544
ablation_no_zero_mask,2105,88,17,P17,88,1.233333333333333e-05,0.0028576354845426975,21288.0,21283.0,55.13735866546631,4.232834577560425,59.37019324302673,20793.0,22004.69318181818
ablation_no_zero_mask,2106,88,18,P18,88,1.2291666666666668e-05,0.00017837675404734908,20773.0,20436.0,51.14631724357605,4.068566083908081,55.21488332748413,20206.0,21230.829545454544
ablation_no_zero_mask,2107,88,19,P19,88,1.2250000000000006e-05,0.0018694834914640523,23074.0,23140.0,54.751832008361816,4.248391628265381,59.0002236366272,22792.0,23934.147727272728
ablation_no_zero_mask,2108,88,20,P20,88,1.2208333333333333e-05,-0.002674654859583825,22600.0,22583.0,57.297340869903564,4.767134666442871,62.064475536346436,22414.0,23419.215909090908
ablation_no_zero_mask,2109,88,21,P21,88,1.216666666666667e-05,0.0010352123565098737,23805.0,23741.0,64.25779247283936,4.962362289428711,69.22015476226807,23343.0,24704.511363636364
ablation_no_zero_mask,2110,88,22,P22,88,1.2124999999999998e-05,0.0002166041511372896,23218.0,23237.0,61.89704966545105,4.9710986614227295,66.86814832687378,23028.0,24010.125
ablation_no_zero_mask,2111,88,23,P23,88,1.2083333333333335e-05,0.0002831914433565024,32212.0,31824.0,83.39849472045898,6.552515983581543,89.95101070404053,31687.0,33346.38636363636
ablation_no_zero_mask,2112,88,24,P24,88,1.2041666666666662e-05,-0.001592418086147518,23923.0,23887.0,56.576935052871704,4.374707221984863,60.95164227485657,23598.0,24785.284090909092
ablation_no_zero_mask,2113,89,1,P1,89,1.2e-05,0.013886212720535696,6634.0,6550.0,12.376218795776367,0.8224620819091797,13.198680877685547,6336.0,6660.044943820225
ablation_no_zero_mask,2114,89,2,P2,89,1.1958333333333339e-05,0.00034527958632679656,8792.0,8692.0,15.841470718383789,1.0229032039642334,16.864373922348022,8280.0,8828.58426966292
ablation_no_zero_mask,2115,89,3,P3,89,1.1916666666666666e-05,0.0064512829994782805,6546.0,6400.0,11.049639225006104,0.742882251739502,11.792521476745605,6055.0,6715.606741573034
ablation_no_zero_mask,2116,89,4,P4,89,1.1875000000000002e-05,0.003735464299097657,3747.0,3696.0,8.542781114578247,0.5959649085998535,9.1387460231781,3662.0,3860.9775280898875
ablation_no_zero_mask,2117,89,5,P5,89,1.1833333333333329e-05,-0.0065392524702474475,4242.0,4177.0,9.383511304855347,0.6282434463500977,10.011754751205444,4168.0,4436.044943820225
ablation_no_zero_mask,2118,89,6,P6,89,1.1791666666666668e-05,0.009722304297611117,4198.0,4120.0,9.647015810012817,0.6482007503509521,10.29521656036377,4000.0,4295.6292134831465
ablation_no_zero_mask,2119,89,7,P7,89,1.1750000000000006e-05,-0.0019003787674591877,5860.0,5920.0,14.561318159103394,0.9372754096984863,15.49859356880188,5805.0,6127.595505617977
ablation_no_zero_mask,2120,89,8,P8,89,1.1708333333333333e-05,-0.004638239741325378,5730.0,5690.0,13.102068185806274,0.8766624927520752,13.97873067855835,5650.0,6005.247191011236
ablation_no_zero_mask,2121,89,9,P9,89,1.166666666666667e-05,-0.0021364785643527284,5450.0,5450.0,12.164958953857422,0.8078687191009521,12.972827672958374,5390.0,5725.202247191011
ablation_no_zero_mask,2122,89,10,P10,89,1.1624999999999996e-05,-0.008252244675531983,5593.0,5688.0,7.577687501907349,0.57431960105896,8.152007102966309,5528.0,5882.359550561798
ablation_no_zero_mask,2123,89,11,P11,89,1.1583333333333335e-05,-0.005805982160381973,11434.0,11434.0,14.686873435974121,1.0010480880737305,15.687921524047852,11434.0,11812.47191011236
ablation_no_zero_mask,2124,89,12,P12,89,1.1541666666666661e-05,-0.005172589357243851,11895.0,11980.0,17.354706525802612,1.1797142028808594,18.53442072868347,11675.0,12457.494382022473
ablation_no_zero_mask,2125,89,13,P13,89,1.15e-05,0.0026229394898109604,20086.0,19947.0,44.059457778930664,3.3506548404693604,47.410112619400024,19524.0,21062.415730337078
ablation_no_zero_mask,2126,89,14,P14,89,1.1458333333333337e-05,0.002465269106323831,22454.0,22110.0,44.99055862426758,3.3852479457855225,48.3758065700531,21784.0,23216.505617977527
ablation_no_zero_mask,2127,89,15,P15,89,1.1416666666666665e-05,-0.005102692433865741,20477.0,20475.0,45.47142696380615,3.4008378982543945,48.87226486206055,20073.0,21245.91011235955
ablation_no_zero_mask,2128,89,16,P16,89,1.1375000000000002e-05,-0.006128667993471027,20743.0,20632.0,55.84886050224304,4.195681095123291,60.04454159736633,20234.0,21211.865168539327
ablation_no_zero_mask,2129,89,17,P17,89,1.1333333333333329e-05,0.0014544161065714433,21330.0,21199.0,55.29730272293091,4.222756862640381,59.52005958557129,20793.0,21995.6404494382
ablation_no_zero_mask,2130,89,18,P18,89,1.1291666666666667e-05,-0.0005950834285613383,20453.0,20503.0,52.65988039970398,4.245246648788452,56.90512704849243,20206.0,21222.65168539326
ablation_no_zero_mask,2131,89,19,P19,89,1.1250000000000006e-05,0.0022740976070053875,23138.0,23265.0,54.97175073623657,4.321962118148804,59.293712854385376,22792.0,23926.629213483146
ablation_no_zero_mask,2132,89,20,P20,89,1.1208333333333332e-05,-0.003206036373740062,22681.0,22631.0,59.17761254310608,4.612144708633423,63.7897572517395,22414.0,23410.3595505618
ablation_no_zero_mask,2133,89,21,P21,89,1.116666666666667e-05,0.00206941615906544,24127.0,23865.0,63.63784193992615,4.917741775512695,68.55558371543884,23343.0,24695.078651685395
ablation_no_zero_mask,2134,89,22,P22,89,1.1124999999999996e-05,-0.0014444928601733409,23391.0,23533.0,62.480950355529785,4.840970277786255,67.32192063331604,23028.0,24004.76404494382
ablation_no_zero_mask,2135,89,23,P23,89,1.1083333333333335e-05,0.0016381226658787845,32316.0,32226.0,83.12751173973083,6.956786870956421,90.08429861068726,31687.0,33333.79775280899
ablation_no_zero_mask,2136,89,24,P24,89,1.1041666666666673e-05,-0.002196144632762298,24064.0,24069.0,54.83966088294983,4.3894267082214355,59.229087591171265,23598.0,24777.23595505618
ablation_no_zero_mask,2137,90,1,P1,90,1.1e-05,0.012567980797030032,6576.0,6637.0,12.44971251487732,0.812324047088623,13.262036561965942,6336.0,6659.788888888889
ablation_no_zero_mask,2138,90,2,P2,90,1.0958333333333337e-05,0.0034364165330771357,8686.0,8638.0,15.650449514389038,1.0599567890167236,16.71040630340576,8280.0,8826.466666666667
ablation_no_zero_mask,2139,90,3,P3,90,1.0916666666666663e-05,-0.0010638189123710617,6449.0,6549.0,11.262269973754883,0.7528173923492432,12.015087366104126,6055.0,6713.7555555555555
ablation_no_zero_mask,2140,90,4,P4,90,1.0875000000000002e-05,-0.001843336591264233,3706.0,3712.0,8.786603927612305,0.5833292007446289,9.369933128356934,3662.0,3859.322222222222
ablation_no_zero_mask,2141,90,5,P5,90,1.0833333333333328e-05,0.0029615439707413316,4240.0,4177.0,9.627030611038208,0.637397050857544,10.264427661895752,4168.0,4433.166666666667
ablation_no_zero_mask,2142,90,6,P6,90,1.0791666666666667e-05,0.011034272378310561,4159.0,4052.0,10.055940628051758,0.6660006046295166,10.721941232681274,4000.0,4292.922222222222
ablation_no_zero_mask,2143,90,7,P7,90,1.0750000000000004e-05,0.006445789651479572,5910.0,5900.0,14.737344026565552,1.012575387954712,15.749919414520264,5805.0,6125.066666666667
ablation_no_zero_mask,2144,90,8,P8,90,1.0708333333333332e-05,-0.00154366215247137,5810.0,5750.0,13.138265609741211,0.8690872192382812,14.007352828979492,5650.0,6002.4111111111115
ablation_no_zero_mask,2145,90,9,P9,90,1.0666666666666669e-05,-0.004973217547558306,5460.0,5470.0,12.226332187652588,0.814734697341919,13.041066884994507,5390.0,5722.366666666667
ablation_no_zero_mask,2146,90,10,P10,90,1.0624999999999996e-05,0.0008469405875075608,5754.0,5688.0,7.474866151809692,0.5063648223876953,7.981230974197388,5528.0,5880.2
ablation_no_zero_mask,2147,90,11,P11,90,1.0583333333333334e-05,-0.007294860202819109,11532.0,11434.0,14.673348903656006,0.993826150894165,15.667175054550171,11434.0,11808.266666666666
ablation_no_zero_mask,2148,90,12,P12,90,1.0541666666666673e-05,-0.005528074863832444,11937.0,11980.0,18.316519737243652,1.2129061222076416,19.529425859451294,11675.0,12452.18888888889
ablation_no_zero_mask,2149,90,13,P13,90,1.05e-05,0.002562074674642645,20314.0,20121.0,44.96514701843262,3.2663373947143555,48.23148441314697,19524.0,21051.955555555556
ablation_no_zero_mask,2150,90,14,P14,90,1.0458333333333336e-05,0.002003797057113843,22635.0,22304.0,44.35784125328064,3.3280527591705322,47.68589401245117,21784.0,23206.366666666665
ablation_no_zero_mask,2151,90,15,P15,90,1.0416666666666663e-05,-0.004729523017886095,20571.0,20313.0,46.45257568359375,3.5851287841796875,50.03770446777344,20073.0,21235.544444444444
ablation_no_zero_mask,2152,90,16,P16,90,1.0375000000000001e-05,-0.006738462927751243,20617.0,20658.0,55.85932755470276,4.356739282608032,60.21606683731079,20234.0,21205.71111111111
ablation_no_zero_mask,2153,90,17,P17,90,1.033333333333334e-05,0.0032717113383114336,21396.0,21510.0,55.93486928939819,4.2647600173950195,60.19962930679321,20793.0,21990.244444444445
ablation_no_zero_mask,2154,90,18,P18,90,1.0291666666666667e-05,-0.0013013951967877802,20579.0,20455.0,53.40539026260376,4.0350542068481445,57.440444469451904,20206.0,21214.12222222222
ablation_no_zero_mask,2155,90,19,P19,90,1.0250000000000004e-05,0.0016852718748850749,23096.0,23104.0,55.99175024032593,4.348831653594971,60.3405818939209,22792.0,23917.48888888889
ablation_no_zero_mask,2156,90,20,P20,90,1.020833333333333e-05,-0.0022536929929628967,22840.0,22761.0,58.34409213066101,4.531414985656738,62.87550711631775,22414.0,23403.144444444446
ablation_no_zero_mask,2157,90,21,P21,90,1.0166666666666669e-05,0.0003392307475223788,23924.0,24001.0,63.35117864608765,5.173610687255859,68.5247893333435,23343.0,24687.366666666665
ablation_no_zero_mask,2158,90,22,P22,90,1.0124999999999995e-05,0.0005739935691963183,23588.0,23478.0,61.6545295715332,4.941067695617676,66.59559726715088,23028.0,23998.911111111112
ablation_no_zero_mask,2159,90,23,P23,90,1.0083333333333334e-05,9.697256239503207e-05,32649.0,32669.0,83.64713788032532,6.693545579910278,90.3406834602356,31687.0,33326.41111111111
ablation_no_zero_mask,2160,90,24,P24,90,1.004166666666667e-05,-0.00243860874325037,24242.0,24128.0,56.03269147872925,4.590553522109985,60.62324500083923,23598.0,24770.022222222222
ablation_no_zero_mask,2161,91,1,P1,91,1e-05,0.008649108232930303,6613.0,6539.0,12.16203761100769,0.8079917430877686,12.970029354095459,6336.0,6658.461538461538
ablation_no_zero_mask,2162,91,2,P2,91,1e-05,0.008629650226794183,8769.0,8723.0,15.434224843978882,1.0776350498199463,16.511859893798828,8280.0,8825.329670329671
ablation_no_zero_mask,2163,91,3,P3,91,1e-05,-0.005629686304018833,6416.0,6409.0,11.14445424079895,0.7424662113189697,11.88692045211792,6055.0,6710.406593406594
ablation_no_zero_mask,2164,91,4,P4,91,1e-05,0.0034704269492067397,3706.0,3696.0,8.560118436813354,0.564795970916748,9.124914407730103,3662.0,3857.5274725274726
ablation_no_zero_mask,2165,91,5,P5,91,1e-05,0.001276186783798039,4234.0,4222.0,9.487709999084473,0.630915641784668,10.11862564086914,4168.0,4430.846153846154
ablation_no_zero_mask,2166,91,6,P6,91,1e-05,0.012895685387775302,4184.0,4142.0,9.977574825286865,0.6578290462493896,10.635403871536255,4000.0,4291.263736263736
ablation_no_zero_mask,2167,91,7,P7,91,1e-05,0.005789622548036277,5910.0,5900.0,14.348119258880615,0.9465482234954834,15.294667482376099,5805.0,6122.593406593406
ablation_no_zero_mask,2168,91,8,P8,91,1e-05,-0.0013618996672448702,5770.0,5720.0,12.598665475845337,0.8375303745269775,13.436195850372314,5650.0,5999.307692307692
ablation_no_zero_mask,2169,91,9,P9,91,1e-05,-0.0043783318214991596,5495.0,5440.0,12.538039207458496,0.8485901355743408,13.386629343032837,5390.0,5719.263736263736
ablation_no_zero_mask,2170,91,10,P10,91,1e-05,-0.0011922224657610059,5739.0,5688.0,7.966001033782959,0.5073330402374268,8.473334074020386,5528.0,5878.087912087912
ablation_no_zero_mask,2171,91,11,P11,91,1e-05,-0.007447803684044629,11594.0,11434.0,14.783846378326416,0.9872455596923828,15.771091938018799,11434.0,11804.153846153846
ablation_no_zero_mask,2172,91,12,P12,91,1e-05,0.0015555852951365523,12231.0,11980.0,17.541568994522095,1.1883196830749512,18.729888677597046,11675.0,12447.0
ablation_no_zero_mask,2173,91,13,P13,91,1e-05,0.0028518261897261254,20359.0,20184.0,44.29074501991272,3.34039568901062,47.63114070892334,19524.0,21042.417582417584
ablation_no_zero_mask,2174,91,14,P14,91,1e-05,-0.00044960872105548333,22544.0,22111.0,45.198927879333496,3.406287908554077,48.60521578788757,21784.0,23194.32967032967
ablation_no_zero_mask,2175,91,15,P15,91,1e-05,-0.0023968313398654573,20507.0,20364.0,46.70734930038452,3.4465949535369873,50.15394425392151,20073.0,21225.967032967033
ablation_no_zero_mask,2176,91,16,P16,91,1e-05,-0.006499599781818688,20748.0,20538.0,57.18093800544739,4.362316131591797,61.543254137039185,20234.0,21198.373626373625
ablation_no_zero_mask,2177,91,17,P17,91,1e-05,0.0009402456162206363,21174.0,21352.0,55.492650270462036,4.29707670211792,59.789726972579956,20793.0,21983.23076923077
ablation_no_zero_mask,2178,91,18,P18,91,1e-05,0.0006317816551018041,20612.0,20460.0,51.55767488479614,4.159847259521484,55.71752214431763,20206.0,21205.835164835164
ablation_no_zero_mask,2179,91,19,P19,91,1e-05,0.0016186993132578209,23181.0,23174.0,54.25385808944702,4.302343130111694,58.556201219558716,22792.0,23909.31868131868
ablation_no_zero_mask,2180,91,20,P20,91,1e-05,-0.0025355015066452326,22949.0,22576.0,57.96531367301941,4.615521192550659,62.58083486557007,22414.0,23394.054945054944
ablation_no_zero_mask,2181,91,21,P21,91,1e-05,-0.00041267631750088187,23955.0,23866.0,62.892242193222046,4.927000522613525,67.81924271583557,23343.0,24678.340659340658
ablation_no_zero_mask,2182,91,22,P22,91,1e-05,0.0013411234132945538,23352.0,23428.0,63.43512272834778,4.984900712966919,68.4200234413147,23028.0,23992.637362637364
ablation_no_zero_mask,2183,91,23,P23,91,1e-05,-0.0006860901485197246,32302.0,32234.0,82.69977402687073,6.861840009689331,89.56161403656006,31687.0,33314.406593406595
ablation_no_zero_mask,2184,91,24,P24,91,1e-05,-0.000315263327138382,24330.0,24228.0,55.7624716758728,4.45034384727478,60.21281552314758,23598.0,24764.065934065933
ablation_no_zero_mask,2185,92,1,P1,92,1e-05,-0.0009915084956446663,6604.0,6552.0,12.268007755279541,0.8235132694244385,13.09152102470398,6336.0,6657.304347826087
ablation_no_zero_mask,2186,92,2,P2,92,1e-05,0.0007665751763852313,8620.0,8693.0,15.771075248718262,1.053703784942627,16.82477903366089,8280.0,8823.891304347826
ablation_no_zero_mask,2187,92,3,P3,92,1e-05,0.006655161116214003,6537.0,6529.0,11.635298490524292,0.7680203914642334,12.403318881988525,6055.0,6708.434782608696
ablation_no_zero_mask,2188,92,4,P4,92,1e-05,0.002046201901976019,3718.0,3714.0,8.899775505065918,0.5947830677032471,9.494558572769165,3662.0,3855.967391304348
ablation_no_zero_mask,2189,92,5,P5,92,1e-05,-6.456419214373454e-05,4270.0,4210.0,9.766843795776367,0.637930154800415,10.404773950576782,4168.0,4428.445652173913
ablation_no_zero_mask,2190,92,6,P6,92,1e-05,0.010163773549720645,4182.0,4142.0,10.083686351776123,0.6840426921844482,10.767729043960571,4000.0,4289.641304347826
ablation_no_zero_mask,2191,92,7,P7,92,1e-05,0.004782965843332931,5940.0,5950.0,14.971506834030151,0.99094557762146,15.962452411651611,5805.0,6120.717391304348
ablation_no_zero_mask,2192,92,8,P8,92,1e-05,-0.004738709971206845,5770.0,5725.0,13.342463970184326,0.8693788051605225,14.211842775344849,5650.0,5996.326086956522
ablation_no_zero_mask,2193,92,9,P9,92,1e-05,-0.008481695724185556,5470.0,5445.0,12.677573919296265,0.8174591064453125,13.495033025741577,5390.0,5716.282608695652
ablation_no_zero_mask,2194,92,10,P10,92,1e-05,0.0021596028236672282,5747.0,5688.0,7.696377277374268,0.532724142074585,8.229101419448853,5528.0,5876.021739130435
ablation_no_zero_mask,2195,92,11,P11,92,1e-05,-0.0019882378983311355,11489.0,11434.0,15.11566948890686,1.0069048404693604,16.12257432937622,11434.0,11800.130434782608
ablation_no_zero_mask,2196,92,12,P12,92,1e-05,-0.005364360986277461,11932.0,11980.0,17.88312840461731,1.224679708480835,19.107808113098145,11675.0,12441.923913043478
ablation_no_zero_mask,2197,92,13,P13,92,1e-05,0.005188933457247913,20249.0,20000.0,45.47235918045044,3.2895941734313965,48.761953353881836,19524.0,21031.08695652174
ablation_no_zero_mask,2198,92,14,P14,92,1e-05,0.0015924421952604462,22432.0,22133.0,44.06020498275757,3.3140194416046143,47.37422442436218,21784.0,23182.793478260868
ablation_no_zero_mask,2199,92,15,P15,92,1e-05,-0.0026818019105121493,20556.0,20644.0,45.055200815200806,3.455622911453247,48.51082372665405,20073.0,21219.641304347828
ablation_no_zero_mask,2200,92,16,P16,92,1e-05,-0.007802335219457746,20704.0,20688.0,55.49127268791199,4.24729585647583,59.73856854438782,20234.0,21192.82608695652
ablation_no_zero_mask,2201,92,17,P17,92,1e-05,0.0026874066097661853,21376.0,21304.0,55.24179768562317,4.287757396697998,59.52955508232117,20793.0,21975.847826086956
ablation_no_zero_mask,2202,92,18,P18,92,1e-05,-0.0005333978977432707,20817.0,20454.0,52.062976360321045,4.014966011047363,56.07794237136841,20206.0,21197.66304347826
ablation_no_zero_mask,2203,92,19,P19,92,1e-05,0.002003881148993969,23218.0,23064.0,54.98241877555847,4.524416446685791,59.50683522224426,22792.0,23900.130434782608
ablation_no_zero_mask,2204,92,20,P20,92,1e-05,-0.0031676814309321345,22808.0,22715.0,58.486385107040405,4.574419260025024,63.06080436706543,22414.0,23386.67391304348
ablation_no_zero_mask,2205,92,21,P21,92,1e-05,0.00046014264444238506,24167.0,24001.0,62.47419047355652,5.157552719116211,67.63174319267273,23343.0,24670.978260869564
ablation_no_zero_mask,2206,92,22,P22,92,1e-05,0.0014568440834409556,23601.0,23481.0,61.73915100097656,4.882563352584839,66.6217143535614,23028.0,23987.07608695652
ablation_no_zero_mask,2207,92,23,P23,92,1e-05,-0.00041529873578838306,32234.0,32188.0,83.0919840335846,6.5232837200164795,89.61526775360107,31687.0,33302.163043478264
ablation_no_zero_mask,2208,92,24,P24,92,1e-05,-0.0028195405204314737,24150.0,24171.0,55.855576276779175,4.637878656387329,60.493454933166504,23598.0,24757.619565217392
ablation_no_zero_mask,2209,93,1,P1,93,1e-05,0.003865483718982432,6442.0,6626.0,12.93879246711731,0.8592634201049805,13.79805588722229,6336.0,6656.967741935484
ablation_no_zero_mask,2210,93,2,P2,93,1e-05,0.004674894647905603,8617.0,8752.0,15.784657955169678,1.0628647804260254,16.847522735595703,8280.0,8823.118279569893
ablation_no_zero_mask,2211,93,3,P3,93,1e-05,0.01134482049383223,6527.0,6489.0,11.08540153503418,0.760714054107666,11.846115589141846,6055.0,6706.075268817204
ablation_no_zero_mask,2212,93,4,P4,93,1e-05,-0.00593197881244123,3706.0,3724.0,8.771995544433594,0.5880968570709229,9.360092401504517,3662.0,3854.548387096774
ablation_no_zero_mask,2213,93,5,P5,93,1e-05,0.001904159813420847,4310.0,4246.0,9.441362857818604,0.6395549774169922,10.080917835235596,4168.0,4426.4838709677415
ablation_no_zero_mask,2214,93,6,P6,93,1e-05,-0.0036711139837279916,4090.0,4140.0,9.718079805374146,0.6634354591369629,10.381515264511108,4000.0,4288.032258064516
ablation_no_zero_mask,2215,93,7,P7,93,1e-05,0.0012939182470290689,5850.0,5940.0,14.285416841506958,0.9513170719146729,15.23673391342163,5805.0,6118.774193548387
ablation_no_zero_mask,2216,93,8,P8,93,1e-05,-0.0006915084122738335,5745.0,5745.0,12.75731897354126,0.8427329063415527,13.600051879882812,5650.0,5993.623655913979
ablation_no_zero_mask,2217,93,9,P9,93,1e-05,-0.0024398048444709275,5490.0,5480.0,12.068534135818481,0.811058759689331,12.879592895507812,5390.0,5713.741935483871
ablation_no_zero_mask,2218,93,10,P10,93,1e-05,-0.008861820679157972,5666.0,5633.0,7.537607192993164,0.5153460502624512,8.052953243255615,5528.0,5873.408602150537
ablation_no_zero_mask,2219,93,11,P11,93,1e-05,-0.003889481711667031,11434.0,11434.0,14.85401964187622,1.0694093704223633,15.923429012298584,11434.0,11796.193548387097
ablation_no_zero_mask,2220,93,12,P12,93,1e-05,-0.003635086672147736,12038.0,12012.0,17.48934578895569,1.1948745250701904,18.68422031402588,11675.0,12437.301075268817
ablation_no_zero_mask,2221,93,13,P13,93,1e-05,0.0062969194405013695,20322.0,20199.0,44.35626411437988,3.315054178237915,47.6713182926178,19524.0,21022.139784946237
ablation_no_zero_mask,2222,93,14,P14,93,1e-05,0.0007816384968464263,22542.0,22301.0,44.376394271850586,3.3093016147613525,47.68569588661194,21784.0,23173.31182795699
ablation_no_zero_mask,2223,93,15,P15,93,1e-05,-0.006039349973434582,20726.0,20632.0,46.095993995666504,3.50710391998291,49.603097915649414,20073.0,21213.322580645163
ablation_no_zero_mask,2224,93,16,P16,93,1e-05,-0.008512090775184333,20825.0,20659.0,55.86546301841736,4.446746587753296,60.312209606170654,20234.0,21187.086021505376
ablation_no_zero_mask,2225,93,17,P17,93,1e-05,0.0031552070286124945,21441.0,21400.0,55.60645914077759,4.2354207038879395,59.84187984466553,20793.0,21969.655913978495
ablation_no_zero_mask,2226,93,18,P18,93,1e-05,0.0003743550052604405,20659.0,20819.0,50.87881636619568,4.01576828956604,54.89458465576172,20206.0,21193.59139784946
ablation_no_zero_mask,2227,93,19,P19,93,1e-05,0.0036338437348604202,23369.0,23212.0,55.124563694000244,4.500071287155151,59.624634981155396,22792.0,23892.7311827957
ablation_no_zero_mask,2228,93,20,P20,93,1e-05,-0.005006230412982404,23073.0,22740.0,58.02849078178406,4.563316345214844,62.5918071269989,22414.0,23379.720430107525
ablation_no_zero_mask,2229,93,21,P21,93,1e-05,0.003104838216677308,24155.0,24082.0,62.404139280319214,4.938669681549072,67.34280896186829,23343.0,24664.645161290322
ablation_no_zero_mask,2230,93,22,P22,93,1e-05,-0.0020154096942860632,23491.0,23267.0,62.274765968322754,5.269626617431641,67.5443925857544,23028.0,23979.333333333332
ablation_no_zero_mask,2231,93,23,P23,93,1e-05,0.0019032948683681233,32405.0,32328.0,82.7468569278717,6.534419536590576,89.28127646446228,31687.0,33291.68817204301
ablation_no_zero_mask,2232,93,24,P24,93,1e-05,-0.0034984335652552545,24176.0,24125.0,55.286375761032104,4.681663513183594,59.9680392742157,23598.0,24750.817204301075
ablation_no_zero_mask,2233,94,1,P1,94,1e-05,0.006799675116781145,6617.0,6550.0,12.36890959739685,0.8040554523468018,13.172965049743652,6336.0,6655.829787234043
ablation_no_zero_mask,2234,94,2,P2,94,1e-05,0.0025935781450243667,8653.0,8642.0,15.411699771881104,1.0547146797180176,16.46641445159912,8280.0,8821.191489361701
ablation_no_zero_mask,2235,94,3,P3,94,1e-05,0.007728607262833975,6570.0,6450.0,11.138441324234009,0.7439031600952148,11.882344484329224,6055.0,6703.351063829788
ablation_no_zero_mask,2236,94,4,P4,94,1e-05,0.004143791506066918,3753.0,3738.0,8.757547616958618,0.5839910507202148,9.341538667678833,3662.0,3853.308510638298
ablation_no_zero_mask,2237,94,5,P5,94,1e-05,-0.0016905619413591921,4242.0,4228.0,9.477142095565796,0.6282923221588135,10.10543441772461,4168.0,4424.372340425532
ablation_no_zero_mask,2238,94,6,P6,94,1e-05,0.002044500957708806,4168.0,4082.0,9.790718078613281,0.6687042713165283,10.45942234992981,4000.0,4285.840425531915
ablation_no_zero_mask,2239,94,7,P7,94,1e-05,0.0022328941558953375,5920.0,5920.0,14.451525688171387,0.9719607830047607,15.423486471176147,5805.0,6116.659574468085
ablation_no_zero_mask,2240,94,8,P8,94,1e-05,-0.003951296966988593,5740.0,5755.0,12.927760124206543,0.8798377513885498,13.807597875595093,5650.0,5991.085106382979
ablation_no_zero_mask,2241,94,9,P9,94,1e-05,-0.00609411601908505,5500.0,5470.0,12.509538888931274,0.8326849937438965,13.342223882675171,5390.0,5711.148936170212
ablation_no_zero_mask,2242,94,10,P10,94,1e-05,-0.004544537048786879,5667.0,5633.0,7.794595003128052,0.5324075222015381,8.32700252532959,5528.0,5870.851063829788
ablation_no_zero_mask,2243,94,11,P11,94,1e-05,-0.001136960658186581,11434.0,11434.0,15.156016111373901,1.0132372379302979,16.1692533493042,11434.0,11792.340425531915
ablation_no_zero_mask,2244,94,12,P12,94,1e-05,-0.00269226185628213,12225.0,12142.0,17.867679357528687,1.2236518859863281,19.091331243515015,11675.0,12434.159574468085
ablation_no_zero_mask,2245,94,13,P13,94,1e-05,0.004261734240571968,20196.0,20507.0,44.62007665634155,3.514254570007324,48.13433122634888,19524.0,21016.659574468085
ablation_no_zero_mask,2246,94,14,P14,94,1e-05,0.0024657528920215555,22557.0,22497.0,45.22288203239441,3.311060905456543,48.53394293785095,21784.0,23166.117021276597
ablation_no_zero_mask,2247,94,15,P15,94,1e-05,-0.005824939347803593,20810.0,20565.0,44.64846754074097,3.4182584285736084,48.066725969314575,20073.0,21206.425531914894
ablation_no_zero_mask,2248,94,16,P16,94,1e-05,-0.007269367133267224,21225.0,20959.0,55.77792811393738,4.539108037948608,60.317036151885986,20234.0,21184.659574468085
ablation_no_zero_mask,2249,94,17,P17,94,1e-05,0.0003022480925210402,21721.0,21816.0,56.09480428695679,4.322989225387573,60.41779351234436,20793.0,21968.021276595744
ablation_no_zero_mask,2250,94,18,P18,94,1e-05,0.002270738437073305,20860.0,20767.0,52.50535011291504,4.069008111953735,56.574358224868774,20206.0,21189.05319148936
ablation_no_zero_mask,2251,94,19,P19,94,1e-05,0.0016600346454652027,23604.0,23491.0,55.680439472198486,4.314213991165161,59.99465346336365,22792.0,23888.457446808512
ablation_no_zero_mask,2252,94,20,P20,94,1e-05,-0.004583483969327062,22935.0,23072.0,59.10125660896301,4.607613563537598,63.70887017250061,22414.0,23376.44680851064
ablation_no_zero_mask,2253,94,21,P21,94,1e-05,0.0029055701452307403,24557.0,24231.0,61.16587209701538,4.816558599472046,65.98243069648743,23343.0,24660.031914893618
ablation_no_zero_mask,2254,94,22,P22,94,1e-05,-0.00016683530320733554,23820.0,23794.0,61.97083020210266,4.986891031265259,66.95772123336792,23028.0,23977.36170212766
ablation_no_zero_mask,2255,94,23,P23,94,1e-05,-0.0004626037541908902,32941.0,33102.0,82.97516679763794,6.636820554733276,89.61198735237122,31687.0,33289.67021276596
ablation_no_zero_mask,2256,94,24,P24,94,1e-05,-0.0008146123960614205,24595.0,24364.0,56.942915201187134,4.332045793533325,61.27496099472046,23598.0,24746.702127659573
ablation_no_zero_mask,2257,95,1,P1,95,1e-05,-0.0011503530404297635,6629.0,6617.0,12.548424482345581,0.8341052532196045,13.382529735565186,6336.0,6655.421052631579
ablation_no_zero_mask,2258,95,2,P2,95,1e-05,0.0035304147168062627,8686.0,8779.0,15.779184341430664,1.1329965591430664,16.91218090057373,8280.0,8820.747368421053
ablation_no_zero_mask,2259,95,3,P3,95,1e-05,0.0043230145529378206,6439.0,6314.0,11.569274187088013,0.8158178329467773,12.38509202003479,6055.0,6699.252631578947
ablation_no_zero_mask,2260,95,4,P4,95,1e-05,0.007091304752975702,3769.0,3702.0,9.074853658676147,0.6309192180633545,9.705772876739502,3662.0,3851.7157894736843
ablation_no_zero_mask,2261,95,5,P5,95,1e-05,-0.0009022531157825142,4228.0,4242.0,9.707929134368896,0.6445744037628174,10.352503538131714,4168.0,4422.452631578947
ablation_no_zero_mask,2262,95,6,P6,95,1e-05,0.0011834345059469342,4123.0,4087.0,10.005226850509644,0.6658728122711182,10.671099662780762,4000.0,4283.747368421053
ablation_no_zero_mask,2263,95,7,P7,95,1e-05,0.004695144161814824,5885.0,5930.0,14.569788694381714,0.9618220329284668,15.53161072731018,5805.0,6114.694736842105
ablation_no_zero_mask,2264,95,8,P8,95,1e-05,0.0024991247919388115,5770.0,5740.0,13.036702156066895,0.8468677997589111,13.883569955825806,5650.0,5988.442105263158
ablation_no_zero_mask,2265,95,9,P9,95,1e-05,-0.006261185917537659,5500.0,5480.0,12.327986001968384,0.7973423004150391,13.125328302383423,5390.0,5708.715789473684
ablation_no_zero_mask,2266,95,10,P10,95,1e-05,-0.0023926289286464453,5770.0,5667.0,7.3816258907318115,0.5124545097351074,7.894080400466919,5528.0,5868.7052631578945
ablation_no_zero_mask,2267,95,11,P11,95,1e-05,-0.005583673773799092,11434.0,11434.0,14.621116638183594,0.9928953647613525,15.614012002944946,11434.0,11788.568421052632
ablation_no_zero_mask,2268,95,12,P12,95,1e-05,-0.0017576556274434552,12222.0,11976.0,17.31462526321411,1.2399580478668213,18.554583311080933,11675.0,12429.336842105264
ablation_no_zero_mask,2269,95,13,P13,95,1e-05,0.00706982018891722,20217.0,20153.0,45.065720319747925,3.454855442047119,48.520575761795044,19524.0,21007.56842105263
ablation_no_zero_mask,2270,95,14,P14,95,1e-05,0.0006099314250604948,22610.0,22461.0,44.574657678604126,3.3591954708099365,47.93385314941406,21784.0,23158.694736842106
ablation_no_zero_mask,2271,95,15,P15,95,1e-05,-0.002684259437955916,20847.0,20628.0,45.15495324134827,3.461608648300171,48.61656188964844,20073.0,21200.336842105262
ablation_no_zero_mask,2272,95,16,P16,95,1e-05,-0.007757479092106223,20917.0,20708.0,56.74539113044739,4.346363544464111,61.0917546749115,20234.0,21179.64210526316
ablation_no_zero_mask,2273,95,17,P17,95,1e-05,0.0020270979672204702,21584.0,21472.0,57.394181966781616,4.277505397796631,61.67168736457825,20793.0,21962.8
ablation_no_zero_mask,2274,95,18,P18,95,1e-05,0.00020556420768116367,20873.0,20602.0,51.21995949745178,3.9157464504241943,55.13570594787598,20206.0,21182.873684210525
ablation_no_zero_mask,2275,95,19,P19,95,1e-05,0.0006574158356670523,23502.0,23168.0,53.772698163986206,4.5128936767578125,58.28559184074402,22792.0,23880.873684210525
ablation_no_zero_mask,2276,95,20,P20,95,1e-05,-0.002080451836809516,22865.0,22943.0,59.245485067367554,4.7255213260650635,63.97100639343262,22414.0,23371.884210526317
ablation_no_zero_mask,2277,95,21,P21,95,1e-05,0.002285327247227542,24144.0,23928.0,62.42097568511963,4.913482666015625,67.33445835113525,23343.0,24652.326315789473
ablation_no_zero_mask,2278,95,22,P22,95,1e-05,-0.000992007483364432,23671.0,23388.0,62.59640884399414,4.90990948677063,67.50631833076477,23028.0,23971.157894736843
ablation_no_zero_mask,2279,95,23,P23,95,1e-05,0.0004053501781007591,32532.0,32535.0,83.5423321723938,6.479964733123779,90.02229690551758,31687.0,33281.72631578947
ablation_no_zero_mask,2280,95,24,P24,95,1e-05,-0.0027161844831425697,24439.0,24258.0,54.21124243736267,4.555058240890503,58.766300678253174,23598.0,24741.55789473684
ablation_no_zero_mask,2281,96,1,P1,96,1e-05,0.0017080802645068616,6694.0,6659.0,12.375281810760498,0.8179526329040527,13.19323444366455,6336.0,6655.458333333333
ablation_no_zero_mask,2282,96,2,P2,96,1e-05,0.005048857594374567,8738.0,8730.0,16.017637729644775,1.098785638809204,17.11642336845398,8280.0,8819.802083333334
ablation_no_zero_mask,2283,96,3,P3,96,1e-05,0.001759499587933533,6421.0,6373.0,11.216278314590454,0.7507925033569336,11.967070817947388,6055.0,6695.854166666667
ablation_no_zero_mask,2284,96,4,P4,96,1e-05,-0.0009450591314816847,3713.0,3712.0,8.829150438308716,0.5992345809936523,9.428385019302368,3662.0,3850.2604166666665
ablation_no_zero_mask,2285,96,5,P5,96,1e-05,-0.0009112297848332673,4250.0,4222.0,9.630431175231934,0.6538622379302979,10.284293413162231,4168.0,4420.364583333333
ablation_no_zero_mask,2286,96,6,P6,96,1e-05,-0.005455115460790694,4078.0,4167.0,9.92634391784668,0.6670806407928467,10.593424558639526,4000.0,4282.53125
ablation_no_zero_mask,2287,96,7,P7,96,1e-05,0.01100494631100446,5910.0,5920.0,14.68379020690918,0.9768984317779541,15.660688638687134,5805.0,6112.666666666667
ablation_no_zero_mask,2288,96,8,P8,96,1e-05,-0.0036648860696004704,5710.0,5735.0,13.006284952163696,0.8539035320281982,13.860188484191895,5650.0,5985.802083333333
ablation_no_zero_mask,2289,96,9,P9,96,1e-05,-0.0013902830833103508,5520.0,5485.0,12.455621480941772,0.8382103443145752,13.293831825256348,5390.0,5706.385416666667
ablation_no_zero_mask,2290,96,10,P10,96,1e-05,1.7021724488586187e-05,5707.0,5675.0,7.742021322250366,0.5266377925872803,8.268659114837646,5528.0,5866.6875
ablation_no_zero_mask,2291,96,11,P11,96,1e-05,-0.004562069021631032,11434.0,11434.0,14.96727466583252,1.0273864269256592,15.994661092758179,11434.0,11784.875
ablation_no_zero_mask,2292,96,12,P12,96,1e-05,-0.0041166156879626215,12038.0,11936.0,18.196219205856323,1.2526824474334717,19.448901653289795,11675.0,12424.197916666666
ablation_no_zero_mask,2293,96,13,P13,96,1e-05,0.00772399827837944,20116.0,20251.0,45.128039598464966,3.368375539779663,48.49641513824463,19524.0,20999.6875
ablation_no_zero_mask,2294,96,14,P14,96,1e-05,0.0009170254907076014,22404.0,22514.0,45.716965198516846,3.3766024112701416,49.09356760978699,21784.0,23151.979166666668
ablation_no_zero_mask,2295,96,15,P15,96,1e-05,-0.0024971454549813643,20680.0,20460.0,45.042269468307495,3.402731418609619,48.445000886917114,20073.0,21192.625
ablation_no_zero_mask,2296,96,16,P16,96,1e-05,-0.00772905582562089,20753.0,20596.0,55.07528519630432,4.47062611579895,59.54591131210327,20234.0,21173.5625
ablation_no_zero_mask,2297,96,17,P17,96,1e-05,0.0023684234241954983,21323.0,21189.0,55.68530797958374,4.389095783233643,60.07440376281738,20793.0,21954.739583333332
ablation_no_zero_mask,2298,96,18,P18,96,1e-05,-0.0005329930010702811,20629.0,20569.0,52.410542726516724,3.9423205852508545,56.35286331176758,20206.0,21176.479166666668
ablation_no_zero_mask,2299,96,19,P19,96,1e-05,0.0013960334326839074,23293.0,23231.0,55.33099913597107,4.380996942520142,59.71199607849121,22792.0,23874.104166666668
ablation_no_zero_mask,2300,96,20,P20,96,1e-05,-0.0024096052395179866,22749.0,22472.0,58.14695620536804,4.776703596115112,62.923659801483154,22414.0,23362.510416666668
ablation_no_zero_mask,2301,96,21,P21,96,1e-05,0.0011629111293586902,23970.0,23918.0,62.139222621917725,4.847365140914917,66.98658776283264,23343.0,24644.677083333332
ablation_no_zero_mask,2302,96,22,P22,96,1e-05,-0.00039735976606607436,23409.0,23383.0,62.408233880996704,5.198070526123047,67.60630440711975,23028.0,23965.03125
ablation_no_zero_mask,2303,96,23,P23,96,1e-05,6.039733105873373e-05,32393.0,32288.0,82.53477883338928,6.509105920791626,89.04388475418091,31687.0,33271.375
ablation_no_zero_mask,2304,96,24,P24,96,1e-05,-0.001681378748617135,24095.0,24238.0,55.03165864944458,4.442497968673706,59.474156618118286,23598.0,24736.3125
ablation_no_zero_mask,2305,97,1,P1,97,1e-05,0.0018741297244559973,6521.0,6450.0,12.396229028701782,0.8228778839111328,13.219106912612915,6336.0,6653.340206185567
ablation_no_zero_mask,2306,97,2,P2,97,1e-05,0.002492502360837534,8668.0,8706.0,15.679447650909424,1.0487706661224365,16.72821831703186,8280.0,8818.62886597938
ablation_no_zero_mask,2307,97,3,P3,97,1e-05,-0.0017620784819882829,6465.0,6449.0,11.264204263687134,0.7741577625274658,12.0383620262146,6055.0,6693.309278350515
ablation_no_zero_mask,2308,97,4,P4,97,1e-05,0.0002890274554374628,3726.0,3702.0,8.772364377975464,0.6407151222229004,9.413079500198364,3662.0,3848.7319587628867
ablation_no_zero_mask,2309,97,5,P5,97,1e-05,0.007625803584232926,4296.0,4174.0,10.096427917480469,0.6710543632507324,10.767482280731201,4168.0,4417.8247422680415
ablation_no_zero_mask,2310,97,6,P6,97,1e-05,-2.818076973198913e-05,4092.0,4102.0,10.19948673248291,0.712913990020752,10.912400722503662,4000.0,4280.670103092783
ablation_no_zero_mask,2311,97,7,P7,97,1e-05,0.006495361856650561,5880.0,5980.0,14.674257278442383,0.9641222953796387,15.638379573822021,5805.0,6111.298969072165
ablation_no_zero_mask,2312,97,8,P8,97,1e-05,-0.002933992931502871,5800.0,5700.0,12.706331014633179,0.8462302684783936,13.552561283111572,5650.0,5982.855670103093
ablation_no_zero_mask,2313,97,9,P9,97,1e-05,-0.01004510506754741,5490.0,5480.0,12.11549687385559,0.8113319873809814,12.926828861236572,5390.0,5704.051546391753
ablation_no_zero_mask,2314,97,10,P10,97,1e-05,0.0016649877943564206,5723.0,5633.0,7.500027179718018,0.5105555057525635,8.010582685470581,5528.0,5864.278350515464
ablation_no_zero_mask,2315,97,11,P11,97,1e-05,-0.0001250414497917518,11598.0,11434.0,14.641662120819092,0.9922397136688232,15.633901834487915,11434.0,11781.257731958764
ablation_no_zero_mask,2316,97,12,P12,97,1e-05,0.0009917396428136271,12114.0,11995.0,17.477158784866333,1.1779143810272217,18.655073165893555,11675.0,12419.773195876289
ablation_no_zero_mask,2317,97,13,P13,97,1e-05,0.009575138799846172,20307.0,20083.0,45.55394768714905,3.382509231567383,48.93645691871643,19524.0,20990.23711340206
ablation_no_zero_mask,2318,97,14,P14,97,1e-05,3.24210545841197e-05,22478.0,22542.0,44.146902322769165,3.3010141849517822,47.44791650772095,21784.0,23145.690721649484
ablation_no_zero_mask,2319,97,15,P15,97,1e-05,-0.0031063945061760023,20784.0,20521.0,44.70975160598755,3.367565393447876,48.077316999435425,20073.0,21185.701030927834
ablation_no_zero_mask,2320,97,16,P16,97,1e-05,-0.006766085862182081,20788.0,20722.0,54.896140575408936,4.1952056884765625,59.0913462638855,20234.0,21168.907216494845
ablation_no_zero_mask,2321,97,17,P17,97,1e-05,0.001507480580767151,21497.0,21434.0,55.14991593360901,4.450847864151001,59.60076379776001,20793.0,21949.371134020617
ablation_no_zero_mask,2322,97,18,P18,97,1e-05,0.0005109029705636203,20883.0,20460.0,52.71625781059265,3.887395143508911,56.60365295410156,20206.0,21169.092783505155
ablation_no_zero_mask,2323,97,19,P19,97,1e-05,-0.0003873306259265519,23332.0,23068.0,53.72652506828308,4.554261684417725,58.280786752700806,22792.0,23865.79381443299
ablation_no_zero_mask,2324,97,20,P20,97,1e-05,-0.002332166500855237,22667.0,22563.0,58.835540771484375,4.522989511489868,63.35853028297424,22414.0,23354.268041237112
ablation_no_zero_mask,2325,97,21,P21,97,1e-05,0.001736895865178667,24357.0,24028.0,61.347312927246094,4.846931457519531,66.19424438476562,23343.0,24638.319587628866
ablation_no_zero_mask,2326,97,22,P22,97,1e-05,-7.369964441750198e-06,23484.0,23460.0,61.815592527389526,4.930456638336182,66.74604916572571,23028.0,23959.82474226804
ablation_no_zero_mask,2327,97,23,P23,97,1e-05,-9.958109512808733e-05,32464.0,32371.0,83.81977653503418,6.530826091766357,90.35060262680054,31687.0,33262.092783505155
ablation_no_zero_mask,2328,97,24,P24,97,1e-05,-0.0034869441646151246,24015.0,24285.0,54.72599911689758,4.280661582946777,59.00666069984436,23598.0,24731.659793814433
ablation_no_zero_mask,2329,98,1,P1,98,1e-05,0.003981768299126998,6593.0,6517.0,12.209066390991211,0.927882194519043,13.136948585510254,6336.0,6651.948979591837
ablation_no_zero_mask,2330,98,2,P2,98,1e-05,0.0016926797979976982,8697.0,8753.0,15.767276048660278,1.0467917919158936,16.814067840576172,8280.0,8817.959183673469
ablation_no_zero_mask,2331,98,3,P3,98,1e-05,-0.000333139490976464,6290.0,6419.0,10.962514162063599,0.7343289852142334,11.696843147277832,6055.0,6690.510204081633
ablation_no_zero_mask,2332,98,4,P4,98,1e-05,0.0034738577087409794,3746.0,3742.0,8.772216796875,0.5727889537811279,9.345005750656128,3662.0,3847.6428571428573
ablation_no_zero_mask,2333,98,5,P5,98,1e-05,0.000504961222759448,4255.0,4202.0,9.864073753356934,0.6209137439727783,10.484987497329712,4168.0,4415.622448979592
ablation_no_zero_mask,2334,98,6,P6,98,1e-05,0.0022150566219352186,4116.0,4163.0,9.844928741455078,0.6666734218597412,10.51160216331482,4000.0,4279.469387755102
ablation_no_zero_mask,2335,98,7,P7,98,1e-05,0.010442720202263445,5940.0,5995.0,14.342588663101196,0.9394092559814453,15.281997919082642,5805.0,6110.1122448979595
ablation_no_zero_mask,2336,98,8,P8,98,1e-05,-0.002992562425788492,5730.0,5760.0,12.74066948890686,0.8552892208099365,13.595958709716797,5650.0,5980.581632653061
ablation_no_zero_mask,2337,98,9,P9,98,1e-05,-0.007312224130146205,5470.0,5480.0,12.22017788887024,0.8175911903381348,13.037769079208374,5390.0,5701.765306122449
ablation_no_zero_mask,2338,98,10,P10,98,1e-05,-0.022309372667223215,5621.0,5675.0,7.6520164012908936,0.5191137790679932,8.171130180358887,5528.0,5862.34693877551
ablation_no_zero_mask,2339,98,11,P11,98,1e-05,-0.002195923287217738,11434.0,11434.0,14.88857889175415,1.0275208950042725,15.916099786758423,11434.0,11777.714285714286
ablation_no_zero_mask,2340,98,12,P12,98,1e-05,0.005889957246836275,12051.0,11824.0,17.769230604171753,1.2393150329589844,19.008545637130737,11675.0,12413.69387755102
ablation_no_zero_mask,2341,98,13,P13,98,1e-05,0.013951397617347538,20179.0,20024.0,44.85240960121155,3.312938928604126,48.165348529815674,19524.0,20980.377551020407
ablation_no_zero_mask,2342,98,14,P14,98,1e-05,-0.0008535181823390303,22400.0,22393.0,45.365782260894775,3.516374349594116,48.88215661048889,21784.0,23138.01020408163
ablation_no_zero_mask,2343,98,15,P15,98,1e-05,-0.0029618777552968822,20515.0,20462.0,45.74482274055481,3.399526834487915,49.144349575042725,20073.0,21178.316326530614
ablation_no_zero_mask,2344,98,16,P16,98,1e-05,-0.004779978725127876,20871.0,20671.0,54.78537607192993,4.206785440444946,58.99216151237488,20234.0,21163.826530612245
ablation_no_zero_mask,2345,98,17,P17,98,1e-05,0.001211347957723774,21633.0,21533.0,55.372108459472656,4.60593843460083,59.978046894073486,20793.0,21945.122448979593
ablation_no_zero_mask,2346,98,18,P18,98,1e-05,-0.0006567986363734235,20838.0,20619.0,51.81469416618347,4.0350306034088135,55.849724769592285,20206.0,21163.479591836734
ablation_no_zero_mask,2347,98,19,P19,98,1e-05,0.0015075912640895694,23197.0,23210.0,54.703633069992065,4.299732208251953,59.00336527824402,22792.0,23859.102040816328
ablation_no_zero_mask,2348,98,20,P20,98,1e-05,-0.00314862581435591,22644.0,22689.0,58.4626088142395,4.616611003875732,63.079219818115234,22414.0,23347.479591836734
ablation_no_zero_mask,2349,98,21,P21,98,1e-05,0.0015814715268788859,24174.0,23959.0,63.42599678039551,4.939466238021851,68.36546301841736,23343.0,24631.38775510204
ablation_no_zero_mask,2350,98,22,P22,98,1e-05,-0.00031772755373822293,23730.0,23373.0,61.09163951873779,5.020443916320801,66.1120834350586,23028.0,23953.836734693876
ablation_no_zero_mask,2351,98,23,P23,98,1e-05,-8.207800471739444e-05,32604.0,32359.0,84.44817280769348,6.605909824371338,91.05408263206482,31687.0,33252.87755102041
ablation_no_zero_mask,2352,98,24,P24,98,1e-05,-0.0016579568531597034,24253.0,24151.0,56.37104892730713,4.49916410446167,60.8702130317688,23598.0,24725.73469387755
ablation_no_zero_mask,2353,99,1,P1,99,1e-05,0.008411192276980728,6681.0,6450.0,12.707988500595093,0.8484675884246826,13.556456089019775,6336.0,6649.909090909091
ablation_no_zero_mask,2354,99,2,P2,99,1e-05,-0.004249346238793805,8632.0,8694.0,15.938300371170044,1.0514700412750244,16.98977041244507,8280.0,8816.70707070707
ablation_no_zero_mask,2355,99,3,P3,99,1e-05,0.002778564565232955,6536.0,6437.0,11.456847190856934,0.7579319477081299,12.214779138565063,6055.0,6687.949494949495
ablation_no_zero_mask,2356,99,4,P4,99,1e-05,0.0002185076373280026,3734.0,3736.0,8.843204975128174,0.5838227272033691,9.427027702331543,3662.0,3846.5151515151515
ablation_no_zero_mask,2357,99,5,P5,99,1e-05,-0.0015371861518360674,4272.0,4222.0,9.54779314994812,0.6267898082733154,10.174582958221436,4168.0,4413.666666666667
ablation_no_zero_mask,2358,99,6,P6,99,1e-05,-0.0014714382705278695,4084.0,4157.0,10.009065628051758,0.6555449962615967,10.664610624313354,4000.0,4278.232323232323
ablation_no_zero_mask,2359,99,7,P7,99,1e-05,0.004769782288349234,5885.0,5900.0,14.711604356765747,0.9931659698486328,15.70477032661438,5805.0,6107.989898989899
ablation_no_zero_mask,2360,99,8,P8,99,1e-05,-0.0014488924862234853,5740.0,5750.0,13.177045345306396,0.8734018802642822,14.050447225570679,5650.0,5978.252525252526
ablation_no_zero_mask,2361,99,9,P9,99,1e-05,-0.005677313485648483,5510.0,5480.0,12.797542572021484,0.8211538791656494,13.618696451187134,5390.0,5699.525252525253
ablation_no_zero_mask,2362,99,10,P10,99,1e-05,-0.005770148243755102,5670.0,5633.0,7.531462669372559,0.5233786106109619,8.05484127998352,5528.0,5860.030303030303
ablation_no_zero_mask,2363,99,11,P11,99,1e-05,0.0025198640796588734,11634.0,11434.0,14.58518362045288,1.0093803405761719,15.594563961029053,11434.0,11774.242424242424
ablation_no_zero_mask,2364,99,12,P12,99,1e-05,-0.002390261914115399,11976.0,11824.0,17.526244640350342,1.2267134189605713,18.752958059310913,11675.0,12407.737373737375
ablation_no_zero_mask,2365,99,13,P13,99,1e-05,0.009952750755473971,20101.0,20123.0,43.69009256362915,3.4383652210235596,47.12845778465271,19524.0,20971.717171717173
ablation_no_zero_mask,2366,99,14,P14,99,1e-05,8.140814315993339e-07,22377.0,22299.0,44.80148386955261,3.3803157806396484,48.18179965019226,21784.0,23129.535353535353
ablation_no_zero_mask,2367,99,15,P15,99,1e-05,-0.0023538040622952394,20554.0,20572.0,45.53511834144592,3.485039472579956,49.02015781402588,20073.0,21172.19191919192
ablation_no_zero_mask,2368,99,16,P16,99,1e-05,-0.005773955211043358,20819.0,20591.0,55.791510581970215,4.333644390106201,60.125154972076416,20234.0,21158.040404040403
ablation_no_zero_mask,2369,99,17,P17,99,1e-05,0.0011428428813815116,21418.0,21313.0,56.18748879432678,4.277833461761475,60.46532225608826,20793.0,21938.737373737375
ablation_no_zero_mask,2370,99,18,P18,99,1e-05,-0.00013747451557719615,20766.0,20380.0,52.698330879211426,3.9374895095825195,56.635820388793945,20206.0,21155.565656565657
ablation_no_zero_mask,2371,99,19,P19,99,1e-05,0.0004589169711834984,23341.0,23271.0,54.54855227470398,4.274786472320557,58.823338747024536,22792.0,23853.161616161615
ablation_no_zero_mask,2372,99,20,P20,99,1e-05,-0.0012223705241922289,22715.0,22546.0,59.18855595588684,4.84744668006897,64.03600263595581,22414.0,23339.383838383837
ablation_no_zero_mask,2373,99,21,P21,99,1e-05,-0.0010045048242318445,24118.0,23876.0,63.82961869239807,4.933648109436035,68.7632668018341,23343.0,24623.757575757576
ablation_no_zero_mask,2374,99,22,P22,99,1e-05,0.001440075623395387,23381.0,23298.0,62.44636392593384,4.949973106384277,67.39633703231812,23028.0,23947.21212121212
ablation_no_zero_mask,2375,99,23,P23,99,1e-05,-0.0013273428318955535,32305.0,32236.0,85.00306057929993,6.909539461135864,91.91260004043579,31687.0,33242.606060606064
ablation_no_zero_mask,2376,99,24,P24,99,1e-05,-0.0015989694242307451,24255.0,24188.0,55.40562558174133,4.345715522766113,59.751341104507446,23598.0,24720.303030303032
ablation_no_zero_mask,2377,100,1,P1,100,1e-05,0.0014814711175858974,6594.0,6450.0,12.088425397872925,0.8244259357452393,12.912851333618164,6336.0,6647.91
ablation_no_zero_mask,2378,100,2,P2,100,1e-05,0.005388030433095992,8715.0,8742.0,15.32091212272644,1.0382084846496582,16.3591206073761,8280.0,8815.96
ablation_no_zero_mask,2379,100,3,P3,100,1e-05,0.0031557799884467386,6299.0,6320.0,11.396761655807495,0.7517380714416504,12.148499727249146,6055.0,6684.27
ablation_no_zero_mask,2380,100,4,P4,100,1e-05,0.0023161005810834467,3747.0,3746.0,8.886393070220947,0.5977845191955566,9.484177589416504,3662.0,3845.51
ablation_no_zero_mask,2381,100,5,P5,100,1e-05,-0.002775656699668616,4282.0,4222.0,9.541996717453003,0.6742150783538818,10.216211795806885,4168.0,4411.75
ablation_no_zero_mask,2382,100,6,P6,100,1e-05,-0.0004363606931292452,4124.0,4163.0,10.190857410430908,0.7309024333953857,10.921759843826294,4000.0,4277.08
ablation_no_zero_mask,2383,100,7,P7,100,1e-05,0.004670314898248762,5880.0,5940.0,14.435161113739014,0.958441972732544,15.393603086471558,5805.0,6106.31
ablation_no_zero_mask,2384,100,8,P8,100,1e-05,-0.001146648148278473,5750.0,5700.0,13.003091096878052,0.8455643653869629,13.848655462265015,5650.0,5975.47
ablation_no_zero_mask,2385,100,9,P9,100,1e-05,-0.009393894113600254,5480.0,5480.0,12.17097282409668,0.8278024196624756,12.998775243759155,5390.0,5697.33
ablation_no_zero_mask,2386,100,10,P10,100,1e-05,-0.00674057612195611,5633.0,5633.0,7.69673490524292,0.5290548801422119,8.225789785385132,5528.0,5857.76
ablation_no_zero_mask,2387,100,11,P11,100,1e-05,-0.003305713034933433,11434.0,11434.0,14.843340635299683,1.0540151596069336,15.897355794906616,11434.0,11770.84
ablation_no_zero_mask,2388,100,12,P12,100,1e-05,0.001812697017157916,12157.0,11897.0,18.07047390937805,1.2862615585327148,19.356735467910767,11675.0,12402.63
ablation_no_zero_mask,2389,100,13,P13,100,1e-05,0.00910747903981246,20113.0,20077.0,45.47980093955994,3.44293475151062,48.92273569107056,19524.0,20962.77
ablation_no_zero_mask,2390,100,14,P14,100,1e-05,-0.0009513062668702332,22380.0,22494.0,45.70839858055115,3.336509943008423,49.04490852355957,21784.0,23123.18
ablation_no_zero_mask,2391,100,15,P15,100,1e-05,-0.0026571595299174078,20655.0,20456.0,46.457430839538574,3.3905839920043945,49.84801483154297,20073.0,21165.03
ablation_no_zero_mask,2392,100,16,P16,100,1e-05,-0.006201606523245573,20701.0,20674.0,55.3465313911438,4.178699970245361,59.52523136138916,20234.0,21153.2
ablation_no_zero_mask,2393,100,17,P17,100,1e-05,0.0009990693150029983,21454.0,21323.0,54.8084831237793,4.518854379653931,59.32733750343323,20793.0,21932.58
ablation_no_zero_mask,2394,100,18,P18,100,1e-05,0.0011128080834168941,20514.0,20508.0,51.95414328575134,4.017604827880859,55.9717481136322,20206.0,21149.09
ablation_no_zero_mask,2395,100,19,P19,100,1e-05,-0.000437440442328807,23110.0,23117.0,55.19168305397034,4.3186936378479,59.51037669181824,22792.0,23845.8
ablation_no_zero_mask,2396,100,20,P20,100,1e-05,-0.0008215741101594177,22795.0,22796.0,57.77891945838928,4.601158618927002,62.380078077316284,22414.0,23333.95
ablation_no_zero_mask,2397,100,21,P21,100,1e-05,0.0002803147301165154,24284.0,23926.0,64.0307137966156,4.939435005187988,68.97014880180359,23343.0,24616.78
ablation_no_zero_mask,2398,100,22,P22,100,1e-05,-0.0015833002049475907,23288.0,23408.0,61.122446060180664,4.877845525741577,66.00029158592224,23028.0,23941.82
ablation_no_zero_mask,2399,100,23,P23,100,1e-05,0.001873534149906066,32608.0,32191.0,83.63556718826294,6.595154523849487,90.23072171211243,31687.0,33232.09
ablation_no_zero_mask,2400,100,24,P24,100,1e-05,-0.003461341024376452,24283.0,24158.0,54.20099234580994,4.280227422714233,58.48121976852417,23598.0,24714.68
