epoch,round_id,round_pos,instance_id,instance_occurrence,lr,train_loss,train_rollout_cmax,current_objective,train_time_sec,eval_time_sec,cycle_time_sec,running_cb,running_ca
1,1,1,P1,1,0.0001,0.11199356988072395,6865.0,7972.0,30.750359535217285,2.0793533325195312,32.829712867736816,7972.0,7972.0
2,1,2,P2,1,9.995833333333334e-05,-0.023620513966307044,9992.0,9740.0,19.22119402885437,1.0559875965118408,20.27718162536621,9740.0,9740.0
3,1,3,P3,1,9.991666666666666e-05,-0.029790252214297652,6528.0,6248.0,24.6502685546875,1.8792564868927002,26.5295250415802,6248.0,6248.0
4,1,4,P4,1,9.9875e-05,0.009143580449745059,3881.0,5114.0,22.664161682128906,1.4812884330749512,24.145450115203857,5114.0,5114.0
5,1,5,P5,1,9.983333333333334e-05,0.05426177196204662,5198.0,4573.0,24.902551412582397,1.6146876811981201,26.517239093780518,4573.0,4573.0
6,1,6,P6,1,9.979166666666668e-05,0.051232876256108284,5005.0,4131.0,25.94054889678955,1.671471357345581,27.612020254135132,4131.0,4131.0
7,1,7,P7,1,9.975000000000001e-05,-0.06849804893136024,6447.0,7640.0,38.020079135894775,2.4174447059631348,40.43752384185791,7640.0,7640.0
8,1,8,P8,1,9.970833333333334e-05,0.04271659441292286,6651.0,5720.0,33.83238911628723,2.1197316646575928,35.952120780944824,5720.0,5720.0
9,1,9,P9,1,9.966666666666667e-05,-0.007815332035534084,6341.0,5680.0,31.21605634689331,1.9957516193389893,33.2118079662323,5680.0,5680.0
10,1,10,P10,1,9.9625e-05,-0.03247805777937174,6358.0,7104.0,20.15974712371826,1.310638666152954,21.470385789871216,7104.0,7104.0
11,1,11,P11,1,9.958333333333335e-05,-0.04135434376075864,11388.0,12667.0,38.2256498336792,2.537813663482666,40.763463497161865,12667.0,12667.0
12,1,12,P12,1,9.954166666666667e-05,0.04773730970919132,12776.0,15045.0,45.81723427772522,3.048153877258301,48.86538815498352,15045.0,15045.0
13,1,13,P13,1,9.95e-05,0.024455640581436455,22555.0,22356.0,108.15124917030334,8.039352178573608,116.19060134887695,22356.0,22356.0
14,1,14,P14,1,9.945833333333334e-05,-0.015960994001943618,23764.0,24665.0,107.80415511131287,7.871141672134399,115.67529678344727,24665.0,24665.0
15,1,15,P15,1,9.941666666666667e-05,0.005765573645476252,21891.0,23720.0,112.55625128746033,8.15392804145813,120.71017932891846,23720.0,23720.0
16,1,16,P16,1,9.9375e-05,0.025194702204316854,26323.0,24855.0,137.26607084274292,10.29336166381836,147.55943250656128,24855.0,24855.0
17,1,17,P17,1,9.933333333333334e-05,-0.015621529798954726,23558.0,25134.0,138.36540174484253,10.30079174041748,148.66619348526,25134.0,25134.0
18,1,18,P18,1,9.929166666666668e-05,1.3266183668747544e-05,23439.0,26873.0,128.60932540893555,9.576191425323486,138.18551683425903,26873.0,26873.0
19,1,19,P19,1,9.925000000000001e-05,-0.024503644835203887,24586.0,24211.0,129.09791612625122,10.034978151321411,139.13289427757263,24211.0,24211.0
20,1,20,P20,1,9.920833333333334e-05,-0.0002359335710934829,24330.0,24850.0,140.4231493473053,10.66529393196106,151.08844327926636,24850.0,24850.0
21,1,21,P21,1,9.916666666666667e-05,0.0024359237781027333,26362.0,29518.0,146.3102204799652,11.265453338623047,157.57567381858826,29518.0,29518.0
22,1,22,P22,1,9.9125e-05,-0.004387255813344382,24887.0,29156.0,81.22715735435486,4.806771993637085,86.03392934799194,29156.0,29156.0
23,1,23,P23,1,9.908333333333333e-05,0.0039877896238717115,38523.0,34558.0,76.38668870925903,6.196773529052734,82.58346223831177,34558.0,34558.0
24,1,24,P24,1,9.904166666666667e-05,-0.0018884727149270474,27076.0,28025.0,52.32983708381653,4.277156352996826,56.606993436813354,28025.0,28025.0
25,2,1,P1,2,9.900000000000001e-05,0.026390742394141853,6585.0,7832.0,12.30473780632019,0.8222987651824951,13.127036571502686,7832.0,7902.0
26,2,2,P2,2,9.895833333333334e-05,0.007785285240970552,9778.0,9472.0,15.446597576141357,1.0277135372161865,16.474311113357544,9472.0,9606.0
27,2,3,P3,2,9.891666666666667e-05,-0.010061195702292025,6441.0,6045.0,11.127005577087402,0.742246150970459,11.869251728057861,6045.0,6146.5
28,2,4,P4,2,9.8875e-05,-0.013230244861915708,3882.0,4378.0,8.527745723724365,0.5749471187591553,9.10269284248352,4378.0,4746.0
29,2,5,P5,2,9.883333333333333e-05,0.034343176521360874,5030.0,5664.0,9.561611890792847,0.6843397617340088,10.245951652526855,4573.0,5118.5
30,2,6,P6,2,9.879166666666666e-05,0.033909314312040806,4557.0,3957.0,9.972365617752075,0.6718225479125977,10.644188165664673,3957.0,4044.0
31,2,7,P7,2,9.875000000000002e-05,-0.007241061481181532,6770.0,7580.0,14.970658302307129,0.9819912910461426,15.952649593353271,7580.0,7610.0
32,2,8,P8,2,9.870833333333334e-05,-0.0010772055757115595,6500.0,6167.0,12.81788682937622,0.8218252658843994,13.63971209526062,5720.0,5943.5
33,2,9,P9,2,9.866666666666668e-05,-0.00886622437974438,5923.0,5557.0,12.106803178787231,0.7791590690612793,12.88596224784851,5557.0,5618.5
34,2,10,P10,2,9.8625e-05,-0.02907251985743642,6386.0,7166.0,7.62422776222229,0.5253674983978271,8.149595260620117,7104.0,7135.0
35,2,11,P11,2,9.858333333333334e-05,-0.024887675186619163,11372.0,12667.0,14.56095027923584,1.0033013820648193,15.56425166130066,12667.0,12667.0
36,2,12,P12,2,9.854166666666667e-05,0.059265261981636286,13278.0,15152.0,17.24748730659485,1.1696147918701172,18.417102098464966,15045.0,15098.5
37,2,13,P13,2,9.850000000000001e-05,0.001483483509218786,23045.0,24961.0,42.00519037246704,3.4138948917388916,45.41908526420593,22356.0,23658.5
38,2,14,P14,2,9.845833333333335e-05,0.01857914333231747,24024.0,23790.0,41.7607581615448,3.1745989322662354,44.935357093811035,23790.0,24227.5
39,2,15,P15,2,9.841666666666667e-05,-0.01145635721331928,21295.0,25730.0,43.45137977600098,3.270843029022217,46.72222280502319,23720.0,24725.0
40,2,16,P16,2,9.8375e-05,0.021958844736218452,25047.0,24433.0,52.972126960754395,4.161254167556763,57.13338112831116,24433.0,24644.0
41,2,17,P17,2,9.833333333333333e-05,0.0024211481679230927,23262.0,24254.0,53.80003356933594,4.133074522018433,57.93310809135437,24254.0,24694.0
42,2,18,P18,2,9.829166666666667e-05,-0.00013334985851543024,23141.0,26267.0,50.61418032646179,3.8842852115631104,54.4984655380249,26267.0,26570.0
43,2,19,P19,2,9.825e-05,-0.007243810268118977,25910.0,27933.0,50.47992992401123,4.0418312549591064,54.52176117897034,24211.0,26072.0
44,2,20,P20,2,9.820833333333334e-05,0.005433383554918692,24307.0,26037.0,55.42858147621155,4.660992622375488,60.089574098587036,24850.0,25443.5
45,2,21,P21,2,9.816666666666668e-05,0.0010981844752677716,27548.0,31693.0,57.56724262237549,4.633465766906738,62.20070838928223,29518.0,30605.5
46,2,22,P22,2,9.8125e-05,-0.00019478525573504157,26305.0,30716.0,57.68692588806152,4.710360288619995,62.39728617668152,29156.0,29936.0
47,2,23,P23,2,9.808333333333334e-05,0.0014670250945658023,37362.0,39086.0,77.94693183898926,6.422990322113037,84.3699221611023,34558.0,36822.0
48,2,24,P24,2,9.804166666666667e-05,-0.0001906604185933247,26414.0,29165.0,52.31428909301758,4.104844093322754,56.41913318634033,28025.0,28595.0
49,3,1,P1,3,9.8e-05,-0.006567761010956019,6902.0,6472.0,12.046128273010254,0.8143022060394287,12.860430479049683,6472.0,7425.333333333333
50,3,2,P2,3,9.795833333333335e-05,0.00887317064916715,9995.0,8914.0,15.15097689628601,1.0406975746154785,16.19167447090149,8914.0,9375.333333333334
51,3,3,P3,3,9.791666666666667e-05,-0.025842827279120684,6316.0,6506.0,10.872849464416504,0.7333729267120361,11.60622239112854,6045.0,6266.333333333333
52,3,4,P4,3,9.787500000000001e-05,0.013502499088644981,3937.0,3846.0,8.740947723388672,0.6300578117370605,9.371005535125732,3846.0,4446.0
53,3,5,P5,3,9.783333333333333e-05,0.023043388966470957,4923.0,5039.0,9.507759094238281,0.6842136383056641,10.191972732543945,4573.0,5092.0
54,3,6,P6,3,9.779166666666667e-05,0.006223964970558882,4789.0,4336.0,10.442832231521606,0.7225255966186523,11.165357828140259,3957.0,4141.333333333333
55,3,7,P7,3,9.775e-05,-0.015073111513629556,6460.0,6400.0,14.435003995895386,0.9491307735443115,15.384134769439697,6400.0,7206.666666666667
56,3,8,P8,3,9.770833333333334e-05,0.05305508058518171,6920.0,5737.0,12.69035029411316,0.8604235649108887,13.550773859024048,5720.0,5874.666666666667
57,3,9,P9,3,9.766666666666668e-05,-0.041473529767245054,6803.0,5340.0,11.955998182296753,0.8337197303771973,12.78971791267395,5340.0,5525.666666666667
58,3,10,P10,3,9.7625e-05,-0.03142966143786907,6236.0,6836.0,7.520488500595093,0.5245826244354248,8.045071125030518,6836.0,7035.333333333333
59,3,11,P11,3,9.758333333333334e-05,-0.059616165701299906,11388.0,11525.0,14.683449983596802,0.9997448921203613,15.683194875717163,11525.0,12286.333333333334
60,3,12,P12,3,9.754166666666667e-05,0.07821910735219717,13059.0,14935.0,17.65596294403076,1.1833367347717285,18.83929967880249,14935.0,15044.0
61,3,13,P13,3,9.75e-05,0.010505128477234393,22800.0,23955.0,41.26945424079895,3.1586787700653076,44.42813301086426,22356.0,23757.333333333332
62,3,14,P14,3,9.745833333333334e-05,0.016583035583607852,23680.0,23205.0,42.03451919555664,3.1909492015838623,45.2254683971405,23205.0,23886.666666666668
63,3,15,P15,3,9.741666666666667e-05,-0.019467813603114337,20989.0,24886.0,43.709463596343994,3.3687973022460938,47.07826089859009,23720.0,24778.666666666668
64,3,16,P16,3,9.737500000000001e-05,0.01126957731321454,25215.0,26525.0,53.918328046798706,4.106854200363159,58.025182247161865,24433.0,25271.0
65,3,17,P17,3,9.733333333333335e-05,-0.012934573832899332,22177.0,23951.0,52.654932498931885,4.420616388320923,57.07554888725281,23951.0,24446.333333333332
66,3,18,P18,3,9.729166666666667e-05,0.0091963613871485,23193.0,27491.0,50.92054033279419,3.9989748001098633,54.91951513290405,26267.0,26877.0
67,3,19,P19,3,9.725e-05,0.008685239381156862,25210.0,27229.0,50.74168634414673,4.076563119888306,54.818249464035034,24211.0,26457.666666666668
68,3,20,P20,3,9.720833333333333e-05,0.003105166385648772,25003.0,24912.0,54.3024787902832,4.335160970687866,58.63763976097107,24850.0,25266.333333333332
69,3,21,P21,3,9.716666666666667e-05,0.010682622669264674,28248.0,32148.0,56.51159167289734,4.570136070251465,61.081727743148804,29518.0,31119.666666666668
70,3,22,P22,3,9.7125e-05,-0.00850355599541217,26327.0,30321.0,58.87193965911865,4.724583387374878,63.59652304649353,29156.0,30064.333333333332
71,3,23,P23,3,9.708333333333334e-05,0.004652620925168906,37638.0,36867.0,74.90419173240662,6.413387775421143,81.31757950782776,34558.0,36837.0
72,3,24,P24,3,9.704166666666668e-05,-0.0017613511445233598,27340.0,28620.0,51.77683734893799,4.248141050338745,56.02497839927673,28025.0,28603.333333333332
73,4,1,P1,4,9.7e-05,-0.03978437650948763,6674.0,6432.0,12.155788660049438,0.8265388011932373,12.982327461242676,6432.0,7177.0
74,4,2,P2,4,9.695833333333334e-05,0.027359161991626024,9992.0,9010.0,15.143070220947266,1.0437674522399902,16.186837673187256,8914.0,9284.0
75,4,3,P3,4,9.691666666666667e-05,-0.008700749458512291,6599.0,6191.0,11.058383703231812,0.7502517700195312,11.808635473251343,6045.0,6247.5
76,4,4,P4,4,9.687500000000001e-05,-0.045817925594747066,3901.0,3784.0,8.461174726486206,0.5926554203033447,9.05383014678955,3784.0,4280.5
77,4,5,P5,4,9.683333333333335e-05,0.022605299949645996,4910.0,4768.0,9.262903451919556,0.6254007816314697,9.888304233551025,4573.0,5011.0
78,4,6,P6,4,9.679166666666667e-05,0.07181023806333542,4847.0,4410.0,9.68167495727539,0.670764684677124,10.352439641952515,3957.0,4208.5
79,4,7,P7,4,9.675000000000001e-05,-0.025639169616624713,6330.0,7110.0,14.203249454498291,0.9628617763519287,15.16611123085022,6400.0,7182.5
80,4,8,P8,4,9.670833333333333e-05,0.05440729949623346,6585.0,6920.0,12.630417585372925,0.8450493812561035,13.475466966629028,5720.0,6136.0
81,4,9,P9,4,9.666666666666667e-05,-0.050351737067103386,6143.0,6460.0,11.881216287612915,0.7887172698974609,12.669933557510376,5340.0,5759.25
82,4,10,P10,4,9.6625e-05,0.02089453162625432,6598.0,6986.0,7.661321401596069,0.5170450210571289,8.178366422653198,6836.0,7023.0
83,4,11,P11,4,9.658333333333334e-05,-0.04170401627197862,11620.0,11372.0,14.64339828491211,0.9792904853820801,15.62268877029419,11372.0,12057.75
84,4,12,P12,4,9.654166666666668e-05,0.009977826499380171,12337.0,14252.0,17.27629518508911,1.233820915222168,18.51011610031128,14252.0,14846.0
85,4,13,P13,4,9.65e-05,0.04634071793407202,23405.0,22207.0,42.336042642593384,3.1649539470672607,45.500996589660645,22207.0,23369.75
86,4,14,P14,4,9.645833333333334e-05,-0.022161280852742493,24520.0,24370.0,41.29006791114807,3.088184356689453,44.378252267837524,23205.0,24007.5
87,4,15,P15,4,9.641666666666666e-05,-0.0022064709137339378,21187.0,23566.0,42.51623058319092,3.4588122367858887,45.97504281997681,23566.0,24475.5
88,4,16,P16,4,9.6375e-05,0.021805837750434875,25341.0,23739.0,53.426713705062866,4.0976481437683105,57.52436184883118,23739.0,24888.0
89,4,17,P17,4,9.633333333333335e-05,-0.01182795751374215,22539.0,23565.0,52.87930512428284,4.118110179901123,56.99741530418396,23565.0,24226.0
90,4,18,P18,4,9.629166666666667e-05,0.00028850634407717735,22070.0,24630.0,50.240971088409424,3.8656344413757324,54.106605529785156,24630.0,26315.25
91,4,19,P19,4,9.625000000000001e-05,-0.002401497015671339,25610.0,23929.0,51.50706720352173,4.094334840774536,55.601402044296265,23929.0,25825.5
92,4,20,P20,4,9.620833333333333e-05,-0.0016608926001936198,24435.0,26118.0,56.95367074012756,4.31846022605896,61.27213096618652,24850.0,25479.25
93,4,21,P21,4,9.616666666666667e-05,0.005464102129917592,28544.0,28662.0,56.25160598754883,4.654178142547607,60.905784130096436,28662.0,30505.25
94,4,22,P22,4,9.6125e-05,-0.00592696872772649,25953.0,26080.0,58.65988850593567,4.605600357055664,63.26548886299133,26080.0,29068.25
95,4,23,P23,4,9.608333333333334e-05,0.0021390337476207477,36493.0,36997.0,74.39605927467346,5.956480979919434,80.3525402545929,34558.0,36877.0
96,4,24,P24,4,9.604166666666668e-05,0.001852214802056551,27738.0,26764.0,51.182719707489014,4.080036878585815,55.26275658607483,26764.0,28143.5
97,5,1,P1,5,9.6e-05,0.027173254638910294,6904.0,6314.0,11.939162969589233,0.8054845333099365,12.74464750289917,6314.0,7004.4
98,5,2,P2,5,9.595833333333334e-05,-0.05059389164671302,9564.0,9065.0,15.111764669418335,1.0659444332122803,16.177709102630615,8914.0,9240.2
99,5,3,P3,5,9.591666666666668e-05,0.03061218815855682,6462.0,6517.0,10.952717304229736,0.7366592884063721,11.689376592636108,6045.0,6301.4
100,5,4,P4,5,9.5875e-05,0.0026299478486180305,4014.0,4080.0,8.453667163848877,0.5718121528625488,9.025479316711426,3784.0,4240.4
101,5,5,P5,5,9.583333333333334e-05,-0.01136450213380158,4727.0,4857.0,10.21968150138855,0.7136931419372559,10.933374643325806,4573.0,4980.2
102,5,6,P6,5,9.579166666666667e-05,0.03141736192628741,4846.0,4117.0,10.196497917175293,0.6499533653259277,10.84645128250122,3957.0,4190.2
103,5,7,P7,5,9.575000000000001e-05,0.02099749562330544,6937.0,7140.0,14.500108003616333,0.9527709484100342,15.452878952026367,6400.0,7174.0
104,5,8,P8,5,9.570833333333333e-05,0.0034743172727758065,6923.0,6474.0,12.636525392532349,0.8276407718658447,13.464166164398193,5720.0,6203.6
105,5,9,P9,5,9.566666666666667e-05,-0.01938897091895342,6382.0,6224.0,11.768833875656128,0.7809057235717773,12.549739599227905,5340.0,5852.2
106,5,10,P10,5,9.562500000000001e-05,-0.05278482101857662,6326.0,6386.0,7.484654188156128,0.5222117900848389,8.006865978240967,6386.0,6895.6
107,5,11,P11,5,9.558333333333333e-05,-0.07044652104377747,11613.0,11831.0,14.46926498413086,0.973721981048584,15.442986965179443,11372.0,12012.4
108,5,12,P12,5,9.554166666666667e-05,0.06874923221766949,12580.0,13746.0,17.308650732040405,1.1933963298797607,18.502047061920166,13746.0,14626.0
109,5,13,P13,5,9.55e-05,0.0189565519685857,23045.0,22110.0,41.95696783065796,3.321552038192749,45.27851986885071,22110.0,23117.8
110,5,14,P14,5,9.545833333333334e-05,-0.007830737013136968,24246.0,23750.0,41.58384370803833,3.1431312561035156,44.726974964141846,23205.0,23956.0
111,5,15,P15,5,9.541666666666668e-05,-0.009204381523886696,21005.0,21510.0,42.93696069717407,3.2620787620544434,46.199039459228516,21510.0,23882.4
112,5,16,P16,5,9.5375e-05,0.028324644919484852,25165.0,21472.0,53.04536151885986,4.111375093460083,57.156736612319946,21472.0,24204.8
113,5,17,P17,5,9.533333333333334e-05,-0.013962672231718898,23196.0,22459.0,53.952266216278076,4.3870885372161865,58.33935475349426,22459.0,23872.6
114,5,18,P18,5,9.529166666666667e-05,-0.007877166173420847,21788.0,22485.0,51.213034868240356,3.7678940296173096,54.980928897857666,22485.0,25549.2
115,5,19,P19,5,9.525000000000001e-05,0.006307000818196684,25100.0,24076.0,49.46704125404358,4.387281179428101,53.85432243347168,23929.0,25475.6
116,5,20,P20,5,9.520833333333333e-05,0.004082203272264451,24637.0,26102.0,56.28373432159424,4.306450843811035,60.59018516540527,24850.0,25603.8
117,5,21,P21,5,9.516666666666667e-05,0.0055469091748818755,27603.0,25706.0,55.939600229263306,4.570343255996704,60.50994348526001,25706.0,29545.4
118,5,22,P22,5,9.512500000000001e-05,-0.006697081681340933,25484.0,23983.0,56.40737533569336,4.68027925491333,61.08765459060669,23983.0,28051.2
119,5,23,P23,5,9.508333333333333e-05,6.50167722986745e-05,36354.0,37120.0,76.85995864868164,6.3592848777771,83.21924352645874,34558.0,36925.6
120,5,24,P24,5,9.504166666666667e-05,-0.0015881321742199361,26254.0,24803.0,51.043200731277466,4.186276435852051,55.22947716712952,24803.0,27475.4
121,6,1,P1,6,9.5e-05,0.006938629841897637,6714.0,6324.0,11.835757493972778,0.8100888729095459,12.645846366882324,6314.0,6891.0
122,6,2,P2,6,9.495833333333334e-05,-0.019572149496525526,9567.0,8870.0,14.829371213912964,1.002516746520996,15.83188796043396,8870.0,9178.5
123,6,3,P3,6,9.491666666666668e-05,0.037896862719208,6744.0,6731.0,11.462352275848389,0.7878730297088623,12.250225305557251,6045.0,6373.0
124,6,4,P4,6,9.4875e-05,-0.06048543192446232,3957.0,3876.0,8.374603509902954,0.6346743106842041,9.009277820587158,3784.0,4179.666666666667
125,6,5,P5,6,9.483333333333334e-05,-0.02082323469221592,4569.0,4362.0,9.64488673210144,0.6812665462493896,10.32615327835083,4362.0,4877.166666666667
126,6,6,P6,6,9.479166666666666e-05,0.038814207538962364,4413.0,4154.0,9.657364130020142,0.6496515274047852,10.307015657424927,3957.0,4184.166666666667
127,6,7,P7,6,9.475e-05,0.027767471969127655,6537.0,6137.0,14.30009651184082,1.0195343494415283,15.319630861282349,6137.0,7001.166666666667
128,6,8,P8,6,9.470833333333334e-05,-0.020294246496632695,6107.0,5777.0,12.78852653503418,0.8396308422088623,13.628157377243042,5720.0,6132.5
129,6,9,P9,6,9.466666666666667e-05,0.003463891815044917,5916.0,5837.0,11.680713891983032,0.7843570709228516,12.465070962905884,5340.0,5849.666666666667
130,6,10,P10,6,9.462500000000001e-05,-0.03906781505793333,5748.0,5865.0,7.462550163269043,0.5117974281311035,7.9743475914001465,5865.0,6723.833333333333
131,6,11,P11,6,9.458333333333333e-05,-0.02727639675140381,11391.0,11496.0,14.789870977401733,1.0007035732269287,15.790574550628662,11372.0,11926.333333333334
132,6,12,P12,6,9.454166666666667e-05,0.05087182205170393,12655.0,12410.0,17.535066604614258,1.1868436336517334,18.72191023826599,12410.0,14256.666666666666
133,6,13,P13,6,9.449999999999999e-05,0.009604767808923498,22090.0,20708.0,41.42079043388367,3.132493019104004,44.55328345298767,20708.0,22716.166666666668
134,6,14,P14,6,9.445833333333334e-05,-0.0018751254028757103,24695.0,23285.0,42.033344745635986,3.1630489826202393,45.196393728256226,23205.0,23844.166666666668
135,6,15,P15,6,9.441666666666668e-05,-0.00893035699846223,20825.0,20851.0,43.97055459022522,3.5761709213256836,47.5467255115509,20851.0,23377.166666666668
136,6,16,P16,6,9.4375e-05,0.01678656772710383,23203.0,20990.0,53.621925830841064,4.042270183563232,57.6641960144043,20990.0,23669.0
137,6,17,P17,6,9.433333333333334e-05,-0.003009259401005693,23693.0,21998.0,52.87538766860962,4.508032321929932,57.38341999053955,21998.0,23560.166666666668
138,6,18,P18,6,9.429166666666666e-05,-0.0076573507627472285,21578.0,21974.0,49.55540704727173,3.814406633377075,53.369813680648804,21974.0,24953.333333333332
139,6,19,P19,6,9.425e-05,0.0017146057478385046,24265.0,25234.0,50.08050727844238,4.019325017929077,54.09983229637146,23929.0,25435.333333333332
140,6,20,P20,6,9.420833333333334e-05,0.00010202836710959673,24259.0,23921.0,53.967336654663086,4.31336236000061,58.280699014663696,23921.0,25323.333333333332
141,6,21,P21,6,9.416666666666667e-05,7.736662082606927e-05,25796.0,24902.0,58.264150857925415,5.1011481285095215,63.36529898643494,24902.0,28771.5
142,6,22,P22,6,9.412500000000001e-05,0.0021099424426211043,25647.0,23431.0,58.68348574638367,4.552030801773071,63.23551654815674,23431.0,27281.166666666668
143,6,23,P23,6,9.408333333333333e-05,-0.00030625353013290024,34995.0,36697.0,76.40261101722717,6.477134466171265,82.87974548339844,34558.0,36887.5
144,6,24,P24,6,9.404166666666667e-05,0.002085652780078817,26488.0,24810.0,50.90623211860657,4.117564678192139,55.023796796798706,24803.0,27031.166666666668
145,7,1,P1,7,9.4e-05,0.027179343858733773,7072.0,6234.0,11.950620412826538,0.8116862773895264,12.762306690216064,6234.0,6797.142857142857
146,7,2,P2,7,9.395833333333333e-05,-0.020227942382916808,9564.0,8980.0,15.20259428024292,1.0484931468963623,16.251087427139282,8870.0,9150.142857142857
147,7,3,P3,7,9.391666666666668e-05,0.0311847401317209,6816.0,6517.0,10.971277475357056,0.7436890602111816,11.714966535568237,6045.0,6393.571428571428
148,7,4,P4,7,9.3875e-05,-0.06586422026157379,3828.0,3886.0,8.726939678192139,0.5860557556152344,9.312995433807373,3784.0,4137.714285714285
149,7,5,P5,7,9.383333333333334e-05,0.04427078925073147,4564.0,4402.0,9.649589538574219,0.6438398361206055,10.293429374694824,4362.0,4809.285714285715
150,7,6,P6,7,9.379166666666667e-05,0.04974462557584047,4560.0,4475.0,10.010834455490112,0.6724679470062256,10.683302402496338,3957.0,4225.714285714285
151,7,7,P7,7,9.375e-05,-0.03720175055786967,6680.0,6131.0,14.60120940208435,0.9548192024230957,15.556028604507446,6131.0,6876.857142857143
152,7,8,P8,7,9.370833333333334e-05,0.021160943200811744,6153.0,6200.0,12.813900709152222,0.836749792098999,13.65065050125122,5720.0,6142.142857142857
153,7,9,P9,7,9.366666666666668e-05,0.021268507931381464,6408.0,6196.0,12.056832075119019,0.844721794128418,12.901553869247437,5340.0,5899.142857142857
154,7,10,P10,7,9.362500000000001e-05,-0.07070767693221569,5772.0,5730.0,7.75972580909729,0.5245904922485352,8.284316301345825,5730.0,6581.857142857143
155,7,11,P11,7,9.358333333333334e-05,-0.03255607560276985,11570.0,11734.0,14.685564994812012,1.0090794563293457,15.694644451141357,11372.0,11898.857142857143
156,7,12,P12,7,9.354166666666667e-05,0.0418765121139586,12326.0,12341.0,18.524497032165527,1.302929162979126,19.827426195144653,12341.0,13983.0
157,7,13,P13,7,9.350000000000001e-05,0.008501263364451006,21305.0,20422.0,42.65341830253601,3.155819892883301,45.80923819541931,20422.0,22388.428571428572
158,7,14,P14,7,9.345833333333333e-05,-0.0029635147147928365,22680.0,23107.0,40.739317178726196,3.0872719287872314,43.82658910751343,23107.0,23738.85714285714
159,7,15,P15,7,9.341666666666667e-05,0.002738511764619034,20880.0,21583.0,42.99178886413574,3.454150676727295,46.44593954086304,20851.0,23120.85714285714
160,7,16,P16,7,9.3375e-05,0.008958747191354633,23133.0,20961.0,52.828317165374756,4.110635042190552,56.93895220756531,20961.0,23282.14285714286
161,7,17,P17,7,9.333333333333334e-05,-0.009375179139897227,22045.0,21826.0,52.38273882865906,4.112726449966431,56.49546527862549,21826.0,23312.428571428572
162,7,18,P18,7,9.329166666666667e-05,0.00010533656241022982,21526.0,21329.0,49.140278577804565,3.8350419998168945,52.97532057762146,21329.0,24435.571428571428
163,7,19,P19,7,9.325e-05,-0.0023463221441488713,23372.0,25667.0,52.00003933906555,4.271910905838013,56.271950244903564,23929.0,25468.428571428572
164,7,20,P20,7,9.320833333333334e-05,0.013743971940129995,25463.0,24105.0,55.27495789527893,4.313583850860596,59.588541746139526,23921.0,25149.285714285714
165,7,21,P21,7,9.316666666666666e-05,-0.009344806941226125,25085.0,24731.0,56.8529326915741,4.814974308013916,61.66790699958801,24731.0,28194.285714285714
166,7,22,P22,7,9.3125e-05,0.006702825787942857,25409.0,23713.0,57.327659606933594,4.670259475708008,61.9979190826416,23431.0,26771.428571428572
167,7,23,P23,7,9.308333333333334e-05,-0.0036664920376746784,34801.0,36743.0,75.58605408668518,6.228836536407471,81.81489062309265,34558.0,36866.857142857145
168,7,24,P24,7,9.304166666666667e-05,-0.0017062058701412751,25638.0,24687.0,52.109681844711304,4.204041957855225,56.31372380256653,24687.0,26696.285714285714
169,8,1,P1,8,9.3e-05,-0.0003736121943802573,6374.0,6331.0,12.264275074005127,0.8382525444030762,13.102527618408203,6234.0,6738.875
170,8,2,P2,8,9.295833333333333e-05,0.024641686817631125,9564.0,8805.0,16.22389054298401,1.130065679550171,17.35395622253418,8805.0,9107.0
171,8,3,P3,8,9.291666666666667e-05,0.01714452332817018,6945.0,6530.0,12.075773239135742,0.8493340015411377,12.92510724067688,6045.0,6410.625
172,8,4,P4,8,9.2875e-05,-0.04480467922985554,3865.0,3748.0,8.935983896255493,0.5963468551635742,9.532330751419067,3748.0,4089.0
173,8,5,P5,8,9.283333333333334e-05,-0.034908227622509,4451.0,4222.0,9.639369487762451,0.671783447265625,10.311152935028076,4222.0,4735.875
174,8,6,P6,8,9.279166666666668e-05,0.03396641928702593,4431.0,4245.0,9.935117483139038,0.6888265609741211,10.62394404411316,3957.0,4228.125
175,8,7,P7,8,9.275e-05,0.040743691846728325,6434.0,6020.0,14.285808324813843,0.9303727149963379,15.21618103981018,6020.0,6769.75
176,8,8,P8,8,9.270833333333334e-05,-0.031166899716481566,6231.0,5720.0,12.42786192893982,0.8282010555267334,13.256062984466553,5720.0,6089.375
177,8,9,P9,8,9.266666666666666e-05,0.009126358316279948,5722.0,5591.0,11.642618894577026,0.787318229675293,12.42993712425232,5340.0,5860.625
178,8,10,P10,8,9.2625e-05,-0.0016805323248263448,6162.0,5848.0,7.439961194992065,0.5140812397003174,7.954042434692383,5730.0,6490.125
179,8,11,P11,8,9.258333333333334e-05,-0.0372964134439826,11372.0,11508.0,14.390049457550049,0.9891157150268555,15.379165172576904,11372.0,11850.0
180,8,12,P12,8,9.254166666666668e-05,0.013097676215693355,12502.0,12045.0,17.767930507659912,1.3186609745025635,19.086591482162476,12045.0,13740.75
181,8,13,P13,8,9.250000000000001e-05,0.014456999255344272,21350.0,20084.0,41.29032039642334,3.148597002029419,44.43891739845276,20084.0,22100.375
182,8,14,P14,8,9.245833333333334e-05,-0.010740295401774347,22902.0,22340.0,41.185813665390015,3.170180559158325,44.35599422454834,22340.0,23564.0
183,8,15,P15,8,9.241666666666667e-05,0.005459825275465846,21311.0,20281.0,42.886924743652344,3.341993808746338,46.22891855239868,20281.0,22765.875
184,8,16,P16,8,9.2375e-05,0.0005360180919524282,22340.0,20704.0,53.618252754211426,4.171315431594849,57.789568185806274,20704.0,22959.875
185,8,17,P17,8,9.233333333333333e-05,-0.0018558672483777628,21926.0,21428.0,56.178038120269775,4.2458577156066895,60.423895835876465,21428.0,23076.875
186,8,18,P18,8,9.229166666666667e-05,-0.0001823421032895567,21418.0,20502.0,50.10160565376282,3.8184995651245117,53.92010521888733,20502.0,23943.875
187,8,19,P19,8,9.225e-05,-0.0011351755398209206,23962.0,25165.0,51.55645775794983,4.302075386047363,55.85853314399719,23929.0,25430.5
188,8,20,P20,8,9.220833333333334e-05,0.005988032114692033,24506.0,23366.0,54.25931477546692,4.3447747230529785,58.6040894985199,23366.0,24926.375
189,8,21,P21,8,9.216666666666667e-05,-0.0010916944935161154,26002.0,23628.0,57.31310176849365,4.704861640930176,62.01796340942383,23628.0,27623.5
190,8,22,P22,8,9.2125e-05,0.000532359596400056,25338.0,23580.0,57.99437475204468,4.698803663253784,62.69317841529846,23431.0,26372.5
191,8,23,P23,8,9.208333333333334e-05,-0.00559598530110504,34078.0,36443.0,77.90562891960144,6.230388402938843,84.13601732254028,34558.0,36813.875
192,8,24,P24,8,9.204166666666668e-05,-0.0014927923955838196,25242.0,24183.0,50.754841327667236,4.1080567836761475,54.862898111343384,24183.0,26382.125
193,9,1,P1,9,9.200000000000001e-05,0.020518105709925294,6418.0,6375.0,12.224557876586914,0.8488972187042236,13.073455095291138,6234.0,6698.444444444444
194,9,2,P2,9,9.195833333333334e-05,0.0036683350626844913,9350.0,9136.0,16.38569664955139,1.1579349040985107,17.543631553649902,8805.0,9110.222222222223
195,9,3,P3,9,9.191666666666667e-05,0.02981087495572865,7015.0,6303.0,11.272037744522095,0.7288751602172852,12.00091290473938,6045.0,6398.666666666667
196,9,4,P4,9,9.1875e-05,-0.0967884510755539,3856.0,3736.0,8.806296110153198,0.6229734420776367,9.429269552230835,3736.0,4049.777777777778
197,9,5,P5,9,9.183333333333333e-05,0.031033835373818874,4437.0,4287.0,9.290172100067139,0.6214354038238525,9.911607503890991,4222.0,4686.0
198,9,6,P6,9,9.179166666666667e-05,0.07237347587943077,4345.0,4275.0,9.770221710205078,0.6503429412841797,10.420564651489258,3957.0,4233.333333333333
199,9,7,P7,9,9.175000000000001e-05,-0.031588051933795214,5894.0,6029.0,13.939746618270874,0.9323790073394775,14.872125625610352,6020.0,6687.444444444444
200,9,8,P8,9,9.170833333333334e-05,0.005932603089604527,6050.0,6066.0,12.296977519989014,0.8209118843078613,13.117889404296875,5720.0,6086.777777777777
201,9,9,P9,9,9.166666666666667e-05,-0.005839157332957257,5775.0,5899.0,11.738731622695923,0.7940690517425537,12.532800674438477,5340.0,5864.888888888889
202,9,10,P10,9,9.1625e-05,-0.024377804715186357,5712.0,5628.0,7.384667634963989,0.5166118144989014,7.901279449462891,5628.0,6394.333333333333
203,9,11,P11,9,9.158333333333333e-05,-0.013787902658805251,11434.0,11389.0,14.423967123031616,0.9966988563537598,15.420665979385376,11372.0,11798.777777777777
204,9,12,P12,9,9.154166666666666e-05,0.019527730299159884,12160.0,12192.0,17.319804191589355,1.1851747035980225,18.504978895187378,12045.0,13568.666666666666
205,9,13,P13,9,9.15e-05,0.007332727953325957,20125.0,20000.0,41.39980340003967,3.167961359024048,44.56776475906372,20000.0,21867.0
206,9,14,P14,9,9.145833333333334e-05,-0.001888869286631234,22195.0,22716.0,42.21003460884094,3.3208115100860596,45.530846118927,22340.0,23469.777777777777
207,9,15,P15,9,9.141666666666668e-05,0.003387253927940037,20497.0,20549.0,45.43362593650818,3.365851640701294,48.79947757720947,20281.0,22519.555555555555
208,9,16,P16,9,9.137500000000001e-05,-3.9551496593048795e-05,21666.0,20738.0,51.8380811214447,4.03667688369751,55.87475800514221,20704.0,22713.0
209,9,17,P17,9,9.133333333333334e-05,-0.002376467248541303,21686.0,21876.0,53.239251375198364,4.469645977020264,57.70889735221863,21428.0,22943.444444444445
210,9,18,P18,9,9.129166666666667e-05,-0.003633347374852747,20535.0,20535.0,48.90515661239624,3.7838950157165527,52.68905162811279,20502.0,23565.11111111111
211,9,19,P19,9,9.125e-05,0.006521492125466466,24575.0,25185.0,49.602214336395264,4.028980493545532,53.631194829940796,23929.0,25403.222222222223
212,9,20,P20,9,9.120833333333335e-05,0.001777098758611828,24753.0,23825.0,54.103288888931274,4.33392071723938,58.437209606170654,23366.0,24804.0
213,9,21,P21,9,9.116666666666667e-05,-0.005666108056902886,25095.0,24038.0,59.39432072639465,4.810696601867676,64.20501732826233,23628.0,27225.11111111111
214,9,22,P22,9,9.1125e-05,0.0010482060752110556,24619.0,23753.0,56.843186140060425,4.5231921672821045,61.36637830734253,23431.0,26081.444444444445
215,9,23,P23,9,9.108333333333334e-05,0.0018357991697744833,34539.0,36478.0,75.31339263916016,6.401462554931641,81.7148551940918,34558.0,36776.555555555555
216,9,24,P24,9,9.104166666666667e-05,-0.0032041715166997164,25036.0,23901.0,51.21734309196472,4.122053623199463,55.339396715164185,23901.0,26106.444444444445
217,10,1,P1,10,9.1e-05,0.01946522283833474,6485.0,6355.0,11.745596408843994,0.8099002838134766,12.55549669265747,6234.0,6664.1
218,10,2,P2,10,9.095833333333334e-05,0.0021671385838999413,8922.0,8922.0,15.035022974014282,1.010343313217163,16.045366287231445,8805.0,9091.4
219,10,3,P3,10,9.091666666666668e-05,0.01472198124974966,6880.0,6506.0,10.830094337463379,0.758063554763794,11.588157892227173,6045.0,6409.4
220,10,4,P4,10,9.0875e-05,-0.032563600689172745,3706.0,3691.0,8.7030770778656,0.5789816379547119,9.282058715820312,3691.0,4013.9
221,10,5,P5,10,9.083333333333334e-05,-0.012724210508167744,4322.0,4202.0,9.510644912719727,0.6296005249023438,10.14024543762207,4202.0,4637.6
222,10,6,P6,10,9.079166666666667e-05,0.023145579732954502,4185.0,4125.0,9.847358465194702,0.6529934406280518,10.500351905822754,3957.0,4222.5
223,10,7,P7,10,9.075e-05,0.033935850486159325,5977.0,6014.0,14.43138575553894,0.9491634368896484,15.380549192428589,6014.0,6620.1
224,10,8,P8,10,9.070833333333333e-05,-0.0068908492248738185,6104.0,6037.0,12.61126184463501,0.8382630348205566,13.449524879455566,5720.0,6081.8
225,10,9,P9,10,9.066666666666667e-05,-0.0012954863523191307,5755.0,5892.0,11.864729166030884,0.7823910713195801,12.647120237350464,5340.0,5867.6
226,10,10,P10,10,9.062500000000001e-05,-0.044520228169858456,5718.0,5550.0,7.605685472488403,0.5084218978881836,8.114107370376587,5550.0,6309.9
227,10,11,P11,10,9.058333333333334e-05,-0.03911891905590892,11496.0,11389.0,15.475188255310059,1.126492977142334,16.601681232452393,11372.0,11757.8
228,10,12,P12,10,9.054166666666667e-05,0.028405725490301847,12191.0,11941.0,19.264957427978516,1.250138759613037,20.515096187591553,11941.0,13405.9
229,10,13,P13,10,9.05e-05,0.014157427998725325,20018.0,19863.0,41.6483838558197,3.1507747173309326,44.799158573150635,19863.0,21666.6
230,10,14,P14,10,9.045833333333333e-05,-0.006546451768372208,22207.0,22143.0,40.94629955291748,3.2768752574920654,44.223174810409546,22143.0,23337.1
231,10,15,P15,10,9.041666666666668e-05,0.0045526010217145085,20416.0,20339.0,43.72649073600769,3.5230185985565186,47.24950933456421,20281.0,22301.5
232,10,16,P16,10,9.037500000000001e-05,2.1203864889685065e-06,21381.0,20682.0,51.9163601398468,4.03377366065979,55.95013380050659,20682.0,22509.9
233,10,17,P17,10,9.033333333333334e-05,-0.0002602954104077071,21783.0,21558.0,52.42279601097107,4.141730070114136,56.564526081085205,21428.0,22804.9
234,10,18,P18,10,9.029166666666667e-05,-0.0029191689740400762,20648.0,20640.0,49.19591546058655,3.8529980182647705,53.04891347885132,20502.0,23272.6
235,10,19,P19,10,9.025e-05,0.00630352720618248,24510.0,24125.0,52.17915964126587,4.348418474197388,56.52757811546326,23929.0,25275.4
236,10,20,P20,10,9.020833333333334e-05,-0.0054644944844767455,23338.0,23221.0,54.97756314277649,4.3002097606658936,59.27777290344238,23221.0,24645.7
237,10,21,P21,10,9.016666666666667e-05,0.0020580549316946417,25331.0,24167.0,57.64153861999512,4.956556558609009,62.598095178604126,23628.0,26919.3
238,10,22,P22,10,9.012500000000001e-05,-0.0013808018498821183,24235.0,23605.0,57.16659069061279,4.630762577056885,61.79735326766968,23431.0,25833.8
239,10,23,P23,10,9.008333333333335e-05,0.001702369590930175,33901.0,36478.0,74.8243989944458,6.050739288330078,80.87513828277588,34558.0,36746.7
240,10,24,P24,10,9.004166666666667e-05,-0.003068228578194976,24481.0,24349.0,51.840816259384155,4.164648056030273,56.00546431541443,23901.0,25930.7
241,11,1,P1,11,9e-05,0.002891059786634287,6252.0,6161.0,12.386180639266968,0.9052541255950928,13.29143476486206,6161.0,6618.363636363636
242,11,2,P2,11,8.995833333333333e-05,0.0028970472048968077,8711.0,8494.0,16.981504678726196,1.1091656684875488,18.090670347213745,8494.0,9037.09090909091
243,11,3,P3,11,8.991666666666667e-05,0.010392431315267459,6495.0,6452.0,11.429586410522461,0.7609505653381348,12.190536975860596,6045.0,6413.272727272727
244,11,4,P4,11,8.9875e-05,-0.0140887803863734,3811.0,3756.0,8.858396530151367,0.600318431854248,9.458714962005615,3691.0,3990.4545454545455
245,11,5,P5,11,8.983333333333334e-05,-0.0035294819972477853,4272.0,4282.0,9.527475595474243,0.6451148986816406,10.172590494155884,4202.0,4605.272727272727
246,11,6,P6,11,8.979166666666668e-05,0.02020426094532013,4210.0,4130.0,9.724378108978271,0.6436583995819092,10.36803650856018,3957.0,4214.090909090909
247,11,7,P7,11,8.975e-05,0.018969511846080422,5848.0,5994.0,13.903907299041748,0.9208600521087646,14.824767351150513,5994.0,6563.181818181818
248,11,8,P8,11,8.970833333333334e-05,-0.011551701463758945,5890.0,6060.0,12.144632816314697,0.8189890384674072,12.963621854782104,5720.0,6079.818181818182
249,11,9,P9,11,8.966666666666667e-05,0.02164650778286159,5792.0,5905.0,11.644056797027588,0.7678813934326172,12.411938190460205,5340.0,5871.0
250,11,10,P10,11,8.962500000000001e-05,-0.04096078220754862,5742.0,5707.0,7.431340456008911,0.5019662380218506,7.933306694030762,5550.0,6255.090909090909
251,11,11,P11,11,8.958333333333335e-05,-0.0390157219953835,11389.0,11434.0,14.81383728981018,0.9907641410827637,15.804601430892944,11372.0,11728.363636363636
252,11,12,P12,11,8.954166666666667e-05,0.033281208481639624,12254.0,11985.0,18.712698221206665,1.1944620609283447,19.90716028213501,11941.0,13276.727272727272
253,11,13,P13,11,8.950000000000001e-05,0.022819906589575112,19842.0,20174.0,40.75344634056091,3.1451046466827393,43.89855098724365,19863.0,21530.909090909092
254,11,14,P14,11,8.945833333333333e-05,-0.009752585203386843,22141.0,22095.0,41.6976842880249,3.210209369659424,44.907893657684326,22095.0,23224.18181818182
255,11,15,P15,11,8.941666666666667e-05,0.0021276021398080047,20671.0,20292.0,43.595024824142456,3.3415815830230713,46.93660640716553,20281.0,22118.81818181818
256,11,16,P16,11,8.9375e-05,-0.0006990885936829727,21485.0,21050.0,53.410061836242676,4.1829352378845215,57.5929970741272,20682.0,22377.18181818182
257,11,17,P17,11,8.933333333333334e-05,0.001038531176163815,21490.0,21728.0,55.485214710235596,4.1966493129730225,59.68186402320862,21428.0,22707.0
258,11,18,P18,11,8.929166666666668e-05,-0.0030258835329732394,20554.0,20449.0,49.37740468978882,3.7814369201660156,53.158841609954834,20449.0,23015.909090909092
259,11,19,P19,11,8.925e-05,0.007008315250277519,24608.0,24348.0,50.36675548553467,4.190673351287842,54.55742883682251,23929.0,25191.090909090908
260,11,20,P20,11,8.920833333333334e-05,-0.0021370036964071916,23826.0,23666.0,53.812049865722656,4.347665786743164,58.15971565246582,23221.0,24556.636363636364
261,11,21,P21,11,8.916666666666666e-05,-0.0022478593033156357,24729.0,24492.0,56.699336528778076,4.552625417709351,61.25196194648743,23628.0,26698.636363636364
262,11,22,P22,11,8.9125e-05,0.001536936744378181,24190.0,23342.0,56.78118300437927,4.608384370803833,61.389567375183105,23342.0,25607.272727272728
263,11,23,P23,11,8.908333333333333e-05,0.000473687292469549,33451.0,36478.0,78.28138446807861,6.161011457443237,84.44239592552185,34558.0,36722.27272727273
264,11,24,P24,11,8.904166666666667e-05,4.19070893258322e-05,25149.0,24462.0,50.6992130279541,4.059777498245239,54.75899052619934,23901.0,25797.18181818182
265,12,1,P1,12,8.900000000000001e-05,0.0008100062732410152,6282.0,6161.0,12.073848724365234,0.7915928363800049,12.86544156074524,6161.0,6580.25
266,12,2,P2,12,8.895833333333335e-05,-0.003561848236131482,8497.0,8922.0,16.10351538658142,1.121018409729004,17.224533796310425,8494.0,9027.5
267,12,3,P3,12,8.891666666666667e-05,0.03754653874784708,6890.0,6391.0,11.025391578674316,0.7179868221282959,11.743378400802612,6045.0,6411.416666666667
268,12,4,P4,12,8.8875e-05,-0.03233950678259134,3691.0,3691.0,8.624285459518433,0.5671405792236328,9.191426038742065,3691.0,3965.5
269,12,5,P5,12,8.883333333333333e-05,-0.03094422072172165,4222.0,4277.0,9.591161966323853,0.6226978302001953,10.213859796524048,4202.0,4577.916666666667
270,12,6,P6,12,8.879166666666668e-05,0.006190990679897368,4175.0,4115.0,9.86217212677002,0.6578202247619629,10.519992351531982,3957.0,4205.833333333333
271,12,7,P7,12,8.875e-05,0.03918048646301031,5968.0,5994.0,14.18120789527893,0.9551632404327393,15.13637113571167,5994.0,6515.75
272,12,8,P8,12,8.870833333333334e-05,-0.018672135658562183,5943.0,6066.0,12.551568031311035,0.8374154567718506,13.388983488082886,5720.0,6078.666666666667
273,12,9,P9,12,8.866666666666668e-05,0.007546030872617848,5902.0,5899.0,11.926452159881592,0.7837812900543213,12.710233449935913,5340.0,5873.333333333333
274,12,10,P10,12,8.8625e-05,-0.01585822831839323,5632.0,5557.0,7.526575803756714,0.518791675567627,8.04536747932434,5550.0,6196.916666666667
275,12,11,P11,12,8.858333333333334e-05,-0.02118596131913364,11389.0,11389.0,14.62098503112793,0.9981927871704102,15.61917781829834,11372.0,11700.083333333334
276,12,12,P12,12,8.854166666666667e-05,-0.0037855299015063792,12103.0,12023.0,17.450085639953613,1.1934268474578857,18.6435124874115,11941.0,13172.25
277,12,13,P13,12,8.850000000000001e-05,0.008411531569436193,20147.0,19993.0,41.536378383636475,3.2490234375,44.785401821136475,19863.0,21402.75
278,12,14,P14,12,8.845833333333333e-05,-0.002966889449453447,22045.0,22485.0,41.98487877845764,3.402113914489746,45.38699269294739,22095.0,23162.583333333332
279,12,15,P15,12,8.841666666666667e-05,-0.007454344420693815,20257.0,20666.0,45.45798444747925,3.3945364952087402,48.85252094268799,20281.0,21997.75
280,12,16,P16,12,8.837500000000001e-05,0.0016840542491991072,21730.0,20592.0,52.21633577346802,4.011048316955566,56.227384090423584,20592.0,22228.416666666668
281,12,17,P17,12,8.833333333333333e-05,0.00057403888204135,21696.0,21876.0,53.39473533630371,4.3350303173065186,57.72976565361023,21428.0,22637.75
282,12,18,P18,12,8.829166666666667e-05,-0.001363988110460923,20471.0,20656.0,48.596893548965454,3.796464681625366,52.39335823059082,20449.0,22819.25
283,12,19,P19,12,8.825e-05,0.004959239286836237,24204.0,25256.0,49.76565909385681,4.060996055603027,53.82665514945984,23929.0,25196.5
284,12,20,P20,12,8.820833333333334e-05,-0.0016224672246607952,24354.0,24005.0,53.93441390991211,4.329148769378662,58.26356267929077,23221.0,24510.666666666668
285,12,21,P21,12,8.816666666666668e-05,-0.0018520194789743982,24927.0,24199.0,59.24150538444519,4.693872690200806,63.935378074645996,23628.0,26490.333333333332
286,12,22,P22,12,8.8125e-05,0.00023380908241961152,24266.0,23603.0,57.69025731086731,4.551101207733154,62.241358518600464,23342.0,25440.25
287,12,23,P23,12,8.808333333333334e-05,0.004345663399102965,35347.0,36143.0,74.90617513656616,6.48686146736145,81.39303660392761,34558.0,36674.0
288,12,24,P24,12,8.804166666666666e-05,0.0003209732327377424,24566.0,24055.0,50.41435503959656,4.091049432754517,54.505404472351074,23901.0,25652.0
289,13,1,P1,13,8.800000000000001e-05,0.012571390601806343,6403.0,6192.0,11.885972261428833,0.7909576892852783,12.676929950714111,6161.0,6550.384615384615
290,13,2,P2,13,8.795833333333335e-05,-0.002944155945442617,8708.0,8708.0,15.06842303276062,1.009535312652588,16.077958345413208,8494.0,9002.923076923076
291,13,3,P3,13,8.791666666666667e-05,0.022911785636097193,6934.0,6462.0,10.822323322296143,0.7426915168762207,11.565014839172363,6045.0,6415.307692307692
292,13,4,P4,13,8.787500000000001e-05,-0.038047121837735176,3691.0,3691.0,8.690871477127075,0.5876657962799072,9.278537273406982,3691.0,3944.3846153846152
293,13,5,P5,13,8.783333333333333e-05,-0.014997439691796899,4222.0,4277.0,9.463847875595093,0.630242109298706,10.094089984893799,4202.0,4554.7692307692305
294,13,6,P6,13,8.779166666666667e-05,0.017298472579568624,4145.0,4225.0,9.828711986541748,0.6594264507293701,10.488138437271118,3957.0,4207.307692307692
295,13,7,P7,13,8.775e-05,0.022663396783173084,5901.0,5994.0,14.061466932296753,0.9402115345001221,15.001678466796875,5994.0,6475.615384615385
296,13,8,P8,13,8.770833333333334e-05,0.010013935796450824,6163.0,6180.0,12.533079624176025,0.8255987167358398,13.358678340911865,5720.0,6086.461538461538
297,13,9,P9,13,8.766666666666668e-05,0.00460348253545817,6004.0,5899.0,11.78818678855896,0.7875306606292725,12.575717449188232,5340.0,5875.307692307692
298,13,10,P10,13,8.7625e-05,-0.030923916958272457,5848.0,5684.0,7.522254228591919,0.526106595993042,8.048360824584961,5550.0,6157.461538461538
299,13,11,P11,13,8.758333333333334e-05,-0.03735320921987295,11372.0,11372.0,14.887934923171997,1.0842933654785156,15.972228288650513,11372.0,11674.846153846154
300,13,12,P12,13,8.754166666666666e-05,0.02982464269734919,11915.0,11842.0,18.800512313842773,1.324634075164795,20.12514638900757,11842.0,13069.923076923076
301,13,13,P13,13,8.75e-05,0.00497198844095692,20023.0,20241.0,41.53866767883301,3.120081663131714,44.65874934196472,19863.0,21313.384615384617
302,13,14,P14,13,8.745833333333334e-05,-0.004361285784398206,22307.0,22340.0,40.47847867012024,3.0576171875,43.53609585762024,22095.0,23099.30769230769
303,13,15,P15,13,8.741666666666667e-05,0.006106651766458526,20364.0,20334.0,43.82409167289734,3.412855386734009,47.23694705963135,20281.0,21869.76923076923
304,13,16,P16,13,8.737500000000001e-05,0.0007951494320877827,21282.0,20773.0,52.30414152145386,4.025698661804199,56.32984018325806,20592.0,22116.46153846154
305,13,17,P17,13,8.733333333333333e-05,0.0002645583033881849,21718.0,21746.0,51.97829055786133,4.090613603591919,56.06890416145325,21428.0,22569.153846153848
306,13,18,P18,13,8.729166666666667e-05,-0.00419420976541005,20562.0,20375.0,49.38759231567383,3.7792656421661377,53.166857957839966,20375.0,22631.23076923077
307,13,19,P19,13,8.725e-05,0.00536991631379351,24397.0,24542.0,50.942182779312134,4.344240427017212,55.286423206329346,23929.0,25146.153846153848
308,13,20,P20,13,8.720833333333333e-05,-0.0007992514954821672,23920.0,23827.0,54.908915519714355,4.391252517700195,59.30016803741455,23221.0,24458.076923076922
309,13,21,P21,13,8.716666666666668e-05,-0.0021345589513657613,24919.0,24059.0,57.34345722198486,4.9249045848846436,62.26836180686951,23628.0,26303.30769230769
310,13,22,P22,13,8.7125e-05,0.0015553876291960478,24601.0,23775.0,56.18610405921936,4.605664491653442,60.7917685508728,23342.0,25312.153846153848
311,13,23,P23,13,8.708333333333334e-05,0.0019020324814066822,35804.0,36143.0,75.04725861549377,6.138354539871216,81.18561315536499,34558.0,36633.153846153844
312,13,24,P24,13,8.704166666666666e-05,-0.005437092809006572,24271.0,24393.0,51.67432117462158,4.182559490203857,55.85688066482544,23901.0,25555.153846153848
313,14,1,P1,14,8.7e-05,-0.0006191231586853974,6292.0,6485.0,11.980156660079956,0.8129358291625977,12.793092489242554,6161.0,6545.714285714285
314,14,2,P2,14,8.695833333333334e-05,0.006087349902372807,8711.0,8708.0,16.254436254501343,1.1105432510375977,17.36497950553894,8494.0,8981.857142857143
315,14,3,P3,14,8.691666666666667e-05,0.033125059911981225,6947.0,6102.0,11.780360221862793,0.843163251876831,12.623523473739624,6045.0,6392.928571428572
316,14,4,P4,14,8.687500000000001e-05,-0.046293558552861214,3718.0,3728.0,8.78187370300293,0.5977542400360107,9.37962794303894,3691.0,3928.9285714285716
317,14,5,P5,14,8.683333333333335e-05,-0.031117531470954418,4222.0,4202.0,9.655487060546875,0.6919283866882324,10.347415447235107,4202.0,4529.571428571428
318,14,6,P6,14,8.679166666666667e-05,0.0016636309737805277,4115.0,4215.0,10.044554471969604,0.6815857887268066,10.726140260696411,3957.0,4207.857142857143
319,14,7,P7,14,8.675e-05,0.03229431458748877,5913.0,5994.0,14.117659330368042,0.9662344455718994,15.083893775939941,5994.0,6441.214285714285
320,14,8,P8,14,8.670833333333333e-05,0.016708016395568848,6214.0,6157.0,12.518692016601562,0.833810567855835,13.352502584457397,5720.0,6091.5
321,14,9,P9,14,8.666666666666667e-05,-0.01465056894812733,5899.0,5928.0,11.68375301361084,0.7819182872772217,12.465671300888062,5340.0,5879.071428571428
322,14,10,P10,14,8.6625e-05,-0.013768429169431329,5758.0,5580.0,7.358281850814819,0.5143156051635742,7.8725974559783936,5550.0,6116.214285714285
323,14,11,P11,14,8.658333333333334e-05,-0.021166305290535092,11389.0,11389.0,14.239686250686646,1.0606725215911865,15.300358772277832,11372.0,11654.42857142857
324,14,12,P12,14,8.654166666666668e-05,0.02936838031746447,12312.0,12171.0,18.001404523849487,1.3123359680175781,19.313740491867065,11842.0,13005.714285714286
325,14,13,P13,14,8.65e-05,0.003944339514418971,20528.0,20847.0,41.17436861991882,3.092848777770996,44.26721739768982,19863.0,21280.071428571428
326,14,14,P14,14,8.645833333333334e-05,-0.002851287033990957,22472.0,22578.0,40.73288559913635,3.111309766769409,43.84419536590576,22095.0,23062.071428571428
327,14,15,P15,14,8.641666666666666e-05,0.0032527907933399547,20370.0,20452.0,42.22595262527466,3.2685978412628174,45.494550466537476,20281.0,21768.5
328,14,16,P16,14,8.637500000000001e-05,0.0072992978850379584,21680.0,20963.0,52.04170322418213,4.05663537979126,56.09833860397339,20592.0,22034.071428571428
329,14,17,P17,14,8.633333333333334e-05,0.0015568137750960886,21693.0,22396.0,53.162190198898315,4.47380805015564,57.635998249053955,21428.0,22556.785714285714
330,14,18,P18,14,8.629166666666667e-05,-0.006421551923267543,20464.0,20574.0,49.62035846710205,3.756981611251831,53.37734007835388,20375.0,22484.285714285714
331,14,19,P19,14,8.625000000000001e-05,0.007762092468328774,25332.0,24833.0,49.6239058971405,4.36520791053772,53.98911380767822,23929.0,25123.785714285714
332,14,20,P20,14,8.620833333333333e-05,0.001615507373935543,24522.0,24203.0,54.22105813026428,4.333714962005615,58.5547730922699,23221.0,24439.85714285714
333,14,21,P21,14,8.616666666666667e-05,-0.005695544905029238,24672.0,24239.0,56.28446626663208,4.589775562286377,60.87424182891846,23628.0,26155.85714285714
334,14,22,P22,14,8.6125e-05,0.0025451730209169908,24749.0,23950.0,57.228370666503906,4.691981792449951,61.92035245895386,23342.0,25214.85714285714
335,14,23,P23,14,8.608333333333334e-05,0.0003876595744389176,36151.0,36293.0,77.22660064697266,6.184631586074829,83.41123223304749,34558.0,36608.857142857145
336,14,24,P24,14,8.604166666666667e-05,-0.006697168597020209,24241.0,24142.0,51.0517418384552,4.0730299949646,55.1247718334198,23901.0,25454.214285714286
337,15,1,P1,15,8.6e-05,0.004668372479500249,6375.0,6562.0,11.594939231872559,0.7978746891021729,12.392813920974731,6161.0,6546.8
338,15,2,P2,15,8.595833333333334e-05,0.009711937280371785,9139.0,9139.0,15.588886260986328,1.1883544921875,16.777240753173828,8494.0,8992.333333333334
339,15,3,P3,15,8.591666666666666e-05,0.011683474760502577,6934.0,6517.0,11.135858535766602,0.7423100471496582,11.87816858291626,6045.0,6401.2
340,15,4,P4,15,8.5875e-05,-0.03737045172601938,3716.0,3748.0,8.50227427482605,0.5686466693878174,9.070920944213867,3691.0,3916.866666666667
341,15,5,P5,15,8.583333333333334e-05,-0.029740778729319572,4232.0,4322.0,9.595743179321289,0.6715149879455566,10.267258167266846,4202.0,4515.733333333334
342,15,6,P6,15,8.579166666666667e-05,0.03319398872554302,4285.0,4145.0,9.805369853973389,0.660102128982544,10.465471982955933,3957.0,4203.666666666667
343,15,7,P7,15,8.575000000000001e-05,0.01522626238875091,5894.0,6024.0,14.228091955184937,0.9317939281463623,15.159885883331299,5994.0,6413.4
344,15,8,P8,15,8.570833333333333e-05,0.008059904619585723,6167.0,6154.0,12.306992530822754,0.8206377029418945,13.127630233764648,5720.0,6095.666666666667
345,15,9,P9,15,8.566666666666667e-05,0.00014574861415894702,6033.0,5995.0,11.775596380233765,0.8074612617492676,12.583057641983032,5340.0,5886.8
346,15,10,P10,15,8.5625e-05,-0.010440835729241371,5744.0,5633.0,7.529608249664307,0.5210089683532715,8.050617218017578,5550.0,6084.0
347,15,11,P11,15,8.558333333333333e-05,-0.016294244676828384,11372.0,11389.0,14.468681812286377,0.9943943023681641,15.463076114654541,11372.0,11636.733333333334
348,15,12,P12,15,8.554166666666668e-05,0.015748445293866098,12324.0,12117.0,17.577223539352417,1.1817564964294434,18.75898003578186,11842.0,12946.466666666667
349,15,13,P13,15,8.55e-05,3.4297487218282185e-05,20271.0,20604.0,40.874106884002686,3.1043074131011963,43.97841429710388,19863.0,21235.0
350,15,14,P14,15,8.545833333333334e-05,0.0009648320447013248,22340.0,22636.0,41.584705114364624,3.151230573654175,44.7359356880188,22095.0,23033.666666666668
351,15,15,P15,15,8.541666666666666e-05,-4.63877495349152e-05,20386.0,20631.0,44.41793966293335,3.540323495864868,47.95826315879822,20281.0,21692.666666666668
352,15,16,P16,15,8.5375e-05,0.005159584863577038,21754.0,20967.0,52.28888726234436,4.028137922286987,56.31702518463135,20592.0,21962.933333333334
353,15,17,P17,15,8.533333333333334e-05,-6.632043478020933e-05,21688.0,21859.0,52.85023307800293,4.446433782577515,57.296666860580444,21428.0,22510.266666666666
354,15,18,P18,15,8.529166666666668e-05,-0.0047575683332979676,20550.0,20552.0,48.6985924243927,3.824248790740967,52.52284121513367,20375.0,22355.466666666667
355,15,19,P19,15,8.525000000000001e-05,0.004407191625796258,24703.0,24849.0,49.90794658660889,4.129924535751343,54.03787112236023,23929.0,25105.466666666667
356,15,20,P20,15,8.520833333333334e-05,0.0005388531280914322,24029.0,24277.0,54.53780245780945,4.489970445632935,59.02777290344238,23221.0,24429.0
357,15,21,P21,15,8.516666666666667e-05,-0.003456895444833208,24489.0,24136.0,58.90016961097717,5.089022874832153,63.989192485809326,23628.0,26021.2
358,15,22,P22,15,8.512500000000001e-05,0.0025708551111165434,24930.0,23750.0,58.41154670715332,4.579768180847168,62.99131488800049,23342.0,25117.2
359,15,23,P23,15,8.508333333333333e-05,-5.9154180884693884e-05,35425.0,36293.0,74.61157417297363,6.543652296066284,81.15522646903992,34558.0,36587.8
360,15,24,P24,15,8.504166666666667e-05,-0.00390847388189286,24478.0,24449.0,50.85548996925354,4.214894533157349,55.07038450241089,23901.0,25387.2
361,16,1,P1,16,8.5e-05,0.011264649918302894,6392.0,6226.0,12.658437252044678,0.7981283664703369,13.456565618515015,6161.0,6526.75
362,16,2,P2,16,8.495833333333334e-05,0.00664858368691057,9139.0,9136.0,33.0256507396698,1.799781084060669,34.82543182373047,8494.0,9001.3125
363,16,3,P3,16,8.491666666666667e-05,0.0018783545965561643,6744.0,6606.0,11.827196836471558,0.7541444301605225,12.58134126663208,6045.0,6414.0
364,16,4,P4,16,8.4875e-05,-0.013576855417340994,3657.0,3721.0,8.863459587097168,0.5796241760253906,9.443083763122559,3691.0,3904.625
365,16,5,P5,16,8.483333333333334e-05,-0.01780262403190136,4332.0,4242.0,9.653990507125854,0.649545431137085,10.30353593826294,4202.0,4498.625
366,16,6,P6,16,8.479166666666666e-05,0.0020730039104819298,4165.0,4275.0,10.137759447097778,0.680974006652832,10.81873345375061,3957.0,4208.125
367,16,7,P7,16,8.475000000000001e-05,0.010980254737660289,5964.0,6104.0,14.625019788742065,0.971980094909668,15.596999883651733,5994.0,6394.0625
368,16,8,P8,16,8.470833333333334e-05,0.007660118222702295,6091.0,6131.0,12.843328475952148,0.8647501468658447,13.708078622817993,5720.0,6097.875
369,16,9,P9,16,8.466666666666667e-05,0.005136450112331659,5939.0,5943.0,12.0776846408844,0.8019764423370361,12.879661083221436,5340.0,5890.3125
370,16,10,P10,16,8.4625e-05,-0.016166468616575003,5712.0,5650.0,7.707473039627075,0.5215466022491455,8.22901964187622,5550.0,6056.875
371,16,11,P11,16,8.458333333333333e-05,-0.01568127446807921,11372.0,11389.0,14.978824853897095,1.057619333267212,16.036444187164307,11372.0,11621.25
372,16,12,P12,16,8.454166666666667e-05,0.005873894668184221,12255.0,12146.0,18.315049171447754,1.2536308765411377,19.56868004798889,11842.0,12896.4375
373,16,13,P13,16,8.450000000000001e-05,-0.00021483168075064896,20535.0,20731.0,41.620561599731445,3.0668110847473145,44.68737268447876,19863.0,21203.5
374,16,14,P14,16,8.445833333333334e-05,-0.0030732330451428425,22260.0,22592.0,40.99094080924988,3.127173662185669,44.11811447143555,22095.0,23006.0625
375,16,15,P15,16,8.441666666666668e-05,0.0018592588749015704,20289.0,20712.0,44.49306893348694,3.5164992809295654,48.009568214416504,20281.0,21631.375
376,16,16,P16,16,8.4375e-05,0.005454125721007586,21177.0,20841.0,52.9816632270813,4.17963171005249,57.16129493713379,20592.0,21892.8125
377,16,17,P17,16,8.433333333333333e-05,0.0028417358815204354,21849.0,21818.0,53.13158178329468,4.15625,57.28783178329468,21428.0,22467.0
378,16,18,P18,16,8.429166666666666e-05,-0.007611696736421436,20462.0,20798.0,49.49456286430359,3.794379234313965,53.288942098617554,20375.0,22258.125
379,16,19,P19,16,8.425e-05,0.005371411051601172,24580.0,24270.0,52.12539553642273,4.279752969741821,56.40514850616455,23929.0,25053.25
380,16,20,P20,16,8.420833333333334e-05,0.004158325016032904,24550.0,24446.0,54.81070876121521,4.328942537307739,59.13965129852295,23221.0,24430.0625
381,16,21,P21,16,8.416666666666668e-05,-0.006319328397512436,24768.0,23820.0,58.11594271659851,4.9473490715026855,63.063291788101196,23628.0,25883.625
382,16,22,P22,16,8.412500000000001e-05,0.001500081350968685,24354.0,23280.0,57.473217487335205,4.695823907852173,62.16904139518738,23280.0,25002.375
383,16,23,P23,16,8.408333333333334e-05,0.0021660745187546127,35947.0,35878.0,75.80507016181946,6.2448039054870605,82.04987406730652,34558.0,36543.4375
384,16,24,P24,16,8.404166666666667e-05,-0.002651508909184486,24701.0,24123.0,52.82051491737366,4.1950695514678955,57.01558446884155,23901.0,25308.1875
385,17,1,P1,17,8.4e-05,0.017073803930543363,6424.0,6385.0,12.126528263092041,0.8529403209686279,12.979468584060669,6161.0,6518.411764705882
386,17,2,P2,17,8.395833333333333e-05,9.299865632783622e-05,9136.0,8925.0,15.98978304862976,1.1087796688079834,17.098562717437744,8494.0,8996.823529411764
387,17,3,P3,17,8.391666666666667e-05,0.015102477162145078,6733.0,6514.0,11.385419368743896,0.7695770263671875,12.154996395111084,6045.0,6419.882352941177
388,17,4,P4,17,8.3875e-05,-0.014878933783620596,3746.0,3721.0,8.780262470245361,0.5996112823486328,9.379873752593994,3691.0,3893.823529411765
389,17,5,P5,17,8.383333333333334e-05,-0.05000689160078764,4222.0,4237.0,9.621776103973389,0.6570224761962891,10.278798580169678,4202.0,4483.235294117647
390,17,6,P6,17,8.379166666666667e-05,-0.001927526667714119,4115.0,4115.0,9.854461193084717,0.6548759937286377,10.509337186813354,3957.0,4202.64705882353
391,17,7,P7,17,8.375e-05,0.025193578330799937,5950.0,6193.0,14.187972784042358,0.9532525539398193,15.141225337982178,5994.0,6382.235294117647
392,17,8,P8,17,8.370833333333334e-05,-0.0015162485433393158,5914.0,5848.0,12.485875129699707,0.8314297199249268,13.317304849624634,5720.0,6083.176470588235
393,17,9,P9,17,8.366666666666668e-05,0.003749324881937355,5853.0,5544.0,11.816035985946655,0.7966253757476807,12.612661361694336,5340.0,5869.941176470588
394,17,10,P10,17,8.3625e-05,0.023615922313183546,5862.0,5587.0,7.518334150314331,0.5122861862182617,8.030620336532593,5550.0,6029.235294117647
395,17,11,P11,17,8.358333333333334e-05,-0.018030537525191903,11434.0,11389.0,14.779381275177002,1.0728564262390137,15.852237701416016,11372.0,11607.588235294117
396,17,12,P12,17,8.354166666666667e-05,-0.004188044957118109,12126.0,12060.0,18.30578374862671,1.289992332458496,19.595776081085205,11842.0,12847.235294117647
397,17,13,P13,17,8.35e-05,-0.0010048727572211646,20437.0,20040.0,41.021172285079956,3.1592745780944824,44.18044686317444,19863.0,21135.058823529413
398,17,14,P14,17,8.345833333333333e-05,0.0037783729494549334,22281.0,22648.0,41.57167410850525,3.1622371673583984,44.73391127586365,22095.0,22985.0
399,17,15,P15,17,8.341666666666667e-05,-0.007785489200614393,20357.0,20445.0,43.42304730415344,3.3805878162384033,46.803635120391846,20281.0,21561.58823529412
400,17,16,P16,17,8.337500000000001e-05,0.00726585891097784,21558.0,20704.0,54.00453591346741,4.117221832275391,58.1217577457428,20592.0,21822.882352941175
401,17,17,P17,17,8.333333333333334e-05,0.002431135857477784,21605.0,21501.0,54.55222749710083,4.241153955459595,58.793381452560425,21428.0,22410.176470588234
402,17,18,P18,17,8.329166666666667e-05,-0.003210161195602268,20693.0,20519.0,49.20015335083008,3.798388957977295,52.99854230880737,20375.0,22155.823529411766
403,17,19,P19,17,8.325e-05,0.003951561765279621,24495.0,23873.0,52.28472542762756,4.379404544830322,56.664129972457886,23873.0,24983.823529411766
404,17,20,P20,17,8.320833333333333e-05,-0.0014594529879104813,23748.0,24296.0,54.94455099105835,4.438727378845215,59.383278369903564,23221.0,24422.176470588234
405,17,21,P21,17,8.316666666666666e-05,-0.0026586649066302924,24669.0,24387.0,58.407506704330444,4.739786863327026,63.14729356765747,23628.0,25795.58823529412
406,17,22,P22,17,8.312500000000001e-05,0.00315974450786598,24540.0,23559.0,59.26575589179993,4.72479248046875,63.99054837226868,23280.0,24917.470588235294
407,17,23,P23,17,8.308333333333334e-05,-0.0015048275922059215,35101.0,36293.0,78.16673851013184,6.182389259338379,84.34912776947021,34558.0,36528.705882352944
408,17,24,P24,17,8.304166666666667e-05,-0.0016233912749157753,24546.0,24199.0,51.39363718032837,4.145707607269287,55.539344787597656,23901.0,25242.941176470587
409,18,1,P1,18,8.3e-05,0.011366192833520472,6321.0,6252.0,11.838566780090332,0.885791540145874,12.724358320236206,6161.0,6503.611111111111
410,18,2,P2,18,8.295833333333333e-05,0.0021301337255863473,8922.0,8922.0,15.382370471954346,1.03021240234375,16.412582874298096,8494.0,8992.666666666666
411,18,3,P3,18,8.291666666666666e-05,0.008546367673261557,6511.0,6517.0,11.090699911117554,0.7348954677581787,11.825595378875732,6045.0,6425.277777777777
412,18,4,P4,18,8.287500000000001e-05,0.004277351894415915,3772.0,3721.0,8.548990964889526,0.5985894203186035,9.14758038520813,3691.0,3884.222222222222
413,18,5,P5,18,8.283333333333335e-05,-0.03774560056626797,4247.0,4222.0,9.409338474273682,0.6466236114501953,10.055962085723877,4202.0,4468.722222222223
414,18,6,P6,18,8.279166666666667e-05,-0.013012422947213054,4207.0,4115.0,9.85901689529419,0.6691994667053223,10.528216361999512,3957.0,4197.777777777777
415,18,7,P7,18,8.275e-05,-0.0057221545721404254,5941.0,6114.0,14.232183456420898,0.956505298614502,15.1886887550354,5994.0,6367.333333333333
416,18,8,P8,18,8.270833333333334e-05,0.020741162821650505,5927.0,6150.0,12.583768606185913,0.832505464553833,13.416274070739746,5720.0,6086.888888888889
417,18,9,P9,18,8.266666666666667e-05,0.0033371448571415385,5953.0,5943.0,11.933431386947632,0.7989988327026367,12.732430219650269,5340.0,5874.0
418,18,10,P10,18,8.2625e-05,-0.006770219188183546,5715.0,5550.0,7.598641872406006,0.5143611431121826,8.113003015518188,5550.0,6002.611111111111
419,18,11,P11,18,8.258333333333334e-05,0.00019348711430211551,11389.0,11389.0,14.63645315170288,0.9975912570953369,15.634044408798218,11372.0,11595.444444444445
420,18,12,P12,18,8.254166666666668e-05,0.004935753502650186,12122.0,12040.0,17.6733820438385,1.2164568901062012,18.889838933944702,11842.0,12802.388888888889
421,18,13,P13,18,8.25e-05,-0.0020348441539681517,19865.0,20171.0,41.66270732879639,3.166429042816162,44.82913637161255,19863.0,21081.5
422,18,14,P14,18,8.245833333333334e-05,-0.00022768901635572547,22031.0,22593.0,41.795722246170044,3.360654830932617,45.15637707710266,22095.0,22963.222222222223
423,18,15,P15,18,8.241666666666667e-05,0.006111049355240539,20447.0,20740.0,44.914247035980225,3.374311685562134,48.28855872154236,20281.0,21515.944444444445
424,18,16,P16,18,8.2375e-05,0.003138363029574975,21284.0,20803.0,105.23571491241455,10.29354739189148,115.52926230430603,20592.0,21766.222222222223
425,18,17,P17,18,8.233333333333333e-05,0.004291033220943064,21978.0,21896.0,137.00331020355225,10.357563734054565,147.3608739376068,21428.0,22381.61111111111
426,18,18,P18,18,8.229166666666667e-05,-0.004386872600298375,20853.0,21250.0,127.65838408470154,9.670874118804932,137.32925820350647,20375.0,22105.5
427,18,19,P19,18,8.225000000000001e-05,0.0012260715076990892,24322.0,24400.0,131.574862241745,10.257732629776001,141.832594871521,23873.0,24951.38888888889
428,18,20,P20,18,8.220833333333333e-05,0.0021364088548580184,24048.0,24042.0,141.37054920196533,10.9359769821167,152.30652618408203,23221.0,24401.055555555555
429,18,21,P21,18,8.216666666666667e-05,-0.0009467998577747494,25616.0,24672.0,150.4555184841156,11.569767951965332,162.02528643608093,23628.0,25733.166666666668
430,18,22,P22,18,8.2125e-05,0.0011018159697414377,25284.0,24181.0,148.01162791252136,11.75407361984253,159.7657015323639,23280.0,24876.555555555555
431,18,23,P23,18,8.208333333333334e-05,-0.0016468524736410473,35497.0,36293.0,193.79869198799133,15.197524785995483,208.99621677398682,34558.0,36515.61111111111
432,18,24,P24,18,8.204166666666668e-05,-0.002706094254972413,24685.0,24890.0,133.6562111377716,10.55237102508545,144.20858216285706,23901.0,25223.333333333332
433,19,1,P1,19,8.200000000000001e-05,0.010602495283819735,6418.0,6282.0,31.485941886901855,2.044572114944458,33.53051400184631,6161.0,6491.9473684210525
434,19,2,P2,19,8.195833333333334e-05,0.0010834968707058579,8925.0,8922.0,39.96164798736572,2.6045408248901367,42.56618881225586,8494.0,8988.947368421053
435,19,3,P3,19,8.191666666666666e-05,0.0167024185648188,6676.0,6612.0,28.819374084472656,1.8881642818450928,30.70753836631775,6045.0,6435.105263157895
436,19,4,P4,19,8.1875e-05,-0.02050772262737155,3746.0,3801.0,22.720354795455933,1.4833250045776367,24.20367980003357,3691.0,3879.842105263158
437,19,5,P5,19,8.183333333333333e-05,-0.03167013265192509,4327.0,4267.0,25.164121389389038,1.6178159713745117,26.78193736076355,4202.0,4458.105263157895
438,19,6,P6,19,8.179166666666667e-05,-0.0020532533526420593,4137.0,4115.0,25.961122274398804,1.6847634315490723,27.645885705947876,3957.0,4193.421052631579
439,19,7,P7,19,8.175000000000001e-05,0.01689979515504092,6004.0,6161.0,37.540372133255005,2.416323661804199,39.956695795059204,5994.0,6356.473684210527
440,19,8,P8,19,8.170833333333335e-05,0.00908264348981902,6114.0,6131.0,33.287824392318726,2.124835252761841,35.412659645080566,5720.0,6089.210526315789
441,19,9,P9,19,8.166666666666667e-05,-0.007234836521092802,5913.0,5989.0,31.05340266227722,2.007500171661377,33.0609028339386,5340.0,5880.0526315789475
442,19,10,P10,19,8.1625e-05,-0.00041659366252133623,5820.0,5594.0,19.963733911514282,1.3214812278747559,21.285215139389038,5550.0,5981.105263157895
443,19,11,P11,19,8.158333333333333e-05,-0.019110059598460793,11389.0,11389.0,38.36770486831665,2.58203125,40.94973611831665,11372.0,11584.578947368422
444,19,12,P12,19,8.154166666666667e-05,0.01670064136851579,12142.0,11976.0,46.3424346446991,3.1081459522247314,49.45058059692383,11842.0,12758.894736842105
445,19,13,P13,19,8.15e-05,-0.005017022704123519,20015.0,20132.0,107.11281275749207,7.867398738861084,114.98021149635315,19863.0,21031.526315789473
446,19,14,P14,19,8.145833333333334e-05,0.00617832294665277,22535.0,22386.0,107.7649085521698,7.9961161613464355,115.76102471351624,22095.0,22932.842105263157
447,19,15,P15,19,8.141666666666668e-05,-0.000840349322061229,20716.0,20617.0,112.12814545631409,8.252861738204956,120.38100719451904,20281.0,21468.63157894737
448,19,16,P16,19,8.1375e-05,0.004285218147560954,21512.0,20910.0,136.18911147117615,10.221383094787598,146.41049456596375,20592.0,21721.157894736843
449,19,17,P17,19,8.133333333333334e-05,0.0024892864108551293,21818.0,21948.0,137.4331500530243,10.381035327911377,147.81418538093567,21428.0,22358.78947368421
450,19,18,P18,19,8.129166666666667e-05,-0.005916867242194712,20574.0,20705.0,128.70242404937744,9.677206754684448,138.3796308040619,20375.0,22031.78947368421
451,19,19,P19,19,8.125000000000001e-05,0.002393190609291196,23795.0,24126.0,131.5152564048767,10.288803577423096,141.8040599822998,23873.0,24907.947368421053
452,19,20,P20,19,8.120833333333333e-05,0.003859987488249317,24118.0,24148.0,142.0391092300415,10.99158000946045,153.03068923950195,23221.0,24387.736842105263
453,19,21,P21,19,8.116666666666667e-05,-0.004109036026056856,24935.0,24585.0,150.19651889801025,11.622194528579712,161.81871342658997,23628.0,25672.736842105263
454,19,22,P22,19,8.112500000000001e-05,-0.0005292276575346478,23828.0,24080.0,147.74964785575867,11.727730751037598,159.47737860679626,23280.0,24834.63157894737
455,19,23,P23,19,8.108333333333333e-05,0.0013128408183027723,34501.0,36628.0,195.2390251159668,15.220780611038208,210.459805727005,34558.0,36521.52631578947
456,19,24,P24,19,8.104166666666667e-05,-0.0008613881946075708,24730.0,24828.0,134.1254665851593,10.809744358062744,144.93521094322205,23901.0,25202.526315789473
457,20,1,P1,20,8.1e-05,0.004445080616278574,6485.0,6452.0,31.621740579605103,2.050541400909424,33.672281980514526,6161.0,6489.95
458,20,2,P2,20,8.095833333333334e-05,0.0069928294396959245,8925.0,8925.0,39.81842279434204,2.627685546875,42.44610834121704,8494.0,8985.75
459,20,3,P3,20,8.091666666666668e-05,0.026939948264043778,6880.0,6462.0,29.02597451210022,1.8849642276763916,30.91093873977661,6045.0,6436.45
460,20,4,P4,20,8.0875e-05,-0.02294642711058259,3811.0,3801.0,22.799237489700317,1.4829113483428955,24.282148838043213,3691.0,3875.9
461,20,5,P5,20,8.083333333333334e-05,-0.05295181926339865,4282.0,4227.0,25.020341396331787,1.6158747673034668,26.636216163635254,4202.0,4446.55
462,20,6,P6,20,8.079166666666666e-05,-0.021043825428932905,4077.0,4115.0,26.02325439453125,1.6882073879241943,27.711461782455444,3957.0,4189.5
463,20,7,P7,20,8.075e-05,0.020132792880758643,6158.0,6094.0,37.457029819488525,2.4169845581054688,39.874014377593994,5994.0,6343.35
464,20,8,P8,20,8.070833333333335e-05,-0.004034509602206526,6247.0,6238.0,33.17657804489136,2.1114089488983154,35.28798699378967,5720.0,6096.65
465,20,9,P9,20,8.066666666666667e-05,0.004273836610082071,6123.0,6043.0,31.292131662368774,2.000281810760498,33.29241347312927,5340.0,5888.2
466,20,10,P10,20,8.062500000000001e-05,0.012828931212425232,5772.0,5690.0,19.927608489990234,1.324012279510498,21.251620769500732,5550.0,5966.55
467,20,11,P11,20,8.058333333333335e-05,0.0017252245306735858,11372.0,11389.0,38.380133390426636,2.564481019973755,40.94461441040039,11372.0,11574.8
468,20,12,P12,20,8.054166666666667e-05,0.004127789638005197,12337.0,12015.0,46.44027876853943,3.0703125,49.51059126853943,11842.0,12721.7
469,20,13,P13,20,8.049999999999999e-05,-0.013621329271700233,20125.0,20132.0,107.06090474128723,7.825829267501831,114.88673400878906,19863.0,20986.55
470,20,14,P14,20,8.045833333333334e-05,0.006374566874001175,22170.0,22413.0,107.97418069839478,7.9724366664886475,115.94661736488342,22095.0,22906.85
471,20,15,P15,20,8.041666666666668e-05,-0.0017162004482997872,20671.0,20470.0,112.45016026496887,8.252310991287231,120.7024712562561,20281.0,21418.7
472,20,16,P16,20,8.0375e-05,0.0004234511074173497,21718.0,20841.0,135.92979288101196,10.530396699905396,146.46018958091736,20592.0,21677.15
473,20,17,P17,20,8.033333333333334e-05,0.00022380854934453965,21688.0,21306.0,137.30686402320862,10.316624402999878,147.6234884262085,21306.0,22306.15
474,20,18,P18,20,8.029166666666668e-05,-0.0037462880893144755,20427.0,20571.0,128.4468376636505,9.665101051330566,138.11193871498108,20375.0,21958.75
475,20,19,P19,20,8.025e-05,0.004958661610726267,23982.0,24013.0,131.53651642799377,10.223540782928467,141.76005721092224,23873.0,24863.2
476,20,20,P20,20,8.020833333333334e-05,0.0015290508395992219,24014.0,23922.0,142.57467317581177,10.93369436264038,153.50836753845215,23221.0,24364.45
477,20,21,P21,20,8.016666666666667e-05,-0.0024711914418730887,25175.0,24551.0,149.43711185455322,11.626664638519287,161.0637764930725,23628.0,25616.65
478,20,22,P22,20,8.012500000000001e-05,0.0024892541347071528,24800.0,23731.0,147.61593174934387,11.816566944122314,159.4324986934662,23280.0,24779.45
479,20,23,P23,20,8.008333333333333e-05,-0.0031002892189592656,34501.0,36628.0,195.8096947669983,15.220690250396729,211.03038501739502,34558.0,36526.85
480,20,24,P24,20,8.004166666666667e-05,-0.0006874117854749784,24898.0,24554.0,134.616530418396,10.568646669387817,145.1851770877838,23901.0,25170.1
481,21,1,P1,21,8e-05,-0.003763266053283587,6184.0,6444.0,31.522440910339355,2.049912214279175,33.57235312461853,6161.0,6487.761904761905
482,21,2,P2,21,7.995833333333333e-05,0.014742320170626044,8922.0,8922.0,39.58435773849487,2.6099283695220947,42.19428610801697,8494.0,8982.714285714286
483,21,3,P3,21,7.991666666666667e-05,0.020408308948390186,6840.0,6462.0,28.8633291721344,1.898801565170288,30.762130737304688,6045.0,6437.666666666667
484,21,4,P4,21,7.9875e-05,-0.026732200291007757,3828.0,3803.0,22.611565589904785,1.469078540802002,24.080644130706787,3691.0,3872.4285714285716
485,21,5,P5,21,7.983333333333334e-05,-0.04797777161002159,4304.0,4307.0,24.844542503356934,1.623453140258789,26.467995643615723,4202.0,4439.9047619047615
486,21,6,P6,21,7.979166666666666e-05,0.013248670613393188,4283.0,4224.0,26.077998876571655,1.6853814125061035,27.76338028907776,3957.0,4191.142857142857
487,21,7,P7,21,7.975e-05,0.03154700412414968,6294.0,6107.0,38.01647472381592,2.476019859313965,40.49249458312988,5994.0,6332.0952380952385
488,21,8,P8,21,7.970833333333334e-05,-0.01693946251180023,6010.0,5937.0,33.6687126159668,2.1530709266662598,35.82178354263306,5720.0,6089.047619047619
489,21,9,P9,21,7.966666666666666e-05,0.007297671370906755,5710.0,5747.0,31.40458655357361,2.0170059204101562,33.421592473983765,5340.0,5881.476190476191
490,21,10,P10,21,7.962500000000001e-05,0.016077104955911636,5772.0,5820.0,19.830069065093994,1.3194303512573242,21.14949941635132,5550.0,5959.571428571428
491,21,11,P11,21,7.958333333333335e-05,-0.00894887640606612,11468.0,11389.0,38.54934477806091,2.5712602138519287,41.12060499191284,11372.0,11565.952380952382
492,21,12,P12,21,7.954166666666667e-05,-0.002285948328790255,12299.0,12058.0,46.22083020210266,3.064718246459961,49.28554844856262,11842.0,12690.095238095239
493,21,13,P13,21,7.950000000000001e-05,-0.003605869336752221,19976.0,20567.0,106.79145050048828,7.805776596069336,114.59722709655762,19863.0,20966.571428571428
494,21,14,P14,21,7.945833333333333e-05,0.0026879586512222886,22285.0,22434.0,107.83169293403625,7.970454692840576,115.80214762687683,22095.0,22884.333333333332
495,21,15,P15,21,7.941666666666667e-05,0.0005698921358998632,21222.0,20526.0,112.51121377944946,8.28869915008545,120.79991292953491,20281.0,21376.190476190477
496,21,16,P16,21,7.9375e-05,-0.0030391118198167533,20870.0,20812.0,136.80705308914185,10.255794525146484,147.06284761428833,20592.0,21635.95238095238
497,21,17,P17,21,7.933333333333334e-05,0.006661908072419465,22078.0,21956.0,136.56245613098145,10.324431419372559,146.886887550354,21306.0,22289.47619047619
498,21,18,P18,21,7.929166666666668e-05,-0.005049821065040305,20654.0,20566.0,129.14874386787415,9.66990327835083,138.81864714622498,20375.0,21892.428571428572
499,21,19,P19,21,7.925e-05,0.0020922580442856997,24271.0,24350.0,131.84408283233643,10.285974025726318,142.13005685806274,23873.0,24838.761904761905
500,21,20,P20,21,7.920833333333334e-05,0.0008883705362677574,24296.0,24277.0,142.1396255493164,10.948802471160889,153.0884280204773,23221.0,24360.285714285714
501,21,21,P21,21,7.916666666666666e-05,-0.001547849553753622,25171.0,24592.0,149.84893226623535,11.563302993774414,161.41223526000977,23628.0,25567.85714285714
502,21,22,P22,21,7.9125e-05,0.000587342376820743,24652.0,24050.0,148.19302797317505,11.758638381958008,159.95166635513306,23280.0,24744.714285714286
503,21,23,P23,21,7.908333333333334e-05,0.00014075886299126848,35278.0,36628.0,195.3517725467682,15.216111183166504,210.5678837299347,34558.0,36531.666666666664
504,21,24,P24,21,7.904166666666667e-05,0.0016373194521293044,25122.0,24357.0,134.78726291656494,10.553898572921753,145.3411614894867,23901.0,25131.380952380954
505,22,1,P1,22,7.900000000000001e-05,-0.0067854423832613975,6375.0,6454.0,31.198694944381714,2.0407934188842773,33.23948836326599,6161.0,6486.227272727273
506,22,2,P2,22,7.895833333333333e-05,0.025570242665708065,8922.0,8922.0,39.731566429138184,2.607917547225952,42.339483976364136,8494.0,8979.954545454546
507,22,3,P3,22,7.891666666666667e-05,0.03379818727262318,7094.0,6530.0,28.867253303527832,1.8944194316864014,30.761672735214233,6045.0,6441.863636363636
508,22,4,P4,22,7.8875e-05,-0.024725032970309258,3718.0,3762.0,22.71848487854004,1.4774959087371826,24.19598078727722,3691.0,3867.409090909091
509,22,5,P5,22,7.883333333333334e-05,-0.04452800750732422,4322.0,4267.0,24.877065658569336,1.6034619808197021,26.480527639389038,4202.0,4432.045454545455
510,22,6,P6,22,7.879166666666667e-05,-0.010419732425361872,4160.0,4204.0,26.513959407806396,1.694251537322998,28.208210945129395,3957.0,4191.727272727273
511,22,7,P7,22,7.875e-05,0.021096707321703434,6387.0,5920.0,38.048287868499756,2.477980613708496,40.52626848220825,5920.0,6313.363636363636
512,22,8,P8,22,7.870833333333334e-05,0.0032227513438556343,6094.0,5837.0,33.6009464263916,2.171525478363037,35.77247190475464,5720.0,6077.590909090909
513,22,9,P9,22,7.866666666666666e-05,-0.020938161993399262,5650.0,5603.0,31.30425000190735,2.010446548461914,33.31469655036926,5340.0,5868.818181818182
514,22,10,P10,22,7.8625e-05,0.017666832078248262,5758.0,5703.0,19.986278533935547,1.3165631294250488,21.302841663360596,5550.0,5947.909090909091
515,22,11,P11,22,7.858333333333334e-05,0.0005804769134556409,11434.0,11434.0,38.29111289978027,2.5551226139068604,40.846235513687134,11372.0,11559.954545454546
516,22,12,P12,22,7.854166666666667e-05,-0.006214508670382202,12245.0,12386.0,46.41099166870117,3.070662498474121,49.48165416717529,11842.0,12676.272727272728
517,22,13,P13,22,7.850000000000001e-05,0.005408385157352313,20132.0,20071.0,106.6078999042511,7.858537912368774,114.46643781661987,19863.0,20925.863636363636
518,22,14,P14,22,7.845833333333333e-05,-0.0024843989813234657,22170.0,22209.0,107.65358805656433,8.014732599258423,115.66832065582275,22095.0,22853.636363636364
519,22,15,P15,22,7.841666666666667e-05,0.0027338906802469864,20776.0,20263.0,112.21683669090271,8.256560802459717,120.47339749336243,20263.0,21325.590909090908
520,22,16,P16,22,7.8375e-05,-0.0016562033066293224,21051.0,20986.0,136.55506348609924,10.291524648666382,146.84658813476562,20592.0,21606.409090909092
521,22,17,P17,22,7.833333333333333e-05,0.0035814274102449416,21752.0,21696.0,137.34261441230774,10.459260702133179,147.80187511444092,21306.0,22262.5
522,22,18,P18,22,7.829166666666667e-05,-0.0024160836532246322,20593.0,20628.0,129.10351514816284,9.699430704116821,138.80294585227966,20375.0,21834.954545454544
523,22,19,P19,22,7.825e-05,0.0012554364646348403,23876.0,23805.0,131.61764526367188,10.2988440990448,141.91648936271667,23805.0,24791.772727272728
524,22,20,P20,22,7.820833333333334e-05,-0.00019639053207356482,23340.0,24044.0,141.83618092536926,10.947619676589966,152.78380060195923,23221.0,24345.909090909092
525,22,21,P21,22,7.816666666666668e-05,0.001335870901675662,24757.0,24373.0,150.53714799880981,11.888489723205566,162.42563772201538,23628.0,25513.545454545456
526,22,22,P22,22,7.8125e-05,0.0022762061154935507,24761.0,24213.0,149.22633838653564,11.732596158981323,160.95893454551697,23280.0,24720.545454545456
527,22,23,P23,22,7.808333333333332e-05,-0.001029845176422636,34501.0,36628.0,195.1072132587433,15.24108076095581,210.3482940196991,34558.0,36536.045454545456
528,22,24,P24,22,7.804166666666666e-05,-0.001232068574609002,24771.0,24411.0,134.40504002571106,10.5878005027771,144.99284052848816,23901.0,25098.636363636364
529,23,1,P1,23,7.800000000000001e-05,-0.0037969800760038197,6215.0,6192.0,31.269375801086426,2.047126531600952,33.31650233268738,6161.0,6473.434782608696
530,23,2,P2,23,7.795833333333334e-05,0.019212563056498766,8922.0,8922.0,39.805899143218994,2.6124496459960938,42.41834878921509,8494.0,8977.434782608696
531,23,3,P3,23,7.791666666666667e-05,0.022111829137429595,6934.0,6530.0,28.910502195358276,1.8947079181671143,30.80521011352539,6045.0,6445.695652173913
532,23,4,P4,23,7.787500000000001e-05,-0.01107669877819717,3763.0,3803.0,22.695909023284912,1.4677929878234863,24.1637020111084,3691.0,3864.608695652174
533,23,5,P5,23,7.783333333333333e-05,-0.036308541893959045,4322.0,4292.0,24.812618255615234,1.6175227165222168,26.43014097213745,4202.0,4425.95652173913
534,23,6,P6,23,7.779166666666667e-05,-0.015346285188570619,3970.0,4164.0,26.033941745758057,1.6935365200042725,27.72747826576233,3957.0,4190.521739130435
535,23,7,P7,23,7.775e-05,0.045015282928943634,6720.0,5810.0,38.168991565704346,2.486764430999756,40.6557559967041,5810.0,6291.478260869565
536,23,8,P8,23,7.770833333333334e-05,-0.02319948631338775,5957.0,5717.0,33.689736127853394,2.1731410026550293,35.86287713050842,5717.0,6061.913043478261
537,23,9,P9,23,7.766666666666667e-05,0.0002397404532530345,5861.0,5467.0,31.61453652381897,2.0279672145843506,33.64250373840332,5340.0,5851.347826086957
538,23,10,P10,23,7.7625e-05,0.010290930047631264,5772.0,5776.0,20.24135684967041,1.310410976409912,21.551767826080322,5550.0,5940.434782608696
539,23,11,P11,23,7.758333333333334e-05,-0.007568997272755951,11389.0,11434.0,38.51509642601013,2.5676379203796387,41.08273434638977,11372.0,11554.478260869566
540,23,12,P12,23,7.754166666666666e-05,-0.0005426377210824285,12481.0,12258.0,46.310325622558594,3.07890248298645,49.389228105545044,11842.0,12658.08695652174
541,23,13,P13,23,7.75e-05,-0.017628285917453468,19817.0,19894.0,107.89612364768982,7.852003574371338,115.74812722206116,19863.0,20881.0
542,23,14,P14,23,7.745833333333335e-05,0.010659605788532645,22335.0,22418.0,108.41873216629028,8.012362241744995,116.43109440803528,22095.0,22834.695652173912
543,23,15,P15,23,7.741666666666667e-05,-0.012634082464501262,20414.0,20505.0,113.28234720230103,8.234283447265625,121.51663064956665,20263.0,21289.91304347826
544,23,16,P16,23,7.7375e-05,0.0009274181704313378,20840.0,20788.0,137.3177375793457,10.337458372116089,147.6551959514618,20592.0,21570.82608695652
545,23,17,P17,23,7.733333333333333e-05,-0.004567628563381732,21473.0,21603.0,137.09171199798584,10.368058443069458,147.4597704410553,21306.0,22233.82608695652
546,23,18,P18,23,7.729166666666667e-05,0.004452335520181805,20801.0,20367.0,128.3025426864624,9.659009218215942,137.96155190467834,20367.0,21771.130434782608
547,23,19,P19,23,7.725e-05,-0.002301878521757317,23680.0,23916.0,131.8328595161438,10.279053688049316,142.11191320419312,23805.0,24753.695652173912
548,23,20,P20,23,7.720833333333334e-05,0.0035555502865463494,24166.0,23496.0,142.92159461975098,10.950329303741455,153.87192392349243,23221.0,24308.956521739132
549,23,21,P21,23,7.716666666666668e-05,-0.0014064883202081547,24935.0,24010.0,150.3474404811859,11.607337713241577,161.9547781944275,23628.0,25448.17391304348
550,23,22,P22,23,7.7125e-05,0.00012169285109848715,23876.0,23507.0,149.04283022880554,11.72658658027649,160.76941680908203,23280.0,24667.782608695652
551,23,23,P23,23,7.708333333333334e-05,-2.3680978691637783e-05,34239.0,36628.0,194.81753396987915,15.288718461990356,210.1062524318695,34558.0,36540.04347826087
552,23,24,P24,23,7.704166666666666e-05,0.002703653305070475,24395.0,24233.0,134.3966989517212,10.425554275512695,144.8222532272339,23901.0,25061.0
553,24,1,P1,24,7.7e-05,-0.00015535739112237934,6474.0,6252.0,31.36161780357361,2.0440311431884766,33.405648946762085,6161.0,6464.208333333333
554,24,2,P2,24,7.695833333333334e-05,0.011267721769399941,8925.0,8711.0,39.79472827911377,2.626171112060547,42.420899391174316,8494.0,8966.333333333334
555,24,3,P3,24,7.691666666666668e-05,-0.004002474430308212,6666.0,6166.0,28.91667604446411,1.8925423622131348,30.809218406677246,6045.0,6434.041666666667
556,24,4,P4,24,7.687500000000001e-05,0.01885126531124115,3738.0,3736.0,22.588696241378784,1.474996566772461,24.063692808151245,3691.0,3859.25
557,24,5,P5,24,7.683333333333334e-05,-0.020981966983526945,4297.0,4222.0,25.02501630783081,1.6132280826568604,26.63824439048767,4202.0,4417.458333333333
558,24,6,P6,24,7.679166666666667e-05,-0.020207624416798353,4085.0,4132.0,25.846267223358154,1.6652448177337646,27.51151204109192,3957.0,4188.083333333333
559,24,7,P7,24,7.675e-05,-0.017804795876145363,6082.0,6094.0,37.53741955757141,2.438232898712158,39.97565245628357,5810.0,6283.25
560,24,8,P8,24,7.670833333333333e-05,0.009036649542395025,6133.0,6118.0,32.831637382507324,2.126183271408081,34.957820653915405,5717.0,6064.25
561,24,9,P9,24,7.666666666666667e-05,0.012374967685900629,5999.0,5923.0,31.110498428344727,2.0148932933807373,33.125391721725464,5340.0,5854.333333333333
562,24,10,P10,24,7.6625e-05,0.015269909286871552,5772.0,5594.0,20.022958755493164,1.3177566528320312,21.340715408325195,5550.0,5926.0
563,24,11,P11,24,7.658333333333334e-05,-0.00038375354233721737,11434.0,11434.0,39.15366172790527,2.5580835342407227,41.711745262145996,11372.0,11549.458333333334
564,24,12,P12,24,7.654166666666667e-05,0.0002734561730903806,12260.0,12059.0,46.19850182533264,3.0662505626678467,49.26475238800049,11842.0,12633.125
565,24,13,P13,24,7.65e-05,0.0032717337016947567,20020.0,19987.0,108.48626279830933,7.833285331726074,116.3195481300354,19863.0,20843.75
566,24,14,P14,24,7.645833333333334e-05,-0.0017604706808924675,22045.0,22201.0,108.2497308254242,7.991770029067993,116.24150085449219,22095.0,22808.291666666668
567,24,15,P15,24,7.641666666666668e-05,-0.001676111117376422,20250.0,20549.0,112.19921374320984,8.204118728637695,120.40333247184753,20263.0,21259.041666666668
568,24,16,P16,24,7.637500000000001e-05,0.0012539471252239309,21066.0,20875.0,136.352801322937,10.251068830490112,146.60387015342712,20592.0,21541.833333333332
569,24,17,P17,24,7.633333333333334e-05,-0.00024127299766405486,21300.0,21834.0,136.8829915523529,10.43505859375,147.3180501461029,21306.0,22217.166666666668
570,24,18,P18,24,7.629166666666667e-05,-0.002024495301884599,20535.0,20285.0,129.05219221115112,9.674569368362427,138.72676157951355,20285.0,21709.208333333332
571,24,19,P19,24,7.625e-05,0.006145083298906684,23976.0,24150.0,131.9468743801117,10.269715547561646,142.21658992767334,23805.0,24728.541666666668
572,24,20,P20,24,7.620833333333333e-05,-0.002452419832115993,23590.0,23192.0,141.78002524375916,10.960257053375244,152.7402822971344,23192.0,24262.416666666668
573,24,21,P21,24,7.616666666666667e-05,-0.0014656777653726748,24265.0,23753.0,150.8327944278717,11.550244808197021,162.38303923606873,23628.0,25377.541666666668
574,24,22,P22,24,7.612500000000001e-05,0.0012656334260100267,23663.0,23386.0,148.56557202339172,11.728505611419678,160.2940776348114,23280.0,24614.375
575,24,23,P23,24,7.608333333333334e-05,0.0022874085635911407,34328.0,35878.0,195.014413356781,15.369481563568115,210.38389492034912,34558.0,36512.458333333336
576,24,24,P24,24,7.604166666666667e-05,-0.0010445290918141836,24377.0,24226.0,134.79256939888,10.507904529571533,145.30047392845154,23901.0,25026.208333333332
577,25,1,P1,25,7.6e-05,-0.017308586393482983,6162.0,6012.0,31.212093353271484,2.0496416091918945,33.26173496246338,6012.0,6446.12
578,25,2,P2,25,7.595833333333333e-05,0.02013824344612658,8922.0,8708.0,39.96981620788574,2.651205062866211,42.62102127075195,8494.0,8956.0
579,25,3,P3,25,7.591666666666666e-05,0.0318171470426023,6945.0,6355.0,28.90235662460327,1.895765781402588,30.79812240600586,6045.0,6430.88
580,25,4,P4,25,7.5875e-05,-0.015596684534102678,3710.0,3670.0,22.652498245239258,1.4825916290283203,24.135089874267578,3670.0,3851.68
581,25,5,P5,25,7.583333333333334e-05,-0.03543196897953749,4237.0,4222.0,24.886462450027466,1.6078381538391113,26.494300603866577,4202.0,4409.64
582,25,6,P6,25,7.579166666666667e-05,-0.010153409326449037,4045.0,4107.0,25.970820665359497,1.6761572360992432,27.64697790145874,3957.0,4184.84
583,25,7,P7,25,7.575000000000001e-05,-0.010317833512090147,5885.0,6077.0,38.08053922653198,2.4016809463500977,40.48222017288208,5810.0,6275.0
584,25,8,P8,25,7.570833333333333e-05,0.0069589815102517605,5677.0,6118.0,32.91006112098694,2.1015772819519043,35.01163840293884,5717.0,6066.4
585,25,9,P9,25,7.566666666666666e-05,-0.029425256536342204,5922.0,5923.0,30.982959270477295,2.0062742233276367,32.98923349380493,5340.0,5857.08
586,25,10,P10,25,7.5625e-05,-0.00020947349548805505,5622.0,5690.0,19.907167673110962,1.3169240951538086,21.22409176826477,5550.0,5916.56
587,25,11,P11,25,7.558333333333335e-05,-0.012710245558992028,11389.0,11434.0,38.77177333831787,2.552523374557495,41.324296712875366,11372.0,11544.84
588,25,12,P12,25,7.554166666666667e-05,0.014325818046927452,12328.0,12220.0,46.383718729019165,3.0693864822387695,49.453105211257935,11842.0,12616.6
589,25,13,P13,25,7.55e-05,0.018793710856698453,19860.0,19437.0,107.03782248497009,7.869771480560303,114.9075939655304,19437.0,20787.48
590,25,14,P14,25,7.545833333333334e-05,-0.009494537487626076,21815.0,21755.0,108.38643741607666,8.008831262588501,116.39526867866516,21755.0,22766.16
591,25,15,P15,25,7.541666666666667e-05,-0.0007077368686623231,20298.0,20109.0,112.2952733039856,8.344570875167847,120.63984417915344,20109.0,21213.04
592,25,16,P16,25,7.5375e-05,0.0008515965018887073,21098.0,20688.0,137.52858924865723,10.304617643356323,147.83320689201355,20592.0,21507.68
593,25,17,P17,25,7.533333333333334e-05,-0.0014560153817001265,21617.0,20953.0,137.27522015571594,10.43256163597107,147.707781791687,20953.0,22166.6
594,25,18,P18,25,7.529166666666668e-05,-0.00047433823347091674,20540.0,20410.0,130.01181387901306,9.592239141464233,139.6040530204773,20285.0,21657.24
595,25,19,P19,25,7.525e-05,0.004893847228959203,23595.0,23664.0,131.6663315296173,10.257062911987305,141.92339444160461,23664.0,24685.96
596,25,20,P20,25,7.520833333333334e-05,-0.0022322083415929226,23346.0,22862.0,142.09275650978088,10.94031310081482,153.0330696105957,22862.0,24206.4
597,25,21,P21,25,7.516666666666667e-05,0.002358049707254395,24941.0,23751.0,150.75644207000732,11.570841550827026,162.32728362083435,23628.0,25312.48
598,25,22,P22,25,7.5125e-05,-0.0021905107088969087,23860.0,23355.0,149.5390784740448,11.708588600158691,161.2476670742035,23280.0,24564.0
599,25,23,P23,25,7.508333333333333e-05,0.0016217669524069475,33628.0,35728.0,196.278178691864,15.315027713775635,211.59320640563965,34558.0,36481.08
600,25,24,P24,25,7.504166666666667e-05,0.0009795936290174722,24369.0,24113.0,134.80522441864014,10.40195608139038,145.20718050003052,23901.0,24989.68
601,26,1,P1,26,7.500000000000001e-05,-0.01928939705248922,6162.0,6112.0,31.513456106185913,2.068509578704834,33.58196568489075,6012.0,6433.2692307692305
602,26,2,P2,26,7.495833333333333e-05,0.0017969836644624593,8708.0,8507.0,40.22124409675598,2.6494386196136475,42.87068271636963,8494.0,8938.73076923077
603,26,3,P3,26,7.491666666666667e-05,0.019396472605876625,6676.0,6303.0,28.96732521057129,1.8924469947814941,30.859772205352783,6045.0,6425.961538461538
604,26,4,P4,26,7.4875e-05,0.015621699159964919,3738.0,3726.0,22.797189712524414,1.4715538024902344,24.26874351501465,3670.0,3846.846153846154
605,26,5,P5,26,7.483333333333333e-05,-0.01905133854597807,4277.0,4222.0,24.883837938308716,1.6153056621551514,26.499143600463867,4202.0,4402.423076923077
606,26,6,P6,26,7.479166666666668e-05,-0.018108255695551634,4024.0,4130.0,25.991714239120483,1.695383071899414,27.687097311019897,3957.0,4182.7307692307695
607,26,7,P7,26,7.475000000000001e-05,-0.020738145103678107,5959.0,5974.0,37.72273540496826,2.4163269996643066,40.13906240463257,5810.0,6263.423076923077
608,26,8,P8,26,7.470833333333334e-05,0.005730771867092699,6043.0,6110.0,32.634804487228394,2.076284170150757,34.71108865737915,5717.0,6068.076923076923
609,26,9,P9,26,7.466666666666666e-05,0.007135008927434683,5843.0,5806.0,31.159281253814697,2.0288147926330566,33.188096046447754,5340.0,5855.115384615385
610,26,10,P10,26,7.462500000000001e-05,-0.007628272287547588,5625.0,5680.0,20.101134538650513,1.3366124629974365,21.43774700164795,5550.0,5907.461538461538
611,26,11,P11,26,7.458333333333333e-05,-0.020566452760249376,11434.0,11434.0,38.635228395462036,2.563852310180664,41.1990807056427,11372.0,11540.576923076924
612,26,12,P12,26,7.454166666666667e-05,0.01738078147172928,12255.0,12220.0,46.27697014808655,3.084825038909912,49.36179518699646,11842.0,12601.346153846154
613,26,13,P13,26,7.450000000000001e-05,0.021115343901328743,19960.0,19375.0,108.23033332824707,7.9238340854644775,116.15416741371155,19375.0,20733.153846153848
614,26,14,P14,26,7.445833333333335e-05,-0.010128607740625739,22056.0,21874.0,109.3299674987793,8.038612842559814,117.36858034133911,21755.0,22731.846153846152
615,26,15,P15,26,7.441666666666667e-05,0.003038649942027405,20459.0,20298.0,112.58626985549927,8.324169158935547,120.91043901443481,20109.0,21177.846153846152
616,26,16,P16,26,7.4375e-05,-0.0010131411585462048,21337.0,20813.0,137.15266251564026,10.316606760025024,147.46926927566528,20592.0,21480.96153846154
617,26,17,P17,26,7.433333333333334e-05,-0.0009689656135378755,21277.0,21044.0,138.30824041366577,10.550702333450317,148.8589427471161,20953.0,22123.423076923078
618,26,18,P18,26,7.429166666666667e-05,-0.0012851318377215648,20709.0,20517.0,130.6476469039917,9.70851731300354,140.35616421699524,20285.0,21613.384615384617
619,26,19,P19,26,7.425e-05,0.004581072996370494,23496.0,23509.0,132.01760005950928,10.248764276504517,142.2663643360138,23509.0,24640.69230769231
620,26,20,P20,26,7.420833333333334e-05,0.00047503854948445224,23691.0,23149.0,143.03854203224182,11.150382041931152,154.18892407417297,22862.0,24165.73076923077
621,26,21,P21,26,7.416666666666668e-05,-0.002825818571727723,24567.0,23872.0,150.60371255874634,11.56861662864685,162.1723291873932,23628.0,25257.076923076922
622,26,22,P22,26,7.4125e-05,0.004838804784230888,24878.0,23503.0,149.7884829044342,11.771256685256958,161.55973958969116,23280.0,24523.19230769231
623,26,23,P23,26,7.408333333333334e-05,-0.0017927333621108638,33928.0,35728.0,196.27387642860413,15.444079637527466,211.7179560661316,34558.0,36452.11538461538
624,26,24,P24,26,7.404166666666667e-05,-0.003732217592187226,24455.0,23960.0,135.4676125049591,10.447419166564941,145.91503167152405,23901.0,24950.076923076922
625,27,1,P1,27,7.4e-05,-0.034899910911917686,5872.0,5872.0,31.912647485733032,2.0702133178710938,33.982860803604126,5872.0,6412.481481481482
626,27,2,P2,27,7.395833333333333e-05,0.0152625129558146,8922.0,8124.0,40.193888902664185,2.665506362915039,42.859395265579224,8124.0,8908.555555555555
627,27,3,P3,27,7.391666666666668e-05,0.04200370376929641,6958.0,6517.0,29.13736629486084,1.906066656112671,31.04343295097351,6045.0,6429.333333333333
628,27,4,P4,27,7.3875e-05,-0.007691435981541872,3691.0,3724.0,22.688761472702026,1.4928793907165527,24.18164086341858,3670.0,3842.296296296296
629,27,5,P5,27,7.383333333333333e-05,-0.021356528159230947,4277.0,4277.0,25.059086322784424,1.6175451278686523,26.676631450653076,4202.0,4397.777777777777
630,27,6,P6,27,7.379166666666667e-05,-0.013622600585222244,4033.0,3974.0,25.90956950187683,1.6752114295959473,27.58478093147278,3957.0,4175.0
631,27,7,P7,27,7.375e-05,-0.005087467463454232,5907.0,5990.0,37.82610726356506,2.4601798057556152,40.28628706932068,5810.0,6253.2962962962965
632,27,8,P8,27,7.370833333333334e-05,0.011763671296648681,5717.0,5704.0,33.366886377334595,2.1095011234283447,35.47638750076294,5704.0,6054.592592592592
633,27,9,P9,27,7.366666666666668e-05,0.00019421238357608672,5461.0,5377.0,31.8094162940979,2.0640408992767334,33.873457193374634,5340.0,5837.407407407408
634,27,10,P10,27,7.362500000000001e-05,-0.006778996903449297,5686.0,5680.0,20.148239850997925,1.332373857498169,21.480613708496094,5550.0,5899.037037037037
635,27,11,P11,27,7.358333333333334e-05,-0.006200046627782285,11372.0,11389.0,38.70301675796509,2.5751161575317383,41.278132915496826,11372.0,11534.962962962964
636,27,12,P12,27,7.354166666666666e-05,0.005558866017963737,12015.0,12065.0,46.369192600250244,3.0868008136749268,49.45599341392517,11842.0,12581.481481481482
637,27,13,P13,27,7.35e-05,0.018635819666087627,20370.0,19494.0,106.5577380657196,7.985703945159912,114.54344201087952,19375.0,20687.25925925926
638,27,14,P14,27,7.345833333333333e-05,-0.011540917272213846,21905.0,21838.0,108.9364242553711,8.06064486503601,116.9970691204071,21755.0,22698.74074074074
639,27,15,P15,27,7.341666666666667e-05,0.004355241631856188,20551.0,20209.0,112.21692967414856,8.283706188201904,120.50063586235046,20109.0,21141.962962962964
640,27,16,P16,27,7.337500000000001e-05,-0.003752798784989864,20974.0,20439.0,137.4674847126007,10.176535606384277,147.64402031898499,20439.0,21442.37037037037
641,27,17,P17,27,7.333333333333334e-05,0.0007108256395440549,21211.0,21470.0,137.50101947784424,10.328204870223999,147.82922434806824,20953.0,22099.222222222223
642,27,18,P18,27,7.329166666666667e-05,-0.0010727634220529581,20509.0,20557.0,128.31809782981873,9.539549827575684,137.8576476573944,20285.0,21574.25925925926
643,27,19,P19,27,7.324999999999999e-05,0.0034171868581324817,23661.0,23536.0,132.32844591140747,10.230215549468994,142.55866146087646,23509.0,24599.777777777777
644,27,20,P20,27,7.320833333333333e-05,-0.001540598543942906,23071.0,23044.0,141.974134683609,11.04775595664978,153.0218906402588,22862.0,24124.185185185186
645,27,21,P21,27,7.316666666666668e-05,0.0017748848884366452,24550.0,23844.0,150.15592408180237,11.546339988708496,161.70226407051086,23628.0,25204.74074074074
646,27,22,P22,27,7.3125e-05,1.5673886809963734e-05,24173.0,23476.0,149.15741109848022,11.719265699386597,160.87667679786682,23280.0,24484.40740740741
647,27,23,P23,27,7.308333333333334e-05,-0.0009577606841568402,33094.0,36028.0,196.88464188575745,15.362602233886719,212.24724411964417,34558.0,36436.40740740741
648,27,24,P24,27,7.304166666666668e-05,-0.0008665854362334358,24171.0,24024.0,134.103040933609,10.398343801498413,144.50138473510742,23901.0,24915.777777777777
649,28,1,P1,28,7.3e-05,-0.020300558069720864,6152.0,5947.0,31.48228693008423,2.078136444091797,33.560423374176025,5872.0,6395.857142857143
650,28,2,P2,28,7.295833333333332e-05,0.0016977969135041349,8510.0,8293.0,40.21729922294617,2.652674436569214,42.86997365951538,8124.0,8886.57142857143
651,28,3,P3,28,7.291666666666667e-05,0.033618650399148464,6724.0,6303.0,28.983465671539307,1.8813321590423584,30.864797830581665,6045.0,6424.821428571428
652,28,4,P4,28,7.287500000000001e-05,0.01268760859966278,3751.0,3655.0,22.672882318496704,1.4805846214294434,24.153466939926147,3655.0,3835.6071428571427
653,28,5,P5,28,7.283333333333333e-05,-0.031048457138240337,4292.0,4222.0,24.99968934059143,1.623595952987671,26.6232852935791,4202.0,4391.5
654,28,6,P6,28,7.279166666666667e-05,-0.01842179289087653,4027.0,4002.0,25.792988300323486,1.6679911613464355,27.460979461669922,3957.0,4168.821428571428
655,28,7,P7,28,7.275e-05,-0.0033998212456936017,5840.0,5827.0,38.185425758361816,2.4630308151245117,40.64845657348633,5810.0,6238.071428571428
656,28,8,P8,28,7.270833333333333e-05,0.015398444724269211,5697.0,5704.0,33.47499704360962,2.187540292739868,35.66253733634949,5704.0,6042.071428571428
657,28,9,P9,28,7.266666666666667e-05,-0.014617476845160127,5387.0,5394.0,32.057719707489014,2.0541069507598877,34.1118266582489,5340.0,5821.571428571428
658,28,10,P10,28,7.2625e-05,-0.018730295356363058,5622.0,5587.0,20.034717798233032,1.3124301433563232,21.347147941589355,5550.0,5887.892857142857
659,28,11,P11,28,7.258333333333334e-05,0.0006798809408792295,11434.0,11372.0,38.67686367034912,2.575641632080078,41.2525053024292,11372.0,11529.142857142857
660,28,12,P12,28,7.254166666666666e-05,0.004107408021809533,12320.0,12055.0,46.317240715026855,3.0375428199768066,49.35478353500366,11842.0,12562.67857142857
661,28,13,P13,28,7.25e-05,0.007020111326710321,19683.0,20059.0,106.98196983337402,7.944023609161377,114.9259934425354,19375.0,20664.821428571428
662,28,14,P14,28,7.245833333333334e-05,1.6369282093364745e-05,22000.0,22378.0,109.03332614898682,8.071176290512085,117.1045024394989,21755.0,22687.285714285714
663,28,15,P15,28,7.241666666666666e-05,-0.009246770350728184,20209.0,20495.0,111.90367817878723,8.259340286254883,120.16301846504211,20109.0,21118.85714285714
664,28,16,P16,28,7.2375e-05,-0.000585126955411397,20822.0,21042.0,136.36573481559753,10.24488377571106,146.6106185913086,20439.0,21428.071428571428
665,28,17,P17,28,7.233333333333335e-05,-0.002090735040837899,21403.0,21343.0,136.5211260318756,10.392332553863525,146.91345858573914,20953.0,22072.214285714286
666,28,18,P18,28,7.229166666666667e-05,0.00400023972033523,20798.0,20806.0,128.0493767261505,9.601559400558472,137.65093612670898,20285.0,21546.821428571428
667,28,19,P19,28,7.225e-05,0.0016499068864504808,23911.0,24004.0,132.23178029060364,10.255762815475464,142.4875431060791,23509.0,24578.5
668,28,20,P20,28,7.220833333333334e-05,-0.001439434482017532,23004.0,22790.0,140.7665343284607,11.011305809020996,151.7778401374817,22790.0,24076.535714285714
669,28,21,P21,28,7.216666666666667e-05,0.0018398742657154798,24004.0,23940.0,150.10762572288513,11.563727617263794,161.67135334014893,23628.0,25159.571428571428
670,28,22,P22,28,7.2125e-05,8.707036904525012e-05,23701.0,23322.0,148.75160241127014,11.734076738357544,160.48567914962769,23280.0,24442.89285714286
671,28,23,P23,28,7.208333333333334e-05,0.003039190566466589,34528.0,35878.0,195.69285321235657,15.326462268829346,211.0193154811859,34558.0,36416.46428571428
672,28,24,P24,28,7.204166666666668e-05,-0.0010139757054275834,24222.0,23895.0,133.9623465538025,10.488428592681885,144.45077514648438,23895.0,24879.321428571428
673,29,1,P1,29,7.2e-05,-0.015513417543843389,6199.0,6112.0,31.77981662750244,2.0516088008880615,33.8314254283905,5872.0,6386.068965517241
674,29,2,P2,29,7.195833333333334e-05,0.010644493740983307,8922.0,8708.0,40.15093946456909,2.6520323753356934,42.802971839904785,8124.0,8880.413793103447
675,29,3,P3,29,7.191666666666668e-05,0.00227475244901143,6775.0,6517.0,28.914486408233643,1.8927154541015625,30.807201862335205,6045.0,6428.0
676,29,4,P4,29,7.1875e-05,0.007106456090696156,3670.0,3670.0,22.67003059387207,1.4822871685028076,24.152317762374878,3655.0,3829.896551724138
677,29,5,P5,29,7.183333333333334e-05,-0.0137318498454988,4217.0,4222.0,24.755066633224487,1.6153161525726318,26.37038278579712,4202.0,4385.6551724137935
678,29,6,P6,29,7.179166666666667e-05,-0.006920128013007343,4007.0,4142.0,25.775242805480957,1.644258737564087,27.419501543045044,3957.0,4167.896551724138
679,29,7,P7,29,7.175000000000001e-05,0.0007567228876723675,5994.0,6014.0,36.92558789253235,2.397722005844116,39.323309898376465,5810.0,6230.3448275862065
680,29,8,P8,29,7.170833333333333e-05,0.010057448060251772,6060.0,6121.0,32.886558532714844,2.1668481826782227,35.053406715393066,5704.0,6044.793103448276
681,29,9,P9,29,7.166666666666667e-05,-0.003936350753065199,5913.0,5882.0,31.26850652694702,2.031899929046631,33.30040645599365,5340.0,5823.6551724137935
682,29,10,P10,29,7.1625e-05,-0.02333713974803686,5587.0,5705.0,20.15435218811035,1.3145101070404053,21.468862295150757,5550.0,5881.586206896552
683,29,11,P11,29,7.158333333333333e-05,-0.014617062988691032,11372.0,11372.0,38.50932717323303,2.5588576793670654,41.0681848526001,11372.0,11523.724137931034
684,29,12,P12,29,7.154166666666667e-05,0.012368177063763142,12335.0,11900.0,46.46445322036743,3.0235068798065186,49.48796010017395,11842.0,12539.827586206897
685,29,13,P13,29,7.150000000000002e-05,0.01488850254099816,19697.0,19586.0,106.349937915802,7.922888994216919,114.27282691001892,19375.0,20627.620689655174
686,29,14,P14,29,7.145833333333334e-05,-0.004657887591747567,22082.0,21978.0,108.66255450248718,8.049261331558228,116.71181583404541,21755.0,22662.827586206895
687,29,15,P15,29,7.141666666666666e-05,0.002661066311702598,20447.0,20330.0,111.4038815498352,8.275621175765991,119.6795027256012,20109.0,21091.655172413793
688,29,16,P16,29,7.1375e-05,-0.0033315462875179946,20649.0,20614.0,136.66197991371155,10.197758197784424,146.85973811149597,20439.0,21400.0
689,29,17,P17,29,7.133333333333334e-05,0.0035166462184861302,21433.0,21633.0,136.70879483222961,10.397943258285522,147.10673809051514,20953.0,22057.068965517243
690,29,18,P18,29,7.129166666666667e-05,-0.0030178479268215598,20546.0,20468.0,128.60763382911682,9.600689888000488,138.2083237171173,20285.0,21509.620689655174
691,29,19,P19,29,7.125000000000001e-05,0.0051033941679634156,23927.0,23968.0,132.17865014076233,10.247511863708496,142.42616200447083,23509.0,24557.44827586207
692,29,20,P20,29,7.120833333333335e-05,-0.0014940519438823685,23138.0,22864.0,141.34689021110535,11.042026281356812,152.38891649246216,22790.0,24034.724137931036
693,29,21,P21,29,7.116666666666667e-05,-0.00021507684577954934,24068.0,23910.0,149.79241394996643,11.516523599624634,161.30893754959106,23628.0,25116.48275862069
694,29,22,P22,29,7.1125e-05,0.0005033368710428476,23639.0,23487.0,148.85252451896667,11.677614450454712,160.5301389694214,23280.0,24409.931034482757
695,29,23,P23,29,7.108333333333333e-05,0.0016136776508314402,34378.0,36143.0,194.80030012130737,15.330882549285889,210.13118267059326,34558.0,36407.03448275862
696,29,24,P24,29,7.104166666666667e-05,-0.0033072774356696756,24152.0,23770.0,134.2369623184204,10.427742958068848,144.66470527648926,23770.0,24841.068965517243
697,30,1,P1,30,7.1e-05,-0.006110107176937163,6239.0,6144.0,31.55570960044861,2.067577838897705,33.62328743934631,5872.0,6378.0
698,30,2,P2,30,7.095833333333334e-05,0.002011369382671546,8708.0,8494.0,40.171693086624146,2.640310049057007,42.81200313568115,8124.0,8867.533333333333
699,30,3,P3,30,7.091666666666668e-05,0.022540008882060647,6958.0,6731.0,28.915758848190308,1.902503490447998,30.818262338638306,6045.0,6438.1
700,30,4,P4,30,7.0875e-05,-0.00806977809406817,3698.0,3698.0,22.658937215805054,1.4982199668884277,24.15715718269348,3655.0,3825.5
701,30,5,P5,30,7.083333333333332e-05,-0.022923137992620468,4252.0,4277.0,24.91451859474182,1.6074864864349365,26.522005081176758,4202.0,4382.033333333334
702,30,6,P6,30,7.079166666666668e-05,-0.0040077135199680924,4250.0,4198.0,25.552396059036255,1.6701533794403076,27.222549438476562,3957.0,4168.9
703,30,7,P7,30,7.075e-05,-0.012906980467960238,5908.0,6031.0,37.02310633659363,2.4018354415893555,39.42494177818298,5810.0,6223.7
704,30,8,P8,30,7.070833333333334e-05,0.011104129371233284,6001.0,6111.0,32.838141441345215,2.1406571865081787,34.978798627853394,5704.0,6047.0
705,30,9,P9,30,7.066666666666667e-05,-0.003685130475787446,5936.0,5928.0,31.277727127075195,2.0254011154174805,33.303128242492676,5340.0,5827.133333333333
706,30,10,P10,30,7.062500000000001e-05,-0.01175349554978311,5598.0,5483.0,20.114627361297607,1.334890604019165,21.449517965316772,5483.0,5868.3
707,30,11,P11,30,7.058333333333333e-05,-0.006830963713582605,11372.0,11372.0,38.59083437919617,2.565350294113159,41.156184673309326,11372.0,11518.666666666666
708,30,12,P12,30,7.054166666666667e-05,0.0035819406912196428,11945.0,12067.0,46.346373081207275,3.03056001663208,49.376933097839355,11842.0,12524.066666666668
709,30,13,P13,30,7.05e-05,0.016098942840471864,19668.0,19637.0,107.2324743270874,7.966699123382568,115.19917345046997,19375.0,20594.6
710,30,14,P14,30,7.045833333333334e-05,-0.005708343524020165,22057.0,22142.0,108.53918361663818,8.030305862426758,116.56948947906494,21755.0,22645.466666666667
711,30,15,P15,30,7.041666666666667e-05,0.005189610150409862,20363.0,20729.0,112.00672650337219,8.268470764160156,120.27519726753235,20109.0,21079.566666666666
712,30,16,P16,30,7.0375e-05,-0.0012901403621071949,20861.0,21025.0,136.80116653442383,10.242313146591187,147.04347968101501,20439.0,21387.5
713,30,17,P17,30,7.033333333333334e-05,0.0011641641627647913,21448.0,21893.0,137.76963067054749,10.408074855804443,148.17770552635193,20953.0,22051.6
714,30,18,P18,30,7.029166666666666e-05,-0.003365686145843938,20315.0,20518.0,127.98307394981384,9.59524393081665,137.5783178806305,20285.0,21476.566666666666
715,30,19,P19,30,7.025e-05,0.002867106998746749,23935.0,24037.0,131.769437789917,10.32307505607605,142.09251284599304,23509.0,24540.1
716,30,20,P20,30,7.020833333333334e-05,0.0003881182059558341,23322.0,23398.0,141.26062750816345,10.99862265586853,152.25925016403198,22790.0,24013.5
717,30,21,P21,30,7.016666666666667e-05,0.0001490292819653405,24127.0,24251.0,150.0129222869873,11.547587871551514,161.56051015853882,23628.0,25087.633333333335
718,30,22,P22,30,7.0125e-05,-0.00024080233670247252,23553.0,23492.0,149.36859607696533,11.710256338119507,161.07885241508484,23280.0,24379.333333333332
719,30,23,P23,30,7.008333333333333e-05,0.0018226131786442628,34228.0,36143.0,194.1536614894867,15.308204650878906,209.4618661403656,34558.0,36398.23333333333
720,30,24,P24,30,7.004166666666667e-05,-0.002273786603473127,24185.0,24040.0,134.00766611099243,10.481629610061646,144.48929572105408,23770.0,24814.366666666665
721,31,1,P1,31,7e-05,-0.01837172359228134,6324.0,6314.0,31.507935523986816,2.0648131370544434,33.57274866104126,5872.0,6375.935483870968
722,31,2,P2,31,6.995833333333333e-05,0.013544721994549036,8708.0,8494.0,39.968520402908325,2.6502177715301514,42.61873817443848,8124.0,8855.483870967742
723,31,3,P3,31,6.991666666666668e-05,0.026443070033565164,7148.0,6731.0,28.832931995391846,1.8980679512023926,30.73099994659424,6045.0,6447.548387096775
724,31,4,P4,31,6.9875e-05,0.0003529983587213792,3683.0,3701.0,22.646677255630493,1.4784777164459229,24.125154972076416,3655.0,3821.483870967742
725,31,5,P5,31,6.983333333333333e-05,-0.027027293108403683,4217.0,4222.0,24.939003944396973,1.6095058917999268,26.5485098361969,4202.0,4376.870967741936
726,31,6,P6,31,6.979166666666668e-05,-0.00021777845904580317,4151.0,4173.0,25.72174644470215,1.658682107925415,27.380428552627563,3957.0,4169.032258064516
727,31,7,P7,31,6.975e-05,-0.0023660588576603914,5965.0,6015.0,36.95527625083923,2.407039165496826,39.36231541633606,5810.0,6216.967741935484
728,31,8,P8,31,6.970833333333332e-05,0.006895675207488239,5954.0,6111.0,33.00846076011658,2.126469612121582,35.13493037223816,5704.0,6049.064516129032
729,31,9,P9,31,6.966666666666668e-05,-0.0045047962630633265,5719.0,5979.0,31.283639192581177,2.022897720336914,33.30653691291809,5340.0,5832.032258064516
730,31,10,P10,31,6.962500000000001e-05,-0.0003841444195131771,5688.0,5588.0,20.15945839881897,1.3354542255401611,21.49491262435913,5483.0,5859.258064516129
731,31,11,P11,31,6.958333333333334e-05,-0.003240203732275404,11372.0,11372.0,38.40438771247864,2.531987428665161,40.9363751411438,11372.0,11513.935483870968
732,31,12,P12,31,6.954166666666667e-05,0.0035519087687134743,12123.0,11945.0,46.3999400138855,3.0193302631378174,49.419270277023315,11842.0,12505.387096774193
733,31,13,P13,31,6.950000000000001e-05,0.006801070558140054,19987.0,19883.0,106.97282886505127,7.928005933761597,114.90083479881287,19375.0,20571.645161290322
734,31,14,P14,31,6.945833333333333e-05,-0.006478858180344105,21673.0,21917.0,108.52344727516174,8.033084392547607,116.55653166770935,21755.0,22621.967741935485
735,31,15,P15,31,6.941666666666667e-05,0.004642780913854949,20051.0,20010.0,112.07599258422852,8.323134660720825,120.39912724494934,20010.0,21045.064516129034
736,31,16,P16,31,6.9375e-05,0.001275078026810661,20689.0,20630.0,136.34033823013306,10.243269681930542,146.5836079120636,20439.0,21363.064516129034
737,31,17,P17,31,6.933333333333334e-05,0.0025351840769872068,21170.0,21269.0,137.64786839485168,10.433346271514893,148.08121466636658,20953.0,22026.354838709678
738,31,18,P18,31,6.929166666666667e-05,-0.0010629110220179427,20482.0,20745.0,128.04072833061218,9.667946338653564,137.70867466926575,20285.0,21452.967741935485
739,31,19,P19,31,6.925e-05,0.0011374752866686322,23881.0,23862.0,132.0543303489685,10.41646671295166,142.47079706192017,23509.0,24518.225806451614
740,31,20,P20,31,6.920833333333334e-05,0.0011485150680528022,23544.0,23089.0,142.39743447303772,11.05686902999878,153.4543035030365,22790.0,23983.677419354837
741,31,21,P21,31,6.916666666666666e-05,0.00035269963918835854,24159.0,23992.0,150.1753602027893,11.587961912155151,161.76332211494446,23628.0,25052.290322580644
742,31,22,P22,31,6.9125e-05,3.859166499751154e-05,23805.0,23466.0,149.0180788040161,11.707330226898193,160.7254090309143,23280.0,24349.870967741936
743,31,23,P23,31,6.908333333333335e-05,0.0008876232732291101,33801.0,35888.0,195.02095866203308,15.392834901809692,210.41379356384277,34558.0,36381.77419354839
744,31,24,P24,31,6.904166666666667e-05,-0.0015449321595951914,24041.0,24008.0,133.3510286808014,10.468097925186157,143.81912660598755,23770.0,24788.354838709678
745,32,1,P1,32,6.9e-05,-0.01957566651981324,6208.0,6284.0,31.658950805664062,2.0714011192321777,33.73035192489624,5872.0,6373.0625
746,32,2,P2,32,6.895833333333333e-05,0.013902537990361452,8528.0,8494.0,40.45151090621948,2.6722257137298584,43.12373661994934,8124.0,8844.1875
747,32,3,P3,32,6.891666666666667e-05,0.02003726561088115,6744.0,6744.0,28.94593858718872,1.9052133560180664,30.851151943206787,6045.0,6456.8125
748,32,4,P4,32,6.887500000000001e-05,-0.002144410740584135,3729.0,3746.0,22.6928608417511,1.484034538269043,24.17689538002014,3655.0,3819.125
749,32,5,P5,32,6.883333333333334e-05,-0.0273581319488585,4232.0,4222.0,25.07439661026001,1.608985424041748,26.683382034301758,4202.0,4372.03125
750,32,6,P6,32,6.879166666666668e-05,-0.010140004567801952,4018.0,4043.0,25.58091402053833,1.6686899662017822,27.249603986740112,3957.0,4165.09375
751,32,7,P7,32,6.875e-05,0.0035242828307673335,5973.0,6030.0,36.93330907821655,2.41167950630188,39.34498858451843,5810.0,6211.125
752,32,8,P8,32,6.870833333333333e-05,0.018836034694686532,6063.0,6121.0,32.92407703399658,2.1359760761260986,35.06005311012268,5704.0,6051.3125
753,32,9,P9,32,6.866666666666666e-05,-0.021040991647168994,5912.0,5962.0,31.323378324508667,2.034332036972046,33.35771036148071,5340.0,5836.09375
754,32,10,P10,32,6.8625e-05,-0.007503984146751463,5615.0,5602.0,20.036874771118164,1.3310508728027344,21.3679256439209,5483.0,5851.21875
755,32,11,P11,32,6.858333333333334e-05,-0.0023786892979842378,11434.0,11428.0,38.35995864868164,2.565052032470703,40.925010681152344,11372.0,11511.25
756,32,12,P12,32,6.854166666666667e-05,0.00989279814530164,12141.0,11900.0,46.37878894805908,3.0566654205322266,49.43545436859131,11842.0,12486.46875
757,32,13,P13,32,6.850000000000001e-05,0.0035034204775001854,19882.0,19492.0,106.77917122840881,7.984046936035156,114.76321816444397,19375.0,20537.90625
758,32,14,P14,32,6.845833333333333e-05,-0.0015384125108539592,22052.0,21929.0,108.65823245048523,8.056335687637329,116.71456813812256,21755.0,22600.3125
759,32,15,P15,32,6.841666666666666e-05,0.004553177175694145,20497.0,20468.0,111.70224261283875,8.30024242401123,120.00248503684998,20010.0,21027.03125
760,32,16,P16,32,6.837500000000001e-05,-0.0005492187954587279,20947.0,20735.0,136.61595797538757,10.206888198852539,146.8228461742401,20439.0,21343.4375
761,32,17,P17,32,6.833333333333333e-05,0.0006817835528636351,21312.0,21517.0,137.6057744026184,10.419845581054688,148.0256199836731,20953.0,22010.4375
762,32,18,P18,32,6.829166666666667e-05,-0.003348261385690421,20560.0,20662.0,127.57068729400635,9.603212356567383,137.17389965057373,20285.0,21428.25
763,32,19,P19,32,6.825e-05,0.002391126938164234,23662.0,23408.0,132.50134229660034,10.378724813461304,142.88006711006165,23408.0,24483.53125
764,32,20,P20,32,6.820833333333334e-05,-0.0005255266743915854,22896.0,23044.0,141.72183895111084,11.055518388748169,152.777357339859,22790.0,23954.3125
765,32,21,P21,32,6.816666666666667e-05,-0.00035101831817883065,24185.0,23920.0,150.4955871105194,11.518778562545776,162.01436567306519,23628.0,25016.90625
766,32,22,P22,32,6.8125e-05,-0.0001192944106151117,23694.0,23467.0,148.56862950325012,11.685653924942017,160.25428342819214,23280.0,24322.28125
767,32,23,P23,32,6.808333333333334e-05,0.0006570996455203775,33490.0,36188.0,195.31425142288208,15.33833622932434,210.65258765220642,34558.0,36375.71875
768,32,24,P24,32,6.804166666666668e-05,-0.003657691436819732,24008.0,23714.0,134.284841299057,10.446745872497559,144.73158717155457,23714.0,24754.78125
769,33,1,P1,33,6.8e-05,-0.008014119957806543,6284.0,6424.0,31.45073127746582,2.069106340408325,33.519837617874146,5872.0,6374.606060606061
770,33,2,P2,33,6.795833333333334e-05,0.009049535379745066,8708.0,8925.0,39.76179623603821,2.609567880630493,42.3713641166687,8124.0,8846.636363636364
771,33,3,P3,33,6.791666666666667e-05,0.01916653581429273,6890.0,6609.0,29.01351833343506,1.8888981342315674,30.902416467666626,6045.0,6461.424242424242
772,33,4,P4,33,6.7875e-05,-0.0062092955922707915,3698.0,3700.0,22.653470754623413,1.4779937267303467,24.13146448135376,3655.0,3815.5151515151515
773,33,5,P5,33,6.783333333333333e-05,-0.021784194745123386,4297.0,4222.0,24.87374448776245,1.5994749069213867,26.473219394683838,4202.0,4367.484848484848
774,33,6,P6,33,6.779166666666667e-05,-0.005389328463934362,4105.0,4051.0,25.700280904769897,1.6648471355438232,27.36512804031372,3957.0,4161.636363636364
775,33,7,P7,33,6.775000000000001e-05,-0.004194481502054259,5970.0,6010.0,37.04248905181885,2.4098751544952393,39.45236420631409,5810.0,6205.030303030303
776,33,8,P8,33,6.770833333333333e-05,0.019681548699736595,6111.0,6121.0,32.87019753456116,2.1455681324005127,35.01576566696167,5704.0,6053.424242424242
777,33,9,P9,33,6.766666666666668e-05,-0.008963669592048973,5883.0,5962.0,31.410889625549316,2.020268201828003,33.43115782737732,5340.0,5839.909090909091
778,33,10,P10,33,6.7625e-05,-0.008978370111435652,5601.0,5458.0,20.04246473312378,1.327509880065918,21.369974613189697,5458.0,5839.30303030303
779,33,11,P11,33,6.758333333333333e-05,-0.006241611554287374,11389.0,11428.0,38.501741886138916,2.5704572200775146,41.07219910621643,11372.0,11508.727272727272
780,33,12,P12,33,6.754166666666666e-05,0.0021076167176943272,12023.0,12023.0,46.170923709869385,3.0376973152160645,49.20862102508545,11842.0,12472.424242424242
781,33,13,P13,33,6.750000000000001e-05,0.006355125427944586,19936.0,19998.0,106.98194527626038,7.909675359725952,114.89162063598633,19375.0,20521.545454545456
782,33,14,P14,33,6.745833333333334e-05,-0.001928393710841192,22128.0,22033.0,108.41611218452454,7.9362897872924805,116.35240197181702,21755.0,22583.121212121212
783,33,15,P15,33,6.741666666666667e-05,0.0005288839611239382,20336.0,20206.0,111.1930525302887,8.26974105834961,119.4627935886383,20010.0,21002.151515151516
784,33,16,P16,33,6.737500000000001e-05,0.0016404147929279134,21050.0,20685.0,136.44404315948486,10.215017795562744,146.6590609550476,20439.0,21323.484848484848
785,33,17,P17,33,6.733333333333333e-05,0.0006290699820965528,21262.0,21311.0,137.2010145187378,10.4193274974823,147.6203420162201,20953.0,21989.242424242424
786,33,18,P18,33,6.729166666666666e-05,-0.0016978182167804335,20633.0,20316.0,127.0924322605133,9.617578506469727,136.71001076698303,20285.0,21394.545454545456
787,33,19,P19,33,6.725000000000001e-05,0.002676101555698551,23994.0,24212.0,131.91392064094543,10.359028100967407,142.27294874191284,23408.0,24475.303030303032
788,33,20,P20,33,6.720833333333335e-05,-5.00687885505613e-05,23534.0,23494.0,141.41972851753235,10.972732067108154,152.3924605846405,22790.0,23940.363636363636
789,33,21,P21,33,6.716666666666667e-05,-0.0013147077392204666,24411.0,24129.0,149.92165327072144,11.546822547912598,161.46847581863403,23628.0,24990.0
790,33,22,P22,33,6.7125e-05,-0.00035280025113024747,23815.0,23667.0,148.44388604164124,11.712417364120483,160.15630340576172,23280.0,24302.424242424244
791,33,23,P23,33,6.708333333333334e-05,0.001714669453836645,34893.0,36443.0,195.03075075149536,15.360476970672607,210.39122772216797,34558.0,36377.757575757576
792,33,24,P24,33,6.704166666666667e-05,-0.0030204250651877373,24157.0,24124.0,133.31881093978882,10.443131446838379,143.7619423866272,23714.0,24735.666666666668
793,34,1,P1,34,6.7e-05,-0.010505210084374994,6238.0,6215.0,31.56260371208191,2.070096731185913,33.63270044326782,5872.0,6369.911764705882
794,34,2,P2,34,6.695833333333334e-05,0.03496093628928065,9136.0,8765.0,39.87115168571472,2.6265954971313477,42.49774718284607,8124.0,8844.235294117647
795,34,3,P3,34,6.691666666666668e-05,-0.009901714423904195,6934.0,6775.0,28.95086431503296,1.89296293258667,30.84382724761963,6045.0,6470.64705882353
796,34,4,P4,34,6.6875e-05,-0.003117697488050908,3748.0,3704.0,22.672897815704346,1.4960994720458984,24.168997287750244,3655.0,3812.235294117647
797,34,5,P5,34,6.683333333333334e-05,-0.018882854375988245,4222.0,4222.0,25.018656015396118,1.593416452407837,26.612072467803955,4202.0,4363.205882352941
798,34,6,P6,34,6.679166666666667e-05,-0.005487194401212037,4086.0,4173.0,25.741729021072388,1.6685791015625,27.410308122634888,3957.0,4161.970588235294
799,34,7,P7,34,6.675e-05,0.001364452124107629,6010.0,6010.0,37.12938356399536,2.4037203788757324,39.533103942871094,5810.0,6199.294117647059
800,34,8,P8,34,6.670833333333333e-05,0.014599700691178441,6071.0,6111.0,33.15095567703247,2.1395175457000732,35.290473222732544,5704.0,6055.117647058823
801,34,9,P9,34,6.666666666666668e-05,0.0005716460509574972,5932.0,5956.0,31.327451705932617,2.011718273162842,33.33916997909546,5340.0,5843.323529411765
802,34,10,P10,34,6.6625e-05,-0.014784101629629731,5587.0,5534.0,19.95962119102478,1.3214499950408936,21.281071186065674,5458.0,5830.323529411765
803,34,11,P11,34,6.658333333333333e-05,-0.004875513492152095,11389.0,11428.0,38.504191637039185,2.563688278198242,41.06787991523743,11372.0,11506.35294117647
804,34,12,P12,34,6.654166666666667e-05,-0.005443292611744255,11972.0,12023.0,46.159919023513794,3.036957263946533,49.19687628746033,11842.0,12459.20588235294
805,34,13,P13,34,6.65e-05,0.015295658493414521,19895.0,19840.0,106.4887318611145,7.930833339691162,114.41956520080566,19375.0,20501.5
806,34,14,P14,34,6.645833333333333e-05,-0.005879010597709566,22174.0,22348.0,108.2173957824707,7.951353549957275,116.16874933242798,21755.0,22576.20588235294
807,34,15,P15,34,6.641666666666668e-05,0.001980536660994403,20391.0,20583.0,111.44364190101624,8.25417971611023,119.69782161712646,20010.0,20989.823529411766
808,34,16,P16,34,6.637500000000001e-05,0.00060292317175481,20815.0,20674.0,136.45547032356262,10.224944829940796,146.68041515350342,20439.0,21304.382352941175
809,34,17,P17,34,6.633333333333334e-05,0.004856559203471988,21818.0,21578.0,137.33665251731873,10.377689123153687,147.7143416404724,20953.0,21977.147058823528
810,34,18,P18,34,6.629166666666666e-05,-0.0027152583352290094,20807.0,20575.0,127.80995845794678,9.513560056686401,137.32351851463318,20285.0,21370.441176470587
811,34,19,P19,34,6.625e-05,0.005850175046361983,24403.0,24214.0,132.02965235710144,10.305644273757935,142.33529663085938,23408.0,24467.617647058825
812,34,20,P20,34,6.620833333333333e-05,-0.00132886136561865,23982.0,23547.0,141.9297776222229,11.06454586982727,152.99432349205017,22790.0,23928.79411764706
813,34,21,P21,34,6.616666666666667e-05,-0.002246093441499397,24536.0,24139.0,150.24716067314148,11.539376735687256,161.78653740882874,23628.0,24964.970588235294
814,34,22,P22,34,6.612500000000001e-05,-0.0008195942238671706,23492.0,23554.0,148.69222569465637,11.761499166488647,160.45372486114502,23280.0,24280.41176470588
815,34,23,P23,34,6.608333333333334e-05,0.0002743884797382634,32690.0,36201.0,195.89636826515198,15.370681285858154,211.26704955101013,34558.0,36372.55882352941
816,34,24,P24,34,6.604166666666667e-05,0.0009020431400131202,24225.0,24116.0,133.97896814346313,10.475483894348145,144.45445203781128,23714.0,24717.441176470587
817,35,1,P1,35,6.599999999999999e-05,-0.003582090026611695,6239.0,6284.0,31.469204902648926,2.0294511318206787,33.498656034469604,5872.0,6367.457142857143
818,35,2,P2,35,6.595833333333334e-05,0.0157640662509948,8922.0,8922.0,39.84522366523743,2.609565258026123,42.45478892326355,8124.0,8846.457142857143
819,35,3,P3,35,6.591666666666667e-05,0.03125792066566646,6945.0,6744.0,29.122422695159912,1.8906986713409424,31.013121366500854,6045.0,6478.457142857143
820,35,4,P4,35,6.5875e-05,-0.020639542490243912,3751.0,3721.0,22.75616693496704,1.489393711090088,24.24556064605713,3655.0,3809.6285714285714
821,35,5,P5,35,6.583333333333334e-05,-0.027644596993923187,4322.0,4222.0,24.994059801101685,1.6090972423553467,26.60315704345703,4202.0,4359.171428571429
822,35,6,P6,35,6.579166666666668e-05,-0.006212531006895006,4135.0,4030.0,25.74406909942627,1.6771159172058105,27.42118501663208,3957.0,4158.2
823,35,7,P7,35,6.575e-05,-0.0052033899701200426,5912.0,5994.0,37.32740926742554,2.39935564994812,39.72676491737366,5810.0,6193.428571428572
824,35,8,P8,35,6.570833333333334e-05,0.012033949722535908,6094.0,6121.0,32.83507323265076,2.149038314819336,34.98411154747009,5704.0,6057.0
825,35,9,P9,35,6.566666666666667e-05,-0.0029812731372658163,5912.0,5962.0,31.46600317955017,2.0321805477142334,33.498183727264404,5340.0,5846.714285714285
826,35,10,P10,35,6.562500000000001e-05,-0.018084838520735502,5608.0,5684.0,20.00100612640381,1.3342781066894531,21.33528423309326,5458.0,5826.142857142857
827,35,11,P11,35,6.558333333333333e-05,0.004035955847939476,11446.0,11372.0,38.55863952636719,2.556325912475586,41.11496543884277,11372.0,11502.514285714286
828,35,12,P12,35,6.554166666666667e-05,0.0012675355392275378,12024.0,11877.0,46.151002645492554,3.0288784503936768,49.17988109588623,11842.0,12442.57142857143
829,35,13,P13,35,6.55e-05,0.0052271264139562845,19749.0,19737.0,107.08200860023499,7.946427583694458,115.02843618392944,19375.0,20479.657142857144
830,35,14,P14,35,6.545833333333333e-05,-0.005752380267949775,21863.0,22377.0,108.74898147583008,7.96826171875,116.71724319458008,21755.0,22570.514285714286
831,35,15,P15,35,6.541666666666667e-05,0.008309667784487829,20333.0,20274.0,111.68390345573425,8.279307842254639,119.96321129798889,20010.0,20969.371428571427
832,35,16,P16,35,6.5375e-05,0.0027960990089923145,20916.0,20690.0,136.2925419807434,10.213629961013794,146.5061719417572,20439.0,21286.82857142857
833,35,17,P17,35,6.533333333333334e-05,0.004313399305101484,21343.0,21473.0,137.17325019836426,10.367081880569458,147.54033207893372,20953.0,21962.742857142857
834,35,18,P18,35,6.529166666666666e-05,-0.00526492235949263,20608.0,20479.0,127.4192762374878,9.651089668273926,137.07036590576172,20285.0,21344.97142857143
835,35,19,P19,35,6.525000000000001e-05,0.003641441697254777,24138.0,23914.0,132.44673252105713,10.34870982170105,142.79544234275818,23408.0,24451.8
836,35,20,P20,35,6.520833333333334e-05,-0.0012202664598589762,23322.0,23740.0,141.8528275489807,11.039014101028442,152.89184165000916,22790.0,23923.4
837,35,21,P21,35,6.516666666666666e-05,-0.0022092183091444893,24126.0,24150.0,150.31884050369263,11.54709529876709,161.86593580245972,23628.0,24941.685714285715
838,35,22,P22,35,6.5125e-05,0.00030454645093414,23505.0,23519.0,148.13106966018677,11.825397968292236,159.956467628479,23280.0,24258.657142857144
839,35,23,P23,35,6.508333333333333e-05,0.0028087887580373456,34505.0,35601.0,195.79644870758057,15.363271236419678,211.15971994400024,34558.0,36350.514285714286
840,35,24,P24,35,6.504166666666667e-05,-0.003817048022756353,23922.0,24095.0,133.57712721824646,10.500686883926392,144.07781410217285,23714.0,24699.657142857144
841,36,1,P1,36,6.500000000000001e-05,-0.001776061870259582,6385.0,6239.0,31.42642831802368,2.0562679767608643,33.482696294784546,5872.0,6363.888888888889
842,36,2,P2,36,6.495833333333334e-05,0.018412262899801135,9136.0,8922.0,39.80219531059265,2.6126508712768555,42.41484618186951,8124.0,8848.555555555555
843,36,3,P3,36,6.491666666666667e-05,0.022669008700177073,7172.0,6612.0,28.8876690864563,1.8949387073516846,30.782607793807983,6045.0,6482.166666666667
844,36,4,P4,36,6.487499999999999e-05,-0.01861549448221922,3716.0,3765.0,22.771387338638306,1.4791693687438965,24.250556707382202,3655.0,3808.3888888888887
845,36,5,P5,36,6.483333333333333e-05,-0.03230292163789272,4277.0,4222.0,24.894911289215088,1.6004691123962402,26.495380401611328,4202.0,4355.361111111111
846,36,6,P6,36,6.479166666666668e-05,-0.014597118832170963,4087.0,4020.0,25.597840547561646,1.6772489547729492,27.275089502334595,3957.0,4154.361111111111
847,36,7,P7,36,6.475e-05,-0.00801123125711456,5944.0,6006.0,37.10752606391907,2.3982481956481934,39.50577425956726,5810.0,6188.222222222223
848,36,8,P8,36,6.470833333333334e-05,0.028389511862769723,6213.0,6102.0,32.84462833404541,2.1450929641723633,34.98972129821777,5704.0,6058.25
849,36,9,P9,36,6.466666666666668e-05,-0.01460953988134861,5832.0,5956.0,31.380838871002197,2.0190913677215576,33.399930238723755,5340.0,5849.75
850,36,10,P10,36,6.4625e-05,-0.002385886968113482,5580.0,5625.0,19.967853546142578,1.3360960483551025,21.30394959449768,5458.0,5820.555555555556
851,36,11,P11,36,6.458333333333334e-05,0.006472862674854696,11372.0,11372.0,38.68371605873108,2.559870958328247,41.243587017059326,11372.0,11498.888888888889
852,36,12,P12,36,6.454166666666667e-05,0.005515827564522624,12123.0,11992.0,46.218589067459106,3.040599822998047,49.25918889045715,11842.0,12430.055555555555
853,36,13,P13,36,6.450000000000001e-05,0.004444915859494358,19834.0,19832.0,107.2137815952301,7.950934171676636,115.16471576690674,19375.0,20461.666666666668
854,36,14,P14,36,6.445833333333333e-05,-0.004459446470718831,22045.0,22107.0,108.72501254081726,7.955716133117676,116.68072867393494,21755.0,22557.63888888889
855,36,15,P15,36,6.441666666666667e-05,0.010214372130576521,20360.0,20102.0,111.51903080940247,8.295014381408691,119.81404519081116,20010.0,20945.277777777777
856,36,16,P16,36,6.4375e-05,-0.002152636495884508,20714.0,20746.0,136.5068483352661,10.23248815536499,146.7393364906311,20439.0,21271.805555555555
857,36,17,P17,36,6.433333333333333e-05,0.005560497310943902,21639.0,21649.0,137.5188136100769,10.430700540542603,147.9495141506195,20953.0,21954.027777777777
858,36,18,P18,36,6.429166666666667e-05,-0.006038881035055965,20539.0,20445.0,127.63249850273132,9.587205410003662,137.21970391273499,20285.0,21319.972222222223
859,36,19,P19,36,6.425000000000002e-05,0.00202466270129662,23743.0,24153.0,132.07401990890503,10.555887699127197,142.62990760803223,23408.0,24443.5
860,36,20,P20,36,6.420833333333334e-05,0.0004242271894327132,23292.0,23022.0,141.671813249588,10.983936548233032,152.65574979782104,22790.0,23898.36111111111
861,36,21,P21,36,6.416666666666666e-05,-0.0018100290340953506,24164.0,23994.0,149.7038869857788,11.559098958969116,161.26298594474792,23628.0,24915.36111111111
862,36,22,P22,36,6.4125e-05,0.0010600605150102639,23735.0,23636.0,149.01185965538025,11.731783628463745,160.743643283844,23280.0,24241.36111111111
863,36,23,P23,36,6.408333333333334e-05,0.0005050648552631694,34778.0,35901.0,194.18254923820496,15.357327699661255,209.5398769378662,34558.0,36338.02777777778
864,36,24,P24,36,6.404166666666666e-05,-0.003791230171918869,24209.0,23810.0,133.36867213249207,10.489862442016602,143.85853457450867,23714.0,24674.944444444445
865,37,1,P1,37,6.400000000000001e-05,-0.006361646999721415,6385.0,6225.0,31.482357263565063,2.057206392288208,33.53956365585327,5872.0,6360.135135135135
866,37,2,P2,37,6.395833333333335e-05,0.017201533541083336,9139.0,8922.0,40.01878905296326,2.6142287254333496,42.633017778396606,8124.0,8850.54054054054
867,37,3,P3,37,6.391666666666667e-05,0.0027326924973749556,6953.0,6509.0,28.960050344467163,1.88918137550354,30.849231719970703,6045.0,6482.891891891892
868,37,4,P4,37,6.3875e-05,0.0030119098955765367,3691.0,3704.0,22.760307550430298,1.4960460662841797,24.256353616714478,3655.0,3805.5675675675675
869,37,5,P5,37,6.383333333333333e-05,-0.017208239529281855,4237.0,4222.0,24.9669771194458,1.5995244979858398,26.56650161743164,4202.0,4351.756756756757
870,37,6,P6,37,6.379166666666667e-05,-0.0016523726226296276,4081.0,4015.0,25.75657629966736,1.662611722946167,27.419188022613525,3957.0,4150.594594594595
871,37,7,P7,37,6.375e-05,-0.01740304392296821,5844.0,5994.0,37.14728784561157,2.3980343341827393,39.54532217979431,5810.0,6182.972972972973
872,37,8,P8,37,6.370833333333334e-05,0.02410459634847939,6112.0,6102.0,32.87883520126343,2.1440157890319824,35.02285099029541,5704.0,6059.4324324324325
873,37,9,P9,37,6.366666666666668e-05,0.0004096312459296314,5925.0,5911.0,31.478805780410767,2.025251865386963,33.50405764579773,5340.0,5851.405405405405
874,37,10,P10,37,6.3625e-05,-0.013987653190270066,5588.0,5684.0,19.930434703826904,1.3202297687530518,21.250664472579956,5458.0,5816.864864864865
875,37,11,P11,37,6.358333333333332e-05,-0.0028286916785873473,11389.0,11372.0,38.681052923202515,2.568286180496216,41.24933910369873,11372.0,11495.45945945946
876,37,12,P12,37,6.354166666666668e-05,0.00018057305078400532,11976.0,11910.0,46.160542488098145,3.0348899364471436,49.19543242454529,11842.0,12416.0
877,37,13,P13,37,6.35e-05,0.004135238312301226,19506.0,19738.0,107.42452335357666,7.9878644943237305,115.41238784790039,19375.0,20442.108108108107
878,37,14,P14,37,6.345833333333334e-05,-0.00014426765892494586,21917.0,22031.0,108.47001910209656,7.982924699783325,116.45294380187988,21755.0,22543.405405405407
879,37,15,P15,37,6.341666666666667e-05,0.0006631174510403071,20296.0,20430.0,111.43851113319397,8.270237684249878,119.70874881744385,20010.0,20931.35135135135
880,37,16,P16,37,6.337500000000001e-05,0.0007855626459786436,20715.0,20682.0,136.51364302635193,10.231134176254272,146.7447772026062,20439.0,21255.864864864863
881,37,17,P17,37,6.333333333333333e-05,0.0022661806957330554,21363.0,21545.0,137.20843863487244,10.397744417190552,147.606183052063,20953.0,21942.972972972973
882,37,18,P18,37,6.329166666666667e-05,-0.0037337505258619786,20419.0,20585.0,127.78583097457886,9.61132264137268,137.39715361595154,20285.0,21300.108108108107
883,37,19,P19,37,6.325e-05,0.0044032441917806866,23576.0,23840.0,132.3185703754425,10.3647940158844,142.6833643913269,23408.0,24427.18918918919
884,37,20,P20,37,6.320833333333334e-05,-0.002430106181418523,22966.0,22968.0,141.1426956653595,11.057004451751709,152.1997001171112,22790.0,23873.216216216217
885,37,21,P21,37,6.316666666666667e-05,4.6328427924891005e-05,23942.0,23924.0,150.2894914150238,11.521964311599731,161.81145572662354,23628.0,24888.567567567567
886,37,22,P22,37,6.3125e-05,0.0010627814808685798,23646.0,23438.0,148.99003314971924,11.733060836791992,160.72309398651123,23280.0,24219.64864864865
887,37,23,P23,37,6.308333333333334e-05,0.0021073619074221434,34351.0,36028.0,195.54989337921143,15.270575284957886,210.8204686641693,34558.0,36329.64864864865
888,37,24,P24,37,6.304166666666666e-05,-0.004259932582499459,23980.0,24148.0,133.61568093299866,10.48724889755249,144.10292983055115,23714.0,24660.702702702703
889,38,1,P1,38,6.3e-05,0.00485065727843903,6334.0,6184.0,31.54683518409729,2.0624444484710693,33.60927963256836,5872.0,6355.5
890,38,2,P2,38,6.295833333333334e-05,0.00582432874944061,8922.0,8708.0,39.849156618118286,2.615607261657715,42.464763879776,8124.0,8846.78947368421
891,38,3,P3,38,6.291666666666667e-05,0.0022095222302596085,6720.0,6462.0,29.02310562133789,1.8942222595214844,30.917327880859375,6045.0,6482.3421052631575
892,38,4,P4,38,6.2875e-05,0.011533699231222272,3724.0,3846.0,22.71173596382141,1.4794080257415771,24.19114398956299,3655.0,3806.6315789473683
893,38,5,P5,38,6.283333333333335e-05,-0.015626254258677363,4222.0,4217.0,24.892362356185913,1.6079168319702148,26.500279188156128,4202.0,4348.210526315789
894,38,6,P6,38,6.279166666666667e-05,-0.0002430768836347852,4078.0,3963.0,25.788763523101807,1.6707203388214111,27.459483861923218,3957.0,4145.6578947368425
895,38,7,P7,38,6.275e-05,-0.006303486006800085,5968.0,5944.0,37.153507232666016,2.409606695175171,39.56311392784119,5810.0,6176.684210526316
896,38,8,P8,38,6.270833333333333e-05,0.009380914852954447,6008.0,6060.0,32.93127417564392,2.1506011486053467,35.08187532424927,5704.0,6059.4473684210525
897,38,9,P9,38,6.266666666666667e-05,0.005009949643863365,5866.0,5916.0,31.419886350631714,2.0125463008880615,33.432432651519775,5340.0,5853.105263157895
898,38,10,P10,38,6.2625e-05,-0.024431915022432804,5605.0,5594.0,20.00395393371582,1.3379428386688232,21.341896772384644,5458.0,5811.0
899,38,11,P11,38,6.258333333333334e-05,-0.0100768122356385,11513.0,11428.0,38.618536949157715,2.5644853115081787,41.183022260665894,11372.0,11493.684210526315
900,38,12,P12,38,6.254166666666668e-05,0.0009377415890412522,12102.0,12123.0,46.21159291267395,3.03389835357666,49.24549126625061,11842.0,12408.28947368421
901,38,13,P13,38,6.25e-05,0.004348778878920712,19852.0,19840.0,107.24675345420837,7.952577352523804,115.19933080673218,19375.0,20426.263157894737
902,38,14,P14,38,6.245833333333332e-05,-0.00205552572151646,21981.0,22004.0,108.78755521774292,7.964998722076416,116.75255393981934,21755.0,22529.21052631579
903,38,15,P15,38,6.241666666666666e-05,1.586464077263372e-05,20339.0,20248.0,111.25366520881653,8.272081851959229,119.52574706077576,20010.0,20913.36842105263
904,38,16,P16,38,6.237500000000001e-05,-0.0006845751660875977,20734.0,20669.0,136.2322187423706,10.229827404022217,146.46204614639282,20439.0,21240.42105263158
905,38,17,P17,38,6.233333333333334e-05,0.002938889985671267,21468.0,21405.0,137.20651578903198,10.395790576934814,147.6023063659668,20953.0,21928.815789473683
906,38,18,P18,38,6.229166666666667e-05,-0.003359842411009595,20490.0,20453.0,127.36640214920044,9.682528972625732,137.04893112182617,20285.0,21277.815789473683
907,38,19,P19,38,6.225000000000001e-05,0.0032632041606120766,23509.0,23870.0,131.78557991981506,10.363796949386597,142.14937686920166,23408.0,24412.526315789473
908,38,20,P20,38,6.220833333333333e-05,0.0003598066014092183,23330.0,23398.0,141.223473072052,11.02019715309143,152.24367022514343,22790.0,23860.71052631579
909,38,21,P21,38,6.216666666666666e-05,-0.00041799144200922457,24266.0,24028.0,150.04498410224915,11.529971361160278,161.57495546340942,23628.0,24865.92105263158
910,38,22,P22,38,6.2125e-05,0.000605643811286427,23852.0,23470.0,149.4292848110199,11.697044372558594,161.1263291835785,23280.0,24199.92105263158
911,38,23,P23,38,6.208333333333334e-05,0.002964328949539257,35551.0,36151.0,194.3215456008911,15.312019348144531,209.63356494903564,34558.0,36324.94736842105
912,38,24,P24,38,6.204166666666667e-05,-0.003978982986882329,24316.0,23871.0,133.8520770072937,10.496422529220581,144.34849953651428,23714.0,24639.92105263158
913,39,1,P1,39,6.2e-05,0.005872837326023728,6375.0,6161.0,31.554202795028687,2.051926851272583,33.60612964630127,5872.0,6350.51282051282
914,39,2,P2,39,6.195833333333334e-05,0.009725287789478898,8922.0,9136.0,39.775707721710205,2.6162047386169434,42.39191246032715,8124.0,8854.205128205129
915,39,3,P3,39,6.191666666666666e-05,0.015104802325367928,6934.0,6519.0,29.127567768096924,1.897958517074585,31.02552628517151,6045.0,6483.282051282052
916,39,4,P4,39,6.1875e-05,-0.00661449832841754,3820.0,3775.0,22.770837545394897,1.4882879257202148,24.259125471115112,3655.0,3805.8205128205127
917,39,5,P5,39,6.183333333333334e-05,-0.032297360710799694,4222.0,4202.0,24.922975540161133,1.613269567489624,26.536245107650757,4202.0,4344.461538461538
918,39,6,P6,39,6.179166666666667e-05,-0.008342031622305512,4041.0,4133.0,25.8537654876709,1.6753253936767578,27.529090881347656,3957.0,4145.333333333333
919,39,7,P7,39,6.175e-05,0.015248080133460462,6037.0,6050.0,37.230963945388794,2.3970558643341064,39.6280198097229,5810.0,6173.4358974358975
920,39,8,P8,39,6.170833333333333e-05,0.005615929432678968,6106.0,6084.0,33.016812562942505,2.180990695953369,35.197803258895874,5704.0,6060.076923076923
921,39,9,P9,39,6.166666666666667e-05,-0.00010044211376225576,6012.0,5879.0,31.555846691131592,2.0196874141693115,33.5755341053009,5340.0,5853.7692307692305
922,39,10,P10,39,6.1625e-05,-0.02131200162693858,5545.0,5612.0,19.937074422836304,1.3293068408966064,21.26638126373291,5458.0,5805.897435897436
923,39,11,P11,39,6.158333333333334e-05,-0.0040731303743086755,11372.0,11372.0,38.68814969062805,2.563749313354492,41.251899003982544,11372.0,11490.564102564103
924,39,12,P12,39,6.154166666666668e-05,0.01087776047643274,12160.0,11990.0,45.982927560806274,3.039273500442505,49.02220106124878,11842.0,12397.564102564103
925,39,13,P13,39,6.15e-05,-0.008478707197355106,19697.0,19649.0,108.06344890594482,8.00864291191101,116.07209181785583,19375.0,20406.333333333332
926,39,14,P14,39,6.145833333333333e-05,0.0045328481355682015,21886.0,21688.0,109.21423316001892,8.002374410629272,117.2166075706482,21688.0,22507.641025641027
927,39,15,P15,39,6.141666666666668e-05,0.0004382724637252977,20227.0,20015.0,112.15999865531921,8.304638147354126,120.46463680267334,20010.0,20890.333333333332
928,39,16,P16,39,6.1375e-05,0.0025318271771539004,20694.0,20796.0,137.04155921936035,10.233865737915039,147.2754249572754,20439.0,21229.02564102564
929,39,17,P17,39,6.133333333333334e-05,0.0016691019976860844,21117.0,21343.0,137.74454164505005,10.457678079605103,148.20221972465515,20953.0,21913.79487179487
930,39,18,P18,39,6.129166666666667e-05,-0.003147570928558707,20625.0,20176.0,128.80121040344238,9.649761199951172,138.45097160339355,20176.0,21249.5641025641
931,39,19,P19,39,6.125000000000001e-05,0.002288205886725336,23455.0,23595.0,132.26497507095337,10.36361289024353,142.6285879611969,23408.0,24391.5641025641
932,39,20,P20,39,6.120833333333333e-05,0.001833574817283079,23440.0,23053.0,142.5711441040039,11.029968023300171,153.60111212730408,22790.0,23840.0
933,39,21,P21,39,6.116666666666667e-05,-0.003986090770922601,24171.0,24053.0,150.02446460723877,11.604448556900024,161.6289131641388,23628.0,24845.076923076922
934,39,22,P22,39,6.112500000000001e-05,0.003028882795479149,23922.0,23345.0,149.05887174606323,11.772704124450684,160.83157587051392,23280.0,24178.0
935,39,23,P23,39,6.108333333333333e-05,-0.0027559578219162567,33301.0,35401.0,195.9296519756317,15.334448099136353,211.26410007476807,34558.0,36301.256410256414
936,39,24,P24,39,6.104166666666667e-05,-0.002023676238604821,24181.0,23862.0,134.32798552513123,10.469461679458618,144.79744720458984,23714.0,24619.97435897436
937,40,1,P1,40,6.1e-05,-0.0019930858579755295,6385.0,6044.0,31.183056116104126,2.049207925796509,33.232264041900635,5872.0,6342.85
938,40,2,P2,40,6.095833333333334e-05,0.0013468890465446748,8708.0,8708.0,39.949915170669556,2.627579927444458,42.577495098114014,8124.0,8850.55
939,40,3,P3,40,6.0916666666666666e-05,0.03538230177946389,7137.0,6585.0,28.82247805595398,1.9019675254821777,30.724445581436157,6045.0,6485.825
940,40,4,P4,40,6.0875e-05,-0.00936746853403747,3769.0,3791.0,22.786123037338257,1.4892847537994385,24.275407791137695,3655.0,3805.45
941,40,5,P5,40,6.083333333333334e-05,-0.02957650227472186,4322.0,4222.0,24.71272349357605,1.6065247058868408,26.31924819946289,4202.0,4341.4
942,40,6,P6,40,6.079166666666667e-05,-0.01201669592410326,4068.0,4118.0,25.806225538253784,1.6693384647369385,27.475564002990723,3957.0,4144.65
943,40,7,P7,40,6.074999999999999e-05,0.016756207565777004,6160.0,6087.0,37.55781173706055,2.4258530139923096,39.983664751052856,5810.0,6171.275
944,40,8,P8,40,6.0708333333333336e-05,0.014204027247615159,6276.0,6124.0,33.07343864440918,2.139704704284668,35.21314334869385,5704.0,6061.675
945,40,9,P9,40,6.066666666666667e-05,-0.013807850307784975,5872.0,5921.0,31.38017511367798,2.0296566486358643,33.40983176231384,5340.0,5855.45
946,40,10,P10,40,6.0624999999999996e-05,-0.018215986900031567,5596.0,5534.0,20.110166788101196,1.3268542289733887,21.437021017074585,5458.0,5799.1
947,40,11,P11,40,6.058333333333333e-05,-0.007082530471961945,11372.0,11372.0,38.49887752532959,2.564995527267456,41.063873052597046,11372.0,11487.6
948,40,12,P12,40,6.054166666666668e-05,0.012795131769962609,12325.0,11923.0,45.91105914115906,3.027872323989868,48.938931465148926,11842.0,12385.7
949,40,13,P13,40,6.05e-05,-0.00024982559511954605,19850.0,19562.0,108.04381966590881,7.9782395362854,116.02205920219421,19375.0,20385.225
950,40,14,P14,40,6.045833333333333e-05,-9.180559572996572e-06,21900.0,21775.0,109.8664402961731,8.082587718963623,117.94902801513672,21688.0,22489.325
951,40,15,P15,40,6.0416666666666674e-05,-0.0005920221237829537,20115.0,19949.0,111.93574523925781,8.305700540542603,120.24144577980042,19949.0,20866.8
952,40,16,P16,40,6.0375000000000004e-05,0.0009379634109791368,20735.0,20445.0,136.885648727417,10.288087129592896,147.1737358570099,20439.0,21209.425
953,40,17,P17,40,6.0333333333333334e-05,0.002801643425482325,21401.0,21213.0,137.8136727809906,10.449105501174927,148.26277828216553,20953.0,21896.275
954,40,18,P18,40,6.029166666666667e-05,-0.002974909351905808,20832.0,20224.0,127.92764639854431,9.671916007995605,137.59956240653992,20176.0,21223.925
955,40,19,P19,40,6.025000000000001e-05,0.0006060203448214451,23246.0,23213.0,132.57864689826965,10.358031034469604,142.93667793273926,23213.0,24362.1
956,40,20,P20,40,6.020833333333333e-05,0.001926918514072895,23264.0,23258.0,141.6271812915802,11.043329954147339,152.67051124572754,22790.0,23825.45
957,40,21,P21,40,6.0166666666666674e-05,-0.0003988538963312749,24169.0,23866.0,149.8959445953369,11.588046550750732,161.48399114608765,23628.0,24820.6
958,40,22,P22,40,6.012500000000001e-05,0.000418566325242864,23967.0,23625.0,150.15595889091492,11.678298950195312,161.83425784111023,23280.0,24164.175
959,40,23,P23,40,6.0083333333333335e-05,0.0024161742268396275,35588.0,35551.0,195.02985882759094,15.380436420440674,210.41029524803162,34558.0,36282.5
960,40,24,P24,40,6.0041666666666665e-05,-0.004709125054068864,24047.0,23928.0,134.32023882865906,10.50045394897461,144.82069277763367,23714.0,24602.675
961,41,1,P1,41,6e-05,-0.020044585689902306,6311.0,6238.0,31.398776292800903,2.0552492141723633,33.45402550697327,5872.0,6340.292682926829
962,41,2,P2,41,5.995833333333334e-05,0.012469509267248213,8922.0,8922.0,39.85338878631592,2.6270110607147217,42.48039984703064,8124.0,8852.292682926829
963,41,3,P3,41,5.991666666666667e-05,-0.001842504701926373,6945.0,6731.0,28.853487253189087,1.906679391860962,30.76016664505005,6045.0,6491.804878048781
964,41,4,P4,41,5.9875000000000005e-05,0.02427775738760829,3862.0,3738.0,22.768551349639893,1.4638197422027588,24.23237109184265,3655.0,3803.8048780487807
965,41,5,P5,41,5.983333333333334e-05,-0.013664467027410865,4242.0,4222.0,24.766358852386475,1.5946669578552246,26.3610258102417,4202.0,4338.487804878048
966,41,6,P6,41,5.9791666666666665e-05,-0.0004372249895823188,4080.0,4020.0,25.762191772460938,1.6878139972686768,27.450005769729614,3957.0,4141.609756097561
967,41,7,P7,41,5.9749999999999995e-05,-0.0018115794664481655,5985.0,6025.0,37.236339807510376,2.4160830974578857,39.65242290496826,5810.0,6167.707317073171
968,41,8,P8,41,5.9708333333333346e-05,0.017601574072614312,6177.0,6078.0,33.236626625061035,2.1304519176483154,35.36707854270935,5704.0,6062.073170731707
969,41,9,P9,41,5.966666666666667e-05,-0.009055639733560383,5885.0,5918.0,31.254732847213745,2.0336596965789795,33.288392543792725,5340.0,5856.975609756098
970,41,10,P10,41,5.9625e-05,-0.04016946442425251,5616.0,5458.0,20.074445962905884,1.331136703491211,21.405582666397095,5458.0,5790.780487804878
971,41,11,P11,41,5.9583333333333336e-05,-0.015425813151523471,11372.0,11372.0,38.55634784698486,2.5682451725006104,41.124593019485474,11372.0,11484.780487804877
972,41,12,P12,41,5.954166666666667e-05,0.014904250740073621,12176.0,12023.0,46.00083351135254,3.0671112537384033,49.06794476509094,11842.0,12376.853658536585
973,41,13,P13,41,5.95e-05,0.01311876147519797,19697.0,19623.0,107.69413447380066,7.9571754932403564,115.65130996704102,19375.0,20366.634146341465
974,41,14,P14,41,5.945833333333334e-05,-0.0032880808430491015,22291.0,21755.0,108.63243532180786,8.013161659240723,116.64559698104858,21688.0,22471.414634146342
975,41,15,P15,41,5.9416666666666677e-05,-0.0007043457526378916,20250.0,20108.0,111.64599871635437,8.260792255401611,119.90679097175598,19949.0,20848.29268292683
976,41,16,P16,41,5.9375e-05,-0.0003231613407479017,20855.0,20807.0,136.17440843582153,10.229531526565552,146.40393996238708,20439.0,21199.60975609756
977,41,17,P17,41,5.933333333333333e-05,0.000629262776055839,21294.0,21473.0,137.31752562522888,10.379875659942627,147.6974012851715,20953.0,21885.951219512193
978,41,18,P18,41,5.929166666666667e-05,-0.00278342385427095,20317.0,20348.0,127.04450178146362,9.671898126602173,136.7163999080658,20176.0,21202.560975609755
979,41,19,P19,41,5.9250000000000004e-05,0.004926368989981711,23419.0,23490.0,132.35873103141785,10.277037143707275,142.63576817512512,23213.0,24340.829268292684
980,41,20,P20,41,5.9208333333333334e-05,-0.001201076809957158,23152.0,23172.0,142.2997124195099,11.035497426986694,153.33520984649658,22790.0,23809.51219512195
981,41,21,P21,41,5.916666666666667e-05,7.811033792677335e-05,24084.0,24039.0,149.7870044708252,11.522052526473999,161.3090569972992,23628.0,24801.536585365855
982,41,22,P22,41,5.912500000000001e-05,-0.0008236492438300047,23507.0,23346.0,148.32075691223145,11.646831274032593,159.96758818626404,23280.0,24144.219512195123
983,41,23,P23,41,5.908333333333334e-05,0.006572202313691378,35428.0,35401.0,193.94399213790894,15.333141326904297,209.27713346481323,34558.0,36261.0
984,41,24,P24,41,5.904166666666666e-05,-0.006518143299035728,24325.0,23936.0,135.03354120254517,10.509583234786987,145.54312443733215,23714.0,24586.414634146342
985,42,1,P1,42,5.900000000000001e-05,0.00488639299874194,6375.0,6284.0,31.255992650985718,2.0605101585388184,33.316502809524536,5872.0,6338.952380952381
986,42,2,P2,42,5.8958333333333334e-05,0.0019624557899078354,8925.0,8922.0,40.002488136291504,2.625577211380005,42.62806534767151,8124.0,8853.952380952382
987,42,3,P3,42,5.8916666666666664e-05,-0.002199343143729493,6744.0,6947.0,29.07525086402893,1.910196304321289,30.98544716835022,6045.0,6502.642857142857
988,42,4,P4,42,5.8875e-05,0.011985727585852146,3748.0,3693.0,22.822755336761475,1.4621410369873047,24.28489637374878,3655.0,3801.1666666666665
989,42,5,P5,42,5.883333333333334e-05,-0.014953810023143888,4217.0,4202.0,24.46993374824524,1.6055982112884521,26.07553195953369,4202.0,4335.238095238095
990,42,6,P6,42,5.879166666666667e-05,0.004929994116537273,4077.0,4150.0,25.916523218154907,1.6785085201263428,27.59503173828125,3957.0,4141.809523809524
991,42,7,P7,42,5.8750000000000005e-05,0.005590952467173338,5986.0,6006.0,37.305949449539185,2.4245591163635254,39.73050856590271,5810.0,6163.857142857143
992,42,8,P8,42,5.870833333333334e-05,0.004853363265283406,5945.0,6079.0,33.163902282714844,2.1457839012145996,35.30968618392944,5704.0,6062.476190476191
993,42,9,P9,42,5.866666666666667e-05,0.009802710148505867,5874.0,5888.0,31.407604217529297,2.0186588764190674,33.426263093948364,5340.0,5857.714285714285
994,42,10,P10,42,5.8624999999999995e-05,-0.042447760701179504,5525.0,5544.0,20.069608211517334,1.2776598930358887,21.347268104553223,5458.0,5784.9047619047615
995,42,11,P11,42,5.858333333333333e-05,-0.030784177128225565,11372.0,11383.0,38.56358623504639,2.5635273456573486,41.127113580703735,11372.0,11482.357142857143
996,42,12,P12,42,5.8541666666666676e-05,0.011629174696281552,12005.0,12023.0,45.817447900772095,3.0401809215545654,48.85762882232666,11842.0,12368.42857142857
997,42,13,P13,42,5.85e-05,0.01826589391566813,19619.0,19752.0,106.97693181037903,7.972100019454956,114.94903182983398,19375.0,20352.0
998,42,14,P14,42,5.8458333333333336e-05,-0.007591903704451397,21782.0,21755.0,109.31690907478333,8.002683877944946,117.31959295272827,21688.0,22454.35714285714
999,42,15,P15,42,5.841666666666667e-05,0.00177108536081505,20250.0,20358.0,112.07187390327454,8.149660587310791,120.22153449058533,19949.0,20836.619047619046
1000,42,16,P16,42,5.8375e-05,0.000513071824934741,20949.0,20557.0,136.48024654388428,10.256139993667603,146.73638653755188,20439.0,21184.309523809523
1001,42,17,P17,42,5.8333333333333326e-05,0.000401562321712845,21260.0,21213.0,137.27471160888672,10.356931686401367,147.6316432952881,20953.0,21869.928571428572
1002,42,18,P18,42,5.8291666666666676e-05,-0.0011871832037286367,20526.0,20280.0,127.14451360702515,9.658052682876587,136.80256628990173,20176.0,21180.595238095237
1003,42,19,P19,42,5.8250000000000006e-05,0.003959040844347328,23711.0,23642.0,132.66388964653015,10.23787808418274,142.9017677307129,23213.0,24324.190476190477
1004,42,20,P20,42,5.820833333333333e-05,-0.003378377913031727,22892.0,22932.0,141.49471521377563,11.079584121704102,152.57429933547974,22790.0,23788.619047619046
1005,42,21,P21,42,5.8166666666666667e-05,0.002348798475577496,24253.0,23731.0,150.21698236465454,11.703614711761475,161.92059707641602,23628.0,24776.04761904762
1006,42,22,P22,42,5.812500000000001e-05,-0.0007289640176168177,23752.0,23460.0,149.20442581176758,11.697940111160278,160.90236592292786,23280.0,24127.928571428572
1007,42,23,P23,42,5.8083333333333333e-05,0.003231295184897525,34038.0,35551.0,195.42044305801392,15.591955661773682,211.0123987197876,34558.0,36244.09523809524
1008,42,24,P24,42,5.804166666666667e-05,-0.003449084114981815,24011.0,23986.0,134.63660979270935,10.553812742233276,145.19042253494263,23714.0,24572.119047619046
1009,43,1,P1,43,5.800000000000001e-05,-0.003753047960344702,6321.0,6215.0,31.249141693115234,2.0428006649017334,33.29194235801697,5872.0,6336.069767441861
1010,43,2,P2,43,5.795833333333334e-05,-0.0050654777442105114,8532.0,8507.0,40.04328203201294,2.622490167617798,42.66577219963074,8124.0,8845.883720930233
1011,43,3,P3,43,5.791666666666666e-05,0.02310574660077691,6744.0,6733.0,29.083844423294067,1.9007823467254639,30.98462677001953,6045.0,6508.0
1012,43,4,P4,43,5.7875000000000004e-05,0.00680654204916209,3772.0,3731.0,22.750768899917603,1.4597232341766357,24.21049213409424,3655.0,3799.5348837209303
1013,43,5,P5,43,5.783333333333334e-05,-0.008293693885207176,4277.0,4217.0,24.805275201797485,1.5999946594238281,26.405269861221313,4202.0,4332.488372093023
1014,43,6,P6,43,5.7791666666666664e-05,0.003982289228588343,4133.0,4000.0,25.882248163223267,1.6724915504455566,27.554739713668823,3957.0,4138.511627906977
1015,43,7,P7,43,5.775e-05,-0.013741970644332469,5854.0,5900.0,37.61024785041809,2.4492740631103516,40.05952191352844,5810.0,6157.720930232558
1016,43,8,P8,43,5.7708333333333345e-05,-0.008914502628613263,5717.0,5670.0,33.589879274368286,2.1744258403778076,35.764305114746094,5670.0,6053.3488372093025
1017,43,9,P9,43,5.766666666666667e-05,0.0014564290322596207,5424.0,5696.0,31.945087671279907,2.0463016033172607,33.99138927459717,5340.0,5853.953488372093
1018,43,10,P10,43,5.7625e-05,-0.005471968208439648,5544.0,5582.0,20.19753408432007,1.33797287940979,21.53550696372986,5458.0,5780.186046511628
1019,43,11,P11,43,5.7583333333333335e-05,-0.0027837433735840023,11372.0,11428.0,38.62667417526245,2.574608564376831,41.20128273963928,11372.0,11481.093023255815
1020,43,12,P12,43,5.754166666666667e-05,0.0003757826780201867,11992.0,12023.0,45.855300426483154,3.0345585346221924,48.88985896110535,11842.0,12360.39534883721
1021,43,13,P13,43,5.7499999999999995e-05,0.01452187163522467,20132.0,19712.0,107.07407236099243,7.954825162887573,115.02889752388,19375.0,20337.116279069767
1022,43,14,P14,43,5.745833333333334e-05,-0.008079379476839676,21887.0,21899.0,109.06757092475891,7.961523771286011,117.02909469604492,21688.0,22441.441860465115
1023,43,15,P15,43,5.7416666666666675e-05,0.003058229347516317,20380.0,20250.0,111.90913009643555,8.25870418548584,120.16783428192139,19949.0,20822.976744186046
1024,43,16,P16,43,5.7375e-05,-0.0021941281491308475,20896.0,20699.0,136.88417053222656,10.212263822555542,147.0964343547821,20439.0,21173.023255813954
1025,43,17,P17,43,5.733333333333333e-05,0.0025009951263200493,21567.0,21341.0,138.07628989219666,10.357458353042603,148.43374824523926,20953.0,21857.627906976744
1026,43,18,P18,43,5.729166666666668e-05,-0.0020037782087456435,20755.0,20625.0,126.63443922996521,9.65323781967163,136.28767704963684,20176.0,21167.674418604653
1027,43,19,P19,43,5.725e-05,0.0028810208721552046,23785.0,23887.0,132.77549004554749,10.169312000274658,142.94480204582214,23213.0,24314.023255813954
1028,43,20,P20,43,5.720833333333333e-05,-0.0004903991048195167,23490.0,23368.0,141.8068015575409,11.060603857040405,152.8674054145813,22790.0,23778.837209302324
1029,43,21,P21,43,5.716666666666667e-05,-0.0010601519246847602,24042.0,24058.0,151.15425992012024,11.574545860290527,162.72880578041077,23628.0,24759.3488372093
1030,43,22,P22,43,5.7125000000000006e-05,0.001752008641778957,23987.0,23967.0,149.68148732185364,11.486503839492798,161.16799116134644,23280.0,24124.18604651163
1031,43,23,P23,43,5.7083333333333336e-05,0.002254263761902361,34801.0,36001.0,196.3680830001831,15.485563516616821,211.85364651679993,34558.0,36238.441860465115
1032,43,24,P24,43,5.704166666666667e-05,-0.004076382960192859,23992.0,24239.0,133.2709722518921,10.47721529006958,143.74818754196167,23714.0,24564.372093023256
1033,44,1,P1,44,5.700000000000001e-05,-0.010265897843055427,6226.0,6226.0,31.381118774414062,2.06467866897583,33.44579744338989,5872.0,6333.568181818182
1034,44,2,P2,44,5.695833333333333e-05,0.011695008259266615,8935.0,8979.0,39.881264448165894,2.623234272003174,42.50449872016907,8124.0,8848.90909090909
1035,44,3,P3,44,5.691666666666666e-05,0.017020180879626423,7015.0,6519.0,29.026278495788574,1.9116570949554443,30.93793559074402,6045.0,6508.25
1036,44,4,P4,44,5.6875e-05,-0.004571971367113292,3713.0,3708.0,22.61670732498169,1.4503858089447021,24.06709313392639,3655.0,3797.4545454545455
1037,44,5,P5,44,5.683333333333334e-05,-0.018027340061962605,4222.0,4202.0,24.64849281311035,1.603808879852295,26.252301692962646,4202.0,4329.522727272727
1038,44,6,P6,44,5.679166666666667e-05,0.0022842151229269803,4087.0,3974.0,25.900842905044556,1.662524700164795,27.56336760520935,3957.0,4134.772727272727
1039,44,7,P7,44,5.6750000000000004e-05,-0.012843620381318033,6003.0,5942.0,37.20468020439148,2.4469292163848877,39.65160942077637,5810.0,6152.818181818182
1040,44,8,P8,44,5.670833333333334e-05,-0.0029793935536872596,5748.0,6114.0,33.721287965774536,2.145066738128662,35.8663547039032,5670.0,6054.727272727273
1041,44,9,P9,44,5.666666666666667e-05,0.01973677717614919,5694.0,5485.0,31.371550798416138,2.051351547241211,33.42290234565735,5340.0,5845.568181818182
1042,44,10,P10,44,5.6624999999999994e-05,-0.01865922473371029,5594.0,5534.0,20.1174578666687,1.3348169326782227,21.452274799346924,5458.0,5774.590909090909
1043,44,11,P11,44,5.6583333333333344e-05,-0.015822533168829978,11401.0,11451.0,38.3775200843811,2.5369491577148438,40.91446924209595,11372.0,11480.40909090909
1044,44,12,P12,44,5.654166666666667e-05,-0.0038791417609900236,11975.0,12190.0,45.72280168533325,3.0500235557556152,48.77282524108887,11842.0,12356.522727272728
1045,44,13,P13,44,5.65e-05,0.008957191719673574,19696.0,19725.0,107.24158000946045,7.939201593399048,115.1807816028595,19375.0,20323.204545454544
1046,44,14,P14,44,5.6458333333333335e-05,-0.0021467717924679164,21936.0,21611.0,108.43885135650635,7.955668926239014,116.39452028274536,21611.0,22422.56818181818
1047,44,15,P15,44,5.641666666666667e-05,-0.0031410164228873327,20323.0,20238.0,112.15973949432373,8.285744905471802,120.44548439979553,19949.0,20809.68181818182
1048,44,16,P16,44,5.6375e-05,0.00031912717022350987,20799.0,20773.0,136.280535697937,10.29693865776062,146.57747435569763,20439.0,21163.93181818182
1049,44,17,P17,44,5.633333333333334e-05,0.001831188116921112,21591.0,21336.0,136.97463989257812,10.439314603805542,147.41395449638367,20953.0,21845.772727272728
1050,44,18,P18,44,5.6291666666666675e-05,-0.0026851518254261465,20415.0,20331.0,127.68183946609497,9.67599868774414,137.3578381538391,20176.0,21148.659090909092
1051,44,19,P19,44,5.6250000000000005e-05,0.003763862117193639,23503.0,23712.0,132.61409950256348,10.359453439712524,142.973552942276,23213.0,24300.340909090908
1052,44,20,P20,44,5.620833333333333e-05,-0.0018818766751792283,22945.0,23140.0,142.03939938545227,11.031065940856934,153.0704653263092,22790.0,23764.31818181818
1053,44,21,P21,44,5.6166666666666665e-05,0.0029703750158660116,24135.0,23821.0,149.92446970939636,11.661892652511597,161.58636236190796,23628.0,24738.022727272728
1054,44,22,P22,44,5.6125e-05,-0.0013376384697039612,23956.0,23502.0,150.0613398551941,11.638425350189209,161.6997652053833,23280.0,24110.045454545456
1055,44,23,P23,44,5.608333333333333e-05,0.0011971367247107473,33741.0,36628.0,195.84844708442688,15.664964199066162,211.51341128349304,34558.0,36247.295454545456
1056,44,24,P24,44,5.604166666666667e-05,-0.0010570959759206744,24126.0,24038.0,134.32205319404602,10.511474847793579,144.8335280418396,23714.0,24552.409090909092
1057,45,1,P1,45,5.6000000000000006e-05,0.009810361021663994,6594.0,6284.0,31.467973709106445,2.0621235370635986,33.530097246170044,5872.0,6332.466666666666
1058,45,2,P2,45,5.5958333333333336e-05,-0.0034468341036699712,8698.0,8741.0,39.889960050582886,2.6280853748321533,42.51804542541504,8124.0,8846.511111111111
1059,45,3,P3,45,5.591666666666666e-05,0.017053190851584077,6945.0,6523.0,28.852643251419067,1.9016523361206055,30.754295587539673,6045.0,6508.577777777778
1060,45,4,P4,45,5.587500000000001e-05,-0.000979353440925479,3722.0,3714.0,22.638967990875244,1.4747271537780762,24.11369514465332,3655.0,3795.6
1061,45,5,P5,45,5.583333333333334e-05,-0.020904893521219492,4222.0,4202.0,24.630680322647095,1.5564625263214111,26.187142848968506,4202.0,4326.688888888889
1062,45,6,P6,45,5.579166666666666e-05,-0.005293949623592198,4051.0,3967.0,25.67984104156494,1.6710734367370605,27.350914478302002,3957.0,4131.044444444445
1063,45,7,P7,45,5.575e-05,-0.00948171503841877,5986.0,5934.0,37.81799364089966,2.462225914001465,40.28021955490112,5810.0,6147.955555555555
1064,45,8,P8,45,5.5708333333333343e-05,0.005374049011152238,5744.0,6203.0,33.54336857795715,2.137758731842041,35.681127309799194,5670.0,6058.022222222222
1065,45,9,P9,45,5.566666666666667e-05,0.01493218052200973,5873.0,5547.0,31.44881796836853,2.0623509883880615,33.51116895675659,5340.0,5838.933333333333
1066,45,10,P10,45,5.5625000000000004e-05,-0.020387117750942707,5580.0,5670.0,20.132070064544678,1.3329823017120361,21.465052366256714,5458.0,5772.266666666666
1067,45,11,P11,45,5.558333333333334e-05,-0.004071885225130245,11434.0,11428.0,38.76225209236145,2.5596892833709717,41.32194137573242,11372.0,11479.244444444445
1068,45,12,P12,45,5.554166666666667e-05,-0.0008065638758125715,12092.0,12045.0,45.943400144577026,3.054551362991333,48.99795150756836,11842.0,12349.6
1069,45,13,P13,45,5.5499999999999994e-05,0.0053935127216391265,19716.0,19649.0,107.92213988304138,7.978079080581665,115.90021896362305,19375.0,20308.222222222223
1070,45,14,P14,45,5.545833333333334e-05,-0.0034462034527678043,21880.0,21800.0,109.11306810379028,8.001760005950928,117.11482810974121,21611.0,22408.733333333334
1071,45,15,P15,45,5.5416666666666674e-05,0.0028716502420138568,20400.0,20102.0,112.29657244682312,8.369637727737427,120.66621017456055,19949.0,20793.955555555556
1072,45,16,P16,45,5.5375e-05,7.136373278626706e-05,20903.0,20855.0,135.97244930267334,10.278230905532837,146.25068020820618,20439.0,21157.066666666666
1073,45,17,P17,45,5.5333333333333334e-05,0.0026455689512658864,21277.0,20821.0,137.39448881149292,10.490750312805176,147.8852391242981,20821.0,21823.0
1074,45,18,P18,45,5.529166666666668e-05,-0.004578433488495648,20447.0,20312.0,127.90738677978516,9.645789384841919,137.55317616462708,20176.0,21130.066666666666
1075,45,19,P19,45,5.525e-05,0.0043576689902693035,23715.0,23361.0,132.35733890533447,10.253583192825317,142.6109220981598,23213.0,24279.466666666667
1076,45,20,P20,45,5.520833333333333e-05,-0.001015054466552101,23091.0,23316.0,141.56008744239807,10.99928593635559,152.55937337875366,22790.0,23754.355555555554
1077,45,21,P21,45,5.5166666666666675e-05,0.0004701665948232403,24203.0,23981.0,149.60247039794922,11.718626976013184,161.3210973739624,23628.0,24721.2
1078,45,22,P22,45,5.5125000000000005e-05,0.00032556062215007844,23842.0,23577.0,149.06816577911377,11.606582880020142,160.6747486591339,23280.0,24098.2
1079,45,23,P23,45,5.508333333333333e-05,0.0002186766398933417,33664.0,36051.0,196.51154041290283,15.494889259338379,212.0064296722412,34558.0,36242.933333333334
1080,45,24,P24,45,5.504166666666667e-05,-0.001697365427389741,24231.0,23834.0,133.6030511856079,10.415937662124634,144.01898884773254,23714.0,24536.444444444445
1081,46,1,P1,46,5.500000000000001e-05,-0.015347560285590589,6215.0,6226.0,31.491791009902954,2.067457437515259,33.55924844741821,5872.0,6330.152173913043
1082,46,2,P2,46,5.495833333333333e-05,0.020271040499210358,8912.0,8337.0,39.86705660820007,2.629427194595337,42.49648380279541,8124.0,8835.434782608696
1083,46,3,P3,46,5.491666666666667e-05,0.010863759205676615,6934.0,6462.0,28.978100538253784,1.883603572845459,30.861704111099243,6045.0,6507.565217391304
1084,46,4,P4,46,5.487500000000001e-05,0.005684794276021421,3724.0,3725.0,22.71235680580139,1.4638051986694336,24.176162004470825,3655.0,3794.0652173913045
1085,46,5,P5,46,5.4833333333333336e-05,-0.021941347047686577,4222.0,4222.0,24.617063760757446,1.6051476001739502,26.222211360931396,4202.0,4324.413043478261
1086,46,6,P6,46,5.4791666666666666e-05,-0.003363016410730779,4103.0,3977.0,25.93366003036499,1.6707117557525635,27.604371786117554,3957.0,4127.695652173913
1087,46,7,P7,46,5.475e-05,-0.017973049776628613,5917.0,6007.0,37.59178805351257,2.4200143814086914,40.011802434921265,5810.0,6144.891304347826
1088,46,8,P8,46,5.470833333333334e-05,0.010173318558372557,6121.0,6037.0,32.93263840675354,2.1338000297546387,35.06643843650818,5670.0,6057.565217391304
1089,46,9,P9,46,5.466666666666666e-05,0.007952863757964224,5946.0,5796.0,31.33164119720459,2.032221555709839,33.36386275291443,5340.0,5838.0
1090,46,10,P10,46,5.4625000000000006e-05,-0.006142325000837445,5580.0,5605.0,20.0018253326416,1.3327414989471436,21.334566831588745,5458.0,5768.630434782609
1091,46,11,P11,46,5.458333333333334e-05,0.001826084258937044,11434.0,11372.0,38.52468824386597,2.53955340385437,41.06424164772034,11372.0,11476.91304347826
1092,46,12,P12,46,5.4541666666666667e-05,-0.0036777349159820005,11883.0,11855.0,46.02436566352844,3.0442469120025635,49.068612575531006,11842.0,12338.847826086956
1093,46,13,P13,46,5.4499999999999997e-05,0.0031378389758174308,19715.0,19615.0,108.15249919891357,7.965343952178955,116.11784315109253,19375.0,20293.152173913044
1094,46,14,P14,46,5.4458333333333333e-05,-0.0021090627560624853,21762.0,21755.0,109.20114207267761,7.98723840713501,117.18838047981262,21611.0,22394.521739130436
1095,46,15,P15,46,5.441666666666667e-05,0.0022114088278613053,20238.0,20100.0,112.03200960159302,8.294430017471313,120.32643961906433,19949.0,20778.869565217392
1096,46,16,P16,46,5.4375e-05,0.0014025610958924516,20769.0,20618.0,136.0140905380249,10.263339757919312,146.2774302959442,20439.0,21145.347826086956
1097,46,17,P17,46,5.433333333333334e-05,0.0025258123700041325,21199.0,21083.0,137.5087878704071,10.439435720443726,147.94822359085083,20821.0,21806.91304347826
1098,46,18,P18,46,5.4291666666666674e-05,-0.005013614194467664,20279.0,20445.0,127.49361443519592,9.640352725982666,137.1339671611786,20176.0,21115.17391304348
1099,46,19,P19,46,5.4250000000000004e-05,0.005188054405152798,23641.0,23491.0,132.4057810306549,10.2055082321167,142.6112892627716,23213.0,24262.32608695652
1100,46,20,P20,46,5.420833333333333e-05,-0.0026570467627607284,22820.0,22990.0,141.85096836090088,11.00507640838623,152.8560447692871,22790.0,23737.739130434784
1101,46,21,P21,46,5.416666666666668e-05,0.0016288768965750933,23985.0,23915.0,149.90069603919983,11.651686429977417,161.55238246917725,23628.0,24703.67391304348
1102,46,22,P22,46,5.4125e-05,-0.0004764425444591325,23543.0,23307.0,149.49614930152893,11.526754140853882,161.0229034423828,23280.0,24081.0
1103,46,23,P23,46,5.408333333333333e-05,0.0039474975617070284,34951.0,36628.0,195.12493205070496,15.388683080673218,210.51361513137817,34558.0,36251.30434782609
1104,46,24,P24,46,5.404166666666667e-05,-0.005927373585291207,23832.0,24009.0,134.0189666748047,10.485202550888062,144.50416922569275,23714.0,24524.978260869564
1105,47,1,P1,47,5.4000000000000005e-05,-0.0062127046985551715,6215.0,6239.0,31.34485650062561,2.082974910736084,33.427831411361694,5872.0,6328.212765957447
1106,47,2,P2,47,5.3958333333333335e-05,0.0067649795091710985,8711.0,8494.0,40.205294609069824,2.6513640880584717,42.856658697128296,8124.0,8828.170212765957
1107,47,3,P3,47,5.391666666666667e-05,0.02176513324957341,7016.0,6676.0,28.76838517189026,1.879347562789917,30.647732734680176,6045.0,6511.148936170212
1108,47,4,P4,47,5.387500000000001e-05,0.012066209455952048,3763.0,3745.0,22.471606492996216,1.4623355865478516,23.933942079544067,3655.0,3793.021276595745
1109,47,5,P5,47,5.383333333333334e-05,-0.023125492502003908,4222.0,4202.0,24.57401394844055,1.596405267715454,26.170419216156006,4202.0,4321.808510638298
1110,47,6,P6,47,5.379166666666666e-05,-0.014984828187152743,3988.0,4023.0,25.652100801467896,1.6661343574523926,27.318235158920288,3957.0,4125.468085106383
1111,47,7,P7,47,5.375e-05,-0.005249977140920237,5765.0,5926.0,37.788374185562134,2.435410737991333,40.22378492355347,5810.0,6140.234042553191
1112,47,8,P8,47,5.3708333333333336e-05,0.011053570662625134,5997.0,5661.0,33.45284581184387,2.1728315353393555,35.62567734718323,5661.0,6049.127659574468
1113,47,9,P9,47,5.3666666666666666e-05,-0.0114188032457605,5500.0,5467.0,31.710580110549927,2.06813645362854,33.77871656417847,5340.0,5830.106382978724
1114,47,10,P10,47,5.3625e-05,-0.01530440989881754,5601.0,5525.0,20.30536675453186,1.3346869945526123,21.640053749084473,5458.0,5763.446808510638
1115,47,11,P11,47,5.358333333333334e-05,0.00162101933528902,11372.0,11446.0,38.4995596408844,2.5497517585754395,41.04931139945984,11372.0,11476.255319148937
1116,47,12,P12,47,5.354166666666667e-05,0.0065317858825437725,12055.0,11945.0,45.944130420684814,3.0624403953552246,49.00657081604004,11842.0,12330.468085106382
1117,47,13,P13,47,5.349999999999999e-05,0.0019575213955249637,19645.0,19584.0,107.89141273498535,7.983276844024658,115.87468957901001,19375.0,20278.063829787236
1118,47,14,P14,47,5.345833333333334e-05,-0.002129439548298251,21833.0,21670.0,109.02821183204651,8.033533811569214,117.06174564361572,21611.0,22379.106382978724
1119,47,15,P15,47,5.341666666666667e-05,0.003308229410322383,20292.0,20621.0,112.36098575592041,8.275964498519897,120.63695025444031,19949.0,20775.510638297874
1120,47,16,P16,47,5.3374999999999996e-05,2.677320098882774e-05,20760.0,20532.0,136.52579021453857,10.305703401565552,146.83149361610413,20439.0,21132.297872340427
1121,47,17,P17,47,5.333333333333333e-05,0.0012969856536074076,21282.0,21243.0,138.24793815612793,10.46554160118103,148.71347975730896,20821.0,21794.91489361702
1122,47,18,P18,47,5.329166666666667e-05,-0.0037025338388048112,20449.0,20382.0,127.94294238090515,9.685017347335815,137.62795972824097,20176.0,21099.574468085106
1123,47,19,P19,47,5.325e-05,0.0036989920074120162,23288.0,23515.0,132.40665006637573,10.252039909362793,142.65868997573853,23213.0,24246.425531914894
1124,47,20,P20,47,5.320833333333334e-05,-4.0341582825931253e-05,22990.0,23329.0,142.06299710273743,11.09901213645935,153.16200923919678,22790.0,23729.042553191488
1125,47,21,P21,47,5.3166666666666674e-05,0.001813148634391837,24143.0,23728.0,150.20828819274902,11.689790725708008,161.89807891845703,23628.0,24682.91489361702
1126,47,22,P22,47,5.3125000000000004e-05,0.002255907520884648,24431.0,23744.0,150.12781286239624,11.648677587509155,161.7764904499054,23280.0,24073.82978723404
1127,47,23,P23,47,5.308333333333333e-05,-0.005955051098551069,32868.0,36273.0,198.44103598594666,15.523735761642456,213.9647717475891,34558.0,36251.765957446805
1128,47,24,P24,47,5.3041666666666664e-05,-0.0005831105565448525,24286.0,24094.0,135.5308837890625,10.56408143043518,146.09496521949768,23714.0,24515.808510638297
1129,48,1,P1,48,5.300000000000001e-05,-0.011326126172207296,6328.0,6184.0,31.43648409843445,2.0797410011291504,33.5162250995636,5872.0,6325.208333333333
1130,48,2,P2,48,5.295833333333333e-05,0.003215153090422973,8713.0,8282.0,40.17215847969055,2.6736576557159424,42.845816135406494,8124.0,8816.791666666666
1131,48,3,P3,48,5.291666666666667e-05,0.02148795546963811,6947.0,6530.0,28.815916061401367,1.8894379138946533,30.70535397529602,6045.0,6511.541666666667
1132,48,4,P4,48,5.2875000000000005e-05,-0.006066431058570743,3762.0,3711.0,22.46595597267151,1.4684367179870605,23.93439269065857,3655.0,3791.3125
1133,48,5,P5,48,5.2833333333333335e-05,-0.01173572731204331,4237.0,4202.0,24.630942344665527,1.6093089580535889,26.240251302719116,4202.0,4319.3125
1134,48,6,P6,48,5.2791666666666665e-05,-0.0102890538983047,4057.0,4002.0,25.945255041122437,1.6968965530395508,27.642151594161987,3957.0,4122.895833333333
1135,48,7,P7,48,5.275000000000001e-05,0.001367231067888497,5862.0,5974.0,38.02587628364563,2.4496071338653564,40.475483417510986,5810.0,6136.770833333333
1136,48,8,P8,48,5.270833333333334e-05,0.0031463278719456866,5657.0,5647.0,33.535396575927734,2.188833236694336,35.72422981262207,5647.0,6040.75
1137,48,9,P9,48,5.266666666666666e-05,-0.0028069942636648193,5448.0,5446.0,31.635565280914307,2.0575602054595947,33.6931254863739,5340.0,5822.104166666667
1138,48,10,P10,48,5.2625000000000005e-05,0.006488540908321738,5684.0,5684.0,20.198673725128174,1.3333377838134766,21.53201150894165,5458.0,5761.791666666667
1139,48,11,P11,48,5.258333333333334e-05,-0.01260009640827775,11389.0,11389.0,38.35371208190918,2.544877052307129,40.89858913421631,11372.0,11474.4375
1140,48,12,P12,48,5.2541666666666665e-05,0.016071949852630496,12135.0,12024.0,46.14057374000549,3.0719237327575684,49.21249747276306,11842.0,12324.083333333334
1141,48,13,P13,48,5.25e-05,0.0009659165898483479,19816.0,19526.0,108.1621561050415,7.986102104187012,116.14825820922852,19375.0,20262.395833333332
1142,48,14,P14,48,5.2458333333333346e-05,-0.00024976549502753187,21890.0,21728.0,109.59045243263245,8.04650330543518,117.63695573806763,21611.0,22365.541666666668
1143,48,15,P15,48,5.241666666666667e-05,-1.789993439160753e-05,20329.0,20185.0,112.86710262298584,8.322738647460938,121.18984127044678,19949.0,20763.208333333332
1144,48,16,P16,48,5.2375e-05,-0.0006978743376748753,20989.0,20477.0,137.09111738204956,10.389119148254395,147.48023653030396,20439.0,21118.645833333332
1145,48,17,P17,48,5.2333333333333336e-05,-0.00204023371625226,21083.0,20998.0,138.24906659126282,10.318978309631348,148.56804490089417,20821.0,21778.3125
1146,48,18,P18,48,5.229166666666667e-05,-0.0022189557435922324,20421.0,20400.0,128.5782871246338,9.650033473968506,138.2283205986023,20176.0,21085.0
1147,48,19,P19,48,5.2249999999999996e-05,0.002572435012552887,23119.0,23324.0,132.56463885307312,10.268006086349487,142.8326449394226,23213.0,24227.208333333332
1148,48,20,P20,48,5.220833333333334e-05,0.00023254964180523529,22983.0,22896.0,142.59875583648682,11.096681356430054,153.69543719291687,22790.0,23711.6875
1149,48,21,P21,48,5.2166666666666677e-05,0.002572860475629568,24121.0,23880.0,150.789297580719,11.733367443084717,162.5226650238037,23628.0,24666.1875
1150,48,22,P22,48,5.2125e-05,-0.0015875675017014146,23779.0,23763.0,150.04412817955017,11.713937044143677,161.75806522369385,23280.0,24067.354166666668
1151,48,23,P23,48,5.208333333333333e-05,-0.0006144282758344031,33001.0,32708.0,197.92805123329163,15.630174398422241,213.55822563171387,32708.0,36177.9375
1152,48,24,P24,48,5.204166666666668e-05,0.0008810664119664579,24246.0,23865.0,135.03451991081238,10.562450647354126,145.5969705581665,23714.0,24502.25
1153,49,1,P1,49,5.2000000000000004e-05,-0.01591979619115591,6112.0,6186.0,31.548653602600098,2.0686521530151367,33.617305755615234,5872.0,6322.367346938776
1154,49,2,P2,49,5.1958333333333334e-05,0.021381442667916417,8708.0,8494.0,40.348068952560425,2.6303176879882812,42.978386640548706,8124.0,8810.204081632653
1155,49,3,P3,49,5.191666666666667e-05,0.007654467830434442,6890.0,6530.0,28.539716005325317,1.8886675834655762,30.428383588790894,6045.0,6511.918367346939
1156,49,4,P4,49,5.187500000000001e-05,-0.018043855670839548,3703.0,3758.0,22.539079189300537,1.4699342250823975,24.009013414382935,3655.0,3790.6326530612246
1157,49,5,P5,49,5.183333333333333e-05,0.00209560216171667,4277.0,4202.0,24.754094123840332,1.6279120445251465,26.38200616836548,4202.0,4316.918367346939
1158,49,6,P6,49,5.1791666666666674e-05,0.0012368073803372681,4060.0,4037.0,26.05993366241455,1.6964056491851807,27.75633931159973,3957.0,4121.142857142857
1159,49,7,P7,49,5.175000000000001e-05,-0.001980280052521266,5887.0,5897.0,37.89952111244202,2.443254232406616,40.34277534484863,5810.0,6131.877551020408
1160,49,8,P8,49,5.1708333333333334e-05,0.000299596495096921,5737.0,5647.0,33.802517890930176,2.206772804260254,36.00929069519043,5647.0,6032.714285714285
1161,49,9,P9,49,5.1666666666666664e-05,0.002431812281429302,5509.0,5896.0,31.509363174438477,2.0419483184814453,33.55131149291992,5340.0,5823.6122448979595
1162,49,10,P10,49,5.1625e-05,-0.010423942934721708,5616.0,5594.0,20.041282176971436,1.3170738220214844,21.35835599899292,5458.0,5758.367346938776
1163,49,11,P11,49,5.158333333333334e-05,-0.01562974287662655,11389.0,11389.0,38.21181011199951,2.5500528812408447,40.761862993240356,11372.0,11472.69387755102
1164,49,12,P12,49,5.154166666666667e-05,0.02585613587871194,12255.0,11975.0,46.178757667541504,3.0797433853149414,49.258501052856445,11842.0,12316.959183673469
1165,49,13,P13,49,5.1500000000000005e-05,0.0036183231277391315,19630.0,19556.0,108.02229952812195,8.030355215072632,116.05265474319458,19375.0,20247.979591836734
1166,49,14,P14,49,5.145833333333334e-05,-0.00045940815516587463,21934.0,21755.0,109.18672561645508,8.071639776229858,117.25836539268494,21611.0,22353.081632653062
1167,49,15,P15,49,5.141666666666667e-05,0.0003544890505509102,20274.0,20205.0,112.66896533966064,8.342199325561523,121.01116466522217,19949.0,20751.816326530614
1168,49,16,P16,49,5.1374999999999995e-05,-0.002372915291925892,20985.0,20684.0,136.32385206222534,10.36933708190918,146.69318914413452,20439.0,21109.775510204083
1169,49,17,P17,49,5.133333333333333e-05,-0.0016269831219688057,21116.0,21473.0,138.0789794921875,10.31526780128479,148.3942472934723,20821.0,21772.081632653062
1170,49,18,P18,49,5.129166666666667e-05,-0.0005217487214395078,20589.0,20389.0,127.61835670471191,9.685207843780518,137.30356454849243,20176.0,21070.79591836735
1171,49,19,P19,49,5.125e-05,0.0034222782123833895,23229.0,23391.0,132.068293094635,10.249151468276978,142.317444562912,23213.0,24210.14285714286
1172,49,20,P20,49,5.1208333333333336e-05,0.0006962877285332069,23129.0,23094.0,142.34191870689392,11.096668720245361,153.43858742713928,22790.0,23699.081632653062
1173,49,21,P21,49,5.116666666666667e-05,0.0008778138333582319,24003.0,23973.0,150.7180199623108,11.790262222290039,162.50828218460083,23628.0,24652.04081632653
1174,49,22,P22,49,5.1125e-05,9.216303769790101e-05,24048.0,23805.0,87.02876329421997,4.669172525405884,91.69793581962585,23280.0,24062.0
1175,49,23,P23,49,5.1083333333333326e-05,0.00048707826915363384,33531.0,34778.0,77.50323486328125,6.313737392425537,83.81697225570679,32708.0,36149.36734693877
1176,49,24,P24,49,5.1041666666666676e-05,-0.0022385730859241447,24371.0,24114.0,51.951356410980225,4.184798717498779,56.136155128479004,23714.0,24494.326530612245
1177,50,1,P1,50,5.1000000000000006e-05,-0.005153732956387103,6532.0,6319.0,12.044504880905151,0.8266546726226807,12.871159553527832,5872.0,6322.3
1178,50,2,P2,50,5.095833333333333e-05,-0.014463942032307386,8494.0,8494.0,15.452702283859253,1.0423133373260498,16.495015621185303,8124.0,8803.88
1179,50,3,P3,50,5.0916666666666666e-05,0.028102199314162135,6880.0,6676.0,11.015532493591309,0.7432091236114502,11.758741617202759,6045.0,6515.2
1180,50,4,P4,50,5.0875e-05,0.013226717943325639,3786.0,3791.0,8.665032148361206,0.5921876430511475,9.257219791412354,3655.0,3790.64
1181,50,5,P5,50,5.0833333333333333e-05,-0.012661426095291972,4217.0,4202.0,9.585932731628418,0.6423962116241455,10.228328943252563,4202.0,4314.62
1182,50,6,P6,50,5.079166666666667e-05,-0.016265790443867445,3997.0,4055.0,9.87494444847107,0.6558763980865479,10.530820846557617,3957.0,4119.82
1183,50,7,P7,50,5.075000000000001e-05,-0.005944124422967434,5924.0,5905.0,14.272996187210083,0.9574942588806152,15.230490446090698,5810.0,6127.34
1184,50,8,P8,50,5.070833333333334e-05,0.0076426168088801205,5862.0,5952.0,12.627924680709839,0.848468542098999,13.476393222808838,5647.0,6031.1
1185,50,9,P9,50,5.066666666666666e-05,0.004794317617779598,5722.0,5896.0,12.234315633773804,0.7961435317993164,13.03045916557312,5340.0,5825.06
1186,50,10,P10,50,5.0625e-05,-0.030171751510351896,5594.0,5587.0,8.05294394493103,0.5437567234039307,8.596700668334961,5458.0,5754.94
1187,50,11,P11,50,5.058333333333334e-05,-0.025602676905691624,11434.0,11434.0,15.371360301971436,1.0351455211639404,16.406505823135376,11372.0,11471.92
1188,50,12,P12,50,5.0541666666666664e-05,0.020834587514400482,12028.0,11924.0,18.047872304916382,1.227078914642334,19.274951219558716,11842.0,12309.1
1189,50,13,P13,50,5.05e-05,0.018855508067645133,19618.0,19560.0,41.52661633491516,3.143305540084839,44.669921875,19375.0,20234.22
1190,50,14,P14,50,5.045833333333334e-05,-0.007849076646380126,22038.0,21762.0,42.33754086494446,3.4420502185821533,45.77959108352661,21611.0,22341.26
1191,50,15,P15,50,5.041666666666667e-05,0.002252879163279431,20094.0,20196.0,43.507901668548584,3.3401708602905273,46.84807252883911,19949.0,20740.7
1192,50,16,P16,50,5.037499999999999e-05,-0.002355579729191959,20781.0,20633.0,52.91469073295593,4.130632400512695,57.04532313346863,20439.0,21100.24
1193,50,17,P17,50,5.033333333333334e-05,-2.4452810794173275e-05,21009.0,21075.0,53.658974170684814,4.208670139312744,57.86764430999756,20821.0,21758.14
1194,50,18,P18,50,5.029166666666667e-05,-0.00046278620866360145,20441.0,20501.0,49.863566875457764,4.070465326309204,53.93403220176697,20176.0,21059.4
1195,50,19,P19,50,5.0249999999999995e-05,0.003030728158773854,23421.0,22915.0,52.9323046207428,4.241214036941528,57.173518657684326,22915.0,24184.24
1196,50,20,P20,50,5.020833333333333e-05,-0.0008113760413834825,22977.0,22968.0,54.64051365852356,4.467612266540527,59.10812592506409,22790.0,23684.46
1197,50,21,P21,50,5.0166666666666675e-05,0.003027295880019665,24269.0,23850.0,59.56203889846802,4.652945518493652,64.21498441696167,23628.0,24636.0
1198,50,22,P22,50,5.0125e-05,5.1557151527958923e-05,24105.0,23835.0,57.68565607070923,4.723989248275757,62.409645318984985,23280.0,24057.46
1199,50,23,P23,50,5.0083333333333335e-05,-0.0022782803488163544,33127.0,32792.0,77.31547355651855,6.352099180221558,83.66757273674011,32708.0,36082.22
1200,50,24,P24,50,5.004166666666667e-05,-0.00022444890419137664,24343.0,23936.0,53.418622732162476,4.383162975311279,57.801785707473755,23714.0,24483.16
1201,51,1,P1,51,5e-05,-0.01938143977895379,6320.0,6292.0,12.322919368743896,0.8328163623809814,13.155735731124878,5872.0,6321.705882352941
1202,51,2,P2,51,4.995833333333334e-05,0.0019297374092275277,8711.0,8716.0,15.641818523406982,1.0715043544769287,16.71332287788391,8124.0,8802.156862745098
1203,51,3,P3,51,4.991666666666667e-05,0.01880832458846271,7080.0,6506.0,10.941701173782349,0.7420012950897217,11.68370246887207,6045.0,6515.019607843137
1204,51,4,P4,51,4.9875000000000006e-05,0.007253187475726008,3714.0,3703.0,8.505029916763306,0.5709049701690674,9.075934886932373,3655.0,3788.921568627451
1205,51,5,P5,51,4.983333333333333e-05,-0.008266013581305742,4222.0,4202.0,9.39471983909607,0.6296334266662598,10.024353265762329,4202.0,4312.411764705882
1206,51,6,P6,51,4.979166666666667e-05,-0.00622113177087158,3997.0,3977.0,9.839853763580322,0.6524944305419922,10.492348194122314,3957.0,4117.019607843137
1207,51,7,P7,51,4.975000000000001e-05,-0.003292543871793896,5913.0,5980.0,14.460256576538086,0.9535887241363525,15.413845300674438,5810.0,6124.450980392156
1208,51,8,P8,51,4.970833333333333e-05,0.005833194532897323,5727.0,5687.0,12.79059886932373,0.9380278587341309,13.728626728057861,5647.0,6024.35294117647
1209,51,9,P9,51,4.966666666666667e-05,-0.0076710738794645295,5387.0,5366.0,12.38111400604248,0.7975397109985352,13.178653717041016,5340.0,5816.058823529412
1210,51,10,P10,51,4.9625e-05,-0.018303940538316965,5587.0,5587.0,7.8326332569122314,0.5236630439758301,8.356296300888062,5458.0,5751.64705882353
1211,51,11,P11,51,4.958333333333334e-05,-0.018344235373660922,11434.0,11389.0,14.736706018447876,0.9906401634216309,15.727346181869507,11372.0,11470.29411764706
1212,51,12,P12,51,4.954166666666667e-05,0.018450592877343297,12165.0,12055.0,17.808364391326904,1.2002859115600586,19.008650302886963,11842.0,12304.117647058823
1213,51,13,P13,51,4.9500000000000004e-05,0.026601991266943514,19785.0,19402.0,41.56316089630127,3.170290231704712,44.73345112800598,19375.0,20217.901960784315
1214,51,14,P14,51,4.945833333333334e-05,-0.012505035439971834,21900.0,21755.0,42.37182307243347,3.242568016052246,45.61439108848572,21611.0,22329.764705882353
1215,51,15,P15,51,4.9416666666666664e-05,0.0019228127857786603,20424.0,20006.0,44.266786098480225,3.371894121170044,47.63868021965027,19949.0,20726.29411764706
1216,51,16,P16,51,4.937500000000001e-05,-0.006449800916016102,20656.0,20651.0,53.78971982002258,4.286681890487671,58.076401710510254,20439.0,21091.43137254902
1217,51,17,P17,51,4.933333333333333e-05,0.003273948340211064,21213.0,21083.0,53.7419810295105,4.152760982513428,57.894742012023926,20821.0,21744.901960784315
1218,51,18,P18,51,4.929166666666667e-05,-0.002949464239645749,20455.0,20415.0,49.10081887245178,4.1582863330841064,53.25910520553589,20176.0,21046.764705882353
1219,51,19,P19,51,4.9250000000000004e-05,0.004642386455088854,23146.0,22926.0,51.744990825653076,4.1513237953186035,55.89631462097168,22915.0,24159.56862745098
1220,51,20,P20,51,4.9208333333333335e-05,-0.002376209123758599,22911.0,23196.0,54.77308416366577,4.421288013458252,59.19437217712402,22790.0,23674.882352941175
1221,51,21,P21,51,4.916666666666667e-05,0.0037991749413777143,23896.0,23876.0,58.93758416175842,4.774978399276733,63.712562561035156,23628.0,24621.098039215685
1222,51,22,P22,51,4.9125e-05,-0.0026062151067890228,23804.0,23679.0,58.876826763153076,4.89338231086731,63.770209074020386,23280.0,24050.039215686276
1223,51,23,P23,51,4.908333333333334e-05,0.0014402934201435918,32766.0,32847.0,77.21120309829712,6.158016920089722,83.36922001838684,32708.0,36018.78431372549
1224,51,24,P24,51,4.904166666666666e-05,0.00023375603668682743,24282.0,23804.0,52.886444330215454,4.49479079246521,57.381235122680664,23714.0,24469.843137254902
1225,52,1,P1,52,4.9e-05,-0.01886735251173377,6252.0,6292.0,12.091810941696167,0.809856653213501,12.901667594909668,5872.0,6321.134615384615
1226,52,2,P2,52,4.895833333333334e-05,0.000855617211527715,8484.0,8716.0,15.270416498184204,1.0226809978485107,16.293097496032715,8124.0,8800.5
1227,52,3,P3,52,4.8916666666666665e-05,0.028743332950398326,6958.0,6452.0,10.95179295539856,0.7423429489135742,11.694135904312134,6045.0,6513.807692307692
1228,52,4,P4,52,4.8875e-05,0.0028110783314332366,3737.0,3746.0,8.55305814743042,0.5972805023193359,9.150338649749756,3655.0,3788.096153846154
1229,52,5,P5,52,4.883333333333333e-05,-0.009260448394343257,4227.0,4222.0,9.449714660644531,0.6311953067779541,10.080909967422485,4202.0,4310.673076923077
1230,52,6,P6,52,4.879166666666667e-05,-0.013320486061275005,3985.0,4067.0,9.86850643157959,0.653024435043335,10.521530866622925,3957.0,4116.057692307692
1231,52,7,P7,52,4.8750000000000006e-05,-0.009217250626534224,5917.0,5947.0,14.356142520904541,0.9527072906494141,15.308849811553955,5810.0,6121.038461538462
1232,52,8,P8,52,4.8708333333333336e-05,0.007300335972104222,5952.0,5707.0,12.54758334159851,0.8423283100128174,13.389911651611328,5647.0,6018.25
1233,52,9,P9,52,4.866666666666667e-05,-0.002656865553035459,5370.0,5360.0,12.134002685546875,0.8059942722320557,12.93999695777893,5340.0,5807.288461538462
1234,52,10,P10,52,4.8624999999999996e-05,-0.010198856238275766,5687.0,5639.0,7.6470324993133545,0.5328445434570312,8.179877042770386,5458.0,5749.4807692307695
1235,52,11,P11,52,4.858333333333333e-05,-0.02898066327907145,11372.0,11389.0,14.884956359863281,1.0155458450317383,15.90050220489502,11372.0,11468.73076923077
1236,52,12,P12,52,4.8541666666666677e-05,0.019335129531100392,12148.0,12124.0,17.89211392402649,1.2407112121582031,19.132825136184692,11842.0,12300.653846153846
1237,52,13,P13,52,4.85e-05,0.024058112408965826,19615.0,19718.0,42.196534633636475,3.242558717727661,45.439093351364136,19375.0,20208.28846153846
1238,52,14,P14,52,4.845833333333334e-05,-0.009095501736737788,21929.0,22075.0,44.06055927276611,3.332102060317993,47.392661333084106,21611.0,22324.865384615383
1239,52,15,P15,52,4.841666666666667e-05,-0.0028274987125769258,20043.0,19869.0,43.60597538948059,3.300812244415283,46.906787633895874,19869.0,20709.80769230769
1240,52,16,P16,52,4.8375000000000004e-05,-0.004560762562323362,20825.0,20617.0,53.29295063018799,4.418724775314331,57.71167540550232,20439.0,21082.30769230769
1241,52,17,P17,52,4.8333333333333334e-05,2.7497837254486513e-05,20905.0,20626.0,53.22937750816345,4.237095355987549,57.466472864151,20626.0,21723.384615384617
1242,52,18,P18,52,4.829166666666667e-05,-0.00040120332814694846,20535.0,20259.0,49.27646493911743,3.843111515045166,53.1195764541626,20176.0,21031.615384615383
1243,52,19,P19,52,4.825000000000001e-05,0.003291680943220854,22980.0,23013.0,51.36415100097656,4.136616230010986,55.50076723098755,22915.0,24137.51923076923
1244,52,20,P20,52,4.820833333333333e-05,-0.0008087885023996932,22791.0,22960.0,55.44019937515259,4.711979389190674,60.15217876434326,22790.0,23661.134615384617
1245,52,21,P21,52,4.8166666666666674e-05,0.004215588746592403,23980.0,23822.0,58.701972246170044,4.599581480026245,63.30155372619629,23628.0,24605.73076923077
1246,52,22,P22,52,4.8125e-05,-0.004183570889290422,23605.0,23572.0,57.73732376098633,5.040515422821045,62.77783918380737,23280.0,24040.846153846152
1247,52,23,P23,52,4.8083333333333334e-05,0.005281854429215725,33203.0,33009.0,77.3262255191803,6.2944769859313965,83.6207025051117,32708.0,35960.903846153844
1248,52,24,P24,52,4.804166666666667e-05,-0.0029570534476079046,24138.0,23910.0,52.03339219093323,4.265342712402344,56.29873490333557,23714.0,24459.076923076922
1249,53,1,P1,53,4.8e-05,-0.0275956685654819,6012.0,6171.0,12.119070053100586,0.8314564228057861,12.950526475906372,5872.0,6318.301886792453
1250,53,2,P2,53,4.795833333333334e-05,0.003463317232672125,8360.0,8274.0,15.59917950630188,1.0362088680267334,16.635388374328613,8124.0,8790.566037735849
1251,53,3,P3,53,4.791666666666667e-05,0.023848166805692017,6947.0,6530.0,11.18681812286377,0.7632579803466797,11.95007610321045,6045.0,6514.11320754717
1252,53,4,P4,53,4.7875000000000005e-05,0.023105056956410408,3779.0,3769.0,8.61257028579712,0.5889570713043213,9.20152735710144,3655.0,3787.735849056604
1253,53,5,P5,53,4.783333333333334e-05,0.009318590397015214,4277.0,4222.0,13.842872858047485,0.9737727642059326,14.816645622253418,4202.0,4309.0
1254,53,6,P6,53,4.7791666666666665e-05,-0.003708903444930911,4095.0,4145.0,9.798457145690918,0.6601753234863281,10.458632469177246,3957.0,4116.603773584906
1255,53,7,P7,53,4.775000000000001e-05,-0.008445618499536067,5923.0,5961.0,14.903524398803711,1.0073578357696533,15.910882234573364,5810.0,6118.018867924528
1256,53,8,P8,53,4.770833333333333e-05,-0.01060248154681176,5748.0,5677.0,24.039523363113403,2.198503017425537,26.23802638053894,5647.0,6011.811320754717
1257,53,9,P9,53,4.766666666666667e-05,0.006275041319895536,5481.0,5397.0,31.177862644195557,2.039142608642578,33.217005252838135,5340.0,5799.547169811321
1258,53,10,P10,53,4.7625e-05,-0.01830505719408393,5650.0,5650.0,20.082924127578735,1.325361967086792,21.408286094665527,5458.0,5747.603773584906
1259,53,11,P11,53,4.7583333333333336e-05,-0.03504431899636984,11389.0,11389.0,38.2924108505249,2.5407612323760986,40.833172082901,11372.0,11467.22641509434
1260,53,12,P12,53,4.754166666666667e-05,0.015119333984330297,12322.0,12271.0,45.98884415626526,3.0612828731536865,49.050127029418945,11842.0,12300.094339622641
1261,53,13,P13,53,4.75e-05,0.025012535392306745,19654.0,19800.0,108.57149386405945,8.02695083618164,116.59844470024109,19375.0,20200.584905660377
1262,53,14,P14,53,4.745833333333334e-05,-0.008047413226449862,22034.0,21877.0,110.01624536514282,8.05933952331543,118.07558488845825,21611.0,22316.415094339623
1263,53,15,P15,53,4.741666666666666e-05,-0.003934173073503189,20121.0,19957.0,112.75482201576233,8.372317552566528,121.12713956832886,19869.0,20695.603773584906
1264,53,16,P16,53,4.7375e-05,-0.006330959196202457,20892.0,20503.0,136.46387815475464,10.292518854141235,146.75639700889587,20439.0,21071.377358490565
1265,53,17,P17,53,4.733333333333334e-05,0.0017856180347735062,20781.0,20764.0,138.6216917037964,10.515089511871338,149.13678121566772,20626.0,21705.283018867925
1266,53,18,P18,53,4.7291666666666666e-05,0.0001790576112398412,20502.0,20315.0,127.79471373558044,9.692267417907715,137.48698115348816,20176.0,21018.094339622643
1267,53,19,P19,53,4.725e-05,0.0014958214916987345,22887.0,23137.0,132.02825951576233,10.228830814361572,142.2570903301239,22915.0,24118.64150943396
1268,53,20,P20,53,4.720833333333333e-05,-0.0005955734897725052,22886.0,22960.0,142.32137632369995,11.069428205490112,153.39080452919006,22790.0,23647.905660377357
1269,53,21,P21,53,4.716666666666667e-05,0.0049528987728990614,24004.0,24065.0,150.12211394309998,11.732768774032593,161.85488271713257,23628.0,24595.528301886792
1270,53,22,P22,53,4.7125e-05,-0.004775556072127074,23604.0,23809.0,149.62426733970642,11.711684703826904,161.33595204353333,23280.0,24036.471698113208
1271,53,23,P23,53,4.708333333333334e-05,0.005846826035329806,33851.0,34591.0,199.43649625778198,15.68053674697876,215.11703300476074,32708.0,35935.056603773584
1272,53,24,P24,53,4.7041666666666674e-05,-0.0031928682001307607,24194.0,23713.0,134.76220798492432,10.573795080184937,145.33600306510925,23713.0,24445.0
1273,54,1,P1,54,4.7e-05,-0.02001772541552782,5916.0,5916.0,31.820448875427246,2.0882670879364014,33.90871596336365,5872.0,6310.851851851852
1274,54,2,P2,54,4.695833333333334e-05,0.004141729383263737,8435.0,8442.0,40.646626234054565,2.674345016479492,43.32097125053406,8124.0,8784.111111111111
1275,54,3,P3,54,4.6916666666666664e-05,0.0029961014806758612,6826.0,6880.0,28.601624488830566,1.8791389465332031,30.48076343536377,6045.0,6520.888888888889
1276,54,4,P4,54,4.6875e-05,0.026897534262388945,3760.0,3726.0,22.441318035125732,1.4658887386322021,23.907206773757935,3655.0,3786.5925925925926
1277,54,5,P5,54,4.683333333333334e-05,0.018775335978716612,4237.0,4222.0,24.8690984249115,1.6181418895721436,26.487240314483643,4202.0,4307.388888888889
1278,54,6,P6,54,4.679166666666667e-05,0.014590980252251029,4080.0,4080.0,25.671026706695557,1.6770520210266113,27.348078727722168,3957.0,4115.925925925926
1279,54,7,P7,54,4.6750000000000005e-05,-0.005922646960243583,5928.0,5937.0,37.969610929489136,2.458078622817993,40.42768955230713,5810.0,6114.666666666667
1280,54,8,P8,54,4.6708333333333335e-05,-0.010423058294691145,5650.0,5687.0,33.47553873062134,2.182433605194092,35.65797233581543,5647.0,6005.7962962962965
1281,54,9,P9,54,4.666666666666667e-05,-0.001786245703442546,5519.0,5775.0,31.538013696670532,2.039442539215088,33.57745623588562,5340.0,5799.092592592592
1282,54,10,P10,54,4.662500000000001e-05,-0.012792878318578005,5680.0,5639.0,20.12443971633911,1.3344287872314453,21.458868503570557,5458.0,5745.592592592592
1283,54,11,P11,54,4.658333333333333e-05,-0.026165104703977704,11372.0,11372.0,38.43318176269531,2.542090654373169,40.97527241706848,11372.0,11465.462962962964
1284,54,12,P12,54,4.6541666666666675e-05,0.006490169616881758,12147.0,12175.0,45.87813854217529,2.913393497467041,48.791532039642334,11842.0,12297.777777777777
1285,54,13,P13,54,4.65e-05,0.02408112119883299,19799.0,19622.0,108.99960613250732,8.035188436508179,117.0347945690155,19375.0,20189.87037037037
1286,54,14,P14,54,4.6458333333333335e-05,-0.005355813700589351,21786.0,21900.0,109.45309901237488,8.066354036331177,117.51945304870605,21611.0,22308.703703703704
1287,54,15,P15,54,4.6416666666666666e-05,-0.004774319590069354,20083.0,19951.0,112.81293773651123,8.393485069274902,121.20642280578613,19869.0,20681.814814814814
1288,54,16,P16,54,4.6375e-05,-0.0042815894121304154,20563.0,20460.0,136.34046840667725,10.415799617767334,146.75626802444458,20439.0,21060.055555555555
1289,54,17,P17,54,4.633333333333334e-05,-0.0004540976482530823,20921.0,20835.0,138.17767715454102,10.327293395996094,148.5049705505371,20626.0,21689.166666666668
1290,54,18,P18,54,4.629166666666667e-05,0.001066014461684972,20289.0,20407.0,128.3187291622162,9.64496111869812,137.9636902809143,20176.0,21006.777777777777
1291,54,19,P19,54,4.6250000000000006e-05,0.0013541015854571016,23391.0,23029.0,132.4879093170166,10.213408708572388,142.701318025589,22915.0,24098.462962962964
1292,54,20,P20,54,4.620833333333333e-05,0.0007548243091150652,22931.0,22736.0,141.77825832366943,11.042041778564453,152.8203001022339,22736.0,23631.01851851852
1293,54,21,P21,54,4.6166666666666666e-05,0.003632731584366411,23960.0,24009.0,150.94231462478638,11.735255718231201,162.67757034301758,23628.0,24584.666666666668
1294,54,22,P22,54,4.612500000000001e-05,-0.0036604352993890644,23769.0,23453.0,149.4348554611206,11.757909297943115,161.19276475906372,23280.0,24025.666666666668
1295,54,23,P23,54,4.608333333333333e-05,0.0049166531784326905,33522.0,33439.0,198.55680227279663,15.531785726547241,214.08858799934387,32708.0,35888.833333333336
1296,54,24,P24,54,4.604166666666667e-05,-0.0037967353127896786,23964.0,23866.0,134.0423126220703,10.584347009658813,144.62665963172913,23713.0,24434.277777777777
1297,55,1,P1,55,4.6e-05,-0.01969329291023314,5872.0,5994.0,31.71086359024048,2.095510721206665,33.806374311447144,5872.0,6305.090909090909
1298,55,2,P2,55,4.595833333333334e-05,-0.00024007045067264698,8200.0,8360.0,40.448044776916504,2.636741876602173,43.08478665351868,8124.0,8776.4
1299,55,3,P3,55,4.591666666666666e-05,0.009407355217263103,6720.0,6731.0,28.69401502609253,1.881140947341919,30.57515597343445,6045.0,6524.709090909091
1300,55,4,P4,55,4.5875000000000004e-05,0.033075323328375816,3747.0,3751.0,22.463218927383423,1.4626643657684326,23.925883293151855,3655.0,3785.9454545454546
1301,55,5,P5,55,4.583333333333334e-05,0.014613189967349172,4222.0,4202.0,24.882886171340942,1.6150898933410645,26.497976064682007,4202.0,4305.472727272727
1302,55,6,P6,55,4.5791666666666664e-05,0.010644176043570042,4007.0,4007.0,25.937106370925903,1.685210943222046,27.62231731414795,3957.0,4113.945454545455
1303,55,7,P7,55,4.575e-05,0.005015005997847766,5939.0,5958.0,38.01733088493347,2.434784412384033,40.452115297317505,5810.0,6111.818181818182
1304,55,8,P8,55,4.570833333333333e-05,-0.003933986678021029,5687.0,5697.0,33.58457803726196,2.193434715270996,35.77801275253296,5647.0,6000.181818181818
1305,55,9,P9,55,4.566666666666667e-05,-0.006429609144106507,5427.0,5387.0,31.7735333442688,2.059166669845581,33.83270001411438,5340.0,5791.6
1306,55,10,P10,55,4.5625000000000004e-05,-0.022016111761331558,5562.0,5587.0,19.932643175125122,1.316054344177246,21.248697519302368,5458.0,5742.709090909091
1307,55,11,P11,55,4.5583333333333335e-05,-0.023293695645406842,11372.0,11372.0,38.19542956352234,2.538698434829712,40.73412799835205,11372.0,11463.763636363636
1308,55,12,P12,55,4.554166666666667e-05,0.0028964204393560067,12155.0,12155.0,45.996562242507935,3.0763232707977295,49.072885513305664,11842.0,12295.181818181818
1309,55,13,P13,55,4.55e-05,0.017806913005188107,19408.0,19508.0,108.80102252960205,8.08739447593689,116.88841700553894,19375.0,20177.47272727273
1310,55,14,P14,55,4.545833333333334e-05,-6.512051822937792e-05,21800.0,21900.0,109.18324971199036,8.045886039733887,117.22913575172424,21611.0,22301.272727272728
1311,55,15,P15,55,4.5416666666666675e-05,-0.008298978762468323,20272.0,20100.0,112.01957368850708,8.305754899978638,120.32532858848572,19869.0,20671.236363636363
1312,55,16,P16,55,4.5375e-05,-0.00273944737855345,20815.0,20687.0,135.79289960861206,10.34142541885376,146.13432502746582,20439.0,21053.272727272728
1313,55,17,P17,55,4.533333333333334e-05,-0.0003264416183810681,20998.0,21177.0,137.70360136032104,10.329785108566284,148.03338646888733,20626.0,21679.854545454546
1314,55,18,P18,55,4.5291666666666665e-05,0.0006723257012708928,20605.0,20275.0,127.54240608215332,9.586600065231323,137.12900614738464,20176.0,20993.47272727273
1315,55,19,P19,55,4.525e-05,0.0027417471050284804,23544.0,23287.0,132.1566641330719,10.251910924911499,142.4085750579834,22915.0,24083.70909090909
1316,55,20,P20,55,4.520833333333333e-05,-0.002568716573296115,22851.0,22746.0,142.00660300254822,11.061101198196411,153.06770420074463,22736.0,23614.927272727273
1317,55,21,P21,55,4.516666666666667e-05,0.00606608553789556,23840.0,23877.0,149.53859281539917,11.715246200561523,161.2538390159607,23628.0,24571.8
1318,55,22,P22,55,4.5125000000000006e-05,-0.0054801435908302665,23688.0,23871.0,149.5362422466278,11.651281833648682,161.1875240802765,23280.0,24022.854545454546
1319,55,23,P23,55,4.5083333333333336e-05,0.005382236525682467,32762.0,33386.0,199.2901313304901,15.412034749984741,214.70216608047485,32708.0,35843.32727272727
1320,55,24,P24,55,4.504166666666667e-05,-0.0026867398468311877,23998.0,23848.0,133.77959156036377,10.522924661636353,144.30251622200012,23713.0,24423.618181818183
1321,56,1,P1,56,4.4999999999999996e-05,-0.01709259580820799,6014.0,6012.0,31.510514736175537,2.0818259716033936,33.59234070777893,5872.0,6299.857142857143
1322,56,2,P2,56,4.495833333333333e-05,-0.00010632826888468117,8364.0,8324.0,40.39369583129883,2.627368211746216,43.021064043045044,8124.0,8768.32142857143
1323,56,3,P3,56,4.4916666666666677e-05,0.022414719103835523,6958.0,6945.0,28.819177389144897,1.8948993682861328,30.71407675743103,6045.0,6532.214285714285
1324,56,4,P4,56,4.4875e-05,0.013080950360745192,3725.0,3751.0,22.425689458847046,1.4634130001068115,23.889102458953857,3655.0,3785.3214285714284
1325,56,5,P5,56,4.483333333333334e-05,-0.0020189638598822057,4222.0,4202.0,25.029360055923462,1.663686752319336,26.693046808242798,4202.0,4303.625
1326,56,6,P6,56,4.479166666666667e-05,0.00670355127658695,4017.0,4007.0,26.091395378112793,1.6905608177185059,27.7819561958313,3957.0,4112.035714285715
1327,56,7,P7,56,4.4750000000000004e-05,0.0009323211870650994,5930.0,5953.0,37.66942834854126,2.451786756515503,40.12121510505676,5810.0,6108.982142857143
1328,56,8,P8,56,4.470833333333334e-05,0.005304597900249064,5687.0,5687.0,33.619123697280884,2.1857664585113525,35.804890155792236,5647.0,5994.589285714285
1329,56,9,P9,56,4.466666666666667e-05,-0.0017393916787113994,5427.0,5407.0,31.8145534992218,2.066389799118042,33.880943298339844,5340.0,5784.732142857143
1330,56,10,P10,56,4.462500000000001e-05,-0.012997792568057775,5702.0,5602.0,19.891768217086792,1.3164541721343994,21.20822238922119,5458.0,5740.196428571428
1331,56,11,P11,56,4.458333333333333e-05,-0.028534292709082365,11389.0,11372.0,38.41439366340637,2.5465328693389893,40.96092653274536,11372.0,11462.125
1332,56,12,P12,56,4.454166666666667e-05,-0.00020706296163552906,12292.0,12175.0,46.12945866584778,3.0734176635742188,49.202876329422,11842.0,12293.035714285714
1333,56,13,P13,56,4.45e-05,0.017923981184139848,19663.0,19508.0,108.98119401931763,8.059602737426758,117.04079675674438,19375.0,20165.51785714286
1334,56,14,P14,56,4.4458333333333334e-05,-0.0012996234618185554,21900.0,21900.0,108.64813423156738,8.087711572647095,116.73584580421448,21611.0,22294.10714285714
1335,56,15,P15,56,4.441666666666667e-05,-0.006708744738716632,20146.0,20061.0,113.48998045921326,8.404842615127563,121.89482307434082,19869.0,20660.339285714286
1336,56,16,P16,56,4.4375e-05,-0.008548232936300337,20579.0,20461.0,136.6725034713745,10.29678225517273,146.96928572654724,20439.0,21042.696428571428
1337,56,17,P17,56,4.433333333333334e-05,0.002760624181246385,21036.0,20903.0,137.13334608078003,10.508597135543823,147.64194321632385,20626.0,21665.98214285714
1338,56,18,P18,56,4.429166666666666e-05,0.0008635487527499208,20410.0,20311.0,128.57829403877258,9.690598011016846,138.26889204978943,20176.0,20981.285714285714
1339,56,19,P19,56,4.4250000000000005e-05,0.000936225954501424,23139.0,23365.0,132.35081481933594,10.242016077041626,142.59283089637756,22915.0,24070.875
1340,56,20,P20,56,4.420833333333334e-05,-0.001115246582776308,22886.0,22778.0,141.64785361289978,11.071528911590576,152.71938252449036,22736.0,23599.98214285714
1341,56,21,P21,56,4.4166666666666665e-05,0.006536516780033708,24199.0,23885.0,149.92616891860962,11.729017496109009,161.65518641471863,23628.0,24559.535714285714
1342,56,22,P22,56,4.4125e-05,-0.005948279029689729,24049.0,23632.0,149.5243752002716,11.75429391860962,161.27866911888123,23280.0,24015.875
1343,56,23,P23,56,4.408333333333333e-05,0.004803427727892995,33030.0,34096.0,198.95458984375,15.567522525787354,214.52211236953735,32708.0,35812.125
1344,56,24,P24,56,4.404166666666667e-05,-0.0021985216604662127,23989.0,23875.0,134.82528066635132,10.525293827056885,145.3505744934082,23713.0,24413.821428571428
1345,57,1,P1,57,4.4e-05,-0.015090898959897459,5916.0,5872.0,31.979824781417847,2.08866810798645,34.0684928894043,5872.0,6292.350877192983
1346,57,2,P2,57,4.3958333333333336e-05,0.00030133885684335837,8280.0,8374.0,40.11941599845886,2.6413750648498535,42.760791063308716,8124.0,8761.40350877193
1347,57,3,P3,57,4.391666666666667e-05,0.0005941995113971643,6765.0,6945.0,28.59806728363037,1.8751249313354492,30.47319221496582,6045.0,6539.456140350877
1348,57,4,P4,57,4.3875e-05,0.014220587210729718,3721.0,3746.0,22.616878032684326,1.4561150074005127,24.07299304008484,3655.0,3784.6315789473683
1349,57,5,P5,57,4.383333333333334e-05,0.017723608762025833,4237.0,4222.0,24.858039617538452,1.5887391567230225,26.446778774261475,4202.0,4302.19298245614
1350,57,6,P6,57,4.379166666666666e-05,0.016802658792585135,4115.0,4065.0,25.790273666381836,1.6827006340026855,27.47297430038452,3957.0,4111.210526315789
1351,57,7,P7,57,4.375e-05,0.0036415498179849237,5915.0,5955.0,37.79228448867798,2.4394278526306152,40.231712341308594,5810.0,6106.2807017543855
1352,57,8,P8,57,4.370833333333334e-05,-0.005664523807354271,5680.0,5770.0,33.36632013320923,2.1636035442352295,35.52992367744446,5647.0,5990.649122807017
1353,57,9,P9,57,4.3666666666666666e-05,-0.0032970090251183137,5590.0,5674.0,31.44731569290161,2.008976459503174,33.456292152404785,5340.0,5782.789473684211
1354,57,10,P10,57,4.3625e-05,-0.0013303582381922752,5750.0,5650.0,19.826550006866455,1.314779281616211,21.141329288482666,5458.0,5738.6140350877195
1355,57,11,P11,57,4.358333333333333e-05,-0.019080860074609518,11372.0,11372.0,38.27928161621094,2.547182321548462,40.8264639377594,11372.0,11460.543859649122
1356,57,12,P12,57,4.354166666666667e-05,0.004808684898307547,12175.0,12275.0,46.21225380897522,3.0799431800842285,49.29219698905945,11842.0,12292.719298245614
1357,57,13,P13,57,4.350000000000001e-05,0.011640370241366327,19946.0,19547.0,109.0515341758728,8.082862377166748,117.13439655303955,19375.0,20154.666666666668
1358,57,14,P14,57,4.345833333333334e-05,-0.005338994451449253,21842.0,22045.0,108.90848183631897,8.127027750015259,117.03550958633423,21611.0,22289.736842105263
1359,57,15,P15,57,4.3416666666666674e-05,-0.0018618420217535459,20160.0,19840.0,113.25963354110718,8.371119260787964,121.63075280189514,19840.0,20645.947368421053
1360,57,16,P16,57,4.3375e-05,-0.0034576555364765225,20660.0,20542.0,136.47160840034485,10.350554466247559,146.8221628665924,20439.0,21033.912280701756
1361,57,17,P17,57,4.3333333333333334e-05,0.0019823010894469916,20787.0,21081.0,137.3095383644104,10.312553882598877,147.62209224700928,20626.0,21655.719298245614
1362,57,18,P18,57,4.3291666666666664e-05,-0.002237486356170848,20221.0,20465.0,128.69002270698547,9.65699553489685,138.34701824188232,20176.0,20972.22807017544
1363,57,19,P19,57,4.325e-05,0.0019896383746527135,23137.0,23223.0,131.8428020477295,10.278095483779907,142.1208975315094,22915.0,24056.0
1364,57,20,P20,57,4.320833333333334e-05,0.001481312804389745,22960.0,23034.0,142.21068572998047,11.016776084899902,153.22746181488037,22736.0,23590.052631578947
1365,57,21,P21,57,4.316666666666667e-05,0.0017396521143382415,24019.0,24215.0,150.16625022888184,11.737608432769775,161.9038586616516,23628.0,24553.491228070176
1366,57,22,P22,57,4.3125000000000005e-05,-0.002689187758369371,23762.0,23671.0,148.91925930976868,11.710349321365356,160.62960863113403,23280.0,24009.824561403508
1367,57,23,P23,57,4.308333333333333e-05,0.0022206334833754227,33300.0,34142.0,198.41866517066956,15.548278570175171,213.96694374084473,32708.0,35782.82456140351
1368,57,24,P24,57,4.304166666666667e-05,-0.0011205941715161315,23917.0,23790.0,134.8447437286377,10.60686707496643,145.45161080360413,23713.0,24402.877192982458
1369,58,1,P1,58,4.300000000000001e-05,-0.012784968013875186,5916.0,5916.0,31.985809803009033,2.061807632446289,34.04761743545532,5872.0,6285.862068965517
1370,58,2,P2,58,4.295833333333333e-05,9.163394452116336e-05,8354.0,8484.0,40.02401566505432,2.619036912918091,42.64305257797241,8124.0,8756.620689655172
1371,58,3,P3,58,4.291666666666667e-05,0.009942997538018972,6519.0,6676.0,28.83964991569519,1.880140781402588,30.71979069709778,6045.0,6541.810344827586
1372,58,4,P4,58,4.2875e-05,0.012096169870346785,3710.0,3710.0,22.58820080757141,1.4849121570587158,24.073112964630127,3655.0,3783.344827586207
1373,58,5,P5,58,4.2833333333333335e-05,0.005631623324006796,4202.0,4222.0,24.998310565948486,1.626549243927002,26.62485980987549,4202.0,4300.810344827586
1374,58,6,P6,58,4.2791666666666666e-05,0.012213404988870025,4180.0,4110.0,25.945652961730957,1.6758365631103516,27.62148952484131,3957.0,4111.189655172414
1375,58,7,P7,58,4.275e-05,-0.003150509553961456,5832.0,5921.0,38.128554582595825,2.439582586288452,40.56813716888428,5810.0,6103.086206896552
1376,58,8,P8,58,4.270833333333334e-05,-0.00978143053362146,5710.0,5720.0,33.278990030288696,2.1619043350219727,35.44089436531067,5647.0,5985.982758620689
1377,58,9,P9,58,4.266666666666667e-05,0.011616148054599762,5686.0,5534.0,31.223297357559204,2.0051681995391846,33.22846555709839,5340.0,5778.5
1378,58,10,P10,58,4.2625000000000006e-05,-0.005986680975183845,5687.0,5650.0,19.935213804244995,1.3220455646514893,21.257259368896484,5458.0,5737.086206896552
1379,58,11,P11,58,4.258333333333333e-05,-0.017146128113381565,11389.0,11389.0,38.49559736251831,2.5416343212127686,41.03723168373108,11372.0,11459.310344827587
1380,58,12,P12,58,4.2541666666666666e-05,0.0020053853368153796,12290.0,12175.0,46.160271883010864,3.0766565799713135,49.23692846298218,11842.0,12290.689655172413
1381,58,13,P13,58,4.250000000000001e-05,0.003273731541412417,19654.0,19800.0,108.81031632423401,8.019710302352905,116.83002662658691,19375.0,20148.55172413793
1382,58,14,P14,58,4.245833333333333e-05,-0.0005529936311177153,21790.0,21857.0,108.5705201625824,8.076496362686157,116.64701652526855,21611.0,22282.275862068964
1383,58,15,P15,58,4.241666666666667e-05,-0.004740810632938519,20155.0,20094.0,112.78437209129333,8.303286075592041,121.08765816688538,19840.0,20636.431034482757
1384,58,16,P16,58,4.2375e-05,-0.0032491489313542844,20616.0,20696.0,136.20396518707275,10.345477819442749,146.5494430065155,20439.0,21028.08620689655
1385,58,17,P17,58,4.233333333333334e-05,0.0036487867240794004,20786.0,21050.0,137.2888000011444,10.275928258895874,147.56472826004028,20626.0,21645.275862068964
1386,58,18,P18,58,4.2291666666666674e-05,-0.004066893307026476,20341.0,20360.0,129.03785610198975,9.675780534744263,138.713636636734,20176.0,20961.672413793105
1387,58,19,P19,58,4.2250000000000004e-05,0.0028832965763285756,23405.0,23240.0,131.8453185558319,10.242404222488403,142.0877227783203,22915.0,24041.931034482757
1388,58,20,P20,58,4.220833333333334e-05,-0.0005788778820715379,22767.0,22787.0,141.71648263931274,11.003050088882446,152.7195327281952,22736.0,23576.206896551725
1389,58,21,P21,58,4.2166666666666664e-05,0.0028287140361499042,24004.0,24215.0,150.7171609401703,11.733412265777588,162.45057320594788,23628.0,24547.655172413793
1390,58,22,P22,58,4.2125e-05,-0.003541753569152206,23891.0,23751.0,149.38794088363647,11.813849210739136,161.2017900943756,23280.0,24005.362068965518
1391,58,23,P23,58,4.208333333333333e-05,0.0036331726795261992,33297.0,34817.0,199.13226342201233,15.554920434951782,214.6871838569641,32708.0,35766.1724137931
1392,58,24,P24,58,4.204166666666667e-05,-0.001085512257850496,24018.0,23891.0,134.7201943397522,10.610899209976196,145.3310935497284,23713.0,24394.05172413793
1393,59,1,P1,59,4.2000000000000004e-05,-0.010016069805715233,6048.0,6012.0,31.609252214431763,2.0612146854400635,33.670466899871826,5872.0,6281.220338983051
1394,59,2,P2,59,4.1958333333333335e-05,0.003911723935743794,8508.0,8374.0,39.97886562347412,2.6388728618621826,42.617738485336304,8124.0,8750.135593220339
1395,59,3,P3,59,4.191666666666667e-05,0.01733796065673232,6720.0,6646.0,28.826846599578857,1.899965763092041,30.7268123626709,6045.0,6543.576271186441
1396,59,4,P4,59,4.1874999999999995e-05,0.0021447387989610434,3780.0,3746.0,22.698298931121826,1.481203317642212,24.179502248764038,3655.0,3782.7118644067796
1397,59,5,P5,59,4.183333333333334e-05,-0.0013287789188325405,4242.0,4217.0,24.923046350479126,1.618868350982666,26.541914701461792,4202.0,4299.389830508475
1398,59,6,P6,59,4.1791666666666675e-05,-0.0011957515962421894,4075.0,4107.0,25.723851203918457,1.677292823791504,27.40114402770996,3957.0,4111.118644067797
1399,59,7,P7,59,4.175e-05,-0.002694079768843949,5904.0,5972.0,37.85567665100098,2.451361894607544,40.30703854560852,5810.0,6100.864406779661
1400,59,8,P8,59,4.1708333333333335e-05,0.0025759639174793847,5757.0,5707.0,33.24776554107666,2.1301066875457764,35.37787222862244,5647.0,5981.254237288135
1401,59,9,P9,59,4.1666666666666665e-05,-0.004476659116335213,5430.0,5473.0,31.12378740310669,2.0090491771698,33.13283658027649,5340.0,5773.322033898305
1402,59,10,P10,59,4.1625e-05,-0.003040562034584582,5650.0,5687.0,19.835304498672485,1.311103105545044,21.14640760421753,5458.0,5736.237288135593
1403,59,11,P11,59,4.158333333333334e-05,-0.010069405718240887,11372.0,11389.0,38.460073947906494,2.567488193511963,41.02756214141846,11372.0,11458.118644067798
1404,59,12,P12,59,4.154166666666667e-05,0.012844190350733697,12322.0,12275.0,46.201331615448,3.049285411834717,49.250617027282715,11842.0,12290.42372881356
1405,59,13,P13,59,4.1500000000000006e-05,0.009543223306536674,19800.0,19946.0,109.01821184158325,7.964990139007568,116.98320198059082,19375.0,20145.118644067796
1406,59,14,P14,59,4.145833333333333e-05,-0.0056557571806479245,21783.0,21950.0,108.85119795799255,8.059171676635742,116.9103696346283,21611.0,22276.64406779661
1407,59,15,P15,59,4.141666666666667e-05,-0.0020545660154311918,20141.0,19952.0,112.79014921188354,8.31714129447937,121.10729050636292,19840.0,20624.830508474577
1408,59,16,P16,59,4.1374999999999996e-05,-0.005934375757351518,20482.0,20532.0,136.3718457221985,10.343552112579346,146.71539783477783,20439.0,21019.677966101695
1409,59,17,P17,59,4.133333333333333e-05,0.003801191330421716,21060.0,21157.0,137.01999139785767,10.330113410949707,147.35010480880737,20626.0,21637.0
1410,59,18,P18,59,4.129166666666667e-05,-0.0014525543985655532,20389.0,20379.0,127.80238080024719,9.697321891784668,137.49970269203186,20176.0,20951.79661016949
1411,59,19,P19,59,4.125e-05,0.0008053653818933526,23215.0,23914.0,131.5781729221344,10.372315883636475,141.95048880577087,22915.0,24039.762711864405
1412,59,20,P20,59,4.120833333333334e-05,0.0008191260381863686,22612.0,22960.0,141.44131922721863,10.999192953109741,152.44051218032837,22736.0,23565.762711864405
1413,59,21,P21,59,4.116666666666667e-05,0.00470025617396459,24150.0,24215.0,150.3657350540161,11.746515274047852,162.11225032806396,23628.0,24542.01694915254
1414,59,22,P22,59,4.1125000000000004e-05,-0.005007289652712643,23621.0,23621.0,149.19708466529846,11.747148036956787,160.94423270225525,23280.0,23998.84745762712
1415,59,23,P23,59,4.108333333333334e-05,0.006399479727925999,34244.0,34652.0,198.72375178337097,15.663516283035278,214.38726806640625,32708.0,35747.28813559322
1416,59,24,P24,59,4.104166666666667e-05,-0.004143626079894602,23819.0,23948.0,132.74271082878113,10.463430166244507,143.20614099502563,23713.0,24386.491525423728
1417,60,1,P1,60,4.100000000000001e-05,-0.01326866215094924,6056.0,6012.0,31.28319025039673,2.0249171257019043,33.30810737609863,5872.0,6276.733333333334
1418,60,2,P2,60,4.095833333333333e-05,-0.0023125356528908014,8450.0,8442.0,39.679954290390015,2.616023063659668,42.29597735404968,8124.0,8745.0
1419,60,3,P3,60,4.091666666666667e-05,0.009185994160361588,6530.0,6755.0,28.5899817943573,2.779496908187866,31.369478702545166,6045.0,6547.1
1420,60,4,P4,60,4.0875e-05,0.014684672001749277,3710.0,3776.0,25.174673795700073,1.7782142162322998,26.952888011932373,3655.0,3782.6
1421,60,5,P5,60,4.0833333333333334e-05,0.014896061504259706,4277.0,4217.0,28.346437215805054,1.7223939895629883,30.068831205368042,4202.0,4298.016666666666
1422,60,6,P6,60,4.079166666666667e-05,0.010168628301471472,4147.0,4107.0,27.077555418014526,1.9503660202026367,29.027921438217163,3957.0,4111.05
1423,60,7,P7,60,4.075e-05,-0.004273453931091353,5914.0,6006.0,41.87717008590698,2.5742576122283936,44.451427698135376,5810.0,6099.283333333334
1424,60,8,P8,60,4.070833333333334e-05,-0.012651834404096007,5700.0,5597.0,35.6860249042511,2.160511016845703,37.8465359210968,5597.0,5974.85
1425,60,9,P9,60,4.066666666666666e-05,0.01206298463512212,5683.0,5872.0,34.457335472106934,1.9824354648590088,36.43977093696594,5340.0,5774.966666666666
1426,60,10,P10,60,4.0625000000000005e-05,-0.021106103900820017,5550.0,5550.0,19.6321542263031,1.3043179512023926,20.936472177505493,5458.0,5733.133333333333
1427,60,11,P11,60,4.058333333333334e-05,-0.01657134247943759,11389.0,11389.0,38.586676359176636,2.563328981399536,41.15000534057617,11372.0,11456.966666666667
1428,60,12,P12,60,4.0541666666666665e-05,0.0008377411068067886,12072.0,12124.0,45.765154123306274,3.0378968715667725,48.80305099487305,11842.0,12287.65
1429,60,13,P13,60,4.05e-05,0.013042713282629848,19640.0,19519.0,106.67823958396912,7.827678442001343,114.50591802597046,19375.0,20134.683333333334
1430,60,14,P14,60,4.045833333333333e-05,-0.004414967290358618,21833.0,21688.0,107.3147280216217,7.946915149688721,115.26164317131042,21611.0,22266.833333333332
1431,60,15,P15,60,4.041666666666667e-05,-0.004540198220638558,20299.0,20143.0,110.62003445625305,8.280021905899048,118.9000563621521,19840.0,20616.8
1432,60,16,P16,60,4.0375000000000006e-05,-0.0017838360159657895,20721.0,20454.0,134.63685297966003,10.1686270236969,144.80548000335693,20439.0,21010.25
1433,60,17,P17,60,4.0333333333333336e-05,0.0029779303004033864,21343.0,21401.0,135.2077248096466,10.213248252868652,145.42097306251526,20626.0,21633.066666666666
1434,60,18,P18,60,4.029166666666667e-05,-0.002615327067906037,20365.0,20533.0,126.94629859924316,9.567305564880371,136.51360416412354,20176.0,20944.816666666666
1435,60,19,P19,60,4.0249999999999996e-05,0.003805031749652699,23737.0,23156.0,129.61693835258484,10.12204360961914,139.73898196220398,22915.0,24025.033333333333
1436,60,20,P20,60,4.020833333333334e-05,-0.0021079451020341367,22962.0,22824.0,140.76214456558228,10.795397996902466,151.55754256248474,22736.0,23553.4
1437,60,21,P21,60,4.016666666666666e-05,0.004953649919480085,24180.0,24189.0,148.52557373046875,11.552320718765259,160.077894449234,23628.0,24536.133333333335
1438,60,22,P22,60,4.0125e-05,-0.00518334221560508,23852.0,23809.0,146.99406099319458,11.633126974105835,158.62718796730042,23280.0,23995.683333333334
1439,60,23,P23,60,4.0083333333333336e-05,0.004980084511251854,33896.0,35151.0,195.38868165016174,15.348617792129517,210.73729944229126,32708.0,35737.35
1440,60,24,P24,60,4.0041666666666666e-05,-0.002220095647498965,24013.0,23921.0,132.57382774353027,10.437073469161987,143.01090121269226,23713.0,24378.733333333334
1441,61,1,P1,61,4e-05,-0.009023364080348983,6048.0,5916.0,31.106302976608276,2.0322043895721436,33.13850736618042,5872.0,6270.819672131148
1442,61,2,P2,61,3.995833333333333e-05,-0.002478226655512117,8324.0,8538.0,39.547704458236694,2.5990824699401855,42.14678692817688,8124.0,8741.606557377048
1443,61,3,P3,61,3.991666666666667e-05,0.011880082020070404,6733.0,6945.0,28.45396137237549,1.8739104270935059,30.327871799468994,6045.0,6553.622950819672
1444,61,4,P4,61,3.987500000000001e-05,0.011660432908684015,3746.0,3744.0,22.459285259246826,1.4558606147766113,23.915145874023438,3655.0,3781.967213114754
1445,61,5,P5,61,3.983333333333333e-05,0.00465099373832345,4217.0,4217.0,24.598135709762573,1.598203182220459,26.196338891983032,4202.0,4296.688524590164
1446,61,6,P6,61,3.9791666666666674e-05,0.0023476771893911064,4125.0,4175.0,25.54575753211975,1.660966157913208,27.20672369003296,3957.0,4112.098360655737
1447,61,7,P7,61,3.975e-05,-0.0038979702221695334,6016.0,6046.0,37.06674575805664,2.417620897293091,39.48436665534973,5810.0,6098.4098360655735
1448,61,8,P8,61,3.9708333333333334e-05,-0.0036737352629643283,5890.0,5671.0,32.512446641922,2.0906970500946045,34.6031436920166,5597.0,5969.868852459016
1449,61,9,P9,61,3.9666666666666664e-05,0.014837955473922193,5908.0,5623.0,30.71575689315796,1.9780049324035645,32.69376182556152,5340.0,5772.475409836065
1450,61,10,P10,61,3.9625e-05,-0.016767887864261866,5550.0,5581.0,19.57893204689026,1.3121709823608398,20.8911030292511,5458.0,5730.639344262295
1451,61,11,P11,61,3.958333333333334e-05,-0.0081993312924169,11389.0,11389.0,38.054924964904785,2.473644971847534,40.52856993675232,11372.0,11455.852459016394
1452,61,12,P12,61,3.954166666666667e-05,-0.0006528294579766225,12075.0,12075.0,45.66335678100586,3.0247790813446045,48.688135862350464,11842.0,12284.16393442623
1453,61,13,P13,61,3.9500000000000005e-05,0.002535148807510268,19577.0,19596.0,106.58741521835327,7.7848381996154785,114.37225341796875,19375.0,20125.852459016394
1454,61,14,P14,61,3.945833333333333e-05,-0.0011242777541156102,21755.0,21795.0,106.95301938056946,7.94574499130249,114.89876437187195,21611.0,22259.09836065574
1455,61,15,P15,61,3.941666666666667e-05,-0.003458601699094288,20094.0,20085.0,110.88771772384644,8.129040002822876,119.01675772666931,19840.0,20608.081967213115
1456,61,16,P16,61,3.937500000000001e-05,-4.793674634129274e-07,20781.0,20820.0,134.25731301307678,10.126831293106079,144.38414430618286,20439.0,21007.131147540982
1457,61,17,P17,61,3.933333333333333e-05,0.0029961560270749033,20823.0,21141.0,135.6657738685608,10.248520374298096,145.9142942428589,20626.0,21625.0
1458,61,18,P18,61,3.929166666666667e-05,-0.004130231053568423,20538.0,20601.0,126.00372052192688,9.477594137191772,135.48131465911865,20176.0,20939.180327868853
1459,61,19,P19,61,3.925e-05,0.002399633702589199,23469.0,23571.0,129.83648896217346,10.132173538208008,139.96866250038147,22915.0,24017.590163934427
1460,61,20,P20,61,3.9208333333333335e-05,0.00035618743058876137,23198.0,22829.0,139.88783740997314,10.813657522201538,150.70149493217468,22736.0,23541.524590163935
1461,61,21,P21,61,3.916666666666667e-05,0.0014025997919816292,23938.0,24009.0,148.43560409545898,11.512103080749512,159.9477071762085,23628.0,24527.491803278688
1462,61,22,P22,61,3.9125e-05,-0.00034762824398058,24168.0,23938.0,147.2006595134735,11.612417936325073,158.81307744979858,23280.0,23994.737704918032
1463,61,23,P23,61,3.908333333333334e-05,0.0012965531085293541,33662.0,34178.0,195.45993328094482,15.264797687530518,210.72473096847534,32708.0,35711.7868852459
1464,61,24,P24,61,3.904166666666666e-05,-0.0006341435611830093,24435.0,24027.0,132.4731056690216,10.435405254364014,142.90851092338562,23713.0,24372.967213114753
1465,62,1,P1,62,3.9000000000000006e-05,-0.008855247753672302,6086.0,5916.0,31.084014654159546,2.0378646850585938,33.12187933921814,5872.0,6265.096774193548
1466,62,2,P2,62,3.895833333333333e-05,0.005172946897801012,8538.0,8538.0,39.210715770721436,2.584043502807617,41.79475927352905,8124.0,8738.322580645161
1467,62,3,P3,62,3.8916666666666666e-05,0.007895875023677945,6850.0,6945.0,28.21875548362732,1.8566594123840332,30.075414896011353,6045.0,6559.935483870968
1468,62,4,P4,62,3.8875e-05,-6.139634933788329e-06,3746.0,3744.0,22.174733638763428,1.4650039672851562,23.639737606048584,3655.0,3781.3548387096776
1469,62,5,P5,62,3.883333333333333e-05,0.003697843465488404,4227.0,4217.0,24.507726907730103,1.5903778076171875,26.09810471534729,4202.0,4295.403225806452
1470,62,6,P6,62,3.879166666666667e-05,0.010052633006125689,4242.0,4085.0,25.41060972213745,1.6522891521453857,27.062898874282837,3957.0,4111.6612903225805
1471,62,7,P7,62,3.875e-05,-0.011023622937500477,5886.0,6120.0,37.19248342514038,2.407771110534668,39.60025453567505,5810.0,6098.758064516129
1472,62,8,P8,62,3.870833333333334e-05,-0.00704285764368251,5630.0,5690.0,32.955594062805176,2.1422994136810303,35.097893476486206,5597.0,5965.354838709677
1473,62,9,P9,62,3.8666666666666674e-05,0.004745681089843856,5380.0,5360.0,31.05854034423828,1.9781591892242432,33.036699533462524,5340.0,5765.822580645161
1474,62,10,P10,62,3.8625e-05,0.005270533612929285,5680.0,5711.0,19.567501068115234,1.2992808818817139,20.86678194999695,5458.0,5730.322580645161
1475,62,11,P11,62,3.858333333333334e-05,-0.003694184066262096,11389.0,11389.0,37.78437256813049,2.5109803676605225,40.295352935791016,11372.0,11454.774193548386
1476,62,12,P12,62,3.8541666666666664e-05,0.0030773441976634786,12072.0,12075.0,45.55766296386719,3.0207114219665527,48.57837438583374,11842.0,12280.790322580646
1477,62,13,P13,62,3.85e-05,0.0022320629286696203,19731.0,19494.0,106.86890482902527,7.815913200378418,114.68481802940369,19375.0,20115.66129032258
1478,62,14,P14,62,3.845833333333334e-05,-0.001433068435289897,21900.0,21788.0,106.84250855445862,7.923555135726929,114.76606369018555,21611.0,22251.5
1479,62,15,P15,62,3.841666666666667e-05,0.0009266897322959267,20373.0,20057.0,111.5036735534668,8.279179334640503,119.7828528881073,19840.0,20599.1935483871
1480,62,16,P16,62,3.8375000000000004e-05,-0.001227806936367415,20629.0,20680.0,133.93208861351013,10.166175365447998,144.09826397895813,20439.0,21001.854838709678
1481,62,17,P17,62,3.8333333333333334e-05,0.003515734616667032,21169.0,21160.0,135.15161442756653,10.196414470672607,145.34802889823914,20626.0,21617.5
1482,62,18,P18,62,3.829166666666667e-05,-0.00428086060564965,20502.0,20470.0,125.50610375404358,9.5229012966156,135.02900505065918,20176.0,20931.612903225807
1483,62,19,P19,62,3.8249999999999995e-05,0.0015992725355317816,23171.0,23412.0,130.11313247680664,10.0679349899292,140.18106746673584,22915.0,24007.822580645163
1484,62,20,P20,62,3.820833333333334e-05,0.002265845442889258,22981.0,23055.0,140.21117687225342,10.933264970779419,151.14444184303284,22736.0,23533.677419354837
1485,62,21,P21,62,3.8166666666666675e-05,0.0002300069907505531,24015.0,24065.0,148.26838660240173,11.532986879348755,159.8013734817505,23628.0,24520.032258064515
1486,62,22,P22,62,3.8125e-05,0.0011732406048395206,24094.0,23934.0,147.21309232711792,11.589252948760986,158.8023452758789,23280.0,23993.75806451613
1487,62,23,P23,62,3.8083333333333335e-05,-0.002660244142004688,33063.0,34161.0,194.6661674976349,15.292129516601562,209.95829701423645,32708.0,35686.77419354839
1488,62,24,P24,62,3.8041666666666665e-05,-1.936927255883347e-05,24282.0,24333.0,132.79632329940796,10.46047306060791,143.25679636001587,23713.0,24372.322580645163
1489,63,1,P1,63,3.8e-05,-0.011923241429030895,6012.0,5941.0,31.311445236206055,2.0569353103637695,33.368380546569824,5872.0,6259.952380952381
1490,63,2,P2,63,3.795833333333334e-05,0.012950799195095897,8752.0,8698.0,39.5314564704895,2.5863280296325684,42.11778450012207,8124.0,8737.682539682539
1491,63,3,P3,63,3.791666666666667e-05,0.009413664840394631,6720.0,6801.0,28.38213562965393,1.8363583087921143,30.218493938446045,6045.0,6563.761904761905
1492,63,4,P4,63,3.7875000000000006e-05,-0.002718423376791179,3714.0,3706.0,22.202697277069092,1.4413809776306152,23.644078254699707,3655.0,3780.15873015873
1493,63,5,P5,63,3.783333333333333e-05,-0.003539019206073135,4222.0,4217.0,24.46548295021057,1.6045317649841309,26.070014715194702,4202.0,4294.158730158731
1494,63,6,P6,63,3.779166666666667e-05,0.007889429340139031,4185.0,4185.0,25.54875135421753,1.6598920822143555,27.208643436431885,3957.0,4112.825396825397
1495,63,7,P7,63,3.7749999999999996e-05,-0.010339715983718634,5838.0,5933.0,37.320112228393555,2.409741163253784,39.72985339164734,5810.0,6096.126984126984
1496,63,8,P8,63,3.770833333333333e-05,-0.0044849669793620706,5600.0,5606.0,32.90393424034119,2.1266868114471436,35.03062105178833,5597.0,5959.650793650793
1497,63,9,P9,63,3.766666666666667e-05,0.011722338967956603,5530.0,5390.0,31.29272150993347,2.0178544521331787,33.31057596206665,5340.0,5759.857142857143
1498,63,10,P10,63,3.7625e-05,-0.007307083462364972,5626.0,5566.0,19.599647283554077,1.2924385070800781,20.892085790634155,5458.0,5727.714285714285
1499,63,11,P11,63,3.7583333333333337e-05,-0.008634627622086555,11389.0,11389.0,37.94467759132385,2.5233092308044434,40.467986822128296,11372.0,11453.730158730159
1500,63,12,P12,63,3.754166666666667e-05,0.0024097048735711724,12022.0,11922.0,45.42290139198303,3.028268814086914,48.451170206069946,11842.0,12275.095238095239
1501,63,13,P13,63,3.7500000000000003e-05,0.006545650539919734,19981.0,19842.0,106.60120224952698,7.890439510345459,114.49164175987244,19375.0,20111.31746031746
1502,63,14,P14,63,3.745833333333334e-05,-0.0058968909725081176,21909.0,21788.0,106.74191236495972,7.932636260986328,114.67454862594604,21611.0,22244.14285714286
1503,63,15,P15,63,3.7416666666666664e-05,0.004737437950097956,20239.0,20191.0,111.3769781589508,8.224561929702759,119.60154008865356,19840.0,20592.714285714286
1504,63,16,P16,63,3.737500000000001e-05,0.002126172510907054,20854.0,20742.0,134.32452869415283,10.205421209335327,144.52994990348816,20439.0,20997.73015873016
1505,63,17,P17,63,3.733333333333333e-05,0.0017845459165982901,21141.0,21083.0,136.02440333366394,10.175777673721313,146.20018100738525,20626.0,21609.015873015873
1506,63,18,P18,63,3.729166666666667e-05,-0.0036763993150088934,20570.0,20745.0,126.15532112121582,9.574238300323486,135.7295594215393,20176.0,20928.650793650795
1507,63,19,P19,63,3.7250000000000004e-05,0.0012518969946540893,23583.0,23657.0,130.83907628059387,10.081594705581665,140.92067098617554,22915.0,24002.25396825397
1508,63,20,P20,63,3.7208333333333334e-05,0.0007767586910631507,22932.0,23218.0,139.8616771697998,10.929001808166504,150.7906789779663,22736.0,23528.666666666668
1509,63,21,P21,63,3.716666666666667e-05,0.000493545535573503,24073.0,24095.0,148.0149097442627,11.564969301223755,159.57987904548645,23628.0,24513.285714285714
1510,63,22,P22,63,3.7125e-05,0.0014334176492411643,23987.0,23908.0,148.45344924926758,11.459312438964844,159.91276168823242,23280.0,23992.396825396827
1511,63,23,P23,63,3.708333333333334e-05,-0.0034289791947230697,33111.0,34491.0,195.095965385437,15.291290760040283,210.3872561454773,32708.0,35667.793650793654
1512,63,24,P24,63,3.704166666666666e-05,0.0011781803870690056,24423.0,24136.0,132.56660223007202,10.42124891281128,142.9878511428833,23713.0,24368.571428571428
1513,64,1,P1,64,3.7e-05,-0.018008054932579398,5971.0,5875.0,31.33632183074951,2.044487476348877,33.38080930709839,5872.0,6253.9375
1514,64,2,P2,64,3.695833333333334e-05,0.00844997656531632,8494.0,8192.0,39.99832105636597,2.6074094772338867,42.60573053359985,8124.0,8729.15625
1515,64,3,P3,64,3.6916666666666665e-05,0.02867760043591261,6765.0,6720.0,28.296942710876465,1.8515100479125977,30.148452758789062,6045.0,6566.203125
1516,64,4,P4,64,3.6875e-05,0.0005351736908778548,3748.0,3706.0,22.249743700027466,1.4460875988006592,23.695831298828125,3655.0,3779.0
1517,64,5,P5,64,3.683333333333333e-05,-0.012507089180871844,4217.0,4217.0,24.353161096572876,1.5775725841522217,25.930733680725098,4202.0,4292.953125
1518,64,6,P6,64,3.679166666666667e-05,-0.012627080548554659,4105.0,4210.0,25.5320827960968,1.6768360137939453,27.208918809890747,3957.0,4114.34375
1519,64,7,P7,64,3.6750000000000006e-05,-0.01523868355434388,5816.0,5822.0,37.365970849990845,2.42103910446167,39.787009954452515,5810.0,6091.84375
1520,64,8,P8,64,3.6708333333333336e-05,0.0089795864187181,5660.0,5630.0,33.10813283920288,2.1457321643829346,35.253865003585815,5597.0,5954.5
1521,64,9,P9,64,3.666666666666667e-05,0.0002962145044875797,5481.0,5480.0,31.24386429786682,2.02406644821167,33.26793074607849,5340.0,5755.484375
1522,64,10,P10,64,3.6624999999999996e-05,0.004266276955604553,5650.0,5639.0,20.000845670700073,1.2927360534667969,21.29358172416687,5458.0,5726.328125
1523,64,11,P11,64,3.658333333333334e-05,-0.0022205136629054323,11372.0,11372.0,37.52331304550171,2.497804880142212,40.02111792564392,11372.0,11452.453125
1524,64,12,P12,64,3.654166666666666e-05,0.005643929238431156,12092.0,12092.0,45.30512070655823,3.010258436203003,48.31537914276123,11842.0,12272.234375
1525,64,13,P13,64,3.65e-05,0.004007106297649443,19605.0,19588.0,106.77781176567078,7.904038429260254,114.68185019493103,19375.0,20103.140625
1526,64,14,P14,64,3.6458333333333336e-05,-0.0029639240819960833,21818.0,21808.0,106.91983389854431,7.9429895877838135,114.86282348632812,21611.0,22237.328125
1527,64,15,P15,64,3.6416666666666666e-05,0.0005523779336726875,20015.0,20061.0,111.06392860412598,8.234122037887573,119.29805064201355,19840.0,20584.40625
1528,64,16,P16,64,3.6375e-05,0.0006105622511313413,20833.0,20717.0,134.15884399414062,10.210387468338013,144.36923146247864,20439.0,20993.34375
1529,64,17,P17,64,3.633333333333333e-05,0.0021600150677841155,21213.0,21147.0,135.967289686203,10.19959807395935,146.16688776016235,20626.0,21601.796875
1530,64,18,P18,64,3.629166666666667e-05,-0.003816985315643251,20440.0,20520.0,125.88435244560242,9.508613586425781,135.3929660320282,20176.0,20922.265625
1531,64,19,P19,64,3.625000000000001e-05,0.003272738482337445,23642.0,23530.0,130.40600156784058,10.058672189712524,140.4646737575531,22915.0,23994.875
1532,64,20,P20,64,3.620833333333333e-05,-0.0007452983627445064,22964.0,22775.0,139.78136920928955,10.81528639793396,150.5966556072235,22736.0,23516.890625
1533,64,21,P21,64,3.6166666666666674e-05,0.0029855222441256047,24245.0,24339.0,148.61125445365906,11.552337169647217,160.16359162330627,23628.0,24510.5625
1534,64,22,P22,64,3.6125e-05,-0.002165017899824306,23913.0,23830.0,148.04263019561768,11.544376373291016,159.5870065689087,23280.0,23989.859375
1535,64,23,P23,64,3.6083333333333334e-05,0.0005158482571070115,33125.0,33996.0,195.91326117515564,15.402425289154053,211.3156864643097,32708.0,35641.671875
1536,64,24,P24,64,3.604166666666667e-05,-0.0013014172815019264,24276.0,24018.0,132.12497568130493,10.45099401473999,142.57596969604492,23713.0,24363.09375
1537,65,1,P1,65,3.6e-05,-0.01642469596117735,5944.0,5872.0,31.294234037399292,2.04721736907959,33.34145140647888,5872.0,6248.0615384615385
1538,65,2,P2,65,3.595833333333334e-05,0.0019202663097530603,8280.0,8200.0,39.88388228416443,2.6225268840789795,42.50640916824341,8124.0,8721.015384615384
1539,65,3,P3,65,3.591666666666667e-05,0.0165024995803833,6890.0,6801.0,28.323086500167847,1.855689525604248,30.178776025772095,6045.0,6569.815384615385
1540,65,4,P4,65,3.5875000000000005e-05,0.017489904537796974,3731.0,3744.0,22.237360954284668,1.4433605670928955,23.680721521377563,3655.0,3778.4615384615386
1541,65,5,P5,65,3.583333333333333e-05,0.0025815876433625817,4222.0,4222.0,24.204678297042847,1.5823276042938232,25.78700590133667,4202.0,4291.861538461539
1542,65,6,P6,65,3.5791666666666665e-05,-0.0015766201831866056,4085.0,4080.0,25.382548093795776,1.652353286743164,27.03490138053894,3957.0,4113.815384615385
1543,65,7,P7,65,3.575000000000001e-05,-0.02303331741131842,5849.0,5810.0,37.35609436035156,2.4335904121398926,39.789684772491455,5810.0,6087.507692307692
1544,65,8,P8,65,3.570833333333333e-05,0.010025378782302141,5640.0,5630.0,32.99760985374451,2.151514768600464,35.14912462234497,5597.0,5949.507692307692
1545,65,9,P9,65,3.566666666666667e-05,0.0048172879905905575,5420.0,5346.0,31.212684154510498,2.0220799446105957,33.234764099121094,5340.0,5749.184615384615
1546,65,10,P10,65,3.5625e-05,-0.009267294313758612,5650.0,5650.0,19.834176301956177,1.316164255142212,21.15034055709839,5458.0,5725.153846153846
1547,65,11,P11,65,3.5583333333333335e-05,-0.011801404878497124,11372.0,11372.0,37.74937295913696,2.4962151050567627,40.245588064193726,11372.0,11451.215384615385
1548,65,12,P12,65,3.554166666666667e-05,0.0055694924085401,11992.0,11892.0,45.201571464538574,3.0112709999084473,48.21284246444702,11842.0,12266.384615384615
1549,65,13,P13,65,3.55e-05,0.014009964710567147,19697.0,19725.0,106.62981867790222,7.902453899383545,114.53227257728577,19375.0,20097.323076923076
1550,65,14,P14,65,3.545833333333334e-05,-0.007351611275225878,21981.0,21900.0,107.45015859603882,7.896705150604248,115.34686374664307,21611.0,22232.138461538463
1551,65,15,P15,65,3.541666666666666e-05,0.003078872621699702,20301.0,20094.0,110.93291711807251,8.190968990325928,119.12388610839844,19840.0,20576.861538461537
1552,65,16,P16,65,3.5375e-05,-0.004009851068258285,20815.0,20707.0,134.78422355651855,10.092174530029297,144.87639808654785,20439.0,20988.938461538462
1553,65,17,P17,65,3.533333333333334e-05,0.0021198026137426496,21214.0,21010.0,135.50845527648926,10.312351942062378,145.82080721855164,20626.0,21592.69230769231
1554,65,18,P18,65,3.5291666666666666e-05,-0.0015584383334498852,20570.0,20687.0,125.5724048614502,9.54061245918274,135.11301732063293,20176.0,20918.646153846155
1555,65,19,P19,65,3.525e-05,0.0017083668033592403,23424.0,23612.0,130.68945288658142,10.080703496932983,140.7701563835144,22915.0,23988.984615384616
1556,65,20,P20,65,3.520833333333333e-05,0.0005583651374763577,23048.0,22981.0,140.15269708633423,10.986587285995483,151.1392843723297,22736.0,23508.646153846155
1557,65,21,P21,65,3.516666666666667e-05,0.002529640102875419,24304.0,24128.0,149.0173556804657,11.555097341537476,160.57245302200317,23628.0,24504.676923076924
1558,65,22,P22,65,3.5125e-05,-0.002015145633049542,23752.0,23746.0,148.05193758010864,11.524749040603638,159.57668662071228,23280.0,23986.10769230769
1559,65,23,P23,65,3.508333333333334e-05,0.0004376657847647688,32885.0,32933.0,194.80754208564758,15.503172159194946,210.31071424484253,32708.0,35600.0
1560,65,24,P24,65,3.5041666666666674e-05,-0.000821947733493289,24252.0,24239.0,132.32703185081482,10.465553522109985,142.7925853729248,23713.0,24361.184615384616
1561,66,1,P1,66,3.5e-05,-0.014964786940254271,5972.0,6012.0,31.199665784835815,2.0315165519714355,33.23118233680725,5872.0,6244.484848484848
1562,66,2,P2,66,3.495833333333334e-05,0.0017002310923999175,8390.0,8150.0,39.75224256515503,2.6166317462921143,42.368874311447144,8124.0,8712.363636363636
1563,66,3,P3,66,3.4916666666666664e-05,0.01378694735467434,6744.0,6801.0,28.592645168304443,1.8746089935302734,30.467254161834717,6045.0,6573.318181818182
1564,66,4,P4,66,3.4875e-05,0.012263755779713392,3706.0,3726.0,22.333043098449707,1.4382104873657227,23.77125358581543,3655.0,3777.6666666666665
1565,66,5,P5,66,3.483333333333334e-05,0.0007100263756001368,4222.0,4222.0,24.26901888847351,1.5862090587615967,25.855227947235107,4202.0,4290.80303030303
1566,66,6,P6,66,3.479166666666667e-05,0.006442209123633802,4155.0,4080.0,25.283952474594116,1.6396596431732178,26.923612117767334,3957.0,4113.30303030303
1567,66,7,P7,66,3.4750000000000004e-05,-0.009346493287011981,5808.0,6127.0,37.61933255195618,2.449100971221924,40.0684335231781,5810.0,6088.106060606061
1568,66,8,P8,66,3.4708333333333334e-05,0.0020685131603386253,5790.0,5930.0,33.31109619140625,2.1575658321380615,35.46866202354431,5597.0,5949.212121212121
1569,66,9,P9,66,3.466666666666667e-05,0.004241493530571461,5657.0,5600.0,30.9922776222229,2.031675100326538,33.02395272254944,5340.0,5746.924242424242
1570,66,10,P10,66,3.4624999999999995e-05,-0.01790565811097622,5609.0,5650.0,19.812130451202393,1.3118300437927246,21.123960494995117,5458.0,5724.015151515152
1571,66,11,P11,66,3.458333333333333e-05,-0.014793391805142164,11372.0,11372.0,38.14402723312378,2.508207082748413,40.65223431587219,11372.0,11450.015151515152
1572,66,12,P12,66,3.4541666666666675e-05,0.0011869353729707655,11887.0,11875.0,45.24370336532593,2.985168218612671,48.2288715839386,11842.0,12260.454545454546
1573,66,13,P13,66,3.45e-05,0.012917816289700568,19601.0,19697.0,105.86252236366272,7.849369525909424,113.71189188957214,19375.0,20091.257575757576
1574,66,14,P14,66,3.4458333333333335e-05,-0.005835681804455817,21900.0,22141.0,107.1993887424469,7.863773584365845,115.06316232681274,21611.0,22230.757575757576
1575,66,15,P15,66,3.4416666666666665e-05,0.003677804139442742,20494.0,20559.0,110.50327920913696,8.30376386642456,118.80704307556152,19840.0,20576.590909090908
1576,66,16,P16,66,3.4375e-05,-0.005014296085573733,20682.0,20746.0,135.5444107055664,10.131584167480469,145.67599487304688,20439.0,20985.257575757576
1577,66,17,P17,66,3.433333333333334e-05,0.005007472028955818,21323.0,21213.0,136.40550470352173,10.317230224609375,146.7227349281311,20626.0,21586.939393939392
1578,66,18,P18,66,3.429166666666667e-05,-0.004305608570575714,20785.0,20605.0,125.71103572845459,9.526259422302246,135.23729515075684,20176.0,20913.89393939394
1579,66,19,P19,66,3.4250000000000006e-05,0.0038957085460424425,23911.0,23971.0,130.6929750442505,10.136630296707153,140.82960534095764,22915.0,23988.71212121212
1580,66,20,P20,66,3.420833333333333e-05,-0.0004787853744346648,23444.0,23220.0,139.8815565109253,10.79015564918518,150.67171216011047,22736.0,23504.272727272728
1581,66,21,P21,66,3.4166666666666666e-05,0.0028639221040066332,24482.0,24063.0,148.58447694778442,11.529855489730835,160.11433243751526,23628.0,24497.984848484848
1582,66,22,P22,66,3.412500000000001e-05,-0.0018578577670268714,24113.0,23955.0,148.4077730178833,11.67422080039978,160.08199381828308,23280.0,23985.636363636364
1583,66,23,P23,66,3.408333333333333e-05,-0.0012752505795755756,32839.0,32702.0,194.74172496795654,15.391438007354736,210.13316297531128,32702.0,35556.09090909091
1584,66,24,P24,66,3.404166666666667e-05,0.0012453003364498727,24512.0,24481.0,133.51634883880615,10.433130741119385,143.94947957992554,23713.0,24363.0
1585,67,1,P1,67,3.4e-05,-0.007245717744808644,6072.0,6022.0,31.15649175643921,2.047520875930786,33.204012632369995,5872.0,6241.164179104478
1586,67,2,P2,67,3.3958333333333337e-05,0.005090048478450626,8708.0,8752.0,39.682281494140625,2.5722904205322266,42.25457191467285,8124.0,8712.955223880597
1587,67,3,P3,67,3.391666666666667e-05,-0.015323604457080364,6612.0,6890.0,28.524120569229126,1.8791823387145996,30.403302907943726,6045.0,6578.044776119403
1588,67,4,P4,67,3.3875000000000003e-05,0.033169591799378395,3850.0,3782.0,22.495742797851562,1.4424147605895996,23.938157558441162,3655.0,3777.731343283582
1589,67,5,P5,67,3.383333333333334e-05,-0.00014327087046694942,4222.0,4202.0,24.340789556503296,1.5811221599578857,25.92191171646118,4202.0,4289.477611940299
1590,67,6,P6,67,3.3791666666666664e-05,0.012326001655310392,4185.0,4155.0,25.277238607406616,1.6486339569091797,26.925872564315796,3957.0,4113.925373134329
1591,67,7,P7,67,3.375000000000001e-05,0.004371829534647986,6324.0,6504.0,37.17088198661804,2.407771110534668,39.57865309715271,5810.0,6094.313432835821
1592,67,8,P8,67,3.370833333333333e-05,0.0012087174472981133,6350.0,6020.0,33.33152675628662,2.129038095474243,35.460564851760864,5597.0,5950.268656716418
1593,67,9,P9,67,3.366666666666667e-05,-0.003710193544975482,6010.0,5810.0,31.421977758407593,2.0310580730438232,33.453035831451416,5340.0,5747.865671641791
1594,67,10,P10,67,3.3625000000000004e-05,-0.02138483477756381,5602.0,5664.0,19.8028564453125,1.312976360321045,21.115832805633545,5458.0,5723.119402985075
1595,67,11,P11,67,3.3583333333333334e-05,-0.013328668777830899,11372.0,11389.0,38.01684522628784,2.5477232933044434,40.564568519592285,11372.0,11449.10447761194
1596,67,12,P12,67,3.354166666666667e-05,-0.0008327300565724727,11785.0,12022.0,45.11343264579773,2.9901375770568848,48.103570222854614,11842.0,12256.89552238806
1597,67,13,P13,67,3.35e-05,0.013949584274087101,19842.0,19987.0,105.61997771263123,7.88376522064209,113.50374293327332,19375.0,20089.701492537315
1598,67,14,P14,67,3.345833333333334e-05,-0.006090832524932921,22098.0,22061.0,107.82019639015198,7.839731216430664,115.65992760658264,21611.0,22228.223880597016
1599,67,15,P15,67,3.341666666666666e-05,0.003996901607024483,20729.0,20750.0,110.0221176147461,8.19814157485962,118.22025918960571,19840.0,20579.17910447761
1600,67,16,P16,67,3.3375e-05,-0.003687112673651427,20940.0,20861.0,135.10453033447266,10.116746187210083,145.22127652168274,20439.0,20983.402985074626
1601,67,17,P17,67,3.333333333333334e-05,0.0027166342013515534,21458.0,21315.0,135.5657353401184,10.264386415481567,145.83012175559998,20626.0,21582.880597014926
1602,67,18,P18,67,3.3291666666666665e-05,-0.001962881663348526,20759.0,20678.0,126.41871047019958,9.533543109893799,135.95225358009338,20176.0,20910.373134328358
1603,67,19,P19,67,3.325e-05,0.0019728530081920327,23636.0,23607.0,130.57035541534424,10.247714757919312,140.81807017326355,22915.0,23983.014925373136
1604,67,20,P20,67,3.320833333333333e-05,0.0009308438869993551,23444.0,23368.0,139.63060307502747,11.246869325637817,150.87747240066528,22736.0,23502.238805970148
1605,67,21,P21,67,3.316666666666667e-05,0.0012355569677310995,24563.0,24202.0,153.78346753120422,11.47189450263977,165.255362033844,23628.0,24493.567164179105
1606,67,22,P22,67,3.3125000000000006e-05,-0.0010411123792437138,24220.0,23919.0,147.82410717010498,11.708613157272339,159.53272032737732,23280.0,23984.641791044774
1607,67,23,P23,67,3.3083333333333336e-05,-0.0015820360677025747,32898.0,32766.0,193.76755619049072,15.31158995628357,209.0791461467743,32702.0,35514.44776119403
1608,67,24,P24,67,3.304166666666667e-05,0.0014253042865675525,24415.0,24481.0,132.51886296272278,10.383265256881714,142.9021282196045,23713.0,24364.761194029852
1609,68,1,P1,68,3.2999999999999996e-05,-0.01087491970974952,6012.0,6208.0,30.887941598892212,2.016512393951416,32.90445399284363,5872.0,6240.676470588235
1610,68,2,P2,68,3.295833333333333e-05,0.013243058463558555,8922.0,8752.0,39.48301434516907,2.595494270324707,42.078508615493774,8124.0,8713.529411764706
1611,68,3,P3,68,3.2916666666666676e-05,-0.006749946784111671,6676.0,6724.0,28.481146335601807,1.8612439632415771,30.342390298843384,6045.0,6580.191176470588
1612,68,4,P4,68,3.2875e-05,-0.001825097482651472,3731.0,3712.0,22.55562949180603,1.4678306579589844,24.023460149765015,3655.0,3776.764705882353
1613,68,5,P5,68,3.2833333333333336e-05,-0.0015726886922493577,4222.0,4202.0,24.46500301361084,1.5821819305419922,26.047184944152832,4202.0,4288.191176470588
1614,68,6,P6,68,3.2791666666666666e-05,0.015497516840696335,4185.0,4155.0,25.38265895843506,1.6394586563110352,27.022117614746094,3957.0,4114.529411764706
1615,68,7,P7,68,3.275e-05,-0.00021374502830440179,6277.0,6214.0,37.08118391036987,2.4134418964385986,39.49462580680847,5810.0,6096.073529411765
1616,68,8,P8,68,3.2708333333333327e-05,0.012488061795011163,6360.0,6060.0,33.061317920684814,2.1435656547546387,35.20488357543945,5597.0,5951.882352941177
1617,68,9,P9,68,3.266666666666667e-05,-0.03145094565115869,5620.0,5570.0,31.15162682533264,2.02376651763916,33.1753933429718,5340.0,5745.25
1618,68,10,P10,68,3.262500000000001e-05,-0.004498407361097634,5550.0,5650.0,19.765747547149658,1.3096184730529785,21.075366020202637,5458.0,5722.044117647059
1619,68,11,P11,68,3.258333333333333e-05,0.006058061902876943,11389.0,11389.0,37.989033937454224,2.539036273956299,40.52807021141052,11372.0,11448.220588235294
1620,68,12,P12,68,3.254166666666667e-05,0.010851661791093647,11984.0,11939.0,45.73455333709717,2.9843966960906982,48.718950033187866,11842.0,12252.220588235294
1621,68,13,P13,68,3.25e-05,0.008003671129699796,19744.0,19697.0,106.41275596618652,7.857657432556152,114.27041339874268,19375.0,20083.926470588234
1622,68,14,P14,68,3.2458333333333334e-05,-0.006263461516937241,21910.0,21935.0,107.82541346549988,7.89551568031311,115.72092914581299,21611.0,22223.91176470588
1623,68,15,P15,68,3.241666666666667e-05,0.006038132298272103,20384.0,20538.0,110.67378830909729,8.218684196472168,118.89247250556946,19840.0,20578.573529411766
1624,68,16,P16,68,3.2375e-05,-0.002832343988120556,20775.0,20854.0,134.31786465644836,10.117356538772583,144.43522119522095,20439.0,20981.5
1625,68,17,P17,68,3.233333333333334e-05,0.0014729076152434572,21213.0,21458.0,135.5751612186432,10.242595672607422,145.8177568912506,20626.0,21581.04411764706
1626,68,18,P18,68,3.229166666666667e-05,-0.0015538003557594494,20620.0,20634.0,125.93216633796692,9.364616632461548,135.29678297042847,20176.0,20906.308823529413
1627,68,19,P19,68,3.2250000000000005e-05,0.002287654631072655,23448.0,23466.0,130.4779679775238,10.19675612449646,140.67472410202026,22915.0,23975.41176470588
1628,68,20,P20,68,3.220833333333334e-05,0.00019962167607445735,23046.0,22698.0,140.12411618232727,10.88073444366455,151.00485062599182,22698.0,23490.41176470588
1629,68,21,P21,68,3.2166666666666665e-05,0.000787884564124397,24129.0,24209.0,148.72998476028442,11.466922044754028,160.19690680503845,23628.0,24489.382352941175
1630,68,22,P22,68,3.212500000000001e-05,0.00033005509176291524,23841.0,23803.0,147.6047646999359,11.641063451766968,159.24582815170288,23280.0,23981.970588235294
1631,68,23,P23,68,3.208333333333333e-05,-0.0011443324105390015,33089.0,32768.0,194.52357983589172,15.386480808258057,209.91006064414978,32702.0,35474.05882352941
1632,68,24,P24,68,3.204166666666667e-05,-0.0019709175641764885,24234.0,24243.0,132.99303150177002,10.422072410583496,143.41510391235352,23713.0,24362.970588235294
1633,69,1,P1,69,3.2e-05,-0.006327396840788424,6012.0,6012.0,31.20340609550476,2.0563597679138184,33.25976586341858,5872.0,6237.36231884058
1634,69,2,P2,69,3.1958333333333335e-05,-0.0014596742767025717,8280.0,8124.0,39.960598945617676,2.621164560317993,42.58176350593567,8124.0,8704.985507246376
1635,69,3,P3,69,3.191666666666667e-05,0.01819458173122257,6519.0,6462.0,28.485647678375244,1.872302532196045,30.35795021057129,6045.0,6578.478260869565
1636,69,4,P4,69,3.1875e-05,0.008188506588339806,3778.0,3746.0,22.44767189025879,1.467297077178955,23.914968967437744,3655.0,3776.31884057971
1637,69,5,P5,69,3.183333333333334e-05,-0.0043462932808324695,4222.0,4202.0,24.774682760238647,1.6027154922485352,26.377398252487183,4202.0,4286.942028985507
1638,69,6,P6,69,3.179166666666666e-05,-0.005353963351808488,4015.0,4015.0,25.412168741226196,1.650130033493042,27.06229877471924,3957.0,4113.086956521739
1639,69,7,P7,69,3.175e-05,0.00030304213942145,5847.0,5880.0,37.28669881820679,2.436812162399292,39.72351098060608,5810.0,6092.942028985507
1640,69,8,P8,69,3.170833333333334e-05,0.0008113412477541715,5800.0,5650.0,33.18023753166199,2.1646299362182617,35.34486746788025,5597.0,5947.507246376812
1641,69,9,P9,69,3.1666666666666666e-05,-0.006130312343884725,5410.0,5320.0,31.214187383651733,2.028214931488037,33.24240231513977,5320.0,5739.086956521739
1642,69,10,P10,69,3.1625e-05,-0.007731088204309344,5650.0,5650.0,20.094435214996338,1.309253454208374,21.403688669204712,5458.0,5721.0
1643,69,11,P11,69,3.158333333333333e-05,-0.017373747192323208,11372.0,11372.0,38.373907804489136,2.5382790565490723,40.91218686103821,11372.0,11447.115942028986
1644,69,12,P12,69,3.154166666666667e-05,0.007661438372451812,12001.0,11920.0,45.89547109603882,3.005988121032715,48.90145921707153,11842.0,12247.40579710145
1645,69,13,P13,69,3.149999999999999e-05,0.019733174238353968,19622.0,19978.0,106.44015693664551,7.9318342208862305,114.37199115753174,19375.0,20082.391304347828
1646,69,14,P14,69,3.145833333333334e-05,-0.009285594365792349,21848.0,21759.0,107.9910364151001,8.047764539718628,116.03880095481873,21611.0,22217.17391304348
1647,69,15,P15,69,3.1416666666666674e-05,0.002884150242607575,20030.0,19840.0,110.87992310523987,8.24964427947998,119.12956738471985,19840.0,20567.869565217392
1648,69,16,P16,69,3.1375e-05,-0.007569021102972329,20629.0,20888.0,135.3301296234131,10.10567307472229,145.43580269813538,20439.0,20980.144927536232
1649,69,17,P17,69,3.1333333333333334e-05,0.004304821661207825,20962.0,21083.0,136.26492714881897,10.258031606674194,146.52295875549316,20626.0,21573.82608695652
1650,69,18,P18,69,3.1291666666666664e-05,-0.002284676086856052,20506.0,20495.0,126.36986041069031,9.470833539962769,135.84069395065308,20176.0,20900.347826086956
1651,69,19,P19,69,3.125e-05,0.0022657366149360313,23146.0,23150.0,130.55712032318115,10.156906127929688,140.71402645111084,22915.0,23963.44927536232
1652,69,20,P20,69,3.120833333333334e-05,6.054847290215548e-06,22868.0,22799.0,139.81341218948364,10.9572012424469,150.77061343193054,22698.0,23480.391304347828
1653,69,21,P21,69,3.116666666666667e-05,0.002042264913325198,24055.0,23961.0,149.30533814430237,11.453217506408691,160.75855565071106,23628.0,24481.72463768116
1654,69,22,P22,69,3.1125000000000004e-05,-0.0008442433219897794,23642.0,23507.0,147.22917413711548,11.594342231750488,158.82351636886597,23280.0,23975.08695652174
1655,69,23,P23,69,3.108333333333333e-05,0.002771356820760827,33174.0,32826.0,196.13394570350647,15.448627233505249,211.58257293701172,32702.0,35435.68115942029
1656,69,24,P24,69,3.104166666666667e-05,-0.004542101779952646,24028.0,23880.0,133.06377124786377,10.3712899684906,143.43506121635437,23713.0,24355.971014492752
1657,70,1,P1,70,3.100000000000001e-05,-0.007560344820376486,6012.0,6152.0,31.495778799057007,2.0828254222869873,33.578604221343994,5872.0,6236.142857142857
1658,70,2,P2,70,3.095833333333333e-05,-0.003952654864406213,8200.0,8192.0,39.96318221092224,2.640310049057007,42.60349225997925,8124.0,8697.657142857142
1659,70,3,P3,70,3.091666666666667e-05,-0.003061256378714461,6398.0,6102.0,28.633711338043213,1.877133846282959,30.510845184326172,6045.0,6571.671428571429
1660,70,4,P4,70,3.0875e-05,0.016398075968027115,3783.0,3780.0,22.405228853225708,1.4741733074188232,23.87940216064453,3655.0,3776.3714285714286
1661,70,5,P5,70,3.0833333333333335e-05,0.012206180486828089,4242.0,4202.0,24.764545679092407,1.6052820682525635,26.36982774734497,4202.0,4285.728571428572
1662,70,6,P6,70,3.0791666666666665e-05,0.008296328131109476,4095.0,4072.0,25.537283182144165,1.6461379528045654,27.18342113494873,3957.0,4112.5
1663,70,7,P7,70,3.075e-05,0.0011267737281741574,5840.0,5827.0,37.78640294075012,2.431722402572632,40.218125343322754,5810.0,6089.142857142857
1664,70,8,P8,70,3.070833333333334e-05,-0.005254824776784517,5850.0,5600.0,33.04963517189026,2.1418027877807617,35.19143795967102,5597.0,5942.542857142857
1665,70,9,P9,70,3.066666666666667e-05,-0.0011371245927875862,5500.0,5430.0,31.3246591091156,2.01845121383667,33.34311032295227,5320.0,5734.671428571429
1666,70,10,P10,70,3.0625000000000006e-05,-0.006195685011334717,5650.0,5650.0,19.798162937164307,1.3155076503753662,21.113670587539673,5458.0,5719.9857142857145
1667,70,11,P11,70,3.058333333333333e-05,-0.016524530365131795,11372.0,11372.0,38.08252787590027,2.520933151245117,40.603461027145386,11372.0,11446.042857142857
1668,70,12,P12,70,3.0541666666666666e-05,0.005087580997496843,12000.0,11935.0,45.83515477180481,3.0616774559020996,48.89683222770691,11842.0,12242.942857142858
1669,70,13,P13,70,3.0500000000000006e-05,0.016524593462236226,19871.0,19566.0,105.89950633049011,7.882562875747681,113.7820692062378,19375.0,20075.014285714286
1670,70,14,P14,70,3.0458333333333333e-05,-0.007936984184198081,21925.0,21780.0,107.51642727851868,8.00570559501648,115.52213287353516,21611.0,22210.928571428572
1671,70,15,P15,70,3.041666666666667e-05,0.0006121202361555333,20201.0,20152.0,110.92398500442505,8.22353482246399,119.14751982688904,19840.0,20561.928571428572
1672,70,16,P16,70,3.0374999999999996e-05,-0.0020553489215672017,20690.0,20629.0,135.21103858947754,10.157494068145752,145.3685326576233,20439.0,20975.128571428573
1673,70,17,P17,70,3.0333333333333337e-05,0.001656255274428986,21058.0,21213.0,135.57307076454163,10.285914659500122,145.85898542404175,20626.0,21568.67142857143
1674,70,18,P18,70,3.0291666666666663e-05,-0.0015611869399435817,20585.0,20560.0,126.23906326293945,9.442347288131714,135.68141055107117,20176.0,20895.485714285714
1675,70,19,P19,70,3.025e-05,0.0023471941793104635,23377.0,23171.0,130.19519758224487,10.206443548202515,140.4016411304474,22915.0,23952.128571428573
1676,70,20,P20,70,3.0208333333333337e-05,-0.0012892436599940993,22596.0,22783.0,139.58167791366577,10.918138027191162,150.49981594085693,22698.0,23470.428571428572
1677,70,21,P21,70,3.0166666666666667e-05,0.003731257270555943,24071.0,24045.0,149.3570590019226,11.498989820480347,160.85604882240295,23628.0,24475.485714285714
1678,70,22,P22,70,3.0125000000000004e-05,-0.002298873121617362,23691.0,23613.0,147.28943347930908,11.602931261062622,158.8923647403717,23280.0,23969.914285714287
1679,70,23,P23,70,3.008333333333333e-05,0.002330376014080165,32982.0,32886.0,195.52910041809082,15.402324914932251,210.93142533302307,32702.0,35399.25714285715
1680,70,24,P24,70,3.0041666666666667e-05,-0.0038607458933256566,24065.0,24091.0,132.7840530872345,10.325745820999146,143.10979890823364,23713.0,24352.185714285715
1681,71,1,P1,71,3.0000000000000008e-05,-0.00622767093591392,6012.0,6012.0,31.582382202148438,2.0638620853424072,33.646244287490845,5872.0,6232.985915492958
1682,71,2,P2,71,2.9958333333333334e-05,-0.007741239154711366,8244.0,8192.0,39.8620069026947,2.6222617626190186,42.48426866531372,8124.0,8690.535211267606
1683,71,3,P3,71,2.991666666666667e-05,-0.007139973757148255,6089.0,6303.0,28.740806818008423,1.874807357788086,30.61561417579651,6045.0,6567.887323943662
1684,71,4,P4,71,2.9874999999999998e-05,0.014840187970548868,3762.0,3749.0,22.263802528381348,1.456993579864502,23.72079610824585,3655.0,3775.9859154929577
1685,71,5,P5,71,2.9833333333333335e-05,0.008231882471591234,4202.0,4202.0,24.629152059555054,1.5970408916473389,26.226192951202393,4202.0,4284.549295774648
1686,71,6,P6,71,2.9791666666666675e-05,0.008807415142655373,4045.0,4015.0,25.676416873931885,1.6756980419158936,27.35211491584778,3957.0,4111.12676056338
1687,71,7,P7,71,2.975e-05,0.001107257583498722,5910.0,5947.0,37.54361057281494,2.432431221008301,39.97604179382324,5810.0,6087.140845070423
1688,71,8,P8,71,2.9708333333333338e-05,-0.010760308476164937,5690.0,5650.0,32.89887046813965,2.1520159244537354,35.050886392593384,5597.0,5938.422535211268
1689,71,9,P9,71,2.9666666666666665e-05,0.017341022146865726,5600.0,5420.0,31.44062900543213,2.0328991413116455,33.473528146743774,5320.0,5730.239436619719
1690,71,10,P10,71,2.9625000000000002e-05,-0.011090256972238421,5550.0,5650.0,19.9891574382782,1.3102874755859375,21.299444913864136,5458.0,5719.0
1691,71,11,P11,71,2.958333333333333e-05,-0.013553336495533586,11389.0,11389.0,38.12214779853821,2.5349996089935303,40.65714740753174,11372.0,11445.239436619719
1692,71,12,P12,71,2.954166666666667e-05,0.0004927735785713594,12064.0,12000.0,45.949156522750854,3.0616559982299805,49.010812520980835,11842.0,12239.521126760563
1693,71,13,P13,71,2.9500000000000006e-05,0.005225439032074064,19697.0,19697.0,105.96274471282959,7.797025442123413,113.759770154953,19375.0,20069.690140845072
1694,71,14,P14,71,2.9458333333333332e-05,-0.0034515693259891123,21790.0,21799.0,107.48633050918579,7.972707509994507,115.4590380191803,21611.0,22205.12676056338
1695,71,15,P15,71,2.941666666666667e-05,0.005092166597023606,20462.0,20185.0,110.84212684631348,8.191386699676514,119.03351354598999,19840.0,20556.61971830986
1696,71,16,P16,71,2.9374999999999996e-05,7.184149035310838e-05,20880.0,20689.0,134.62411093711853,10.174072265625,144.79818320274353,20439.0,20971.098591549297
1697,71,17,P17,71,2.9333333333333336e-05,0.0006464554207923356,20953.0,21160.0,135.3109211921692,10.245030164718628,145.55595135688782,20626.0,21562.915492957745
1698,71,18,P18,71,2.9291666666666673e-05,-0.0009195817528961925,20580.0,20726.0,126.63267755508423,9.396283626556396,136.02896118164062,20176.0,20893.098591549297
1699,71,19,P19,71,2.925e-05,0.0008327923740580445,23491.0,23662.0,130.13577795028687,10.1680428981781,140.30382084846497,22915.0,23948.042253521126
1700,71,20,P20,71,2.9208333333333336e-05,0.00043848608147527556,22662.0,22831.0,139.6204433441162,10.89708423614502,150.51752758026123,22698.0,23461.422535211266
1701,71,21,P21,71,2.9166666666666663e-05,0.0009881854079139885,23994.0,23906.0,149.03698992729187,11.533520936965942,160.5705108642578,23628.0,24467.464788732395
1702,71,22,P22,71,2.9125000000000003e-05,0.00018998346131411382,23650.0,23752.0,146.97599601745605,11.591212511062622,158.56720852851868,23280.0,23966.845070422536
1703,71,23,P23,71,2.908333333333334e-05,-0.0005832641400047578,32869.0,32837.0,195.14470911026,15.377052068710327,210.52176117897034,32702.0,35363.16901408451
1704,71,24,P24,71,2.9041666666666667e-05,-0.001163609525974607,24216.0,23939.0,133.40204167366028,10.328883647918701,143.73092532157898,23713.0,24346.3661971831
1705,72,1,P1,72,2.9000000000000004e-05,-0.010704235057346523,6012.0,6012.0,31.143884658813477,2.047504425048828,33.191389083862305,5872.0,6229.916666666667
1706,72,2,P2,72,2.895833333333333e-05,-0.00726643082452938,8196.0,8134.0,39.902074575424194,2.5952048301696777,42.49727940559387,8124.0,8682.805555555555
1707,72,3,P3,72,2.891666666666667e-05,-0.005274895171169192,5875.0,5875.0,28.607117891311646,1.8697242736816406,30.476842164993286,5875.0,6558.263888888889
1708,72,4,P4,72,2.8874999999999997e-05,0.011481012450531125,3717.0,3749.0,22.248852491378784,1.455152988433838,23.704005479812622,3655.0,3775.6111111111113
1709,72,5,P5,72,2.8833333333333334e-05,0.021635769866406918,4362.0,4289.0,24.740336656570435,1.6006267070770264,26.34096336364746,4202.0,4284.611111111111
1710,72,6,P6,72,2.879166666666667e-05,0.009384398348629475,4090.0,4015.0,25.625768184661865,1.6725599765777588,27.298328161239624,3957.0,4109.791666666667
1711,72,7,P7,72,2.8749999999999997e-05,-0.027745506027713418,5810.0,5750.0,37.81940579414368,2.4383389949798584,40.257744789123535,5750.0,6082.458333333333
1712,72,8,P8,72,2.8708333333333338e-05,-0.003986856929259375,5630.0,5600.0,32.763792991638184,2.1238508224487305,34.887643814086914,5597.0,5933.722222222223
1713,72,9,P9,72,2.8666666666666664e-05,0.010111471230629832,5380.0,5350.0,31.120309591293335,1.9959526062011719,33.11626219749451,5320.0,5724.958333333333
1714,72,10,P10,72,2.8625e-05,0.014814975205808878,5701.0,5550.0,19.63661217689514,1.3197669982910156,20.956379175186157,5458.0,5716.652777777777
1715,72,11,P11,72,2.8583333333333338e-05,-0.0015312948235077783,11389.0,11389.0,38.095598220825195,2.5110719203948975,40.60667014122009,11372.0,11444.458333333334
1716,72,12,P12,72,2.8541666666666668e-05,-0.0018934694307972677,11975.0,11900.0,45.68013525009155,3.0344338417053223,48.714569091796875,11842.0,12234.805555555555
1717,72,13,P13,72,2.8500000000000005e-05,0.0005564613047681632,19605.0,19517.0,106.39028024673462,7.847768783569336,114.23804903030396,19375.0,20062.01388888889
1718,72,14,P14,72,2.845833333333333e-05,-0.002032028445682954,21780.0,21871.0,107.55087661743164,7.961068630218506,115.51194524765015,21611.0,22200.48611111111
1719,72,15,P15,72,2.841666666666667e-05,0.003036185633391142,20199.0,20102.0,110.39276146888733,8.165284872055054,118.55804634094238,19840.0,20550.305555555555
1720,72,16,P16,72,2.8374999999999995e-05,0.0009278420031478163,20628.0,20791.0,134.60653924942017,10.152268409729004,144.75880765914917,20439.0,20968.597222222223
1721,72,17,P17,72,2.8333333333333335e-05,0.0020976218569558115,21083.0,20970.0,135.74067902565002,10.311296224594116,146.05197525024414,20626.0,21554.680555555555
1722,72,18,P18,72,2.8291666666666672e-05,-0.0022149501979583873,20504.0,20692.0,126.81554555892944,9.480855941772461,136.2964015007019,20176.0,20890.305555555555
1723,72,19,P19,72,2.825e-05,0.0032377357420045882,23712.0,23657.0,129.9829065799713,10.169788122177124,140.15269470214844,22915.0,23944.0
1724,72,20,P20,72,2.8208333333333336e-05,-0.0021358228113967925,22612.0,22772.0,139.5496551990509,10.844306230545044,150.39396142959595,22698.0,23451.847222222223
1725,72,21,P21,72,2.8166666666666662e-05,0.0021459101000800727,23850.0,23972.0,148.64505004882812,11.567131280899048,160.21218132972717,23628.0,24460.583333333332
1726,72,22,P22,72,2.8125000000000003e-05,0.0004859039794609998,23703.0,23637.0,146.1910364627838,11.627612352371216,157.81864881515503,23280.0,23962.26388888889
1727,72,23,P23,72,2.808333333333334e-05,0.0003710213100670704,33217.0,32712.0,194.66719317436218,15.36654257774353,210.0337357521057,32702.0,35326.34722222222
1728,72,24,P24,72,2.8041666666666666e-05,-0.0034498334920499475,23987.0,23880.0,133.00710344314575,10.3334481716156,143.34055161476135,23713.0,24339.88888888889
1729,73,1,P1,73,2.8000000000000003e-05,-0.004563645750749856,6012.0,6012.0,31.04503560066223,2.048137664794922,33.09317326545715,5872.0,6226.931506849315
1730,73,2,P2,73,2.795833333333333e-05,0.0006040617045073304,8504.0,8192.0,39.73331379890442,2.641139507293701,42.37445330619812,8124.0,8676.082191780823
1731,73,3,P3,73,2.791666666666667e-05,0.0014304203650681302,6024.0,5875.0,28.721909284591675,1.8727691173553467,30.59467840194702,5875.0,6548.904109589041
1732,73,4,P4,73,2.7875000000000007e-05,-0.006027022143825889,3706.0,3749.0,22.292747974395752,1.4507462978363037,23.743494272232056,3655.0,3775.246575342466
1733,73,5,P5,73,2.7833333333333333e-05,-0.0022888756939209998,4292.0,4202.0,24.511234521865845,1.6006650924682617,26.111899614334106,4202.0,4283.479452054795
1734,73,6,P6,73,2.779166666666667e-05,-0.001938067696755752,4050.0,4075.0,25.47379446029663,1.664872646331787,27.138667106628418,3957.0,4109.315068493151
1735,73,7,P7,73,2.7749999999999997e-05,-0.01393019431270659,5820.0,5810.0,38.06997776031494,2.4769039154052734,40.546881675720215,5750.0,6078.726027397261
1736,73,8,P8,73,2.7708333333333337e-05,-0.0041657528636278585,5600.0,5630.0,32.69846248626709,2.12263822555542,34.82110071182251,5597.0,5929.561643835616
1737,73,9,P9,73,2.7666666666666664e-05,0.005655526008922607,5370.0,5290.0,31.016730546951294,2.0015511512756348,33.01828169822693,5290.0,5719.0
1738,73,10,P10,73,2.7625e-05,0.015243659727275372,5650.0,5550.0,19.58941888809204,1.3112695217132568,20.900688409805298,5458.0,5714.369863013699
1739,73,11,P11,73,2.7583333333333337e-05,0.0020737791783176363,11434.0,11389.0,38.17655944824219,2.532072067260742,40.70863151550293,11372.0,11443.698630136987
1740,73,12,P12,73,2.7541666666666664e-05,0.0031748882320243865,12049.0,11900.0,45.90571451187134,3.0380475521087646,48.9437620639801,11842.0,12230.219178082192
1741,73,13,P13,73,2.7500000000000004e-05,0.0026077014663314912,19697.0,19540.0,106.79611492156982,7.883791923522949,114.67990684509277,19375.0,20054.86301369863
1742,73,14,P14,73,2.745833333333333e-05,-0.0044210311461938545,21858.0,21874.0,107.42819213867188,7.997063875198364,115.42525601387024,21611.0,22196.013698630137
1743,73,15,P15,73,2.7416666666666668e-05,0.004441556360688992,20250.0,20145.0,111.12439727783203,8.219466209411621,119.34386348724365,19840.0,20544.753424657534
1744,73,16,P16,73,2.7375000000000005e-05,0.0024305417493451385,20674.0,20702.0,135.3236973285675,10.214499950408936,145.53819727897644,20439.0,20964.945205479453
1745,73,17,P17,73,2.733333333333333e-05,0.0016060247726272792,21244.0,21453.0,134.513530254364,10.310449361801147,144.82397961616516,20626.0,21553.287671232876
1746,73,18,P18,73,2.729166666666667e-05,-0.002895162726053968,20594.0,20699.0,127.33062672615051,9.63054609298706,136.96117281913757,20176.0,20887.68493150685
1747,73,19,P19,73,2.7249999999999998e-05,0.0021058530182926916,23482.0,23289.0,129.7782859802246,10.186484575271606,139.96477055549622,22915.0,23935.027397260274
1748,73,20,P20,73,2.7208333333333335e-05,-0.0012130543123930692,22658.0,22828.0,139.8152117729187,10.839823246002197,150.6550350189209,22698.0,23443.301369863013
1749,73,21,P21,73,2.7166666666666662e-05,0.0019306754373246803,23866.0,23909.0,148.68644976615906,11.528674840927124,160.21512460708618,23628.0,24453.027397260274
1750,73,22,P22,73,2.7125000000000002e-05,0.0005106686215185618,23657.0,23510.0,147.03644919395447,11.662302732467651,158.69875192642212,23280.0,23956.068493150684
1751,73,23,P23,73,2.708333333333334e-05,-0.0009817125023151416,33104.0,32871.0,195.83138847351074,15.409570932388306,211.24095940589905,32702.0,35292.71232876712
1752,73,24,P24,73,2.7041666666666666e-05,-0.00310696626547724,23993.0,23837.0,133.41984272003174,10.476574420928955,143.8964171409607,23713.0,24333.0
1753,74,1,P1,74,2.7000000000000002e-05,-0.006944837252376601,6012.0,6012.0,31.374186038970947,2.046262502670288,33.420448541641235,5872.0,6224.027027027027
1754,74,2,P2,74,2.695833333333333e-05,-0.0044481880904641,8280.0,8192.0,39.74567127227783,2.6115078926086426,42.357179164886475,8124.0,8669.54054054054
1755,74,3,P3,74,2.691666666666667e-05,0.003249797417083755,6034.0,5875.0,28.474647760391235,1.8776769638061523,30.352324724197388,5875.0,6539.7972972972975
1756,74,4,P4,74,2.6875000000000006e-05,0.0037346796016208827,3714.0,3738.0,22.36640429496765,1.4627211093902588,23.82912540435791,3655.0,3774.7432432432433
1757,74,5,P5,74,2.6833333333333333e-05,0.001401797984726727,4262.0,4289.0,24.762566566467285,1.598559856414795,26.36112642288208,4202.0,4283.554054054054
1758,74,6,P6,74,2.679166666666667e-05,0.0002354475509491749,4015.0,4015.0,25.590763330459595,1.6702094078063965,27.26097273826599,3957.0,4108.040540540541
1759,74,7,P7,74,2.6749999999999996e-05,-0.013875163742341101,5750.0,5829.0,38.24443197250366,2.4728755950927734,40.717307567596436,5750.0,6075.351351351352
1760,74,8,P8,74,2.6708333333333337e-05,0.0026896453055087477,5670.0,5600.0,33.21323537826538,2.1319315433502197,35.3451669216156,5597.0,5925.108108108108
1761,74,9,P9,74,2.6666666666666673e-05,0.004272787889931351,5418.0,5350.0,31.10238742828369,2.0147812366485596,33.11716866493225,5290.0,5714.013513513513
1762,74,10,P10,74,2.6625e-05,0.007378994603641331,5650.0,5581.0,19.75139594078064,1.3162317276000977,21.067627668380737,5458.0,5712.5675675675675
1763,74,11,P11,74,2.6583333333333337e-05,-0.005288861662847921,11389.0,11389.0,38.27528357505798,2.535538673400879,40.81082224845886,11372.0,11442.95945945946
1764,74,12,P12,74,2.6541666666666664e-05,0.0050884486408904195,12084.0,11920.0,45.891810178756714,3.049670934677124,48.94148111343384,11842.0,12226.027027027027
1765,74,13,P13,74,2.6500000000000004e-05,0.005331042542820796,19697.0,19591.0,106.64616203308105,7.845912456512451,114.4920744895935,19375.0,20048.594594594593
1766,74,14,P14,74,2.645833333333333e-05,-0.0031836893467698246,21980.0,22008.0,107.30480885505676,7.9704344272613525,115.27524328231812,21611.0,22193.472972972973
1767,74,15,P15,74,2.6416666666666667e-05,0.0027105444023618475,20107.0,20233.0,111.35928177833557,8.17012071609497,119.52940249443054,19840.0,20540.54054054054
1768,74,16,P16,74,2.6375000000000004e-05,0.003217053733533248,20790.0,20702.0,134.50399136543274,10.154628038406372,144.6586194038391,20439.0,20961.391891891893
1769,74,17,P17,74,2.633333333333333e-05,0.0020541270001558586,21349.0,21343.0,135.59083437919617,10.203476190567017,145.79431056976318,20626.0,21550.445945945947
1770,74,18,P18,74,2.629166666666667e-05,-0.0040459344745613635,20565.0,20398.0,126.45563912391663,9.597797632217407,136.05343675613403,20176.0,20881.067567567567
1771,74,19,P19,74,2.6249999999999998e-05,0.0028434234438464044,23511.0,23511.0,129.61381483078003,10.130470514297485,139.74428534507751,22915.0,23929.297297297297
1772,74,20,P20,74,2.6208333333333335e-05,0.00016138691407832084,22688.0,22755.0,139.992995262146,10.85816478729248,150.85116004943848,22698.0,23434.0
1773,74,21,P21,74,2.616666666666667e-05,0.001049289609727566,24030.0,23924.0,148.2910304069519,11.549404382705688,159.8404347896576,23628.0,24445.87837837838
1774,74,22,P22,74,2.6124999999999998e-05,0.00026999528708984146,23746.0,23666.0,146.1977503299713,11.559516429901123,157.75726675987244,23280.0,23952.14864864865
1775,74,23,P23,74,2.6083333333333338e-05,-0.0011673757092337058,32609.0,32888.0,195.304381608963,15.330167293548584,210.6345489025116,32702.0,35260.21621621621
1776,74,24,P24,74,2.6041666666666665e-05,-0.0014114296151092275,24119.0,24176.0,132.45839762687683,10.442625045776367,142.9010226726532,23713.0,24330.87837837838
1777,75,1,P1,75,2.6000000000000002e-05,-0.0043228607246419415,6012.0,6012.0,31.41886854171753,2.032663106918335,33.451531648635864,5872.0,6221.2
1778,75,2,P2,75,2.595833333333334e-05,-0.010737058939412236,8196.0,8270.0,39.47167468070984,2.5984199047088623,42.0700945854187,8124.0,8664.213333333333
1779,75,3,P3,75,2.5916666666666665e-05,0.008082968299277127,6034.0,5875.0,28.488271713256836,1.8632595539093018,30.351531267166138,5875.0,6530.933333333333
1780,75,4,P4,75,2.5875000000000006e-05,0.0047105817357078195,3691.0,3738.0,22.254000425338745,1.4551005363464355,23.70910096168518,3655.0,3774.2533333333336
1781,75,5,P5,75,2.5833333333333332e-05,-0.00036372742761159316,4217.0,4217.0,24.62120223045349,1.6061944961547852,26.227396726608276,4202.0,4282.666666666667
1782,75,6,P6,75,2.579166666666667e-05,0.003952077706344426,4015.0,4115.0,25.48747968673706,1.6668663024902344,27.154345989227295,3957.0,4108.133333333333
1783,75,7,P7,75,2.5749999999999996e-05,0.016194327850826085,6210.0,5757.0,37.683027267456055,2.4579672813415527,40.14099454879761,5750.0,6071.106666666667
1784,75,8,P8,75,2.5708333333333336e-05,-0.036495668813586235,5570.0,5570.0,33.31543850898743,2.14145565032959,35.45689415931702,5570.0,5920.373333333333
1785,75,9,P9,75,2.5666666666666673e-05,-0.0044421046623028815,5350.0,5350.0,30.967743635177612,1.9993011951446533,32.967044830322266,5290.0,5709.16
1786,75,10,P10,75,2.5625e-05,0.023675736039876938,5725.0,5611.0,19.584005117416382,1.2976102828979492,20.88161540031433,5458.0,5711.213333333333
1787,75,11,P11,75,2.5583333333333336e-05,0.006955702556297183,11389.0,11389.0,38.01126527786255,2.5230300426483154,40.534295320510864,11372.0,11442.24
1788,75,12,P12,75,2.5541666666666663e-05,0.0003156289840262616,12023.0,12020.0,45.79157829284668,3.0431911945343018,48.83476948738098,11842.0,12223.28
1789,75,13,P13,75,2.5500000000000003e-05,0.0025705625048431102,19667.0,19738.0,106.86376619338989,7.83251428604126,114.69628047943115,19375.0,20044.453333333335
1790,75,14,P14,75,2.545833333333334e-05,-0.0023653079188079573,21850.0,22085.0,107.0619306564331,7.95788311958313,115.01981377601624,21611.0,22192.02666666667
1791,75,15,P15,75,2.5416666666666667e-05,0.00015916182655928424,20094.0,20293.0,111.59107685089111,8.128420352935791,119.7194972038269,19840.0,20537.24
1792,75,16,P16,75,2.5375000000000004e-05,-0.00234037286718376,20712.0,20818.0,134.48483157157898,10.136637210845947,144.62146878242493,20439.0,20959.48
1793,75,17,P17,75,2.533333333333333e-05,0.001881110927206464,21510.0,21369.0,135.3610439300537,10.203793048858643,145.56483697891235,20626.0,21548.02666666667
1794,75,18,P18,75,2.529166666666667e-05,-0.0014216643801773898,20348.0,20450.0,126.35460829734802,9.601314544677734,135.95592284202576,20176.0,20875.32
1795,75,19,P19,75,2.5249999999999997e-05,0.0027177028357982637,23467.0,23509.0,129.57732892036438,10.181776762008667,139.75910568237305,22915.0,23923.693333333333
1796,75,20,P20,75,2.5208333333333334e-05,-0.0010430472786538303,22746.0,22883.0,140.15793108940125,10.873538255691528,151.03146934509277,22698.0,23426.653333333332
1797,75,21,P21,75,2.516666666666667e-05,0.0029937000828795133,24019.0,23939.0,148.87822151184082,11.564085960388184,160.442307472229,23628.0,24439.12
1798,75,22,P22,75,2.5124999999999997e-05,-0.002274336718255654,23760.0,23666.0,146.4380464553833,11.534909963607788,157.9729564189911,23280.0,23948.333333333332
1799,75,23,P23,75,2.5083333333333338e-05,0.0025290493712028755,32806.0,32812.0,195.4292209148407,15.206702709197998,210.6359236240387,32702.0,35227.573333333334
1800,75,24,P24,75,2.5041666666666664e-05,-0.0032246619870420546,24173.0,23914.0,132.72107458114624,10.466337203979492,143.18741178512573,23713.0,24325.32
1801,76,1,P1,76,2.5e-05,-0.001431286853403435,6012.0,6012.0,31.721694707870483,2.072939157485962,33.794633865356445,5872.0,6218.4473684210525
1802,76,2,P2,76,2.4958333333333338e-05,-0.008326669805683196,8280.0,8270.0,39.49018096923828,2.596761465072632,42.08694243431091,8124.0,8659.026315789473
1803,76,3,P3,76,2.4916666666666665e-05,-0.003940221489756368,6034.0,5875.0,28.51439881324768,1.8621025085449219,30.376501321792603,5875.0,6522.3026315789475
1804,76,4,P4,76,2.4875000000000005e-05,0.009520944207906723,3744.0,3749.0,22.20644187927246,1.464751958847046,23.671193838119507,3655.0,3773.9210526315787
1805,76,5,P5,76,2.483333333333333e-05,0.008665734203532338,4289.0,4344.0,24.74183678627014,1.5986216068267822,26.340458393096924,4202.0,4283.473684210527
1806,76,6,P6,76,2.479166666666667e-05,0.013327158754691482,4105.0,4105.0,25.482654809951782,1.6635990142822266,27.14625382423401,3957.0,4108.0921052631575
1807,76,7,P7,76,2.4750000000000005e-05,-0.0009764554342837073,5820.0,5750.0,37.96719288825989,2.4618568420410156,40.4290497303009,5750.0,6066.881578947368
1808,76,8,P8,76,2.4708333333333332e-05,-0.009505094727501273,5660.0,5630.0,33.05906629562378,2.164128065109253,35.22319436073303,5570.0,5916.5526315789475
1809,76,9,P9,76,2.4666666666666672e-05,-0.007982458744663745,5330.0,5330.0,31.33431363105774,2.0099589824676514,33.34427261352539,5290.0,5704.171052631579
1810,76,10,P10,76,2.4625e-05,-0.0024463104200549424,5550.0,5680.0,19.654650926589966,1.304818868637085,20.95946979522705,5458.0,5710.8026315789475
1811,76,11,P11,76,2.4583333333333336e-05,-0.004081309190951288,11389.0,11389.0,37.86811637878418,2.510479688644409,40.37859606742859,11372.0,11441.53947368421
1812,76,12,P12,76,2.4541666666666662e-05,0.00739534996682778,12023.0,12065.0,45.809040784835815,3.069944381713867,48.87898516654968,11842.0,12221.197368421053
1813,76,13,P13,76,2.45e-05,0.013907769287470728,19668.0,19568.0,107.243328332901,7.904590368270874,115.14791870117188,19375.0,20038.184210526317
1814,76,14,P14,76,2.445833333333334e-05,-0.0066078369272872806,21783.0,21871.0,106.8645191192627,7.989703178405762,114.85422229766846,21611.0,22187.802631578947
1815,76,15,P15,76,2.4416666666666666e-05,0.0018344564887229353,20277.0,20060.0,111.09449505805969,8.261418581008911,119.3559136390686,19840.0,20530.96052631579
1816,76,16,P16,76,2.4375000000000003e-05,-0.003336163144558668,20664.0,20607.0,133.96075558662415,10.188499927520752,144.1492555141449,20439.0,20954.842105263157
1817,76,17,P17,76,2.433333333333333e-05,0.002028258584323339,21103.0,21213.0,135.44836854934692,10.256108283996582,145.7044768333435,20626.0,21543.61842105263
1818,76,18,P18,76,2.4291666666666666e-05,-0.0015303215379390168,20420.0,20366.0,126.63475704193115,9.586548089981079,136.22130513191223,20176.0,20868.61842105263
1819,76,19,P19,76,2.4250000000000007e-05,0.004596993140876293,23885.0,23416.0,130.31821727752686,10.103895425796509,140.42211270332336,22915.0,23917.013157894737
1820,76,20,P20,76,2.4208333333333333e-05,-0.002295537159079686,22835.0,22828.0,140.59227561950684,11.003502607345581,151.59577822685242,22698.0,23418.776315789473
1821,76,21,P21,76,2.416666666666667e-05,0.0030313390598166734,24139.0,24193.0,148.21645975112915,11.5186185836792,159.73507833480835,23628.0,24435.88157894737
1822,76,22,P22,76,2.4124999999999997e-05,-0.0022124178532976655,23581.0,23486.0,147.1855833530426,11.517550706863403,158.703134059906,23280.0,23942.25
1823,76,23,P23,76,2.4083333333333337e-05,0.002560903280807127,32841.0,33163.0,195.971271276474,15.300770998001099,211.2720422744751,32702.0,35200.40789473684
1824,76,24,P24,76,2.4041666666666664e-05,-0.004967895743902773,23986.0,23960.0,132.39047813415527,10.468653202056885,142.85913133621216,23713.0,24320.513157894737
1825,77,1,P1,77,2.4e-05,0.006956204306334257,6152.0,6012.0,31.70501136779785,2.0839896202087402,33.78900098800659,5872.0,6215.766233766234
1826,77,2,P2,77,2.3958333333333337e-05,-0.009354456793516874,8254.0,8270.0,40.022568225860596,2.6034157276153564,42.62598395347595,8124.0,8653.974025974027
1827,77,3,P3,77,2.3916666666666664e-05,0.01038296811748296,6238.0,5820.0,28.1360285282135,1.8684179782867432,30.004446506500244,5820.0,6513.181818181818
1828,77,4,P4,77,2.3875000000000004e-05,0.0023319506435655057,3786.0,3749.0,22.367210865020752,1.4499261379241943,23.817137002944946,3655.0,3773.5974025974024
1829,77,5,P5,77,2.383333333333333e-05,-0.0029814409790560603,4262.0,4344.0,24.63012194633484,1.6065781116485596,26.2367000579834,4202.0,4284.25974025974
1830,77,6,P6,77,2.3791666666666668e-05,0.0059327620547264814,4105.0,4105.0,25.40015983581543,1.6639695167541504,27.06412935256958,3957.0,4108.051948051948
1831,77,7,P7,77,2.3750000000000005e-05,0.0008225180135923438,5837.0,5757.0,37.933037996292114,2.440988540649414,40.37402653694153,5750.0,6062.857142857143
1832,77,8,P8,77,2.370833333333333e-05,-0.013106016791425645,5600.0,5630.0,33.09860849380493,2.1325161457061768,35.23112463951111,5570.0,5912.831168831169
1833,77,9,P9,77,2.366666666666667e-05,-0.0020950158359482884,5321.0,5321.0,31.284770727157593,2.001340866088867,33.28611159324646,5290.0,5699.194805194805
1834,77,10,P10,77,2.3624999999999998e-05,0.009067867184057832,5750.0,5650.0,19.583438396453857,1.3126230239868164,20.896061420440674,5458.0,5710.012987012987
1835,77,11,P11,77,2.3583333333333335e-05,-0.010522051714360714,11434.0,11389.0,37.773024797439575,2.4910542964935303,40.264079093933105,11372.0,11440.857142857143
1836,77,12,P12,77,2.3541666666666672e-05,0.002371613445575349,12199.0,12102.0,45.93077898025513,3.0367865562438965,48.96756553649902,11842.0,12219.64935064935
1837,77,13,P13,77,2.35e-05,0.00986301270313561,19654.0,19800.0,106.90465784072876,7.959986686706543,114.8646445274353,19375.0,20035.090909090908
1838,77,14,P14,77,2.345833333333334e-05,-0.004239015754137654,21897.0,22014.0,106.7621214389801,7.96027684211731,114.72239828109741,21611.0,22185.545454545456
1839,77,15,P15,77,2.3416666666666666e-05,-0.0012946411115990486,19858.0,20010.0,111.47169089317322,8.313663005828857,119.78535389900208,19840.0,20524.194805194806
1840,77,16,P16,77,2.3375000000000002e-05,-0.0023793489846866576,20640.0,20675.0,134.26908564567566,10.231654405593872,144.50074005126953,20439.0,20951.20779220779
1841,77,17,P17,77,2.333333333333333e-05,0.002238250576192513,21244.0,21510.0,135.88811111450195,10.201787233352661,146.08989834785461,20626.0,21543.18181818182
1842,77,18,P18,77,2.3291666666666666e-05,-0.0009514635865343734,20563.0,20469.0,126.40630412101746,9.565391778945923,135.97169589996338,20176.0,20863.428571428572
1843,77,19,P19,77,2.3250000000000006e-05,0.0013365805221837944,23340.0,23395.0,130.13823890686035,10.065436363220215,140.20367527008057,22915.0,23910.233766233767
1844,77,20,P20,77,2.3208333333333333e-05,0.000125102195670479,22670.0,22711.0,140.46857118606567,11.019236326217651,151.48780751228333,22698.0,23409.584415584417
1845,77,21,P21,77,2.316666666666667e-05,0.003205466753570363,24013.0,24199.0,148.44309496879578,11.621310234069824,160.0644052028656,23628.0,24432.805194805194
1846,77,22,P22,77,2.3124999999999996e-05,-0.0025451604218687863,23382.0,23486.0,146.90049648284912,11.518831253051758,158.41932773590088,23280.0,23936.324675324675
1847,77,23,P23,77,2.3083333333333333e-05,0.0033515620577548233,32894.0,33163.0,196.66575241088867,15.28267240524292,211.9484248161316,32702.0,35173.94805194805
1848,77,24,P24,77,2.3041666666666673e-05,-0.005231230822391808,24073.0,23851.0,132.7231843471527,10.42585301399231,143.14903736114502,23713.0,24314.415584415583
1849,78,1,P1,78,2.3e-05,-0.0013597500510513783,6012.0,6118.0,31.435903787612915,2.0641138553619385,33.50001764297485,5872.0,6214.51282051282
1850,78,2,P2,78,2.2958333333333337e-05,-0.0032657647971063852,8352.0,8293.0,40.20698356628418,2.5954246520996094,42.80240821838379,8124.0,8649.346153846154
1851,78,3,P3,78,2.2916666666666664e-05,-0.006363048480125144,5875.0,5875.0,28.527780294418335,1.8524682521820068,30.380248546600342,5820.0,6505.0
1852,78,4,P4,78,2.2875e-05,0.009736639214679599,3706.0,3749.0,22.14475417137146,1.461695909500122,23.606450080871582,3655.0,3773.2820512820513
1853,78,5,P5,78,2.283333333333334e-05,0.005725918570533395,4202.0,4344.0,24.40674328804016,1.6068973541259766,26.013640642166138,4202.0,4285.025641025641
1854,78,6,P6,78,2.2791666666666667e-05,0.024326669052243233,4125.0,4075.0,25.61769986152649,1.6623411178588867,27.280040979385376,3957.0,4107.628205128205
1855,78,7,P7,78,2.2750000000000004e-05,0.008251275634393096,5780.0,5829.0,37.71708106994629,2.437570571899414,40.1546516418457,5750.0,6059.858974358975
1856,78,8,P8,78,2.270833333333333e-05,-0.0142706852639094,5600.0,5600.0,32.991137981414795,2.147019147872925,35.13815712928772,5570.0,5908.820512820513
1857,78,9,P9,78,2.266666666666667e-05,-0.000663140082906466,5446.0,5320.0,31.30901551246643,2.0279834270477295,33.33699893951416,5290.0,5694.333333333333
1858,78,10,P10,78,2.2624999999999998e-05,-0.00042474410292925313,5650.0,5680.0,19.868412256240845,1.3050241470336914,21.173436403274536,5458.0,5709.628205128205
1859,78,11,P11,78,2.2583333333333335e-05,-0.011315820389427245,11389.0,11389.0,37.85342192649841,2.5171220302581787,40.37054395675659,11372.0,11440.192307692309
1860,78,12,P12,78,2.254166666666667e-05,0.002003354733460583,12160.0,12000.0,45.63068103790283,3.0449764728546143,48.675657510757446,11842.0,12216.833333333334
1861,78,13,P13,78,2.2499999999999998e-05,0.011814785306341946,19817.0,19551.0,107.0172667503357,7.9487974643707275,114.96606421470642,19375.0,20028.884615384617
1862,78,14,P14,78,2.2458333333333338e-05,-0.005009810047340579,21925.0,21905.0,107.29924488067627,7.931188106536865,115.23043298721313,21611.0,22181.94871794872
1863,78,15,P15,78,2.2416666666666665e-05,0.00126639239351789,20344.0,20010.0,111.23130106925964,8.241994380950928,119.47329545021057,19840.0,20517.602564102563
1864,78,16,P16,78,2.2375000000000002e-05,-0.0044211310800164935,20582.0,20451.0,134.1152904033661,10.20899748802185,144.32428789138794,20439.0,20944.79487179487
1865,78,17,P17,78,2.233333333333334e-05,0.004045967606361956,21359.0,21111.0,135.98025226593018,10.244322061538696,146.22457432746887,20626.0,21537.641025641027
1866,78,18,P18,78,2.2291666666666665e-05,-0.0029291010228917,20394.0,20282.0,126.5367910861969,9.603403329849243,136.14019441604614,20176.0,20855.97435897436
1867,78,19,P19,78,2.2250000000000006e-05,0.002946628106292337,23681.0,23468.0,130.68317556381226,10.092728853225708,140.77590441703796,22915.0,23904.5641025641
1868,78,20,P20,78,2.2208333333333332e-05,-0.00035616028362710493,22662.0,22640.0,140.11076474189758,10.91053557395935,151.02130031585693,22640.0,23399.71794871795
1869,78,21,P21,78,2.216666666666667e-05,0.002745705534471199,24062.0,24193.0,148.98182702064514,11.552823543548584,160.53465056419373,23628.0,24429.73076923077
1870,78,22,P22,78,2.2124999999999996e-05,-0.0026584827865008265,23388.0,23626.0,146.86554336547852,11.516372680664062,158.38191604614258,23280.0,23932.346153846152
1871,78,23,P23,78,2.2083333333333333e-05,0.0033803105304416802,32861.0,33290.0,196.33534383773804,15.242169857025146,211.57751369476318,32702.0,35149.794871794875
1872,78,24,P24,78,2.2041666666666673e-05,-0.005206748796626926,24004.0,24118.0,132.0825068950653,10.4229257106781,142.5054326057434,23713.0,24311.897435897437
1873,79,1,P1,79,2.2e-05,0.001954931707587093,6145.0,6118.0,31.476688385009766,2.0627810955047607,33.539469480514526,5872.0,6213.291139240507
1874,79,2,P2,79,2.1958333333333336e-05,-0.007603435195051134,8293.0,8484.0,40.20302057266235,2.6386077404022217,42.841628313064575,8124.0,8647.253164556962
1875,79,3,P3,79,2.1916666666666663e-05,-0.00569214450661093,5888.0,5875.0,28.417842626571655,1.8532795906066895,30.271122217178345,5820.0,6497.025316455696
1876,79,4,P4,79,2.1875e-05,0.012869987869635224,3714.0,3738.0,22.16835856437683,1.4457683563232422,23.614126920700073,3655.0,3772.8354430379745
1877,79,5,P5,79,2.183333333333334e-05,0.006140347570180893,4227.0,4289.0,24.384465217590332,1.5878920555114746,25.972357273101807,4202.0,4285.0759493670885
1878,79,6,P6,79,2.1791666666666667e-05,0.009888895554468036,4015.0,4015.0,25.49273920059204,1.6639530658721924,27.156692266464233,3957.0,4106.455696202532
1879,79,7,P7,79,2.1750000000000004e-05,0.007247113098856062,5817.0,5757.0,37.927700996398926,2.4672112464904785,40.394912242889404,5750.0,6056.025316455696
1880,79,8,P8,79,2.170833333333333e-05,-0.009245506662409753,5600.0,5600.0,33.09471940994263,2.1630561351776123,35.25777554512024,5570.0,5904.911392405063
1881,79,9,P9,79,2.1666666666666667e-05,-0.0026183246154687367,5350.0,5311.0,31.3451509475708,2.018465757369995,33.363616704940796,5290.0,5689.481012658228
1882,79,10,P10,79,2.1625000000000007e-05,-0.006986162276007235,5550.0,5580.0,19.878328323364258,1.322042465209961,21.20037078857422,5458.0,5707.987341772152
1883,79,11,P11,79,2.1583333333333334e-05,-0.00660379440523684,11389.0,11389.0,37.90041255950928,2.518512010574341,40.41892457008362,11372.0,11439.54430379747
1884,79,12,P12,79,2.154166666666667e-05,0.0021656097378581762,11984.0,12020.0,45.3427312374115,3.032148838043213,48.37488007545471,11842.0,12214.341772151898
1885,79,13,P13,79,2.1499999999999997e-05,0.011139398964587599,19543.0,19508.0,107.23485946655273,7.9038615226745605,115.1387209892273,19375.0,20022.291139240508
1886,79,14,P14,79,2.1458333333333334e-05,-0.0037665683194063604,21780.0,21643.0,107.16241335868835,7.903763055801392,115.06617641448975,21611.0,22175.12658227848
1887,79,15,P15,79,2.1416666666666664e-05,0.00029008462502133625,20035.0,20002.0,110.9744040966034,8.208687782287598,119.18309187889099,19840.0,20511.07594936709
1888,79,16,P16,79,2.1375e-05,0.00022985779396549332,20641.0,20466.0,133.84102582931519,10.200398445129395,144.04142427444458,20439.0,20938.73417721519
1889,79,17,P17,79,2.1333333333333338e-05,0.0019371528644114733,21081.0,21302.0,136.2574098110199,10.281947135925293,146.5393569469452,20626.0,21534.6582278481
1890,79,18,P18,79,2.1291666666666665e-05,-0.002058946655597538,20362.0,20445.0,125.9835934638977,9.498128175735474,135.48172163963318,20176.0,20850.772151898735
1891,79,19,P19,79,2.1250000000000005e-05,0.003304509574081749,23717.0,23542.0,130.17659950256348,10.07311749458313,140.2497169971466,22915.0,23899.974683544304
1892,79,20,P20,79,2.120833333333333e-05,-6.469290055974853e-05,22888.0,22672.0,140.08337569236755,10.967462062835693,151.05083775520325,22640.0,23390.506329113923
1893,79,21,P21,79,2.116666666666667e-05,0.001958129316335544,24019.0,24013.0,148.61016726493835,11.532705545425415,160.14287281036377,23628.0,24424.45569620253
1894,79,22,P22,79,2.1125000000000005e-05,-0.0015951730259985198,23525.0,23656.0,147.44799947738647,11.390985250473022,158.8389847278595,23280.0,23928.848101265823
1895,79,23,P23,79,2.1083333333333332e-05,0.0025342196916296545,32939.0,33328.0,196.05177426338196,15.461843729019165,211.51361799240112,32702.0,35126.73417721519
1896,79,24,P24,79,2.1041666666666672e-05,-0.005989412125200033,23945.0,23792.0,130.79831266403198,10.435182332992554,141.23349499702454,23713.0,24305.316455696204
1897,80,1,P1,80,2.1e-05,0.0006194783882165211,6012.0,6152.0,31.532805919647217,2.099641799926758,33.632447719573975,5872.0,6212.525
1898,80,2,P2,80,2.0958333333333336e-05,-0.002575812046416104,8360.0,8296.0,40.0689640045166,2.636388063430786,42.70535206794739,8124.0,8642.8625
1899,80,3,P3,80,2.0916666666666662e-05,0.00200917943220702,5875.0,5875.0,28.990931272506714,1.858842134475708,30.849773406982422,5820.0,6489.25
1900,80,4,P4,80,2.0875e-05,0.009141225134953856,3738.0,3744.0,22.30314612388611,1.4337749481201172,23.736921072006226,3655.0,3772.475
1901,80,5,P5,80,2.083333333333334e-05,-0.0025334202800877392,4222.0,4344.0,24.375477075576782,1.583906650543213,25.959383726119995,4202.0,4285.8125
1902,80,6,P6,80,2.0791666666666666e-05,0.008768739178776741,4050.0,4015.0,25.542449474334717,1.6561319828033447,27.19858145713806,3957.0,4105.3125
1903,80,7,P7,80,2.0750000000000003e-05,0.0026680170267354697,5767.0,5757.0,37.81294870376587,2.455747604370117,40.268696308135986,5750.0,6052.2875
1904,80,8,P8,80,2.070833333333333e-05,-0.005640986491926014,5600.0,5570.0,33.100892782211304,2.1659035682678223,35.266796350479126,5570.0,5900.725
1905,80,9,P9,80,2.0666666666666666e-05,-0.002090051304548979,5350.0,5354.0,31.37190270423889,2.0242021083831787,33.39610481262207,5290.0,5685.2875
1906,80,10,P10,80,2.0625000000000007e-05,0.006393017829395831,5737.0,5580.0,19.950454473495483,1.3151323795318604,21.265586853027344,5458.0,5706.3875
1907,80,11,P11,80,2.0583333333333333e-05,-0.008338798419572413,11389.0,11389.0,38.252214670181274,2.515566349029541,40.767781019210815,11372.0,11438.9125
1908,80,12,P12,80,2.054166666666667e-05,-0.004062174441060051,12020.0,12120.0,45.69924712181091,3.0324065685272217,48.731653690338135,11842.0,12213.1625
1909,80,13,P13,80,2.0499999999999997e-05,0.007464626687578857,19536.0,19541.0,106.98427224159241,7.9006242752075195,114.88489651679993,19375.0,20016.275
1910,80,14,P14,80,2.0458333333333334e-05,-0.0017468531150370836,21913.0,21935.0,107.11532497406006,7.906294345855713,115.02161931991577,21611.0,22172.125
1911,80,15,P15,80,2.0416666666666674e-05,0.0013303427786013344,20253.0,20094.0,110.68880724906921,8.216856956481934,118.90566420555115,19840.0,20505.8625
1912,80,16,P16,80,2.0375e-05,-0.003981800004839897,20500.0,20684.0,134.21509885787964,10.150941133499146,144.36603999137878,20439.0,20935.55
1913,80,17,P17,80,2.0333333333333337e-05,0.004225126071833074,21083.0,21290.0,137.86604022979736,10.393980741500854,148.26002097129822,20626.0,21531.6
1914,80,18,P18,80,2.0291666666666664e-05,-0.0018206114196800626,20380.0,20474.0,54.63789749145508,3.8256444931030273,58.463541984558105,20176.0,20846.0625
1915,80,19,P19,80,2.025e-05,0.002588958921842277,23632.0,23969.0,50.78323411941528,4.076176881790161,54.859411001205444,22915.0,23900.8375
1916,80,20,P20,80,2.0208333333333328e-05,0.0001283034007428796,22894.0,22630.0,56.33838391304016,4.513436555862427,60.85182046890259,22630.0,23381.0
1917,80,21,P21,80,2.0166666666666668e-05,0.002150622650515288,24135.0,23905.0,57.8287410736084,4.555443525314331,62.38418459892273,23628.0,24417.9625
1918,80,22,P22,80,2.0125000000000005e-05,-0.0025429545028600843,23522.0,23656.0,57.43181896209717,5.0044755935668945,62.43629455566406,23280.0,23925.4375
1919,80,23,P23,80,2.008333333333333e-05,0.0028941185280148473,32798.0,32742.0,75.53401112556458,6.159745216369629,81.6937563419342,32702.0,35096.925
1920,80,24,P24,80,2.0041666666666668e-05,-0.004437097866320983,24157.0,24116.0,51.45328116416931,4.194497108459473,55.647778272628784,23713.0,24302.95
1921,81,1,P1,81,1.9999999999999995e-05,0.0011522576824063435,6012.0,6012.0,12.282915353775024,0.8213868141174316,13.104302167892456,5872.0,6210.049382716049
1922,81,2,P2,81,1.9958333333333335e-05,-0.005789491639006883,8296.0,8270.0,15.42386770248413,1.057443380355835,16.481311082839966,8124.0,8638.25925925926
1923,81,3,P3,81,1.9916666666666672e-05,0.0010928912524832413,5864.0,5875.0,11.195308208465576,0.7520382404327393,11.947346448898315,5820.0,6481.666666666667
1924,81,4,P4,81,1.9875e-05,0.006940455641597509,3701.0,3701.0,8.668216705322266,0.6072647571563721,9.275481462478638,3655.0,3771.5925925925926
1925,81,5,P5,81,1.9833333333333335e-05,0.008766042068600655,4297.0,4217.0,9.488078832626343,0.6470558643341064,10.13513469696045,4202.0,4284.962962962963
1926,81,6,P6,81,1.9791666666666665e-05,0.008608258096501231,4047.0,4077.0,10.281369924545288,0.6996800899505615,10.98105001449585,3957.0,4104.962962962963
1927,81,7,P7,81,1.9750000000000002e-05,-0.0018545126804383472,5750.0,5700.0,15.468279361724854,0.9906532764434814,16.458932638168335,5700.0,6047.938271604939
1928,81,8,P8,81,1.970833333333334e-05,-0.00537214643554762,5630.0,5570.0,12.963901281356812,0.91351318359375,13.877414464950562,5570.0,5896.641975308642
1929,81,9,P9,81,1.9666666666666666e-05,0.0003539206531968375,5356.0,5380.0,12.061036586761475,0.7775242328643799,12.838560819625854,5290.0,5681.518518518518
1930,81,10,P10,81,1.9625000000000006e-05,0.005089806276373565,5725.0,5580.0,7.506463289260864,0.5085964202880859,8.01505970954895,5458.0,5704.827160493827
1931,81,11,P11,81,1.9583333333333333e-05,-0.01104679296258837,11389.0,11389.0,14.408627033233643,0.9872517585754395,15.395878791809082,11372.0,11438.296296296296
1932,81,12,P12,81,1.954166666666667e-05,-0.004533564962912351,12003.0,11975.0,17.408901929855347,1.180945873260498,18.589847803115845,11842.0,12210.222222222223
1933,81,13,P13,81,1.9499999999999996e-05,0.004987328604329377,19402.0,19612.0,41.644320249557495,3.4373273849487305,45.081647634506226,19375.0,20011.283950617282
1934,81,14,P14,81,1.9458333333333333e-05,-0.0013727441219089087,21669.0,21902.0,41.157933950424194,3.1514151096343994,44.309349060058594,21611.0,22168.79012345679
1935,81,15,P15,81,1.9416666666666673e-05,0.0019218974775867537,20131.0,20185.0,42.325058937072754,3.2632813453674316,45.588340282440186,19840.0,20501.9012345679
1936,81,16,P16,81,1.9375e-05,-0.0033175390330143274,20567.0,20513.0,51.655701875686646,4.027805805206299,55.683507680892944,20439.0,20930.333333333332
1937,81,17,P17,81,1.9333333333333337e-05,0.004426214040722698,21450.0,21225.0,52.81545424461365,4.133094072341919,56.948548316955566,20626.0,21527.814814814814
1938,81,18,P18,81,1.9291666666666664e-05,-0.0026867704815231263,20459.0,20585.0,51.10864758491516,3.856602907180786,54.96525049209595,20176.0,20842.83950617284
1939,81,19,P19,81,1.925e-05,0.003124556684633717,23899.0,23887.0,50.697089433670044,3.999321937561035,54.69641137123108,22915.0,23900.666666666668
1940,81,20,P20,81,1.920833333333334e-05,-0.00020350591839815024,22858.0,22847.0,54.8822386264801,4.699824810028076,59.58206343650818,22630.0,23374.40740740741
1941,81,21,P21,81,1.9166666666666667e-05,0.0018976414285134524,23999.0,24163.0,57.18186926841736,4.61011528968811,61.79198455810547,23628.0,24414.814814814814
1942,81,22,P22,81,1.9125000000000004e-05,-0.0013263627071864903,23530.0,23640.0,56.23104548454285,4.6096155643463135,60.84066104888916,23280.0,23921.913580246914
1943,81,23,P23,81,1.908333333333333e-05,0.0028463205588715418,33264.0,33212.0,75.13509154319763,6.440416574478149,81.57550811767578,32702.0,35073.654320987655
1944,81,24,P24,81,1.9041666666666668e-05,-0.0048437929479405286,24061.0,23961.0,54.131815910339355,4.2187111377716064,58.35052704811096,23713.0,24298.728395061727
1945,82,1,P1,82,1.8999999999999994e-05,0.007842988648917526,6118.0,5978.0,12.008167505264282,0.7998604774475098,12.808027982711792,5872.0,6207.219512195122
1946,82,2,P2,82,1.8958333333333334e-05,-0.008185814134776592,8296.0,8254.0,15.25973629951477,1.0270905494689941,16.286826848983765,8124.0,8633.573170731708
1947,82,3,P3,82,1.891666666666667e-05,0.011144602205604315,6102.0,6034.0,10.945685148239136,0.7351019382476807,11.680787086486816,5820.0,6476.207317073171
1948,82,4,P4,82,1.8874999999999998e-05,-0.0021014317171648145,3711.0,3712.0,8.518367290496826,0.5911006927490234,9.10946798324585,3655.0,3770.8658536585367
1949,82,5,P5,82,1.8833333333333335e-05,0.004756778245791793,4324.0,4304.0,9.294304847717285,0.6435577869415283,9.937862634658813,4202.0,4285.195121951219
1950,82,6,P6,82,1.879166666666666e-05,0.007670284016057849,4085.0,4100.0,10.157504320144653,0.7426097393035889,10.900114059448242,3957.0,4104.90243902439
1951,82,7,P7,82,1.8750000000000002e-05,0.03022427437826991,6427.0,5770.0,14.777900457382202,1.046536922454834,15.824437379837036,5700.0,6044.548780487805
1952,82,8,P8,82,1.870833333333334e-05,-0.03861785540357232,5570.0,5600.0,12.801589250564575,0.8460583686828613,13.647647619247437,5570.0,5893.024390243902
1953,82,9,P9,82,1.8666666666666665e-05,-0.023048551520332694,5350.0,5340.0,12.164068937301636,0.8029639720916748,12.96703290939331,5290.0,5677.3536585365855
1954,82,10,P10,82,1.8625000000000002e-05,0.0018728098075371236,5625.0,5550.0,7.541504859924316,0.5234405994415283,8.064945459365845,5458.0,5702.9390243902435
1955,82,11,P11,82,1.858333333333333e-05,0.008286556752864271,11389.0,11389.0,14.693841934204102,1.0019493103027344,15.695791244506836,11372.0,11437.69512195122
1956,82,12,P12,82,1.854166666666667e-05,0.004105403088033199,12001.0,11984.0,17.537405729293823,1.1896259784698486,18.727031707763672,11842.0,12207.463414634147
1957,82,13,P13,82,1.8500000000000006e-05,0.006351863470626995,19875.0,19697.0,41.5732057094574,3.148812770843506,44.7220184803009,19375.0,20007.451219512193
1958,82,14,P14,82,1.8458333333333333e-05,-0.0010305677151336567,22352.0,22019.0,42.43717002868652,3.3539786338806152,45.79114866256714,21611.0,22166.963414634145
1959,82,15,P15,82,1.841666666666667e-05,-0.00044721448330165003,20520.0,20358.0,43.65736532211304,3.2964720726013184,46.953837394714355,19840.0,20500.146341463416
1960,82,16,P16,82,1.8375e-05,-0.005540977325290441,20767.0,20635.0,54.95336985588074,4.109259605407715,59.06262946128845,20439.0,20926.731707317074
1961,82,17,P17,82,1.8333333333333336e-05,0.0026578729040920733,21323.0,21103.0,52.19769287109375,4.079447031021118,56.27713990211487,20626.0,21522.634146341465
1962,82,18,P18,82,1.8291666666666663e-05,-0.0013495058170519768,20529.0,20697.0,48.84709811210632,4.115422010421753,52.962520122528076,20176.0,20841.060975609755
1963,82,19,P19,82,1.825e-05,0.0015870457369601353,23636.0,23889.0,50.40322279930115,4.026365280151367,54.429588079452515,22915.0,23900.524390243903
1964,82,20,P20,82,1.820833333333334e-05,0.0013035615353146567,23066.0,23017.0,53.697004556655884,4.365758657455444,58.06276321411133,22630.0,23370.048780487807
1965,82,21,P21,82,1.8166666666666667e-05,0.00030737953748030125,24126.0,23952.0,58.58603549003601,4.733311653137207,63.31934714317322,23628.0,24409.170731707316
1966,82,22,P22,82,1.8125000000000003e-05,-0.000780967713217251,23756.0,23723.0,60.102985858917236,4.753182649612427,64.85616850852966,23280.0,23919.48780487805
1967,82,23,P23,82,1.808333333333333e-05,0.00023345769581542948,32666.0,32687.0,75.53343987464905,6.588996648788452,82.1224365234375,32687.0,35044.54878048781
1968,82,24,P24,82,1.8041666666666667e-05,-0.002088116982486099,24242.0,24056.0,52.99801754951477,4.18106484413147,57.17908239364624,23713.0,24295.768292682926
1969,83,1,P1,83,1.8000000000000007e-05,0.010212435619905591,6089.0,6012.0,12.00714921951294,0.8159122467041016,12.823061466217041,5872.0,6204.8674698795185
1970,83,2,P2,83,1.7958333333333334e-05,0.0036888738977722824,8504.0,8280.0,15.214691400527954,1.0477776527404785,16.262469053268433,8124.0,8629.313253012047
1971,83,3,P3,83,1.791666666666667e-05,0.00745910094701685,6089.0,5869.0,10.970201969146729,0.7487301826477051,11.718932151794434,5820.0,6468.891566265061
1972,83,4,P4,83,1.7874999999999997e-05,-0.004740460659377277,3706.0,3706.0,8.505711793899536,0.5676255226135254,9.073337316513062,3655.0,3770.0843373493976
1973,83,5,P5,83,1.7833333333333334e-05,0.004568327916786075,4344.0,4304.0,9.270193099975586,0.6309645175933838,9.90115761756897,4202.0,4285.421686746988
1974,83,6,P6,83,1.779166666666666e-05,0.004003029316663742,4085.0,4100.0,9.63617467880249,0.6606237888336182,10.296798467636108,3957.0,4104.843373493976
1975,83,7,P7,83,1.775e-05,0.01040657120756805,6017.0,5787.0,14.401870965957642,0.9672083854675293,15.369079351425171,5700.0,6041.44578313253
1976,83,8,P8,83,1.7708333333333338e-05,-0.012161666178144515,5600.0,5570.0,12.66287112236023,0.8518946170806885,13.514765739440918,5570.0,5889.1325301204815
1977,83,9,P9,83,1.7666666666666665e-05,-0.009618081385269761,5360.0,5360.0,12.18297553062439,0.8175184726715088,13.000494003295898,5290.0,5673.530120481928
1978,83,10,P10,83,1.7625e-05,-0.005409752135165036,5650.0,5581.0,7.625371932983398,0.5168092250823975,8.142181158065796,5458.0,5701.469879518072
1979,83,11,P11,83,1.7583333333333328e-05,-0.01054849848151207,11389.0,11389.0,14.928834676742554,1.0116112232208252,15.940445899963379,11372.0,11437.10843373494
1980,83,12,P12,83,1.754166666666667e-05,0.0001116851381084416,12120.0,11884.0,17.830957651138306,1.2159552574157715,19.046912908554077,11842.0,12203.56626506024
1981,83,13,P13,83,1.7500000000000005e-05,0.0033106051851063967,19694.0,19527.0,43.367878675460815,3.405198335647583,46.7730770111084,19375.0,20001.66265060241
1982,83,14,P14,83,1.7458333333333332e-05,-0.0007472187385246798,21946.0,21912.0,42.66980838775635,3.152984857559204,45.82279324531555,21611.0,22163.89156626506
1983,83,15,P15,83,1.741666666666667e-05,0.00046942461040089256,20384.0,20171.0,42.102888107299805,3.249596357345581,45.352484464645386,19840.0,20496.180722891568
1984,83,16,P16,83,1.7374999999999995e-05,-0.0044851977145299315,20634.0,20635.0,53.28117108345032,4.338599443435669,57.619770526885986,20439.0,20923.21686746988
1985,83,17,P17,83,1.7333333333333336e-05,0.0020490725932177157,21178.0,21328.0,53.087165117263794,4.13323974609375,57.220404863357544,20626.0,21520.289156626506
1986,83,18,P18,83,1.7291666666666672e-05,-0.000819490966387093,20454.0,20492.0,49.455251693725586,3.8888790607452393,53.344130754470825,20176.0,20836.85542168675
1987,83,19,P19,83,1.725e-05,0.0021182466356549413,23701.0,23723.0,51.472922563552856,4.176832437515259,55.649755001068115,22915.0,23898.385542168675
1988,83,20,P20,83,1.7208333333333336e-05,9.978171547118109e-05,22820.0,22744.0,56.84409475326538,4.549395799636841,61.39349055290222,22630.0,23362.506024096387
1989,83,21,P21,83,1.7166666666666663e-05,0.001102354564500274,23917.0,24209.0,57.84523153305054,4.648537635803223,62.49376916885376,23628.0,24406.75903614458
1990,83,22,P22,83,1.7125000000000003e-05,-9.50992813159246e-05,23782.0,23664.0,57.28460168838501,4.90394401550293,62.18854570388794,23280.0,23916.409638554218
1991,83,23,P23,83,1.708333333333333e-05,0.0007703739104597064,32828.0,32663.0,76.20378088951111,6.184723138809204,82.38850402832031,32663.0,35015.85542168675
1992,83,24,P24,83,1.7041666666666666e-05,-0.003267922962550074,24103.0,24014.0,51.568020820617676,4.16683030128479,55.734851121902466,23713.0,24292.373493975905
1993,84,1,P1,84,1.7000000000000003e-05,0.010873401770368218,6112.0,6012.0,12.285155296325684,0.8267335891723633,13.111888885498047,5872.0,6202.571428571428
1994,84,2,P2,84,1.6958333333333333e-05,-0.00252806706703268,8270.0,8110.0,15.595656633377075,1.032508373260498,16.628165006637573,8110.0,8623.130952380952
1995,84,3,P3,84,1.691666666666667e-05,-4.71877574454993e-05,5877.0,5875.0,11.222227096557617,0.7483446598052979,11.970571756362915,5820.0,6461.821428571428
1996,84,4,P4,84,1.6874999999999997e-05,0.007086911122314632,3714.0,3714.0,8.759506702423096,0.5932204723358154,9.352727174758911,3655.0,3769.4166666666665
1997,84,5,P5,84,1.6833333333333334e-05,0.000615819328231737,4227.0,4344.0,9.850458860397339,0.6782667636871338,10.528725624084473,4202.0,4286.119047619048
1998,84,6,P6,84,1.6791666666666674e-05,0.014051842503249645,4100.0,4100.0,10.593445777893066,0.7301950454711914,11.323640823364258,3957.0,4104.785714285715
1999,84,7,P7,84,1.675e-05,0.006035099271684885,5785.0,5790.0,15.342711210250854,0.9906022548675537,16.333313465118408,5700.0,6038.452380952381
2000,84,8,P8,84,1.6708333333333337e-05,-0.0023753875866532326,5630.0,5600.0,13.178753137588501,0.8711118698120117,14.049865007400513,5570.0,5885.690476190476
2001,84,9,P9,84,1.6666666666666664e-05,-0.004997843236196786,5360.0,5360.0,12.2220299243927,0.8119707107543945,13.034000635147095,5290.0,5669.797619047619
2002,84,10,P10,84,1.6625e-05,-0.006704620667733252,5650.0,5626.0,7.596698045730591,0.5111103057861328,8.107808351516724,5458.0,5700.571428571428
2003,84,11,P11,84,1.658333333333334e-05,-0.010447429493069649,11389.0,11389.0,14.626081228256226,1.0144882202148438,15.64056944847107,11372.0,11436.535714285714
2004,84,12,P12,84,1.6541666666666668e-05,-0.004258282395312563,12003.0,12020.0,17.398624420166016,1.1915812492370605,18.590205669403076,11842.0,12201.380952380952
2005,84,13,P13,84,1.6500000000000005e-05,0.003228686618967913,19715.0,19817.0,42.157129764556885,3.2828140258789062,45.43994379043579,19375.0,19999.464285714286
2006,84,14,P14,84,1.645833333333333e-05,-0.0005825949674544972,21879.0,21903.0,41.30298566818237,3.1906633377075195,44.49364900588989,21611.0,22160.785714285714
2007,84,15,P15,84,1.6416666666666668e-05,0.00041664515674710856,20116.0,20292.0,42.63367819786072,3.2371208667755127,45.87079906463623,19840.0,20493.75
2008,84,16,P16,84,1.6374999999999995e-05,-0.002895993867423385,20788.0,20638.0,51.815988302230835,4.074078559875488,55.89006686210632,20439.0,20919.821428571428
2009,84,17,P17,84,1.6333333333333335e-05,0.0020674281695391983,21343.0,21198.0,52.63111138343811,4.0738019943237305,56.70491337776184,20626.0,21516.45238095238
2010,84,18,P18,84,1.6291666666666672e-05,-0.0013144573713361751,20599.0,20515.0,51.632203340530396,3.8893418312072754,55.52154517173767,20176.0,20833.02380952381
2011,84,19,P19,84,1.625e-05,0.001679102421621792,23645.0,24011.0,50.57483148574829,3.9757394790649414,54.55057096481323,22915.0,23899.72619047619
2012,84,20,P20,84,1.6208333333333335e-05,0.00011854036401928169,22822.0,22708.0,56.04426074028015,4.722522974014282,60.766783714294434,22630.0,23354.714285714286
2013,84,21,P21,84,1.6166666666666662e-05,0.0020165953115792944,24112.0,23875.0,57.52247071266174,4.599413871765137,62.12188458442688,23628.0,24400.428571428572
2014,84,22,P22,84,1.6125000000000002e-05,-7.390730679617264e-05,23842.0,23703.0,56.33155417442322,4.600224494934082,60.9317786693573,23280.0,23913.869047619046
2015,84,23,P23,84,1.608333333333334e-05,-0.0001444140367051919,32810.0,32717.0,75.72567009925842,6.67867112159729,82.40434122085571,32663.0,34988.48809523809
2016,84,24,P24,84,1.6041666666666666e-05,-0.0036200907547026874,24001.0,24028.0,52.80988883972168,4.162757396697998,56.97264623641968,23713.0,24289.22619047619
2017,85,1,P1,85,1.6000000000000003e-05,0.0112252983963117,6154.0,6218.0,11.923878908157349,0.8158197402954102,12.739698648452759,5872.0,6202.752941176471
2018,85,2,P2,85,1.595833333333333e-05,-0.0021544299088418484,8283.0,8280.0,15.175989151000977,1.0234766006469727,16.19946575164795,8110.0,8619.094117647059
2019,85,3,P3,85,1.591666666666667e-05,0.0037854717520531267,6102.0,6089.0,10.838395833969116,0.7393441200256348,11.577739953994751,5820.0,6457.435294117647
2020,85,4,P4,85,1.5874999999999996e-05,0.00643538951408118,3706.0,3706.0,8.402669429779053,0.5717117786407471,8.9743812084198,3655.0,3768.670588235294
2021,85,5,P5,85,1.5833333333333333e-05,0.0024863140424713492,4262.0,4207.0,9.352296352386475,0.6814541816711426,10.033750534057617,4202.0,4285.1882352941175
2022,85,6,P6,85,1.579166666666667e-05,0.013588694389909506,4140.0,4060.0,10.410223007202148,0.6920723915100098,11.102295398712158,3957.0,4104.2588235294115
2023,85,7,P7,85,1.5749999999999997e-05,0.019570792326703668,6144.0,5797.0,15.047266483306885,1.013174057006836,16.06044054031372,5700.0,6035.611764705883
2024,85,8,P8,85,1.5708333333333337e-05,-0.018366061383858323,5570.0,5600.0,12.716592788696289,0.8388795852661133,13.555472373962402,5570.0,5882.329411764706
2025,85,9,P9,85,1.5666666666666663e-05,-0.015353802358731627,5350.0,5380.0,11.941721677780151,0.7927038669586182,12.73442554473877,5290.0,5666.388235294117
2026,85,10,P10,85,1.5625e-05,-0.003559773846063763,5650.0,5650.0,7.523299932479858,0.526442289352417,8.049742221832275,5458.0,5699.976470588235
2027,85,11,P11,85,1.5583333333333337e-05,-0.0033268685510847718,11389.0,11389.0,14.623883724212646,1.0051147937774658,15.628998517990112,11372.0,11435.976470588235
2028,85,12,P12,85,1.5541666666666664e-05,-0.002718701696721837,11975.0,12039.0,17.565510749816895,1.1954877376556396,18.760998487472534,11842.0,12199.470588235294
2029,85,13,P13,85,1.5500000000000004e-05,0.002183445198170375,19672.0,19672.0,41.285003662109375,3.159661293029785,44.44466495513916,19375.0,19995.61176470588
2030,85,14,P14,85,1.545833333333333e-05,-0.000954332603214425,21795.0,21879.0,42.18091654777527,3.240602493286133,45.4215190410614,21611.0,22157.470588235294
2031,85,15,P15,85,1.5416666666666668e-05,0.000597979778831359,20219.0,20384.0,43.411861419677734,3.4748339653015137,46.88669538497925,19840.0,20492.45882352941
2032,85,16,P16,85,1.5375000000000004e-05,-0.004369552480056882,20655.0,20696.0,54.57361841201782,4.181484937667847,58.75510334968567,20439.0,20917.188235294117
2033,85,17,P17,85,1.5333333333333334e-05,0.0026016862830147147,21188.0,21243.0,51.873379707336426,4.077401399612427,55.95078110694885,20626.0,21513.235294117647
2034,85,18,P18,85,1.529166666666667e-05,-0.0007018910331680672,20550.0,20231.0,50.235302209854126,4.053119421005249,54.288421630859375,20176.0,20825.941176470587
2035,85,19,P19,85,1.5249999999999998e-05,0.0014569865015801042,23754.0,23661.0,50.59058904647827,4.036190032958984,54.626779079437256,22915.0,23896.917647058825
2036,85,20,P20,85,1.5208333333333335e-05,-8.481528675474692e-05,22757.0,22866.0,53.88117074966431,4.352677822113037,58.233848571777344,22630.0,23348.964705882354
2037,85,21,P21,85,1.5166666666666663e-05,0.00186730804562103,24072.0,23875.0,57.476927280426025,4.587555408477783,62.06448268890381,23628.0,24394.24705882353
2038,85,22,P22,85,1.5125e-05,2.123806480085477e-05,23847.0,23605.0,59.321521520614624,4.7630534172058105,64.08457493782043,23280.0,23910.235294117647
2039,85,23,P23,85,1.5083333333333339e-05,-0.0007711311052064827,32470.0,32567.0,75.21891021728516,6.574472904205322,81.79338312149048,32567.0,34960.0
2040,85,24,P24,85,1.5041666666666665e-05,-0.0016072961618192494,24149.0,24290.0,51.33395528793335,4.210180282592773,55.54413557052612,23713.0,24289.235294117647
2041,86,1,P1,86,1.5000000000000004e-05,0.008427499735262245,6099.0,6012.0,11.773566722869873,0.7946531772613525,12.568219900131226,5872.0,6200.53488372093
2042,86,2,P2,86,1.495833333333333e-05,-0.005389115074649453,8132.0,8280.0,15.165458917617798,1.0308020114898682,16.196260929107666,8110.0,8615.151162790698
2043,86,3,P3,86,1.4916666666666667e-05,0.006228538026334718,6078.0,5888.0,10.887975454330444,0.7305359840393066,11.618511438369751,5820.0,6450.813953488372
2044,86,4,P4,86,1.4875000000000006e-05,0.007452143938280642,3714.0,3712.0,8.436672449111938,0.5663535594940186,9.003026008605957,3655.0,3768.0116279069766
2045,86,5,P5,86,1.4833333333333332e-05,0.00801811320707202,4304.0,4344.0,9.257485628128052,0.6274023056030273,9.884887933731079,4202.0,4285.872093023256
2046,86,6,P6,86,1.4791666666666671e-05,0.023545467760413885,4215.0,3985.0,9.734045028686523,0.6584367752075195,10.392481803894043,3957.0,4102.872093023256
2047,86,7,P7,86,1.4749999999999998e-05,-0.0027805914724012837,5787.0,5847.0,14.25446367263794,0.9485151767730713,15.20297884941101,5700.0,6033.418604651163
2048,86,8,P8,86,1.4708333333333335e-05,-0.0021921566512901336,5690.0,5600.0,12.667232751846313,0.8607022762298584,13.527935028076172,5570.0,5879.046511627907
2049,86,9,P9,86,1.4666666666666661e-05,-0.005505651555722579,5350.0,5330.0,11.961441278457642,0.7883017063140869,12.749742984771729,5290.0,5662.476744186047
2050,86,10,P10,86,1.4625e-05,-0.0026211587246507406,5726.0,5680.0,7.577069044113159,0.5161430835723877,8.093212127685547,5458.0,5699.7441860465115
2051,86,11,P11,86,1.4583333333333338e-05,-0.011277608922682703,11389.0,11389.0,14.722704648971558,1.0154974460601807,15.738202095031738,11372.0,11435.43023255814
2052,86,12,P12,86,1.4541666666666665e-05,-0.0053872435237281024,12120.0,12120.0,17.668344259262085,1.2121129035949707,18.880457162857056,11842.0,12198.546511627907
2053,86,13,P13,86,1.4500000000000002e-05,-0.0006256839158140792,19586.0,19527.0,42.849374294281006,3.337904691696167,46.18727898597717,19375.0,19990.162790697676
2054,86,14,P14,86,1.4458333333333328e-05,-0.00023392381126541295,21670.0,21906.0,42.12667369842529,3.1311821937561035,45.2578558921814,21611.0,22154.54651162791
2055,86,15,P15,86,1.4416666666666667e-05,0.0012231913897267077,20298.0,20138.0,42.16390776634216,3.242746353149414,45.40665411949158,19840.0,20488.337209302324
2056,86,16,P16,86,1.4375000000000006e-05,-0.004128612892236561,20896.0,20669.0,52.545960903167725,4.325307846069336,56.87126874923706,20439.0,20914.302325581397
2057,86,17,P17,86,1.4333333333333332e-05,0.001908531060325913,21373.0,21733.0,52.51961088180542,4.105482816696167,56.62509369850159,20626.0,21515.79069767442
2058,86,18,P18,86,1.4291666666666669e-05,-0.0014586661476641894,20395.0,20441.0,49.43470001220703,3.864818811416626,53.29951882362366,20176.0,20821.46511627907
2059,86,19,P19,86,1.4249999999999997e-05,0.0023714549373835326,23703.0,23833.0,51.33731555938721,4.169744968414307,55.507060527801514,22915.0,23896.174418604653
2060,86,20,P20,86,1.4208333333333334e-05,9.19001719012158e-05,23046.0,22932.0,56.589093923568726,4.495624303817749,61.084718227386475,22630.0,23344.116279069767
2061,86,21,P21,86,1.4166666666666673e-05,0.000184594843085506,24018.0,23875.0,57.63943290710449,4.550734996795654,62.19016790390015,23628.0,24388.20930232558
2062,86,22,P22,86,1.4125e-05,0.0006836722590378485,23836.0,23436.0,57.023436546325684,4.999564170837402,62.023000717163086,23280.0,23904.720930232557
2063,86,23,P23,86,1.4083333333333338e-05,0.0002034324739465124,32538.0,32978.0,75.373370885849,6.1119067668914795,81.48527765274048,32567.0,34936.95348837209
2064,86,24,P24,86,1.4041666666666665e-05,-0.0024901806842535733,24035.0,24243.0,51.26390266418457,4.205948829650879,55.46985149383545,23713.0,24288.697674418603
2065,87,1,P1,87,1.4000000000000001e-05,0.011845771572552621,6162.0,6012.0,12.14656138420105,0.806556224822998,12.953117609024048,5872.0,6198.367816091954
2066,87,2,P2,87,1.3958333333333328e-05,-0.0024439350818283856,8296.0,8154.0,15.455986499786377,1.0218348503112793,16.477821350097656,8110.0,8609.850574712644
2067,87,3,P3,87,1.3916666666666667e-05,-0.007857775548473,5864.0,5875.0,11.229896068572998,0.7524893283843994,11.982385396957397,5820.0,6444.19540229885
2068,87,4,P4,87,1.3875000000000005e-05,0.009718038840219378,3714.0,3691.0,8.637036800384521,0.5960941314697266,9.233130931854248,3655.0,3767.1264367816093
2069,87,5,P5,87,1.3833333333333332e-05,0.012860018061473966,4324.0,4304.0,9.831766843795776,0.7032139301300049,10.534980773925781,4202.0,4286.080459770115
2070,87,6,P6,87,1.3791666666666669e-05,0.014969183364883065,4070.0,4100.0,10.566503286361694,0.7237100601196289,11.290213346481323,3957.0,4102.83908045977
2071,87,7,P7,87,1.3749999999999995e-05,0.03856283240020275,6350.0,6757.0,15.416863918304443,0.9819591045379639,16.398823022842407,5700.0,6041.735632183908
2072,87,8,P8,87,1.3708333333333334e-05,-0.023488155333325267,5600.0,5630.0,12.919060707092285,0.8406233787536621,13.759684085845947,5570.0,5876.183908045977
2073,87,9,P9,87,1.3666666666666672e-05,-0.021556396270170808,5410.0,5399.0,12.24380087852478,0.7973392009735107,13.041140079498291,5290.0,5659.448275862069
2074,87,10,P10,87,1.3624999999999999e-05,-0.0004076130280736834,5725.0,5581.0,7.509690046310425,0.5095810890197754,8.0192711353302,5458.0,5698.379310344828
2075,87,11,P11,87,1.3583333333333336e-05,-0.002589444673503749,11389.0,11389.0,14.366844654083252,0.9844715595245361,15.351316213607788,11372.0,11434.896551724138
2076,87,12,P12,87,1.3541666666666664e-05,-0.005303170997649431,12020.0,12020.0,17.314866065979004,1.1705288887023926,18.485394954681396,11842.0,12196.494252873563
2077,87,13,P13,87,1.3500000000000001e-05,-0.0029551238694693893,19528.0,19817.0,41.50642371177673,3.3749332427978516,44.881356954574585,19375.0,19988.172413793105
2078,87,14,P14,87,1.345833333333334e-05,-0.00042062676789100806,21861.0,21906.0,41.39741778373718,3.172433614730835,44.56985139846802,21611.0,22151.689655172413
2079,87,15,P15,87,1.3416666666666666e-05,0.0008842838406053488,20348.0,20495.0,42.74976134300232,3.286926507949829,46.03668785095215,19840.0,20488.41379310345
2080,87,16,P16,87,1.3375000000000005e-05,-0.006551407184451819,20752.0,20915.0,52.58090424537659,4.082157850265503,56.66306209564209,20439.0,20914.310344827587
2081,87,17,P17,87,1.3333333333333332e-05,0.0009152773563982919,21242.0,21403.0,53.63831877708435,4.173433065414429,57.81175184249878,20626.0,21514.494252873563
2082,87,18,P18,87,1.3291666666666668e-05,0.00044927679846296087,20305.0,20409.0,51.82352113723755,3.9081523418426514,55.7316734790802,20176.0,20816.724137931036
2083,87,19,P19,87,1.3249999999999995e-05,0.0026669854414649308,23812.0,24091.0,50.47664761543274,4.053948879241943,54.53059649467468,22915.0,23898.41379310345
2084,87,20,P20,87,1.3208333333333334e-05,-7.119479560060426e-05,22975.0,23000.0,56.23519682884216,4.593985080718994,60.82918190956116,22630.0,23340.16091954023
2085,87,21,P21,87,1.3166666666666672e-05,0.0002838676788087469,23882.0,24190.0,57.575703382492065,4.746289014816284,62.32199239730835,23628.0,24385.931034482757
2086,87,22,P22,87,1.3124999999999999e-05,0.0003839274537313031,23772.0,23656.0,57.33756184577942,4.65781307220459,61.99537491798401,23280.0,23901.862068965518
2087,87,23,P23,87,1.3083333333333336e-05,0.0008425520172750112,32462.0,32717.0,76.70023274421692,6.489208698272705,83.18944144248962,32567.0,34911.4367816092
2088,87,24,P24,87,1.3041666666666662e-05,-0.0028473378624767065,24256.0,24066.0,53.34055209159851,4.184423446655273,57.524975538253784,23713.0,24286.137931034482
2089,88,1,P1,88,1.3000000000000001e-05,0.010371774318628013,6154.0,6112.0,11.831114530563354,0.8144066333770752,12.64552116394043,5872.0,6197.386363636364
2090,88,2,P2,88,1.295833333333334e-05,0.0009791206830414012,8270.0,8110.0,15.020557641983032,1.0250587463378906,16.045616388320923,8110.0,8604.170454545454
2091,88,3,P3,88,1.2916666666666666e-05,-0.002562518178820028,5875.0,5875.0,10.809713125228882,0.7375342845916748,11.547247409820557,5820.0,6437.727272727273
2092,88,4,P4,88,1.2875000000000003e-05,0.015246613882482052,3811.0,3691.0,8.462912797927856,0.5674145221710205,9.030327320098877,3655.0,3766.2613636363635
2093,88,5,P5,88,1.2833333333333331e-05,0.0071562324883416295,4289.0,4304.0,9.699245691299438,0.6911213397979736,10.390367031097412,4202.0,4286.284090909091
2094,88,6,P6,88,1.2791666666666668e-05,0.02095866808667779,4185.0,4235.0,10.124013185501099,0.7413027286529541,10.865315914154053,3957.0,4104.340909090909
2095,88,7,P7,88,1.2749999999999995e-05,0.04041945841163397,6687.0,6787.0,14.853801488876343,0.976970911026001,15.830772399902344,5700.0,6050.204545454545
2096,88,8,P8,88,1.2708333333333333e-05,-0.011111992876976728,5600.0,5600.0,12.655521869659424,0.861025333404541,13.516547203063965,5570.0,5873.045454545455
2097,88,9,P9,88,1.2666666666666672e-05,-0.01961613749153912,5350.0,5400.0,11.916056156158447,0.7894816398620605,12.705537796020508,5290.0,5656.5
2098,88,10,P10,88,1.2624999999999999e-05,-0.012718158541247249,5626.0,5580.0,7.445373773574829,0.5114865303039551,7.956860303878784,5458.0,5697.034090909091
2099,88,11,P11,88,1.2583333333333335e-05,0.0002745757265074644,11372.0,11389.0,14.423391819000244,0.9958453178405762,15.41923713684082,11372.0,11434.375
2100,88,12,P12,88,1.2541666666666662e-05,-0.011527980794198811,11940.0,11875.0,17.42976713180542,1.219125747680664,18.648892879486084,11842.0,12192.84090909091
2101,88,13,P13,88,1.25e-05,-0.008252338389866054,19480.0,19842.0,41.00548315048218,3.155092239379883,44.16057538986206,19375.0,19986.511363636364
2102,88,14,P14,88,1.2458333333333339e-05,-0.00034930361357510264,22154.0,22094.0,41.88996410369873,3.179096221923828,45.06906032562256,21611.0,22151.034090909092
2103,88,15,P15,88,1.2416666666666666e-05,-0.0017991387867368758,20474.0,20153.0,42.957468032836914,3.352485179901123,46.30995321273804,19840.0,20484.602272727272
2104,88,16,P16,88,1.2375000000000003e-05,-0.010790617857128381,20770.0,20947.0,55.394078493118286,4.252272367477417,59.6463508605957,20439.0,20914.68181818182
2105,88,17,P17,88,1.233333333333333e-05,0.0006434778075345094,21355.0,21332.0,51.70310115814209,4.060703277587891,55.76380443572998,20626.0,21512.420454545456
2106,88,18,P18,88,1.2291666666666668e-05,0.003326525865122676,20626.0,20489.0,49.38048553466797,4.101618766784668,53.48210430145264,20176.0,20813.0
2107,88,19,P19,88,1.2250000000000006e-05,0.0026046831102576108,23716.0,23891.0,50.558786153793335,4.0841896533966064,54.64297580718994,22915.0,23898.329545454544
2108,88,20,P20,88,1.2208333333333333e-05,-0.0007042490566163906,23225.0,22822.0,54.30048751831055,4.449758291244507,58.750245809555054,22630.0,23334.272727272728
2109,88,21,P21,88,1.216666666666667e-05,0.001056821707607014,23985.0,24025.0,58.53318428993225,4.6559789180755615,63.18916320800781,23628.0,24381.829545454544
2110,88,22,P22,88,1.2124999999999998e-05,-0.0008250475439126603,23662.0,23705.0,58.67439365386963,4.701439380645752,63.37583303451538,23280.0,23899.625
2111,88,23,P23,88,1.2083333333333335e-05,0.0016154039715599669,32368.0,32609.0,74.77409243583679,6.5579307079315186,81.33202314376831,32567.0,34885.27272727273
2112,88,24,P24,88,1.2041666666666662e-05,-0.0016273722096229904,24303.0,24084.0,52.266865491867065,4.186153888702393,56.45301938056946,23713.0,24283.840909090908
2113,89,1,P1,89,1.2e-05,0.009883317805361003,6112.0,6012.0,11.893756866455078,0.8149194717407227,12.7086763381958,5872.0,6195.303370786517
2114,89,2,P2,89,1.1958333333333339e-05,0.0035420442291069776,8324.0,8324.0,15.103262901306152,1.024153470993042,16.127416372299194,8110.0,8601.022471910112
2115,89,3,P3,89,1.1916666666666666e-05,0.01758307626005262,6316.0,6102.0,10.926676511764526,0.741936206817627,11.668612718582153,5820.0,6433.955056179775
2116,89,4,P4,89,1.1875000000000002e-05,0.0022581572411581874,3746.0,3691.0,8.444178342819214,0.590909481048584,9.035087823867798,3655.0,3765.4157303370785
2117,89,5,P5,89,1.1833333333333329e-05,-0.0019238673557993025,4227.0,4207.0,9.399992227554321,0.625286340713501,10.025278568267822,4202.0,4285.393258426966
2118,89,6,P6,89,1.1791666666666668e-05,0.010385149624198675,4100.0,4195.0,9.690844535827637,0.6566731929779053,10.347517728805542,3957.0,4105.359550561798
2119,89,7,P7,89,1.1750000000000006e-05,0.03529440890997648,6837.0,6577.0,14.463629722595215,0.9707973003387451,15.43442702293396,5700.0,6056.123595505618
2120,89,8,P8,89,1.1708333333333333e-05,-0.009292664588429034,5600.0,5600.0,12.819614171981812,0.8814480304718018,13.701062202453613,5570.0,5869.9775280898875
2121,89,9,P9,89,1.166666666666667e-05,-0.008951669849921018,5530.0,5350.0,12.01322865486145,0.8158988952636719,12.829127550125122,5290.0,5653.056179775281
2122,89,10,P10,89,1.1624999999999996e-05,-0.013871662551537156,5626.0,5581.0,7.568979263305664,0.5295634269714355,8.0985426902771,5458.0,5695.730337078651
2123,89,11,P11,89,1.1583333333333335e-05,-0.0068703858414664865,11372.0,11389.0,14.833025693893433,1.0231564044952393,15.856182098388672,11372.0,11433.865168539325
2124,89,12,P12,89,1.1541666666666661e-05,-0.012359451036900282,11975.0,11875.0,17.72988796234131,1.2225003242492676,18.952388286590576,11842.0,12189.269662921348
2125,89,13,P13,89,1.15e-05,-0.008766610408201814,19527.0,20277.0,43.05290389060974,3.407698392868042,46.46060228347778,19375.0,19989.775280898877
2126,89,14,P14,89,1.1458333333333337e-05,-0.001960936962859705,22025.0,21930.0,42.25212359428406,3.156574249267578,45.408697843551636,21611.0,22148.550561797754
2127,89,15,P15,89,1.1416666666666665e-05,-0.0018414284859318286,20315.0,20328.0,42.18669939041138,3.212973117828369,45.399672508239746,19840.0,20482.842696629214
2128,89,16,P16,89,1.1375000000000002e-05,-0.005602041096426547,20856.0,20753.0,54.22522282600403,4.325543403625488,58.55076622962952,20439.0,20912.865168539327
2129,89,17,P17,89,1.1333333333333329e-05,0.00047523539469693785,21029.0,21248.0,52.19880151748657,4.0989837646484375,56.29778528213501,20626.0,21509.449438202246
2130,89,18,P18,89,1.1291666666666667e-05,0.00035911169106839225,20362.0,20556.0,48.539514780044556,3.801065444946289,52.340580224990845,20176.0,20810.112359550563
2131,89,19,P19,89,1.1250000000000006e-05,0.0009119987997110001,23664.0,23724.0,50.50246238708496,4.074601888656616,54.57706427574158,22915.0,23896.370786516854
2132,89,20,P20,89,1.1208333333333332e-05,0.00023871686407801463,22804.0,22932.0,56.10583806037903,4.4540722370147705,60.5599102973938,22630.0,23329.752808988764
2133,89,21,P21,89,1.116666666666667e-05,0.0021153281442821024,24129.0,23875.0,57.308770418167114,4.526302337646484,61.8350727558136,23628.0,24376.134831460673
2134,89,22,P22,89,1.1124999999999996e-05,-0.0004415297560626641,23588.0,23634.0,56.71349477767944,4.877041339874268,61.59053611755371,23280.0,23896.6404494382
2135,89,23,P23,89,1.1083333333333335e-05,0.0012435700991773047,32700.0,32609.0,76.15215158462524,6.191767930984497,82.34391951560974,32567.0,34859.69662921348
2136,89,24,P24,89,1.1041666666666673e-05,-0.001538694459304679,24250.0,24213.0,51.540271282196045,4.190721035003662,55.73099231719971,23713.0,24283.044943820223
2137,90,1,P1,90,1.1e-05,0.006332298158667982,6112.0,6112.0,12.215148687362671,0.813591718673706,13.028740406036377,5872.0,6194.377777777778
2138,90,2,P2,90,1.0958333333333337e-05,0.0022609877851209603,8324.0,8324.0,15.553185224533081,1.0680832862854004,16.62126851081848,8110.0,8597.944444444445
2139,90,3,P3,90,1.0916666666666663e-05,0.0005313836809364147,6102.0,5888.0,11.171815395355225,0.7476756572723389,11.919491052627563,5820.0,6427.888888888889
2140,90,4,P4,90,1.0875000000000002e-05,0.010210659122094512,3701.0,3691.0,8.601645708084106,0.596045732498169,9.197691440582275,3655.0,3764.588888888889
2141,90,5,P5,90,1.0833333333333328e-05,0.0020707343355752528,4202.0,4217.0,9.401024103164673,0.636101245880127,10.0371253490448,4202.0,4284.633333333333
2142,90,6,P6,90,1.0791666666666667e-05,0.016044829040765762,4220.0,3987.0,10.54235553741455,0.728501558303833,11.270857095718384,3957.0,4104.044444444445
2143,90,7,P7,90,1.0750000000000004e-05,0.003684686147607863,5850.0,6307.0,15.700907230377197,1.0187795162200928,16.71968674659729,5700.0,6058.9111111111115
2144,90,8,P8,90,1.0708333333333332e-05,0.00024244786300187116,5600.0,5600.0,13.003567218780518,0.8502957820892334,13.853863000869751,5570.0,5866.977777777778
2145,90,9,P9,90,1.0666666666666669e-05,-0.005125089330249466,5340.0,5340.0,12.120664119720459,0.8112502098083496,12.931914329528809,5290.0,5649.577777777778
2146,90,10,P10,90,1.0624999999999996e-05,-0.002386687323451042,5650.0,5580.0,7.535404920578003,0.5104992389678955,8.045904159545898,5458.0,5694.444444444444
2147,90,11,P11,90,1.0583333333333334e-05,-0.0023251398815773427,11372.0,11389.0,14.431285858154297,0.9773802757263184,15.408666133880615,11372.0,11433.366666666667
2148,90,12,P12,90,1.0541666666666673e-05,-0.004993514157831669,11980.0,12003.0,17.475550413131714,1.172633171081543,18.648183584213257,11842.0,12187.2
2149,90,13,P13,90,1.05e-05,-0.003902709999238141,19560.0,19462.0,41.57517600059509,3.3950061798095703,44.97018218040466,19375.0,19983.911111111112
2150,90,14,P14,90,1.0458333333333336e-05,-0.0019586095368140377,21865.0,21798.0,41.569316148757935,3.1525847911834717,44.721900939941406,21611.0,22144.655555555557
2151,90,15,P15,90,1.0416666666666663e-05,0.0005921714762280317,20319.0,20250.0,42.6772346496582,3.309781551361084,45.98701620101929,19840.0,20480.255555555555
2152,90,16,P16,90,1.0375000000000001e-05,-0.002294499456183985,20652.0,20704.0,51.83966898918152,4.058427810668945,55.898096799850464,20439.0,20910.544444444444
2153,90,17,P17,90,1.033333333333334e-05,0.0010189551321673207,21205.0,21404.0,52.4255576133728,4.073646306991577,56.49920392036438,20626.0,21508.277777777777
2154,90,18,P18,90,1.0291666666666667e-05,-0.0006235847511561587,20484.0,20323.0,50.15740704536438,3.9387784004211426,54.09618544578552,20176.0,20804.7
2155,90,19,P19,90,1.0250000000000004e-05,0.0019736451271455736,23866.0,23887.0,50.58398199081421,4.061743497848511,54.64572548866272,22915.0,23896.266666666666
2156,90,20,P20,90,1.020833333333333e-05,-0.0002633610756674898,22831.0,22932.0,55.131776332855225,4.621095418930054,59.75287175178528,22630.0,23325.333333333332
2157,90,21,P21,90,1.0166666666666669e-05,0.001929037255467847,24189.0,24055.0,57.32042479515076,4.599349021911621,61.91977381706238,23628.0,24372.566666666666
2158,90,22,P22,90,1.0124999999999995e-05,-0.00030426407010963885,23563.0,23689.0,56.4411244392395,4.657448053359985,61.09857249259949,23280.0,23894.333333333332
2159,90,23,P23,90,1.0083333333333334e-05,-0.000853053144965088,32364.0,32717.0,75.37940788269043,6.228634357452393,81.60804224014282,32567.0,34835.88888888889
2160,90,24,P24,90,1.004166666666667e-05,-0.0015655948751373216,23890.0,24299.0,53.29952311515808,4.269374132156372,57.56889724731445,23713.0,24283.222222222223
2161,91,1,P1,91,1e-05,0.004022537992568687,6112.0,6022.0,11.95588994026184,0.81410813331604,12.76999807357788,5872.0,6192.483516483517
2162,91,2,P2,91,1e-05,-0.002158237708499655,8280.0,8324.0,15.284051179885864,1.0425910949707031,16.326642274856567,8110.0,8594.934065934065
2163,91,3,P3,91,1e-05,-0.0034649322733457666,5970.0,6102.0,10.738909482955933,0.7288241386413574,11.46773362159729,5820.0,6424.307692307692
2164,91,4,P4,91,1e-05,0.012168761109933257,3746.0,3691.0,8.395214080810547,0.5656514167785645,8.960865497589111,3655.0,3763.78021978022
2165,91,5,P5,91,1e-05,0.014832754619419575,4362.0,4362.0,9.347935914993286,0.6124732494354248,9.960409164428711,4202.0,4285.483516483517
2166,91,6,P6,91,1e-05,0.00863702967762947,4087.0,4117.0,9.9055016040802,0.7228796482086182,10.628381252288818,3957.0,4104.186813186813
2167,91,7,P7,91,1e-05,0.023856092942878604,6787.0,6217.0,14.727031946182251,1.0471062660217285,15.77413821220398,5700.0,6060.648351648351
2168,91,8,P8,91,1e-05,-0.00981548335403204,5600.0,5600.0,13.083791017532349,0.8385229110717773,13.922313928604126,5570.0,5864.043956043956
2169,91,9,P9,91,1e-05,0.009826043678913265,5770.0,5340.0,11.807937383651733,0.7791321277618408,12.587069511413574,5290.0,5646.175824175824
2170,91,10,P10,91,1e-05,-0.0037664006813429296,5680.0,5580.0,7.412363290786743,0.5084795951843262,7.920842885971069,5458.0,5693.186813186813
2171,91,11,P11,91,1e-05,-0.005848893779329956,11389.0,11389.0,14.388782739639282,0.9983258247375488,15.387108564376831,11372.0,11432.87912087912
2172,91,12,P12,91,1e-05,-0.011833932832814753,11975.0,11975.0,17.4367458820343,1.1801156997680664,18.616861581802368,11842.0,12184.868131868132
2173,91,13,P13,91,1e-05,-0.009469884214922786,19672.0,19672.0,40.72719764709473,3.1146130561828613,43.84181070327759,19375.0,19980.483516483517
2174,91,14,P14,91,1e-05,-0.0038449624698841944,21815.0,21851.0,41.50038146972656,3.189857006072998,44.69023847579956,21611.0,22141.428571428572
2175,91,15,P15,91,1e-05,-0.0004450285139228072,20205.0,20185.0,42.81364321708679,3.2825541496276855,46.09619736671448,19840.0,20477.01098901099
2176,91,16,P16,91,1e-05,-0.001963336573680863,20630.0,20879.0,54.54335021972656,4.206349849700928,58.74970006942749,20439.0,20910.197802197803
2177,91,17,P17,91,1e-05,0.0023851877020206304,21213.0,21221.0,52.371214389801025,4.019604921340942,56.39081931114197,20626.0,21505.120879120877
2178,91,18,P18,91,1e-05,-0.0003198047590558417,20470.0,20457.0,49.66819906234741,4.040866136550903,53.709065198898315,20176.0,20800.879120879123
2179,91,19,P19,91,1e-05,0.0010605713934637607,23826.0,23887.0,50.7966890335083,4.172572135925293,54.969261169433594,22915.0,23896.164835164836
2180,91,20,P20,91,1e-05,0.0003835288136542658,22822.0,22672.0,54.14621186256409,4.348392963409424,58.49460482597351,22630.0,23318.153846153848
2181,91,21,P21,91,1e-05,0.0012252721746335738,23958.0,24220.0,58.146973609924316,4.66354775428772,62.810521364212036,23628.0,24370.89010989011
2182,91,22,P22,91,1e-05,-9.151233498414513e-05,23778.0,23744.0,60.00011491775513,4.792417287826538,64.79253220558167,23280.0,23892.68131868132
2183,91,23,P23,91,1e-05,0.0006531077992154419,32802.0,32717.0,75.60062766075134,6.052947521209717,81.65357518196106,32567.0,34812.604395604394
2184,91,24,P24,91,1e-05,-0.0016318446752848104,24262.0,23953.0,51.73063564300537,4.368699550628662,56.09933519363403,23713.0,24279.593406593405
2185,92,1,P1,92,1e-05,-0.003873639929224737,6054.0,6022.0,11.9671471118927,0.8135097026824951,12.780656814575195,5872.0,6190.630434782609
2186,92,2,P2,92,1e-05,-0.00746251130476594,8124.0,8124.0,15.252261400222778,1.0796141624450684,16.331875562667847,8110.0,8589.815217391304
2187,92,3,P3,92,1e-05,0.010041255445685238,6034.0,6102.0,10.919205904006958,0.7411649227142334,11.660370826721191,5820.0,6420.804347826087
2188,92,4,P4,92,1e-05,0.010926383780315518,3701.0,3701.0,8.520799398422241,0.568467378616333,9.089266777038574,3655.0,3763.0978260869565
2189,92,5,P5,92,1e-05,0.0033860935363918543,4242.0,4304.0,9.38846206665039,0.6424200534820557,10.030882120132446,4202.0,4285.684782608696
2190,92,6,P6,92,1e-05,0.008402100298553705,4100.0,4117.0,9.87715196609497,0.6414611339569092,10.51861310005188,3957.0,4104.326086956522
2191,92,7,P7,92,1e-05,0.014744850690476596,6320.0,6277.0,14.30099868774414,0.9590210914611816,15.260019779205322,5700.0,6063.0
2192,92,8,P8,92,1e-05,-0.011745902360416949,5630.0,5600.0,12.7665274143219,0.8309876918792725,13.597515106201172,5570.0,5861.173913043478
2193,92,9,P9,92,1e-05,-0.016888136859051883,5357.0,5340.0,12.141777515411377,0.8330423831939697,12.974819898605347,5290.0,5642.847826086957
2194,92,10,P10,92,1e-05,0.0030824210261926055,5650.0,5650.0,7.682262897491455,0.5268537998199463,8.209116697311401,5458.0,5692.717391304348
2195,92,11,P11,92,1e-05,0.005595268856268376,11389.0,11389.0,14.839824914932251,1.0173988342285156,15.857223749160767,11372.0,11432.402173913044
2196,92,12,P12,92,1e-05,0.003075102315051481,12120.0,11975.0,17.828173875808716,1.2125530242919922,19.040726900100708,11842.0,12182.58695652174
2197,92,13,P13,92,1e-05,-4.353740223450586e-05,19535.0,19672.0,42.53590631484985,3.4088010787963867,45.94470739364624,19375.0,19977.130434782608
2198,92,14,P14,92,1e-05,-0.001822439196985215,21990.0,21900.0,43.43842124938965,3.13398814201355,46.5724093914032,21611.0,22138.804347826088
2199,92,15,P15,92,1e-05,-0.00023969024368852843,20128.0,20232.0,42.85381484031677,3.2256996631622314,46.079514503479004,19840.0,20474.347826086956
2200,92,16,P16,92,1e-05,0.0011135350621771067,20776.0,20688.0,52.930893659591675,4.297569036483765,57.22846269607544,20439.0,20907.782608695652
2201,92,17,P17,92,1e-05,0.0019179933238774537,21308.0,21373.0,52.39598369598389,4.088600397109985,56.48458409309387,20626.0,21503.684782608696
2202,92,18,P18,92,1e-05,-0.002132828097091988,20440.0,20515.0,48.53144192695618,3.8498125076293945,52.38125443458557,20176.0,20797.771739130436
2203,92,19,P19,92,1e-05,0.0010104910623340401,23571.0,23854.0,50.47929859161377,4.085020542144775,54.564319133758545,22915.0,23895.706521739132
2204,92,20,P20,92,1e-05,0.0010204430560406762,22972.0,22681.0,56.400362968444824,4.680909156799316,61.08127212524414,22630.0,23311.228260869564
2205,92,21,P21,92,1e-05,0.00031893885025056077,24076.0,24054.0,57.654128313064575,4.541102170944214,62.19523048400879,23628.0,24367.445652173912
2206,92,22,P22,92,1e-05,0.0005792493971966906,23873.0,23519.0,56.832035303115845,5.148941993713379,61.980977296829224,23280.0,23888.619565217392
2207,92,23,P23,92,1e-05,-0.0003656961521950767,32697.0,32528.0,75.4575502872467,6.093897581100464,81.55144786834717,32528.0,34787.77173913043
2208,92,24,P24,92,1e-05,-0.0012828338018152862,24186.0,24041.0,51.8053617477417,4.178976535797119,55.98433828353882,23713.0,24277.0
2209,93,1,P1,93,1e-05,0.0034907013323390856,6152.0,6012.0,12.312735319137573,0.8401119709014893,13.152847290039062,5872.0,6188.709677419355
2210,93,2,P2,93,1e-05,-0.0009461629451834597,8337.0,8121.0,15.625144481658936,1.0752205848693848,16.70036506652832,8110.0,8584.774193548386
2211,93,3,P3,93,1e-05,0.0031934798025758937,6089.0,6034.0,11.187507390975952,0.7416350841522217,11.929142475128174,5820.0,6416.645161290323
2212,93,4,P4,93,1e-05,0.01060035708360374,3748.0,3691.0,8.582308053970337,0.5794548988342285,9.161762952804565,3655.0,3762.3225806451615
2213,93,5,P5,93,1e-05,0.0018693655438255519,4262.0,4344.0,9.43200945854187,0.6216650009155273,10.053674459457397,4202.0,4286.311827956989
2214,93,6,P6,93,1e-05,0.012879532296210527,4205.0,4117.0,10.04878830909729,0.7126350402832031,10.761423349380493,3957.0,4104.462365591397
2215,93,7,P7,93,1e-05,0.02243781159631908,6847.0,6277.0,15.610772609710693,1.018143653869629,16.628916263580322,5700.0,6065.301075268817
2216,93,8,P8,93,1e-05,-0.016416028141975403,5600.0,5600.0,13.413518190383911,0.8460659980773926,14.259584188461304,5570.0,5858.365591397849
2217,93,9,P9,93,1e-05,-0.017171970568597317,5450.0,5332.0,12.039234638214111,0.807030200958252,12.846264839172363,5290.0,5639.5053763440865
2218,93,10,P10,93,1e-05,-0.005283864797092974,5626.0,5650.0,7.7085120677948,0.5459139347076416,8.254426002502441,5458.0,5692.258064516129
2219,93,11,P11,93,1e-05,-0.0003092055649176473,11372.0,11389.0,14.554541110992432,0.9951596260070801,15.549700736999512,11372.0,11431.935483870968
2220,93,12,P12,93,1e-05,-0.0017656136624282226,12120.0,11975.0,17.373499393463135,1.1676547527313232,18.541154146194458,11842.0,12180.354838709678
2221,93,13,P13,93,1e-05,-0.001055034551427525,19615.0,19672.0,41.26920175552368,3.3680005073547363,44.63720226287842,19375.0,19973.84946236559
2222,93,14,P14,93,1e-05,-0.0009255974346160656,21880.0,21790.0,42.396968126297,3.167799711227417,45.564767837524414,21611.0,22135.05376344086
2223,93,15,P15,93,1e-05,0.00032262028139484755,20477.0,20282.0,42.306591749191284,3.2527475357055664,45.55933928489685,19840.0,20472.279569892475
2224,93,16,P16,93,1e-05,-0.00226381128304638,20825.0,20670.0,51.7235426902771,4.044389963150024,55.767932653427124,20439.0,20905.225806451614
2225,93,17,P17,93,1e-05,0.00042241306582582185,21213.0,21410.0,52.40310192108154,4.093667268753052,56.496769189834595,20626.0,21502.677419354837
2226,93,18,P18,93,1e-05,0.00035063620962318966,20585.0,20395.0,51.021645069122314,3.912062406539917,54.93370747566223,20176.0,20793.440860215054
2227,93,19,P19,93,1e-05,0.001543103855510708,23686.0,23826.0,51.08554148674011,4.127550363540649,55.21309185028076,22915.0,23894.956989247312
2228,93,20,P20,93,1e-05,-0.00023430462606484072,22971.0,22798.0,54.46663975715637,4.702102899551392,59.168742656707764,22630.0,23305.709677419356
2229,93,21,P21,93,1e-05,0.0013686629157746212,24166.0,23911.0,57.42562460899353,4.614325284957886,62.039949893951416,23628.0,24362.537634408603
2230,93,22,P22,93,1e-05,0.00020851393965131136,23651.0,23650.0,56.78597664833069,4.707548141479492,61.49352478981018,23280.0,23886.05376344086
2231,93,23,P23,93,1e-05,0.0006552044672259529,32783.0,32742.0,76.65809607505798,6.207106351852417,82.8652024269104,32528.0,34765.77419354839
2232,93,24,P24,93,1e-05,-0.0013721297757001594,24390.0,24084.0,53.87015986442566,4.274024486541748,58.14418435096741,23713.0,24274.924731182797
2233,94,1,P1,94,1e-05,-0.007537720259279013,6012.0,6012.0,12.210705995559692,0.8168833255767822,13.027589321136475,5872.0,6186.829787234043
2234,94,2,P2,94,1e-05,-0.0038618878461420536,8280.0,8232.0,15.165472269058228,1.0295324325561523,16.19500470161438,8110.0,8581.021276595744
2235,94,3,P3,94,1e-05,0.003226852451916784,6034.0,5875.0,10.837911367416382,0.7368953227996826,11.574806690216064,5820.0,6410.882978723404
2236,94,4,P4,94,1e-05,0.008517219219356775,3711.0,3691.0,8.369528532028198,0.5623526573181152,8.931881189346313,3655.0,3761.563829787234
2237,94,5,P5,94,1e-05,0.00898969522677362,4289.0,4344.0,9.195409536361694,0.6213235855102539,9.816733121871948,4202.0,4286.925531914893
2238,94,6,P6,94,1e-05,0.015066934749484062,4140.0,4060.0,9.649192810058594,0.7268991470336914,10.376091957092285,3957.0,4103.989361702128
2239,94,7,P7,94,1e-05,0.024245715467259288,6847.0,6307.0,15.051693439483643,0.9470131397247314,15.998706579208374,5700.0,6067.872340425532
2240,94,8,P8,94,1e-05,-0.0023227727724588476,5750.0,5600.0,13.279308557510376,0.8584744930267334,14.13778305053711,5570.0,5855.617021276596
2241,94,9,P9,94,1e-05,-0.011737388209439814,5480.0,5347.0,11.761333465576172,0.7899589538574219,12.551292419433594,5290.0,5636.393617021276
2242,94,10,P10,94,1e-05,-0.007421923684887588,5650.0,5650.0,7.54390811920166,0.5068495273590088,8.050757646560669,5458.0,5691.808510638298
2243,94,11,P11,94,1e-05,-0.005139922723174095,11389.0,11389.0,14.447847843170166,0.9817101955413818,15.429558038711548,11372.0,11431.478723404256
2244,94,12,P12,94,1e-05,-0.003981731832027435,12064.0,12120.0,17.366311073303223,1.1755809783935547,18.541892051696777,11842.0,12179.712765957447
2245,94,13,P13,94,1e-05,-0.0024807935187709518,19559.0,19707.0,40.55840063095093,3.091689348220825,43.65008997917175,19375.0,19971.010638297874
2246,94,14,P14,94,1e-05,-0.0007268285262398422,21936.0,21795.0,41.38880372047424,3.145981550216675,44.53478527069092,21611.0,22131.436170212764
2247,94,15,P15,94,1e-05,-0.0004822762746243825,20239.0,20396.0,42.807119607925415,3.2982876300811768,46.10540723800659,19840.0,20471.468085106382
2248,94,16,P16,94,1e-05,-0.001897617685608566,20728.0,20646.0,53.96144151687622,4.15810227394104,58.11954379081726,20439.0,20902.468085106382
2249,94,17,P17,94,1e-05,0.0019228143384680152,20954.0,21533.0,53.260008096694946,4.108187437057495,57.36819553375244,20626.0,21503.0
2250,94,18,P18,94,1e-05,-0.001164535504358355,20450.0,20398.0,49.37804436683655,4.105016708374023,53.48306107521057,20176.0,20789.23404255319
2251,94,19,P19,94,1e-05,0.00104416684480384,23671.0,23860.0,50.216248512268066,4.094654560089111,54.31090307235718,22915.0,23894.58510638298
2252,94,20,P20,94,1e-05,0.0005078873475213186,22746.0,22632.0,53.849849700927734,4.3534159660339355,58.20326566696167,22630.0,23298.542553191488
2253,94,21,P21,94,1e-05,0.0014182940736645832,23995.0,24054.0,57.3828821182251,4.59611439704895,61.97899651527405,23628.0,24359.255319148935
2254,94,22,P22,94,1e-05,0.0004650429842513404,23577.0,23661.0,58.679795026779175,4.921894073486328,63.6016891002655,23280.0,23883.659574468085
2255,94,23,P23,94,1e-05,-9.2164399185484e-05,32713.0,32892.0,75.9942455291748,6.087490797042847,82.08173632621765,32528.0,34745.84042553192
2256,94,24,P24,94,1e-05,-0.0015466717100935056,24111.0,24119.0,52.29669737815857,4.38469934463501,56.68139672279358,23713.0,24273.26595744681
2257,95,1,P1,95,1e-05,-0.004842477574129589,6012.0,6012.0,12.026146173477173,0.8026351928710938,12.828781366348267,5872.0,6184.989473684211
2258,95,2,P2,95,1e-05,0.00019255632832937408,8313.0,8118.0,15.159213304519653,1.0138375759124756,16.17305088043213,8110.0,8576.147368421052
2259,95,3,P3,95,1e-05,-0.0014390407795872306,5956.0,5888.0,10.710017442703247,0.7413406372070312,11.451358079910278,5820.0,6405.378947368421
2260,95,4,P4,95,1e-05,0.014997546561062336,3748.0,3691.0,8.505033493041992,0.5775010585784912,9.082534551620483,3655.0,3760.821052631579
2261,95,5,P5,95,1e-05,0.004171430948190391,4217.0,4344.0,9.336755990982056,0.6334068775177002,9.970162868499756,4202.0,4287.526315789473
2262,95,6,P6,95,1e-05,0.012008416466414928,4100.0,4125.0,9.649696588516235,0.6529014110565186,10.302597999572754,3957.0,4104.210526315789
2263,95,7,P7,95,1e-05,-0.002933092328021303,5850.0,6457.0,14.287116050720215,0.9472615718841553,15.23437762260437,5700.0,6071.968421052631
2264,95,8,P8,95,1e-05,-0.004532357881544158,5630.0,5600.0,12.648849248886108,0.8295750617980957,13.478424310684204,5570.0,5852.926315789474
2265,95,9,P9,95,1e-05,-0.002174002785977791,5450.0,5360.0,11.981416463851929,0.8157553672790527,12.797171831130981,5290.0,5633.484210526316
2266,95,10,P10,95,1e-05,-0.004114439245313406,5581.0,5650.0,7.608350515365601,0.5174572467803955,8.125807762145996,5458.0,5691.368421052632
2267,95,11,P11,95,1e-05,0.0006120071739132982,11389.0,11389.0,14.737759351730347,1.0213472843170166,15.759106636047363,11372.0,11431.031578947368
2268,95,12,P12,95,1e-05,-0.000693668706844619,11984.0,12120.0,17.881819248199463,1.204617977142334,19.086437225341797,11842.0,12179.084210526316
2269,95,13,P13,95,1e-05,-0.00043442010291983024,19527.0,19545.0,41.477787017822266,3.5419552326202393,45.019742250442505,19375.0,19966.526315789473
2270,95,14,P14,95,1e-05,-0.0006646740666838014,21876.0,21795.0,43.62286734580994,3.235591173171997,46.858458518981934,21611.0,22127.894736842107
2271,95,15,P15,95,1e-05,0.0020969766992493533,20259.0,20155.0,42.571248054504395,3.2528903484344482,45.82413840293884,19840.0,20468.136842105265
2272,95,16,P16,95,1e-05,0.0013392766646575182,20821.0,20797.0,53.567866563797,4.438262462615967,58.006129026412964,20439.0,20901.35789473684
2273,95,17,P17,95,1e-05,0.0007262879036716186,20999.0,21101.0,52.6115198135376,4.1242897510528564,56.735809564590454,20626.0,21498.76842105263
2274,95,18,P18,95,1e-05,-0.0015740074013592675,20415.0,20565.0,48.67093873023987,3.837635040283203,52.50857377052307,20176.0,20786.873684210525
2275,95,19,P19,95,1e-05,0.0016444205830339342,23591.0,23675.0,51.437111377716064,4.107630252838135,55.5447416305542,22915.0,23892.273684210526
2276,95,20,P20,95,1e-05,0.0008915628373870277,22898.0,22789.0,56.031134366989136,4.77296257019043,60.804096937179565,22630.0,23293.178947368422
2277,95,21,P21,95,1e-05,-6.290392029768554e-05,23995.0,24069.0,58.18492865562439,4.616229295730591,62.80115795135498,23628.0,24356.2
2278,95,22,P22,95,1e-05,0.0012026562442770227,23626.0,23656.0,57.35378289222717,4.880957126617432,62.234740018844604,23280.0,23881.263157894737
2279,95,23,P23,95,1e-05,0.0004019295699565971,33092.0,32742.0,75.56399893760681,6.13183856010437,81.69583749771118,32528.0,34724.74736842105
2280,95,24,P24,95,1e-05,-0.0022945484204683455,24262.0,24148.0,51.11182427406311,4.173402309417725,55.285226583480835,23713.0,24271.947368421053
2281,96,1,P1,96,1e-05,0.0030534022371284664,6184.0,5978.0,12.123102903366089,0.8387410640716553,12.961843967437744,5872.0,6182.833333333333
2282,96,2,P2,96,1e-05,-0.005499126098584384,8270.0,8322.0,15.447765588760376,1.0894737243652344,16.53723931312561,8110.0,8573.5
2283,96,3,P3,96,1e-05,0.007727071730187163,6102.0,5820.0,11.103377342224121,0.7412755489349365,11.844652891159058,5820.0,6399.28125
2284,96,4,P4,96,1e-05,0.004657855490222573,3701.0,3691.0,8.731190204620361,0.587374210357666,9.318564414978027,3655.0,3760.09375
2285,96,5,P5,96,1e-05,0.0019605106790550053,4304.0,4344.0,9.665414571762085,0.6513254642486572,10.316740036010742,4202.0,4288.114583333333
2286,96,6,P6,96,1e-05,0.006549747893586755,4085.0,4125.0,10.028762102127075,0.6700191497802734,10.698781251907349,3957.0,4104.427083333333
2287,96,7,P7,96,1e-05,-0.007124915020540357,5790.0,6277.0,15.454850196838379,1.0848748683929443,16.539725065231323,5700.0,6074.104166666667
2288,96,8,P8,96,1e-05,-0.0053072848240844905,5600.0,5600.0,13.606569528579712,0.8828237056732178,14.48939323425293,5570.0,5850.291666666667
2289,96,9,P9,96,1e-05,-0.00225363444769755,5410.0,5320.0,12.224382400512695,0.8077981472015381,13.032180547714233,5290.0,5630.21875
2290,96,10,P10,96,1e-05,-0.005674929008819163,5550.0,5650.0,7.6497368812561035,0.5453605651855469,8.19509744644165,5458.0,5690.9375
2291,96,11,P11,96,1e-05,0.0002683722741494421,11389.0,11389.0,14.585512399673462,0.9893202781677246,15.574832677841187,11372.0,11430.59375
2292,96,12,P12,96,1e-05,-0.0006274381375988014,11964.0,12120.0,17.42681574821472,1.193861484527588,18.62067723274231,11842.0,12178.46875
2293,96,13,P13,96,1e-05,0.0008350339321623323,19517.0,19545.0,41.473408937454224,3.4078280925750732,44.8812370300293,19375.0,19962.135416666668
2294,96,14,P14,96,1e-05,-0.0009567963434164994,21768.0,21788.0,42.51965260505676,3.435108184814453,45.954760789871216,21611.0,22124.354166666668
2295,96,15,P15,96,1e-05,0.001164563875136082,20161.0,20250.0,42.746657848358154,3.3039391040802,46.050596952438354,19840.0,20465.864583333332
2296,96,16,P16,96,1e-05,0.0004503474068769719,20600.0,20797.0,52.57119131088257,4.108240127563477,56.679431438446045,20439.0,20900.270833333332
2297,96,17,P17,96,1e-05,0.0025969963055104016,21343.0,21422.0,53.48918962478638,4.262541055679321,57.7517306804657,20626.0,21497.96875
2298,96,18,P18,96,1e-05,-0.0028261088649742306,20410.0,20432.0,50.96735644340515,4.003329277038574,54.970685720443726,20176.0,20783.177083333332
2299,96,19,P19,96,1e-05,0.0019904369255527854,23615.0,23701.0,50.57918739318848,4.032766819000244,54.61195421218872,22915.0,23890.28125
2300,96,20,P20,96,1e-05,0.0010788485975353978,22870.0,22791.0,54.03719425201416,4.681434392929077,58.71862864494324,22630.0,23287.947916666668
2301,96,21,P21,96,1e-05,0.0009343079596874304,24136.0,24054.0,58.08821082115173,4.687885999679565,62.7760968208313,23628.0,24353.052083333332
2302,96,22,P22,96,1e-05,0.00023339347426372116,23666.0,23656.0,57.19288921356201,4.664919853210449,61.85780906677246,23280.0,23878.916666666668
2303,96,23,P23,96,1e-05,-0.0006497586304508981,32573.0,32592.0,77.35376286506653,6.250795602798462,83.60455846786499,32528.0,34702.53125
2304,96,24,P24,96,1e-05,-0.0022836900432594122,24175.0,24008.0,53.42512249946594,4.31627893447876,57.7414014339447,23713.0,24269.197916666668
2305,97,1,P1,97,1e-05,-0.0034721484553301707,6036.0,6012.0,12.370569229125977,0.8202071189880371,13.190776348114014,5872.0,6181.072164948454
2306,97,2,P2,97,1e-05,-0.0021499484864762053,8282.0,8270.0,15.28958797454834,1.0134761333465576,16.303064107894897,8110.0,8570.37113402062
2307,97,3,P3,97,1e-05,-0.0002214311225543497,5970.0,6089.0,10.835984468460083,0.7419660091400146,11.577950477600098,5820.0,6396.082474226804
2308,97,4,P4,97,1e-05,0.011754344683140516,3701.0,3691.0,8.45410442352295,0.5658032894134521,9.019907712936401,3655.0,3759.381443298969
2309,97,5,P5,97,1e-05,0.005792432930320501,4269.0,4304.0,9.313481330871582,0.6233737468719482,9.93685507774353,4202.0,4288.278350515464
2310,97,6,P6,97,1e-05,0.015616463031619787,4115.0,4117.0,9.69724726676941,0.6511075496673584,10.348354816436768,3957.0,4104.556701030928
2311,97,7,P7,97,1e-05,0.029683623695746064,6370.0,5787.0,14.50093936920166,0.9498782157897949,15.450817584991455,5700.0,6071.144329896907
2312,97,8,P8,97,1e-05,-0.015503127127885818,5600.0,5570.0,13.17970895767212,0.8346407413482666,14.014349699020386,5570.0,5847.40206185567
2313,97,9,P9,97,1e-05,-0.02202968578785658,5330.0,5311.0,11.89722990989685,0.7754092216491699,12.67263913154602,5290.0,5626.927835051546
2314,97,10,P10,97,1e-05,-0.012168090557679534,5550.0,5650.0,7.436239957809448,0.5376091003417969,7.973849058151245,5458.0,5690.515463917526
2315,97,11,P11,97,1e-05,-0.003167139657307416,11389.0,11389.0,14.496798038482666,0.9807548522949219,15.477552890777588,11372.0,11430.164948453608
2316,97,12,P12,97,1e-05,0.0008190898697648663,12002.0,12039.0,17.33365249633789,1.183260440826416,18.516912937164307,11842.0,12177.030927835052
2317,97,13,P13,97,1e-05,0.00206407843506895,19583.0,19697.0,40.61169147491455,3.0963563919067383,43.70804786682129,19375.0,19959.40206185567
2318,97,14,P14,97,1e-05,0.0001346747367279022,21813.0,21663.0,41.19152474403381,3.1578102111816406,44.349334955215454,21611.0,22119.59793814433
2319,97,15,P15,97,1e-05,-0.0003682266008127044,20035.0,20094.0,43.07537627220154,3.343798875808716,46.419175148010254,19840.0,20462.03092783505
2320,97,16,P16,97,1e-05,-0.0008598814718425273,20704.0,20496.0,54.141053915023804,4.205255746841431,58.346309661865234,20439.0,20896.103092783505
2321,97,17,P17,97,1e-05,0.0017409692401997745,21208.0,21483.0,52.771613359451294,4.030179023742676,56.80179238319397,20626.0,21497.81443298969
2322,97,18,P18,97,1e-05,-0.001387861673720181,20422.0,20430.0,49.89127969741821,4.027008295059204,53.91828799247742,20176.0,20779.536082474227
2323,97,19,P19,97,1e-05,0.001061859336186899,23439.0,23712.0,50.36368274688721,4.164083957672119,54.527766704559326,22915.0,23888.443298969072
2324,97,20,P20,97,1e-05,0.0006671880124486052,22746.0,22928.0,53.64900493621826,4.31534481048584,57.9643497467041,22630.0,23284.23711340206
2325,97,21,P21,97,1e-05,0.002816122677177191,24214.0,23889.0,57.26442861557007,4.6121838092803955,61.876612424850464,23628.0,24348.268041237112
2326,97,22,P22,97,1e-05,-8.65709014760796e-05,23679.0,23524.0,58.90656661987305,4.941965818405151,63.8485324382782,23280.0,23875.25773195876
2327,97,23,P23,97,1e-05,0.00012938705348070862,32952.0,32990.0,76.29050326347351,6.09138560295105,82.38188886642456,32528.0,34684.87628865979
2328,97,24,P24,97,1e-05,-0.0028354049165500326,24171.0,24055.0,50.46618986129761,4.393076181411743,54.85926604270935,23713.0,24266.98969072165
2329,98,1,P1,98,1e-05,-0.0009405242744833231,6022.0,6012.0,11.869178295135498,0.8102924823760986,12.679470777511597,5872.0,6179.34693877551
2330,98,2,P2,98,1e-05,0.0008338315478795266,8280.0,8270.0,15.191502809524536,1.0157103538513184,16.207213163375854,8110.0,8567.30612244898
2331,98,3,P3,98,1e-05,0.012954820529557765,6102.0,6034.0,10.879241704940796,0.7289116382598877,11.608153343200684,5820.0,6392.3877551020405
2332,98,4,P4,98,1e-05,0.007628042018041015,3706.0,3706.0,8.48068118095398,0.5824234485626221,9.063104629516602,3655.0,3758.8367346938776
2333,98,5,P5,98,1e-05,0.0021092729875817895,4262.0,4344.0,9.313997268676758,0.6300899982452393,9.944087266921997,4202.0,4288.84693877551
2334,98,6,P6,98,1e-05,0.011227837530896068,4115.0,4125.0,9.75350022315979,0.658022403717041,10.411522626876831,3957.0,4104.765306122449
2335,98,7,P7,98,1e-05,-0.0009058359719347209,5787.0,5787.0,14.341070652008057,0.9672679901123047,15.308338642120361,5700.0,6068.244897959184
2336,98,8,P8,98,1e-05,-0.0037878541043028235,5600.0,5570.0,12.660661697387695,0.8356869220733643,13.49634861946106,5570.0,5844.571428571428
2337,98,9,P9,98,1e-05,-0.006636778940446675,5311.0,5330.0,12.005824327468872,0.8200545310974121,12.825878858566284,5290.0,5623.897959183673
2338,98,10,P10,98,1e-05,-0.0022445881040766835,5664.0,5650.0,7.613867998123169,0.5229294300079346,8.136797428131104,5458.0,5690.102040816327
2339,98,11,P11,98,1e-05,-0.006924484216142446,11389.0,11389.0,14.801573514938354,1.0002434253692627,15.801816940307617,11372.0,11429.744897959185
2340,98,12,P12,98,1e-05,-0.002908040478359908,12039.0,12020.0,17.783228874206543,1.2260308265686035,19.009259700775146,11842.0,12175.42857142857
2341,98,13,P13,98,1e-05,0.00014840231460766518,19738.0,19672.0,41.79415011405945,3.399489164352417,45.193639278411865,19375.0,19956.469387755104
2342,98,14,P14,98,1e-05,-0.0004682997705458547,22046.0,21879.0,43.61686086654663,3.2883095741271973,46.90517044067383,21611.0,22117.14285714286
2343,98,15,P15,98,1e-05,0.0018497696182748768,20384.0,20237.0,42.59958004951477,3.238884925842285,45.838464975357056,19840.0,20459.73469387755
2344,98,16,P16,98,1e-05,-0.0010510804226214533,20747.0,20665.0,52.49281716346741,4.371880292892456,56.86469745635986,20439.0,20893.744897959183
2345,98,17,P17,98,1e-05,0.0018572227359982207,21440.0,21213.0,52.71568989753723,4.155739784240723,56.871429681777954,20626.0,21494.908163265307
2346,98,18,P18,98,1e-05,-0.00226764734252356,20385.0,20521.0,48.35334515571594,3.776569366455078,52.12991452217102,20176.0,20776.897959183672
2347,98,19,P19,98,1e-05,0.001503076558583416,23492.0,23823.0,50.260477781295776,4.053514719009399,54.313992500305176,22915.0,23887.775510204083
2348,98,20,P20,98,1e-05,0.0007899764612375292,22898.0,22811.0,55.18621611595154,4.66975736618042,59.85597348213196,22630.0,23279.408163265307
2349,98,21,P21,98,1e-05,0.001436313896556385,24285.0,24074.0,58.67671775817871,4.602118968963623,63.278836727142334,23628.0,24345.469387755104
2350,98,22,P22,98,1e-05,0.0004953092260620906,23849.0,23781.0,57.032026290893555,4.998682498931885,62.03070878982544,23280.0,23874.29591836735
2351,98,23,P23,98,1e-05,-0.0008917114602289595,32486.0,32871.0,77.68291521072388,6.311414957046509,83.99433016777039,32528.0,34666.36734693877
2352,98,24,P24,98,1e-05,-0.0017044921834894922,24221.0,24249.0,52.272701025009155,4.262292385101318,56.534993410110474,23713.0,24266.80612244898
2353,99,1,P1,99,1e-05,-0.002456707166857086,6012.0,6012.0,12.393654108047485,0.8472490310668945,13.24090313911438,5872.0,6177.656565656565
2354,99,2,P2,99,1e-05,0.0004529615475803439,8324.0,8270.0,15.718141078948975,1.0551230907440186,16.773264169692993,8110.0,8564.30303030303
2355,99,3,P3,99,1e-05,0.009042653779033571,6034.0,6102.0,11.32227873802185,0.7662501335144043,12.088528871536255,5820.0,6389.454545454545
2356,99,4,P4,99,1e-05,0.012054883409291506,3706.0,3706.0,8.74605107307434,0.5967006683349609,9.342751741409302,3655.0,3758.3030303030305
2357,99,5,P5,99,1e-05,-0.002530217112507671,4207.0,4202.0,9.61507773399353,0.6436920166015625,10.258769750595093,4202.0,4287.969696969697
2358,99,6,P6,99,1e-05,0.010611574398353696,4147.0,4140.0,9.974371194839478,0.6577811241149902,10.632152318954468,3957.0,4105.121212121212
2359,99,7,P7,99,1e-05,0.02242064755409956,6397.0,6167.0,14.942779541015625,1.0396244525909424,15.982403993606567,5700.0,6069.242424242424
2360,99,8,P8,99,1e-05,-0.009868303081020713,5600.0,5570.0,13.279767274856567,0.91414475440979,14.193912029266357,5570.0,5841.79797979798
2361,99,9,P9,99,1e-05,-0.014817034360021353,5374.0,5370.0,12.024224519729614,0.8160550594329834,12.840279579162598,5290.0,5621.333333333333
2362,99,10,P10,99,1e-05,-0.007897048257291317,5626.0,5650.0,7.680199861526489,0.5261716842651367,8.206371545791626,5458.0,5689.69696969697
2363,99,11,P11,99,1e-05,-0.00430177227826789,11389.0,11389.0,14.861087083816528,0.9953901767730713,15.8564772605896,11372.0,11429.333333333334
2364,99,12,P12,99,1e-05,-0.004734942689538002,11990.0,11975.0,17.737377405166626,1.209134578704834,18.94651198387146,11842.0,12173.40404040404
2365,99,13,P13,99,1e-05,-0.0004731728481601749,19672.0,19987.0,41.604867696762085,3.4591944217681885,45.06406211853027,19375.0,19956.777777777777
2366,99,14,P14,99,1e-05,-0.0009870862195384689,21913.0,21985.0,42.95986461639404,3.333524465560913,46.293389081954956,21611.0,22115.80808080808
2367,99,15,P15,99,1e-05,0.0004933113455081184,20334.0,20239.0,43.428500175476074,3.3231284618377686,46.75162863731384,19840.0,20457.50505050505
2368,99,16,P16,99,1e-05,-0.003286333242431283,20707.0,20810.0,52.89405846595764,4.19408106803894,57.08813953399658,20439.0,20892.89898989899
2369,99,17,P17,99,1e-05,0.001765184017131105,21341.0,21065.0,54.624754905700684,4.1757426261901855,58.80049753189087,20626.0,21490.565656565657
2370,99,18,P18,99,1e-05,-0.0005496645717357751,20592.0,20431.0,50.46345090866089,3.8996148109436035,54.36306571960449,20176.0,20773.40404040404
2371,99,19,P19,99,1e-05,0.0010322982514480827,23546.0,23904.0,51.030779123306274,4.052559852600098,55.08333897590637,22915.0,23887.939393939392
2372,99,20,P20,99,1e-05,0.001027548893034691,22822.0,22932.0,54.98882794380188,4.799048662185669,59.78787660598755,22630.0,23275.89898989899
2373,99,21,P21,99,1e-05,0.001421659448533319,24192.0,24039.0,58.039904832839966,4.719932317733765,62.75983715057373,23628.0,24342.37373737374
2374,99,22,P22,99,1e-05,-0.00042151874731644057,23776.0,23656.0,57.29849934577942,4.714548110961914,62.01304745674133,23280.0,23872.090909090908
2375,99,23,P23,99,1e-05,0.00020161914822633013,32754.0,32535.0,76.53422570228577,6.181971073150635,82.7161967754364,32528.0,34644.83838383838
2376,99,24,P24,99,1e-05,-0.0026292855996871366,24087.0,24203.0,52.835885524749756,4.246412992477417,57.08229851722717,23713.0,24266.161616161615
2377,100,1,P1,100,1e-05,0.005582941172178835,6112.0,6112.0,12.073297500610352,0.8170242309570312,12.890321731567383,5872.0,6177.0
2378,100,2,P2,100,1e-05,-0.0011784617672674358,8270.0,8270.0,15.265763998031616,1.0305824279785156,16.296346426010132,8110.0,8561.36
2379,100,3,P3,100,1e-05,0.0005330619460437447,6089.0,5888.0,10.835617780685425,0.7446250915527344,11.58024287223816,5820.0,6384.44
2380,100,4,P4,100,1e-05,0.008397349622100592,3746.0,3706.0,8.624055862426758,0.5724003314971924,9.19645619392395,3655.0,3757.78
2381,100,5,P5,100,1e-05,0.005692675011232495,4277.0,4207.0,9.352856874465942,0.6310222148895264,9.983879089355469,4202.0,4287.16
2382,100,6,P6,100,1e-05,0.008359112543985248,4085.0,4125.0,9.728395223617554,0.651400089263916,10.37979531288147,3957.0,4105.32
2383,100,7,P7,100,1e-05,0.016614294843748212,6167.0,6227.0,15.254097700119019,1.071423053741455,16.325520753860474,5700.0,6070.82
2384,100,8,P8,100,1e-05,-0.011477149208076298,5570.0,5600.0,13.54040002822876,0.8517990112304688,14.392199039459229,5570.0,5839.38
2385,100,9,P9,100,1e-05,-0.012490964378230274,5380.0,5310.0,12.061131954193115,0.7966587543487549,12.85779070854187,5290.0,5618.22
2386,100,10,P10,100,1e-05,-0.004485694109462202,5626.0,5680.0,7.718845844268799,0.5313882827758789,8.250234127044678,5458.0,5689.6
2387,100,11,P11,100,1e-05,-0.005223314219620079,11389.0,11389.0,14.736979961395264,1.0144498348236084,15.751429796218872,11372.0,11428.93
2388,100,12,P12,100,1e-05,-0.0016821711178636178,11982.0,11875.0,17.837836742401123,1.222616195678711,19.060452938079834,11842.0,12170.42
2389,100,13,P13,100,1e-05,0.0007150838091547485,19527.0,19987.0,41.850285053253174,3.229262113571167,45.07954716682434,19375.0,19957.08
2390,100,14,P14,100,1e-05,-3.2976267675621784e-05,21902.0,21973.0,42.629244804382324,3.304025650024414,45.93327045440674,21611.0,22114.38
2391,100,15,P15,100,1e-05,0.002180734576540999,20145.0,20406.0,44.30626320838928,3.3596863746643066,47.66594958305359,19840.0,20456.99
2392,100,16,P16,100,1e-05,-7.839338250050786e-05,20816.0,20831.0,54.309157848358154,4.270380735397339,58.57953858375549,20439.0,20892.28
2393,100,17,P17,100,1e-05,0.0015067331260070205,21243.0,21403.0,52.79726767539978,4.143302917480469,56.94057059288025,20626.0,21489.69
2394,100,18,P18,100,1e-05,-0.0018656819040188566,20520.0,20576.0,50.73566246032715,4.02599835395813,54.76166081428528,20176.0,20771.43
2395,100,19,P19,100,1e-05,0.0004699094752140809,23420.0,23747.0,50.89738440513611,4.123334169387817,55.020718574523926,22915.0,23886.53
2396,100,20,P20,100,1e-05,0.0026334352616686372,23221.0,22932.0,54.78102469444275,4.396261930465698,59.17728662490845,22630.0,23272.46
2397,100,21,P21,100,1e-05,0.0005926144258410204,24106.0,23932.0,58.94068002700806,4.667011976242065,63.60769200325012,23628.0,24338.27
2398,100,22,P22,100,1e-05,-0.0006969620062591275,23646.0,23670.0,58.53438115119934,4.777554035186768,63.31193518638611,23280.0,23870.07
2399,100,23,P23,100,1e-05,-0.000885141505152985,32663.0,32504.0,75.8492431640625,6.273232698440552,82.12247586250305,32504.0,34623.43
2400,100,24,P24,100,1e-05,-0.0018378250359091907,24196.0,24070.0,52.67387771606445,4.453470230102539,57.12734794616699,23713.0,24264.2
