variant_name,epoch,round_id,round_pos,instance_id,instance_occurrence,lr,train_loss,train_rollout_cmax,current_objective,train_time_sec,eval_time_sec,cycle_time_sec,running_cb,running_ca
industrial_changeover,1,1,1,Order1,1,0.0001,0.3509325385093689,1280.0,1465.0,14.83978271484375,1.147336721420288,15.987119436264038,1465.0,1465.0
industrial_changeover,6,2,1,Order1,2,9.99e-05,-0.06942117772996426,1280.0,1465.0,14.365252256393433,1.0512466430664062,15.416498899459839,1465.0,1465.0
industrial_changeover,11,3,1,Order1,3,9.98e-05,-0.07149495929479599,1262.0,1465.0,13.729125022888184,1.1127147674560547,14.841839790344238,1465.0,1465.0
industrial_changeover,16,4,1,Order1,4,9.970000000000001e-05,-0.09946502558887005,1247.0,1266.0,13.90443730354309,1.050330638885498,14.954767942428589,1266.0,1415.25
industrial_changeover,21,5,1,Order1,5,9.960000000000001e-05,-0.048060313798487186,1292.0,1266.0,13.886501789093018,1.1053614616394043,14.991863250732422,1266.0,1385.4
industrial_changeover,26,6,1,Order1,6,9.95e-05,-0.08380446769297123,1241.0,1266.0,13.85294246673584,1.0412945747375488,14.894237041473389,1266.0,1365.5
industrial_changeover,31,7,1,Order1,7,9.94e-05,-0.10959205217659473,1327.0,1241.0,13.738869667053223,1.0505626201629639,14.789432287216187,1241.0,1347.7142857142858
industrial_changeover,36,8,1,Order1,8,9.93e-05,-0.10333607718348503,1263.0,1259.0,13.904747724533081,1.0635533332824707,14.968301057815552,1241.0,1336.625
industrial_changeover,41,9,1,Order1,9,9.92e-05,-0.027081367559731007,1328.0,1259.0,13.769834518432617,1.0437030792236328,14.81353759765625,1241.0,1328.0
industrial_changeover,46,10,1,Order1,10,9.910000000000001e-05,-0.07550560124218464,1269.0,1325.0,13.769906997680664,1.0489976406097412,14.818904638290405,1241.0,1327.7
industrial_changeover,51,11,1,Order1,11,9.900000000000001e-05,-0.09937334433197975,1255.0,1266.0,13.781300067901611,1.058793306350708,14.84009337425232,1241.0,1322.090909090909
industrial_changeover,56,12,1,Order1,12,9.89e-05,-0.06147302687168121,1274.0,1291.0,13.71129846572876,1.0498085021972656,14.761106967926025,1241.0,1319.5
industrial_changeover,61,13,1,Order1,13,9.88e-05,-0.055383097380399704,1274.0,1266.0,13.858961343765259,1.0473058223724365,14.906267166137695,1241.0,1315.3846153846155
industrial_changeover,66,14,1,Order1,14,9.87e-05,-0.13179407268762589,1327.0,1266.0,14.809247493743896,1.134828805923462,15.944076299667358,1241.0,1311.857142857143
industrial_changeover,71,15,1,Order1,15,9.86e-05,-0.10620658285915852,1241.0,1266.0,14.204298257827759,1.085742712020874,15.290040969848633,1241.0,1308.8
industrial_changeover,76,16,1,Order1,16,9.850000000000001e-05,-0.05358543619513512,1292.0,1266.0,13.828848123550415,1.0604398250579834,14.889287948608398,1241.0,1306.125
industrial_changeover,81,17,1,Order1,17,9.84e-05,-0.1070882473140955,1255.0,1266.0,14.398448944091797,1.0690577030181885,15.467506647109985,1241.0,1303.764705882353
industrial_changeover,86,18,1,Order1,18,9.83e-05,-0.052547819912433624,1318.0,1266.0,14.07294249534607,1.0599744319915771,15.132916927337646,1241.0,1301.6666666666667
industrial_changeover,91,19,1,Order1,19,9.82e-05,-0.12159088253974915,1311.0,1266.0,15.01955795288086,1.123704195022583,16.143262147903442,1241.0,1299.7894736842106
industrial_changeover,96,20,1,Order1,20,9.81e-05,0.008344877976924181,1343.0,1266.0,13.965843677520752,1.0965404510498047,15.062384128570557,1241.0,1298.1
industrial_changeover,101,21,1,Order1,21,9.8e-05,-0.019406447187066078,1322.0,1266.0,13.95241093635559,1.0441663265228271,14.996577262878418,1241.0,1296.5714285714287
industrial_changeover,106,22,1,Order1,22,9.790000000000001e-05,-0.07651617750525475,1263.0,1259.0,13.933566331863403,1.0605716705322266,14.99413800239563,1241.0,1294.8636363636363
industrial_changeover,111,23,1,Order1,23,9.78e-05,-0.01432346529327333,1323.0,1282.0,14.02803659439087,1.1070878505706787,15.135124444961548,1241.0,1294.304347826087
industrial_changeover,116,24,1,Order1,24,9.77e-05,-0.08205892704427242,1295.0,1241.0,13.843435049057007,1.0524373054504395,14.895872354507446,1241.0,1292.0833333333333
industrial_changeover,121,25,1,Order1,25,9.76e-05,-0.03503582999110222,1275.0,1241.0,13.898032426834106,1.0627002716064453,14.960732698440552,1241.0,1290.04
industrial_changeover,126,26,1,Order1,26,9.75e-05,-0.12530374340713024,1250.0,1234.0,14.098090887069702,1.114445686340332,15.212536573410034,1234.0,1287.8846153846155
industrial_changeover,131,27,1,Order1,27,9.74e-05,-0.023160306736826897,1285.0,1241.0,13.639132976531982,1.0567491054534912,14.695882081985474,1234.0,1286.148148148148
industrial_changeover,136,28,1,Order1,28,9.730000000000001e-05,-0.0865407008677721,1273.0,1241.0,13.795082092285156,1.0665154457092285,14.861597537994385,1234.0,1284.5357142857142
industrial_changeover,141,29,1,Order1,29,9.72e-05,-0.052946217358112335,1274.0,1241.0,14.469937324523926,1.0697576999664307,15.539695024490356,1234.0,1283.0344827586207
industrial_changeover,146,30,1,Order1,30,9.71e-05,-0.026428078766912222,1266.0,1241.0,14.086608171463013,1.106515884399414,15.193124055862427,1234.0,1281.6333333333334
industrial_changeover,151,31,1,Order1,31,9.7e-05,-0.060297297313809395,1280.0,1241.0,14.277042150497437,1.087172508239746,15.364214658737183,1234.0,1280.3225806451612
industrial_changeover,156,32,1,Order1,32,9.69e-05,0.02264048345386982,1285.0,1241.0,14.099186420440674,1.078747272491455,15.177933692932129,1234.0,1279.09375
industrial_changeover,161,33,1,Order1,33,9.680000000000001e-05,-0.08753637783229351,1258.0,1241.0,13.966057777404785,1.072232961654663,15.038290739059448,1234.0,1277.939393939394
industrial_changeover,166,34,1,Order1,34,9.67e-05,-0.07387638464570045,1284.0,1241.0,13.958681583404541,1.0687525272369385,15.02743411064148,1234.0,1276.8529411764705
industrial_changeover,171,35,1,Order1,35,9.66e-05,-0.023493198677897453,1319.0,1241.0,13.94769024848938,1.0548756122589111,15.002565860748291,1234.0,1275.8285714285714
industrial_changeover,176,36,1,Order1,36,9.65e-05,-0.04749539401382208,1265.0,1241.0,13.809375286102295,1.052534580230713,14.861909866333008,1234.0,1274.861111111111
industrial_changeover,181,37,1,Order1,37,9.64e-05,-0.03638043813407421,1339.0,1241.0,13.806121587753296,0.9932875633239746,14.79940915107727,1234.0,1273.945945945946
industrial_changeover,186,38,1,Order1,38,9.63e-05,0.12205889448523521,1502.0,1241.0,13.874320983886719,1.054194688796997,14.928515672683716,1234.0,1273.078947368421
industrial_changeover,191,39,1,Order1,39,9.620000000000001e-05,0.04036199953407049,1336.0,1241.0,14.179718494415283,1.070387363433838,15.250105857849121,1234.0,1272.2564102564102
industrial_changeover,196,40,1,Order1,40,9.61e-05,0.04651096649467945,1374.0,1241.0,13.904186725616455,0.9750988483428955,14.87928557395935,1234.0,1271.475
industrial_changeover,201,41,1,Order1,41,9.6e-05,-0.029504792764782906,1259.0,1241.0,14.05425477027893,1.0621922016143799,15.11644697189331,1234.0,1270.7317073170732
industrial_changeover,206,42,1,Order1,42,9.59e-05,-0.030589657835662365,1250.0,1241.0,13.94745659828186,1.1066858768463135,15.054142475128174,1234.0,1270.0238095238096
industrial_changeover,211,43,1,Order1,43,9.58e-05,0.013221078785136342,1453.0,1241.0,13.927567958831787,1.0788156986236572,15.006383657455444,1234.0,1269.3488372093022
industrial_changeover,216,44,1,Order1,44,9.57e-05,0.08996681869029999,1443.0,1241.0,14.077327013015747,1.1069278717041016,15.184254884719849,1234.0,1268.7045454545455
industrial_changeover,221,45,1,Order1,45,9.56e-05,-0.04338508099317551,1254.0,1241.0,14.244942903518677,1.0711767673492432,15.31611967086792,1234.0,1268.088888888889
industrial_changeover,226,46,1,Order1,46,9.55e-05,-0.1124863289296627,1250.0,1241.0,14.058082342147827,1.0568077564239502,15.114890098571777,1234.0,1267.5
industrial_changeover,231,47,1,Order1,47,9.54e-05,-0.031883093528449535,1336.0,1241.0,13.973634719848633,1.0764188766479492,15.050053596496582,1234.0,1266.936170212766
industrial_changeover,236,48,1,Order1,48,9.53e-05,-0.04508994519710541,1253.0,1241.0,13.847261905670166,1.0675058364868164,14.914767742156982,1234.0,1266.3958333333333
industrial_changeover,241,49,1,Order1,49,9.52e-05,-0.01234858762472868,1325.0,1241.0,14.121357202529907,1.0580224990844727,15.17937970161438,1234.0,1265.8775510204082
industrial_changeover,246,50,1,Order1,50,9.51e-05,-0.027364840265363455,1275.0,1230.0,13.777167081832886,1.055372714996338,14.832539796829224,1230.0,1265.16
industrial_changeover,251,51,1,Order1,51,9.5e-05,-0.04763678554445505,1283.0,1241.0,13.728091716766357,1.055232048034668,14.783323764801025,1230.0,1264.686274509804
industrial_changeover,256,52,1,Order1,52,9.49e-05,-0.036861615255475044,1262.0,1230.0,13.76577877998352,1.050644874572754,14.816423654556274,1230.0,1264.0192307692307
industrial_changeover,261,53,1,Order1,53,9.48e-05,-0.09509211219847202,1255.0,1248.0,14.038138151168823,1.0697929859161377,15.107931137084961,1230.0,1263.7169811320755
industrial_changeover,266,54,1,Order1,54,9.47e-05,-0.05452556535601616,1251.0,1260.0,14.187464952468872,1.0740835666656494,15.261548519134521,1230.0,1263.648148148148
industrial_changeover,271,55,1,Order1,55,9.46e-05,0.027051803655922413,1322.0,1260.0,14.197676658630371,1.0757050514221191,15.27338171005249,1230.0,1263.581818181818
industrial_changeover,276,56,1,Order1,56,9.449999999999999e-05,-0.07391513139009476,1323.0,1268.0,13.826434850692749,1.0496759414672852,14.876110792160034,1230.0,1263.6607142857142
industrial_changeover,281,57,1,Order1,57,9.44e-05,-0.02338338317349553,1330.0,1268.0,13.835313558578491,1.0376672744750977,14.872980833053589,1230.0,1263.7368421052631
industrial_changeover,286,58,1,Order1,58,9.43e-05,-0.021690660156309605,1254.0,1268.0,14.108980894088745,1.0755980014801025,15.184578895568848,1230.0,1263.8103448275863
industrial_changeover,291,59,1,Order1,59,9.42e-05,0.008197752991691232,1262.0,1268.0,14.307787895202637,1.08036470413208,15.388152599334717,1230.0,1263.8813559322034
industrial_changeover,296,60,1,Order1,60,9.410000000000001e-05,-0.041614062152802944,1279.0,1268.0,14.020833969116211,1.0875699520111084,15.10840392112732,1230.0,1263.95
industrial_changeover,301,61,1,Order1,61,9.4e-05,0.019257512409240007,1331.0,1268.0,14.00723910331726,1.076415777206421,15.083654880523682,1230.0,1264.016393442623
industrial_changeover,306,62,1,Order1,62,9.39e-05,-0.11703110486268997,1234.0,1268.0,13.932769298553467,1.0588655471801758,14.991634845733643,1230.0,1264.0806451612902
industrial_changeover,311,63,1,Order1,63,9.38e-05,0.038375950418412685,1322.0,1268.0,13.940759181976318,1.0911550521850586,15.031914234161377,1230.0,1264.142857142857
industrial_changeover,316,64,1,Order1,64,9.370000000000001e-05,-0.06501508690416813,1262.0,1260.0,14.057074069976807,1.068124771118164,15.12519884109497,1230.0,1264.078125
industrial_changeover,321,65,1,Order1,65,9.36e-05,-0.014681009575724602,1260.0,1260.0,13.843205213546753,1.0522170066833496,14.895422220230103,1230.0,1264.0153846153846
industrial_changeover,326,66,1,Order1,66,9.350000000000001e-05,0.01936092134565115,1268.0,1260.0,14.370132207870483,1.1012372970581055,15.471369504928589,1230.0,1263.9545454545455
industrial_changeover,331,67,1,Order1,67,9.34e-05,-0.06609942577779293,1280.0,1260.0,14.291330337524414,1.0706117153167725,15.361942052841187,1230.0,1263.8955223880596
industrial_changeover,336,68,1,Order1,68,9.33e-05,-0.046304766088724136,1264.0,1260.0,13.889594554901123,1.0531971454620361,14.94279170036316,1230.0,1263.8382352941176
industrial_changeover,341,69,1,Order1,69,9.32e-05,-0.05190617311745882,1291.0,1230.0,13.873061895370483,1.0507667064666748,14.923828601837158,1230.0,1263.3478260869565
industrial_changeover,346,70,1,Order1,70,9.310000000000001e-05,0.04193834587931633,1263.0,1230.0,14.132689714431763,1.0892586708068848,15.221948385238647,1230.0,1262.8714285714286
industrial_changeover,351,71,1,Order1,71,9.3e-05,-0.021269130986183882,1265.0,1241.0,14.595765352249146,1.0682008266448975,15.663966178894043,1230.0,1262.5633802816901
industrial_changeover,356,72,1,Order1,72,9.290000000000001e-05,-0.0013775820843875408,1325.0,1230.0,13.735597372055054,1.0830018520355225,14.818599224090576,1230.0,1262.111111111111
industrial_changeover,361,73,1,Order1,73,9.28e-05,-0.018148282542824745,1262.0,1241.0,13.822862386703491,1.0707521438598633,14.893614530563354,1230.0,1261.8219178082193
industrial_changeover,366,74,1,Order1,74,9.27e-05,-0.03979268949478865,1325.0,1230.0,13.758220911026001,1.0940802097320557,14.852301120758057,1230.0,1261.3918918918919
industrial_changeover,371,75,1,Order1,75,9.260000000000001e-05,-0.02190725179389119,1212.0,1241.0,13.748108386993408,1.0757691860198975,14.823877573013306,1230.0,1261.12
industrial_changeover,376,76,1,Order1,76,9.250000000000001e-05,0.05223594047129154,1392.0,1230.0,13.974437952041626,1.1552107334136963,15.129648685455322,1230.0,1260.7105263157894
industrial_changeover,381,77,1,Order1,77,9.240000000000001e-05,-0.015278284205123782,1241.0,1230.0,13.873949527740479,1.0654983520507812,14.93944787979126,1230.0,1260.3116883116884
industrial_changeover,386,78,1,Order1,78,9.230000000000001e-05,-0.04612871166318655,1268.0,1230.0,13.81787633895874,1.0623176097869873,14.880193948745728,1230.0,1259.923076923077
industrial_changeover,391,79,1,Order1,79,9.22e-05,-0.044620719738304615,1212.0,1253.0,14.066909551620483,1.0767216682434082,15.143631219863892,1230.0,1259.8354430379748
industrial_changeover,396,80,1,Order1,80,9.21e-05,-0.02586948499083519,1325.0,1241.0,13.814196109771729,1.0773656368255615,14.89156174659729,1230.0,1259.6
industrial_changeover,401,81,1,Order1,81,9.200000000000001e-05,0.0036909785121679306,1325.0,1253.0,14.009198665618896,1.0596487522125244,15.068847417831421,1230.0,1259.5185185185185
industrial_changeover,406,82,1,Order1,82,9.190000000000001e-05,-0.022751287557184696,1251.0,1280.0,14.360714673995972,1.0653152465820312,15.426029920578003,1230.0,1259.7682926829268
industrial_changeover,411,83,1,Order1,83,9.180000000000001e-05,-0.048083243891596794,1256.0,1280.0,14.311952352523804,1.0985045433044434,15.410456895828247,1230.0,1260.012048192771
industrial_changeover,416,84,1,Order1,84,9.17e-05,0.009477828862145543,1274.0,1337.0,14.056460857391357,1.0623137950897217,15.118774652481079,1230.0,1260.9285714285713
industrial_changeover,421,85,1,Order1,85,9.16e-05,-0.02230139309540391,1295.0,1337.0,14.304304122924805,1.0763044357299805,15.380608558654785,1230.0,1261.8235294117646
industrial_changeover,426,86,1,Order1,86,9.15e-05,-0.021267323289066553,1252.0,1337.0,14.154210329055786,1.0564639568328857,15.210674285888672,1230.0,1262.6976744186047
industrial_changeover,431,87,1,Order1,87,9.140000000000001e-05,-0.1255384087562561,1262.0,1337.0,14.22468113899231,1.0866711139678955,15.311352252960205,1230.0,1263.551724137931
industrial_changeover,436,88,1,Order1,88,9.130000000000001e-05,-0.028684735763818026,1252.0,1337.0,14.18281102180481,1.153679609298706,15.336490631103516,1230.0,1264.3863636363637
industrial_changeover,441,89,1,Order1,89,9.120000000000001e-05,-0.07147296331822872,1319.0,1337.0,14.05768609046936,1.0821177959442139,15.139803886413574,1230.0,1265.2022471910113
industrial_changeover,446,90,1,Order1,90,9.11e-05,0.00942737702280283,1223.0,1337.0,13.833320140838623,1.0647203922271729,14.898040533065796,1230.0,1266.0
industrial_changeover,451,91,1,Order1,91,9.1e-05,-0.05211516097187996,1227.0,1337.0,14.03664755821228,1.1137869358062744,15.150434494018555,1230.0,1266.7802197802198
industrial_changeover,456,92,1,Order1,92,9.090000000000001e-05,0.0030745139811187983,1291.0,1337.0,14.027190446853638,1.0614945888519287,15.088685035705566,1230.0,1267.5434782608695
industrial_changeover,461,93,1,Order1,93,9.080000000000001e-05,0.01757996855303645,1274.0,1337.0,13.976020336151123,1.08530592918396,15.061326265335083,1230.0,1268.2903225806451
industrial_changeover,466,94,1,Order1,94,9.070000000000001e-05,0.11597933992743492,1447.0,1337.0,14.110678672790527,1.0649235248565674,15.175602197647095,1230.0,1269.0212765957447
industrial_changeover,471,95,1,Order1,95,9.06e-05,-0.054198818281292915,1257.0,1337.0,14.129710912704468,1.0772695541381836,15.206980466842651,1230.0,1269.7368421052631
industrial_changeover,476,96,1,Order1,96,9.05e-05,0.022046903148293495,1325.0,1340.0,13.911587476730347,1.0492870807647705,14.960874557495117,1230.0,1270.46875
industrial_changeover,481,97,1,Order1,97,9.04e-05,-0.06465979665517807,1255.0,1340.0,14.10656476020813,1.0984621047973633,15.205026865005493,1230.0,1271.1855670103093
industrial_changeover,486,98,1,Order1,98,9.030000000000001e-05,0.050491444766521454,1333.0,1337.0,13.991135358810425,1.091299057006836,15.08243441581726,1230.0,1271.857142857143
industrial_changeover,491,99,1,Order1,99,9.020000000000001e-05,0.08907043002545834,1339.0,1482.0,13.669267177581787,1.0580978393554688,14.727365016937256,1230.0,1273.979797979798
industrial_changeover,496,100,1,Order1,100,9.010000000000001e-05,-0.07053463533520699,1279.0,1482.0,14.021575927734375,1.0755615234375,15.097137451171875,1230.0,1276.06
industrial_changeover,501,101,1,Order1,101,9e-05,-0.040909008122980595,1241.0,1479.0,14.31531810760498,1.0656614303588867,15.380979537963867,1230.0,1278.069306930693
industrial_changeover,506,102,1,Order1,102,8.99e-05,-0.003960828413255513,1262.0,1479.0,14.723501920700073,1.2546155452728271,15.9781174659729,1230.0,1280.0392156862745
industrial_changeover,511,103,1,Order1,103,8.98e-05,-0.025386874563992023,1274.0,1444.0,14.300346851348877,1.0668182373046875,15.367165088653564,1230.0,1281.631067961165
industrial_changeover,516,104,1,Order1,104,8.970000000000001e-05,0.03133962582796812,1285.0,1451.0,13.977573871612549,1.057814598083496,15.035388469696045,1230.0,1283.2596153846155
industrial_changeover,521,105,1,Order1,105,8.960000000000001e-05,-0.08814477175474167,1309.0,1415.0,14.059174537658691,1.098848581314087,15.158023118972778,1230.0,1284.5142857142857
industrial_changeover,526,106,1,Order1,106,8.950000000000001e-05,-0.006211983738467097,1255.0,1415.0,14.050478219985962,1.0636284351348877,15.11410665512085,1230.0,1285.745283018868
industrial_changeover,531,107,1,Order1,107,8.94e-05,-0.053853590041399,1285.0,1415.0,14.037594079971313,1.0962049961090088,15.133799076080322,1230.0,1286.9532710280373
industrial_changeover,536,108,1,Order1,108,8.93e-05,0.06359515711665154,1343.0,1505.0,14.079852819442749,1.0682055950164795,15.148058414459229,1230.0,1288.9722222222222
industrial_changeover,541,109,1,Order1,109,8.92e-05,-0.015633740462362766,1285.0,1479.0,14.028172731399536,1.0678164958953857,15.095989227294922,1230.0,1290.7155963302753
industrial_changeover,546,110,1,Order1,110,8.910000000000001e-05,0.0016526691324543208,1328.0,1479.0,13.930330038070679,1.0664491653442383,14.996779203414917,1230.0,1292.4272727272728
industrial_changeover,551,111,1,Order1,111,8.900000000000001e-05,0.033644067123532295,1285.0,1479.0,13.962700366973877,1.053901195526123,15.0166015625,1230.0,1294.1081081081081
industrial_changeover,556,112,1,Order1,112,8.89e-05,0.004809866426512599,1225.0,1451.0,13.728240728378296,1.0599544048309326,14.788195133209229,1230.0,1295.5089285714287
industrial_changeover,561,113,1,Order1,113,8.88e-05,-0.04193412326276302,1274.0,1451.0,13.89300799369812,1.0777921676635742,14.970800161361694,1230.0,1296.8849557522124
industrial_changeover,566,114,1,Order1,114,8.87e-05,0.01018619746901095,1251.0,1451.0,13.766688108444214,1.0467441082000732,14.813432216644287,1230.0,1298.2368421052631
industrial_changeover,571,115,1,Order1,115,8.86e-05,0.030867265537381172,1327.0,1451.0,13.624568462371826,1.0547115802764893,14.679280042648315,1230.0,1299.5652173913043
industrial_changeover,576,116,1,Order1,116,8.850000000000001e-05,0.07578111626207829,1444.0,1451.0,13.692744016647339,1.0430083274841309,14.73575234413147,1230.0,1300.8706896551723
industrial_changeover,581,117,1,Order1,117,8.840000000000001e-05,0.0010003931529354304,1274.0,1415.0,14.140716791152954,1.0673227310180664,15.20803952217102,1230.0,1301.8461538461538
industrial_changeover,586,118,1,Order1,118,8.83e-05,-0.025074437726289034,1274.0,1462.0,13.61014986038208,1.0473899841308594,14.65753984451294,1230.0,1303.2033898305085
industrial_changeover,591,119,1,Order1,119,8.82e-05,0.0075652808882296085,1280.0,1462.0,13.755800008773804,1.0511507987976074,14.806950807571411,1230.0,1304.5378151260504
industrial_changeover,596,120,1,Order1,120,8.81e-05,0.007830016780644655,1325.0,1415.0,13.898350477218628,1.050002098083496,14.948352575302124,1230.0,1305.4583333333333
industrial_changeover,601,121,1,Order1,121,8.800000000000001e-05,-0.0200605234131217,1258.0,1415.0,13.622833490371704,1.1139326095581055,14.73676609992981,1230.0,1306.3636363636363
industrial_changeover,606,122,1,Order1,122,8.790000000000001e-05,-0.039778514765203,1323.0,1435.0,13.80745816230774,1.0436975955963135,14.851155757904053,1230.0,1307.4180327868853
industrial_changeover,611,123,1,Order1,123,8.78e-05,0.15578698366880417,1415.0,1351.0,13.531368732452393,1.0547513961791992,14.586120128631592,1230.0,1307.7723577235772
industrial_changeover,616,124,1,Order1,124,8.77e-05,-0.00754627853166312,1266.0,1444.0,13.720589637756348,1.0519626140594482,14.772552251815796,1230.0,1308.8709677419354
industrial_changeover,621,125,1,Order1,125,8.76e-05,-0.06895221956074238,1262.0,1444.0,13.54583191871643,1.0504028797149658,14.596234798431396,1230.0,1309.952
industrial_changeover,626,126,1,Order1,126,8.75e-05,-0.01610067207366228,1295.0,1575.0,13.801343441009521,1.0564591884613037,14.857802629470825,1230.0,1312.0555555555557
industrial_changeover,631,127,1,Order1,127,8.740000000000001e-05,-0.03835446108132601,1268.0,1444.0,13.578903913497925,1.0461668968200684,14.625070810317993,1230.0,1313.0944881889764
industrial_changeover,636,128,1,Order1,128,8.730000000000001e-05,0.014306473545730114,1295.0,1444.0,13.706795692443848,1.0533559322357178,14.760151624679565,1230.0,1314.1171875
industrial_changeover,641,129,1,Order1,129,8.72e-05,-0.033881026320159435,1319.0,1575.0,13.834341049194336,1.0644094944000244,14.89875054359436,1230.0,1316.139534883721
industrial_changeover,646,130,1,Order1,130,8.71e-05,0.03643950540572405,1325.0,1376.0,13.74549412727356,1.0525217056274414,14.798015832901001,1230.0,1316.6
industrial_changeover,651,131,1,Order1,131,8.7e-05,0.08555745147168636,1343.0,1444.0,13.779685020446777,1.0625550746917725,14.84224009513855,1230.0,1317.5725190839694
industrial_changeover,656,132,1,Order1,132,8.69e-05,-0.03864581324160099,1270.0,1444.0,13.644658088684082,1.0644781589508057,14.709136247634888,1230.0,1318.530303030303
industrial_changeover,661,133,1,Order1,133,8.680000000000001e-05,0.015878643840551376,1274.0,1444.0,13.83734917640686,1.0406386852264404,14.8779878616333,1230.0,1319.4736842105262
industrial_changeover,666,134,1,Order1,134,8.67e-05,-0.047676196321845055,1277.0,1444.0,13.757978677749634,1.0584421157836914,14.816420793533325,1230.0,1320.402985074627
industrial_changeover,671,135,1,Order1,135,8.66e-05,0.09464775025844574,1486.0,1337.0,13.858419179916382,1.0454223155975342,14.903841495513916,1230.0,1320.525925925926
industrial_changeover,676,136,1,Order1,136,8.65e-05,-0.032137636095285416,1267.0,1482.0,13.959035634994507,1.0619049072265625,15.02094054222107,1230.0,1321.7132352941176
industrial_changeover,681,137,1,Order1,137,8.64e-05,0.012540020048618317,1325.0,1482.0,13.595942497253418,1.0492358207702637,14.645178318023682,1230.0,1322.8832116788321
industrial_changeover,686,138,1,Order1,138,8.63e-05,0.058278888463974,1325.0,1337.0,13.765337467193604,1.0463743209838867,14.81171178817749,1230.0,1322.9855072463768
industrial_changeover,691,139,1,Order1,139,8.620000000000001e-05,-0.09406487457454205,1252.0,1337.0,13.863930225372314,1.0543971061706543,14.918327331542969,1230.0,1323.086330935252
industrial_changeover,696,140,1,Order1,140,8.61e-05,-0.022066937293857336,1333.0,1337.0,13.800984382629395,1.0541563034057617,14.855140686035156,1230.0,1323.1857142857143
industrial_changeover,701,141,1,Order1,141,8.6e-05,0.024580813013017178,1288.0,1337.0,13.76209568977356,1.0956103801727295,14.857706069946289,1230.0,1323.2836879432625
industrial_changeover,706,142,1,Order1,142,8.59e-05,0.0036424002610147,1316.0,1479.0,13.626682996749878,1.1038014888763428,14.73048448562622,1230.0,1324.380281690141
industrial_changeover,711,143,1,Order1,143,8.58e-05,-0.027986735105514526,1249.0,1479.0,13.760320663452148,1.0544397830963135,14.814760446548462,1230.0,1325.4615384615386
industrial_changeover,716,144,1,Order1,144,8.57e-05,0.0010897952306549996,1261.0,1337.0,13.710105657577515,1.0477728843688965,14.757878541946411,1230.0,1325.5416666666667
industrial_changeover,721,145,1,Order1,145,8.560000000000001e-05,0.003499416052363813,1251.0,1337.0,13.804936647415161,1.068843126296997,14.873779773712158,1230.0,1325.6206896551723
industrial_changeover,726,146,1,Order1,146,8.55e-05,0.08781669847667217,1376.0,1337.0,13.590258121490479,1.0476090908050537,14.637867212295532,1230.0,1325.6986301369864
industrial_changeover,731,147,1,Order1,147,8.54e-05,0.010916589060798287,1274.0,1337.0,13.7631254196167,1.0550613403320312,14.81818675994873,1230.0,1325.7755102040817
industrial_changeover,736,148,1,Order1,148,8.53e-05,0.10709244757890701,1439.0,1337.0,13.76155710220337,1.0533974170684814,14.81495451927185,1230.0,1325.8513513513512
industrial_changeover,741,149,1,Order1,149,8.52e-05,0.048061258159577847,1363.0,1337.0,13.731399297714233,1.0873446464538574,14.81874394416809,1230.0,1325.9261744966443
industrial_changeover,746,150,1,Order1,150,8.510000000000001e-05,0.06240415200591087,1395.0,1337.0,13.699074745178223,1.0650386810302734,14.764113426208496,1230.0,1326.0
industrial_changeover,751,151,1,Order1,151,8.5e-05,0.05690873600542545,1312.0,1337.0,13.733738422393799,1.0545706748962402,14.788309097290039,1230.0,1326.0728476821191
industrial_changeover,756,152,1,Order1,152,8.49e-05,-0.03356600273400545,1289.0,1337.0,13.90929102897644,1.0386195182800293,14.94791054725647,1230.0,1326.1447368421052
industrial_changeover,761,153,1,Order1,153,8.48e-05,0.020783925894647837,1333.0,1337.0,13.644700288772583,1.0516982078552246,14.696398496627808,1230.0,1326.2156862745098
industrial_changeover,766,154,1,Order1,154,8.47e-05,-0.018752234522253275,1257.0,1337.0,13.791982889175415,1.0971651077270508,14.889147996902466,1230.0,1326.2857142857142
industrial_changeover,771,155,1,Order1,155,8.46e-05,-0.061381956562399864,1218.0,1337.0,13.917744159698486,1.0659832954406738,14.98372745513916,1230.0,1326.3548387096773
industrial_changeover,776,156,1,Order1,156,8.450000000000001e-05,-0.0037180677172727883,1317.0,1337.0,13.74997067451477,1.0551283359527588,14.80509901046753,1230.0,1326.423076923077
industrial_changeover,781,157,1,Order1,157,8.44e-05,0.06375244073569775,1328.0,1340.0,13.780484914779663,1.056816577911377,14.83730149269104,1230.0,1326.5095541401274
industrial_changeover,786,158,1,Order1,158,8.43e-05,0.02193077839910984,1322.0,1337.0,13.907423973083496,1.0622634887695312,14.969687461853027,1230.0,1326.5759493670887
industrial_changeover,791,159,1,Order1,159,8.42e-05,-0.056899054907262325,1280.0,1337.0,13.771031141281128,1.0516180992126465,14.822649240493774,1230.0,1326.6415094339623
industrial_changeover,796,160,1,Order1,160,8.41e-05,-0.0002439263043925166,1257.0,1337.0,13.86544942855835,1.0479249954223633,14.913374423980713,1230.0,1326.70625
industrial_changeover,801,161,1,Order1,161,8.4e-05,-0.009353084024041891,1275.0,1337.0,13.622013330459595,1.0480611324310303,14.670074462890625,1230.0,1326.7701863354037
industrial_changeover,806,162,1,Order1,162,8.39e-05,-0.008855351246893406,1325.0,1337.0,13.744697332382202,1.0501179695129395,14.794815301895142,1230.0,1326.8333333333333
industrial_changeover,811,163,1,Order1,163,8.38e-05,-0.05207112990319729,1311.0,1337.0,13.699938535690308,1.0603969097137451,14.760335445404053,1230.0,1326.8957055214723
industrial_changeover,816,164,1,Order1,164,8.37e-05,0.06989147514104843,1328.0,1337.0,13.833908319473267,1.0552246570587158,14.889132976531982,1230.0,1326.9573170731708
industrial_changeover,821,165,1,Order1,165,8.36e-05,0.027321661356836557,1347.0,1337.0,13.736364364624023,1.039724588394165,14.776088953018188,1230.0,1327.0181818181818
industrial_changeover,826,166,1,Order1,166,8.35e-05,0.03627759497612715,1325.0,1337.0,13.747388362884521,1.045501708984375,14.792890071868896,1230.0,1327.078313253012
industrial_changeover,831,167,1,Order1,167,8.34e-05,0.13085536286234856,1462.0,1337.0,13.758756399154663,1.0553383827209473,14.81409478187561,1230.0,1327.1377245508982
industrial_changeover,836,168,1,Order1,168,8.33e-05,-0.042919556610286236,1247.0,1337.0,13.773487329483032,1.0476953983306885,14.82118272781372,1230.0,1327.1964285714287
industrial_changeover,841,169,1,Order1,169,8.32e-05,-0.03151580644771457,1275.0,1337.0,13.620633125305176,1.0491199493408203,14.669753074645996,1230.0,1327.2544378698226
industrial_changeover,846,170,1,Order1,170,8.31e-05,-0.0525625878944993,1250.0,1337.0,13.798953294754028,1.056286334991455,14.855239629745483,1230.0,1327.3117647058823
industrial_changeover,851,171,1,Order1,171,8.3e-05,0.054638203233480453,1317.0,1337.0,13.774406433105469,1.0384387969970703,14.812845230102539,1230.0,1327.3684210526317
industrial_changeover,856,172,1,Order1,172,8.29e-05,-0.014516572933644056,1295.0,1337.0,13.739378690719604,1.0477068424224854,14.78708553314209,1230.0,1327.4244186046512
industrial_changeover,861,173,1,Order1,173,8.280000000000001e-05,0.00886293756775558,1241.0,1337.0,13.721975326538086,1.056480884552002,14.778456211090088,1230.0,1327.4797687861271
industrial_changeover,866,174,1,Order1,174,8.27e-05,0.017679096665233374,1357.0,1337.0,13.965195655822754,1.0486104488372803,15.013806104660034,1230.0,1327.5344827586207
industrial_changeover,871,175,1,Order1,175,8.260000000000002e-05,0.014344904571771622,1318.0,1337.0,13.623984813690186,1.0418806076049805,14.665865421295166,1230.0,1327.5885714285714
industrial_changeover,876,176,1,Order1,176,8.25e-05,-0.07985314540565014,1212.0,1340.0,13.596551179885864,1.0636513233184814,14.660202503204346,1230.0,1327.659090909091
industrial_changeover,881,177,1,Order1,177,8.240000000000001e-05,0.0936327874660492,1473.0,1337.0,13.764712572097778,1.121467113494873,14.886179685592651,1230.0,1327.7118644067796
industrial_changeover,886,178,1,Order1,178,8.23e-05,0.06905150972306728,1292.0,1337.0,13.733197927474976,1.0576307773590088,14.790828704833984,1230.0,1327.7640449438202
industrial_changeover,891,179,1,Order1,179,8.22e-05,0.023475964087992907,1340.0,1337.0,13.807580709457397,1.0497713088989258,14.857352018356323,1230.0,1327.8156424581005
industrial_changeover,896,180,1,Order1,180,8.21e-05,-0.025152957066893578,1252.0,1337.0,13.848543405532837,1.0514483451843262,14.899991750717163,1230.0,1327.8666666666666
industrial_changeover,901,181,1,Order1,181,8.200000000000001e-05,-0.03099875943735242,1295.0,1337.0,13.652365446090698,1.0431995391845703,14.695564985275269,1230.0,1327.9171270718232
industrial_changeover,906,182,1,Order1,182,8.19e-05,0.2009982466697693,1480.0,1337.0,13.80331039428711,1.0622706413269043,14.865581035614014,1230.0,1327.967032967033
industrial_changeover,911,183,1,Order1,183,8.180000000000001e-05,-0.00011001469101756811,1341.0,1337.0,13.77702808380127,1.0510878562927246,14.828115940093994,1230.0,1328.016393442623
industrial_changeover,916,184,1,Order1,184,8.17e-05,0.04368642810732126,1331.0,1337.0,13.763804912567139,1.0471642017364502,14.810969114303589,1230.0,1328.0652173913043
industrial_changeover,921,185,1,Order1,185,8.16e-05,-0.050770629197359085,1226.0,1337.0,13.716104507446289,1.0450503826141357,14.761154890060425,1230.0,1328.1135135135135
industrial_changeover,926,186,1,Order1,186,8.15e-05,-0.002789406746160239,1290.0,1337.0,13.79000997543335,1.109191656112671,14.89920163154602,1230.0,1328.1612903225807
industrial_changeover,931,187,1,Order1,187,8.140000000000001e-05,-0.026991637889295816,1275.0,1337.0,13.708772659301758,1.0559897422790527,14.76476240158081,1230.0,1328.2085561497327
industrial_changeover,936,188,1,Order1,188,8.13e-05,0.04695900343358517,1325.0,1337.0,13.78098750114441,1.0597774982452393,14.840764999389648,1230.0,1328.2553191489362
industrial_changeover,941,189,1,Order1,189,8.120000000000001e-05,-0.0844135507941246,1269.0,1337.0,13.822996616363525,1.0405118465423584,14.863508462905884,1230.0,1328.3015873015872
industrial_changeover,946,190,1,Order1,190,8.109999999999999e-05,0.0830092541873455,1319.0,1337.0,13.781148433685303,1.0500001907348633,14.831148624420166,1230.0,1328.3473684210526
industrial_changeover,951,191,1,Order1,191,8.1e-05,-0.05083081126213074,1269.0,1337.0,13.709036350250244,1.0512783527374268,14.760314702987671,1230.0,1328.392670157068
industrial_changeover,956,192,1,Order1,192,8.09e-05,0.013697755057364702,1295.0,1337.0,13.676858901977539,1.0518171787261963,14.728676080703735,1230.0,1328.4375
industrial_changeover,961,193,1,Order1,193,8.080000000000001e-05,0.007202225038781762,1298.0,1337.0,13.927696228027344,1.0549006462097168,14.98259687423706,1230.0,1328.481865284974
industrial_changeover,966,194,1,Order1,194,8.07e-05,0.01769594755023718,1295.0,1337.0,13.72805905342102,1.0555851459503174,14.783644199371338,1230.0,1328.5257731958764
industrial_changeover,971,195,1,Order1,195,8.060000000000001e-05,-0.010827963007614017,1325.0,1337.0,13.655414342880249,1.0398571491241455,14.695271492004395,1230.0,1328.5692307692307
industrial_changeover,976,196,1,Order1,196,8.049999999999999e-05,0.0631737969815731,1291.0,1337.0,13.721964597702026,1.0574228763580322,14.779387474060059,1230.0,1328.6122448979593
industrial_changeover,981,197,1,Order1,197,8.04e-05,0.020871189422905445,1337.0,1337.0,13.769948244094849,1.0499415397644043,14.819889783859253,1230.0,1328.6548223350253
industrial_changeover,986,198,1,Order1,198,8.03e-05,-0.03912494610995054,1267.0,1337.0,13.776795625686646,1.0985713005065918,14.875366926193237,1230.0,1328.6969696969697
industrial_changeover,991,199,1,Order1,199,8.020000000000001e-05,0.03308589104562998,1325.0,1337.0,13.783044576644897,1.0570285320281982,14.840073108673096,1230.0,1328.7386934673366
industrial_changeover,996,200,1,Order1,200,8.01e-05,-0.03739248123019934,1223.0,1337.0,13.604114532470703,1.043698787689209,14.647813320159912,1230.0,1328.78
industrial_changeover,1001,201,1,Order1,201,8e-05,-0.02887805737555027,1241.0,1337.0,13.654789209365845,1.0508792400360107,14.705668449401855,1230.0,1328.8208955223881
industrial_changeover,1006,202,1,Order1,202,7.989999999999999e-05,0.07395407371222973,1356.0,1337.0,13.772745609283447,1.0649163722991943,14.837661981582642,1230.0,1328.8613861386139
industrial_changeover,1011,203,1,Order1,203,7.98e-05,-0.036729829385876656,1294.0,1337.0,13.610030174255371,1.0415961742401123,14.651626348495483,1230.0,1328.9014778325122
industrial_changeover,1016,204,1,Order1,204,7.97e-05,0.16728635132312775,1479.0,1337.0,13.787269592285156,1.0499279499053955,14.837197542190552,1230.0,1328.9411764705883
industrial_changeover,1021,205,1,Order1,205,7.960000000000001e-05,-0.09202581271529198,1220.0,1337.0,13.766509771347046,1.0507676601409912,14.817277431488037,1230.0,1328.980487804878
industrial_changeover,1026,206,1,Order1,206,7.950000000000001e-05,0.0011678498121909797,1279.0,1337.0,13.702460050582886,1.0426297187805176,14.745089769363403,1230.0,1329.0194174757282
industrial_changeover,1031,207,1,Order1,207,7.94e-05,0.035720158368349075,1252.0,1337.0,13.793872833251953,1.0522165298461914,14.846089363098145,1230.0,1329.0579710144928
industrial_changeover,1036,208,1,Order1,208,7.93e-05,0.026126957032829523,1331.0,1337.0,13.834917306900024,1.0526256561279297,14.887542963027954,1230.0,1329.0961538461538
industrial_changeover,1041,209,1,Order1,209,7.920000000000001e-05,-0.09418758563697338,1251.0,1337.0,13.877451419830322,1.0638618469238281,14.94131326675415,1230.0,1329.133971291866
industrial_changeover,1046,210,1,Order1,210,7.910000000000001e-05,0.018072866834700108,1325.0,1337.0,13.76652455329895,1.0511410236358643,14.817665576934814,1230.0,1329.1714285714286
industrial_changeover,1051,211,1,Order1,211,7.900000000000001e-05,0.047349696047604084,1256.0,1337.0,13.845236539840698,0.9942584037780762,14.839494943618774,1230.0,1329.2085308056871
industrial_changeover,1056,212,1,Order1,212,7.890000000000001e-05,0.03166026994585991,1328.0,1337.0,14.111762762069702,1.072676658630371,15.184439420700073,1230.0,1329.245283018868
industrial_changeover,1061,213,1,Order1,213,7.88e-05,0.04024093970656395,1325.0,1337.0,13.593856573104858,1.0451321601867676,14.638988733291626,1230.0,1329.281690140845
industrial_changeover,1066,214,1,Order1,214,7.87e-05,0.051310958340764046,1311.0,1337.0,13.791865825653076,1.0518536567687988,14.843719482421875,1230.0,1329.3177570093458
industrial_changeover,1071,215,1,Order1,215,7.860000000000001e-05,0.01816049963235855,1279.0,1337.0,13.738060712814331,1.051034927368164,14.789095640182495,1230.0,1329.3534883720931
industrial_changeover,1076,216,1,Order1,216,7.850000000000001e-05,0.0801105685532093,1321.0,1337.0,13.804535627365112,1.0506682395935059,14.855203866958618,1230.0,1329.388888888889
industrial_changeover,1081,217,1,Order1,217,7.840000000000001e-05,-0.0015521612076554447,1325.0,1337.0,13.754830598831177,1.050309181213379,14.805139780044556,1230.0,1329.4239631336407
industrial_changeover,1086,218,1,Order1,218,7.83e-05,0.014873481588438153,1263.0,1337.0,13.69813871383667,1.1163825988769531,14.814521312713623,1230.0,1329.4587155963302
industrial_changeover,1091,219,1,Order1,219,7.82e-05,0.05465241987258196,1330.0,1327.0,13.755971431732178,1.048666000366211,14.804637432098389,1230.0,1329.447488584475
industrial_changeover,1096,220,1,Order1,220,7.81e-05,-0.00294345966540277,1279.0,1337.0,13.796412706375122,1.0562114715576172,14.85262417793274,1230.0,1329.4818181818182
industrial_changeover,1101,221,1,Order1,221,7.800000000000001e-05,0.001559987460495904,1333.0,1337.0,13.682533264160156,1.0420682430267334,14.72460150718689,1230.0,1329.5158371040725
industrial_changeover,1106,222,1,Order1,222,7.790000000000001e-05,0.042646899819374084,1265.0,1327.0,13.692603349685669,1.0452086925506592,14.737812042236328,1230.0,1329.5045045045044
industrial_changeover,1111,223,1,Order1,223,7.780000000000001e-05,-0.032880354672670364,1337.0,1337.0,13.693042278289795,1.0529048442840576,14.745947122573853,1230.0,1329.5381165919282
industrial_changeover,1116,224,1,Order1,224,7.77e-05,0.048832621425390244,1336.0,1337.0,13.796685695648193,1.059295654296875,14.855981349945068,1230.0,1329.5714285714287
industrial_changeover,1121,225,1,Order1,225,7.76e-05,0.009144675452262163,1285.0,1337.0,13.813794612884521,1.0578844547271729,14.871679067611694,1230.0,1329.6044444444444
industrial_changeover,1126,226,1,Order1,226,7.75e-05,0.035470289178192616,1325.0,1337.0,13.623407125473022,1.0500686168670654,14.673475742340088,1230.0,1329.6371681415928
industrial_changeover,1131,227,1,Order1,227,7.740000000000001e-05,0.07187935151159763,1322.0,1337.0,13.814396858215332,1.0642359256744385,14.87863278388977,1230.0,1329.6696035242292
industrial_changeover,1136,228,1,Order1,228,7.730000000000001e-05,0.014411208452656865,1295.0,1337.0,13.917548418045044,1.0595719814300537,14.977120399475098,1230.0,1329.701754385965
industrial_changeover,1141,229,1,Order1,229,7.72e-05,-0.03150371974334121,1253.0,1327.0,13.6444251537323,1.1081228256225586,14.752547979354858,1230.0,1329.6899563318777
industrial_changeover,1146,230,1,Order1,230,7.71e-05,0.04977789893746376,1285.0,1327.0,13.799707412719727,1.053070306777954,14.85277771949768,1230.0,1329.6782608695653
industrial_changeover,1151,231,1,Order1,231,7.7e-05,-0.046853420324623585,1251.0,1327.0,13.925744533538818,1.0780613422393799,15.003805875778198,1230.0,1329.6666666666667
industrial_changeover,1156,232,1,Order1,232,7.69e-05,0.08932525292038918,1327.0,1327.0,13.627697944641113,1.0473370552062988,14.675034999847412,1230.0,1329.655172413793
industrial_changeover,1161,233,1,Order1,233,7.680000000000001e-05,-0.01899588666856289,1291.0,1327.0,13.70972228050232,1.0491716861724854,14.758893966674805,1230.0,1329.6437768240344
industrial_changeover,1166,234,1,Order1,234,7.670000000000001e-05,0.06672520563006401,1372.0,1337.0,13.797232151031494,1.0600221157073975,14.857254266738892,1230.0,1329.6752136752136
industrial_changeover,1171,235,1,Order1,235,7.66e-05,0.003342620620969683,1241.0,1327.0,13.69468879699707,1.052361011505127,14.747049808502197,1230.0,1329.6638297872341
industrial_changeover,1176,236,1,Order1,236,7.65e-05,0.10191737860441208,1487.0,1337.0,13.833324909210205,1.0486438274383545,14.88196873664856,1230.0,1329.6949152542372
industrial_changeover,1181,237,1,Order1,237,7.64e-05,0.016633037477731705,1263.0,1327.0,14.195318698883057,1.1369826793670654,15.332301378250122,1230.0,1329.6835443037974
industrial_changeover,1186,238,1,Order1,238,7.630000000000001e-05,-0.0298853344283998,1337.0,1327.0,14.004704475402832,1.0599696636199951,15.064674139022827,1230.0,1329.672268907563
industrial_changeover,1191,239,1,Order1,239,7.620000000000001e-05,-0.047478219494223595,1218.0,1327.0,14.188462734222412,1.096935510635376,15.285398244857788,1230.0,1329.6610878661088
industrial_changeover,1196,240,1,Order1,240,7.61e-05,0.012947651790454984,1275.0,1327.0,14.16343092918396,1.1011433601379395,15.2645742893219,1230.0,1329.65
industrial_changeover,1201,241,1,Order1,241,7.6e-05,0.01492935954593122,1227.0,1327.0,13.973859310150146,1.127152442932129,15.101011753082275,1230.0,1329.6390041493776
industrial_changeover,1206,242,1,Order1,242,7.59e-05,-0.06730515509843826,1241.0,1337.0,14.286821603775024,1.0834708213806152,15.37029242515564,1230.0,1329.6694214876034
industrial_changeover,1211,243,1,Order1,243,7.58e-05,0.08077989146113396,1337.0,1327.0,14.103561878204346,1.0706207752227783,15.174182653427124,1230.0,1329.6584362139918
industrial_changeover,1216,244,1,Order1,244,7.570000000000001e-05,0.004404675564728677,1270.0,1337.0,14.056284427642822,1.09196138381958,15.148245811462402,1230.0,1329.688524590164
industrial_changeover,1221,245,1,Order1,245,7.560000000000001e-05,0.005022755591198802,1241.0,1337.0,14.385238885879517,1.0985171794891357,15.483756065368652,1230.0,1329.7183673469387
industrial_changeover,1226,246,1,Order1,246,7.55e-05,0.16067912429571152,1465.0,1337.0,14.004769325256348,1.0772476196289062,15.082016944885254,1230.0,1329.7479674796748
industrial_changeover,1231,247,1,Order1,247,7.54e-05,0.0004554496117634699,1270.0,1337.0,13.846605062484741,1.1241910457611084,14.97079610824585,1230.0,1329.7773279352227
industrial_changeover,1236,248,1,Order1,248,7.53e-05,-0.05023229867219925,1241.0,1337.0,13.950255393981934,1.0754001140594482,15.025655508041382,1230.0,1329.8064516129032
industrial_changeover,1241,249,1,Order1,249,7.52e-05,0.03152867406606674,1336.0,1337.0,14.046902179718018,1.082306146621704,15.129208326339722,1230.0,1329.8353413654618
industrial_changeover,1246,250,1,Order1,250,7.510000000000001e-05,0.22233449295163155,1560.0,1337.0,14.036449909210205,1.069596529006958,15.106046438217163,1230.0,1329.864
industrial_changeover,1251,251,1,Order1,251,7.500000000000001e-05,0.052426847629249096,1339.0,1327.0,13.815169095993042,1.068180799484253,14.883349895477295,1230.0,1329.8525896414342
industrial_changeover,1256,252,1,Order1,252,7.49e-05,0.17130357772111893,1480.0,1337.0,13.64662480354309,1.0615551471710205,14.708179950714111,1230.0,1329.8809523809523
industrial_changeover,1261,253,1,Order1,253,7.48e-05,-0.04722496774047613,1224.0,1327.0,13.824239015579224,1.0575833320617676,14.881822347640991,1230.0,1329.8695652173913
industrial_changeover,1266,254,1,Order1,254,7.47e-05,0.059537007473409176,1327.0,1330.0,13.820685386657715,1.1098058223724365,14.930491209030151,1230.0,1329.8700787401574
industrial_changeover,1271,255,1,Order1,255,7.46e-05,0.008738324977457523,1285.0,1327.0,13.947441816329956,1.0681748390197754,15.015616655349731,1230.0,1329.8588235294117
industrial_changeover,1276,256,1,Order1,256,7.450000000000001e-05,-0.02283467398956418,1276.0,1330.0,14.297015190124512,1.0565879344940186,15.35360312461853,1230.0,1329.859375
industrial_changeover,1281,257,1,Order1,257,7.44e-05,-0.004100678488612175,1233.0,1327.0,13.783592700958252,1.047929286956787,14.831521987915039,1230.0,1329.8482490272374
industrial_changeover,1286,258,1,Order1,258,7.43e-05,-0.04580062162131071,1241.0,1327.0,13.653138399124146,1.059995174407959,14.713133573532104,1230.0,1329.8372093023256
industrial_changeover,1291,259,1,Order1,259,7.42e-05,0.0626999493688345,1341.0,1327.0,13.965098857879639,1.0703437328338623,15.035442590713501,1230.0,1329.8262548262549
industrial_changeover,1296,260,1,Order1,260,7.41e-05,0.034998026676476,1278.0,1327.0,13.746846914291382,1.0477209091186523,14.794567823410034,1230.0,1329.8153846153846
industrial_changeover,1301,261,1,Order1,261,7.4e-05,-0.0031032924307510257,1259.0,1333.0,13.80457329750061,1.059523105621338,14.864096403121948,1230.0,1329.8275862068965
industrial_changeover,1306,262,1,Order1,262,7.390000000000001e-05,0.0186757892370224,1337.0,1327.0,13.748037576675415,1.0548210144042969,14.802858591079712,1230.0,1329.8167938931297
industrial_changeover,1311,263,1,Order1,263,7.38e-05,0.07988519594073296,1340.0,1333.0,13.642409086227417,1.0403072834014893,14.682716369628906,1230.0,1329.828897338403
industrial_changeover,1316,264,1,Order1,264,7.37e-05,0.058812858536839485,1333.0,1330.0,13.827938556671143,1.055772304534912,14.883710861206055,1230.0,1329.8295454545455
industrial_changeover,1321,265,1,Order1,265,7.36e-05,0.04653788357973099,1340.0,1330.0,13.818829774856567,1.0572288036346436,14.876058578491211,1230.0,1329.8301886792453
industrial_changeover,1326,266,1,Order1,266,7.35e-05,0.002852707984857261,1337.0,1330.0,13.716237783432007,1.0542595386505127,14.77049732208252,1230.0,1329.8308270676691
industrial_changeover,1331,267,1,Order1,267,7.340000000000001e-05,-0.0489919688552618,1225.0,1336.0,13.859157800674438,1.05672287940979,14.915880680084229,1230.0,1329.8539325842696
industrial_changeover,1336,268,1,Order1,268,7.33e-05,0.05078895762562752,1330.0,1330.0,13.823513746261597,1.0593855381011963,14.882899284362793,1230.0,1329.8544776119404
industrial_changeover,1341,269,1,Order1,269,7.32e-05,0.06295716762542725,1330.0,1336.0,13.77239179611206,1.0447986125946045,14.817190408706665,1230.0,1329.8773234200744
industrial_changeover,1346,270,1,Order1,270,7.31e-05,0.04530857224017382,1340.0,1336.0,13.685858011245728,1.0561254024505615,14.741983413696289,1230.0,1329.9
industrial_changeover,1351,271,1,Order1,271,7.3e-05,0.04232101049274206,1330.0,1330.0,13.918495416641235,1.0685362815856934,14.987031698226929,1230.0,1329.90036900369
industrial_changeover,1356,272,1,Order1,272,7.29e-05,-0.01177731598727405,1291.0,1336.0,13.743151664733887,1.0507302284240723,14.793881893157959,1230.0,1329.922794117647
industrial_changeover,1361,273,1,Order1,273,7.280000000000001e-05,0.0523038562387228,1327.0,1336.0,13.818309307098389,1.055314540863037,14.873623847961426,1230.0,1329.9450549450548
industrial_changeover,1366,274,1,Order1,274,7.27e-05,0.0003412643272895366,1337.0,1336.0,13.606563091278076,1.0527081489562988,14.659271240234375,1230.0,1329.9671532846714
industrial_changeover,1371,275,1,Order1,275,7.26e-05,0.030091247521340847,1285.0,1336.0,13.802829027175903,1.0582706928253174,14.86109972000122,1230.0,1329.989090909091
industrial_changeover,1376,276,1,Order1,276,7.25e-05,0.04692505951970816,1333.0,1336.0,13.700456142425537,1.0618362426757812,14.762292385101318,1230.0,1330.0108695652175
industrial_changeover,1381,277,1,Order1,277,7.24e-05,0.029062476940453053,1325.0,1336.0,13.768827676773071,1.0513169765472412,14.820144653320312,1230.0,1330.0324909747292
industrial_changeover,1386,278,1,Order1,278,7.23e-05,0.05008319020271301,1279.0,1247.0,13.972503423690796,1.0702435970306396,15.042747020721436,1230.0,1329.7338129496402
industrial_changeover,1391,279,1,Order1,279,7.22e-05,-0.04112731758505106,1220.0,1247.0,13.722481727600098,1.0623109340667725,14.78479266166687,1230.0,1329.437275985663
industrial_changeover,1396,280,1,Order1,280,7.21e-05,0.06000725459307432,1327.0,1336.0,13.745526552200317,1.0588834285736084,14.804409980773926,1230.0,1329.4607142857142
industrial_changeover,1401,281,1,Order1,281,7.2e-05,0.030758711509406567,1328.0,1336.0,13.795845031738281,1.052722692489624,14.848567724227905,1230.0,1329.4839857651245
industrial_changeover,1406,282,1,Order1,282,7.19e-05,0.08082355000078678,1333.0,1247.0,13.650647640228271,1.049323558807373,14.699971199035645,1230.0,1329.1914893617022
industrial_changeover,1411,283,1,Order1,283,7.18e-05,0.02004135400056839,1333.0,1336.0,13.927775144577026,1.0499541759490967,14.977729320526123,1230.0,1329.2155477031802
industrial_changeover,1416,284,1,Order1,284,7.170000000000001e-05,0.04316547140479088,1340.0,1247.0,13.681516885757446,1.044379711151123,14.72589659690857,1230.0,1328.9260563380283
industrial_changeover,1421,285,1,Order1,285,7.16e-05,0.04210263676941395,1282.0,1247.0,13.770794868469238,1.0882203578948975,14.859015226364136,1230.0,1328.638596491228
industrial_changeover,1426,286,1,Order1,286,7.150000000000002e-05,-0.011873258044943213,1275.0,1336.0,13.550702810287476,1.046220302581787,14.596923112869263,1230.0,1328.6643356643356
industrial_changeover,1431,287,1,Order1,287,7.14e-05,0.0816976260393858,1327.0,1336.0,13.76871109008789,1.0525932312011719,14.821304321289062,1230.0,1328.6898954703834
industrial_changeover,1436,288,1,Order1,288,7.130000000000001e-05,-0.03861433360725641,1270.0,1336.0,13.698559522628784,1.0425119400024414,14.741071462631226,1230.0,1328.7152777777778
industrial_changeover,1441,289,1,Order1,289,7.12e-05,0.0699181817471981,1330.0,1336.0,13.706008672714233,1.0555033683776855,14.761512041091919,1230.0,1328.7404844290656
industrial_changeover,1446,290,1,Order1,290,7.110000000000001e-05,-0.0418838020414114,1220.0,1337.0,13.815507173538208,1.0572474002838135,14.872754573822021,1230.0,1328.7689655172414
industrial_changeover,1451,291,1,Order1,291,7.1e-05,-0.0156450008507818,1270.0,1340.0,13.803057432174683,1.0548450946807861,14.857902526855469,1230.0,1328.8075601374571
industrial_changeover,1456,292,1,Order1,292,7.090000000000002e-05,0.034754108637571335,1291.0,1340.0,13.673312425613403,1.103071928024292,14.776384353637695,1230.0,1328.8458904109589
industrial_changeover,1461,293,1,Order1,293,7.08e-05,-0.05726937670260668,1241.0,1340.0,13.631762742996216,1.0544683933258057,14.686231136322021,1230.0,1328.8839590443686
industrial_changeover,1466,294,1,Order1,294,7.070000000000001e-05,0.03333767410367727,1337.0,1340.0,13.96158480644226,1.0566236972808838,15.018208503723145,1230.0,1328.921768707483
industrial_changeover,1471,295,1,Order1,295,7.06e-05,0.05930610653012991,1340.0,1340.0,13.638516187667847,1.0445282459259033,14.68304443359375,1230.0,1328.9593220338984
industrial_changeover,1476,296,1,Order1,296,7.05e-05,0.050299590453505516,1327.0,1247.0,13.79112458229065,1.0433874130249023,14.834511995315552,1230.0,1328.6824324324325
industrial_changeover,1481,297,1,Order1,297,7.04e-05,0.04048186540603638,1337.0,1336.0,13.933358430862427,1.067582607269287,15.000941038131714,1230.0,1328.7070707070707
industrial_changeover,1486,298,1,Order1,298,7.030000000000001e-05,0.01644217874854803,1325.0,1336.0,13.57399034500122,1.0437896251678467,14.617779970169067,1230.0,1328.731543624161
industrial_changeover,1491,299,1,Order1,299,7.02e-05,0.06118292361497879,1330.0,1330.0,13.797384977340698,1.0609583854675293,14.858343362808228,1230.0,1328.7357859531774
industrial_changeover,1496,300,1,Order1,300,7.010000000000001e-05,0.004073085146956146,1340.0,1340.0,13.843308448791504,1.068260908126831,14.911569356918335,1230.0,1328.7733333333333
industrial_changeover,1501,301,1,Order1,301,7e-05,0.06781486049294472,1340.0,1247.0,13.688110113143921,1.0471506118774414,14.735260725021362,1230.0,1328.5016611295682
industrial_changeover,1506,302,1,Order1,302,6.99e-05,-0.037149655632674694,1241.0,1247.0,13.788399457931519,1.0539770126342773,14.842376470565796,1230.0,1328.23178807947
industrial_changeover,1511,303,1,Order1,303,6.98e-05,0.06029375363141298,1330.0,1247.0,13.782402992248535,1.0577538013458252,14.84015679359436,1230.0,1327.9636963696369
industrial_changeover,1516,304,1,Order1,304,6.970000000000001e-05,0.04485578555613756,1327.0,1247.0,13.692622661590576,1.0448994636535645,14.73752212524414,1230.0,1327.6973684210527
industrial_changeover,1521,305,1,Order1,305,6.96e-05,0.043140036053955555,1327.0,1247.0,13.664506673812866,1.0475454330444336,14.7120521068573,1230.0,1327.4327868852458
industrial_changeover,1526,306,1,Order1,306,6.950000000000001e-05,-0.02542409859597683,1233.0,1247.0,13.831910371780396,1.0562694072723389,14.888179779052734,1230.0,1327.1699346405228
industrial_changeover,1531,307,1,Order1,307,6.939999999999999e-05,0.052707369439303875,1333.0,1247.0,13.83101749420166,1.0580050945281982,14.889022588729858,1230.0,1326.9087947882736
industrial_changeover,1536,308,1,Order1,308,6.93e-05,0.019866207148879766,1285.0,1247.0,13.700884342193604,1.1024763584136963,14.8033607006073,1230.0,1326.6493506493507
industrial_changeover,1541,309,1,Order1,309,6.92e-05,-0.01331119704991579,1247.0,1247.0,13.749567031860352,1.0525376796722412,14.802104711532593,1230.0,1326.3915857605177
industrial_changeover,1546,310,1,Order1,310,6.910000000000001e-05,0.035309234634041786,1263.0,1247.0,13.702470302581787,1.062528133392334,14.764998435974121,1230.0,1326.1354838709678
industrial_changeover,1551,311,1,Order1,311,6.9e-05,0.008412479655817151,1325.0,1247.0,13.78228235244751,1.0832922458648682,14.865574598312378,1230.0,1325.8810289389069
industrial_changeover,1556,312,1,Order1,312,6.890000000000001e-05,-0.052167657762765884,1220.0,1247.0,13.684750318527222,1.0559639930725098,14.740714311599731,1230.0,1325.628205128205
industrial_changeover,1561,313,1,Order1,313,6.879999999999999e-05,0.05397634021937847,1278.0,1247.0,13.803159475326538,1.0568392276763916,14.85999870300293,1230.0,1325.3769968051117
industrial_changeover,1566,314,1,Order1,314,6.87e-05,-0.021766032092273235,1241.0,1247.0,13.824203968048096,1.1081805229187012,14.932384490966797,1230.0,1325.1273885350317
industrial_changeover,1571,315,1,Order1,315,6.86e-05,-0.014904819894582033,1247.0,1247.0,13.723060846328735,1.053145170211792,14.776206016540527,1230.0,1324.879365079365
industrial_changeover,1576,316,1,Order1,316,6.850000000000001e-05,-0.023603650741279125,1220.0,1336.0,13.925420999526978,1.0628783702850342,14.988299369812012,1230.0,1324.9145569620252
industrial_changeover,1581,317,1,Order1,317,6.84e-05,0.005728637333959341,1275.0,1336.0,13.584876775741577,1.0510716438293457,14.635948419570923,1230.0,1324.94952681388
industrial_changeover,1586,318,1,Order1,318,6.83e-05,0.04593285359442234,1330.0,1336.0,13.665762186050415,1.0588912963867188,14.724653482437134,1230.0,1324.9842767295597
industrial_changeover,1591,319,1,Order1,319,6.819999999999999e-05,0.06654364056885242,1327.0,1336.0,13.818455696105957,1.1122376918792725,14.93069338798523,1230.0,1325.0188087774295
industrial_changeover,1596,320,1,Order1,320,6.81e-05,0.03173548635095358,1327.0,1336.0,13.758590698242188,1.0546882152557373,14.813278913497925,1230.0,1325.053125
industrial_changeover,1601,321,1,Order1,321,6.8e-05,-0.025784613098949194,1291.0,1336.0,13.815700054168701,1.0577802658081055,14.873480319976807,1230.0,1325.0872274143303
industrial_changeover,1606,322,1,Order1,322,6.790000000000001e-05,-0.021961938124150038,1285.0,1336.0,13.790965557098389,1.0584704875946045,14.849436044692993,1230.0,1325.1211180124224
industrial_changeover,1611,323,1,Order1,323,6.78e-05,0.05545835755765438,1348.0,1336.0,13.710388898849487,1.074517011642456,14.784905910491943,1230.0,1325.15479876161
industrial_changeover,1616,324,1,Order1,324,6.77e-05,0.018489842768758535,1291.0,1247.0,13.792970895767212,1.0466840267181396,14.839654922485352,1230.0,1324.9135802469136
industrial_changeover,1621,325,1,Order1,325,6.76e-05,-0.0274763866327703,1247.0,1247.0,13.691967964172363,1.0426585674285889,14.734626531600952,1230.0,1324.6738461538462
industrial_changeover,1626,326,1,Order1,326,6.750000000000001e-05,0.010003853356465697,1264.0,1247.0,13.770963668823242,1.0463061332702637,14.817269802093506,1230.0,1324.435582822086
industrial_changeover,1631,327,1,Order1,327,6.74e-05,0.046444159001111984,1325.0,1247.0,13.81690263748169,1.0497925281524658,14.866695165634155,1230.0,1324.1987767584098
industrial_changeover,1636,328,1,Order1,328,6.730000000000001e-05,-0.0011033069458790123,1264.0,1247.0,13.667003870010376,1.0487513542175293,14.715755224227905,1230.0,1323.9634146341464
industrial_changeover,1641,329,1,Order1,329,6.72e-05,0.05318084545433521,1325.0,1247.0,13.670490026473999,1.0572361946105957,14.727726221084595,1230.0,1323.7294832826747
industrial_changeover,1646,330,1,Order1,330,6.71e-05,-0.003495426382869482,1241.0,1247.0,13.692728996276855,1.0778656005859375,14.770594596862793,1230.0,1323.4969696969697
industrial_changeover,1651,331,1,Order1,331,6.7e-05,-0.023940640036016703,1247.0,1241.0,13.773588418960571,1.0619666576385498,14.835555076599121,1230.0,1323.2477341389729
industrial_changeover,1656,332,1,Order1,332,6.690000000000001e-05,-0.008493467699736357,1247.0,1241.0,13.994696855545044,1.0901644229888916,15.084861278533936,1230.0,1323.0
industrial_changeover,1661,333,1,Order1,333,6.68e-05,0.0364238852635026,1337.0,1241.0,13.650553703308105,1.048750638961792,14.699304342269897,1230.0,1322.7537537537537
industrial_changeover,1666,334,1,Order1,334,6.670000000000001e-05,-0.013351129600778222,1291.0,1241.0,13.73114275932312,1.0570147037506104,14.78815746307373,1230.0,1322.508982035928
industrial_changeover,1671,335,1,Order1,335,6.659999999999999e-05,0.051471187733113766,1328.0,1241.0,13.937957286834717,1.0568625926971436,14.99481987953186,1230.0,1322.265671641791
industrial_changeover,1676,336,1,Order1,336,6.65e-05,0.01979718543589115,1275.0,1241.0,13.582300424575806,1.0457167625427246,14.62801718711853,1230.0,1322.0238095238096
industrial_changeover,1681,337,1,Order1,337,6.64e-05,-0.05223884806036949,1220.0,1241.0,13.745263814926147,1.0444774627685547,14.789741277694702,1230.0,1321.7833827893176
industrial_changeover,1686,338,1,Order1,338,6.630000000000001e-05,0.02572498843073845,1285.0,1241.0,13.791933298110962,1.0635757446289062,14.855509042739868,1230.0,1321.5443786982248
industrial_changeover,1691,339,1,Order1,339,6.62e-05,-0.0782515536993742,1220.0,1330.0,13.740545511245728,1.0460875034332275,14.786633014678955,1230.0,1321.5693215339234
industrial_changeover,1696,340,1,Order1,340,6.610000000000001e-05,0.06404400989413261,1280.0,1330.0,13.840278148651123,1.0426678657531738,14.882946014404297,1230.0,1321.5941176470587
industrial_changeover,1701,341,1,Order1,341,6.599999999999999e-05,0.029560314491391182,1275.0,1330.0,13.644242525100708,1.0514111518859863,14.695653676986694,1230.0,1321.6187683284456
industrial_changeover,1706,342,1,Order1,342,6.59e-05,0.018868007697165012,1325.0,1333.0,13.686282634735107,1.0378949642181396,14.724177598953247,1230.0,1321.6520467836258
industrial_changeover,1711,343,1,Order1,343,6.58e-05,0.013455623993650079,1307.0,1333.0,13.833515882492065,1.060401439666748,14.893917322158813,1230.0,1321.6851311953353
industrial_changeover,1716,344,1,Order1,344,6.570000000000001e-05,0.01130283996462822,1223.0,1241.0,13.772637367248535,1.1177396774291992,14.890377044677734,1230.0,1321.4505813953488
industrial_changeover,1721,345,1,Order1,345,6.560000000000001e-05,-0.02357950061559677,1241.0,1333.0,13.708654165267944,1.0548968315124512,14.763550996780396,1230.0,1321.4840579710144
industrial_changeover,1726,346,1,Order1,346,6.55e-05,0.026600876357406378,1327.0,1333.0,13.706013917922974,1.056898832321167,14.76291275024414,1230.0,1321.5173410404625
industrial_changeover,1731,347,1,Order1,347,6.54e-05,-0.01753200078383088,1220.0,1333.0,13.76491403579712,1.050764799118042,14.815678834915161,1230.0,1321.5504322766571
industrial_changeover,1736,348,1,Order1,348,6.53e-05,0.06597870774567127,1340.0,1336.0,13.858395099639893,1.0480473041534424,14.906442403793335,1230.0,1321.5919540229886
industrial_changeover,1741,349,1,Order1,349,6.52e-05,0.05028660595417023,1327.0,1330.0,13.797823190689087,1.0464682579040527,14.84429144859314,1230.0,1321.6160458452723
industrial_changeover,1746,350,1,Order1,350,6.510000000000001e-05,-0.02732091024518013,1247.0,1330.0,13.86711573600769,1.0567500591278076,14.923865795135498,1230.0,1321.64
industrial_changeover,1751,351,1,Order1,351,6.500000000000001e-05,0.027964556589722633,1278.0,1330.0,13.954536437988281,1.0593843460083008,15.013920783996582,1230.0,1321.6638176638176
industrial_changeover,1756,352,1,Order1,352,6.49e-05,0.050050025805830956,1327.0,1330.0,13.548545837402344,1.049288034439087,14.59783387184143,1230.0,1321.6875
industrial_changeover,1761,353,1,Order1,353,6.48e-05,0.02731325151398778,1291.0,1330.0,13.855531930923462,1.045640468597412,14.901172399520874,1230.0,1321.7110481586403
industrial_changeover,1766,354,1,Order1,354,6.47e-05,0.010232973378151655,1283.0,1330.0,14.150460243225098,1.076498031616211,15.226958274841309,1230.0,1321.734463276836
industrial_changeover,1771,355,1,Order1,355,6.460000000000001e-05,-0.0133750110398978,1224.0,1330.0,13.608623027801514,1.0979251861572266,14.70654821395874,1230.0,1321.7577464788733
industrial_changeover,1776,356,1,Order1,356,6.450000000000001e-05,0.037143935449421406,1337.0,1330.0,13.821173429489136,1.0622076988220215,14.883381128311157,1230.0,1321.7808988764045
industrial_changeover,1781,357,1,Order1,357,6.440000000000001e-05,-0.008454433409497142,1249.0,1241.0,13.836647748947144,1.079982042312622,14.916629791259766,1230.0,1321.5546218487395
industrial_changeover,1786,358,1,Order1,358,6.43e-05,-0.004724474740214646,1224.0,1241.0,13.71914291381836,1.046255350112915,14.765398263931274,1230.0,1321.3296089385474
industrial_changeover,1791,359,1,Order1,359,6.42e-05,0.04350303020328283,1327.0,1241.0,13.806308507919312,1.0515398979187012,14.857848405838013,1230.0,1321.1058495821726
industrial_changeover,1796,360,1,Order1,360,6.41e-05,0.002366216096561402,1225.0,1241.0,13.78582501411438,1.050847053527832,14.836672067642212,1230.0,1320.8833333333334
industrial_changeover,1801,361,1,Order1,361,6.400000000000001e-05,-0.025460845325142145,1223.0,1330.0,13.694194078445435,1.0652859210968018,14.759479999542236,1230.0,1320.9085872576177
industrial_changeover,1806,362,1,Order1,362,6.390000000000001e-05,-0.021919519640505314,1224.0,1267.0,13.79874324798584,1.0522422790527344,14.850985527038574,1230.0,1320.7596685082874
industrial_changeover,1811,363,1,Order1,363,6.38e-05,-0.07481919229030609,1225.0,1327.0,13.85646390914917,1.0472466945648193,14.90371060371399,1230.0,1320.7768595041323
industrial_changeover,1816,364,1,Order1,364,6.37e-05,-0.001894395420094952,1218.0,1267.0,13.734890937805176,1.057450532913208,14.792341470718384,1230.0,1320.6291208791208
industrial_changeover,1821,365,1,Order1,365,6.36e-05,-0.03843852877616882,1223.0,1267.0,5.40825891494751,0.4414527416229248,5.849711656570435,1230.0,1320.482191780822
industrial_changeover,1826,366,1,Order1,366,6.35e-05,-0.042588780634105206,1218.0,1241.0,5.465226888656616,0.43598389625549316,5.901210784912109,1230.0,1320.2650273224044
industrial_changeover,1831,367,1,Order1,367,6.340000000000001e-05,-0.004053877200931311,1265.0,1267.0,5.589667558670044,0.4667189121246338,6.056386470794678,1230.0,1320.1198910081744
industrial_changeover,1836,368,1,Order1,368,6.330000000000001e-05,0.029218607116490602,1285.0,1241.0,5.869709014892578,0.43877673149108887,6.308485746383667,1230.0,1319.9048913043478
industrial_changeover,1841,369,1,Order1,369,6.32e-05,0.06460597738623619,1270.0,1241.0,5.474182605743408,0.42682456970214844,5.901007175445557,1230.0,1319.6910569105692
industrial_changeover,1846,370,1,Order1,370,6.31e-05,-0.04193733353167772,1269.0,1241.0,5.465332269668579,0.4316985607147217,5.897030830383301,1230.0,1319.4783783783785
industrial_changeover,1851,371,1,Order1,371,6.3e-05,-0.0456788819283247,1220.0,1241.0,5.456191539764404,0.42485857009887695,5.881050109863281,1230.0,1319.266846361186
industrial_changeover,1856,372,1,Order1,372,6.29e-05,0.06416318193078041,1263.0,1241.0,5.472539186477661,0.43221473693847656,5.904753923416138,1230.0,1319.0564516129032
industrial_changeover,1861,373,1,Order1,373,6.280000000000001e-05,-0.03635057061910629,1223.0,1241.0,5.620712041854858,0.45727968215942383,6.077991724014282,1230.0,1318.8471849865953
industrial_changeover,1866,374,1,Order1,374,6.27e-05,0.04925674386322498,1337.0,1241.0,5.456765413284302,0.4650747776031494,5.921840190887451,1230.0,1318.6390374331552
industrial_changeover,1871,375,1,Order1,375,6.26e-05,-0.01744208624586463,1220.0,1241.0,5.635663747787476,0.4451005458831787,6.080764293670654,1230.0,1318.432
industrial_changeover,1876,376,1,Order1,376,6.25e-05,-0.015387583989650011,1210.0,1241.0,5.535488843917847,0.4437689781188965,5.979257822036743,1230.0,1318.2260638297873
industrial_changeover,1881,377,1,Order1,377,6.24e-05,0.009904264705255628,1291.0,1241.0,5.538274765014648,0.44927072525024414,5.987545490264893,1230.0,1318.0212201591512
industrial_changeover,1886,378,1,Order1,378,6.23e-05,-0.03251644968986511,1241.0,1241.0,5.336107969284058,0.4237380027770996,5.759845972061157,1230.0,1317.8174603174602
industrial_changeover,1891,379,1,Order1,379,6.220000000000001e-05,0.011333998991176486,1266.0,1241.0,5.615201711654663,0.43848443031311035,6.053686141967773,1230.0,1317.6147757255937
industrial_changeover,1896,380,1,Order1,380,6.21e-05,0.03616870567202568,1266.0,1241.0,5.5925562381744385,0.46632862091064453,6.058884859085083,1230.0,1317.4131578947367
industrial_changeover,1901,381,1,Order1,381,6.2e-05,-0.0331564461812377,1247.0,1241.0,5.4815754890441895,0.4285416603088379,5.910117149353027,1230.0,1317.2125984251968
industrial_changeover,1906,382,1,Order1,382,6.19e-05,-0.024646069388836622,1241.0,1241.0,5.563394546508789,0.44320082664489746,6.0065953731536865,1230.0,1317.0130890052355
industrial_changeover,1911,383,1,Order1,383,6.18e-05,0.04881246481090784,1284.0,1241.0,5.535250425338745,0.4399394989013672,5.975189924240112,1230.0,1316.8146214099218
industrial_changeover,1916,384,1,Order1,384,6.170000000000001e-05,0.026691938284784555,1263.0,1241.0,5.65014910697937,0.45288681983947754,6.103035926818848,1230.0,1316.6171875
industrial_changeover,1921,385,1,Order1,385,6.16e-05,0.017741461284458637,1325.0,1267.0,5.725902080535889,0.4641439914703369,6.190046072006226,1230.0,1316.4883116883118
industrial_changeover,1926,386,1,Order1,386,6.15e-05,0.035887498408555984,1266.0,1267.0,5.746123552322388,0.4446582794189453,6.190781831741333,1230.0,1316.360103626943
industrial_changeover,1931,387,1,Order1,387,6.14e-05,-0.006745915859937668,1283.0,1267.0,5.648189306259155,0.44708943367004395,6.095278739929199,1230.0,1316.2325581395348
industrial_changeover,1936,388,1,Order1,388,6.13e-05,0.06645391881465912,1337.0,1267.0,5.442150831222534,0.4280741214752197,5.870224952697754,1230.0,1316.1056701030927
industrial_changeover,1941,389,1,Order1,389,6.12e-05,0.05379490554332733,1336.0,1267.0,5.405977487564087,0.43517613410949707,5.841153621673584,1230.0,1315.9794344473007
industrial_changeover,1946,390,1,Order1,390,6.110000000000001e-05,-0.037629895843565464,1220.0,1241.0,5.30349326133728,0.42702412605285645,5.730517387390137,1230.0,1315.7871794871794
industrial_changeover,1951,391,1,Order1,391,6.1e-05,0.03890974726527929,1278.0,1241.0,5.688733816146851,0.4516146183013916,6.140348434448242,1230.0,1315.5959079283887
industrial_changeover,1956,392,1,Order1,392,6.09e-05,-0.0014094501093495637,1275.0,1241.0,5.78640079498291,0.4533965587615967,6.239797353744507,1230.0,1315.405612244898
industrial_changeover,1961,393,1,Order1,393,6.08e-05,0.048338690772652626,1284.0,1267.0,5.5353569984436035,0.43894267082214355,5.974299669265747,1230.0,1315.2824427480916
industrial_changeover,1966,394,1,Order1,394,6.07e-05,0.040707542560994625,1291.0,1210.0,5.562665700912476,0.44661569595336914,6.009281396865845,1210.0,1315.0152284263959
industrial_changeover,1971,395,1,Order1,395,6.06e-05,-0.007385356351733208,1264.0,1210.0,5.60523533821106,0.43253254890441895,6.0377678871154785,1210.0,1314.7493670886076
industrial_changeover,1976,396,1,Order1,396,6.05e-05,0.04488473106175661,1275.0,1210.0,5.837067365646362,0.43886590003967285,6.275933265686035,1210.0,1314.4848484848485
industrial_changeover,1981,397,1,Order1,397,6.04e-05,0.012939484091475606,1280.0,1210.0,5.737111330032349,0.45705556869506836,6.194166898727417,1210.0,1314.2216624685138
industrial_changeover,1986,398,1,Order1,398,6.03e-05,-8.889088348951191e-05,1241.0,1210.0,5.807619333267212,0.4635772705078125,6.271196603775024,1210.0,1313.9597989949748
industrial_changeover,1991,399,1,Order1,399,6.02e-05,-0.02248740941286087,1211.0,1210.0,5.617865562438965,0.45494937896728516,6.07281494140625,1210.0,1313.6992481203008
industrial_changeover,1996,400,1,Order1,400,6.0100000000000004e-05,-0.01500170910730958,1262.0,1210.0,5.414026737213135,0.4158966541290283,5.829923391342163,1210.0,1313.44
industrial_changeover,2001,401,1,Order1,401,6e-05,0.06292428821325302,1256.0,1210.0,5.494833469390869,0.4153287410736084,5.9101622104644775,1210.0,1313.1820448877806
industrial_changeover,2006,402,1,Order1,402,5.99e-05,0.0012381304113660008,1278.0,1210.0,5.398507833480835,0.47257328033447266,5.871081113815308,1210.0,1312.9253731343283
industrial_changeover,2011,403,1,Order1,403,5.9800000000000003e-05,-0.022397348657250404,1222.0,1210.0,5.5785558223724365,0.4751119613647461,6.053667783737183,1210.0,1312.6699751861042
industrial_changeover,2016,404,1,Order1,404,5.97e-05,-0.047924503684043884,1227.0,1210.0,5.495476484298706,0.4398348331451416,5.935311317443848,1210.0,1312.4158415841584
industrial_changeover,2021,405,1,Order1,405,5.96e-05,0.0021126100909896195,1264.0,1210.0,5.443893909454346,0.44895100593566895,5.892844915390015,1210.0,1312.1629629629629
industrial_changeover,2026,406,1,Order1,406,5.95e-05,-0.07016833126544952,1211.0,1210.0,5.572349548339844,0.4293649196624756,6.001714468002319,1210.0,1311.911330049261
industrial_changeover,2031,407,1,Order1,407,5.94e-05,0.04562539793550968,1270.0,1210.0,5.694817543029785,0.4523446559906006,6.147162199020386,1210.0,1311.6609336609336
industrial_changeover,2036,408,1,Order1,408,5.93e-05,0.07450474984943867,1325.0,1210.0,5.597507953643799,0.4768545627593994,6.074362516403198,1210.0,1311.4117647058824
industrial_changeover,2041,409,1,Order1,409,5.920000000000001e-05,-0.024559286888688803,1223.0,1210.0,5.707293748855591,0.44078898429870605,6.148082733154297,1210.0,1311.1638141809292
industrial_changeover,2046,410,1,Order1,410,5.91e-05,-0.03772121109068394,1225.0,1210.0,5.661357164382935,0.4637601375579834,6.125117301940918,1210.0,1310.9170731707318
industrial_changeover,2051,411,1,Order1,411,5.900000000000001e-05,-0.013476430671289563,1220.0,1218.0,5.444364309310913,0.4238455295562744,5.8682098388671875,1210.0,1310.69099756691
industrial_changeover,2056,412,1,Order1,412,5.89e-05,-0.014150300761684775,1241.0,1218.0,5.547720432281494,0.44092822074890137,5.9886486530303955,1210.0,1310.4660194174758
industrial_changeover,2061,413,1,Order1,413,5.880000000000001e-05,-0.006607432384043932,1227.0,1210.0,5.372681140899658,0.44321680068969727,5.8158979415893555,1210.0,1310.2227602905568
industrial_changeover,2066,414,1,Order1,414,5.87e-05,0.07120665349066257,1336.0,1210.0,5.508681535720825,0.4522101879119873,5.9608917236328125,1210.0,1309.9806763285023
industrial_changeover,2071,415,1,Order1,415,5.860000000000001e-05,0.043994360603392124,1328.0,1210.0,5.567098617553711,0.43122005462646484,5.998318672180176,1210.0,1309.7397590361445
industrial_changeover,2076,416,1,Order1,416,5.85e-05,0.014028246281668544,1241.0,1210.0,5.486427545547485,0.4380381107330322,5.924465656280518,1210.0,1309.5
industrial_changeover,2081,417,1,Order1,417,5.840000000000001e-05,-0.05020722188055515,1218.0,1210.0,5.541243076324463,0.4617629051208496,6.0030059814453125,1210.0,1309.2613908872902
industrial_changeover,2086,418,1,Order1,418,5.83e-05,-0.005682048969902098,1259.0,1210.0,5.609790086746216,0.4518249034881592,6.061614990234375,1210.0,1309.0239234449762
industrial_changeover,2091,419,1,Order1,419,5.820000000000001e-05,-0.0019730598432943225,1270.0,1210.0,5.804856538772583,0.46605801582336426,6.270914554595947,1210.0,1308.7875894988067
industrial_changeover,2096,420,1,Order1,420,5.8099999999999996e-05,-0.0021913349628448486,1227.0,1210.0,6.089210271835327,0.4417989253997803,6.531009197235107,1210.0,1308.5523809523809
industrial_changeover,2101,421,1,Order1,421,5.800000000000001e-05,0.0027110259397886693,1249.0,1210.0,5.784498453140259,0.4481682777404785,6.232666730880737,1210.0,1308.3182897862232
industrial_changeover,2106,422,1,Order1,422,5.79e-05,0.005822290200740099,1263.0,1212.0,5.624186992645264,0.44233226776123047,6.066519260406494,1210.0,1308.090047393365
industrial_changeover,2111,423,1,Order1,423,5.780000000000001e-05,0.05380157008767128,1283.0,1210.0,5.488768577575684,0.42921948432922363,5.917988061904907,1210.0,1307.8581560283687
industrial_changeover,2116,424,1,Order1,424,5.77e-05,-0.07986865937709808,1220.0,1212.0,5.557274580001831,0.4318106174468994,5.9890851974487305,1210.0,1307.632075471698
industrial_changeover,2121,425,1,Order1,425,5.760000000000001e-05,0.011848216876387596,1241.0,1212.0,5.446536064147949,0.4168703556060791,5.863406419754028,1210.0,1307.4070588235295
industrial_changeover,2126,426,1,Order1,426,5.7499999999999995e-05,0.03260670881718397,1283.0,1212.0,5.429334402084351,0.45662713050842285,5.885961532592773,1210.0,1307.1830985915492
industrial_changeover,2131,427,1,Order1,427,5.7400000000000006e-05,0.03346497006714344,1279.0,1218.0,5.591185569763184,0.43007922172546387,6.0212647914886475,1210.0,1306.9742388758782
industrial_changeover,2136,428,1,Order1,428,5.73e-05,-0.011762312380596995,1247.0,1218.0,5.455119371414185,0.42509961128234863,5.880218982696533,1210.0,1306.766355140187
industrial_changeover,2141,429,1,Order1,429,5.720000000000001e-05,0.01669969502836466,1283.0,1218.0,5.570470094680786,0.43327903747558594,6.003749132156372,1210.0,1306.5594405594406
industrial_changeover,2146,430,1,Order1,430,5.71e-05,-0.00547143432777375,1223.0,1220.0,5.546746015548706,0.43716001510620117,5.983906030654907,1210.0,1306.3581395348838
industrial_changeover,2151,431,1,Order1,431,5.700000000000001e-05,-0.06413726136088371,1224.0,1218.0,5.84589147567749,0.4537374973297119,6.299628973007202,1210.0,1306.15313225058
industrial_changeover,2156,432,1,Order1,432,5.69e-05,0.06385079212486744,1283.0,1218.0,5.682047605514526,0.46684694290161133,6.148894548416138,1210.0,1305.9490740740741
industrial_changeover,2161,433,1,Order1,433,5.680000000000001e-05,-0.036151367239654064,1224.0,1218.0,5.573803901672363,0.43935728073120117,6.0131611824035645,1210.0,1305.7459584295611
industrial_changeover,2166,434,1,Order1,434,5.6699999999999996e-05,0.021429579239338636,1280.0,1218.0,5.668687343597412,0.4442424774169922,6.112929821014404,1210.0,1305.5437788018432
industrial_changeover,2171,435,1,Order1,435,5.660000000000001e-05,-0.029763420578092337,1224.0,1220.0,5.518831253051758,0.4311516284942627,5.9499828815460205,1210.0,1305.3471264367815
industrial_changeover,2176,436,1,Order1,436,5.65e-05,0.03308356739580631,1275.0,1220.0,5.306881904602051,0.4212327003479004,5.728114604949951,1210.0,1305.151376146789
industrial_changeover,2181,437,1,Order1,437,5.640000000000001e-05,-0.001532698341179639,1267.0,1220.0,5.357367038726807,0.446796178817749,5.804163217544556,1210.0,1304.9565217391305
industrial_changeover,2186,438,1,Order1,438,5.63e-05,0.011381866177543998,1270.0,1212.0,5.421027183532715,0.43131089210510254,5.852338075637817,1210.0,1304.744292237443
industrial_changeover,2191,439,1,Order1,439,5.620000000000001e-05,0.03679462894797325,1325.0,1220.0,5.53535270690918,0.43494439125061035,5.97029709815979,1210.0,1304.5512528473805
industrial_changeover,2196,440,1,Order1,440,5.6099999999999995e-05,0.005826254724524915,1227.0,1225.0,5.682066917419434,0.45053625106811523,6.132603168487549,1210.0,1304.3704545454545
industrial_changeover,2201,441,1,Order1,441,5.6000000000000006e-05,0.029803088400512934,1259.0,1218.0,5.565266132354736,0.43408656120300293,5.999352693557739,1210.0,1304.1746031746031
industrial_changeover,2206,442,1,Order1,442,5.59e-05,0.03756233863532543,1340.0,1218.0,5.660041093826294,0.4490790367126465,6.10912013053894,1210.0,1303.9796380090497
industrial_changeover,2211,443,1,Order1,443,5.580000000000001e-05,-0.03086992586031556,1218.0,1218.0,5.604863405227661,0.44565534591674805,6.050518751144409,1210.0,1303.7855530474042
industrial_changeover,2216,444,1,Order1,444,5.57e-05,0.06554767303168774,1330.0,1218.0,5.676848649978638,0.4442160129547119,6.12106466293335,1210.0,1303.5923423423424
industrial_changeover,2221,445,1,Order1,445,5.560000000000001e-05,-0.020174959674477577,1223.0,1218.0,5.638416290283203,0.4423067569732666,6.08072304725647,1210.0,1303.4
industrial_changeover,2226,446,1,Order1,446,5.5499999999999994e-05,-0.03519127797335386,1225.0,1218.0,5.540570497512817,0.43491029739379883,5.975480794906616,1210.0,1303.2085201793723
industrial_changeover,2231,447,1,Order1,447,5.5400000000000005e-05,-0.03454518970102072,1218.0,1218.0,5.395374536514282,0.43123722076416016,5.826611757278442,1210.0,1303.0178970917225
industrial_changeover,2236,448,1,Order1,448,5.5299999999999996e-05,-0.00028560513601405546,1224.0,1218.0,5.314319610595703,0.420501708984375,5.734821319580078,1210.0,1302.828125
industrial_changeover,2241,449,1,Order1,449,5.520000000000001e-05,0.027361310087144375,1327.0,1218.0,5.770647048950195,0.4596574306488037,6.230304479598999,1210.0,1302.639198218263
industrial_changeover,2246,450,1,Order1,450,5.51e-05,0.019266385585069656,1241.0,1218.0,5.834221601486206,0.46427249908447266,6.298494100570679,1210.0,1302.451111111111
industrial_changeover,2251,451,1,Order1,451,5.500000000000001e-05,0.023368116468191147,1325.0,1218.0,5.46101713180542,0.4301338195800781,5.891150951385498,1210.0,1302.2638580931264
industrial_changeover,2256,452,1,Order1,452,5.489999999999999e-05,-0.014708122937008739,1224.0,1218.0,5.48134970664978,0.4435713291168213,5.924921035766602,1210.0,1302.0774336283187
industrial_changeover,2261,453,1,Order1,453,5.4800000000000004e-05,-0.030199090484529734,1220.0,1218.0,5.609269142150879,0.4335367679595947,6.042805910110474,1210.0,1301.8918322295806
industrial_changeover,2266,454,1,Order1,454,5.4699999999999995e-05,0.0037651899037882686,1227.0,1218.0,5.6575727462768555,0.453183650970459,6.1107563972473145,1210.0,1301.7070484581498
industrial_changeover,2271,455,1,Order1,455,5.4600000000000006e-05,-0.009566718246787786,1224.0,1218.0,5.730027914047241,0.45607495307922363,6.186102867126465,1210.0,1301.5230769230768
industrial_changeover,2276,456,1,Order1,456,5.4499999999999997e-05,0.0038490508450195193,1275.0,1218.0,5.565697431564331,0.4307236671447754,5.9964210987091064,1210.0,1301.3399122807018
industrial_changeover,2281,457,1,Order1,457,5.440000000000001e-05,-0.027832856867462397,1223.0,1218.0,5.731807470321655,0.46608448028564453,6.1978919506073,1210.0,1301.1575492341356
industrial_changeover,2286,458,1,Order1,458,5.43e-05,0.06175500061362982,1328.0,1218.0,5.593435525894165,0.4472379684448242,6.040673494338989,1210.0,1300.975982532751
industrial_changeover,2291,459,1,Order1,459,5.420000000000001e-05,0.05297363642603159,1325.0,1218.0,5.4899890422821045,0.4266786575317383,5.916667699813843,1210.0,1300.7952069716775
industrial_changeover,2296,460,1,Order1,460,5.4099999999999994e-05,0.026780445594340563,1281.0,1218.0,5.348632574081421,0.4197540283203125,5.768386602401733,1210.0,1300.6152173913044
industrial_changeover,2301,461,1,Order1,461,5.4000000000000005e-05,0.011052117915824056,1280.0,1218.0,5.572050333023071,0.47919130325317383,6.051241636276245,1210.0,1300.4360086767897
industrial_changeover,2306,462,1,Order1,462,5.3899999999999996e-05,-0.0077042331686243415,1227.0,1218.0,5.515392303466797,0.42943334579467773,5.944825649261475,1210.0,1300.2575757575758
industrial_changeover,2311,463,1,Order1,463,5.380000000000001e-05,-0.014199975412338972,1224.0,1218.0,5.47385048866272,0.42954444885253906,5.903394937515259,1210.0,1300.0799136069115
industrial_changeover,2316,464,1,Order1,464,5.37e-05,-0.017301865853369236,1281.0,1218.0,5.579778671264648,0.46442580223083496,6.044204473495483,1210.0,1299.9030172413793
industrial_changeover,2321,465,1,Order1,465,5.360000000000001e-05,0.03423265740275383,1224.0,1218.0,5.482674837112427,0.4444112777709961,5.927086114883423,1210.0,1299.7268817204301
industrial_changeover,2326,466,1,Order1,466,5.349999999999999e-05,-0.03726878482848406,1230.0,1218.0,5.595783472061157,0.469280481338501,6.065063953399658,1210.0,1299.5515021459228
industrial_changeover,2331,467,1,Order1,467,5.3400000000000004e-05,-0.03703915886580944,1225.0,1218.0,5.779608249664307,0.4419276714324951,6.221535921096802,1210.0,1299.3768736616703
industrial_changeover,2336,468,1,Order1,468,5.3299999999999995e-05,0.026778155006468296,1275.0,1218.0,5.672559976577759,0.4583423137664795,6.130902290344238,1210.0,1299.2029914529915
industrial_changeover,2341,469,1,Order1,469,5.3200000000000006e-05,0.014192811446264386,1285.0,1218.0,5.746813058853149,0.46513891220092773,6.211951971054077,1210.0,1299.0298507462687
industrial_changeover,2346,470,1,Order1,470,5.31e-05,0.0133349085226655,1259.0,1218.0,5.440950155258179,0.4397311210632324,5.880681276321411,1210.0,1298.8574468085105
industrial_changeover,2351,471,1,Order1,471,5.300000000000001e-05,-0.024972778279334307,1218.0,1218.0,5.386162281036377,0.42333507537841797,5.809497356414795,1210.0,1298.6857749469214
industrial_changeover,2356,472,1,Order1,472,5.2900000000000005e-05,0.022404964547604322,1259.0,1218.0,5.400654315948486,0.42976856231689453,5.830422878265381,1210.0,1298.5148305084747
industrial_changeover,2361,473,1,Order1,473,5.28e-05,-0.025480900425463915,1225.0,1218.0,5.8294312953948975,0.4777035713195801,6.3071348667144775,1210.0,1298.3446088794926
industrial_changeover,2366,474,1,Order1,474,5.270000000000001e-05,0.008091268129646778,1256.0,1218.0,5.627999305725098,0.4295654296875,6.057564735412598,1210.0,1298.175105485232
industrial_changeover,2371,475,1,Order1,475,5.2600000000000005e-05,0.014161487575620413,1275.0,1218.0,5.436765432357788,0.4396183490753174,5.8763837814331055,1210.0,1298.0063157894738
industrial_changeover,2376,476,1,Order1,476,5.25e-05,-0.020980666857212782,1220.0,1218.0,5.447322130203247,0.4495716094970703,5.896893739700317,1210.0,1297.8382352941176
industrial_changeover,2381,477,1,Order1,477,5.2400000000000007e-05,-0.014269664417952299,1230.0,1218.0,5.492387294769287,0.44887733459472656,5.941264629364014,1210.0,1297.670859538784
industrial_changeover,2386,478,1,Order1,478,5.2300000000000004e-05,-0.005993551923893392,1227.0,1218.0,5.583434104919434,0.4542670249938965,6.03770112991333,1210.0,1297.5041841004183
industrial_changeover,2391,479,1,Order1,479,5.22e-05,-0.0003020931326318532,1278.0,1218.0,5.651925802230835,0.4308483600616455,6.0827741622924805,1210.0,1297.3382045929018
industrial_changeover,2396,480,1,Order1,480,5.2100000000000006e-05,-0.02203428139910102,1230.0,1220.0,5.6827332973480225,0.4415395259857178,6.12427282333374,1210.0,1297.1770833333333
industrial_changeover,2401,481,1,Order1,481,5.2000000000000004e-05,0.033766006119549274,1241.0,1220.0,5.440488338470459,0.433915376663208,5.874403715133667,1210.0,1297.016632016632
industrial_changeover,2406,482,1,Order1,482,5.19e-05,-0.0454893009737134,1220.0,1220.0,5.446625709533691,0.42018628120422363,5.866811990737915,1210.0,1296.856846473029
industrial_changeover,2411,483,1,Order1,483,5.1800000000000005e-05,0.02886027144268155,1259.0,1220.0,5.396004676818848,0.43370795249938965,5.829712629318237,1210.0,1296.6977225672879
industrial_changeover,2416,484,1,Order1,484,5.17e-05,-0.005141423782333732,1223.0,1220.0,5.576553821563721,0.45945215225219727,6.036005973815918,1210.0,1296.5392561983472
industrial_changeover,2421,485,1,Order1,485,5.16e-05,0.03663939330726862,1328.0,1220.0,5.477694988250732,0.4378044605255127,5.915499448776245,1210.0,1296.381443298969
industrial_changeover,2426,486,1,Order1,486,5.1500000000000005e-05,0.004705266677774489,1223.0,1225.0,5.4320244789123535,0.43587708473205566,5.867901563644409,1210.0,1296.2345679012346
industrial_changeover,2431,487,1,Order1,487,5.14e-05,-0.023003445472568274,1224.0,1225.0,5.4984681606292725,0.4459061622619629,5.944374322891235,1210.0,1296.088295687885
industrial_changeover,2436,488,1,Order1,488,5.130000000000001e-05,-0.01195832178927958,1224.0,1225.0,5.482954978942871,0.4370689392089844,5.9200239181518555,1210.0,1295.9426229508197
industrial_changeover,2441,489,1,Order1,489,5.1200000000000004e-05,0.0033637250307947397,1241.0,1220.0,5.501641750335693,0.44913530349731445,5.950777053833008,1210.0,1295.7873210633948
industrial_changeover,2446,490,1,Order1,490,5.11e-05,0.01656075892969966,1280.0,1220.0,5.668791055679321,0.4435746669769287,6.11236572265625,1210.0,1295.6326530612246
industrial_changeover,2451,491,1,Order1,491,5.1000000000000006e-05,0.03634553495794535,1275.0,1220.0,5.667241811752319,0.4548609256744385,6.122102737426758,1210.0,1295.478615071283
industrial_changeover,2456,492,1,Order1,492,5.0900000000000004e-05,0.04446475952863693,1327.0,1218.0,5.679800987243652,0.46115612983703613,6.1409571170806885,1210.0,1295.321138211382
industrial_changeover,2461,493,1,Order1,493,5.08e-05,0.012516913237050176,1256.0,1220.0,5.444644927978516,0.4269747734069824,5.871619701385498,1210.0,1295.1683569979716
industrial_changeover,2466,494,1,Order1,494,5.0700000000000006e-05,-0.004528220277279615,1256.0,1220.0,5.3854005336761475,0.4475281238555908,5.832928657531738,1210.0,1295.0161943319838
industrial_changeover,2471,495,1,Order1,495,5.0600000000000003e-05,-0.014866152312606573,1224.0,1220.0,5.337471961975098,0.42199110984802246,5.75946307182312,1210.0,1294.8646464646465
industrial_changeover,2476,496,1,Order1,496,5.05e-05,-0.0030192522681318223,1224.0,1220.0,5.425641059875488,0.452347993850708,5.877989053726196,1210.0,1294.7137096774193
industrial_changeover,2481,497,1,Order1,497,5.0400000000000005e-05,0.02252174634486437,1278.0,1220.0,5.456852197647095,0.47475337982177734,5.931605577468872,1210.0,1294.5633802816901
industrial_changeover,2486,498,1,Order1,498,5.03e-05,0.0014330038393381983,1218.0,1220.0,5.3885416984558105,0.4367232322692871,5.825264930725098,1210.0,1294.4136546184739
industrial_changeover,2491,499,1,Order1,499,5.02e-05,-0.029410183895379305,1220.0,1218.0,5.483114957809448,0.4388155937194824,5.921930551528931,1210.0,1294.260521042084
industrial_changeover,2496,500,1,Order1,500,5.0100000000000005e-05,0.021853874437510967,1259.0,1218.0,5.538617849349976,0.45589184761047363,5.994509696960449,1210.0,1294.108
industrial_changeover,2501,501,1,Order1,501,5e-05,-0.015820565167814493,1247.0,1218.0,5.540529727935791,0.43931126594543457,5.979840993881226,1210.0,1293.9560878243512
industrial_changeover,2506,502,1,Order1,502,4.99e-05,0.0662908423691988,1333.0,1218.0,5.647451877593994,0.42580342292785645,6.073255300521851,1210.0,1293.804780876494
industrial_changeover,2511,503,1,Order1,503,4.9800000000000004e-05,-0.005113658029586077,1220.0,1218.0,5.613027811050415,0.4616875648498535,6.0747153759002686,1210.0,1293.6540755467197
industrial_changeover,2516,504,1,Order1,504,4.97e-05,-0.00031067094823811203,1230.0,1218.0,5.727261781692505,0.4652233123779297,6.192485094070435,1210.0,1293.5039682539682
industrial_changeover,2521,505,1,Order1,505,4.96e-05,0.03245850559324026,1283.0,1218.0,5.582244634628296,0.4237813949584961,6.006026029586792,1210.0,1293.3544554455445
industrial_changeover,2526,506,1,Order1,506,4.9500000000000004e-05,0.03469454310834408,1275.0,1218.0,5.437689304351807,0.4234194755554199,5.861108779907227,1210.0,1293.205533596838
industrial_changeover,2531,507,1,Order1,507,4.94e-05,0.017650790978223085,1259.0,1218.0,5.443902492523193,0.43328309059143066,5.877185583114624,1210.0,1293.0571992110454
industrial_changeover,2536,508,1,Order1,508,4.93e-05,-0.022779094520956278,1220.0,1218.0,5.421252012252808,0.4515664577484131,5.872818470001221,1210.0,1292.9094488188975
industrial_changeover,2541,509,1,Order1,509,4.92e-05,0.025166099425405264,1275.0,1218.0,5.719282627105713,0.45917797088623047,6.178460597991943,1210.0,1292.762278978389
industrial_changeover,2546,510,1,Order1,510,4.91e-05,0.002998841053340584,1256.0,1218.0,5.524235725402832,0.4546239376068115,5.9788596630096436,1210.0,1292.6156862745097
industrial_changeover,2551,511,1,Order1,511,4.9e-05,0.01964775286614895,1259.0,1218.0,5.561162710189819,0.44219326972961426,6.003355979919434,1210.0,1292.4696673189824
industrial_changeover,2556,512,1,Order1,512,4.89e-05,-0.03265515714883804,1223.0,1220.0,5.659152030944824,0.4489152431488037,6.108067274093628,1210.0,1292.328125
industrial_changeover,2561,513,1,Order1,513,4.88e-05,0.05115340556949377,1280.0,1220.0,5.655219316482544,0.4514913558959961,6.10671067237854,1210.0,1292.187134502924
industrial_changeover,2566,514,1,Order1,514,4.87e-05,-0.015081916470080614,1225.0,1218.0,5.813871145248413,0.4534440040588379,6.267315149307251,1210.0,1292.0428015564203
industrial_changeover,2571,515,1,Order1,515,4.86e-05,0.031138652935624123,1275.0,1218.0,5.624694585800171,0.43337321281433105,6.058067798614502,1210.0,1291.8990291262137
industrial_changeover,2576,516,1,Order1,516,4.85e-05,-0.0007129835721570998,1259.0,1220.0,5.591969728469849,0.42702341079711914,6.018993139266968,1210.0,1291.7596899224807
industrial_changeover,2581,517,1,Order1,517,4.8400000000000004e-05,-0.013330003246665001,1230.0,1218.0,5.500997543334961,0.4336209297180176,5.9346184730529785,1210.0,1291.6170212765958
industrial_changeover,2586,518,1,Order1,518,4.83e-05,-0.016141480300575495,1241.0,1220.0,5.55370020866394,0.42387914657592773,5.977579355239868,1210.0,1291.4787644787646
industrial_changeover,2591,519,1,Order1,519,4.82e-05,-0.005481852451339364,1223.0,1220.0,5.696107625961304,0.46878623962402344,6.164893865585327,1210.0,1291.3410404624278
industrial_changeover,2596,520,1,Order1,520,4.8100000000000004e-05,0.00927635165862739,1256.0,1220.0,5.427917242050171,0.46724534034729004,5.895162582397461,1210.0,1291.2038461538461
industrial_changeover,2601,521,1,Order1,521,4.8e-05,0.001990698045119643,1241.0,1220.0,5.446947813034058,0.43051815032958984,5.8774659633636475,1210.0,1291.0671785028792
industrial_changeover,2606,522,1,Order1,522,4.79e-05,-0.012606155360117555,1247.0,1220.0,5.535549640655518,0.42572498321533203,5.96127462387085,1210.0,1290.9310344827586
industrial_changeover,2611,523,1,Order1,523,4.78e-05,-0.013856603298336267,1220.0,1220.0,5.474141836166382,0.4502542018890381,5.92439603805542,1210.0,1290.795411089866
industrial_changeover,2616,524,1,Order1,524,4.77e-05,-0.010548015823587775,1241.0,1220.0,5.559607028961182,0.4447135925292969,6.0043206214904785,1210.0,1290.6603053435115
industrial_changeover,2621,525,1,Order1,525,4.76e-05,-0.04877174645662308,1218.0,1220.0,5.532306432723999,0.44876790046691895,5.981074333190918,1210.0,1290.5257142857142
industrial_changeover,2626,526,1,Order1,526,4.75e-05,0.036730761639773846,1280.0,1220.0,5.5324835777282715,0.4624800682067871,5.994963645935059,1210.0,1290.3916349809886
industrial_changeover,2631,527,1,Order1,527,4.74e-05,0.019161554519087076,1241.0,1220.0,5.594350576400757,0.4261767864227295,6.020527362823486,1210.0,1290.258064516129
industrial_changeover,2636,528,1,Order1,528,4.73e-05,0.03154726140201092,1266.0,1220.0,5.493989706039429,0.4266698360443115,5.92065954208374,1210.0,1290.125
industrial_changeover,2641,529,1,Order1,529,4.72e-05,-0.005063014919869602,1227.0,1220.0,5.483440160751343,0.45981597900390625,5.943256139755249,1210.0,1289.9924385633271
industrial_changeover,2646,530,1,Order1,530,4.71e-05,-0.05694245267659426,1224.0,1218.0,5.378326416015625,0.4231555461883545,5.8014819622039795,1210.0,1289.856603773585
industrial_changeover,2651,531,1,Order1,531,4.7e-05,0.009061230113729835,1275.0,1220.0,5.502381801605225,0.4583003520965576,5.960682153701782,1210.0,1289.7250470809793
industrial_changeover,2656,532,1,Order1,532,4.69e-05,0.044293769635260105,1280.0,1220.0,5.801693677902222,0.46734070777893066,6.269034385681152,1210.0,1289.593984962406
industrial_changeover,2661,533,1,Order1,533,4.68e-05,-0.021051879972219467,1224.0,1220.0,5.539030075073242,0.43326735496520996,5.972297430038452,1210.0,1289.4634146341464
industrial_changeover,2666,534,1,Order1,534,4.67e-05,-0.016856092028319836,1223.0,1220.0,5.430031776428223,0.4328324794769287,5.862864255905151,1210.0,1289.3333333333333
industrial_changeover,2671,535,1,Order1,535,4.66e-05,0.02212336752563715,1256.0,1220.0,5.578155279159546,0.44209861755371094,6.020253896713257,1210.0,1289.203738317757
industrial_changeover,2676,536,1,Order1,536,4.65e-05,0.04129079915583134,1283.0,1220.0,5.558931827545166,0.4439084529876709,6.002840280532837,1210.0,1289.0746268656717
industrial_changeover,2681,537,1,Order1,537,4.6399999999999996e-05,-0.020200720988214016,1227.0,1220.0,5.565680980682373,0.45325541496276855,6.018936395645142,1210.0,1288.9459962756052
industrial_changeover,2686,538,1,Order1,538,4.63e-05,-0.018855012953281403,1230.0,1218.0,5.566389560699463,0.437086820602417,6.00347638130188,1210.0,1288.814126394052
industrial_changeover,2691,539,1,Order1,539,4.62e-05,0.03128862753510475,1256.0,1218.0,5.718217611312866,0.4558851718902588,6.174102783203125,1210.0,1288.682745825603
industrial_changeover,2696,540,1,Order1,540,4.6099999999999996e-05,-0.008778217481449246,1227.0,1220.0,5.455859661102295,0.42964887619018555,5.8855085372924805,1210.0,1288.5555555555557
industrial_changeover,2701,541,1,Order1,541,4.6e-05,0.032967074774205685,1259.0,1220.0,5.395245552062988,0.44127440452575684,5.836519956588745,1210.0,1288.4288354898335
industrial_changeover,2706,542,1,Order1,542,4.59e-05,-0.005057092756032944,1247.0,1220.0,5.3212950229644775,0.4285101890563965,5.749805212020874,1210.0,1288.3025830258302
industrial_changeover,2711,543,1,Order1,543,4.5799999999999995e-05,0.006051021860912442,1224.0,1220.0,5.736312389373779,0.4648118019104004,6.20112419128418,1210.0,1288.1767955801106
industrial_changeover,2716,544,1,Order1,544,4.57e-05,0.019993902649730444,1256.0,1220.0,5.4724531173706055,0.4565248489379883,5.928977966308594,1210.0,1288.0514705882354
industrial_changeover,2721,545,1,Order1,545,4.56e-05,0.009763208916410804,1285.0,1220.0,5.538061618804932,0.4270365238189697,5.965098142623901,1210.0,1287.926605504587
industrial_changeover,2726,546,1,Order1,546,4.55e-05,0.06551954336464405,1280.0,1220.0,5.538062810897827,0.4288065433502197,5.966869354248047,1210.0,1287.8021978021977
industrial_changeover,2731,547,1,Order1,547,4.54e-05,-0.02872705366462469,1224.0,1220.0,5.5362749099731445,0.4323747158050537,5.968649625778198,1210.0,1287.6782449725777
industrial_changeover,2736,548,1,Order1,548,4.5299999999999997e-05,-0.014111215714365244,1224.0,1220.0,5.549721002578735,0.43082284927368164,5.980543851852417,1210.0,1287.5547445255474
industrial_changeover,2741,549,1,Order1,549,4.52e-05,0.007698331493884325,1225.0,1220.0,5.536426305770874,0.43971920013427734,5.976145505905151,1210.0,1287.431693989071
industrial_changeover,2746,550,1,Order1,550,4.51e-05,-0.020568471867591143,1225.0,1220.0,5.517269611358643,0.4316215515136719,5.9488911628723145,1210.0,1287.3090909090909
industrial_changeover,2751,551,1,Order1,551,4.4999999999999996e-05,0.007242292980663478,1241.0,1220.0,5.707719802856445,0.4755384922027588,6.183258295059204,1210.0,1287.186932849365
industrial_changeover,2756,552,1,Order1,552,4.49e-05,-0.011430509621277452,1220.0,1220.0,5.413127183914185,0.454540491104126,5.8676676750183105,1210.0,1287.0652173913043
industrial_changeover,2761,553,1,Order1,553,4.48e-05,0.000595214354689233,1241.0,1220.0,5.454742908477783,0.42874932289123535,5.8834922313690186,1210.0,1286.9439421338157
industrial_changeover,2766,554,1,Order1,554,4.4699999999999996e-05,-0.0024790751631371677,1223.0,1220.0,5.398899555206299,0.42271924018859863,5.8216187953948975,1210.0,1286.8231046931407
industrial_changeover,2771,555,1,Order1,555,4.46e-05,0.01637662248685956,1327.0,1218.0,5.424025297164917,0.43186473846435547,5.8558900356292725,1210.0,1286.6990990990992
industrial_changeover,2776,556,1,Order1,556,4.45e-05,-0.019338547717779875,1218.0,1218.0,5.653783798217773,0.44141125679016113,6.095195055007935,1210.0,1286.5755395683452
industrial_changeover,2781,557,1,Order1,557,4.4399999999999995e-05,0.019145656377077103,1241.0,1218.0,5.397331237792969,0.45096898078918457,5.848300218582153,1210.0,1286.452423698384
industrial_changeover,2786,558,1,Order1,558,4.43e-05,0.005664304015226662,1241.0,1218.0,5.545460939407349,0.4430363178253174,5.988497257232666,1210.0,1286.3297491039427
industrial_changeover,2791,559,1,Order1,559,4.42e-05,-0.011804393958300352,1227.0,1218.0,5.662269592285156,0.4203782081604004,6.082647800445557,1210.0,1286.2075134168158
industrial_changeover,2796,560,1,Order1,560,4.4099999999999995e-05,0.02087166253477335,1278.0,1218.0,5.49176549911499,0.43645238876342773,5.928217887878418,1210.0,1286.0857142857142
industrial_changeover,2801,561,1,Order1,561,4.4e-05,-0.028375263791531324,1218.0,1218.0,5.550148248672485,0.443342924118042,5.993491172790527,1210.0,1285.9643493761141
industrial_changeover,2806,562,1,Order1,562,4.3899999999999996e-05,-0.006820955080911517,1225.0,1218.0,5.674997091293335,0.46535658836364746,6.140353679656982,1210.0,1285.8434163701068
industrial_changeover,2811,563,1,Order1,563,4.3799999999999994e-05,0.02703478466719389,1283.0,1218.0,5.5019850730896,0.42804574966430664,5.930030822753906,1210.0,1285.7229129662521
industrial_changeover,2816,564,1,Order1,564,4.3700000000000005e-05,-0.03000001609325409,1218.0,1218.0,5.519196271896362,0.43532443046569824,5.9545207023620605,1210.0,1285.6028368794325
industrial_changeover,2821,565,1,Order1,565,4.360000000000001e-05,0.03693701513111591,1280.0,1218.0,5.4797327518463135,0.4207141399383545,5.900446891784668,1210.0,1285.483185840708
industrial_changeover,2826,566,1,Order1,566,4.350000000000001e-05,0.051457186229527,1283.0,1218.0,5.412222623825073,0.4385092258453369,5.85073184967041,1210.0,1285.363957597173
industrial_changeover,2831,567,1,Order1,567,4.3400000000000005e-05,-0.03622318897396326,1241.0,1218.0,5.52071475982666,0.48855018615722656,6.009264945983887,1210.0,1285.2451499118165
industrial_changeover,2836,568,1,Order1,568,4.330000000000001e-05,-0.03056805906817317,1241.0,1218.0,5.400653600692749,0.41786694526672363,5.818520545959473,1210.0,1285.1267605633802
industrial_changeover,2841,569,1,Order1,569,4.3200000000000007e-05,0.043529889546334743,1280.0,1218.0,5.417823314666748,0.43236541748046875,5.850188732147217,1210.0,1285.0087873462214
industrial_changeover,2846,570,1,Order1,570,4.3100000000000004e-05,-0.036555223166942596,1247.0,1220.0,5.531087398529053,0.43115949630737305,5.962246894836426,1210.0,1284.8947368421052
industrial_changeover,2851,571,1,Order1,571,4.300000000000001e-05,0.012135773431509733,1247.0,1220.0,5.50736665725708,0.4300525188446045,5.937419176101685,1210.0,1284.7810858143607
industrial_changeover,2856,572,1,Order1,572,4.2900000000000006e-05,0.008409759029746056,1249.0,1220.0,5.5934717655181885,0.4297497272491455,6.023221492767334,1210.0,1284.667832167832
industrial_changeover,2861,573,1,Order1,573,4.2800000000000004e-05,0.0066975937224924564,1259.0,1218.0,5.628755807876587,0.45229196548461914,6.081047773361206,1210.0,1284.5514834205933
industrial_changeover,2866,574,1,Order1,574,4.270000000000001e-05,-0.019305260851979256,1224.0,1218.0,5.715364456176758,0.45198488235473633,6.167349338531494,1210.0,1284.4355400696863
industrial_changeover,2871,575,1,Order1,575,4.2600000000000005e-05,-0.014887603931128979,1225.0,1218.0,5.463889122009277,0.4281339645385742,5.892023086547852,1210.0,1284.32
industrial_changeover,2876,576,1,Order1,576,4.250000000000001e-05,0.00919964537024498,1227.0,1218.0,5.33689022064209,0.43282580375671387,5.769716024398804,1210.0,1284.204861111111
industrial_changeover,2881,577,1,Order1,577,4.240000000000001e-05,0.014224065700545907,1241.0,1218.0,5.4329259395599365,0.4122903347015381,5.845216274261475,1210.0,1284.0901213171578
industrial_changeover,2886,578,1,Order1,578,4.2300000000000005e-05,0.04256015736609697,1283.0,1220.0,5.671355962753296,0.44500303268432617,6.116358995437622,1210.0,1283.9792387543253
industrial_changeover,2891,579,1,Order1,579,4.220000000000001e-05,-0.016515405382961035,1225.0,1220.0,5.770782470703125,0.4735269546508789,6.244309425354004,1210.0,1283.8687392055267
industrial_changeover,2896,580,1,Order1,580,4.210000000000001e-05,-0.0282911229878664,1225.0,1220.0,5.453504323959351,0.4282984733581543,5.881802797317505,1210.0,1283.7586206896551
industrial_changeover,2901,581,1,Order1,581,4.2000000000000004e-05,-0.027412247844040394,1220.0,1220.0,5.466424942016602,0.4192221164703369,5.8856470584869385,1210.0,1283.6488812392427
industrial_changeover,2906,582,1,Order1,582,4.190000000000001e-05,-0.009737608721479774,1225.0,1220.0,5.408430099487305,0.4231405258178711,5.831570625305176,1210.0,1283.5395189003436
industrial_changeover,2911,583,1,Order1,583,4.1800000000000006e-05,-0.014678678009659052,1241.0,1220.0,5.602678298950195,0.4512627124786377,6.053941011428833,1210.0,1283.4305317324186
industrial_changeover,2916,584,1,Order1,584,4.1700000000000004e-05,0.026091158390045166,1259.0,1225.0,5.563402891159058,0.4597136974334717,6.023116588592529,1210.0,1283.3304794520548
industrial_changeover,2921,585,1,Order1,585,4.160000000000001e-05,-0.005852782633155584,1259.0,1225.0,5.545850992202759,0.4463515281677246,5.992202520370483,1210.0,1283.2307692307693
industrial_changeover,2926,586,1,Order1,586,4.1500000000000006e-05,-0.04292313940823078,1225.0,1225.0,5.901056528091431,0.432356595993042,6.333413124084473,1210.0,1283.1313993174062
industrial_changeover,2931,587,1,Order1,587,4.1400000000000003e-05,0.007411783677525818,1259.0,1220.0,5.381763458251953,0.4268460273742676,5.808609485626221,1210.0,1283.0238500851788
industrial_changeover,2936,588,1,Order1,588,4.130000000000001e-05,0.021336998790502548,1259.0,1220.0,5.457138299942017,0.4230067729949951,5.880145072937012,1210.0,1282.9166666666667
industrial_changeover,2941,589,1,Order1,589,4.1200000000000005e-05,0.005063633434474468,1241.0,1218.0,5.2684009075164795,0.42005038261413574,5.688451290130615,1210.0,1282.8064516129032
industrial_changeover,2946,590,1,Order1,590,4.11e-05,-0.019791662227362394,1227.0,1220.0,5.858006000518799,0.4284656047821045,6.286471605300903,1210.0,1282.7
industrial_changeover,2951,591,1,Order1,591,4.100000000000001e-05,0.016642840579152107,1232.0,1218.0,5.393306732177734,0.4522550106048584,5.845561742782593,1210.0,1282.590524534687
industrial_changeover,2956,592,1,Order1,592,4.0900000000000005e-05,-0.015834932681173086,1227.0,1218.0,5.596456527709961,0.436737060546875,6.033193588256836,1210.0,1282.481418918919
industrial_changeover,2961,593,1,Order1,593,4.08e-05,0.03821002785116434,1283.0,1218.0,5.560927152633667,0.4479339122772217,6.008861064910889,1210.0,1282.372681281619
industrial_changeover,2966,594,1,Order1,594,4.070000000000001e-05,-0.02842034911736846,1224.0,1218.0,5.502289533615112,0.44936037063598633,5.951649904251099,1210.0,1282.2643097643097
industrial_changeover,2971,595,1,Order1,595,4.0600000000000004e-05,-0.006972981384024024,1241.0,1218.0,5.688327789306641,0.4574246406555176,6.145752429962158,1210.0,1282.1563025210085
industrial_changeover,2976,596,1,Order1,596,4.05e-05,0.017677538096904755,1256.0,1218.0,5.7265706062316895,0.46166110038757324,6.188231706619263,1210.0,1282.0486577181207
industrial_changeover,2981,597,1,Order1,597,4.0400000000000006e-05,0.026423638220876455,1283.0,1218.0,5.5777058601379395,0.43863749504089355,6.016343355178833,1210.0,1281.9413735343383
industrial_changeover,2986,598,1,Order1,598,4.0300000000000004e-05,-0.0003477033751551062,1247.0,1220.0,5.814056634902954,0.44369006156921387,6.257746696472168,1210.0,1281.8377926421404
industrial_changeover,2991,599,1,Order1,599,4.02e-05,0.051088372245430946,1283.0,1218.0,5.5576581954956055,0.4314424991607666,5.989100694656372,1210.0,1281.7312186978297
industrial_changeover,2996,600,1,Order1,600,4.0100000000000006e-05,0.014002531068399549,1259.0,1218.0,5.605931758880615,0.4124014377593994,6.018333196640015,1210.0,1281.625
industrial_changeover,3001,601,1,Order1,601,4e-05,0.016195774544030428,1259.0,1218.0,5.540239572525024,0.4765024185180664,6.016741991043091,1210.0,1281.5191347753744
industrial_changeover,3006,602,1,Order1,602,3.99e-05,-0.01241285097785294,1241.0,1218.0,5.746413469314575,0.49860310554504395,6.245016574859619,1210.0,1281.4136212624585
industrial_changeover,3011,603,1,Order1,603,3.9800000000000005e-05,0.04388803243637085,1278.0,1220.0,5.525111675262451,0.4330892562866211,5.958200931549072,1210.0,1281.311774461028
industrial_changeover,3016,604,1,Order1,604,3.97e-05,-0.009813468204811215,1224.0,1220.0,5.4759438037872314,0.4506349563598633,5.926578760147095,1210.0,1281.2102649006622
industrial_changeover,3021,605,1,Order1,605,3.960000000000001e-05,0.00012975325080333278,1256.0,1220.0,5.534772157669067,0.42998766899108887,5.964759826660156,1210.0,1281.1090909090908
industrial_changeover,3026,606,1,Order1,606,3.9500000000000005e-05,-0.008102018386125565,1230.0,1220.0,5.503764390945435,0.4324920177459717,5.936256408691406,1210.0,1281.0082508250825
industrial_changeover,3031,607,1,Order1,607,3.94e-05,0.013780661625787616,1259.0,1220.0,5.641466379165649,0.47516894340515137,6.116635322570801,1210.0,1280.9077429983527
industrial_changeover,3036,608,1,Order1,608,3.9300000000000007e-05,0.018255621194839478,1280.0,1220.0,5.5060036182403564,0.45079851150512695,5.956802129745483,1210.0,1280.8075657894738
industrial_changeover,3041,609,1,Order1,609,3.9200000000000004e-05,-0.003651200677268207,1218.0,1220.0,5.664055824279785,0.4302380084991455,6.094293832778931,1210.0,1280.7077175697866
industrial_changeover,3046,610,1,Order1,610,3.91e-05,-0.04874230921268463,1218.0,1220.0,5.5623438358306885,0.4326024055480957,5.994946241378784,1210.0,1280.6081967213115
industrial_changeover,3051,611,1,Order1,611,3.9000000000000006e-05,-0.0054222241742536426,1224.0,1220.0,5.565508842468262,0.42284131050109863,5.98835015296936,1210.0,1280.5090016366612
industrial_changeover,3056,612,1,Order1,612,3.8900000000000004e-05,0.003532849601469934,1256.0,1220.0,5.3639891147613525,0.4141709804534912,5.778160095214844,1210.0,1280.4101307189542
industrial_changeover,3061,613,1,Order1,613,3.88e-05,-0.036071475595235825,1218.0,1218.0,5.624431848526001,0.45055437088012695,6.074986219406128,1210.0,1280.3083197389885
industrial_changeover,3066,614,1,Order1,614,3.8700000000000006e-05,0.003754772827960551,1270.0,1218.0,5.463209867477417,0.4499945640563965,5.9132044315338135,1210.0,1280.2068403908795
industrial_changeover,3071,615,1,Order1,615,3.86e-05,-0.019388819579035044,1218.0,1218.0,5.454777002334595,0.4314277172088623,5.886204719543457,1210.0,1280.1056910569105
industrial_changeover,3076,616,1,Order1,616,3.85e-05,0.0005277946474961936,1227.0,1218.0,5.6341636180877686,0.4518744945526123,6.086038112640381,1210.0,1280.0048701298701
industrial_changeover,3081,617,1,Order1,617,3.8400000000000005e-05,0.0544365243986249,1275.0,1218.0,5.5219597816467285,0.4451780319213867,5.967137813568115,1210.0,1279.904376012966
industrial_changeover,3086,618,1,Order1,618,3.83e-05,0.009893161011859775,1283.0,1218.0,5.764373302459717,0.5011968612670898,6.265570163726807,1210.0,1279.804207119741
industrial_changeover,3091,619,1,Order1,619,3.82e-05,-0.04269134160131216,1218.0,1218.0,5.690765619277954,0.4382812976837158,6.12904691696167,1210.0,1279.7043618739904
industrial_changeover,3096,620,1,Order1,620,3.8100000000000005e-05,0.05584738589823246,1275.0,1218.0,5.696552276611328,0.4369626045227051,6.133514881134033,1210.0,1279.6048387096773
industrial_changeover,3101,621,1,Order1,621,3.8e-05,-0.012489138403907418,1220.0,1218.0,5.686770439147949,0.45975613594055176,6.146526575088501,1210.0,1279.5056360708534
industrial_changeover,3106,622,1,Order1,622,3.79e-05,0.002360127866268158,1227.0,1220.0,5.498006343841553,0.43207764625549316,5.930083990097046,1210.0,1279.4099678456591
industrial_changeover,3111,623,1,Order1,623,3.7800000000000004e-05,0.02878133300691843,1278.0,1220.0,5.393130302429199,0.42666101455688477,5.819791316986084,1210.0,1279.314606741573
industrial_changeover,3116,624,1,Order1,624,3.77e-05,-0.011258590733632445,1223.0,1218.0,5.3998754024505615,0.41975879669189453,5.819634199142456,1210.0,1279.2163461538462
industrial_changeover,3121,625,1,Order1,625,3.76e-05,-0.004306457936763763,1220.0,1218.0,5.673708438873291,0.4537203311920166,6.127428770065308,1210.0,1279.1184
industrial_changeover,3126,626,1,Order1,626,3.7500000000000003e-05,-0.004351445939391851,1225.0,1218.0,9.836063146591187,0.4636557102203369,10.299718856811523,1210.0,1279.020766773163
industrial_changeover,3131,627,1,Order1,627,3.74e-05,0.030488768126815557,1275.0,1218.0,5.4172070026397705,0.47136783599853516,5.888574838638306,1210.0,1278.9234449760766
industrial_changeover,3136,628,1,Order1,628,3.73e-05,-0.017488300800323486,1227.0,1218.0,5.60204005241394,0.45452880859375,6.05656886100769,1210.0,1278.8264331210191
industrial_changeover,3141,629,1,Order1,629,3.72e-05,-0.018266848288476467,1223.0,1218.0,5.5860912799835205,0.4747753143310547,6.060866594314575,1210.0,1278.7297297297298
industrial_changeover,3146,630,1,Order1,630,3.71e-05,0.009880488039925694,1256.0,1218.0,5.498435974121094,0.4357421398162842,5.934178113937378,1210.0,1278.6333333333334
industrial_changeover,3151,631,1,Order1,631,3.7e-05,0.01499913353472948,1252.0,1218.0,5.6301422119140625,0.4510495662689209,6.081191778182983,1210.0,1278.5372424722661
industrial_changeover,3156,632,1,Order1,632,3.69e-05,0.029470146168023348,1283.0,1218.0,5.701029300689697,0.4495372772216797,6.150566577911377,1210.0,1278.4414556962026
industrial_changeover,3161,633,1,Order1,633,3.68e-05,-0.028772890102118254,1225.0,1218.0,5.634678602218628,0.43695783615112305,6.071636438369751,1210.0,1278.345971563981
industrial_changeover,3166,634,1,Order1,634,3.6700000000000004e-05,0.035890000872313976,1275.0,1218.0,5.4653637409210205,0.43622493743896484,5.901588678359985,1210.0,1278.250788643533
industrial_changeover,3171,635,1,Order1,635,3.66e-05,-0.01953833969309926,1222.0,1218.0,5.504728317260742,0.45168161392211914,5.956409931182861,1210.0,1278.155905511811
industrial_changeover,3176,636,1,Order1,636,3.65e-05,-0.023091814946383238,1225.0,1218.0,5.388758659362793,0.4306933879852295,5.8194520473480225,1210.0,1278.061320754717
industrial_changeover,3181,637,1,Order1,637,3.6400000000000004e-05,-0.006110079004429281,1230.0,1218.0,5.5070295333862305,0.4601449966430664,5.967174530029297,1210.0,1277.967032967033
industrial_changeover,3186,638,1,Order1,638,3.63e-05,0.015980873256921768,1256.0,1218.0,5.543480396270752,0.46273112297058105,6.006211519241333,1210.0,1277.873040752351
industrial_changeover,3191,639,1,Order1,639,3.62e-05,-0.011553086806088686,1234.0,1218.0,5.6378254890441895,0.4576864242553711,6.0955119132995605,1210.0,1277.7793427230047
industrial_changeover,3196,640,1,Order1,640,3.61e-05,-0.0005043715209467337,1226.0,1218.0,5.666335582733154,0.44165539741516113,6.107990980148315,1210.0,1277.6859375
industrial_changeover,3201,641,1,Order1,641,3.6e-05,-0.028437896631658077,1223.0,1218.0,5.708177089691162,0.47328925132751465,6.181466341018677,1210.0,1277.5928237129485
industrial_changeover,3206,642,1,Order1,642,3.59e-05,0.014402860309928656,1241.0,1218.0,5.7178754806518555,0.4311347007751465,6.149010181427002,1210.0,1277.5
industrial_changeover,3211,643,1,Order1,643,3.58e-05,-0.015286922454833984,1224.0,1218.0,5.5977935791015625,0.43897175788879395,6.0367653369903564,1210.0,1277.407465007776
industrial_changeover,3216,644,1,Order1,644,3.57e-05,-0.017917719669640064,1218.0,1218.0,5.560663938522339,0.43529629707336426,5.995960235595703,1210.0,1277.3152173913043
industrial_changeover,3221,645,1,Order1,645,3.56e-05,0.033316836692392826,1278.0,1218.0,5.466580629348755,0.4602394104003906,5.9268200397491455,1210.0,1277.2232558139535
industrial_changeover,3226,646,1,Order1,646,3.55e-05,0.042391314171254635,1283.0,1218.0,5.405292272567749,0.4282412528991699,5.833533525466919,1210.0,1277.1315789473683
industrial_changeover,3231,647,1,Order1,647,3.54e-05,0.0126025197096169,1275.0,1218.0,5.377291202545166,0.4247612953186035,5.8020524978637695,1210.0,1277.0401854714064
industrial_changeover,3236,648,1,Order1,648,3.53e-05,0.021459961775690317,1256.0,1218.0,5.634091377258301,0.43660497665405273,6.0706963539123535,1210.0,1276.9490740740741
industrial_changeover,3241,649,1,Order1,649,3.52e-05,0.024506503250449896,1278.0,1218.0,5.572312593460083,0.4620828628540039,6.034395456314087,1210.0,1276.8582434514637
industrial_changeover,3246,650,1,Order1,650,3.51e-05,-0.0022329817875288427,1224.0,1218.0,5.470669507980347,0.43823862075805664,5.908908128738403,1210.0,1276.7676923076924
industrial_changeover,3251,651,1,Order1,651,3.5e-05,0.008947722148150206,1259.0,1218.0,5.6105077266693115,0.44995546340942383,6.060463190078735,1210.0,1276.6774193548388
industrial_changeover,3256,652,1,Order1,652,3.49e-05,-0.024338996037840843,1230.0,1218.0,5.60793399810791,0.44173383712768555,6.049667835235596,1210.0,1276.5874233128834
industrial_changeover,3261,653,1,Order1,653,3.48e-05,0.019335106015205383,1225.0,1218.0,5.611018419265747,0.4458198547363281,6.056838274002075,1210.0,1276.4977029096478
industrial_changeover,3266,654,1,Order1,654,3.4699999999999996e-05,-0.017370582558214664,1225.0,1218.0,5.638220310211182,0.475919246673584,6.114139556884766,1210.0,1276.408256880734
industrial_changeover,3271,655,1,Order1,655,3.46e-05,-0.013352766633033752,1220.0,1218.0,5.663914918899536,0.4431157112121582,6.107030630111694,1210.0,1276.3190839694657
industrial_changeover,3276,656,1,Order1,656,3.45e-05,-0.023369743488729,1225.0,1218.0,5.740494012832642,0.4236934185028076,6.164187431335449,1210.0,1276.2301829268292
industrial_changeover,3281,657,1,Order1,657,3.4399999999999996e-05,0.05260853562504053,1283.0,1218.0,5.598767280578613,0.46192455291748047,6.060691833496094,1210.0,1276.1415525114155
industrial_changeover,3286,658,1,Order1,658,3.43e-05,0.050837770104408264,1284.0,1218.0,5.6511311531066895,0.42345356941223145,6.074584722518921,1210.0,1276.0531914893618
industrial_changeover,3291,659,1,Order1,659,3.42e-05,0.006439435062929988,1230.0,1218.0,5.685912132263184,0.4204528331756592,6.106364965438843,1210.0,1275.9650986342945
industrial_changeover,3296,660,1,Order1,660,3.4099999999999995e-05,0.012530370149761438,1241.0,1218.0,5.583998680114746,0.4866795539855957,6.070678234100342,1210.0,1275.8772727272728
industrial_changeover,3301,661,1,Order1,661,3.4e-05,-0.01324681960977614,1225.0,1218.0,5.771206617355347,0.4379713535308838,6.2091779708862305,1210.0,1275.7897125567322
industrial_changeover,3306,662,1,Order1,662,3.39e-05,0.013954170513898134,1241.0,1218.0,5.538968801498413,0.4370236396789551,5.975992441177368,1210.0,1275.702416918429
industrial_changeover,3311,663,1,Order1,663,3.38e-05,0.007366832462139428,1223.0,1218.0,5.6097471714019775,0.4316699504852295,6.041417121887207,1210.0,1275.6153846153845
industrial_changeover,3316,664,1,Order1,664,3.37e-05,-0.012937503634020686,1224.0,1218.0,5.831815481185913,0.4708132743835449,6.302628755569458,1210.0,1275.5286144578313
industrial_changeover,3321,665,1,Order1,665,3.36e-05,0.042059602215886116,1280.0,1218.0,5.905839443206787,0.45809078216552734,6.3639302253723145,1210.0,1275.4421052631578
industrial_changeover,3326,666,1,Order1,666,3.35e-05,-0.013508252799510956,1224.0,1218.0,5.790563106536865,0.4795083999633789,6.270071506500244,1210.0,1275.355855855856
industrial_changeover,3331,667,1,Order1,667,3.34e-05,-0.013209006283432245,1225.0,1218.0,5.88381290435791,0.47530603408813477,6.359118938446045,1210.0,1275.2698650674663
industrial_changeover,3336,668,1,Order1,668,3.3299999999999996e-05,-0.01619263691827655,1225.0,1218.0,5.5494396686553955,0.460921049118042,6.0103607177734375,1210.0,1275.184131736527
industrial_changeover,3341,669,1,Order1,669,3.32e-05,-0.0036069448105990887,1253.0,1218.0,5.405372142791748,0.4329686164855957,5.838340759277344,1210.0,1275.0986547085201
industrial_changeover,3346,670,1,Order1,670,3.31e-05,0.05787918623536825,1283.0,1218.0,5.4403076171875,0.4179973602294922,5.858304977416992,1210.0,1275.0134328358208
industrial_changeover,3351,671,1,Order1,671,3.2999999999999996e-05,-0.0009170451667159796,1263.0,1218.0,5.7420244216918945,0.4823899269104004,6.224414348602295,1210.0,1274.9284649776453
industrial_changeover,3356,672,1,Order1,672,3.29e-05,-0.007776129525154829,1218.0,1218.0,5.528296232223511,0.45890378952026367,5.987200021743774,1210.0,1274.84375
industrial_changeover,3361,673,1,Order1,673,3.28e-05,0.0011331183486618102,1234.0,1218.0,5.4390709400177,0.42635250091552734,5.8654234409332275,1210.0,1274.7592867756316
industrial_changeover,3366,674,1,Order1,674,3.2699999999999995e-05,-0.028807336930185556,1225.0,1218.0,5.5261454582214355,0.4409475326538086,5.967092990875244,1210.0,1274.6750741839762
industrial_changeover,3371,675,1,Order1,675,3.26e-05,0.037311666645109653,1263.0,1218.0,5.4831297397613525,0.4250051975250244,5.908134937286377,1210.0,1274.591111111111
industrial_changeover,3376,676,1,Order1,676,3.25e-05,-0.011560186510905623,1241.0,1218.0,5.604946136474609,0.453357458114624,6.058303594589233,1210.0,1274.5073964497042
industrial_changeover,3381,677,1,Order1,677,3.2399999999999995e-05,-0.0016434348654001951,1223.0,1218.0,5.546205520629883,0.4438760280609131,5.990081548690796,1210.0,1274.423929098966
industrial_changeover,3386,678,1,Order1,678,3.23e-05,-0.010556904599070549,1230.0,1218.0,5.630350112915039,0.45325279235839844,6.0836029052734375,1210.0,1274.3407079646017
industrial_changeover,3391,679,1,Order1,679,3.22e-05,-0.0170443682000041,1230.0,1218.0,5.768785238265991,0.4308919906616211,6.199677228927612,1210.0,1274.2577319587629
industrial_changeover,3396,680,1,Order1,680,3.2099999999999994e-05,0.0015598864119965583,1224.0,1218.0,5.369408845901489,0.42768144607543945,5.797090291976929,1210.0,1274.175
industrial_changeover,3401,681,1,Order1,681,3.2e-05,0.035792816430330276,1283.0,1256.0,5.456184148788452,0.4284806251525879,5.88466477394104,1210.0,1274.1483113069016
industrial_changeover,3406,682,1,Order1,682,3.1899999999999996e-05,-0.002038466278463602,1225.0,1218.0,5.42462158203125,0.4174814224243164,5.842103004455566,1210.0,1274.065982404692
industrial_changeover,3411,683,1,Order1,683,3.1799999999999994e-05,-0.018176255747675896,1225.0,1218.0,5.727609395980835,0.45812511444091797,6.185734510421753,1210.0,1273.9838945827232
industrial_changeover,3416,684,1,Order1,684,3.17e-05,0.007952039828523993,1234.0,1218.0,5.70130467414856,0.46239137649536133,6.163696050643921,1210.0,1273.9020467836258
industrial_changeover,3421,685,1,Order1,685,3.1599999999999996e-05,0.0038113833870738745,1241.0,1218.0,5.462362766265869,0.4502990245819092,5.912661790847778,1210.0,1273.8204379562044
industrial_changeover,3426,686,1,Order1,686,3.149999999999999e-05,-0.02669912064447999,1218.0,1218.0,5.528811454772949,0.4360332489013672,5.964844703674316,1210.0,1273.7390670553937
industrial_changeover,3431,687,1,Order1,687,3.14e-05,-0.01484530814923346,1223.0,1218.0,5.761500358581543,0.4473259449005127,6.208826303482056,1210.0,1273.6579330422126
industrial_changeover,3436,688,1,Order1,688,3.1299999999999995e-05,0.005943368771113455,1241.0,1218.0,5.635854005813599,0.4521901607513428,6.088044166564941,1210.0,1273.577034883721
industrial_changeover,3441,689,1,Order1,689,3.1200000000000006e-05,0.06111716851592064,1283.0,1218.0,5.599527359008789,0.43741703033447266,6.036944389343262,1210.0,1273.4963715529752
industrial_changeover,3446,690,1,Order1,690,3.1100000000000004e-05,-0.005994449136778712,1225.0,1218.0,5.663895845413208,0.43585824966430664,6.099754095077515,1210.0,1273.4159420289855
industrial_changeover,3451,691,1,Order1,691,3.100000000000001e-05,0.02533899899572134,1278.0,1218.0,5.659316539764404,0.4411158561706543,6.100432395935059,1210.0,1273.3357452966716
industrial_changeover,3456,692,1,Order1,692,3.0900000000000006e-05,0.045133001171052456,1284.0,1218.0,5.3831658363342285,0.45052409172058105,5.83368992805481,1210.0,1273.2557803468208
industrial_changeover,3461,693,1,Order1,693,3.08e-05,-0.02014653291553259,1225.0,1218.0,5.459681272506714,0.4392406940460205,5.898921966552734,1210.0,1273.1760461760462
industrial_changeover,3466,694,1,Order1,694,3.070000000000001e-05,0.0015537248109467328,1230.0,1218.0,5.559062480926514,0.4222698211669922,5.981332302093506,1210.0,1273.0965417867435
industrial_changeover,3471,695,1,Order1,695,3.0600000000000005e-05,-0.02227654866874218,1222.0,1218.0,5.468034982681274,0.42833876609802246,5.896373748779297,1210.0,1273.0172661870504
industrial_changeover,3476,696,1,Order1,696,3.0500000000000006e-05,0.01602557860314846,1220.0,1218.0,5.706770658493042,0.47591066360473633,6.182681322097778,1210.0,1272.9382183908046
industrial_changeover,3481,697,1,Order1,697,3.0400000000000007e-05,0.027472611982375383,1275.0,1218.0,5.3713624477386475,0.4344480037689209,5.805810451507568,1210.0,1272.8593974175035
industrial_changeover,3486,698,1,Order1,698,3.0300000000000005e-05,0.022867551539093256,1256.0,1218.0,5.551390171051025,0.4328486919403076,5.984238862991333,1210.0,1272.7808022922636
industrial_changeover,3491,699,1,Order1,699,3.0200000000000006e-05,0.06258879415690899,1280.0,1218.0,5.573544502258301,0.4568765163421631,6.030421018600464,1210.0,1272.7024320457797
industrial_changeover,3496,700,1,Order1,700,3.0100000000000007e-05,-0.0025795032270252705,1241.0,1218.0,5.601485967636108,0.45813655853271484,6.059622526168823,1210.0,1272.6242857142856
industrial_changeover,3501,701,1,Order1,701,3.0000000000000008e-05,0.031857023015618324,1256.0,1218.0,5.550816059112549,0.44119977951049805,5.992015838623047,1210.0,1272.5463623395149
industrial_changeover,3506,702,1,Order1,702,2.9900000000000005e-05,-0.011600416619330645,1224.0,1218.0,5.745688438415527,0.4406156539916992,6.186304092407227,1210.0,1272.468660968661
industrial_changeover,3511,703,1,Order1,703,2.9800000000000006e-05,-0.018926448188722134,1223.0,1218.0,5.534189224243164,0.4371931552886963,5.97138237953186,1210.0,1272.3911806543385
industrial_changeover,3516,704,1,Order1,704,2.9700000000000007e-05,-0.00339602492749691,1224.0,1218.0,5.4726479053497314,0.42452454566955566,5.897172451019287,1210.0,1272.3139204545455
industrial_changeover,3521,705,1,Order1,705,2.9600000000000005e-05,0.019628879614174366,1241.0,1218.0,5.336208343505859,0.42287230491638184,5.759080648422241,1210.0,1272.2368794326242
industrial_changeover,3526,706,1,Order1,706,2.9500000000000006e-05,-0.011584837920963764,1223.0,1218.0,5.599336385726929,0.45899128913879395,6.058327674865723,1210.0,1272.1600566572238
industrial_changeover,3531,707,1,Order1,707,2.9400000000000007e-05,-0.013306986074894667,1223.0,1218.0,5.960508584976196,0.4440627098083496,6.404571294784546,1210.0,1272.0834512022632
industrial_changeover,3536,708,1,Order1,708,2.9300000000000004e-05,-0.006399448961019516,1227.0,1218.0,5.425034999847412,0.43180322647094727,5.856838226318359,1210.0,1272.0070621468926
industrial_changeover,3541,709,1,Order1,709,2.9200000000000005e-05,0.034771012142300606,1280.0,1218.0,5.384700775146484,0.4302487373352051,5.8149495124816895,1210.0,1271.9308885754583
industrial_changeover,3546,710,1,Order1,710,2.9100000000000006e-05,-0.014437781414017081,1225.0,1218.0,5.481337547302246,0.4495718479156494,5.9309093952178955,1210.0,1271.8549295774649
industrial_changeover,3551,711,1,Order1,711,2.9000000000000004e-05,-0.022997750900685787,1223.0,1218.0,5.613011837005615,0.44231176376342773,6.055323600769043,1210.0,1271.7791842475388
industrial_changeover,3556,712,1,Order1,712,2.8900000000000005e-05,0.005769411684013903,1225.0,1218.0,5.524892568588257,0.4568042755126953,5.981696844100952,1210.0,1271.7036516853932
industrial_changeover,3561,713,1,Order1,713,2.8800000000000005e-05,-0.02527326298877597,1225.0,1218.0,5.570146560668945,0.43558478355407715,6.0057313442230225,1210.0,1271.6283309957923
industrial_changeover,3566,714,1,Order1,714,2.8700000000000003e-05,0.00321077584521845,1230.0,1218.0,5.700406551361084,0.4564054012298584,6.156811952590942,1210.0,1271.5532212885155
industrial_changeover,3571,715,1,Order1,715,2.8600000000000004e-05,-0.0042756046168506145,1232.0,1218.0,5.503659963607788,0.4244256019592285,5.928085565567017,1210.0,1271.4783216783217
industrial_changeover,3576,716,1,Order1,716,2.8500000000000005e-05,0.015849123243242502,1256.0,1218.0,5.5456764698028564,0.42860841751098633,5.974284887313843,1210.0,1271.4036312849162
industrial_changeover,3581,717,1,Order1,717,2.8400000000000006e-05,0.01645901706069708,1259.0,1218.0,5.33378267288208,0.44464635848999023,5.77842903137207,1210.0,1271.329149232915
industrial_changeover,3586,718,1,Order1,718,2.8300000000000003e-05,0.047206057235598564,1280.0,1218.0,5.421618938446045,0.448028564453125,5.86964750289917,1210.0,1271.2548746518105
industrial_changeover,3591,719,1,Order1,719,2.8200000000000004e-05,-0.02923462074249983,1223.0,1218.0,5.577875852584839,0.47925686836242676,6.057132720947266,1210.0,1271.1808066759388
industrial_changeover,3596,720,1,Order1,720,2.8100000000000005e-05,-0.0011478055967018008,1224.0,1218.0,5.461819171905518,0.4397871494293213,5.901606321334839,1210.0,1271.1069444444445
industrial_changeover,3601,721,1,Order1,721,2.8000000000000003e-05,0.08162701688706875,1327.0,1218.0,5.535998821258545,0.43627285957336426,5.972271680831909,1210.0,1271.0332871012483
industrial_changeover,3606,722,1,Order1,722,2.7900000000000004e-05,0.018598534166812897,1280.0,1218.0,5.532233476638794,0.4337780475616455,5.9660115242004395,1210.0,1270.9598337950138
industrial_changeover,3611,723,1,Order1,723,2.7800000000000005e-05,-0.013600253500044346,1225.0,1218.0,5.566427707672119,0.43227624893188477,5.998703956604004,1210.0,1270.886583679115
industrial_changeover,3616,724,1,Order1,724,2.7700000000000002e-05,0.04787681717425585,1283.0,1218.0,5.643603086471558,0.4353611469268799,6.0789642333984375,1210.0,1270.8135359116022
industrial_changeover,3621,725,1,Order1,725,2.7600000000000003e-05,-0.020005826838314533,1223.0,1218.0,5.614900827407837,0.4633471965789795,6.078248023986816,1210.0,1270.7406896551724
industrial_changeover,3626,726,1,Order1,726,2.7500000000000004e-05,0.048022775910794735,1275.0,1218.0,5.917895793914795,0.462604284286499,6.380500078201294,1210.0,1270.668044077135
industrial_changeover,3631,727,1,Order1,727,2.7400000000000002e-05,-0.017760103568434715,1218.0,1218.0,5.4671642780303955,0.4179041385650635,5.885068416595459,1210.0,1270.595598349381
industrial_changeover,3636,728,1,Order1,728,2.7300000000000003e-05,0.03330889716744423,1280.0,1218.0,5.330024480819702,0.4383697509765625,5.768394231796265,1210.0,1270.5233516483515
industrial_changeover,3641,729,1,Order1,729,2.7200000000000004e-05,-0.005689760087989271,1218.0,1218.0,5.324965476989746,0.4119727611541748,5.736938238143921,1210.0,1270.4513031550068
industrial_changeover,3646,730,1,Order1,730,2.7100000000000005e-05,0.054656908847391605,1278.0,1218.0,5.776750802993774,0.4338681697845459,6.21061897277832,1210.0,1270.3794520547945
industrial_changeover,3651,731,1,Order1,731,2.7000000000000002e-05,0.01662735128775239,1275.0,1218.0,5.635032653808594,0.4680204391479492,6.103053092956543,1210.0,1270.3077975376198
industrial_changeover,3656,732,1,Order1,732,2.6900000000000003e-05,-0.006285163457505405,1225.0,1218.0,5.567587375640869,0.4412558078765869,6.008843183517456,1210.0,1270.2363387978141
industrial_changeover,3661,733,1,Order1,733,2.6800000000000004e-05,0.013554946752265096,1259.0,1218.0,5.69084906578064,0.4591999053955078,6.1500489711761475,1210.0,1270.1650750341064
industrial_changeover,3666,734,1,Order1,734,2.6700000000000002e-05,-0.025866070296615362,1218.0,1218.0,5.489105224609375,0.42615604400634766,5.915261268615723,1210.0,1270.0940054495914
industrial_changeover,3671,735,1,Order1,735,2.6600000000000003e-05,0.029359740670770407,1259.0,1218.0,5.729250192642212,0.4511227607727051,6.180372953414917,1210.0,1270.0231292517008
industrial_changeover,3676,736,1,Order1,736,2.6500000000000004e-05,-0.0020581826684065163,1241.0,1218.0,5.550070762634277,0.4680311679840088,6.018101930618286,1210.0,1269.952445652174
industrial_changeover,3681,737,1,Order1,737,2.64e-05,0.003750299452804029,1225.0,1218.0,5.636767387390137,0.4604029655456543,6.097170352935791,1210.0,1269.8819538670284
industrial_changeover,3686,738,1,Order1,738,2.6300000000000002e-05,0.044141268357634544,1283.0,1218.0,5.493351936340332,0.4367823600769043,5.930134296417236,1210.0,1269.8116531165313
industrial_changeover,3691,739,1,Order1,739,2.6200000000000003e-05,0.004539920832030475,1230.0,1218.0,5.436412572860718,0.41875743865966797,5.855170011520386,1210.0,1269.7415426251691
industrial_changeover,3696,740,1,Order1,740,2.61e-05,-0.004571593715809286,1218.0,1218.0,5.418729066848755,0.46390557289123535,5.88263463973999,1210.0,1269.6716216216216
industrial_changeover,3701,741,1,Order1,741,2.6000000000000002e-05,0.0006528754311148077,1241.0,1218.0,5.5058794021606445,0.45338964462280273,5.959269046783447,1210.0,1269.6018893387316
industrial_changeover,3706,742,1,Order1,742,2.5900000000000003e-05,0.008746508741751313,1230.0,1218.0,5.477560758590698,0.4880495071411133,5.9656102657318115,1210.0,1269.5323450134772
industrial_changeover,3711,743,1,Order1,743,2.58e-05,0.009324020007625222,1280.0,1256.0,5.51525616645813,0.4330027103424072,5.948258876800537,1210.0,1269.5141318977119
industrial_changeover,3716,744,1,Order1,744,2.57e-05,0.0020366269163787365,1241.0,1218.0,5.5032958984375,0.429917573928833,5.933213472366333,1210.0,1269.4448924731182
industrial_changeover,3721,745,1,Order1,745,2.5600000000000002e-05,-0.0014209070359356701,1225.0,1218.0,5.536168813705444,0.44089698791503906,5.977065801620483,1210.0,1269.3758389261745
industrial_changeover,3726,746,1,Order1,746,2.5500000000000003e-05,-0.013274812372401357,1227.0,1218.0,5.55598521232605,0.44157910346984863,5.997564315795898,1210.0,1269.3069705093833
industrial_changeover,3731,747,1,Order1,747,2.54e-05,0.010582524817436934,1256.0,1218.0,5.680049419403076,0.45917367935180664,6.139223098754883,1210.0,1269.2382864792503
industrial_changeover,3736,748,1,Order1,748,2.5300000000000002e-05,0.03243791963905096,1275.0,1218.0,5.469540357589722,0.4555065631866455,5.925046920776367,1210.0,1269.1697860962568
industrial_changeover,3741,749,1,Order1,749,2.5200000000000003e-05,0.03665273357182741,1283.0,1218.0,5.705381393432617,0.4358634948730469,6.141244888305664,1210.0,1269.1014686248332
industrial_changeover,3746,750,1,Order1,750,2.51e-05,0.04354705475270748,1278.0,1218.0,5.447916746139526,0.44625163078308105,5.894168376922607,1210.0,1269.0333333333333
industrial_changeover,3751,751,1,Order1,751,2.5e-05,0.03847384545952082,1283.0,1218.0,5.538561105728149,0.43367505073547363,5.972236156463623,1210.0,1268.965379494008
industrial_changeover,3756,752,1,Order1,752,2.4900000000000002e-05,0.01485917647369206,1241.0,1218.0,5.314067602157593,0.41480112075805664,5.728868722915649,1210.0,1268.8976063829787
industrial_changeover,3761,753,1,Order1,753,2.48e-05,-0.023625629022717476,1223.0,1218.0,5.674815893173218,0.4737410545349121,6.14855694770813,1210.0,1268.8300132802124
industrial_changeover,3766,754,1,Order1,754,2.47e-05,-0.03093196777626872,1223.0,1218.0,5.737987995147705,0.4768826961517334,6.2148706912994385,1210.0,1268.762599469496
industrial_changeover,3771,755,1,Order1,755,2.46e-05,0.028312509413808584,1259.0,1218.0,5.410560131072998,0.4369690418243408,5.847529172897339,1210.0,1268.6953642384105
industrial_changeover,3776,756,1,Order1,756,2.45e-05,-0.018741424661129713,1224.0,1218.0,5.686768293380737,0.45304155349731445,6.139809846878052,1210.0,1268.6283068783068
industrial_changeover,3781,757,1,Order1,757,2.44e-05,-0.005263554630801082,1225.0,1218.0,5.548966407775879,0.45647168159484863,6.0054380893707275,1210.0,1268.5614266842801
industrial_changeover,3786,758,1,Order1,758,2.43e-05,0.0061766772996634245,1227.0,1218.0,5.63450813293457,0.46549272537231445,6.100000858306885,1210.0,1268.494722955145
industrial_changeover,3791,759,1,Order1,759,2.4200000000000002e-05,-0.013608437264338136,1218.0,1218.0,5.689515113830566,0.4635343551635742,6.153049468994141,1210.0,1268.4281949934125
industrial_changeover,3796,760,1,Order1,760,2.41e-05,0.005624084384180605,1225.0,1218.0,5.69292688369751,0.45294690132141113,6.145873785018921,1210.0,1268.3618421052631
industrial_changeover,3801,761,1,Order1,761,2.4e-05,0.02921156445518136,1275.0,1218.0,5.750542640686035,0.44512057304382324,6.195663213729858,1210.0,1268.2956636005256
industrial_changeover,3806,762,1,Order1,762,2.39e-05,0.01241264259442687,1241.0,1218.0,5.447025537490845,0.4373514652252197,5.8843770027160645,1210.0,1268.229658792651
industrial_changeover,3811,763,1,Order1,763,2.38e-05,-0.028749323915690184,1223.0,1218.0,5.510195255279541,0.43139052391052246,5.9415857791900635,1210.0,1268.1638269986893
industrial_changeover,3816,764,1,Order1,764,2.37e-05,-0.0038120915414765477,1223.0,1218.0,5.376818418502808,0.41477465629577637,5.791593074798584,1210.0,1268.098167539267
industrial_changeover,3821,765,1,Order1,765,2.36e-05,-0.00949078518897295,1224.0,1218.0,5.6238439083099365,0.4541475772857666,6.077991485595703,1210.0,1268.0326797385621
industrial_changeover,3826,766,1,Order1,766,2.35e-05,0.023064319975674152,1256.0,1218.0,5.695463180541992,0.4482102394104004,6.143673419952393,1210.0,1267.967362924282
industrial_changeover,3831,767,1,Order1,767,2.34e-05,0.06350715272128582,1283.0,1218.0,5.458522319793701,0.4221310615539551,5.880653381347656,1210.0,1267.9022164276403
industrial_changeover,3836,768,1,Order1,768,2.33e-05,-0.008807206759229302,1227.0,1218.0,5.710959196090698,0.4570732116699219,6.16803240776062,1210.0,1267.8372395833333
industrial_changeover,3841,769,1,Order1,769,2.3199999999999998e-05,0.04998678155243397,1275.0,1218.0,5.562875509262085,0.4526381492614746,6.01551365852356,1210.0,1267.7724317295188
industrial_changeover,3846,770,1,Order1,770,2.31e-05,-0.051212381571531296,1220.0,1218.0,5.605608701705933,0.4605250358581543,6.066133737564087,1210.0,1267.7077922077922
industrial_changeover,3851,771,1,Order1,771,2.3e-05,0.012054624268785119,1225.0,1218.0,5.771607398986816,0.4475245475769043,6.219131946563721,1210.0,1267.6433203631648
industrial_changeover,3856,772,1,Order1,772,2.2899999999999998e-05,0.0010696887911763042,1230.0,1218.0,5.66613507270813,0.4654660224914551,6.131601095199585,1210.0,1267.5790155440413
industrial_changeover,3861,773,1,Order1,773,2.28e-05,-0.019799480214715004,1223.0,1218.0,5.468073129653931,0.4330425262451172,5.901115655899048,1210.0,1267.5148771021993
industrial_changeover,3866,774,1,Order1,774,2.27e-05,0.01113259419798851,1230.0,1218.0,5.559412956237793,0.4376070499420166,5.99702000617981,1210.0,1267.4509043927649
industrial_changeover,3871,775,1,Order1,775,2.26e-05,0.06081246770918369,1283.0,1218.0,5.340775489807129,0.4229588508605957,5.763734340667725,1210.0,1267.3870967741937
industrial_changeover,3876,776,1,Order1,776,2.2499999999999998e-05,0.042312479577958584,1283.0,1218.0,5.78551721572876,0.4627206325531006,6.24823784828186,1210.0,1267.3234536082475
industrial_changeover,3881,777,1,Order1,777,2.24e-05,-0.014782215468585491,1224.0,1218.0,5.613402605056763,0.4592099189758301,6.072612524032593,1210.0,1267.2599742599743
industrial_changeover,3886,778,1,Order1,778,2.23e-05,0.012551780790090561,1241.0,1218.0,5.428180456161499,0.4375748634338379,5.865755319595337,1210.0,1267.1966580976864
industrial_changeover,3891,779,1,Order1,779,2.2199999999999998e-05,-0.0032716026762500405,1225.0,1218.0,5.497498035430908,0.43401288986206055,5.931510925292969,1210.0,1267.1335044929397
industrial_changeover,3896,780,1,Order1,780,2.21e-05,-0.010876217391341925,1223.0,1218.0,5.5462377071380615,0.44099855422973633,5.987236261367798,1210.0,1267.070512820513
industrial_changeover,3901,781,1,Order1,781,2.2e-05,-0.02535790903493762,1224.0,1218.0,5.5907886028289795,0.44210314750671387,6.032891750335693,1210.0,1267.0076824583866
industrial_changeover,3906,782,1,Order1,782,2.1899999999999997e-05,-0.014626391930505633,1220.0,1218.0,5.555451393127441,0.4375312328338623,5.992982625961304,1210.0,1266.9450127877237
industrial_changeover,3911,783,1,Order1,783,2.1799999999999998e-05,0.023044473491609097,1259.0,1218.0,5.5538506507873535,0.435302734375,5.9891533851623535,1210.0,1266.882503192848
industrial_changeover,3916,784,1,Order1,784,2.17e-05,-0.0030848794849589467,1223.0,1218.0,5.59200644493103,0.4380204677581787,6.030026912689209,1210.0,1266.8201530612246
industrial_changeover,3921,785,1,Order1,785,2.1599999999999996e-05,-0.022231307812035084,1218.0,1218.0,5.420966386795044,0.4272799491882324,5.848246335983276,1210.0,1266.7579617834394
industrial_changeover,3926,786,1,Order1,786,2.1499999999999997e-05,0.0190962259657681,1241.0,1218.0,5.418917655944824,0.43262624740600586,5.85154390335083,1210.0,1266.6959287531806
industrial_changeover,3931,787,1,Order1,787,2.14e-05,0.0031830559601075947,1241.0,1218.0,5.3182055950164795,0.4248502254486084,5.743055820465088,1210.0,1266.6340533672173
industrial_changeover,3936,788,1,Order1,788,2.13e-05,0.02378737786784768,1259.0,1218.0,5.783979415893555,0.4578726291656494,6.241852045059204,1210.0,1266.5723350253807
industrial_changeover,3941,789,1,Order1,789,2.1199999999999997e-05,-0.004586795344948769,1241.0,1218.0,5.766260385513306,0.48462510108947754,6.250885486602783,1210.0,1266.510773130545
industrial_changeover,3946,790,1,Order1,790,2.1099999999999998e-05,-0.019085632171481848,1218.0,1218.0,5.384451150894165,0.430436372756958,5.814887523651123,1210.0,1266.4493670886077
industrial_changeover,3951,791,1,Order1,791,2.1e-05,-0.015887957997620106,1223.0,1218.0,5.628961563110352,0.44335055351257324,6.072312116622925,1210.0,1266.3881163084702
industrial_changeover,3956,792,1,Order1,792,2.0899999999999996e-05,0.0026379978517070413,1220.0,1218.0,5.624689817428589,0.4351165294647217,6.0598063468933105,1210.0,1266.32702020202
industrial_changeover,3961,793,1,Order1,793,2.0799999999999997e-05,0.047108521685004234,1280.0,1218.0,5.817175388336182,0.450681209564209,6.267856597900391,1210.0,1266.266078184111
industrial_changeover,3966,794,1,Order1,794,2.07e-05,0.023561456240713596,1278.0,1218.0,5.655058860778809,0.4454314708709717,6.10049033164978,1210.0,1266.205289672544
industrial_changeover,3971,795,1,Order1,795,2.0599999999999996e-05,-0.015749039128422737,1241.0,1218.0,5.599706172943115,0.43233513832092285,6.032041311264038,1210.0,1266.1446540880504
industrial_changeover,3976,796,1,Order1,796,2.0499999999999997e-05,-0.0011737020104192197,1218.0,1218.0,5.776270866394043,0.43814969062805176,6.214420557022095,1210.0,1266.0841708542714
industrial_changeover,3981,797,1,Order1,797,2.0399999999999998e-05,-0.02823856845498085,1220.0,1218.0,5.378843069076538,0.4383199214935303,5.817162990570068,1210.0,1266.0238393977415
industrial_changeover,3986,798,1,Order1,798,2.0299999999999995e-05,-0.016091066878288984,1223.0,1218.0,5.423760652542114,0.4251980781555176,5.848958730697632,1210.0,1265.9636591478697
industrial_changeover,3991,799,1,Order1,799,2.0199999999999996e-05,0.017459306865930557,1241.0,1218.0,5.364680528640747,0.42395710945129395,5.788637638092041,1210.0,1265.9036295369212
industrial_changeover,3996,800,1,Order1,800,2.0099999999999997e-05,0.028864718973636627,1275.0,1218.0,5.431143283843994,0.45611095428466797,5.887254238128662,1210.0,1265.84375
industrial_changeover,4001,801,1,Order1,801,1.9999999999999995e-05,0.049845246598124504,1280.0,1218.0,5.707000732421875,0.48381733894348145,6.1908180713653564,1210.0,1265.7840199750312
industrial_changeover,4006,802,1,Order1,802,1.9899999999999996e-05,-0.000938889614189975,1230.0,1218.0,5.511204957962036,0.4325225353240967,5.943727493286133,1210.0,1265.724438902743
industrial_changeover,4011,803,1,Order1,803,1.9799999999999997e-05,-0.017633375246077776,1223.0,1218.0,5.553807497024536,0.4386169910430908,5.992424488067627,1210.0,1265.6650062266501
industrial_changeover,4016,804,1,Order1,804,1.9699999999999998e-05,0.042072868905961514,1280.0,1218.0,5.5421037673950195,0.4421825408935547,5.984286308288574,1210.0,1265.6057213930349
industrial_changeover,4021,805,1,Order1,805,1.9599999999999995e-05,-0.021092564333230257,1218.0,1218.0,5.682065010070801,0.43795204162597656,6.120017051696777,1210.0,1265.5465838509317
industrial_changeover,4026,806,1,Order1,806,1.9499999999999996e-05,0.007321108365431428,1225.0,1218.0,5.525852680206299,0.4234158992767334,5.949268579483032,1210.0,1265.487593052109
industrial_changeover,4031,807,1,Order1,807,1.9399999999999997e-05,0.007544864667579532,1259.0,1218.0,5.6632513999938965,0.45818042755126953,6.121431827545166,1210.0,1265.4287484510533
industrial_changeover,4036,808,1,Order1,808,1.9299999999999995e-05,-0.019417867064476013,1218.0,1218.0,5.4712982177734375,0.4304211139678955,5.901719331741333,1210.0,1265.3700495049504
industrial_changeover,4041,809,1,Order1,809,1.9199999999999996e-05,0.022297996561974287,1241.0,1218.0,5.337162971496582,0.4190959930419922,5.756258964538574,1210.0,1265.3114956736713
industrial_changeover,4046,810,1,Order1,810,1.9099999999999997e-05,0.02743601007387042,1256.0,1218.0,5.376732587814331,0.4192929267883301,5.796025514602661,1210.0,1265.2530864197531
industrial_changeover,4051,811,1,Order1,811,1.8999999999999994e-05,-0.006189385894685984,1225.0,1218.0,5.393923997879028,0.4660916328430176,5.860015630722046,1210.0,1265.1948212083846
industrial_changeover,4056,812,1,Order1,812,1.8899999999999995e-05,-0.00907215615734458,1223.0,1218.0,5.547686815261841,0.46258974075317383,6.010276556015015,1210.0,1265.1366995073893
industrial_changeover,4061,813,1,Order1,813,1.8799999999999996e-05,-0.00874484796077013,1223.0,1218.0,5.466797590255737,0.42052555084228516,5.8873231410980225,1210.0,1265.0787207872079
industrial_changeover,4066,814,1,Order1,814,1.8700000000000007e-05,0.04107931908220053,1259.0,1218.0,5.571908235549927,0.45003676414489746,6.021944999694824,1210.0,1265.0208845208845
industrial_changeover,4071,815,1,Order1,815,1.8600000000000005e-05,-0.027745121624320745,1226.0,1218.0,5.582656621932983,0.450824499130249,6.033481121063232,1210.0,1264.9631901840492
industrial_changeover,4076,816,1,Order1,816,1.8500000000000006e-05,0.0032914961921051145,1223.0,1218.0,5.562600612640381,0.45526766777038574,6.017868280410767,1210.0,1264.9056372549019
industrial_changeover,4081,817,1,Order1,817,1.8400000000000007e-05,0.0006723165570292622,1225.0,1218.0,5.645474195480347,0.46546292304992676,6.110937118530273,1210.0,1264.8482252141982
industrial_changeover,4086,818,1,Order1,818,1.8300000000000004e-05,-0.012410469586029649,1218.0,1218.0,5.563958644866943,0.44562244415283203,6.009581089019775,1210.0,1264.7909535452322
industrial_changeover,4091,819,1,Order1,819,1.8200000000000005e-05,0.019842906389385462,1275.0,1218.0,5.677304267883301,0.45297980308532715,6.130284070968628,1210.0,1264.7338217338217
industrial_changeover,4096,820,1,Order1,820,1.8100000000000006e-05,0.003110312216449529,1241.0,1218.0,5.437355279922485,0.4211735725402832,5.8585288524627686,1210.0,1264.6768292682927
industrial_changeover,4101,821,1,Order1,821,1.8000000000000007e-05,0.054284374229609966,1278.0,1218.0,5.482074737548828,0.42717409133911133,5.9092488288879395,1210.0,1264.619975639464
industrial_changeover,4106,822,1,Order1,822,1.7900000000000005e-05,-0.02350229909643531,1218.0,1218.0,5.348595380783081,0.41725826263427734,5.765853643417358,1210.0,1264.5632603406325
industrial_changeover,4111,823,1,Order1,823,1.7800000000000006e-05,0.046191977337002754,1275.0,1218.0,5.760444402694702,0.457700252532959,6.218144655227661,1210.0,1264.5066828675576
industrial_changeover,4116,824,1,Order1,824,1.7700000000000007e-05,0.032659051939845085,1283.0,1218.0,5.69594144821167,0.45667600631713867,6.152617454528809,1210.0,1264.4502427184466
industrial_changeover,4121,825,1,Order1,825,1.7600000000000004e-05,-0.00786571903154254,1224.0,1218.0,5.468672513961792,0.4363064765930176,5.90497899055481,1210.0,1264.3939393939395
industrial_changeover,4126,826,1,Order1,826,1.7500000000000005e-05,0.05752748530358076,1283.0,1218.0,5.601416826248169,0.44486570358276367,6.046282529830933,1210.0,1264.3377723970943
industrial_changeover,4131,827,1,Order1,827,1.7400000000000006e-05,0.02326184045523405,1256.0,1218.0,5.549256801605225,0.4440433979034424,5.993300199508667,1210.0,1264.2817412333736
industrial_changeover,4136,828,1,Order1,828,1.7300000000000004e-05,-0.013797499937936664,1225.0,1218.0,5.498239278793335,0.4587724208831787,5.957011699676514,1210.0,1264.225845410628
industrial_changeover,4141,829,1,Order1,829,1.7200000000000005e-05,0.030349138658493757,1278.0,1218.0,5.563155651092529,0.4319603443145752,5.9951159954071045,1210.0,1264.1700844390832
industrial_changeover,4146,830,1,Order1,830,1.7100000000000006e-05,-0.028238534461706877,1223.0,1218.0,5.626976490020752,0.4507148265838623,6.077691316604614,1210.0,1264.1144578313254
industrial_changeover,4151,831,1,Order1,831,1.7000000000000003e-05,0.054843053221702576,1283.0,1218.0,5.842928171157837,0.4480435848236084,6.290971755981445,1210.0,1264.0589651022865
industrial_changeover,4156,832,1,Order1,832,1.6900000000000004e-05,-0.014279790921136737,1218.0,1218.0,5.459032773971558,0.4298982620239258,5.888931035995483,1210.0,1264.0036057692307
industrial_changeover,4161,833,1,Order1,833,1.6800000000000005e-05,0.005946635152213275,1241.0,1218.0,5.560489892959595,0.4547245502471924,6.015214443206787,1210.0,1263.9483793517406
industrial_changeover,4166,834,1,Order1,834,1.6700000000000006e-05,0.009102846030145884,1241.0,1218.0,5.445030212402344,0.42996716499328613,5.87499737739563,1210.0,1263.8932853717026
industrial_changeover,4171,835,1,Order1,835,1.6600000000000004e-05,-0.011022692546248436,1223.0,1218.0,5.461452960968018,0.490048885345459,5.951501846313477,1210.0,1263.8383233532934
industrial_changeover,4176,836,1,Order1,836,1.6500000000000005e-05,-0.016586047131568193,1230.0,1218.0,5.7418532371521,0.4798460006713867,6.221699237823486,1210.0,1263.7834928229665
industrial_changeover,4181,837,1,Order1,837,1.6400000000000006e-05,-0.002257060317788273,1218.0,1218.0,5.4553351402282715,0.4635326862335205,5.918867826461792,1210.0,1263.7287933094385
industrial_changeover,4186,838,1,Order1,838,1.6300000000000003e-05,0.0008402385137742385,1227.0,1218.0,5.600129127502441,0.45006752014160156,6.050196647644043,1210.0,1263.6742243436754
industrial_changeover,4191,839,1,Order1,839,1.6200000000000004e-05,-0.000922392908250913,1223.0,1218.0,5.666531324386597,0.46036529541015625,6.126896619796753,1210.0,1263.6197854588795
industrial_changeover,4196,840,1,Order1,840,1.6100000000000005e-05,0.03834318742156029,1275.0,1218.0,5.723922967910767,0.46401071548461914,6.187933683395386,1210.0,1263.5654761904761
industrial_changeover,4201,841,1,Order1,841,1.6000000000000003e-05,-0.01657719910144806,1223.0,1218.0,5.5547239780426025,0.45967864990234375,6.014402627944946,1210.0,1263.5112960760998
industrial_changeover,4206,842,1,Order1,842,1.5900000000000004e-05,0.027351795230060816,1241.0,1218.0,5.687205076217651,0.46902990341186523,6.156234979629517,1210.0,1263.457244655582
industrial_changeover,4211,843,1,Order1,843,1.5800000000000005e-05,0.017390872817486525,1259.0,1218.0,5.670470237731934,0.44314098358154297,6.113611221313477,1210.0,1263.403321470937
industrial_changeover,4216,844,1,Order1,844,1.5700000000000002e-05,0.006996028707362711,1241.0,1218.0,5.3260276317596436,0.428818941116333,5.754846572875977,1210.0,1263.3495260663508
industrial_changeover,4221,845,1,Order1,845,1.5600000000000003e-05,-0.025486492086201906,1225.0,1218.0,5.403822660446167,0.41951537132263184,5.823338031768799,1210.0,1263.2958579881656
industrial_changeover,4226,846,1,Order1,846,1.5500000000000004e-05,0.04940178897231817,1283.0,1218.0,5.346431732177734,0.45523691177368164,5.801668643951416,1210.0,1263.24231678487
industrial_changeover,4231,847,1,Order1,847,1.54e-05,0.015075239352881908,1259.0,1218.0,5.65224552154541,0.4835793972015381,6.135824918746948,1210.0,1263.188902007084
industrial_changeover,4236,848,1,Order1,848,1.5300000000000003e-05,-0.010967359878122807,1225.0,1218.0,5.534665584564209,0.4404778480529785,5.9751434326171875,1210.0,1263.135613207547
industrial_changeover,4241,849,1,Order1,849,1.5200000000000004e-05,0.01770251151174307,1241.0,1218.0,5.440282106399536,0.432586669921875,5.872868776321411,1210.0,1263.0824499411071
industrial_changeover,4246,850,1,Order1,850,1.5100000000000003e-05,-0.0021178608294576406,1227.0,1218.0,5.551948547363281,0.43689441680908203,5.988842964172363,1210.0,1263.0294117647059
industrial_changeover,4251,851,1,Order1,851,1.5000000000000004e-05,-0.007301219855435193,1241.0,1218.0,5.59041690826416,0.46549034118652344,6.055907249450684,1210.0,1262.9764982373679
industrial_changeover,4256,852,1,Order1,852,1.4900000000000003e-05,0.02226728480309248,1256.0,1218.0,5.683502912521362,0.43384861946105957,6.117351531982422,1210.0,1262.923708920188
industrial_changeover,4261,853,1,Order1,853,1.4800000000000002e-05,0.03497529774904251,1278.0,1218.0,5.641972780227661,0.46566033363342285,6.107633113861084,1210.0,1262.8710433763188
industrial_changeover,4266,854,1,Order1,854,1.4700000000000003e-05,-0.029512084554880857,1218.0,1218.0,5.629434585571289,0.44203758239746094,6.07147216796875,1210.0,1262.8185011709602
industrial_changeover,4271,855,1,Order1,855,1.4600000000000003e-05,-0.022637937683612108,1223.0,1218.0,5.495736837387085,0.42192697525024414,5.917663812637329,1210.0,1262.766081871345
industrial_changeover,4276,856,1,Order1,856,1.4500000000000002e-05,-0.0072327167727053165,1220.0,1218.0,5.516332387924194,0.44771289825439453,5.964045286178589,1210.0,1262.713785046729
industrial_changeover,4281,857,1,Order1,857,1.4400000000000003e-05,0.018543239682912827,1256.0,1218.0,5.365478515625,0.4190948009490967,5.784573316574097,1210.0,1262.6616102683781
industrial_changeover,4286,858,1,Order1,858,1.4300000000000002e-05,-0.01748448982834816,1223.0,1218.0,5.634797811508179,0.4703958034515381,6.105193614959717,1210.0,1262.609557109557
industrial_changeover,4291,859,1,Order1,859,1.4200000000000003e-05,-0.01985187502577901,1218.0,1218.0,5.799544811248779,0.467299222946167,6.266844034194946,1210.0,1262.557625145518
industrial_changeover,4296,860,1,Order1,860,1.4100000000000002e-05,-0.010161855956539512,1225.0,1218.0,5.500316619873047,0.45654988288879395,5.956866502761841,1210.0,1262.5058139534883
industrial_changeover,4301,861,1,Order1,861,1.4000000000000001e-05,0.006106980377808213,1227.0,1218.0,5.6563193798065186,0.4280531406402588,6.084372520446777,1210.0,1262.4541231126598
industrial_changeover,4306,862,1,Order1,862,1.3900000000000002e-05,-0.00895986007526517,1223.0,1218.0,5.801649332046509,0.44403505325317383,6.245684385299683,1210.0,1262.4025522041763
industrial_changeover,4311,863,1,Order1,863,1.3800000000000002e-05,-0.02494355896487832,1223.0,1218.0,5.623533248901367,0.44371676445007324,6.06725001335144,1210.0,1262.351100811124
industrial_changeover,4316,864,1,Order1,864,1.3700000000000001e-05,0.04263823851943016,1280.0,1218.0,5.5736870765686035,0.4340977668762207,6.007784843444824,1210.0,1262.2997685185185
industrial_changeover,4321,865,1,Order1,865,1.3600000000000002e-05,-0.02239679591730237,1223.0,1218.0,5.478089332580566,0.4614584445953369,5.939547777175903,1210.0,1262.2485549132948
industrial_changeover,4326,866,1,Order1,866,1.3500000000000001e-05,-0.001696973224170506,1241.0,1218.0,5.667039632797241,0.4698152542114258,6.136854887008667,1210.0,1262.1974595842955
industrial_changeover,4331,867,1,Order1,867,1.3400000000000002e-05,0.021166375372558832,1280.0,1218.0,5.549914360046387,0.4431581497192383,5.993072509765625,1210.0,1262.1464821222607
industrial_changeover,4336,868,1,Order1,868,1.3300000000000001e-05,0.01603795401751995,1256.0,1218.0,5.358548641204834,0.42324066162109375,5.781789302825928,1210.0,1262.0956221198157
industrial_changeover,4341,869,1,Order1,869,1.32e-05,-0.019205682445317507,1223.0,1218.0,5.4236743450164795,0.41710758209228516,5.840781927108765,1210.0,1262.0448791714614
industrial_changeover,4346,870,1,Order1,870,1.3100000000000002e-05,0.0025492782006040215,1241.0,1218.0,5.408274173736572,0.4322042465209961,5.840478420257568,1210.0,1261.9942528735633
industrial_changeover,4351,871,1,Order1,871,1.3000000000000001e-05,0.012221926357597113,1256.0,1218.0,5.462178707122803,0.4589040279388428,5.9210827350616455,1210.0,1261.9437428243398
industrial_changeover,4356,872,1,Order1,872,1.29e-05,0.010881526628509164,1259.0,1218.0,5.487349987030029,0.4325242042541504,5.91987419128418,1210.0,1261.8933486238532
industrial_changeover,4361,873,1,Order1,873,1.2800000000000001e-05,0.029195692855864763,1283.0,1218.0,5.520723819732666,0.4444441795349121,5.965167999267578,1210.0,1261.8430698739978
industrial_changeover,4366,874,1,Order1,874,1.27e-05,-0.03617616090923548,1220.0,1218.0,5.64022970199585,0.45169496536254883,6.091924667358398,1210.0,1261.7929061784896
industrial_changeover,4371,875,1,Order1,875,1.2600000000000001e-05,-0.01638901000842452,1223.0,1218.0,5.851625919342041,0.4615440368652344,6.313169956207275,1210.0,1261.7428571428572
industrial_changeover,4376,876,1,Order1,876,1.25e-05,0.005489217233844101,1224.0,1218.0,5.680415391921997,0.4470858573913574,6.1275012493133545,1210.0,1261.6929223744291
industrial_changeover,4381,877,1,Order1,877,1.24e-05,0.046977464109659195,1280.0,1218.0,5.855821371078491,0.45531201362609863,6.31113338470459,1210.0,1261.643101482326
industrial_changeover,4386,878,1,Order1,878,1.23e-05,-0.01951764803379774,1220.0,1218.0,5.414004564285278,0.4486260414123535,5.862630605697632,1210.0,1261.5933940774487
industrial_changeover,4391,879,1,Order1,879,1.22e-05,0.027140780352056026,1256.0,1218.0,5.493738651275635,0.4410533905029297,5.9347920417785645,1210.0,1261.5437997724687
industrial_changeover,4396,880,1,Order1,880,1.2100000000000001e-05,0.00559781224001199,1256.0,1218.0,5.367626667022705,0.4258449077606201,5.793471574783325,1210.0,1261.4943181818182
industrial_changeover,4401,881,1,Order1,881,1.2e-05,-0.013464313931763172,1225.0,1218.0,5.509757041931152,0.44983458518981934,5.959591627120972,1210.0,1261.44494892168
industrial_changeover,4406,882,1,Order1,882,1.19e-05,0.025948706082999706,1278.0,1218.0,5.672316789627075,0.4717676639556885,6.144084453582764,1210.0,1261.3956916099773
industrial_changeover,4411,883,1,Order1,883,1.18e-05,0.031955476850271225,1278.0,1218.0,5.369452714920044,0.4540879726409912,5.823540687561035,1210.0,1261.3465458663647
industrial_changeover,4416,884,1,Order1,884,1.17e-05,-0.02542712027207017,1218.0,1218.0,5.507623910903931,0.4280669689178467,5.935690879821777,1210.0,1261.2975113122172
industrial_changeover,4421,885,1,Order1,885,1.1599999999999999e-05,-0.006974145770072937,1227.0,1218.0,5.636401653289795,0.4360978603363037,6.072499513626099,1210.0,1261.2485875706216
industrial_changeover,4426,886,1,Order1,886,1.15e-05,-0.008583382936194539,1224.0,1218.0,5.662134170532227,0.4583163261413574,6.120450496673584,1210.0,1261.1997742663657
industrial_changeover,4431,887,1,Order1,887,1.14e-05,-0.005881271907128394,1225.0,1218.0,5.8160789012908936,0.4599587917327881,6.276037693023682,1210.0,1261.1510710259302
industrial_changeover,4436,888,1,Order1,888,1.13e-05,-0.0029690582887269557,1224.0,1218.0,5.827057600021362,0.4348723888397217,6.261929988861084,1210.0,1261.1024774774776
industrial_changeover,4441,889,1,Order1,889,1.12e-05,-0.019346250221133232,1227.0,1218.0,5.757391452789307,0.4814004898071289,6.2387919425964355,1210.0,1261.0539932508436
industrial_changeover,4446,890,1,Order1,890,1.1099999999999999e-05,-0.01727371010929346,1218.0,1218.0,5.506901264190674,0.4135322570800781,5.920433521270752,1210.0,1261.0056179775281
industrial_changeover,4451,891,1,Order1,891,1.1e-05,-0.015289975330233574,1223.0,1218.0,5.356632232666016,0.4266836643218994,5.783315896987915,1210.0,1260.9573512906845
industrial_changeover,4456,892,1,Order1,892,1.0899999999999999e-05,0.0014967045863159,1225.0,1218.0,5.333882808685303,0.437300443649292,5.771183252334595,1210.0,1260.909192825112
industrial_changeover,4461,893,1,Order1,893,1.0799999999999998e-05,0.03136538062244654,1256.0,1218.0,5.585834503173828,0.45572733879089355,6.041561841964722,1210.0,1260.8611422172453
industrial_changeover,4466,894,1,Order1,894,1.07e-05,-0.01943374052643776,1223.0,1218.0,5.578038215637207,0.4529426097869873,6.030980825424194,1210.0,1260.8131991051455
industrial_changeover,4471,895,1,Order1,895,1.0599999999999998e-05,-0.010787306586280465,1225.0,1218.0,5.519621849060059,0.433011531829834,5.952633380889893,1210.0,1260.7653631284916
industrial_changeover,4476,896,1,Order1,896,1.05e-05,0.051499892957508564,1280.0,1218.0,5.701634645462036,0.4424304962158203,6.1440651416778564,1210.0,1260.7176339285713
industrial_changeover,4481,897,1,Order1,897,1.0399999999999999e-05,-0.010517884278669953,1223.0,1218.0,5.535802125930786,0.42919397354125977,5.964996099472046,1210.0,1260.6700111482721
industrial_changeover,4486,898,1,Order1,898,1.0299999999999998e-05,0.0296756774187088,1259.0,1218.0,5.725875616073608,0.47905802726745605,6.2049336433410645,1210.0,1260.6224944320713
industrial_changeover,4491,899,1,Order1,899,1.0199999999999999e-05,0.011540558421984315,1241.0,1218.0,5.871699571609497,0.45452451705932617,6.326224088668823,1210.0,1260.5750834260289
industrial_changeover,4496,900,1,Order1,900,1.0099999999999998e-05,0.021868915762752295,1241.0,1218.0,5.781024932861328,0.448620080947876,6.229645013809204,1210.0,1260.5277777777778
industrial_changeover,4501,901,1,Order1,901,1e-05,-0.007250080234371126,1227.0,1218.0,5.809671640396118,0.4280226230621338,6.237694263458252,1210.0,1260.480577136515
industrial_changeover,4506,902,1,Order1,902,1e-05,0.01732745300978422,1259.0,1218.0,5.4444050788879395,0.43985962867736816,5.884264707565308,1210.0,1260.4334811529934
industrial_changeover,4511,903,1,Order1,903,1e-05,0.004965455154888332,1259.0,1218.0,5.49825382232666,0.42185497283935547,5.920108795166016,1210.0,1260.3864894795126
industrial_changeover,4516,904,1,Order1,904,1e-05,-0.02607016172260046,1220.0,1218.0,5.365147590637207,0.46760058403015137,5.832748174667358,1210.0,1260.3396017699115
industrial_changeover,4521,905,1,Order1,905,1e-05,0.030374606139957905,1275.0,1218.0,5.636616468429565,0.4432084560394287,6.079824924468994,1210.0,1260.292817679558
industrial_changeover,4526,906,1,Order1,906,1e-05,-0.02149243652820587,1218.0,1218.0,5.520626783370972,0.4339406490325928,5.9545674324035645,1210.0,1260.2461368653421
industrial_changeover,4531,907,1,Order1,907,1e-05,0.02416342170909047,1280.0,1218.0,5.54130482673645,0.43516039848327637,5.976465225219727,1210.0,1260.199558985667
industrial_changeover,4536,908,1,Order1,908,1e-05,-0.015887560788542032,1223.0,1218.0,5.4044013023376465,0.4358184337615967,5.840219736099243,1210.0,1260.1530837004404
industrial_changeover,4541,909,1,Order1,909,1e-05,0.041376867331564426,1283.0,1218.0,5.620143413543701,0.4317507743835449,6.051894187927246,1210.0,1260.106710671067
industrial_changeover,4546,910,1,Order1,910,1e-05,0.04280713200569153,1283.0,1218.0,5.635145425796509,0.4852886199951172,6.120434045791626,1210.0,1260.0604395604396
industrial_changeover,4551,911,1,Order1,911,1e-05,-0.0035150510957464576,1225.0,1218.0,5.659465074539185,0.45520615577697754,6.114671230316162,1210.0,1260.0142700329309
industrial_changeover,4556,912,1,Order1,912,1e-05,0.019125505816191435,1256.0,1218.0,5.805684804916382,0.4503042697906494,6.255989074707031,1210.0,1259.968201754386
industrial_changeover,4561,913,1,Order1,913,1e-05,-0.014531759079545736,1225.0,1218.0,5.344492435455322,0.44177746772766113,5.786269903182983,1210.0,1259.922234392114
industrial_changeover,4566,914,1,Order1,914,1e-05,-0.015547315590083599,1220.0,1218.0,5.403311014175415,0.4232792854309082,5.826590299606323,1210.0,1259.8763676148797
industrial_changeover,4571,915,1,Order1,915,1e-05,0.036650680005550385,1275.0,1218.0,5.321849822998047,0.4192490577697754,5.741098880767822,1210.0,1259.8306010928961
industrial_changeover,4576,916,1,Order1,916,1e-05,0.01882035518065095,1259.0,1218.0,5.481061697006226,0.4661247730255127,5.947186470031738,1210.0,1259.7849344978165
industrial_changeover,4581,917,1,Order1,917,1e-05,0.005556619726121426,1256.0,1218.0,5.579925537109375,0.4432668685913086,6.023192405700684,1210.0,1259.7393675027263
industrial_changeover,4586,918,1,Order1,918,1e-05,0.011247916147112846,1241.0,1218.0,5.513407230377197,0.43469905853271484,5.948106288909912,1210.0,1259.693899782135
industrial_changeover,4591,919,1,Order1,919,1e-05,0.0352051667869091,1280.0,1218.0,5.68225359916687,0.43949389457702637,6.1217474937438965,1210.0,1259.6485310119695
industrial_changeover,4596,920,1,Order1,920,1e-05,-0.004708091611973941,1241.0,1218.0,5.439802646636963,0.43356990814208984,5.873372554779053,1210.0,1259.6032608695652
industrial_changeover,4601,921,1,Order1,921,1e-05,0.021461044903844595,1259.0,1218.0,5.6247406005859375,0.4422013759613037,6.066941976547241,1210.0,1259.5580890336591
industrial_changeover,4606,922,1,Order1,922,1e-05,0.008506998419761658,1241.0,1218.0,5.745687484741211,0.4460289478302002,6.191716432571411,1210.0,1259.5130151843819
industrial_changeover,4611,923,1,Order1,923,1e-05,-0.020590702537447214,1220.0,1218.0,5.7393577098846436,0.45122337341308594,6.1905810832977295,1210.0,1259.4680390032502
industrial_changeover,4616,924,1,Order1,924,1e-05,-0.0008228392252931371,1241.0,1218.0,5.772839069366455,0.4781351089477539,6.250974178314209,1210.0,1259.42316017316
industrial_changeover,4621,925,1,Order1,925,1e-05,-0.01311970129609108,1225.0,1218.0,5.478072166442871,0.4473299980163574,5.9254021644592285,1210.0,1259.3783783783783
industrial_changeover,4626,926,1,Order1,926,1e-05,0.05372600816190243,1283.0,1218.0,5.525312423706055,0.43216991424560547,5.95748233795166,1210.0,1259.3336933045357
industrial_changeover,4631,927,1,Order1,927,1e-05,0.019559047650545835,1275.0,1218.0,5.335397958755493,0.417630672454834,5.753028631210327,1210.0,1259.2891046386192
industrial_changeover,4636,928,1,Order1,928,1e-05,-0.02427703980356455,1218.0,1218.0,5.621938943862915,0.4617631435394287,6.083702087402344,1210.0,1259.2446120689656
industrial_changeover,4641,929,1,Order1,929,1e-05,-0.0022258313256315887,1225.0,1218.0,5.67160964012146,0.49477338790893555,6.1663830280303955,1210.0,1259.2002152852529
industrial_changeover,4646,930,1,Order1,930,1e-05,-0.023261139169335365,1223.0,1218.0,5.444528102874756,0.4253053665161133,5.869833469390869,1210.0,1259.1559139784947
industrial_changeover,4651,931,1,Order1,931,1e-05,0.015866443049162626,1259.0,1218.0,5.45093297958374,0.43503594398498535,5.885968923568726,1210.0,1259.1117078410311
industrial_changeover,4656,932,1,Order1,932,1e-05,-0.04168883245438337,1218.0,1218.0,5.50569748878479,0.4371986389160156,5.942896127700806,1210.0,1259.0675965665237
industrial_changeover,4661,933,1,Order1,933,1e-05,0.0179816042073071,1241.0,1218.0,5.517836570739746,0.43724918365478516,5.955085754394531,1210.0,1259.0235798499464
industrial_changeover,4666,934,1,Order1,934,1e-05,0.020189139526337385,1259.0,1218.0,5.584863901138306,0.4353325366973877,6.020196437835693,1210.0,1258.9796573875803
industrial_changeover,4671,935,1,Order1,935,1e-05,-0.019198967143893242,1225.0,1218.0,5.560694217681885,0.429675817489624,5.990370035171509,1210.0,1258.9358288770054
industrial_changeover,4676,936,1,Order1,936,1e-05,-0.01863753702491522,1220.0,1218.0,5.632840156555176,0.43482303619384766,6.067663192749023,1210.0,1258.892094017094
industrial_changeover,4681,937,1,Order1,937,1e-05,-0.01917973393574357,1220.0,1218.0,5.472509860992432,0.4341452121734619,5.9066550731658936,1210.0,1258.8484525080044
industrial_changeover,4686,938,1,Order1,938,1e-05,0.011651416076347232,1230.0,1218.0,5.429842472076416,0.4258749485015869,5.855717420578003,1210.0,1258.8049040511728
industrial_changeover,4691,939,1,Order1,939,1e-05,-0.006427212036214769,1225.0,1218.0,5.445321559906006,0.41905832290649414,5.8643798828125,1210.0,1258.7614483493078
industrial_changeover,4696,940,1,Order1,940,1e-05,-0.02288698684424162,1218.0,1218.0,5.423771142959595,0.44062066078186035,5.864391803741455,1210.0,1258.718085106383
industrial_changeover,4701,941,1,Order1,941,1e-05,0.04838069062680006,1283.0,1218.0,5.535303354263306,0.45144081115722656,5.986744165420532,1210.0,1258.6748140276302
industrial_changeover,4706,942,1,Order1,942,1e-05,-0.02606380870565772,1220.0,1218.0,5.431339979171753,0.42850685119628906,5.859846830368042,1210.0,1258.631634819533
industrial_changeover,4711,943,1,Order1,943,1e-05,0.009765045484527946,1241.0,1218.0,5.68274998664856,0.42908453941345215,6.111834526062012,1210.0,1258.5885471898198
industrial_changeover,4716,944,1,Order1,944,1e-05,-0.021684957668185234,1223.0,1218.0,5.586435317993164,0.46161675453186035,6.048052072525024,1210.0,1258.5455508474577
industrial_changeover,4721,945,1,Order1,945,1e-05,0.03193461149930954,1275.0,1218.0,5.776668071746826,0.460918664932251,6.237586736679077,1210.0,1258.5026455026455
industrial_changeover,4726,946,1,Order1,946,1e-05,0.01669954974204302,1259.0,1218.0,5.6396119594573975,0.44675755500793457,6.086369514465332,1210.0,1258.4598308668076
industrial_changeover,4731,947,1,Order1,947,1e-05,0.0049693918554112315,1241.0,1218.0,5.9317626953125,0.4746065139770508,6.406369209289551,1210.0,1258.417106652587
industrial_changeover,4736,948,1,Order1,948,1e-05,-0.01371475262567401,1223.0,1218.0,5.5533952713012695,0.43643712997436523,5.989832401275635,1210.0,1258.3744725738397
industrial_changeover,4741,949,1,Order1,949,1e-05,-0.01494763046503067,1227.0,1218.0,5.394691467285156,0.42363405227661133,5.818325519561768,1210.0,1258.331928345627
industrial_changeover,4746,950,1,Order1,950,1e-05,0.02038599131628871,1259.0,1218.0,5.368983030319214,0.42185425758361816,5.790837287902832,1210.0,1258.2894736842106
industrial_changeover,4751,951,1,Order1,951,1e-05,0.03628145530819893,1283.0,1218.0,5.7708704471588135,0.4384944438934326,6.209364891052246,1210.0,1258.2471083070452
industrial_changeover,4756,952,1,Order1,952,1e-05,-0.01772351237013936,1224.0,1218.0,5.815290927886963,0.4843275547027588,6.299618482589722,1210.0,1258.204831932773
industrial_changeover,4761,953,1,Order1,953,1e-05,0.0249030077829957,1259.0,1218.0,5.431721925735474,0.4261596202850342,5.857881546020508,1210.0,1258.1626442812171
industrial_changeover,4766,954,1,Order1,954,1e-05,0.022235420532524586,1278.0,1218.0,5.420913934707642,0.42772603034973145,5.848639965057373,1210.0,1258.1205450733753
industrial_changeover,4771,955,1,Order1,955,1e-05,0.03197337035089731,1275.0,1218.0,5.5452916622161865,0.4319791793823242,5.977270841598511,1210.0,1258.0785340314137
industrial_changeover,4776,956,1,Order1,956,1e-05,-0.012508490355685353,1224.0,1218.0,5.6504504680633545,0.4356567859649658,6.08610725402832,1210.0,1258.0366108786611
industrial_changeover,4781,957,1,Order1,957,1e-05,-0.023055323865264654,1218.0,1218.0,5.636466026306152,0.43823742866516113,6.0747034549713135,1210.0,1257.994775339603
industrial_changeover,4786,958,1,Order1,958,1e-05,-0.012859122827649117,1225.0,1218.0,5.683932065963745,0.45786428451538086,6.141796350479126,1210.0,1257.9530271398748
industrial_changeover,4791,959,1,Order1,959,1e-05,-0.02766349632292986,1218.0,1218.0,5.893163442611694,0.43318676948547363,6.326350212097168,1210.0,1257.9113660062565
industrial_changeover,4796,960,1,Order1,960,1e-05,0.05283382814377546,1278.0,1218.0,5.420596599578857,0.43517017364501953,5.855766773223877,1210.0,1257.8697916666667
industrial_changeover,4801,961,1,Order1,961,1e-05,-0.0255334647372365,1241.0,1218.0,5.426235914230347,0.43409299850463867,5.860328912734985,1210.0,1257.828303850156
industrial_changeover,4806,962,1,Order1,962,1e-05,0.02974335290491581,1280.0,1218.0,5.406998157501221,0.42779111862182617,5.834789276123047,1210.0,1257.7869022869022
industrial_changeover,4811,963,1,Order1,963,1e-05,0.028731529135257006,1256.0,1218.0,5.558433532714844,0.4702916145324707,6.0287251472473145,1210.0,1257.7455867082035
industrial_changeover,4816,964,1,Order1,964,1e-05,-0.025657844729721546,1225.0,1218.0,5.768449544906616,0.4803318977355957,6.248781442642212,1210.0,1257.704356846473
industrial_changeover,4821,965,1,Order1,965,1e-05,0.016136452089995146,1241.0,1218.0,5.482040882110596,0.4408833980560303,5.922924280166626,1210.0,1257.6632124352332
industrial_changeover,4826,966,1,Order1,966,1e-05,-0.023848246783018112,1220.0,1218.0,5.7388176918029785,0.45101261138916016,6.189830303192139,1210.0,1257.6221532091097
industrial_changeover,4831,967,1,Order1,967,1e-05,-0.009882365120574832,1220.0,1218.0,5.67316460609436,0.4571807384490967,6.130345344543457,1210.0,1257.5811789038262
industrial_changeover,4836,968,1,Order1,968,1e-05,0.04437677841633558,1280.0,1218.0,5.707795858383179,0.4447510242462158,6.1525468826293945,1210.0,1257.5402892561983
industrial_changeover,4841,969,1,Order1,969,1e-05,0.02736614877358079,1275.0,1218.0,5.656251430511475,0.44152235984802246,6.097773790359497,1210.0,1257.499484004128
industrial_changeover,4846,970,1,Order1,970,1e-05,-0.011594823328778148,1224.0,1218.0,5.712796449661255,0.42665934562683105,6.139455795288086,1210.0,1257.458762886598
industrial_changeover,4851,971,1,Order1,971,1e-05,0.0010397965961601585,1241.0,1218.0,5.809786081314087,0.45937299728393555,6.2691590785980225,1210.0,1257.4181256436664
industrial_changeover,4856,972,1,Order1,972,1e-05,-0.018564486410468817,1218.0,1218.0,5.464320421218872,0.4249722957611084,5.8892927169799805,1210.0,1257.3775720164608
industrial_changeover,4861,973,1,Order1,973,1e-05,-0.004194817855022848,1218.0,1218.0,5.429202079772949,0.4267005920410156,5.855902671813965,1210.0,1257.3371017471736
industrial_changeover,4866,974,1,Order1,974,1e-05,0.050024340860545635,1278.0,1218.0,5.548171758651733,0.4374206066131592,5.985592365264893,1210.0,1257.2967145790553
industrial_changeover,4871,975,1,Order1,975,1e-05,0.022556590382009745,1256.0,1218.0,5.523891448974609,0.45810365676879883,5.981995105743408,1210.0,1257.2564102564102
industrial_changeover,4876,976,1,Order1,976,1e-05,0.012425113935023546,1259.0,1218.0,5.436534404754639,0.4520149230957031,5.888549327850342,1210.0,1257.21618852459
industrial_changeover,4881,977,1,Order1,977,1e-05,-0.016857780050486326,1218.0,1218.0,5.475194931030273,0.4384334087371826,5.913628339767456,1210.0,1257.1760491299897
industrial_changeover,4886,978,1,Order1,978,1e-05,-0.004323584260419011,1225.0,1218.0,5.51824688911438,0.44390249252319336,5.962149381637573,1210.0,1257.135991820041
industrial_changeover,4891,979,1,Order1,979,1e-05,0.033262766897678375,1259.0,1218.0,5.563039064407349,0.4391951560974121,6.002234220504761,1210.0,1257.0960163432073
industrial_changeover,4896,980,1,Order1,980,1e-05,-0.018798555713146925,1225.0,1218.0,5.660440683364868,0.44925522804260254,6.109695911407471,1210.0,1257.0561224489795
industrial_changeover,4901,981,1,Order1,981,1e-05,0.03383670188486576,1259.0,1218.0,5.643768310546875,0.4277162551879883,6.071484565734863,1210.0,1257.0163098878695
industrial_changeover,4906,982,1,Order1,982,1e-05,0.03558842930942774,1278.0,1218.0,5.525467395782471,0.4333305358886719,5.958797931671143,1210.0,1256.9765784114054
industrial_changeover,4911,983,1,Order1,983,1e-05,-0.016015037894248962,1227.0,1218.0,5.499661207199097,0.44223523139953613,5.941896438598633,1210.0,1256.9369277721262
industrial_changeover,4916,984,1,Order1,984,1e-05,0.03115439647808671,1259.0,1218.0,5.454373121261597,0.4399271011352539,5.894300222396851,1210.0,1256.8973577235772
industrial_changeover,4921,985,1,Order1,985,1e-05,-0.024874026887118816,1220.0,1218.0,5.321793556213379,0.41703319549560547,5.738826751708984,1210.0,1256.8578680203045
industrial_changeover,4926,986,1,Order1,986,1e-05,0.007616992690600455,1259.0,1218.0,5.811583757400513,0.4366903305053711,6.248274087905884,1210.0,1256.8184584178498
industrial_changeover,4931,987,1,Order1,987,1e-05,0.011944704689085484,1256.0,1218.0,5.673784255981445,0.477832555770874,6.151616811752319,1210.0,1256.7791286727456
industrial_changeover,4936,988,1,Order1,988,1e-05,0.0020131689379923046,1241.0,1218.0,5.532474517822266,0.4322516918182373,5.964726209640503,1210.0,1256.73987854251
industrial_changeover,4941,989,1,Order1,989,1e-05,-0.018018775153905153,1218.0,1218.0,5.5494704246521,0.4491751194000244,5.998645544052124,1210.0,1256.700707785642
industrial_changeover,4946,990,1,Order1,990,1e-05,0.014970403164625168,1259.0,1218.0,5.4705305099487305,0.4339892864227295,5.90451979637146,1210.0,1256.6616161616162
industrial_changeover,4951,991,1,Order1,991,1e-05,0.006368404952809215,1230.0,1218.0,5.669086217880249,0.44635653495788574,6.115442752838135,1210.0,1256.622603430878
industrial_changeover,4956,992,1,Order1,992,1e-05,-0.007339435978792608,1218.0,1218.0,5.615043640136719,0.44475507736206055,6.059798717498779,1210.0,1256.5836693548388
industrial_changeover,4961,993,1,Order1,993,1e-05,-0.01138000562787056,1218.0,1218.0,5.7547547817230225,0.42292356491088867,6.177678346633911,1210.0,1256.5448136958712
industrial_changeover,4966,994,1,Order1,994,1e-05,0.03917510621249676,1275.0,1218.0,5.786799430847168,0.436352014541626,6.223151445388794,1210.0,1256.5060362173037
industrial_changeover,4971,995,1,Order1,995,1e-05,-0.022178866900503635,1223.0,1218.0,5.534383296966553,0.42502713203430176,5.9594104290008545,1210.0,1256.467336683417
industrial_changeover,4976,996,1,Order1,996,1e-05,0.03879493661224842,1275.0,1218.0,5.471654415130615,0.42824244499206543,5.899896860122681,1210.0,1256.4287148594378
industrial_changeover,4981,997,1,Order1,997,1e-05,0.02084609493613243,1259.0,1218.0,5.392016172409058,0.4167966842651367,5.808812856674194,1210.0,1256.3901705115345
industrial_changeover,4986,998,1,Order1,998,1e-05,-0.006670068250969052,1230.0,1218.0,5.7456605434417725,0.4282710552215576,6.17393159866333,1210.0,1256.3517034068136
industrial_changeover,4991,999,1,Order1,999,1e-05,-0.019115209579467773,1225.0,1218.0,5.46713924407959,0.46680617332458496,5.933945417404175,1210.0,1256.3133133133133
industrial_changeover,4996,1000,1,Order1,1000,1e-05,0.047749522142112255,1280.0,1218.0,5.499791860580444,0.42386507987976074,5.923656940460205,1210.0,1256.275
