variant_name,epoch,round_id,round_pos,instance_id,instance_occurrence,lr,train_loss,train_rollout_cmax,current_objective,train_time_sec,eval_time_sec,cycle_time_sec,running_cb,running_ca
industrial_changeover,2,1,2,Order2,1,9.998e-05,0.5084760338068008,1400.0,1330.0,8.123157501220703,0.4399573802947998,8.563114881515503,1330.0,1330.0
industrial_changeover,7,2,2,Order2,2,9.988000000000001e-05,-0.0689012948423624,1188.0,1330.0,13.260319948196411,1.0144538879394531,14.274773836135864,1330.0,1330.0
industrial_changeover,12,3,2,Order2,3,9.978000000000001e-05,0.0969937052577734,1308.0,1407.0,13.37820839881897,1.0489189624786377,14.427127361297607,1330.0,1355.6666666666667
industrial_changeover,17,4,2,Order2,4,9.968000000000001e-05,-0.021507750265300274,1205.0,1353.0,13.358903884887695,1.0206639766693115,14.379567861557007,1330.0,1355.0
industrial_changeover,22,5,2,Order2,5,9.958e-05,0.05243605840951204,1260.0,1379.0,13.45777940750122,1.016050100326538,14.473829507827759,1330.0,1359.8
industrial_changeover,27,6,2,Order2,6,9.948e-05,0.04877292737364769,1234.0,1353.0,13.345406770706177,1.0257065296173096,14.371113300323486,1330.0,1358.6666666666667
industrial_changeover,32,7,2,Order2,7,9.938e-05,0.07796010747551918,1352.0,1225.0,13.477453231811523,1.0143189430236816,14.491772174835205,1225.0,1339.5714285714287
industrial_changeover,37,8,2,Order2,8,9.928000000000001e-05,-0.03441033139824867,1205.0,1225.0,13.487015008926392,1.0222530364990234,14.509268045425415,1225.0,1325.25
industrial_changeover,42,9,2,Order2,9,9.918000000000001e-05,-0.002785884775221348,1201.0,1294.0,13.39182448387146,1.0149354934692383,14.406759977340698,1225.0,1321.7777777777778
industrial_changeover,47,10,2,Order2,10,9.908000000000001e-05,0.07105251587927341,1288.0,1173.0,13.286566734313965,1.0529704093933105,14.339537143707275,1173.0,1306.9
industrial_changeover,52,11,2,Order2,11,9.898e-05,0.14860917255282402,1353.0,1261.0,13.514543533325195,1.0129828453063965,14.527526378631592,1173.0,1302.7272727272727
industrial_changeover,57,12,2,Order2,12,9.888e-05,-0.011757881147786975,1172.0,1178.0,13.441126585006714,1.024406909942627,14.46553349494934,1173.0,1292.3333333333333
industrial_changeover,62,13,2,Order2,13,9.878e-05,0.053645032458007336,1295.0,1178.0,13.377387762069702,1.0174560546875,14.394843816757202,1173.0,1283.5384615384614
industrial_changeover,67,14,2,Order2,14,9.868000000000001e-05,-0.06355576496571302,1211.0,1261.0,14.124866724014282,1.0859463214874268,15.210813045501709,1173.0,1281.9285714285713
industrial_changeover,72,15,2,Order2,15,9.858000000000001e-05,0.0005712700076401234,1234.0,1225.0,15.189993381500244,1.092341423034668,16.282334804534912,1173.0,1278.1333333333334
industrial_changeover,77,16,2,Order2,16,9.848e-05,-0.030947654973715544,1173.0,1249.0,13.387008666992188,1.0858354568481445,14.472844123840332,1173.0,1276.3125
industrial_changeover,82,17,2,Order2,17,9.838e-05,0.012126455083489418,1308.0,1337.0,13.72026777267456,1.0355405807495117,14.755808353424072,1173.0,1279.8823529411766
industrial_changeover,87,18,2,Order2,18,9.828e-05,0.17193004861474037,1413.0,1337.0,14.090819835662842,1.0302162170410156,15.121036052703857,1173.0,1283.0555555555557
industrial_changeover,92,19,2,Order2,19,9.818000000000001e-05,0.02792246313765645,1288.0,1337.0,15.523688077926636,1.062047004699707,16.585735082626343,1173.0,1285.8947368421052
industrial_changeover,97,20,2,Order2,20,9.808000000000001e-05,-0.016593716572970152,1225.0,1337.0,13.914544582366943,1.0469133853912354,14.961457967758179,1173.0,1288.45
industrial_changeover,102,21,2,Order2,21,9.798000000000001e-05,0.04467298183590174,1296.0,1337.0,13.543063163757324,1.0633189678192139,14.606382131576538,1173.0,1290.7619047619048
industrial_changeover,107,22,2,Order2,22,9.788e-05,-0.04389391839504242,1177.0,1337.0,13.79410433769226,1.0555076599121094,14.84961199760437,1173.0,1292.8636363636363
industrial_changeover,112,23,2,Order2,23,9.778e-05,0.05497350823134184,1305.0,1337.0,13.504042625427246,1.051764726638794,14.55580735206604,1173.0,1294.7826086956522
industrial_changeover,117,24,2,Order2,24,9.768e-05,-0.006064451648853719,1205.0,1337.0,13.40739393234253,1.0205857753753662,14.427979707717896,1173.0,1296.5416666666667
industrial_changeover,122,25,2,Order2,25,9.758000000000001e-05,-0.026731309946626425,1209.0,1337.0,13.636470556259155,1.0492994785308838,14.685770034790039,1173.0,1298.16
industrial_changeover,127,26,2,Order2,26,9.748000000000001e-05,-0.07245692983269691,1208.0,1337.0,13.614431142807007,1.097334623336792,14.711765766143799,1173.0,1299.6538461538462
industrial_changeover,132,27,2,Order2,27,9.738e-05,0.047864096239209175,1295.0,1337.0,13.584683179855347,1.0237221717834473,14.608405351638794,1173.0,1301.037037037037
industrial_changeover,137,28,2,Order2,28,9.728e-05,0.03307061828672886,1290.0,1337.0,13.658922910690308,1.0685317516326904,14.727454662322998,1173.0,1302.3214285714287
industrial_changeover,142,29,2,Order2,29,9.718e-05,0.06173623912036419,1353.0,1354.0,13.591660499572754,1.0362577438354492,14.627918243408203,1173.0,1304.103448275862
industrial_changeover,147,30,2,Order2,30,9.708e-05,9.949922969099134e-05,1188.0,1337.0,13.591453552246094,1.0887300968170166,14.68018364906311,1173.0,1305.2
industrial_changeover,152,31,2,Order2,31,9.698000000000001e-05,-0.1045988854020834,1177.0,1337.0,13.772853136062622,1.066936731338501,14.839789867401123,1173.0,1306.225806451613
industrial_changeover,157,32,2,Order2,32,9.688000000000001e-05,0.013959991047158837,1192.0,1341.0,13.683571100234985,1.0844178199768066,14.767988920211792,1173.0,1307.3125
industrial_changeover,162,33,2,Order2,33,9.678e-05,0.06157649867236614,1386.0,1337.0,13.35926866531372,1.0287222862243652,14.387990951538086,1173.0,1308.2121212121212
industrial_changeover,167,34,2,Order2,34,9.668e-05,0.007080618874169886,1260.0,1337.0,13.71895456314087,1.026808261871338,14.745762825012207,1173.0,1309.0588235294117
industrial_changeover,172,35,2,Order2,35,9.658e-05,0.09308683313429356,1425.0,1337.0,13.393895864486694,1.0243937969207764,14.41828966140747,1173.0,1309.857142857143
industrial_changeover,177,36,2,Order2,36,9.648e-05,0.04932403564453125,1288.0,1337.0,13.380275249481201,1.0173544883728027,14.397629737854004,1173.0,1310.611111111111
industrial_changeover,182,37,2,Order2,37,9.638000000000001e-05,-0.10691249184310436,1177.0,1341.0,13.508459568023682,1.061352014541626,14.569811582565308,1173.0,1311.4324324324325
industrial_changeover,187,38,2,Order2,38,9.628e-05,-0.07559226639568806,1173.0,1383.0,13.477960586547852,1.0183241367340088,14.49628472328186,1173.0,1313.3157894736842
industrial_changeover,192,39,2,Order2,39,9.618e-05,-0.002863418310880661,1202.0,1383.0,13.64298152923584,1.0478215217590332,14.690803050994873,1173.0,1315.1025641025642
industrial_changeover,197,40,2,Order2,40,9.608e-05,0.051558288745582104,1278.0,1383.0,13.650404214859009,1.0061109066009521,14.656515121459961,1173.0,1316.8
industrial_changeover,202,41,2,Order2,41,9.598e-05,-0.0030603352352045476,1183.0,1383.0,14.07900357246399,1.0369019508361816,15.115905523300171,1173.0,1318.4146341463415
industrial_changeover,207,42,2,Order2,42,9.588e-05,-0.02492365427315235,1205.0,1383.0,14.05147123336792,1.0386865139007568,15.090157747268677,1173.0,1319.952380952381
industrial_changeover,212,43,2,Order2,43,9.578000000000001e-05,-0.08477910421788692,1197.0,1383.0,13.593408346176147,1.0697791576385498,14.663187503814697,1173.0,1321.4186046511627
industrial_changeover,217,44,2,Order2,44,9.568e-05,0.14335818588733673,1353.0,1383.0,13.665780544281006,1.1119587421417236,14.77773928642273,1173.0,1322.8181818181818
industrial_changeover,222,45,2,Order2,45,9.558e-05,0.20691924169659615,1446.0,1383.0,13.76784873008728,1.058302879333496,14.826151609420776,1173.0,1324.1555555555556
industrial_changeover,227,46,2,Order2,46,9.548e-05,-0.0901913233101368,1172.0,1383.0,13.653788328170776,1.0512259006500244,14.7050142288208,1173.0,1325.4347826086957
industrial_changeover,232,47,2,Order2,47,9.538e-05,-0.10449180565774441,1172.0,1383.0,13.50138807296753,1.0339879989624023,14.535376071929932,1173.0,1326.659574468085
industrial_changeover,237,48,2,Order2,48,9.528000000000001e-05,0.09317580983042717,1350.0,1383.0,13.582089900970459,1.0409927368164062,14.623082637786865,1173.0,1327.8333333333333
industrial_changeover,242,49,2,Order2,49,9.518000000000001e-05,-0.0008527838508598506,1204.0,1341.0,13.373461961746216,1.029876947402954,14.40333890914917,1173.0,1328.1020408163265
industrial_changeover,247,50,2,Order2,50,9.508e-05,-0.00821864535100758,1201.0,1341.0,13.29123330116272,1.0545790195465088,14.345812320709229,1173.0,1328.36
industrial_changeover,252,51,2,Order2,51,9.498e-05,0.027115597389638424,1366.0,1341.0,13.465236186981201,1.049250841140747,14.514487028121948,1173.0,1328.6078431372548
industrial_changeover,257,52,2,Order2,52,9.488e-05,-0.01042344979941845,1195.0,1341.0,13.284762144088745,1.014604091644287,14.299366235733032,1173.0,1328.8461538461538
industrial_changeover,262,53,2,Order2,53,9.478e-05,0.05311529245227575,1370.0,1341.0,13.951553344726562,1.0531632900238037,15.004716634750366,1173.0,1329.0754716981132
industrial_changeover,267,54,2,Order2,54,9.468000000000001e-05,0.16734935343265533,1353.0,1341.0,13.77083420753479,1.0366849899291992,14.80751919746399,1173.0,1329.2962962962963
industrial_changeover,272,55,2,Order2,55,9.458e-05,0.15937326475977898,1425.0,1341.0,13.505522966384888,1.0192055702209473,14.524728536605835,1173.0,1329.509090909091
industrial_changeover,277,56,2,Order2,56,9.448e-05,-0.06583114713430405,1201.0,1341.0,13.668157577514648,1.0406150817871094,14.708772659301758,1173.0,1329.7142857142858
industrial_changeover,282,57,2,Order2,57,9.438e-05,0.0722806490957737,1445.0,1341.0,13.584226608276367,1.0373382568359375,14.621564865112305,1173.0,1329.9122807017543
industrial_changeover,287,58,2,Order2,58,9.428e-05,0.002390177804045379,1205.0,1366.0,13.473409414291382,1.060422420501709,14.53383183479309,1173.0,1330.5344827586207
industrial_changeover,292,59,2,Order2,59,9.418e-05,-0.04263732023537159,1189.0,1366.0,13.584281921386719,1.0295259952545166,14.613807916641235,1173.0,1331.135593220339
industrial_changeover,297,60,2,Order2,60,9.408000000000001e-05,0.11906732060015202,1364.0,1366.0,13.859111309051514,1.0552260875701904,14.914337396621704,1173.0,1331.7166666666667
industrial_changeover,302,61,2,Order2,61,9.398e-05,0.14685632288455963,1442.0,1366.0,13.551952600479126,1.0235581398010254,14.575510740280151,1173.0,1332.27868852459
industrial_changeover,307,62,2,Order2,62,9.388e-05,0.014730972005054355,1225.0,1341.0,13.44505763053894,1.0328998565673828,14.477957487106323,1173.0,1332.4193548387098
industrial_changeover,312,63,2,Order2,63,9.378e-05,0.08974455669522285,1353.0,1366.0,13.503065586090088,1.0763201713562012,14.579385757446289,1173.0,1332.952380952381
industrial_changeover,317,64,2,Order2,64,9.368e-05,0.0068576098419725895,1256.0,1366.0,13.810767650604248,1.0324456691741943,14.843213319778442,1173.0,1333.46875
industrial_changeover,322,65,2,Order2,65,9.358e-05,0.02995026484131813,1266.0,1366.0,13.41464900970459,1.015213966369629,14.429862976074219,1173.0,1333.9692307692308
industrial_changeover,327,66,2,Order2,66,9.348e-05,0.05417829658836126,1261.0,1366.0,13.741610527038574,1.0493242740631104,14.790934801101685,1173.0,1334.4545454545455
industrial_changeover,332,67,2,Order2,67,9.338e-05,0.038025232031941414,1327.0,1366.0,13.657292366027832,1.0341529846191406,14.691445350646973,1173.0,1334.9253731343283
industrial_changeover,337,68,2,Order2,68,9.328e-05,0.005193371674977243,1310.0,1366.0,13.522226333618164,1.0273525714874268,14.54957890510559,1173.0,1335.3823529411766
industrial_changeover,342,69,2,Order2,69,9.318e-05,-0.037591591477394104,1175.0,1381.0,13.530760526657104,1.034395694732666,14.56515622138977,1173.0,1336.0434782608695
industrial_changeover,347,70,2,Order2,70,9.308e-05,0.04783432278782129,1310.0,1381.0,13.97159481048584,1.0684621334075928,15.040056943893433,1173.0,1336.6857142857143
industrial_changeover,352,71,2,Order2,71,9.298e-05,-0.013975938316434622,1200.0,1331.0,13.471849918365479,1.0507049560546875,14.522554874420166,1173.0,1336.605633802817
industrial_changeover,357,72,2,Order2,72,9.288e-05,-0.008549058344215155,1285.0,1331.0,13.763853073120117,1.0257210731506348,14.789574146270752,1173.0,1336.5277777777778
industrial_changeover,362,73,2,Order2,73,9.278e-05,0.05141281150281429,1288.0,1331.0,13.497896671295166,1.0407793521881104,14.538676023483276,1173.0,1336.4520547945206
industrial_changeover,367,74,2,Order2,74,9.268e-05,-0.03697817865759134,1228.0,1331.0,13.356223583221436,1.0799474716186523,14.436171054840088,1173.0,1336.3783783783783
industrial_changeover,372,75,2,Order2,75,9.258e-05,0.05482231825590134,1191.0,1331.0,13.58234429359436,1.0761518478393555,14.658496141433716,1173.0,1336.3066666666666
industrial_changeover,377,76,2,Order2,76,9.248e-05,0.003987051313742995,1259.0,1347.0,13.853393077850342,1.0447304248809814,14.898123502731323,1173.0,1336.4473684210527
industrial_changeover,382,77,2,Order2,77,9.238e-05,0.009306882973760366,1177.0,1326.0,13.415199041366577,1.0291156768798828,14.44431471824646,1173.0,1336.3116883116884
industrial_changeover,387,78,2,Order2,78,9.228e-05,-0.026313492562621832,1225.0,1326.0,13.633699417114258,1.0667273998260498,14.700426816940308,1173.0,1336.179487179487
industrial_changeover,392,79,2,Order2,79,9.218e-05,0.09918970428407192,1377.0,1258.0,13.574573993682861,1.0409634113311768,14.615537405014038,1173.0,1335.1898734177216
industrial_changeover,397,80,2,Order2,80,9.208e-05,0.10336483642458916,1387.0,1347.0,13.549942970275879,1.052128791809082,14.602071762084961,1173.0,1335.3375
industrial_changeover,402,81,2,Order2,81,9.198e-05,-0.02307506138458848,1205.0,1258.0,13.795997619628906,1.1022703647613525,14.898267984390259,1173.0,1334.3827160493827
industrial_changeover,407,82,2,Order2,82,9.188000000000001e-05,0.005997130065225065,1213.0,1336.0,13.568885326385498,1.0453531742095947,14.614238500595093,1173.0,1334.4024390243903
industrial_changeover,412,83,2,Order2,83,9.178e-05,-0.0660489872097969,1200.0,1258.0,13.730899095535278,1.0477828979492188,14.778681993484497,1173.0,1333.4819277108434
industrial_changeover,417,84,2,Order2,84,9.168000000000002e-05,-0.0009235467878170311,1201.0,1331.0,13.602651357650757,1.0413053035736084,14.643956661224365,1173.0,1333.452380952381
industrial_changeover,422,85,2,Order2,85,9.158e-05,0.04932859539985657,1308.0,1331.0,13.599552631378174,1.0798213481903076,14.679373979568481,1173.0,1333.4235294117648
industrial_changeover,427,86,2,Order2,86,9.148000000000001e-05,0.026325968094170094,1177.0,1291.0,13.616893291473389,1.0240962505340576,14.640989542007446,1173.0,1332.9302325581396
industrial_changeover,432,87,2,Order2,87,9.138e-05,0.0183957745321095,1417.0,1291.0,13.677077054977417,1.0493481159210205,14.726425170898438,1173.0,1332.448275862069
industrial_changeover,437,88,2,Order2,88,9.128000000000001e-05,0.03303758706897497,1190.0,1258.0,13.595595598220825,1.0349650382995605,14.630560636520386,1173.0,1331.6022727272727
industrial_changeover,442,89,2,Order2,89,9.118e-05,-0.02898872783407569,1335.0,1258.0,13.578278064727783,1.0227251052856445,14.601003170013428,1173.0,1330.7752808988764
industrial_changeover,447,90,2,Order2,90,9.108000000000002e-05,0.08712470345199108,1288.0,1292.0,13.616858959197998,1.0292937755584717,14.64615273475647,1173.0,1330.3444444444444
industrial_changeover,452,91,2,Order2,91,9.098e-05,0.11742389015853405,1411.0,1291.0,13.686830997467041,1.0588302612304688,14.74566125869751,1173.0,1329.9120879120878
industrial_changeover,457,92,2,Order2,92,9.088000000000001e-05,0.03027508780360222,1295.0,1300.0,13.835840940475464,1.0238978862762451,14.859738826751709,1173.0,1329.5869565217392
industrial_changeover,462,93,2,Order2,93,9.078e-05,0.03202819358557463,1190.0,1300.0,13.653800249099731,1.052408218383789,14.70620846748352,1173.0,1329.268817204301
industrial_changeover,467,94,2,Order2,94,9.068e-05,-0.012946402421221137,1331.0,1300.0,13.496054887771606,1.0608007907867432,14.55685567855835,1173.0,1328.9574468085107
industrial_changeover,472,95,2,Order2,95,9.058e-05,-0.05996779352426529,1141.0,1300.0,13.403566837310791,1.0549118518829346,14.458478689193726,1173.0,1328.6526315789474
industrial_changeover,477,96,2,Order2,96,9.048000000000001e-05,0.05005593132227659,1357.0,1300.0,13.482694864273071,1.052586317062378,14.53528118133545,1173.0,1328.3541666666667
industrial_changeover,482,97,2,Order2,97,9.038000000000001e-05,-0.08209410682320595,1157.0,1208.0,13.692526817321777,1.062833309173584,14.755360126495361,1173.0,1327.1134020618556
industrial_changeover,487,98,2,Order2,98,9.028000000000001e-05,-0.07455416396260262,1195.0,1209.0,13.739763259887695,1.0650768280029297,14.804840087890625,1173.0,1325.908163265306
industrial_changeover,492,99,2,Order2,99,9.018000000000001e-05,0.051732541993260384,1296.0,1210.0,13.463182926177979,1.0331857204437256,14.496368646621704,1173.0,1324.7373737373737
industrial_changeover,497,100,2,Order2,100,9.008e-05,0.08434685319662094,1270.0,1209.0,13.676952362060547,1.0472850799560547,14.724237442016602,1173.0,1323.58
industrial_changeover,502,101,2,Order2,101,8.998e-05,-0.03413999918848276,1210.0,1210.0,13.616199731826782,1.0898246765136719,14.706024408340454,1173.0,1322.4554455445545
industrial_changeover,507,102,2,Order2,102,8.988000000000001e-05,-0.0677034892141819,1156.0,1210.0,13.949201822280884,1.0599205493927002,15.009122371673584,1173.0,1321.3529411764705
industrial_changeover,512,103,2,Order2,103,8.978000000000001e-05,0.04607223626226187,1308.0,1210.0,13.568105936050415,1.0355985164642334,14.603704452514648,1173.0,1320.2718446601941
industrial_changeover,517,104,2,Order2,104,8.968000000000001e-05,0.16941697895526886,1413.0,1224.0,13.594971656799316,1.0494961738586426,14.644467830657959,1173.0,1319.3461538461538
industrial_changeover,522,105,2,Order2,105,8.958e-05,-0.06869954243302345,1174.0,1178.0,13.927926778793335,1.0319063663482666,14.959833145141602,1173.0,1318.0
industrial_changeover,527,106,2,Order2,106,8.948e-05,0.07542623206973076,1327.0,1178.0,13.546538591384888,1.0339066982269287,14.580445289611816,1173.0,1316.6792452830189
industrial_changeover,532,107,2,Order2,107,8.938e-05,-0.03399134334176779,1202.0,1225.0,13.785095930099487,1.045158863067627,14.830254793167114,1173.0,1315.822429906542
industrial_changeover,537,108,2,Order2,108,8.928000000000001e-05,0.0019493979052640498,1186.0,1209.0,13.495464563369751,1.026634693145752,14.522099256515503,1173.0,1314.8333333333333
industrial_changeover,542,109,2,Order2,109,8.918000000000001e-05,0.06279080361127853,1359.0,1209.0,13.62229585647583,1.0445318222045898,14.66682767868042,1173.0,1313.8623853211009
industrial_changeover,547,110,2,Order2,110,8.908000000000001e-05,-0.04236385691910982,1174.0,1209.0,13.628944635391235,1.0391271114349365,14.668071746826172,1173.0,1312.909090909091
industrial_changeover,552,111,2,Order2,111,8.898e-05,-0.027703008148819208,1141.0,1208.0,13.569109439849854,1.0698726177215576,14.638982057571411,1173.0,1311.963963963964
industrial_changeover,557,112,2,Order2,112,8.888e-05,0.011330154724419117,1173.0,1208.0,13.466772317886353,1.0270123481750488,14.493784666061401,1173.0,1311.0357142857142
industrial_changeover,562,113,2,Order2,113,8.878000000000001e-05,-0.022960639093071222,1221.0,1190.0,13.500298023223877,1.0994760990142822,14.59977412223816,1173.0,1309.9646017699115
industrial_changeover,567,114,2,Order2,114,8.868000000000001e-05,0.021792303305119276,1173.0,1191.0,13.308231592178345,1.019310712814331,14.327542304992676,1173.0,1308.921052631579
industrial_changeover,572,115,2,Order2,115,8.858000000000001e-05,-0.03555635455995798,1169.0,1191.0,13.766667127609253,1.0281789302825928,14.794846057891846,1173.0,1307.895652173913
industrial_changeover,577,116,2,Order2,116,8.848e-05,-0.0666141677647829,1191.0,1191.0,13.525115966796875,1.0217595100402832,14.546875476837158,1173.0,1306.8879310344828
industrial_changeover,582,117,2,Order2,117,8.838e-05,0.08653313107788563,1266.0,1191.0,13.443289518356323,1.027505874633789,14.470795392990112,1173.0,1305.8974358974358
industrial_changeover,587,118,2,Order2,118,8.828e-05,-0.038196283392608166,1177.0,1191.0,13.426630973815918,1.0254054069519043,14.452036380767822,1173.0,1304.9237288135594
industrial_changeover,592,119,2,Order2,119,8.818000000000001e-05,-0.004620443913154304,1173.0,1191.0,13.411266326904297,1.0151264667510986,14.426392793655396,1173.0,1303.9663865546217
industrial_changeover,597,120,2,Order2,120,8.808000000000001e-05,0.010639293352141976,1215.0,1191.0,13.433266401290894,1.033433198928833,14.466699600219727,1173.0,1303.025
industrial_changeover,602,121,2,Order2,121,8.798000000000001e-05,0.0877201035618782,1295.0,1191.0,13.360859394073486,1.0536556243896484,14.414515018463135,1173.0,1302.099173553719
industrial_changeover,607,122,2,Order2,122,8.788e-05,0.009932559682056308,1308.0,1213.0,13.385646343231201,1.020538568496704,14.406184911727905,1173.0,1301.3688524590164
industrial_changeover,612,123,2,Order2,123,8.778e-05,0.13472001999616623,1355.0,1210.0,13.541102647781372,1.0370516777038574,14.57815432548523,1173.0,1300.6260162601627
industrial_changeover,617,124,2,Order2,124,8.768e-05,0.0843290165066719,1223.0,1254.0,13.29567551612854,1.028667688369751,14.324343204498291,1173.0,1300.25
industrial_changeover,622,125,2,Order2,125,8.758000000000001e-05,0.07237539626657963,1353.0,1213.0,13.479115724563599,1.0300695896148682,14.509185314178467,1173.0,1299.552
industrial_changeover,627,126,2,Order2,126,8.748000000000001e-05,0.016366292256861925,1209.0,1213.0,13.512482166290283,1.0220046043395996,14.534486770629883,1173.0,1298.8650793650793
industrial_changeover,632,127,2,Order2,127,8.738000000000001e-05,-0.005062293610535562,1199.0,1213.0,13.350584745407104,0.9459295272827148,14.29651427268982,1173.0,1298.1889763779527
industrial_changeover,637,128,2,Order2,128,8.728e-05,-0.03256944566965103,1225.0,1210.0,13.404007911682129,1.028085708618164,14.432093620300293,1173.0,1297.5
industrial_changeover,642,129,2,Order2,129,8.718e-05,-0.03393333684653044,1185.0,1254.0,13.400774478912354,1.027470588684082,14.428245067596436,1173.0,1297.1627906976744
industrial_changeover,647,130,2,Order2,130,8.708e-05,-0.08139982260763645,1172.0,1254.0,13.368866205215454,1.032954216003418,14.401820421218872,1173.0,1296.8307692307692
industrial_changeover,652,131,2,Order2,131,8.698000000000001e-05,0.045867553912103176,1209.0,1254.0,13.346964120864868,1.0282652378082275,14.375229358673096,1173.0,1296.503816793893
industrial_changeover,657,132,2,Order2,132,8.688000000000001e-05,0.009167595766484737,1209.0,1254.0,13.463995456695557,1.027764081954956,14.491759538650513,1173.0,1296.1818181818182
industrial_changeover,662,133,2,Order2,133,8.678e-05,0.01739201182499528,1191.0,1254.0,13.392321348190308,1.0120453834533691,14.404366731643677,1173.0,1295.8646616541353
industrial_changeover,667,134,2,Order2,134,8.668e-05,0.06126335635781288,1366.0,1213.0,13.282758951187134,1.0245614051818848,14.307320356369019,1173.0,1295.2462686567164
industrial_changeover,672,135,2,Order2,135,8.658e-05,0.11257955618202686,1353.0,1213.0,13.532148122787476,1.0200421810150146,14.55219030380249,1173.0,1294.637037037037
industrial_changeover,677,136,2,Order2,136,8.648e-05,0.007584002218209207,1188.0,1213.0,13.444608449935913,1.0195438861846924,14.464152336120605,1173.0,1294.0367647058824
industrial_changeover,682,137,2,Order2,137,8.638000000000001e-05,-0.02694209013134241,1201.0,1210.0,13.44983434677124,1.0175228118896484,14.467357158660889,1173.0,1293.4233576642337
industrial_changeover,687,138,2,Order2,138,8.628000000000001e-05,0.08078097924590111,1270.0,1210.0,13.421056509017944,1.0209877490997314,14.442044258117676,1173.0,1292.8188405797102
industrial_changeover,692,139,2,Order2,139,8.618e-05,0.10119751654565334,1332.0,1213.0,13.475714206695557,1.0385167598724365,14.514230966567993,1173.0,1292.2446043165467
industrial_changeover,697,140,2,Order2,140,8.608e-05,-0.013314451090991497,1261.0,1213.0,13.44672703742981,1.0134541988372803,14.46018123626709,1173.0,1291.6785714285713
industrial_changeover,702,141,2,Order2,141,8.598e-05,0.03706513810902834,1241.0,1213.0,13.335955381393433,1.0325069427490234,14.368462324142456,1173.0,1291.1205673758866
industrial_changeover,707,142,2,Order2,142,8.588000000000001e-05,-0.06896812096238136,1137.0,1213.0,13.552655935287476,1.0847973823547363,14.637453317642212,1173.0,1290.5704225352113
industrial_changeover,712,143,2,Order2,143,8.578000000000001e-05,0.021935068536549807,1208.0,1213.0,13.353667736053467,1.0325191020965576,14.386186838150024,1173.0,1290.027972027972
industrial_changeover,717,144,2,Order2,144,8.568e-05,0.015158348018303514,1209.0,1213.0,13.42711615562439,1.0324838161468506,14.45959997177124,1173.0,1289.4930555555557
industrial_changeover,722,145,2,Order2,145,8.558e-05,0.012178002391010523,1175.0,1213.0,13.451354026794434,1.0182945728302002,14.469648599624634,1173.0,1288.9655172413793
industrial_changeover,727,146,2,Order2,146,8.548e-05,-0.018807542510330677,1173.0,1213.0,13.284169673919678,1.0278208255767822,14.31199049949646,1173.0,1288.445205479452
industrial_changeover,732,147,2,Order2,147,8.538e-05,0.003865886537823826,1205.0,1210.0,13.487035512924194,1.0185253620147705,14.505560874938965,1173.0,1287.9115646258504
industrial_changeover,737,148,2,Order2,148,8.528000000000001e-05,-0.0509790163487196,1189.0,1210.0,13.43981146812439,1.0225615501403809,14.46237301826477,1173.0,1287.3851351351352
industrial_changeover,742,149,2,Order2,149,8.518000000000001e-05,0.027507593389600515,1187.0,1213.0,13.291115522384644,1.0247397422790527,14.315855264663696,1173.0,1286.8859060402685
industrial_changeover,747,150,2,Order2,150,8.508e-05,-0.04211087804287672,1173.0,1210.0,13.50935697555542,1.0207688808441162,14.530125856399536,1173.0,1286.3733333333332
industrial_changeover,752,151,2,Order2,151,8.498e-05,0.07315684668719769,1231.0,1210.0,13.479774713516235,1.0302727222442627,14.510047435760498,1173.0,1285.867549668874
industrial_changeover,757,152,2,Order2,152,8.488e-05,0.08626343309879303,1308.0,1210.0,13.263156652450562,1.016160488128662,14.279317140579224,1173.0,1285.3684210526317
industrial_changeover,762,153,2,Order2,153,8.478e-05,0.025029936339706182,1308.0,1210.0,13.363136053085327,1.034081220626831,14.397217273712158,1173.0,1284.875816993464
industrial_changeover,767,154,2,Order2,154,8.468000000000001e-05,0.10644678585231304,1331.0,1210.0,13.255652666091919,1.037320613861084,14.292973279953003,1173.0,1284.3896103896104
industrial_changeover,772,155,2,Order2,155,8.458e-05,-0.007943323580548167,1183.0,1210.0,13.46174144744873,1.03328537940979,14.49502682685852,1173.0,1283.909677419355
industrial_changeover,777,156,2,Order2,156,8.448e-05,-0.05756677687168121,1176.0,1210.0,13.339743852615356,1.0274107456207275,14.367154598236084,1173.0,1283.4358974358975
industrial_changeover,782,157,2,Order2,157,8.438e-05,0.17379717156291008,1425.0,1210.0,13.331064462661743,1.0301713943481445,14.361235857009888,1173.0,1282.968152866242
industrial_changeover,787,158,2,Order2,158,8.428e-05,0.16455095633864403,1353.0,1210.0,13.598642587661743,1.036794900894165,14.635437488555908,1173.0,1282.506329113924
industrial_changeover,792,159,2,Order2,159,8.418e-05,-0.06611531600356102,1156.0,1210.0,13.265920639038086,1.0187535285949707,14.284674167633057,1173.0,1282.0503144654087
industrial_changeover,797,160,2,Order2,160,8.408000000000001e-05,0.04006630927324295,1308.0,1210.0,13.372517585754395,1.0263586044311523,14.398876190185547,1173.0,1281.6
industrial_changeover,802,161,2,Order2,161,8.398e-05,0.12957707047462463,1289.0,1210.0,13.508235692977905,1.0223915576934814,14.530627250671387,1173.0,1281.1552795031057
industrial_changeover,807,162,2,Order2,162,8.388e-05,0.04265117831528187,1286.0,1213.0,13.35912799835205,1.0151033401489258,14.374231338500977,1173.0,1280.7345679012346
industrial_changeover,812,163,2,Order2,163,8.378e-05,-0.07496271841228008,1161.0,1213.0,13.464783191680908,1.0267384052276611,14.49152159690857,1173.0,1280.3190184049079
industrial_changeover,817,164,2,Order2,164,8.368e-05,-0.0383435282856226,1178.0,1213.0,13.336467027664185,1.0237395763397217,14.360206604003906,1173.0,1279.908536585366
industrial_changeover,822,165,2,Order2,165,8.358e-05,-0.04809779766947031,1184.0,1213.0,13.311094760894775,1.0660762786865234,14.377171039581299,1173.0,1279.5030303030303
industrial_changeover,827,166,2,Order2,166,8.348000000000001e-05,-0.010074663674458861,1210.0,1213.0,13.337132930755615,1.0240638256072998,14.361196756362915,1173.0,1279.1024096385543
industrial_changeover,832,167,2,Order2,167,8.338e-05,0.04423078801482916,1301.0,1213.0,13.48521375656128,1.0184352397918701,14.50364899635315,1173.0,1278.7065868263473
industrial_changeover,837,168,2,Order2,168,8.328e-05,0.14582259207963943,1354.0,1213.0,13.315192461013794,1.029768943786621,14.344961404800415,1173.0,1278.3154761904761
industrial_changeover,842,169,2,Order2,169,8.318e-05,-7.183259003795683e-05,1172.0,1213.0,13.524113416671753,1.0255603790283203,14.549673795700073,1173.0,1277.9289940828403
industrial_changeover,847,170,2,Order2,170,8.308e-05,0.03317531757056713,1336.0,1213.0,13.317378759384155,1.026390790939331,14.343769550323486,1173.0,1277.5470588235294
industrial_changeover,852,171,2,Order2,171,8.298000000000001e-05,-0.009571379981935024,1177.0,1213.0,13.345727443695068,1.0150458812713623,14.36077332496643,1173.0,1277.169590643275
industrial_changeover,857,172,2,Order2,172,8.288e-05,-0.04656245466321707,1173.0,1213.0,13.4269380569458,1.0285253524780273,14.455463409423828,1173.0,1276.796511627907
industrial_changeover,862,173,2,Order2,173,8.278e-05,0.014955032151192427,1176.0,1213.0,13.421020269393921,1.0211420059204102,14.442162275314331,1173.0,1276.4277456647399
industrial_changeover,867,174,2,Order2,174,8.268e-05,1.219959813170135e-05,1308.0,1210.0,13.406616687774658,1.0174341201782227,14.42405080795288,1173.0,1276.0459770114942
industrial_changeover,872,175,2,Order2,175,8.258e-05,0.025101303588598967,1190.0,1210.0,13.406420469284058,1.0160887241363525,14.42250919342041,1173.0,1275.6685714285713
industrial_changeover,877,176,2,Order2,176,8.248e-05,0.01024908060207963,1206.0,1213.0,13.450584650039673,1.0323445796966553,14.482929229736328,1173.0,1275.3125
industrial_changeover,882,177,2,Order2,177,8.238000000000001e-05,-0.1183843445032835,1184.0,1213.0,13.426544666290283,1.0852274894714355,14.511772155761719,1173.0,1274.9604519774011
industrial_changeover,887,178,2,Order2,178,8.228e-05,0.041338722221553326,1183.0,1213.0,13.398345708847046,1.0584352016448975,14.456780910491943,1173.0,1274.612359550562
industrial_changeover,892,179,2,Order2,179,8.218e-05,0.11560267023742199,1417.0,1213.0,13.253786563873291,1.0367543697357178,14.290540933609009,1173.0,1274.268156424581
industrial_changeover,897,180,2,Order2,180,8.208e-05,0.11753793433308601,1299.0,1213.0,13.347578287124634,1.0367915630340576,14.384369850158691,1173.0,1273.9277777777777
industrial_changeover,902,181,2,Order2,181,8.198e-05,0.043964059092104435,1308.0,1213.0,13.207528352737427,1.0168671607971191,14.224395513534546,1173.0,1273.5911602209944
industrial_changeover,907,182,2,Order2,182,8.188e-05,-0.00554417644161731,1194.0,1213.0,13.34061861038208,1.0288045406341553,14.369423151016235,1173.0,1273.2582417582419
industrial_changeover,912,183,2,Order2,183,8.178e-05,0.006114504300057888,1234.0,1213.0,13.352532625198364,1.0210089683532715,14.373541593551636,1173.0,1272.9289617486338
industrial_changeover,917,184,2,Order2,184,8.168e-05,0.03651654999703169,1212.0,1213.0,13.409290313720703,1.030465841293335,14.439756155014038,1173.0,1272.6032608695652
industrial_changeover,922,185,2,Order2,185,8.158e-05,0.036608061753213406,1295.0,1213.0,13.418031454086304,1.0184154510498047,14.436446905136108,1173.0,1272.281081081081
industrial_changeover,927,186,2,Order2,186,8.148e-05,0.082405561581254,1335.0,1213.0,13.426217317581177,1.0478506088256836,14.47406792640686,1173.0,1271.9623655913979
industrial_changeover,932,187,2,Order2,187,8.138e-05,0.021214013919234276,1210.0,1213.0,13.315623998641968,1.0848720073699951,14.400496006011963,1173.0,1271.6470588235295
industrial_changeover,937,188,2,Order2,188,8.128e-05,0.04523901641368866,1224.0,1213.0,13.62819790840149,1.0248920917510986,14.653090000152588,1173.0,1271.3351063829787
industrial_changeover,942,189,2,Order2,189,8.118e-05,-0.0003245112602598965,1285.0,1213.0,13.28229832649231,1.0265440940856934,14.308842420578003,1173.0,1271.026455026455
industrial_changeover,947,190,2,Order2,190,8.108e-05,0.022060560528188944,1175.0,1213.0,13.373409271240234,1.016918420791626,14.39032769203186,1173.0,1270.721052631579
industrial_changeover,952,191,2,Order2,191,8.098e-05,-0.021601170767098665,1200.0,1213.0,13.284029960632324,0.9530253410339355,14.23705530166626,1173.0,1270.4188481675392
industrial_changeover,957,192,2,Order2,192,8.088e-05,-0.020212659146636724,1173.0,1213.0,13.482304573059082,1.02327299118042,14.505577564239502,1173.0,1270.1197916666667
industrial_changeover,962,193,2,Order2,193,8.078e-05,0.058113349601626396,1297.0,1213.0,13.56812858581543,1.0151796340942383,14.583308219909668,1173.0,1269.823834196891
industrial_changeover,967,194,2,Order2,194,8.068e-05,0.016906491946429014,1173.0,1213.0,13.268356800079346,1.0204315185546875,14.288788318634033,1173.0,1269.5309278350514
industrial_changeover,972,195,2,Order2,195,8.058e-05,-0.11251623556017876,1132.0,1213.0,13.444417715072632,1.0220437049865723,14.466461420059204,1173.0,1269.2410256410255
industrial_changeover,977,196,2,Order2,196,8.048e-05,0.06738191284239292,1216.0,1213.0,13.615005493164062,1.0406560897827148,14.655661582946777,1173.0,1268.954081632653
industrial_changeover,982,197,2,Order2,197,8.038e-05,-0.028774469159543514,1205.0,1213.0,13.28153657913208,1.0178956985473633,14.299432277679443,1173.0,1268.6700507614214
industrial_changeover,987,198,2,Order2,198,8.028e-05,0.01044613472186029,1212.0,1213.0,13.460773468017578,1.040069580078125,14.500843048095703,1173.0,1268.388888888889
industrial_changeover,992,199,2,Order2,199,8.018000000000001e-05,0.13591713085770607,1354.0,1213.0,13.360717535018921,1.0419344902038574,14.402652025222778,1173.0,1268.110552763819
industrial_changeover,997,200,2,Order2,200,8.008e-05,0.04640916362404823,1211.0,1213.0,13.827645301818848,1.0179986953735352,14.845643997192383,1173.0,1267.835
industrial_changeover,1002,201,2,Order2,201,7.998000000000002e-05,0.09078004769980907,1289.0,1213.0,13.499335289001465,1.021169900894165,14.52050518989563,1173.0,1267.5621890547263
industrial_changeover,1007,202,2,Order2,202,7.988e-05,0.008026438765227795,1184.0,1213.0,13.383572816848755,1.0353522300720215,14.418925046920776,1173.0,1267.2920792079208
industrial_changeover,1012,203,2,Order2,203,7.978000000000001e-05,-0.019346706569194794,1196.0,1213.0,13.44400429725647,1.0231854915618896,14.46718978881836,1173.0,1267.0246305418718
industrial_changeover,1017,204,2,Order2,204,7.968e-05,0.09015742316842079,1352.0,1213.0,13.441840887069702,1.020289659500122,14.462130546569824,1173.0,1266.7598039215686
industrial_changeover,1022,205,2,Order2,205,7.958000000000001e-05,0.04990261886268854,1203.0,1213.0,13.310980558395386,1.0316674709320068,14.342648029327393,1173.0,1266.4975609756098
industrial_changeover,1027,206,2,Order2,206,7.948e-05,-0.03249630983918905,1207.0,1213.0,13.383626222610474,1.0251445770263672,14.40877079963684,1173.0,1266.2378640776699
industrial_changeover,1032,207,2,Order2,207,7.938000000000002e-05,0.035285135731101036,1173.0,1213.0,13.420497417449951,1.0345025062561035,14.454999923706055,1173.0,1265.9806763285023
industrial_changeover,1037,208,2,Order2,208,7.928e-05,0.008030193857848644,1258.0,1213.0,13.333083629608154,1.023038387298584,14.356122016906738,1173.0,1265.7259615384614
industrial_changeover,1042,209,2,Order2,209,7.918000000000001e-05,-0.029783131554722786,1194.0,1213.0,13.368154525756836,1.0246267318725586,14.392781257629395,1173.0,1265.4736842105262
industrial_changeover,1047,210,2,Order2,210,7.908e-05,-0.02172050205990672,1190.0,1213.0,13.51762318611145,1.03847336769104,14.55609655380249,1173.0,1265.2238095238095
industrial_changeover,1052,211,2,Order2,211,7.898e-05,0.03783755283802748,1191.0,1213.0,13.448305368423462,1.0235233306884766,14.471828699111938,1173.0,1264.9763033175354
industrial_changeover,1057,212,2,Order2,212,7.888e-05,0.03667791187763214,1291.0,1213.0,13.577847719192505,1.025367021560669,14.603214740753174,1173.0,1264.7311320754718
industrial_changeover,1062,213,2,Order2,213,7.878000000000001e-05,-0.006376463687047362,1191.0,1213.0,13.417157649993896,1.0258982181549072,14.443055868148804,1173.0,1264.488262910798
industrial_changeover,1067,214,2,Order2,214,7.868e-05,0.02781638829037547,1208.0,1213.0,13.414618492126465,1.0179767608642578,14.432595252990723,1173.0,1264.247663551402
industrial_changeover,1072,215,2,Order2,215,7.858000000000001e-05,-0.022163693327456713,1172.0,1213.0,13.57341980934143,1.0264065265655518,14.599826335906982,1173.0,1264.0093023255813
industrial_changeover,1077,216,2,Order2,216,7.848e-05,0.004360655671916902,1168.0,1213.0,13.451020002365112,1.0263283252716064,14.477348327636719,1173.0,1263.773148148148
industrial_changeover,1082,217,2,Order2,217,7.838e-05,-0.05760595481842756,1142.0,1213.0,13.382974624633789,1.0252737998962402,14.40824842453003,1173.0,1263.5391705069123
industrial_changeover,1087,218,2,Order2,218,7.828e-05,-0.031197186093777418,1143.0,1213.0,13.44562578201294,1.0750775337219238,14.520703315734863,1173.0,1263.3073394495414
industrial_changeover,1092,219,2,Order2,219,7.818000000000001e-05,0.025800665374845266,1203.0,1213.0,13.3022301197052,1.0163023471832275,14.318532466888428,1173.0,1263.0776255707763
industrial_changeover,1097,220,2,Order2,220,7.808e-05,0.03226407524198294,1245.0,1213.0,13.455468654632568,1.0243172645568848,14.479785919189453,1173.0,1262.85
industrial_changeover,1102,221,2,Order2,221,7.798000000000001e-05,0.022718552500009537,1308.0,1213.0,13.428332090377808,1.0225777626037598,14.450909852981567,1173.0,1262.6244343891403
industrial_changeover,1107,222,2,Order2,222,7.787999999999999e-05,0.13215288519859314,1308.0,1213.0,13.27278757095337,1.0243656635284424,14.297153234481812,1173.0,1262.400900900901
industrial_changeover,1112,223,2,Order2,223,7.778e-05,0.00770252721849829,1253.0,1213.0,13.492701530456543,1.0219457149505615,14.514647245407104,1173.0,1262.1793721973095
industrial_changeover,1117,224,2,Order2,224,7.768e-05,0.09397397376596928,1301.0,1213.0,13.500948905944824,1.0241625308990479,14.525111436843872,1173.0,1261.9598214285713
industrial_changeover,1122,225,2,Order2,225,7.758000000000001e-05,0.05109840352088213,1203.0,1213.0,13.34468674659729,1.02870512008667,14.37339186668396,1173.0,1261.7422222222222
industrial_changeover,1127,226,2,Order2,226,7.748e-05,-0.07963772304356098,1145.0,1213.0,13.454161882400513,1.030277967453003,14.484439849853516,1173.0,1261.5265486725664
industrial_changeover,1132,227,2,Order2,227,7.738000000000001e-05,0.03618593327701092,1192.0,1213.0,13.495923280715942,1.0262372493743896,14.522160530090332,1173.0,1261.3127753303966
industrial_changeover,1137,228,2,Order2,228,7.727999999999999e-05,0.06784077733755112,1308.0,1213.0,13.26487421989441,1.0215392112731934,14.286413431167603,1173.0,1261.1008771929824
industrial_changeover,1142,229,2,Order2,229,7.718e-05,0.007672274368815124,1201.0,1213.0,13.369606018066406,1.0648298263549805,14.434435844421387,1173.0,1260.8908296943232
industrial_changeover,1147,230,2,Order2,230,7.708000000000001e-05,0.019824500661343336,1172.0,1213.0,13.48011827468872,1.029695987701416,14.509814262390137,1173.0,1260.682608695652
industrial_changeover,1152,231,2,Order2,231,7.698000000000001e-05,-0.018417034298181534,1205.0,1213.0,13.469472169876099,1.023139476776123,14.492611646652222,1173.0,1260.4761904761904
industrial_changeover,1157,232,2,Order2,232,7.688000000000001e-05,0.07671253196895123,1308.0,1213.0,13.357914447784424,1.030555009841919,14.388469457626343,1173.0,1260.271551724138
industrial_changeover,1162,233,2,Order2,233,7.678000000000001e-05,0.023146482184529305,1195.0,1213.0,13.441182613372803,1.0276546478271484,14.468837261199951,1173.0,1260.068669527897
industrial_changeover,1167,234,2,Order2,234,7.668e-05,0.05888549145311117,1291.0,1213.0,13.526249170303345,1.030606985092163,14.556856155395508,1173.0,1259.8675213675215
industrial_changeover,1172,235,2,Order2,235,7.658e-05,0.17706384882330894,1298.0,1213.0,13.439929246902466,1.0194158554077148,14.45934510231018,1173.0,1259.668085106383
industrial_changeover,1177,236,2,Order2,236,7.648000000000001e-05,-0.06078522186726332,1203.0,1213.0,13.434250354766846,1.0361855030059814,14.470435857772827,1173.0,1259.4703389830509
industrial_changeover,1182,237,2,Order2,237,7.638000000000001e-05,-0.022717272397130728,1177.0,1213.0,13.58492136001587,1.077430009841919,14.662351369857788,1173.0,1259.2742616033756
industrial_changeover,1187,238,2,Order2,238,7.628000000000001e-05,-0.0510821919888258,1177.0,1213.0,13.655411005020142,1.027632474899292,14.683043479919434,1173.0,1259.079831932773
industrial_changeover,1192,239,2,Order2,239,7.618e-05,-0.05447244271636009,1169.0,1213.0,13.744017839431763,1.0566315650939941,14.800649404525757,1173.0,1258.887029288703
industrial_changeover,1197,240,2,Order2,240,7.608e-05,-0.06344406493008137,1137.0,1213.0,13.774642944335938,1.0666539669036865,14.841296911239624,1173.0,1258.6958333333334
industrial_changeover,1202,241,2,Order2,241,7.598e-05,0.2578248530626297,1434.0,1213.0,13.858294486999512,1.0586156845092773,14.916910171508789,1173.0,1258.5062240663901
industrial_changeover,1207,242,2,Order2,242,7.588000000000001e-05,0.10727489925920963,1352.0,1213.0,13.520367622375488,1.0825581550598145,14.602925777435303,1173.0,1258.3181818181818
industrial_changeover,1212,243,2,Order2,243,7.578000000000001e-05,-0.00993565609678626,1185.0,1213.0,13.823943138122559,1.0799689292907715,14.90391206741333,1173.0,1258.1316872427983
industrial_changeover,1217,244,2,Order2,244,7.568000000000001e-05,0.021578668151050806,1213.0,1213.0,13.933515787124634,1.053802251815796,14.98731803894043,1173.0,1257.9467213114754
industrial_changeover,1222,245,2,Order2,245,7.558e-05,0.031435998156666756,1173.0,1213.0,13.750133037567139,1.0521526336669922,14.80228567123413,1173.0,1257.7632653061225
industrial_changeover,1227,246,2,Order2,246,7.548e-05,-0.038392127491533756,1225.0,1213.0,13.771294355392456,1.0614299774169922,14.832724332809448,1173.0,1257.581300813008
industrial_changeover,1232,247,2,Order2,247,7.538e-05,0.042989879846572876,1214.0,1213.0,13.629247426986694,1.05668044090271,14.685927867889404,1173.0,1257.4008097165993
industrial_changeover,1237,248,2,Order2,248,7.528000000000001e-05,0.0007328927895287052,1209.0,1213.0,13.68491816520691,1.0395419597625732,14.724460124969482,1173.0,1257.2217741935483
industrial_changeover,1242,249,2,Order2,249,7.518000000000001e-05,-0.02386191627010703,1218.0,1213.0,13.593788623809814,1.0508689880371094,14.644657611846924,1173.0,1257.0441767068273
industrial_changeover,1247,250,2,Order2,250,7.508e-05,-0.03419177792966366,1209.0,1213.0,13.798186779022217,1.0184993743896484,14.816686153411865,1173.0,1256.868
industrial_changeover,1252,251,2,Order2,251,7.498e-05,-0.0028971295105293393,1176.0,1213.0,13.488190412521362,1.0311532020568848,14.519343614578247,1173.0,1256.6932270916334
industrial_changeover,1257,252,2,Order2,252,7.488e-05,-0.022598544601351023,1212.0,1213.0,13.435201168060303,1.0340311527252197,14.469232320785522,1173.0,1256.5198412698412
industrial_changeover,1262,253,2,Order2,253,7.478e-05,0.1549125798046589,1305.0,1213.0,13.413446187973022,1.0270907878875732,14.440536975860596,1173.0,1256.3478260869565
industrial_changeover,1267,254,2,Order2,254,7.468000000000001e-05,0.02266590902581811,1218.0,1213.0,14.218780040740967,1.057325839996338,15.276105880737305,1173.0,1256.1771653543308
industrial_changeover,1272,255,2,Order2,255,7.458000000000001e-05,0.01035947585478425,1184.0,1213.0,13.367555379867554,1.0362281799316406,14.403783559799194,1173.0,1256.007843137255
industrial_changeover,1277,256,2,Order2,256,7.448e-05,-0.004876789287663996,1210.0,1213.0,13.519313097000122,1.0245556831359863,14.543868780136108,1173.0,1255.83984375
industrial_changeover,1282,257,2,Order2,257,7.438e-05,0.008747955318540335,1205.0,1213.0,13.4727201461792,1.047523021697998,14.520243167877197,1173.0,1255.6731517509727
industrial_changeover,1287,258,2,Order2,258,7.428e-05,0.0561904339119792,1254.0,1213.0,13.476572036743164,1.055288553237915,14.531860589981079,1173.0,1255.5077519379845
industrial_changeover,1292,259,2,Order2,259,7.418000000000001e-05,-0.009011622751131654,1201.0,1213.0,13.691902160644531,1.033468246459961,14.725370407104492,1173.0,1255.3436293436293
industrial_changeover,1297,260,2,Order2,260,7.408000000000001e-05,-0.01757454825565219,1144.0,1213.0,13.308916091918945,1.05861496925354,14.367531061172485,1173.0,1255.1807692307693
industrial_changeover,1302,261,2,Order2,261,7.398e-05,-0.027222709264606237,1225.0,1213.0,13.512345552444458,1.0447783470153809,14.557123899459839,1173.0,1255.0191570881227
industrial_changeover,1307,262,2,Order2,262,7.388e-05,-0.007993331411853433,1242.0,1213.0,13.488624334335327,1.0376439094543457,14.526268243789673,1173.0,1254.8587786259543
industrial_changeover,1312,263,2,Order2,263,7.378e-05,-0.02260516118258238,1174.0,1213.0,13.370688438415527,1.0248465538024902,14.395534992218018,1173.0,1254.6996197718631
industrial_changeover,1317,264,2,Order2,264,7.368e-05,0.08965545520186424,1301.0,1213.0,13.473416328430176,1.0255091190338135,14.49892544746399,1173.0,1254.5416666666667
industrial_changeover,1322,265,2,Order2,265,7.358000000000001e-05,0.04206674359738827,1208.0,1213.0,13.422318935394287,1.044363021850586,14.466681957244873,1173.0,1254.3849056603774
industrial_changeover,1327,266,2,Order2,266,7.348000000000001e-05,0.007447942974977195,1244.0,1213.0,13.429022312164307,1.0315513610839844,14.460573673248291,1173.0,1254.2293233082708
industrial_changeover,1332,267,2,Order2,267,7.338e-05,0.04393849615007639,1244.0,1213.0,13.437097311019897,1.0350072383880615,14.472104549407959,1173.0,1254.0749063670412
industrial_changeover,1337,268,2,Order2,268,7.328e-05,0.007807302521541715,1208.0,1213.0,13.54737114906311,1.0854911804199219,14.632862329483032,1173.0,1253.9216417910447
industrial_changeover,1342,269,2,Order2,269,7.318e-05,0.042044210247695446,1208.0,1213.0,13.307332754135132,1.0225112438201904,14.329843997955322,1173.0,1253.7695167286245
industrial_changeover,1347,270,2,Order2,270,7.308e-05,0.044552769511938095,1245.0,1213.0,13.474851131439209,1.0262486934661865,14.501099824905396,1173.0,1253.6185185185186
industrial_changeover,1352,271,2,Order2,271,7.298000000000001e-05,0.024503683671355247,1210.0,1213.0,13.349345684051514,1.0327959060668945,14.382141590118408,1173.0,1253.4686346863468
industrial_changeover,1357,272,2,Order2,272,7.288000000000001e-05,0.04521806072443724,1251.0,1213.0,13.431791305541992,1.0258488655090332,14.457640171051025,1173.0,1253.3198529411766
industrial_changeover,1362,273,2,Order2,273,7.278e-05,0.047759407199919224,1271.0,1213.0,13.45538854598999,1.0231008529663086,14.478489398956299,1173.0,1253.1721611721612
industrial_changeover,1367,274,2,Order2,274,7.268e-05,0.021467003505676985,1210.0,1210.0,13.336088180541992,1.023041009902954,14.359129190444946,1173.0,1253.014598540146
industrial_changeover,1372,275,2,Order2,275,7.258e-05,0.03429809585213661,1209.0,1210.0,13.369144916534424,1.0575165748596191,14.426661491394043,1173.0,1252.8581818181817
industrial_changeover,1377,276,2,Order2,276,7.248e-05,-0.005718439817428589,1209.0,1210.0,13.438056945800781,1.0195565223693848,14.457613468170166,1173.0,1252.7028985507247
industrial_changeover,1382,277,2,Order2,277,7.238000000000001e-05,0.008229786530137062,1208.0,1210.0,13.376932144165039,1.0257599353790283,14.402692079544067,1173.0,1252.5487364620938
industrial_changeover,1387,278,2,Order2,278,7.228e-05,0.07567577622830868,1208.0,1213.0,13.681165218353271,1.0711629390716553,14.752328157424927,1173.0,1252.4064748201438
industrial_changeover,1392,279,2,Order2,279,7.218e-05,0.03927163686603308,1210.0,1210.0,13.238550424575806,1.0853173732757568,14.323867797851562,1173.0,1252.2544802867383
industrial_changeover,1397,280,2,Order2,280,7.208e-05,0.021427339408546686,1205.0,1210.0,13.324676513671875,1.05584716796875,14.380523681640625,1173.0,1252.1035714285715
industrial_changeover,1402,281,2,Order2,281,7.198e-05,0.01390904001891613,1204.0,1210.0,13.570172786712646,1.032928228378296,14.603101015090942,1173.0,1251.9537366548043
industrial_changeover,1407,282,2,Order2,282,7.188e-05,0.08787943795323372,1266.0,1213.0,13.283838272094727,1.023385763168335,14.307224035263062,1173.0,1251.8156028368794
industrial_changeover,1412,283,2,Order2,283,7.178000000000001e-05,0.03861552011221647,1250.0,1213.0,13.405430555343628,1.0387604236602783,14.444190979003906,1173.0,1251.678445229682
industrial_changeover,1417,284,2,Order2,284,7.168e-05,0.038385117426514626,1192.0,1213.0,13.508835792541504,1.0300018787384033,14.538837671279907,1173.0,1251.5422535211267
industrial_changeover,1422,285,2,Order2,285,7.158e-05,-0.03480846341699362,1173.0,1213.0,13.254583835601807,1.0904133319854736,14.34499716758728,1173.0,1251.4070175438596
industrial_changeover,1427,286,2,Order2,286,7.148e-05,-0.0201732125133276,1194.0,1213.0,13.464364051818848,1.0263144969940186,14.490678548812866,1173.0,1251.2727272727273
industrial_changeover,1432,287,2,Order2,287,7.138e-05,0.045426128432154655,1209.0,1213.0,13.542232513427734,1.0267643928527832,14.568996906280518,1173.0,1251.1393728222997
industrial_changeover,1437,288,2,Order2,288,7.128000000000001e-05,-0.041371206752955914,1184.0,1213.0,13.308415174484253,1.0364634990692139,14.344878673553467,1173.0,1251.0069444444443
industrial_changeover,1442,289,2,Order2,289,7.118e-05,0.008107500383630395,1209.0,1213.0,13.415003061294556,1.0317647457122803,14.446767807006836,1173.0,1250.8754325259515
industrial_changeover,1447,290,2,Order2,290,7.108e-05,0.04920195881277323,1209.0,1213.0,13.436055421829224,1.034996747970581,14.471052169799805,1173.0,1250.7448275862068
industrial_changeover,1452,291,2,Order2,291,7.098e-05,-0.031190174631774426,1176.0,1213.0,13.32131028175354,1.0194227695465088,14.340733051300049,1173.0,1250.615120274914
industrial_changeover,1457,292,2,Order2,292,7.088e-05,0.06489438004791737,1250.0,1213.0,13.4618399143219,1.0719754695892334,14.533815383911133,1173.0,1250.486301369863
industrial_changeover,1462,293,2,Order2,293,7.078e-05,0.030553387943655252,1210.0,1213.0,13.422877073287964,1.0209286212921143,14.443805694580078,1173.0,1250.358361774744
industrial_changeover,1467,294,2,Order2,294,7.068000000000001e-05,-0.01810794835910201,1209.0,1213.0,13.39945101737976,1.0316259860992432,14.431077003479004,1173.0,1250.2312925170068
industrial_changeover,1472,295,2,Order2,295,7.058e-05,-0.023049963638186455,1176.0,1213.0,13.439944982528687,1.013892650604248,14.453837633132935,1173.0,1250.1050847457627
industrial_changeover,1477,296,2,Order2,296,7.048e-05,0.10188480466604233,1300.0,1213.0,13.487410306930542,1.0264701843261719,14.513880491256714,1173.0,1249.9797297297298
industrial_changeover,1482,297,2,Order2,297,7.038e-05,0.11481574177742004,1301.0,1213.0,13.497390270233154,1.0325920581817627,14.529982328414917,1173.0,1249.855218855219
industrial_changeover,1487,298,2,Order2,298,7.028e-05,0.006277360604144633,1210.0,1213.0,13.456520557403564,1.0177278518676758,14.47424840927124,1173.0,1249.731543624161
industrial_changeover,1492,299,2,Order2,299,7.018e-05,0.046664027497172356,1240.0,1213.0,13.503226280212402,1.0188567638397217,14.522083044052124,1173.0,1249.608695652174
industrial_changeover,1497,300,2,Order2,300,7.008e-05,-0.014817008282989264,1209.0,1213.0,13.479748249053955,1.0347318649291992,14.514480113983154,1173.0,1249.4866666666667
industrial_changeover,1502,301,2,Order2,301,6.998e-05,0.09957247227430344,1301.0,1210.0,13.468541145324707,1.0183424949645996,14.486883640289307,1173.0,1249.3554817275747
industrial_changeover,1507,302,2,Order2,302,6.988e-05,-0.0038135889917612076,1141.0,1210.0,13.482703924179077,1.0430762767791748,14.525780200958252,1173.0,1249.2251655629138
industrial_changeover,1512,303,2,Order2,303,6.978e-05,0.07958693988621235,1298.0,1210.0,13.382547378540039,1.038670539855957,14.421217918395996,1173.0,1249.095709570957
industrial_changeover,1517,304,2,Order2,304,6.968e-05,0.062206586822867393,1242.0,1210.0,13.288413524627686,1.0086512565612793,14.297064781188965,1173.0,1248.967105263158
industrial_changeover,1522,305,2,Order2,305,6.958e-05,0.006232746294699609,1210.0,1210.0,13.517930507659912,1.026184320449829,14.544114828109741,1173.0,1248.839344262295
industrial_changeover,1527,306,2,Order2,306,6.948e-05,0.03513859957456589,1208.0,1210.0,13.499637603759766,1.025573968887329,14.525211572647095,1173.0,1248.7124183006536
industrial_changeover,1532,307,2,Order2,307,6.938e-05,0.0063104861183092,1209.0,1210.0,13.341813087463379,1.0156173706054688,14.357430458068848,1173.0,1248.586319218241
industrial_changeover,1537,308,2,Order2,308,6.928000000000001e-05,0.0008593763341195881,1174.0,1210.0,13.402464628219604,1.0714046955108643,14.473869323730469,1173.0,1248.4610389610389
industrial_changeover,1542,309,2,Order2,309,6.918e-05,-0.03866927698254585,1173.0,1210.0,13.296377420425415,0.9825410842895508,14.278918504714966,1173.0,1248.336569579288
industrial_changeover,1547,310,2,Order2,310,6.908000000000001e-05,0.13764476031064987,1298.0,1210.0,13.415746927261353,1.0248034000396729,14.440550327301025,1173.0,1248.2129032258065
industrial_changeover,1552,311,2,Order2,311,6.898e-05,0.0006208771228557453,1209.0,1210.0,13.3274564743042,1.0816209316253662,14.409077405929565,1173.0,1248.0900321543409
industrial_changeover,1557,312,2,Order2,312,6.888e-05,0.0178656205534935,1209.0,1210.0,13.472594499588013,1.027571201324463,14.500165700912476,1173.0,1247.9679487179487
industrial_changeover,1562,313,2,Order2,313,6.878e-05,0.039683825336396694,1212.0,1210.0,13.456912279129028,1.0179858207702637,14.474898099899292,1173.0,1247.846645367412
industrial_changeover,1567,314,2,Order2,314,6.868000000000001e-05,-0.029496445786207914,1177.0,1210.0,13.335184812545776,1.0656912326812744,14.40087604522705,1173.0,1247.7261146496814
industrial_changeover,1572,315,2,Order2,315,6.858e-05,-0.021961109712719917,1184.0,1210.0,13.4191734790802,1.0300588607788086,14.449232339859009,1173.0,1247.6063492063493
industrial_changeover,1577,316,2,Order2,316,6.848000000000001e-05,0.030663668178021908,1209.0,1210.0,13.656038045883179,1.0369303226470947,14.692968368530273,1173.0,1247.487341772152
industrial_changeover,1582,317,2,Order2,317,6.838e-05,0.019717576913535595,1209.0,1210.0,13.435471773147583,1.0181326866149902,14.453604459762573,1173.0,1247.3690851735016
industrial_changeover,1587,318,2,Order2,318,6.828000000000002e-05,-0.050566128455102444,1144.0,1210.0,13.415754795074463,1.0187833309173584,14.434538125991821,1173.0,1247.251572327044
industrial_changeover,1592,319,2,Order2,319,6.818e-05,0.017486604396253824,1209.0,1210.0,13.57300329208374,1.0786077976226807,14.651611089706421,1173.0,1247.1347962382445
industrial_changeover,1597,320,2,Order2,320,6.808000000000001e-05,0.01988468738272786,1213.0,1210.0,13.298420667648315,1.0489232540130615,14.347343921661377,1173.0,1247.01875
industrial_changeover,1602,321,2,Order2,321,6.798e-05,-0.007600761950016022,1209.0,1210.0,13.470504760742188,1.0143277645111084,14.484832525253296,1173.0,1246.9034267912773
industrial_changeover,1607,322,2,Order2,322,6.788000000000001e-05,-0.01541231945157051,1212.0,1210.0,13.423533201217651,1.0320112705230713,14.455544471740723,1173.0,1246.7888198757764
industrial_changeover,1612,323,2,Order2,323,6.778e-05,-0.0013162369432393461,1212.0,1210.0,13.376802921295166,1.0919368267059326,14.468739748001099,1173.0,1246.674922600619
industrial_changeover,1617,324,2,Order2,324,6.768000000000002e-05,0.026858938857913017,1209.0,1210.0,13.372048377990723,1.0531470775604248,14.425195455551147,1173.0,1246.5617283950617
industrial_changeover,1622,325,2,Order2,325,6.758e-05,0.020539000630378723,1209.0,1210.0,13.50979471206665,1.023153305053711,14.532948017120361,1173.0,1246.4492307692308
industrial_changeover,1627,326,2,Order2,326,6.748000000000001e-05,0.052760859951376915,1254.0,1210.0,13.50636911392212,1.018097162246704,14.524466276168823,1173.0,1246.3374233128834
industrial_changeover,1632,327,2,Order2,327,6.738e-05,0.04340964928269386,1241.0,1210.0,13.342652082443237,1.033461332321167,14.376113414764404,1173.0,1246.2262996941895
industrial_changeover,1637,328,2,Order2,328,6.728e-05,0.04404354281723499,1209.0,1210.0,13.452450513839722,1.027421474456787,14.479871988296509,1173.0,1246.1158536585365
industrial_changeover,1642,329,2,Order2,329,6.718e-05,-0.0052592395804822445,1210.0,1210.0,13.433423280715942,1.0201539993286133,14.453577280044556,1173.0,1246.0060790273556
industrial_changeover,1647,330,2,Order2,330,6.708000000000002e-05,0.05392650980502367,1208.0,1210.0,13.360180854797363,1.0530588626861572,14.41323971748352,1173.0,1245.8969696969698
industrial_changeover,1652,331,2,Order2,331,6.698e-05,0.00545066490303725,1209.0,1210.0,13.535210609436035,1.0271906852722168,14.562401294708252,1173.0,1245.7885196374623
industrial_changeover,1657,332,2,Order2,332,6.688000000000001e-05,0.030818443279713392,1207.0,1210.0,13.331602811813354,1.029829740524292,14.361432552337646,1173.0,1245.6807228915663
industrial_changeover,1662,333,2,Order2,333,6.678e-05,0.07443885318934917,1300.0,1210.0,13.479461431503296,1.026963472366333,14.506424903869629,1173.0,1245.5735735735736
industrial_changeover,1667,334,2,Order2,334,6.668e-05,0.07544026151299477,1301.0,1213.0,13.510431289672852,1.0310046672821045,14.541435956954956,1173.0,1245.4760479041915
industrial_changeover,1672,335,2,Order2,335,6.658e-05,0.08824998326599598,1289.0,1213.0,13.525505065917969,1.0343430042266846,14.559848070144653,1173.0,1245.379104477612
industrial_changeover,1677,336,2,Order2,336,6.648000000000001e-05,0.0801027249544859,1289.0,1213.0,13.466180324554443,1.0278394222259521,14.494019746780396,1173.0,1245.282738095238
industrial_changeover,1682,337,2,Order2,337,6.638e-05,0.08057601749897003,1288.0,1213.0,13.4583899974823,1.025475025177002,14.483865022659302,1173.0,1245.186943620178
industrial_changeover,1687,338,2,Order2,338,6.628000000000001e-05,-0.012671582167968154,1195.0,1213.0,13.543748378753662,1.0359301567077637,14.579678535461426,1173.0,1245.0917159763314
industrial_changeover,1692,339,2,Order2,339,6.617999999999999e-05,-0.030328633729368448,1208.0,1213.0,13.383873224258423,1.0226922035217285,14.406565427780151,1173.0,1244.9970501474927
industrial_changeover,1697,340,2,Order2,340,6.608e-05,0.00225462339585647,1213.0,1213.0,13.3844313621521,1.0317621231079102,14.41619348526001,1173.0,1244.9029411764707
industrial_changeover,1702,341,2,Order2,341,6.598e-05,0.021790744736790657,1213.0,1213.0,13.541329383850098,1.0365610122680664,14.577890396118164,1173.0,1244.8093841642228
industrial_changeover,1707,342,2,Order2,342,6.588000000000001e-05,-0.01710968930274248,1204.0,1213.0,13.546477556228638,1.0165729522705078,14.563050508499146,1173.0,1244.7163742690059
industrial_changeover,1712,343,2,Order2,343,6.578e-05,0.06486274674534798,1297.0,1213.0,13.351710081100464,1.0194573402404785,14.371167421340942,1173.0,1244.6239067055394
industrial_changeover,1717,344,2,Order2,344,6.568000000000001e-05,0.0639395359903574,1244.0,1213.0,13.54284930229187,1.074202537536621,14.617051839828491,1173.0,1244.531976744186
industrial_changeover,1722,345,2,Order2,345,6.557999999999999e-05,0.011293562594801188,1210.0,1213.0,13.304365634918213,1.02131986618042,14.325685501098633,1173.0,1244.440579710145
industrial_changeover,1727,346,2,Order2,346,6.548e-05,-0.034385330975055695,1212.0,1213.0,13.441816568374634,1.0274255275726318,14.469242095947266,1173.0,1244.349710982659
industrial_changeover,1732,347,2,Order2,347,6.538e-05,0.04561522789299488,1213.0,1213.0,13.446489572525024,1.028245449066162,14.474735021591187,1173.0,1244.2593659942363
industrial_changeover,1737,348,2,Order2,348,6.528000000000001e-05,0.06870874762535095,1297.0,1213.0,13.352512121200562,1.026505708694458,14.37901782989502,1173.0,1244.1695402298851
industrial_changeover,1742,349,2,Order2,349,6.518e-05,0.01373610319569707,1209.0,1213.0,13.367744207382202,1.0308599472045898,14.398604154586792,1173.0,1244.080229226361
industrial_changeover,1747,350,2,Order2,350,6.508000000000001e-05,0.09481056220829487,1301.0,1213.0,13.511509895324707,1.0298454761505127,14.54135537147522,1173.0,1243.9914285714285
industrial_changeover,1752,351,2,Order2,351,6.497999999999999e-05,0.05805456917732954,1249.0,1213.0,13.29097056388855,1.0218398571014404,14.31281042098999,1173.0,1243.903133903134
industrial_changeover,1757,352,2,Order2,352,6.488e-05,0.013636886607855558,1212.0,1213.0,13.610361337661743,1.016636848449707,14.62699818611145,1173.0,1243.815340909091
industrial_changeover,1762,353,2,Order2,353,6.478e-05,0.02127237617969513,1208.0,1213.0,13.516333103179932,1.0248746871948242,14.541207790374756,1173.0,1243.728045325779
industrial_changeover,1767,354,2,Order2,354,6.468000000000001e-05,-0.01604627352207899,1225.0,1213.0,13.620755910873413,1.0189459323883057,14.639701843261719,1173.0,1243.6412429378531
industrial_changeover,1772,355,2,Order2,355,6.458e-05,0.057852975092828274,1249.0,1213.0,13.37494421005249,1.040156364440918,14.415100574493408,1173.0,1243.5549295774647
industrial_changeover,1777,356,2,Order2,356,6.448e-05,0.005227764253504574,1209.0,1213.0,13.349473714828491,1.0321710109710693,14.38164472579956,1173.0,1243.4691011235955
industrial_changeover,1782,357,2,Order2,357,6.437999999999999e-05,0.05584591347724199,1254.0,1213.0,13.46990156173706,1.0321650505065918,14.502066612243652,1173.0,1243.3837535014006
industrial_changeover,1787,358,2,Order2,358,6.428e-05,0.039490336552262306,1208.0,1213.0,13.407305002212524,1.0292913913726807,14.436596393585205,1173.0,1243.2988826815642
industrial_changeover,1792,359,2,Order2,359,6.418e-05,-0.060474323108792305,1145.0,1213.0,13.352661609649658,1.0262446403503418,14.37890625,1173.0,1243.2144846796657
industrial_changeover,1797,360,2,Order2,360,6.408000000000001e-05,0.03378491010516882,1212.0,1213.0,13.51005482673645,1.0336766242980957,14.543731451034546,1173.0,1243.1305555555555
industrial_changeover,1802,361,2,Order2,361,6.398e-05,0.10281418263912201,1296.0,1213.0,13.432317018508911,1.0197827816009521,14.452099800109863,1173.0,1243.0470914127425
industrial_changeover,1807,362,2,Order2,362,6.388e-05,0.02752469340339303,1213.0,1213.0,13.366506338119507,1.0282208919525146,14.394727230072021,1173.0,1242.96408839779
industrial_changeover,1812,363,2,Order2,363,6.377999999999999e-05,0.043690125457942486,1298.0,1213.0,13.543876886367798,1.0294249057769775,14.573301792144775,1173.0,1242.8815426997246
industrial_changeover,1817,364,2,Order2,364,6.368e-05,0.03220892604440451,1208.0,1213.0,10.347368001937866,0.4410429000854492,10.788410902023315,1173.0,1242.7994505494505
industrial_changeover,1822,365,2,Order2,365,6.358e-05,-0.012345675844699144,1205.0,1213.0,5.337629079818726,0.41382932662963867,5.751458406448364,1173.0,1242.717808219178
industrial_changeover,1827,366,2,Order2,366,6.348000000000001e-05,-0.0495742317289114,1174.0,1213.0,5.156049728393555,0.4258999824523926,5.581949710845947,1173.0,1242.636612021858
industrial_changeover,1832,367,2,Order2,367,6.337999999999999e-05,-0.04803456459194422,1194.0,1213.0,5.513423681259155,0.45247864723205566,5.965902328491211,1173.0,1242.5558583106267
industrial_changeover,1837,368,2,Order2,368,6.328e-05,0.025431295856833458,1194.0,1213.0,5.64907169342041,0.43805432319641113,6.087126016616821,1173.0,1242.4755434782608
industrial_changeover,1842,369,2,Order2,369,6.317999999999999e-05,0.13653047382831573,1298.0,1213.0,5.328578948974609,0.4705030918121338,5.799082040786743,1173.0,1242.3956639566395
industrial_changeover,1847,370,2,Order2,370,6.308e-05,0.07358779944479465,1296.0,1213.0,5.357472896575928,0.4158592224121094,5.773332118988037,1173.0,1242.3162162162162
industrial_changeover,1852,371,2,Order2,371,6.298000000000001e-05,-0.01548848720267415,1173.0,1213.0,5.263351678848267,0.42958950996398926,5.692941188812256,1173.0,1242.2371967654988
industrial_changeover,1857,372,2,Order2,372,6.288000000000001e-05,0.04922155383974314,1205.0,1213.0,5.440431833267212,0.43790721893310547,5.878339052200317,1173.0,1242.1586021505377
industrial_changeover,1862,373,2,Order2,373,6.278e-05,-0.02042205259203911,1172.0,1213.0,5.388556003570557,0.4230983257293701,5.811654329299927,1173.0,1242.0804289544235
industrial_changeover,1867,374,2,Order2,374,6.268e-05,0.06633197702467442,1298.0,1213.0,5.44840931892395,0.41930413246154785,5.867713451385498,1173.0,1242.0026737967914
industrial_changeover,1872,375,2,Order2,375,6.258e-05,0.05558312963694334,1213.0,1213.0,5.463618040084839,0.43715786933898926,5.900775909423828,1173.0,1241.9253333333334
industrial_changeover,1877,376,2,Order2,376,6.248000000000001e-05,0.10369536653161049,1251.0,1213.0,5.372549057006836,0.4328787326812744,5.80542778968811,1173.0,1241.848404255319
industrial_changeover,1882,377,2,Order2,377,6.238000000000001e-05,-0.010943056782707572,1214.0,1213.0,5.238445281982422,0.4161689281463623,5.654614210128784,1173.0,1241.7718832891246
industrial_changeover,1887,378,2,Order2,378,6.228000000000001e-05,0.012828390812501311,1213.0,1213.0,5.247725486755371,0.4065732955932617,5.654298782348633,1173.0,1241.6957671957673
industrial_changeover,1892,379,2,Order2,379,6.218e-05,-0.007543403655290604,1208.0,1213.0,5.361087083816528,0.42761874198913574,5.788705825805664,1173.0,1241.6200527704486
industrial_changeover,1897,380,2,Order2,380,6.208e-05,0.11890540085732937,1305.0,1213.0,5.409665584564209,0.44008779525756836,5.849753379821777,1173.0,1241.5447368421053
industrial_changeover,1902,381,2,Order2,381,6.198e-05,0.05320094060152769,1266.0,1213.0,5.426538467407227,0.42671823501586914,5.853256702423096,1173.0,1241.4698162729658
industrial_changeover,1907,382,2,Order2,382,6.188000000000001e-05,-0.05018628388643265,1173.0,1213.0,5.408066272735596,0.43404293060302734,5.842109203338623,1173.0,1241.3952879581152
industrial_changeover,1912,383,2,Order2,383,6.178000000000001e-05,-0.0016705993912182748,1209.0,1213.0,5.36165189743042,0.44240736961364746,5.804059267044067,1173.0,1241.3211488250652
industrial_changeover,1917,384,2,Order2,384,6.168e-05,0.11120037734508514,1301.0,1213.0,5.680636167526245,0.43454551696777344,6.1151816844940186,1173.0,1241.2473958333333
industrial_changeover,1922,385,2,Order2,385,6.158e-05,-0.017892492935061455,1210.0,1213.0,5.521160840988159,0.4413411617279053,5.9625020027160645,1173.0,1241.1740259740259
industrial_changeover,1927,386,2,Order2,386,6.148e-05,0.028726767282932997,1208.0,1213.0,5.454352140426636,0.41851139068603516,5.872863531112671,1173.0,1241.10103626943
industrial_changeover,1932,387,2,Order2,387,6.138e-05,-0.03418291267007589,1207.0,1213.0,5.501473665237427,0.42806148529052734,5.929535150527954,1173.0,1241.0284237726098
industrial_changeover,1937,388,2,Order2,388,6.128000000000001e-05,0.011848609894514084,1214.0,1213.0,5.276800155639648,0.4247877597808838,5.701587915420532,1173.0,1240.9561855670104
industrial_changeover,1942,389,2,Order2,389,6.118000000000001e-05,-0.03184476122260094,1174.0,1213.0,5.287424325942993,0.43082499504089355,5.718249320983887,1173.0,1240.8843187660668
industrial_changeover,1947,390,2,Order2,390,6.108e-05,-0.008617912419140339,1176.0,1213.0,5.334905385971069,0.41018033027648926,5.745085716247559,1173.0,1240.8128205128205
industrial_changeover,1952,391,2,Order2,391,6.098e-05,-0.012768068350851536,1188.0,1213.0,5.429069757461548,0.43157267570495605,5.860642433166504,1173.0,1240.7416879795396
industrial_changeover,1957,392,2,Order2,392,6.088000000000001e-05,0.018899987917393446,1208.0,1213.0,5.685906410217285,0.427945613861084,6.113852024078369,1173.0,1240.670918367347
industrial_changeover,1962,393,2,Order2,393,6.0780000000000004e-05,0.032967643812298775,1210.0,1213.0,5.3298985958099365,0.4256422519683838,5.75554084777832,1173.0,1240.6005089058524
industrial_changeover,1967,394,2,Order2,394,6.068e-05,0.041731374338269234,1209.0,1213.0,5.416229724884033,0.42178940773010254,5.838019132614136,1173.0,1240.530456852792
industrial_changeover,1972,395,2,Order2,395,6.0580000000000006e-05,0.0008429740410065278,1210.0,1213.0,5.365574359893799,0.43306875228881836,5.798643112182617,1173.0,1240.4607594936708
industrial_changeover,1977,396,2,Order2,396,6.0480000000000004e-05,0.028652192559093237,1207.0,1213.0,5.66376805305481,0.4637014865875244,6.127469539642334,1173.0,1240.391414141414
industrial_changeover,1982,397,2,Order2,397,6.038e-05,0.013073475332930684,1212.0,1213.0,5.635809421539307,0.43328261375427246,6.069092035293579,1173.0,1240.3224181360201
industrial_changeover,1987,398,2,Order2,398,6.0280000000000006e-05,-0.011585148284211755,1177.0,1213.0,5.6071813106536865,0.45418238639831543,6.061363697052002,1173.0,1240.2537688442212
industrial_changeover,1992,399,2,Order2,399,6.018e-05,0.04260720405727625,1208.0,1213.0,5.213441371917725,0.4151761531829834,5.628617525100708,1173.0,1240.185463659148
industrial_changeover,1997,400,2,Order2,400,6.008e-05,-0.01525158784352243,1207.0,1213.0,5.259934425354004,0.41939401626586914,5.679328441619873,1173.0,1240.1175
industrial_changeover,2002,401,2,Order2,401,5.9980000000000005e-05,0.0867871455848217,1210.0,1213.0,5.1608192920684814,0.40389037132263184,5.564709663391113,1173.0,1240.0498753117206
industrial_changeover,2007,402,2,Order2,402,5.988e-05,-0.016996332444250584,1208.0,1213.0,5.438934326171875,0.45763564109802246,5.8965699672698975,1173.0,1239.9825870646766
industrial_changeover,2012,403,2,Order2,403,5.978e-05,0.11628394946455956,1297.0,1213.0,5.543532371520996,0.4596703052520752,6.003202676773071,1173.0,1239.9156327543424
industrial_changeover,2017,404,2,Order2,404,5.9680000000000005e-05,0.0793688353151083,1297.0,1213.0,5.291855812072754,0.4193596839904785,5.711215496063232,1173.0,1239.84900990099
industrial_changeover,2022,405,2,Order2,405,5.958e-05,0.010074788704514503,1208.0,1213.0,5.411776781082153,0.43705081939697266,5.848827600479126,1173.0,1239.7827160493828
industrial_changeover,2027,406,2,Order2,406,5.948e-05,-0.024481906089931726,1184.0,1213.0,5.385908603668213,0.43235349655151367,5.818262100219727,1173.0,1239.7167487684728
industrial_changeover,2032,407,2,Order2,407,5.9380000000000004e-05,-0.013728085672482848,1201.0,1213.0,5.460385322570801,0.4394855499267578,5.899870872497559,1173.0,1239.6511056511056
industrial_changeover,2037,408,2,Order2,408,5.928e-05,0.017263748683035374,1208.0,1213.0,5.662080526351929,0.46689844131469727,6.128978967666626,1173.0,1239.5857843137255
industrial_changeover,2042,409,2,Order2,409,5.918e-05,0.01882120594382286,1204.0,1213.0,5.426405191421509,0.42708611488342285,5.853491306304932,1173.0,1239.520782396088
industrial_changeover,2047,410,2,Order2,410,5.9080000000000004e-05,0.002867273287847638,1208.0,1213.0,5.6712706089019775,0.4368126392364502,6.108083248138428,1173.0,1239.4560975609756
industrial_changeover,2052,411,2,Order2,411,5.898e-05,-0.022962324786931276,1173.0,1213.0,5.450170278549194,0.4125514030456543,5.862721681594849,1173.0,1239.3917274939172
industrial_changeover,2057,412,2,Order2,412,5.888e-05,0.02201883215457201,1204.0,1213.0,5.376104116439819,0.4088261127471924,5.784930229187012,1173.0,1239.3276699029127
industrial_changeover,2062,413,2,Order2,413,5.878e-05,0.01946895383298397,1212.0,1213.0,5.22508692741394,0.409848690032959,5.634935617446899,1173.0,1239.26392251816
industrial_changeover,2067,414,2,Order2,414,5.868e-05,0.08647903800010681,1297.0,1213.0,5.506834506988525,0.4268672466278076,5.933701753616333,1173.0,1239.2004830917874
industrial_changeover,2072,415,2,Order2,415,5.858e-05,0.04610536992549896,1245.0,1213.0,5.585854530334473,0.43259310722351074,6.018447637557983,1173.0,1239.1373493975905
industrial_changeover,2077,416,2,Order2,416,5.848e-05,0.040366590954363346,1205.0,1213.0,5.266536235809326,0.44431257247924805,5.710848808288574,1173.0,1239.0745192307693
industrial_changeover,2082,417,2,Order2,417,5.838e-05,-0.03306223172694445,1209.0,1213.0,5.387361526489258,0.4287993907928467,5.8161609172821045,1173.0,1239.011990407674
industrial_changeover,2087,418,2,Order2,418,5.8280000000000004e-05,0.1319289207458496,1353.0,1213.0,5.482916593551636,0.41117429733276367,5.894090890884399,1173.0,1238.9497607655503
industrial_changeover,2092,419,2,Order2,419,5.818e-05,-0.03867656085640192,1184.0,1213.0,5.481155633926392,0.41834473609924316,5.899500370025635,1173.0,1238.8878281622913
industrial_changeover,2097,420,2,Order2,420,5.808e-05,0.013443606439977884,1208.0,1213.0,5.6835105419158936,0.4426414966583252,6.126152038574219,1173.0,1238.8261904761905
industrial_changeover,2102,421,2,Order2,421,5.7980000000000004e-05,0.019044020678848028,1205.0,1213.0,5.464813470840454,0.43535852432250977,5.900171995162964,1173.0,1238.7648456057007
industrial_changeover,2107,422,2,Order2,422,5.788e-05,-0.03723106812685728,1177.0,1213.0,5.4820380210876465,0.4725797176361084,5.954617738723755,1173.0,1238.7037914691944
industrial_changeover,2112,423,2,Order2,423,5.778e-05,0.04234059527516365,1251.0,1213.0,5.256822824478149,0.42316555976867676,5.679988384246826,1173.0,1238.6430260047282
industrial_changeover,2117,424,2,Order2,424,5.7680000000000003e-05,0.021867838688194752,1240.0,1213.0,5.277430057525635,0.40927600860595703,5.686706066131592,1173.0,1238.5825471698113
industrial_changeover,2122,425,2,Order2,425,5.758e-05,0.001672012876952067,1205.0,1213.0,5.107925653457642,0.4138309955596924,5.521756649017334,1173.0,1238.5223529411765
industrial_changeover,2127,426,2,Order2,426,5.748e-05,0.0070524715119972825,1244.0,1213.0,5.49479603767395,0.47161197662353516,5.966408014297485,1173.0,1238.462441314554
industrial_changeover,2132,427,2,Order2,427,5.738e-05,0.02051851013675332,1207.0,1213.0,5.376943111419678,0.4237372875213623,5.80068039894104,1173.0,1238.4028103044498
industrial_changeover,2137,428,2,Order2,428,5.728e-05,0.017314014956355095,1212.0,1213.0,5.454196453094482,0.4452033042907715,5.899399757385254,1173.0,1238.3434579439252
industrial_changeover,2142,429,2,Order2,429,5.718e-05,0.005865642800927162,1212.0,1213.0,5.457388401031494,0.41293883323669434,5.8703272342681885,1173.0,1238.2843822843822
industrial_changeover,2147,430,2,Order2,430,5.708e-05,0.13717441633343697,1292.0,1213.0,5.405872106552124,0.4449596405029297,5.850831747055054,1173.0,1238.2255813953489
industrial_changeover,2152,431,2,Order2,431,5.698e-05,0.006302568828687072,1213.0,1213.0,5.572141885757446,0.45375633239746094,6.025898218154907,1173.0,1238.1670533642691
industrial_changeover,2157,432,2,Order2,432,5.688e-05,0.03234271891415119,1216.0,1213.0,5.43578028678894,0.4228498935699463,5.858630180358887,1173.0,1238.1087962962963
industrial_changeover,2162,433,2,Order2,433,5.678000000000001e-05,0.06500418856739998,1287.0,1213.0,5.66898250579834,0.437131404876709,6.106113910675049,1173.0,1238.0508083140878
industrial_changeover,2167,434,2,Order2,434,5.668e-05,0.012497327290475368,1205.0,1213.0,5.263837099075317,0.4289569854736328,5.69279408454895,1173.0,1237.9930875576038
industrial_changeover,2172,435,2,Order2,435,5.658000000000001e-05,0.02761369990184903,1210.0,1213.0,5.3250274658203125,0.4368278980255127,5.761855363845825,1173.0,1237.935632183908
industrial_changeover,2177,436,2,Order2,436,5.648e-05,0.08668823167681694,1296.0,1213.0,5.273792743682861,0.40756678581237793,5.681359529495239,1173.0,1237.8784403669724
industrial_changeover,2182,437,2,Order2,437,5.638000000000001e-05,0.08369162492454052,1298.0,1213.0,5.555605173110962,0.44513678550720215,6.000741958618164,1173.0,1237.8215102974827
industrial_changeover,2187,438,2,Order2,438,5.6279999999999996e-05,0.01173721463419497,1210.0,1213.0,5.388381242752075,0.44037890434265137,5.828760147094727,1173.0,1237.7648401826484
industrial_changeover,2192,439,2,Order2,439,5.618000000000001e-05,-0.012378897750750184,1209.0,1213.0,5.224441766738892,0.4163374900817871,5.640779256820679,1173.0,1237.7084282460137
industrial_changeover,2197,440,2,Order2,440,5.608e-05,0.022761093452572823,1209.0,1213.0,5.334156036376953,0.4388260841369629,5.772982120513916,1173.0,1237.6522727272727
industrial_changeover,2202,441,2,Order2,441,5.598000000000001e-05,0.052975405007600784,1250.0,1213.0,5.427231550216675,0.4315767288208008,5.858808279037476,1173.0,1237.5963718820863
industrial_changeover,2207,442,2,Order2,442,5.588e-05,0.10116915218532085,1296.0,1213.0,5.576391220092773,0.4398069381713867,6.01619815826416,1173.0,1237.5407239819006
industrial_changeover,2212,443,2,Order2,443,5.578000000000001e-05,0.015039815567433834,1210.0,1213.0,5.422711610794067,0.4213860034942627,5.84409761428833,1173.0,1237.4853273137699
industrial_changeover,2217,444,2,Order2,444,5.5679999999999995e-05,-0.0032613661605864763,1212.0,1213.0,5.28655743598938,0.4293324947357178,5.715889930725098,1173.0,1237.4301801801803
industrial_changeover,2222,445,2,Order2,445,5.5580000000000007e-05,0.1025029681622982,1296.0,1213.0,5.682225704193115,0.451770544052124,6.133996248245239,1173.0,1237.3752808988763
industrial_changeover,2227,446,2,Order2,446,5.548e-05,0.09669625945389271,1301.0,1213.0,5.299180269241333,0.4109160900115967,5.71009635925293,1173.0,1237.3206278026905
industrial_changeover,2232,447,2,Order2,447,5.538000000000001e-05,-0.03333850111812353,1177.0,1213.0,5.279416561126709,0.4184713363647461,5.697887897491455,1173.0,1237.2662192393736
industrial_changeover,2237,448,2,Order2,448,5.528e-05,0.00027294304163660854,1209.0,1213.0,5.235469579696655,0.42153334617614746,5.657002925872803,1173.0,1237.2120535714287
industrial_changeover,2242,449,2,Order2,449,5.518000000000001e-05,0.013080050237476826,1254.0,1213.0,5.384906053543091,0.4498932361602783,5.834799289703369,1173.0,1237.1581291759464
industrial_changeover,2247,450,2,Order2,450,5.508e-05,0.036447915248572826,1203.0,1213.0,5.474946022033691,0.4658637046813965,5.940809726715088,1173.0,1237.1044444444444
industrial_changeover,2252,451,2,Order2,451,5.498000000000001e-05,-0.0024108736542984843,1249.0,1213.0,5.3564231395721436,0.4224085807800293,5.778831720352173,1173.0,1237.050997782705
industrial_changeover,2257,452,2,Order2,452,5.4879999999999996e-05,0.036486053839325905,1213.0,1213.0,5.312720775604248,0.4160456657409668,5.728766441345215,1173.0,1236.9977876106195
industrial_changeover,2262,453,2,Order2,453,5.478000000000001e-05,0.003654845233540982,1212.0,1213.0,5.409131288528442,0.42625927925109863,5.835390567779541,1173.0,1236.944812362031
industrial_changeover,2267,454,2,Order2,454,5.468e-05,0.035005927085876465,1204.0,1213.0,5.454653024673462,0.42566823959350586,5.880321264266968,1173.0,1236.8920704845816
industrial_changeover,2272,455,2,Order2,455,5.458000000000001e-05,0.013423808617517352,1213.0,1213.0,5.491106986999512,0.4382669925689697,5.9293739795684814,1173.0,1236.8395604395605
industrial_changeover,2277,456,2,Order2,456,5.448e-05,0.019913654774427414,1251.0,1213.0,5.500103950500488,0.44040441513061523,5.9405083656311035,1173.0,1236.7872807017543
industrial_changeover,2282,457,2,Order2,457,5.438000000000001e-05,0.01829645037651062,1213.0,1213.0,5.684485197067261,0.45685744285583496,6.141342639923096,1173.0,1236.7352297592997
industrial_changeover,2287,458,2,Order2,458,5.4279999999999995e-05,-0.003205397864803672,1212.0,1213.0,5.285515069961548,0.4188957214355469,5.704410791397095,1173.0,1236.683406113537
industrial_changeover,2292,459,2,Order2,459,5.4180000000000006e-05,0.0026520690880715847,1209.0,1213.0,5.2481348514556885,0.41105222702026367,5.659187078475952,1173.0,1236.631808278867
industrial_changeover,2297,460,2,Order2,460,5.408e-05,0.010510837892070413,1207.0,1213.0,5.2438600063323975,0.41394782066345215,5.65780782699585,1173.0,1236.5804347826088
industrial_changeover,2302,461,2,Order2,461,5.398000000000001e-05,-0.0052090141689404845,1208.0,1213.0,5.689598083496094,0.45209527015686035,6.141693353652954,1173.0,1236.529284164859
industrial_changeover,2307,462,2,Order2,462,5.388e-05,0.0514355655759573,1213.0,1213.0,5.531491279602051,0.44167566299438477,5.9731669425964355,1173.0,1236.478354978355
industrial_changeover,2312,463,2,Order2,463,5.378000000000001e-05,0.10459139198064804,1301.0,1213.0,5.352073907852173,0.4343278408050537,5.786401748657227,1173.0,1236.427645788337
industrial_changeover,2317,464,2,Order2,464,5.3679999999999994e-05,-0.016551817767322063,1208.0,1213.0,5.534414052963257,0.4188826084136963,5.953296661376953,1173.0,1236.3771551724137
industrial_changeover,2322,465,2,Order2,465,5.3580000000000005e-05,0.06686624325811863,1207.0,1213.0,5.392449855804443,0.4360957145690918,5.828545570373535,1173.0,1236.32688172043
industrial_changeover,2327,466,2,Order2,466,5.3479999999999996e-05,0.0016306733014062047,1210.0,1213.0,5.467298269271851,0.44536733627319336,5.912665605545044,1173.0,1236.2768240343348
industrial_changeover,2332,467,2,Order2,467,5.338000000000001e-05,-0.0007707859767833725,1208.0,1213.0,5.6253533363342285,0.44481754302978516,6.070170879364014,1173.0,1236.2269807280513
industrial_changeover,2337,468,2,Order2,468,5.328e-05,0.007672867272049189,1212.0,1213.0,5.5825889110565186,0.4305737018585205,6.013162612915039,1173.0,1236.1773504273503
industrial_changeover,2342,469,2,Order2,469,5.318000000000001e-05,0.020604700781404972,1209.0,1213.0,5.331058025360107,0.4170358180999756,5.748093843460083,1173.0,1236.1279317697229
industrial_changeover,2347,470,2,Order2,470,5.307999999999999e-05,0.01172514446079731,1204.0,1213.0,5.303223609924316,0.42652225494384766,5.729745864868164,1173.0,1236.0787234042552
industrial_changeover,2352,471,2,Order2,471,5.2980000000000004e-05,0.025533455424010754,1204.0,1213.0,5.278416633605957,0.40997791290283203,5.688394546508789,1173.0,1236.0297239915074
industrial_changeover,2357,472,2,Order2,472,5.2879999999999995e-05,-0.013346343766897917,1187.0,1213.0,5.3323328495025635,0.4484570026397705,5.780789852142334,1173.0,1235.9809322033898
industrial_changeover,2362,473,2,Order2,473,5.2780000000000006e-05,0.006107553839683533,1209.0,1213.0,5.621011018753052,0.41672658920288086,6.037737607955933,1173.0,1235.9323467230445
industrial_changeover,2367,474,2,Order2,474,5.268e-05,0.02171088894829154,1209.0,1213.0,5.346726417541504,0.42011213302612305,5.766838550567627,1173.0,1235.8839662447258
industrial_changeover,2372,475,2,Order2,475,5.258000000000001e-05,0.010698130819946527,1208.0,1213.0,5.359782457351685,0.4361412525177002,5.795923709869385,1173.0,1235.8357894736841
industrial_changeover,2377,476,2,Order2,476,5.248e-05,-0.00286061386577785,1184.0,1213.0,5.388610124588013,0.4185628890991211,5.807173013687134,1173.0,1235.7878151260504
industrial_changeover,2382,477,2,Order2,477,5.238000000000001e-05,0.007658496149815619,1209.0,1213.0,5.420669317245483,0.4657454490661621,5.8864147663116455,1173.0,1235.7400419287212
industrial_changeover,2387,478,2,Order2,478,5.2279999999999994e-05,0.030688229016959667,1210.0,1213.0,5.497893333435059,0.4311068058013916,5.92900013923645,1173.0,1235.692468619247
industrial_changeover,2392,479,2,Order2,479,5.2180000000000005e-05,-0.013708278071135283,1207.0,1213.0,5.515333414077759,0.4073328971862793,5.922666311264038,1173.0,1235.6450939457202
industrial_changeover,2397,480,2,Order2,480,5.2079999999999996e-05,0.014865160686895251,1212.0,1213.0,5.449166297912598,0.42621493339538574,5.875381231307983,1173.0,1235.5979166666666
industrial_changeover,2402,481,2,Order2,481,5.198000000000001e-05,0.05174242239445448,1242.0,1213.0,5.3579185009002686,0.4201016426086426,5.778020143508911,1173.0,1235.5509355509355
industrial_changeover,2407,482,2,Order2,482,5.188e-05,-0.008308039978146553,1201.0,1213.0,5.276681184768677,0.4262690544128418,5.7029502391815186,1173.0,1235.5041493775934
industrial_changeover,2412,483,2,Order2,483,5.178000000000001e-05,0.0029632668010890484,1210.0,1213.0,5.254539966583252,0.41651225090026855,5.6710522174835205,1173.0,1235.4575569358178
industrial_changeover,2417,484,2,Order2,484,5.167999999999999e-05,0.027616734616458416,1204.0,1213.0,5.655111312866211,0.4300518035888672,6.085163116455078,1173.0,1235.4111570247933
industrial_changeover,2422,485,2,Order2,485,5.1580000000000004e-05,-0.024701370391994715,1212.0,1213.0,5.351199626922607,0.47939562797546387,5.830595254898071,1173.0,1235.3649484536083
industrial_changeover,2427,486,2,Order2,486,5.1479999999999995e-05,0.07675525732338428,1251.0,1213.0,5.425750255584717,0.4616718292236328,5.88742208480835,1173.0,1235.3189300411523
industrial_changeover,2432,487,2,Order2,487,5.1380000000000006e-05,0.017142232973128557,1207.0,1213.0,5.3045654296875,0.4083669185638428,5.712932348251343,1173.0,1235.2731006160163
industrial_changeover,2437,488,2,Order2,488,5.128e-05,-0.0024741394445300102,1205.0,1213.0,5.334113121032715,0.4247324466705322,5.758845567703247,1173.0,1235.2274590163934
industrial_changeover,2442,489,2,Order2,489,5.118000000000001e-05,0.07829902321100235,1296.0,1213.0,5.435297727584839,0.4264497756958008,5.86174750328064,1173.0,1235.1820040899795
industrial_changeover,2447,490,2,Order2,490,5.107999999999999e-05,0.028419740963727236,1250.0,1213.0,5.514952659606934,0.43859052658081055,5.953543186187744,1173.0,1235.1367346938775
industrial_changeover,2452,491,2,Order2,491,5.098e-05,1.0179603123106062e-05,1209.0,1213.0,5.463493824005127,0.4169735908508301,5.880467414855957,1173.0,1235.091649694501
industrial_changeover,2457,492,2,Order2,492,5.0879999999999994e-05,-0.008485616417601705,1208.0,1213.0,5.501421928405762,0.4290030002593994,5.930424928665161,1173.0,1235.0467479674796
industrial_changeover,2462,493,2,Order2,493,5.0780000000000005e-05,0.004996650270186365,1212.0,1213.0,5.340186357498169,0.40532851219177246,5.745514869689941,1173.0,1235.002028397566
industrial_changeover,2467,494,2,Order2,494,5.0679999999999996e-05,-0.008278845343738794,1207.0,1213.0,5.288964033126831,0.42128658294677734,5.710250616073608,1173.0,1234.9574898785424
industrial_changeover,2472,495,2,Order2,495,5.058000000000001e-05,0.04959331266582012,1250.0,1213.0,5.334634780883789,0.4088435173034668,5.743478298187256,1173.0,1234.9131313131313
industrial_changeover,2477,496,2,Order2,496,5.0480000000000005e-05,0.019214510917663574,1204.0,1213.0,5.30916428565979,0.44237399101257324,5.751538276672363,1173.0,1234.8689516129032
industrial_changeover,2482,497,2,Order2,497,5.038e-05,0.0048414148623123765,1204.0,1213.0,5.4456446170806885,0.42524123191833496,5.870885848999023,1173.0,1234.8249496981891
industrial_changeover,2487,498,2,Order2,498,5.0280000000000006e-05,0.04005173034965992,1204.0,1213.0,5.430069208145142,0.42478132247924805,5.85485053062439,1173.0,1234.7811244979919
industrial_changeover,2492,499,2,Order2,499,5.0180000000000004e-05,0.009779472835361958,1204.0,1213.0,5.464572429656982,0.4292452335357666,5.893817663192749,1173.0,1234.7374749498997
industrial_changeover,2497,500,2,Order2,500,5.008e-05,0.02049732254818082,1209.0,1213.0,5.452215909957886,0.42305874824523926,5.875274658203125,1173.0,1234.694
industrial_changeover,2502,501,2,Order2,501,4.9980000000000006e-05,0.02785896137356758,1253.0,1213.0,5.5662806034088135,0.4443192481994629,6.010599851608276,1173.0,1234.6506986027944
industrial_changeover,2507,502,2,Order2,502,4.9880000000000004e-05,0.004674556665122509,1209.0,1213.0,5.609736204147339,0.4467182159423828,6.056454420089722,1173.0,1234.6075697211156
industrial_changeover,2512,503,2,Order2,503,4.978e-05,0.034260847605764866,1209.0,1213.0,5.528146028518677,0.4285547733306885,5.956700801849365,1173.0,1234.5646123260437
industrial_changeover,2517,504,2,Order2,504,4.9680000000000005e-05,0.02614993369206786,1208.0,1213.0,5.7339630126953125,0.42865848541259766,6.16262149810791,1173.0,1234.5218253968253
industrial_changeover,2522,505,2,Order2,505,4.958e-05,-0.032520851120352745,1174.0,1213.0,5.258806467056274,0.414003849029541,5.672810316085815,1173.0,1234.479207920792
industrial_changeover,2527,506,2,Order2,506,4.948000000000001e-05,0.00582595937885344,1204.0,1213.0,5.380979299545288,0.4323747158050537,5.813354015350342,1173.0,1234.4367588932807
industrial_changeover,2532,507,2,Order2,507,4.9380000000000005e-05,0.0221452577970922,1207.0,1213.0,5.211580991744995,0.4325828552246094,5.6441638469696045,1173.0,1234.3944773175542
industrial_changeover,2537,508,2,Order2,508,4.928e-05,0.018842858262360096,1209.0,1213.0,5.597182273864746,0.45421361923217773,6.051395893096924,1173.0,1234.3523622047244
industrial_changeover,2542,509,2,Order2,509,4.918000000000001e-05,0.04156298749148846,1250.0,1213.0,5.461101531982422,0.42061495780944824,5.88171648979187,1173.0,1234.3104125736738
industrial_changeover,2547,510,2,Order2,510,4.9080000000000004e-05,0.016717305406928062,1204.0,1213.0,5.406625986099243,0.4326455593109131,5.839271545410156,1173.0,1234.2686274509804
industrial_changeover,2552,511,2,Order2,511,4.898e-05,0.0038122101104818285,1204.0,1213.0,5.410247802734375,0.43206024169921875,5.842308044433594,1173.0,1234.2270058708416
industrial_changeover,2557,512,2,Order2,512,4.8880000000000006e-05,0.00954624405130744,1208.0,1213.0,5.491893291473389,0.4800229072570801,5.971916198730469,1173.0,1234.185546875
industrial_changeover,2562,513,2,Order2,513,4.8780000000000004e-05,0.01641744375228882,1213.0,1213.0,5.575281620025635,0.45105433464050293,6.026335954666138,1173.0,1234.1442495126705
industrial_changeover,2567,514,2,Order2,514,4.868e-05,-0.021799093578010798,1173.0,1213.0,5.520203590393066,0.4693152904510498,5.989518880844116,1173.0,1234.103112840467
industrial_changeover,2572,515,2,Order2,515,4.8580000000000006e-05,0.05105978716164827,1289.0,1208.0,5.524848699569702,0.44857287406921387,5.973421573638916,1173.0,1234.052427184466
industrial_changeover,2577,516,2,Order2,516,4.8480000000000003e-05,-0.03549608588218689,1177.0,1213.0,5.398234605789185,0.41023731231689453,5.808471918106079,1173.0,1234.0116279069769
industrial_changeover,2582,517,2,Order2,517,4.838e-05,0.002311458345502615,1204.0,1213.0,5.34976053237915,0.4114990234375,5.76125955581665,1173.0,1233.970986460348
industrial_changeover,2587,518,2,Order2,518,4.8280000000000005e-05,-0.00011483462003525347,1208.0,1213.0,5.212500095367432,0.4129447937011719,5.6254448890686035,1173.0,1233.930501930502
industrial_changeover,2592,519,2,Order2,519,4.818e-05,0.03129468346014619,1208.0,1213.0,5.41960334777832,0.45728564262390137,5.876888990402222,1173.0,1233.8901734104047
industrial_changeover,2597,520,2,Order2,520,4.808e-05,-0.0037419345462694764,1213.0,1213.0,5.3862175941467285,0.4463181495666504,5.832535743713379,1173.0,1233.85
industrial_changeover,2602,521,2,Order2,521,4.7980000000000005e-05,0.024624578189104795,1205.0,1213.0,5.41426420211792,0.4255032539367676,5.8397674560546875,1173.0,1233.809980806142
industrial_changeover,2607,522,2,Order2,522,4.788e-05,0.023408408742398024,1213.0,1213.0,5.405546426773071,0.41718220710754395,5.822728633880615,1173.0,1233.7701149425288
industrial_changeover,2612,523,2,Order2,523,4.778e-05,0.0175553853623569,1210.0,1213.0,5.400602340698242,0.4200882911682129,5.820690631866455,1173.0,1233.7304015296368
industrial_changeover,2617,524,2,Order2,524,4.7680000000000004e-05,0.03421181160956621,1241.0,1213.0,5.4097137451171875,0.4431324005126953,5.852846145629883,1173.0,1233.6908396946565
industrial_changeover,2622,525,2,Order2,525,4.758e-05,0.013143771793693304,1218.0,1213.0,5.483793497085571,0.43314123153686523,5.9169347286224365,1173.0,1233.6514285714286
industrial_changeover,2627,526,2,Order2,526,4.748e-05,-0.012475667288526893,1205.0,1213.0,5.368192195892334,0.4352231025695801,5.803415298461914,1173.0,1233.6121673003802
industrial_changeover,2632,527,2,Order2,527,4.7380000000000004e-05,0.03522737044841051,1208.0,1213.0,5.4538280963897705,0.43660497665405273,5.890433073043823,1173.0,1233.573055028463
industrial_changeover,2637,528,2,Order2,528,4.728e-05,0.048438078723847866,1245.0,1213.0,5.309719085693359,0.42444610595703125,5.734165191650391,1173.0,1233.534090909091
industrial_changeover,2642,529,2,Order2,529,4.718e-05,0.026812393218278885,1203.0,1213.0,5.231106519699097,0.42542600631713867,5.656532526016235,1173.0,1233.4952741020793
industrial_changeover,2647,530,2,Order2,530,4.708e-05,-0.035734623670578,1208.0,1213.0,5.179827690124512,0.4092214107513428,5.5890491008758545,1173.0,1233.456603773585
industrial_changeover,2652,531,2,Order2,531,4.698e-05,-0.016814465634524822,1204.0,1213.0,5.812864303588867,0.4441561698913574,6.257020473480225,1173.0,1233.4180790960452
industrial_changeover,2657,532,2,Order2,532,4.688e-05,0.00712344644125551,1207.0,1213.0,5.549838542938232,0.43857407569885254,5.988412618637085,1173.0,1233.3796992481202
industrial_changeover,2662,533,2,Order2,533,4.678e-05,0.020743739791214466,1209.0,1213.0,5.349903345108032,0.4580960273742676,5.8079993724823,1173.0,1233.341463414634
industrial_changeover,2667,534,2,Order2,534,4.668e-05,0.03947093337774277,1241.0,1213.0,5.415928363800049,0.435718297958374,5.851646661758423,1173.0,1233.3033707865168
industrial_changeover,2672,535,2,Order2,535,4.6580000000000005e-05,-0.02316530141979456,1174.0,1213.0,5.384158611297607,0.42159056663513184,5.805749177932739,1173.0,1233.2654205607478
industrial_changeover,2677,536,2,Order2,536,4.648e-05,0.07256364077329636,1301.0,1208.0,5.5424582958221436,0.4297044277191162,5.97216272354126,1173.0,1233.2182835820895
industrial_changeover,2682,537,2,Order2,537,4.638e-05,0.02495343517512083,1212.0,1213.0,5.473809003829956,0.4177396297454834,5.8915486335754395,1173.0,1233.1806331471137
industrial_changeover,2687,538,2,Order2,538,4.6280000000000004e-05,-0.018709108233451843,1208.0,1213.0,5.312953233718872,0.4283277988433838,5.741281032562256,1173.0,1233.1431226765799
industrial_changeover,2692,539,2,Order2,539,4.618e-05,0.013968490529805422,1209.0,1213.0,5.655127048492432,0.43616771697998047,6.091294765472412,1173.0,1233.1057513914657
industrial_changeover,2697,540,2,Order2,540,4.608e-05,0.02610501740127802,1209.0,1213.0,5.272242546081543,0.4294612407684326,5.701703786849976,1173.0,1233.0685185185184
industrial_changeover,2702,541,2,Order2,541,4.5980000000000004e-05,0.010880190413445234,1209.0,1213.0,5.360306024551392,0.407914400100708,5.7682204246521,1173.0,1233.0314232902033
industrial_changeover,2707,542,2,Order2,542,4.588e-05,0.02098076557740569,1212.0,1213.0,5.238945484161377,0.4085242748260498,5.647469758987427,1173.0,1232.9944649446495
industrial_changeover,2712,543,2,Order2,543,4.578e-05,0.03511643409729004,1213.0,1213.0,5.565903186798096,0.4587867259979248,6.0246899127960205,1173.0,1232.9576427255986
industrial_changeover,2717,544,2,Order2,544,4.568e-05,0.001991293451283127,1210.0,1213.0,5.405368328094482,0.44754576683044434,5.852914094924927,1173.0,1232.920955882353
industrial_changeover,2722,545,2,Order2,545,4.558e-05,-0.04301259759813547,1177.0,1208.0,5.328956604003906,0.4366745948791504,5.765631198883057,1173.0,1232.8752293577982
industrial_changeover,2727,546,2,Order2,546,4.548e-05,0.015141627984121442,1209.0,1208.0,5.266557216644287,0.4245152473449707,5.691072463989258,1173.0,1232.8296703296703
industrial_changeover,2732,547,2,Order2,547,4.538e-05,0.02475018845871091,1204.0,1208.0,5.380974531173706,0.41832661628723145,5.7993011474609375,1173.0,1232.784277879342
industrial_changeover,2737,548,2,Order2,548,4.528e-05,0.025065964087843895,1219.0,1208.0,5.4015052318573,0.4251282215118408,5.826633453369141,1173.0,1232.7390510948906
industrial_changeover,2742,549,2,Order2,549,4.518e-05,0.007055126246996224,1183.0,1208.0,5.353815793991089,0.41770267486572266,5.7715184688568115,1173.0,1232.6939890710382
industrial_changeover,2747,550,2,Order2,550,4.508e-05,0.009944907389581203,1203.0,1208.0,5.329193830490112,0.4432337284088135,5.772427558898926,1173.0,1232.649090909091
industrial_changeover,2752,551,2,Order2,551,4.498e-05,0.010970513336360455,1203.0,1208.0,5.492586851119995,0.41865038871765137,5.9112372398376465,1173.0,1232.6043557168784
industrial_changeover,2757,552,2,Order2,552,4.488e-05,0.02073348220437765,1218.0,1208.0,5.302297353744507,0.41835641860961914,5.720653772354126,1173.0,1232.5597826086957
industrial_changeover,2762,553,2,Order2,553,4.478e-05,0.012084804708138108,1210.0,1208.0,5.28939414024353,0.4075477123260498,5.69694185256958,1173.0,1232.515370705244
industrial_changeover,2767,554,2,Order2,554,4.468e-05,0.2640218660235405,1434.0,1208.0,5.266146183013916,0.4353952407836914,5.701541423797607,1173.0,1232.4711191335741
industrial_changeover,2772,555,2,Order2,555,4.458e-05,-0.05327972862869501,1177.0,1208.0,5.448949575424194,0.468508243560791,5.917457818984985,1173.0,1232.427027027027
industrial_changeover,2777,556,2,Order2,556,4.448e-05,0.016300519462674856,1215.0,1213.0,5.349035739898682,0.4330863952636719,5.7821221351623535,1173.0,1232.3920863309352
industrial_changeover,2782,557,2,Order2,557,4.438e-05,0.04730664286762476,1249.0,1208.0,5.497015714645386,0.43349194526672363,5.930507659912109,1173.0,1232.3482944344703
industrial_changeover,2787,558,2,Order2,558,4.4279999999999996e-05,-0.016301883850246668,1187.0,1208.0,5.3282692432403564,0.4385108947753906,5.766780138015747,1173.0,1232.304659498208
industrial_changeover,2792,559,2,Order2,559,4.418e-05,0.012552949134260416,1230.0,1208.0,5.377211332321167,0.4371776580810547,5.814388990402222,1173.0,1232.2611806797854
industrial_changeover,2797,560,2,Order2,560,4.408e-05,-0.025490296073257923,1212.0,1208.0,5.536981821060181,0.421161413192749,5.95814323425293,1173.0,1232.2178571428572
industrial_changeover,2802,561,2,Order2,561,4.3979999999999996e-05,0.0009087155922316015,1208.0,1213.0,5.391922235488892,0.42206859588623047,5.813990831375122,1173.0,1232.1836007130125
industrial_changeover,2807,562,2,Order2,562,4.388e-05,0.03596354089677334,1218.0,1213.0,5.580499172210693,0.4319627285003662,6.01246190071106,1173.0,1232.1494661921708
industrial_changeover,2812,563,2,Order2,563,4.378e-05,-0.014226427534595132,1208.0,1213.0,5.412747383117676,0.4503340721130371,5.863081455230713,1173.0,1232.1154529307282
industrial_changeover,2817,564,2,Order2,564,4.368e-05,0.015922945458441973,1207.0,1213.0,5.2545483112335205,0.4275691509246826,5.682117462158203,1173.0,1232.0815602836878
industrial_changeover,2822,565,2,Order2,565,4.358e-05,-0.020316621754318476,1209.0,1213.0,5.516494035720825,0.5274007320404053,6.0438947677612305,1173.0,1232.0477876106195
industrial_changeover,2827,566,2,Order2,566,4.348e-05,0.028432199265807867,1210.0,1213.0,5.2698750495910645,0.44553589820861816,5.715410947799683,1173.0,1232.0141342756183
industrial_changeover,2832,567,2,Order2,567,4.338e-05,0.006558066699653864,1231.0,1213.0,5.35107421875,0.4642057418823242,5.815279960632324,1173.0,1231.9805996472662
industrial_changeover,2837,568,2,Order2,568,4.328e-05,-0.02485993644222617,1209.0,1213.0,5.234174966812134,0.40955615043640137,5.643731117248535,1173.0,1231.9471830985915
industrial_changeover,2842,569,2,Order2,569,4.3179999999999997e-05,0.05001061875373125,1250.0,1213.0,5.324328184127808,0.41507983207702637,5.739408016204834,1173.0,1231.9138840070298
industrial_changeover,2847,570,2,Order2,570,4.308e-05,0.012085780035704374,1213.0,1213.0,5.393487930297852,0.411029577255249,5.804517507553101,1173.0,1231.8807017543859
industrial_changeover,2852,571,2,Order2,571,4.298e-05,0.018795606214553118,1210.0,1213.0,5.46055006980896,0.4311084747314453,5.891658544540405,1173.0,1231.847635726795
industrial_changeover,2857,572,2,Order2,572,4.2879999999999996e-05,0.09482368268072605,1298.0,1213.0,5.573755502700806,0.42505908012390137,5.998814582824707,1173.0,1231.8146853146852
industrial_changeover,2862,573,2,Order2,573,4.278e-05,0.040407576598227024,1250.0,1213.0,5.435805320739746,0.417788028717041,5.853593349456787,1173.0,1231.78184991274
industrial_changeover,2867,574,2,Order2,574,4.268e-05,0.008359236177057028,1207.0,1213.0,5.724032640457153,0.4524552822113037,6.176487922668457,1173.0,1231.7491289198606
industrial_changeover,2872,575,2,Order2,575,4.2579999999999996e-05,0.007441252586431801,1204.0,1213.0,5.50531005859375,0.41993260383605957,5.92524266242981,1173.0,1231.7165217391305
industrial_changeover,2877,576,2,Order2,576,4.248e-05,-0.0028732907376252115,1174.0,1213.0,5.396244764328003,0.4298214912414551,5.826066255569458,1173.0,1231.6840277777778
industrial_changeover,2882,577,2,Order2,577,4.238e-05,-0.025557500775903463,1184.0,1208.0,5.259305953979492,0.41225147247314453,5.671557426452637,1173.0,1231.6429809358751
industrial_changeover,2887,578,2,Order2,578,4.2279999999999995e-05,-6.600777851417661e-05,1207.0,1208.0,5.553730487823486,0.4500908851623535,6.00382137298584,1173.0,1231.6020761245675
industrial_changeover,2892,579,2,Order2,579,4.218e-05,0.06292910128831863,1254.0,1208.0,5.545069694519043,0.4867434501647949,6.031813144683838,1173.0,1231.5613126079447
industrial_changeover,2897,580,2,Order2,580,4.208e-05,0.00038372763810912147,1201.0,1208.0,5.32958459854126,0.41543006896972656,5.745014667510986,1173.0,1231.5206896551724
industrial_changeover,2902,581,2,Order2,581,4.1979999999999994e-05,0.0022246965090744197,1203.0,1207.0,5.329988479614258,0.41971731185913086,5.749705791473389,1173.0,1231.4784853700517
industrial_changeover,2907,582,2,Order2,582,4.188e-05,0.014205072307959199,1203.0,1207.0,5.39120078086853,0.4272122383117676,5.818413019180298,1173.0,1231.4364261168384
industrial_changeover,2912,583,2,Order2,583,4.1779999999999996e-05,-0.006734242895618081,1205.0,1207.0,5.477535247802734,0.44283008575439453,5.920365333557129,1173.0,1231.394511149228
industrial_changeover,2917,584,2,Order2,584,4.1679999999999994e-05,0.021816969383507967,1209.0,1213.0,5.3542070388793945,0.4236299991607666,5.777837038040161,1173.0,1231.36301369863
industrial_changeover,2922,585,2,Order2,585,4.158e-05,0.1671793833374977,1387.0,1213.0,5.529618978500366,0.45654773712158203,5.986166715621948,1173.0,1231.3316239316239
industrial_changeover,2927,586,2,Order2,586,4.1479999999999996e-05,0.010443525854498148,1205.0,1213.0,5.572188138961792,0.4416661262512207,6.013854265213013,1173.0,1231.3003412969283
industrial_changeover,2932,587,2,Order2,587,4.1379999999999993e-05,0.02940247254446149,1253.0,1213.0,5.381858825683594,0.4181180000305176,5.799976825714111,1173.0,1231.2691652470187
industrial_changeover,2937,588,2,Order2,588,4.128e-05,-0.019513716455549,1173.0,1213.0,5.3268749713897705,0.4186513423919678,5.745526313781738,1173.0,1231.2380952380952
industrial_changeover,2942,589,2,Order2,589,4.118000000000001e-05,-0.009144585346803069,1204.0,1213.0,5.269798755645752,0.4093613624572754,5.679160118103027,1173.0,1231.207130730051
industrial_changeover,2947,590,2,Order2,590,4.1080000000000006e-05,0.0034522561472840607,1203.0,1213.0,5.261770486831665,0.44266557693481445,5.7044360637664795,1173.0,1231.1762711864408
industrial_changeover,2952,591,2,Order2,591,4.0980000000000004e-05,0.02566281845793128,1205.0,1213.0,5.629180192947388,0.4267127513885498,6.0558929443359375,1173.0,1231.1455160744501
industrial_changeover,2957,592,2,Order2,592,4.088000000000001e-05,0.005355718079954386,1203.0,1213.0,5.341361999511719,0.42560553550720215,5.766967535018921,1173.0,1231.1148648648648
industrial_changeover,2962,593,2,Order2,593,4.0780000000000006e-05,0.005237718462012708,1209.0,1213.0,5.245088338851929,0.4145932197570801,5.659681558609009,1173.0,1231.0843170320404
industrial_changeover,2967,594,2,Order2,594,4.068000000000001e-05,0.013044736348092556,1207.0,1213.0,5.48974084854126,0.4081759452819824,5.897916793823242,1173.0,1231.053872053872
industrial_changeover,2972,595,2,Order2,595,4.058000000000001e-05,0.06528125330805779,1287.0,1213.0,5.627645015716553,0.45249080657958984,6.080135822296143,1173.0,1231.0235294117647
industrial_changeover,2977,596,2,Order2,596,4.0480000000000005e-05,0.016390821430832148,1209.0,1213.0,5.5802741050720215,0.43584537506103516,6.016119480133057,1173.0,1230.993288590604
industrial_changeover,2982,597,2,Order2,597,4.038000000000001e-05,-0.0006494177359854802,1204.0,1213.0,5.639848470687866,0.4385964870452881,6.078444957733154,1173.0,1230.963149078727
industrial_changeover,2987,598,2,Order2,598,4.028000000000001e-05,0.01785728568211198,1208.0,1213.0,5.26678466796875,0.42188000679016113,5.688664674758911,1173.0,1230.933110367893
industrial_changeover,2992,599,2,Order2,599,4.0180000000000005e-05,-0.03172887209802866,1177.0,1213.0,5.323664665222168,0.41671061515808105,5.740375280380249,1173.0,1230.9031719532554
industrial_changeover,2997,600,2,Order2,600,4.008000000000001e-05,0.008876709500327706,1210.0,1213.0,5.163316249847412,0.4058527946472168,5.569169044494629,1173.0,1230.8733333333332
industrial_changeover,3002,601,2,Order2,601,3.998000000000001e-05,0.10843724757432938,1296.0,1213.0,5.527106046676636,0.42375993728637695,5.950865983963013,1173.0,1230.8435940099835
industrial_changeover,3007,602,2,Order2,602,3.9880000000000004e-05,0.01296496787108481,1208.0,1213.0,5.489417552947998,0.42814064025878906,5.917558193206787,1173.0,1230.8139534883721
industrial_changeover,3012,603,2,Order2,603,3.978000000000001e-05,0.015239213826134801,1212.0,1213.0,5.2536842823028564,0.4224894046783447,5.676173686981201,1173.0,1230.7844112769485
industrial_changeover,3017,604,2,Order2,604,3.9680000000000006e-05,0.059662182815372944,1250.0,1213.0,5.386143922805786,0.44708847999572754,5.833232402801514,1173.0,1230.7549668874171
industrial_changeover,3022,605,2,Order2,605,3.9580000000000004e-05,-0.0072657117852941155,1212.0,1213.0,5.312656402587891,0.42363905906677246,5.736295461654663,1173.0,1230.7256198347106
industrial_changeover,3027,606,2,Order2,606,3.948000000000001e-05,0.020409561693668365,1212.0,1213.0,5.537942886352539,0.44609737396240234,5.984040260314941,1173.0,1230.6963696369637
industrial_changeover,3032,607,2,Order2,607,3.9380000000000006e-05,0.009104992495849729,1212.0,1213.0,5.531256675720215,0.450115442276001,5.981372117996216,1173.0,1230.667215815486
industrial_changeover,3037,608,2,Order2,608,3.9280000000000003e-05,-0.009107082383707166,1209.0,1213.0,5.5695672035217285,0.42885470390319824,5.998421907424927,1173.0,1230.6381578947369
industrial_changeover,3042,609,2,Order2,609,3.918000000000001e-05,0.11867875419557095,1298.0,1213.0,5.727339029312134,0.44063401222229004,6.167973041534424,1173.0,1230.6091954022988
industrial_changeover,3047,610,2,Order2,610,3.9080000000000005e-05,-0.0038248380296863616,1212.0,1213.0,5.349950790405273,0.43105220794677734,5.781002998352051,1173.0,1230.5803278688525
industrial_changeover,3052,611,2,Order2,611,3.898e-05,0.0881764404475689,1296.0,1213.0,5.345814228057861,0.4234912395477295,5.769305467605591,1173.0,1230.5515548281505
industrial_changeover,3057,612,2,Order2,612,3.888000000000001e-05,0.09274118021130562,1298.0,1213.0,5.1492838859558105,0.4115476608276367,5.560831546783447,1173.0,1230.5228758169935
industrial_changeover,3062,613,2,Order2,613,3.8780000000000005e-05,0.044595830142498016,1254.0,1213.0,5.544758319854736,0.43901920318603516,5.9837775230407715,1173.0,1230.494290375204
industrial_changeover,3067,614,2,Order2,614,3.868e-05,-0.02454817108809948,1208.0,1208.0,5.383142709732056,0.4595913887023926,5.842734098434448,1173.0,1230.457654723127
industrial_changeover,3072,615,2,Order2,615,3.858000000000001e-05,-0.02240639878436923,1184.0,1208.0,5.434082508087158,0.4187002182006836,5.852782726287842,1173.0,1230.4211382113822
industrial_changeover,3077,616,2,Order2,616,3.8480000000000004e-05,-0.024240190163254738,1173.0,1208.0,5.518640041351318,0.4342629909515381,5.9529030323028564,1173.0,1230.3847402597403
industrial_changeover,3082,617,2,Order2,617,3.838e-05,-0.019481686409562826,1174.0,1208.0,5.538483619689941,0.4465506076812744,5.985034227371216,1173.0,1230.3484602917342
industrial_changeover,3087,618,2,Order2,618,3.8280000000000006e-05,0.051046496257185936,1300.0,1208.0,5.6245551109313965,0.4364302158355713,6.060985326766968,1173.0,1230.312297734628
industrial_changeover,3092,619,2,Order2,619,3.8180000000000004e-05,-0.02157559897750616,1172.0,1208.0,5.575666427612305,0.4450042247772217,6.020670652389526,1173.0,1230.2762520193862
industrial_changeover,3097,620,2,Order2,620,3.808e-05,-0.028872715309262276,1177.0,1208.0,5.653928279876709,0.43550586700439453,6.0894341468811035,1173.0,1230.2403225806452
industrial_changeover,3102,621,2,Order2,621,3.7980000000000006e-05,0.024609748739749193,1205.0,1208.0,5.629998445510864,0.43682217597961426,6.0668206214904785,1173.0,1230.2045088566829
industrial_changeover,3107,622,2,Order2,622,3.788e-05,0.018522737082093954,1208.0,1208.0,5.439884901046753,0.4314546585083008,5.871339559555054,1173.0,1230.168810289389
industrial_changeover,3112,623,2,Order2,623,3.778000000000001e-05,-0.01887174043804407,1184.0,1208.0,5.443675994873047,0.4137451648712158,5.857421159744263,1173.0,1230.1332263242375
industrial_changeover,3117,624,2,Order2,624,3.7680000000000005e-05,-0.022658665664494038,1176.0,1208.0,5.2005250453948975,0.40494561195373535,5.605470657348633,1173.0,1230.0977564102564
industrial_changeover,3122,625,2,Order2,625,3.758e-05,-0.011398838367313147,1176.0,1208.0,5.341161012649536,0.4397306442260742,5.78089165687561,1173.0,1230.0624
industrial_changeover,3127,626,2,Order2,626,3.748000000000001e-05,0.018606821540743113,1204.0,1208.0,5.721455335617065,0.4416811466217041,6.1631364822387695,1173.0,1230.0271565495207
industrial_changeover,3132,627,2,Order2,627,3.7380000000000005e-05,-0.008183138212189078,1187.0,1213.0,5.347354173660278,0.42655444145202637,5.773908615112305,1173.0,1230.0
industrial_changeover,3137,628,2,Order2,628,3.728e-05,-0.02586085582152009,1184.0,1213.0,5.492162466049194,0.42879796028137207,5.920960426330566,1173.0,1229.9729299363057
industrial_changeover,3142,629,2,Order2,629,3.7180000000000007e-05,0.04545089229941368,1250.0,1208.0,5.580229043960571,0.4529874324798584,6.03321647644043,1173.0,1229.9379968203498
industrial_changeover,3147,630,2,Order2,630,3.7080000000000004e-05,0.010411916300654411,1204.0,1208.0,5.471839904785156,0.43299293518066406,5.90483283996582,1173.0,1229.9031746031746
industrial_changeover,3152,631,2,Order2,631,3.698e-05,-0.02367973979562521,1172.0,1208.0,5.496525287628174,0.45157837867736816,5.948103666305542,1173.0,1229.8684627575278
industrial_changeover,3157,632,2,Order2,632,3.6880000000000006e-05,-0.03657893184572458,1177.0,1208.0,5.576376914978027,0.43920326232910156,6.015580177307129,1173.0,1229.8338607594937
industrial_changeover,3162,633,2,Order2,633,3.6780000000000004e-05,0.019880850799381733,1207.0,1208.0,5.3530356884002686,0.4238393306732178,5.776875019073486,1173.0,1229.7993680884676
industrial_changeover,3167,634,2,Order2,634,3.668e-05,0.016142574604600668,1204.0,1208.0,5.274775981903076,0.430499792098999,5.705275774002075,1173.0,1229.7649842271294
industrial_changeover,3172,635,2,Order2,635,3.6580000000000006e-05,0.021237369626760483,1210.0,1213.0,5.216855764389038,0.4333384037017822,5.65019416809082,1173.0,1229.7385826771654
industrial_changeover,3177,636,2,Order2,636,3.648e-05,0.01171262701973319,1213.0,1208.0,5.409342527389526,0.418776273727417,5.828118801116943,1173.0,1229.7044025157234
industrial_changeover,3182,637,2,Order2,637,3.638e-05,0.021791367791593075,1208.0,1213.0,5.577704668045044,0.42890167236328125,6.006606340408325,1173.0,1229.6781789638933
industrial_changeover,3187,638,2,Order2,638,3.6280000000000005e-05,-0.03140777535736561,1187.0,1208.0,5.36634373664856,0.4432661533355713,5.809609889984131,1173.0,1229.6442006269592
industrial_changeover,3192,639,2,Order2,639,3.618e-05,-0.007897036615759134,1188.0,1208.0,5.518761396408081,0.42152953147888184,5.940290927886963,1173.0,1229.6103286384975
industrial_changeover,3197,640,2,Order2,640,3.608e-05,0.10229046270251274,1298.0,1208.0,5.452822923660278,0.42894458770751953,5.881767511367798,1173.0,1229.5765625
industrial_changeover,3202,641,2,Order2,641,3.5980000000000004e-05,-0.023644189350306988,1173.0,1208.0,5.592616558074951,0.4535830020904541,6.046199560165405,1173.0,1229.5429017160686
industrial_changeover,3207,642,2,Order2,642,3.588e-05,-0.03150305803865194,1174.0,1208.0,5.617737770080566,0.42939114570617676,6.047128915786743,1173.0,1229.5093457943926
industrial_changeover,3212,643,2,Order2,643,3.578e-05,0.006618021288886666,1207.0,1208.0,5.431666374206543,0.4429612159729004,5.874627590179443,1173.0,1229.475894245723
industrial_changeover,3217,644,2,Order2,644,3.5680000000000004e-05,0.02231262531131506,1212.0,1208.0,5.617184162139893,0.43775177001953125,6.054935932159424,1173.0,1229.442546583851
industrial_changeover,3222,645,2,Order2,645,3.558e-05,-0.035768124274909496,1172.0,1208.0,5.407959222793579,0.4163386821746826,5.824297904968262,1173.0,1229.4093023255814
industrial_changeover,3227,646,2,Order2,646,3.548e-05,0.012146026827394962,1204.0,1208.0,5.392211675643921,0.4189751148223877,5.811186790466309,1173.0,1229.3761609907122
industrial_changeover,3232,647,2,Order2,647,3.5380000000000003e-05,-0.033089748583734035,1172.0,1177.0,5.16315221786499,0.4029667377471924,5.566118955612183,1173.0,1229.2952086553323
industrial_changeover,3237,648,2,Order2,648,3.528e-05,0.06057526636868715,1253.0,1177.0,5.595988988876343,0.44740748405456543,6.043396472930908,1173.0,1229.2145061728395
industrial_changeover,3242,649,2,Order2,649,3.518e-05,-0.019848098512738943,1184.0,1177.0,5.50827693939209,0.42980456352233887,5.938081502914429,1173.0,1229.1340523882898
industrial_changeover,3247,650,2,Order2,650,3.508e-05,0.06357797048985958,1241.0,1177.0,5.447597980499268,0.4137580394744873,5.861356019973755,1173.0,1229.053846153846
industrial_changeover,3252,651,2,Order2,651,3.498e-05,0.01366243464872241,1207.0,1177.0,5.405635595321655,0.440521240234375,5.84615683555603,1173.0,1228.973886328725
industrial_changeover,3257,652,2,Order2,652,3.4880000000000005e-05,-0.028718252666294575,1173.0,1177.0,5.397378921508789,0.4385216236114502,5.835900545120239,1173.0,1228.894171779141
industrial_changeover,3262,653,2,Order2,653,3.478e-05,0.0038216455723159015,1176.0,1177.0,5.510775327682495,0.4532923698425293,5.964067697525024,1173.0,1228.8147013782543
industrial_changeover,3267,654,2,Order2,654,3.468e-05,-0.025734712835401297,1177.0,1177.0,5.499534845352173,0.43920063972473145,5.938735485076904,1173.0,1228.7354740061162
industrial_changeover,3272,655,2,Order2,655,3.4580000000000004e-05,-0.022001742850989103,1174.0,1177.0,5.6258063316345215,0.44896411895751953,6.074770450592041,1173.0,1228.6564885496184
industrial_changeover,3277,656,2,Order2,656,3.448e-05,-0.025959311053156853,1184.0,1177.0,5.50365138053894,0.422865629196167,5.926517009735107,1173.0,1228.5777439024391
industrial_changeover,3282,657,2,Order2,657,3.438e-05,-0.014558164170011878,1174.0,1177.0,5.210777044296265,0.43691229820251465,5.647689342498779,1173.0,1228.4992389649924
industrial_changeover,3287,658,2,Order2,658,3.4280000000000004e-05,-0.0008668053051223978,1184.0,1177.0,5.314469575881958,0.40944528579711914,5.723914861679077,1173.0,1228.420972644377
industrial_changeover,3292,659,2,Order2,659,3.418e-05,0.01555902254767716,1184.0,1177.0,5.177791118621826,0.41487646102905273,5.592667579650879,1173.0,1228.3429438543246
industrial_changeover,3297,660,2,Order2,660,3.408e-05,0.02503990614786744,1207.0,1177.0,5.638362407684326,0.4357335567474365,6.074095964431763,1173.0,1228.2651515151515
industrial_changeover,3302,661,2,Order2,661,3.398e-05,-0.012963378801941872,1177.0,1177.0,5.293044090270996,0.41416072845458984,5.707204818725586,1173.0,1228.1875945537065
industrial_changeover,3307,662,2,Order2,662,3.388e-05,-0.023450715467333794,1174.0,1177.0,5.50285792350769,0.4288771152496338,5.931735038757324,1173.0,1228.1102719033233
industrial_changeover,3312,663,2,Order2,663,3.378e-05,0.06935527175664902,1244.0,1177.0,5.54495644569397,0.4432840347290039,5.988240480422974,1173.0,1228.0331825037708
industrial_changeover,3317,664,2,Order2,664,3.368e-05,-0.01491136197000742,1173.0,1177.0,5.5679192543029785,0.444122314453125,6.0120415687561035,1173.0,1227.9563253012047
industrial_changeover,3322,665,2,Order2,665,3.358e-05,-0.02235868899151683,1184.0,1177.0,5.651173114776611,0.44782257080078125,6.098995685577393,1173.0,1227.8796992481202
industrial_changeover,3327,666,2,Order2,666,3.348e-05,-0.005871237255632877,1184.0,1177.0,5.7024147510528564,0.45726943016052246,6.159684181213379,1173.0,1227.8033033033032
industrial_changeover,3332,667,2,Order2,667,3.338e-05,0.019538727588951588,1209.0,1177.0,5.559924364089966,0.45540642738342285,6.015330791473389,1173.0,1227.7271364317842
industrial_changeover,3337,668,2,Order2,668,3.328e-05,0.025588897988200188,1204.0,1177.0,5.338635444641113,0.4266176223754883,5.765253067016602,1173.0,1227.6511976047905
industrial_changeover,3342,669,2,Order2,669,3.318e-05,-0.038743287324905396,1184.0,1177.0,5.319696664810181,0.4124641418457031,5.732160806655884,1173.0,1227.575485799701
industrial_changeover,3347,670,2,Order2,670,3.308e-05,0.035259862430393696,1208.0,1177.0,5.27620530128479,0.4116780757904053,5.687883377075195,1173.0,1227.5
industrial_changeover,3352,671,2,Order2,671,3.298e-05,0.008144807536154985,1203.0,1177.0,5.733943223953247,0.4635336399078369,6.197476863861084,1173.0,1227.424739195231
industrial_changeover,3357,672,2,Order2,672,3.288e-05,0.0008586719923187047,1173.0,1177.0,5.308120489120483,0.43919801712036133,5.747318506240845,1173.0,1227.3497023809523
industrial_changeover,3362,673,2,Order2,673,3.278e-05,0.019811002537608147,1204.0,1177.0,5.342942714691162,0.42371463775634766,5.76665735244751,1173.0,1227.2748885586925
industrial_changeover,3367,674,2,Order2,674,3.268e-05,-0.02696632081642747,1177.0,1177.0,5.442383766174316,0.42679357528686523,5.869177341461182,1173.0,1227.200296735905
industrial_changeover,3372,675,2,Order2,675,3.2579999999999996e-05,0.020620079711079597,1213.0,1177.0,5.451280832290649,0.43235087394714355,5.883631706237793,1173.0,1227.125925925926
industrial_changeover,3377,676,2,Order2,676,3.248e-05,0.016341331880539656,1205.0,1177.0,5.483861923217773,0.42613983154296875,5.910001754760742,1173.0,1227.051775147929
industrial_changeover,3382,677,2,Order2,677,3.238e-05,0.0024633207940496504,1184.0,1177.0,5.480815172195435,0.4425344467163086,5.923349618911743,1173.0,1226.9778434268833
industrial_changeover,3387,678,2,Order2,678,3.2279999999999996e-05,0.014666237169876695,1208.0,1177.0,5.484050273895264,0.4298884868621826,5.913938760757446,1173.0,1226.9041297935103
industrial_changeover,3392,679,2,Order2,679,3.218e-05,-0.0225771376863122,1184.0,1177.0,5.4211106300354,0.4631617069244385,5.884272336959839,1173.0,1226.8306332842415
industrial_changeover,3397,680,2,Order2,680,3.208e-05,0.0075062563410028815,1187.0,1177.0,5.276787281036377,0.42120981216430664,5.697997093200684,1173.0,1226.7573529411766
industrial_changeover,3402,681,2,Order2,681,3.198e-05,-0.029340459499508142,1176.0,1177.0,5.321018218994141,0.4190704822540283,5.740088701248169,1173.0,1226.684287812041
industrial_changeover,3407,682,2,Order2,682,3.188e-05,0.009971016552299261,1184.0,1177.0,5.185377836227417,0.4224967956542969,5.607874631881714,1173.0,1226.6114369501465
industrial_changeover,3412,683,2,Order2,683,3.178e-05,-0.016045473981648684,1184.0,1177.0,5.405785322189331,0.4140594005584717,5.819844722747803,1173.0,1226.5387994143484
industrial_changeover,3417,684,2,Order2,684,3.168e-05,-0.003449188603553921,1174.0,1177.0,5.27420711517334,0.46723246574401855,5.741439580917358,1173.0,1226.4663742690059
industrial_changeover,3422,685,2,Order2,685,3.158e-05,-0.012187786167487502,1188.0,1177.0,5.332598924636841,0.41248369216918945,5.74508261680603,1173.0,1226.3941605839416
industrial_changeover,3427,686,2,Order2,686,3.148e-05,0.06575869768857956,1254.0,1177.0,5.404274225234985,0.43139076232910156,5.835664987564087,1173.0,1226.3221574344022
industrial_changeover,3432,687,2,Order2,687,3.138e-05,-0.008553149411454797,1173.0,1177.0,5.463750839233398,0.41604185104370117,5.8797926902771,1173.0,1226.250363901019
industrial_changeover,3437,688,2,Order2,688,3.128e-05,-0.019041367806494236,1176.0,1177.0,5.408410549163818,0.44597673416137695,5.854387283325195,1173.0,1226.1787790697674
industrial_changeover,3442,689,2,Order2,689,3.1179999999999996e-05,0.037091909907758236,1208.0,1177.0,5.586784839630127,0.4404110908508301,6.027195930480957,1173.0,1226.1074020319304
industrial_changeover,3447,690,2,Order2,690,3.108e-05,0.0438014967367053,1208.0,1177.0,5.3994574546813965,0.43320465087890625,5.832662105560303,1173.0,1226.036231884058
industrial_changeover,3452,691,2,Order2,691,3.098e-05,-0.038639442063868046,1177.0,1177.0,5.459151268005371,0.43300890922546387,5.892160177230835,1173.0,1225.9652677279305
industrial_changeover,3457,692,2,Order2,692,3.0879999999999996e-05,-0.019882826134562492,1184.0,1177.0,5.513894319534302,0.4309043884277344,5.944798707962036,1173.0,1225.8945086705203
industrial_changeover,3462,693,2,Order2,693,3.078e-05,0.02008289797231555,1204.0,1177.0,5.307519435882568,0.412916898727417,5.720436334609985,1173.0,1225.8239538239538
industrial_changeover,3467,694,2,Order2,694,3.068e-05,-0.01768070785328746,1174.0,1177.0,5.161598205566406,0.42441773414611816,5.586015939712524,1173.0,1225.7536023054754
industrial_changeover,3472,695,2,Order2,695,3.0579999999999995e-05,-0.023914063349366188,1173.0,1177.0,5.600268602371216,0.43614912033081055,6.036417722702026,1173.0,1225.68345323741
industrial_changeover,3477,696,2,Order2,696,3.0479999999999996e-05,0.015451399609446526,1185.0,1177.0,5.37110161781311,0.41647958755493164,5.787581205368042,1173.0,1225.6135057471265
industrial_changeover,3482,697,2,Order2,697,3.0379999999999997e-05,-0.027288321405649185,1187.0,1177.0,5.481516361236572,0.42564845085144043,5.907164812088013,1173.0,1225.5437589670014
industrial_changeover,3487,698,2,Order2,698,3.0279999999999998e-05,-0.004505918361246586,1184.0,1177.0,5.454635381698608,0.4354126453399658,5.890048027038574,1173.0,1225.474212034384
industrial_changeover,3492,699,2,Order2,699,3.0179999999999996e-05,0.06699367985129356,1240.0,1177.0,5.465398550033569,0.41960978507995605,5.885008335113525,1173.0,1225.4048640915594
industrial_changeover,3497,700,2,Order2,700,3.0079999999999997e-05,-0.016011808067560196,1173.0,1177.0,5.541538953781128,0.44428110122680664,5.985820055007935,1173.0,1225.3357142857142
industrial_changeover,3502,701,2,Order2,701,2.9979999999999998e-05,-0.004521552240476012,1173.0,1177.0,5.350779294967651,0.41904354095458984,5.769822835922241,1173.0,1225.2667617689015
industrial_changeover,3507,702,2,Order2,702,2.988e-05,0.01898125186562538,1207.0,1177.0,5.439556121826172,0.4608466625213623,5.900402784347534,1173.0,1225.1980056980058
industrial_changeover,3512,703,2,Order2,703,2.9779999999999996e-05,-0.015245170798152685,1173.0,1177.0,5.5292253494262695,0.44368577003479004,5.97291111946106,1173.0,1225.1294452347083
industrial_changeover,3517,704,2,Order2,704,2.9679999999999997e-05,-0.010051131946966052,1177.0,1177.0,5.294145107269287,0.42779970169067383,5.721944808959961,1173.0,1225.0610795454545
industrial_changeover,3522,705,2,Order2,705,2.9579999999999998e-05,-0.005682239541783929,1174.0,1177.0,5.1727941036224365,0.4052150249481201,5.578009128570557,1173.0,1224.9929078014184
industrial_changeover,3527,706,2,Order2,706,2.9479999999999996e-05,-0.0010431970295030624,1183.0,1177.0,5.506483316421509,0.43021416664123535,5.936697483062744,1173.0,1224.9249291784702
industrial_changeover,3532,707,2,Order2,707,2.9379999999999997e-05,0.014635845553129911,1204.0,1177.0,5.47417950630188,0.4557375907897949,5.929917097091675,1173.0,1224.857142857143
industrial_changeover,3537,708,2,Order2,708,2.9279999999999997e-05,-0.009383317083120346,1176.0,1177.0,5.241112470626831,0.4166841506958008,5.657796621322632,1173.0,1224.7895480225989
industrial_changeover,3542,709,2,Order2,709,2.9179999999999995e-05,-0.03396276105195284,1173.0,1177.0,5.461906671524048,0.4316096305847168,5.893516302108765,1173.0,1224.7221438645981
industrial_changeover,3547,710,2,Order2,710,2.9079999999999996e-05,0.060001030564308167,1244.0,1177.0,5.376867055892944,0.42803239822387695,5.804899454116821,1173.0,1224.6549295774648
industrial_changeover,3552,711,2,Order2,711,2.8979999999999997e-05,-0.017496067564934492,1177.0,1177.0,5.303649187088013,0.41107749938964844,5.714726686477661,1173.0,1224.5879043600562
industrial_changeover,3557,712,2,Order2,712,2.8879999999999995e-05,0.05066125374287367,1241.0,1177.0,5.430683374404907,0.43688464164733887,5.867568016052246,1173.0,1224.5210674157304
industrial_changeover,3562,713,2,Order2,713,2.8779999999999996e-05,0.014404294779524207,1208.0,1177.0,5.443357944488525,0.43150758743286133,5.874865531921387,1173.0,1224.454417952314
industrial_changeover,3567,714,2,Order2,714,2.8680000000000007e-05,0.03499974403530359,1207.0,1177.0,5.677752494812012,0.4301936626434326,6.107946157455444,1173.0,1224.3879551820728
industrial_changeover,3572,715,2,Order2,715,2.8580000000000008e-05,0.012365264818072319,1205.0,1177.0,5.25278902053833,0.4319121837615967,5.684701204299927,1173.0,1224.3216783216783
industrial_changeover,3577,716,2,Order2,716,2.8480000000000005e-05,-0.008686540415510535,1188.0,1177.0,5.323588132858276,0.4226953983306885,5.746283531188965,1173.0,1224.2555865921788
industrial_changeover,3582,717,2,Order2,717,2.8380000000000006e-05,-0.020501354709267616,1173.0,1177.0,5.223979234695435,0.4189300537109375,5.642909288406372,1173.0,1224.189679218968
industrial_changeover,3587,718,2,Order2,718,2.8280000000000007e-05,-0.0209557362832129,1173.0,1177.0,5.5675048828125,0.4522857666015625,6.0197906494140625,1173.0,1224.123955431755
industrial_changeover,3592,719,2,Order2,719,2.8180000000000008e-05,0.017949766479432583,1207.0,1177.0,5.47843599319458,0.4575529098510742,5.935988903045654,1173.0,1224.058414464534
industrial_changeover,3597,720,2,Order2,720,2.8080000000000006e-05,0.034917247481644154,1207.0,1177.0,5.331890344619751,0.4483325481414795,5.7802228927612305,1173.0,1223.9930555555557
industrial_changeover,3602,721,2,Order2,721,2.7980000000000007e-05,0.0023299361346289515,1188.0,1177.0,5.30960488319397,0.4101276397705078,5.7197325229644775,1173.0,1223.9278779472954
industrial_changeover,3607,722,2,Order2,722,2.7880000000000008e-05,0.005939044174738228,1208.0,1177.0,5.337410926818848,0.4169492721557617,5.754360198974609,1173.0,1223.8628808864266
industrial_changeover,3612,723,2,Order2,723,2.7780000000000005e-05,0.00024285847757710144,1177.0,1177.0,5.36772608757019,0.4388141632080078,5.806540250778198,1173.0,1223.7980636237899
industrial_changeover,3617,724,2,Order2,724,2.7680000000000006e-05,0.015189687721431255,1208.0,1177.0,5.3549275398254395,0.42371273040771484,5.778640270233154,1173.0,1223.7334254143645
industrial_changeover,3622,725,2,Order2,725,2.7580000000000007e-05,0.010231336345896125,1177.0,1177.0,5.413825035095215,0.43479275703430176,5.848617792129517,1173.0,1223.6689655172413
industrial_changeover,3627,726,2,Order2,726,2.7480000000000005e-05,-0.004543400602415204,1185.0,1177.0,5.749778747558594,0.45890188217163086,6.208680629730225,1173.0,1223.6046831955923
industrial_changeover,3632,727,2,Order2,727,2.7380000000000006e-05,0.005268814391456544,1177.0,1177.0,5.175746440887451,0.4164454936981201,5.592191934585571,1173.0,1223.5405777166438
industrial_changeover,3637,728,2,Order2,728,2.7280000000000006e-05,-0.02099692402407527,1185.0,1177.0,5.498648166656494,0.47167134284973145,5.970319509506226,1173.0,1223.4766483516485
industrial_changeover,3642,729,2,Order2,729,2.7180000000000004e-05,0.020466369576752186,1184.0,1177.0,5.42779016494751,0.4049980640411377,5.8327882289886475,1173.0,1223.4128943758574
industrial_changeover,3647,730,2,Order2,730,2.7080000000000005e-05,0.025913129560649395,1205.0,1177.0,5.61876106262207,0.4271669387817383,6.045928001403809,1173.0,1223.349315068493
industrial_changeover,3652,731,2,Order2,731,2.6980000000000006e-05,-0.026745743583887815,1177.0,1177.0,5.382968425750732,0.41671109199523926,5.799679517745972,1173.0,1223.2859097127223
industrial_changeover,3657,732,2,Order2,732,2.6880000000000004e-05,0.009439834393560886,1188.0,1177.0,5.435297966003418,0.43243861198425293,5.867736577987671,1173.0,1223.2226775956285
industrial_changeover,3662,733,2,Order2,733,2.6780000000000004e-05,-0.02010960876941681,1177.0,1177.0,5.3718907833099365,0.42766618728637695,5.7995569705963135,1173.0,1223.1596180081856
industrial_changeover,3667,734,2,Order2,734,2.6680000000000005e-05,0.0028276803204789758,1185.0,1177.0,5.546385765075684,0.4411275386810303,5.987513303756714,1173.0,1223.0967302452316
industrial_changeover,3672,735,2,Order2,735,2.6580000000000006e-05,0.04916761536151171,1241.0,1177.0,5.5242204666137695,0.42932844161987305,5.953548908233643,1173.0,1223.0340136054422
industrial_changeover,3677,736,2,Order2,736,2.6480000000000004e-05,-0.006167120765894651,1174.0,1177.0,5.57872200012207,0.48780202865600586,6.066524028778076,1173.0,1222.9714673913043
industrial_changeover,3682,737,2,Order2,737,2.6380000000000005e-05,-0.003867340332362801,1177.0,1177.0,5.542064666748047,0.43199896812438965,5.9740636348724365,1173.0,1222.909090909091
industrial_changeover,3687,738,2,Order2,738,2.6280000000000006e-05,-0.0016063549846876413,1185.0,1177.0,5.30012583732605,0.41995930671691895,5.720085144042969,1173.0,1222.8468834688347
industrial_changeover,3692,739,2,Order2,739,2.6180000000000003e-05,0.010875937063246965,1184.0,1177.0,5.375611305236816,0.42174696922302246,5.797358274459839,1173.0,1222.7848443843031
industrial_changeover,3697,740,2,Order2,740,2.6080000000000004e-05,0.0010682644788175821,1177.0,1177.0,5.291617393493652,0.4115865230560303,5.703203916549683,1173.0,1222.722972972973
industrial_changeover,3702,741,2,Order2,741,2.5980000000000005e-05,-0.025083448737859726,1174.0,1177.0,5.446108102798462,0.4399833679199219,5.886091470718384,1173.0,1222.6612685560053
industrial_changeover,3707,742,2,Order2,742,2.5880000000000003e-05,0.03948984667658806,1204.0,1177.0,5.380244255065918,0.474881649017334,5.855125904083252,1173.0,1222.599730458221
industrial_changeover,3712,743,2,Order2,743,2.5780000000000004e-05,-0.007906177779659629,1204.0,1177.0,5.367304801940918,0.42720890045166016,5.794513702392578,1173.0,1222.5383580080754
industrial_changeover,3717,744,2,Order2,744,2.5680000000000005e-05,0.004015950602479279,1184.0,1177.0,5.426512002944946,0.4188804626464844,5.845392465591431,1173.0,1222.4771505376343
industrial_changeover,3722,745,2,Order2,745,2.5580000000000002e-05,0.007684000418521464,1174.0,1177.0,5.270057678222656,0.42018914222717285,5.690246820449829,1173.0,1222.4161073825503
industrial_changeover,3727,746,2,Order2,746,2.5480000000000003e-05,0.018500053323805332,1205.0,1177.0,5.4222118854522705,0.4206228256225586,5.842834711074829,1173.0,1222.3552278820375
industrial_changeover,3732,747,2,Order2,747,2.5380000000000004e-05,-0.012716480996459723,1174.0,1177.0,5.451247930526733,0.4369323253631592,5.888180255889893,1173.0,1222.2945113788487
industrial_changeover,3737,748,2,Order2,748,2.5280000000000005e-05,0.020087081007659435,1207.0,1177.0,5.330219745635986,0.4262392520904541,5.75645899772644,1173.0,1222.2339572192514
industrial_changeover,3742,749,2,Order2,749,2.5180000000000003e-05,-0.00795589154586196,1174.0,1177.0,5.498938798904419,0.4472682476043701,5.946207046508789,1173.0,1222.173564753004
industrial_changeover,3747,750,2,Order2,750,2.5080000000000004e-05,0.030129108112305403,1208.0,1177.0,5.248788595199585,0.42928147315979004,5.678070068359375,1173.0,1222.1133333333332
industrial_changeover,3752,751,2,Order2,751,2.4980000000000005e-05,-0.006950332201085985,1184.0,1177.0,5.297635793685913,0.4143671989440918,5.712002992630005,1173.0,1222.0532623169108
industrial_changeover,3757,752,2,Order2,752,2.4880000000000002e-05,0.003458845487330109,1173.0,1177.0,5.190596580505371,0.40674304962158203,5.597339630126953,1173.0,1221.9933510638298
industrial_changeover,3762,753,2,Order2,753,2.4780000000000003e-05,0.014829432824626565,1208.0,1177.0,5.618747234344482,0.4603102207183838,6.079057455062866,1173.0,1221.933598937583
industrial_changeover,3767,754,2,Order2,754,2.4680000000000004e-05,-0.01710149645805359,1172.0,1177.0,5.678608417510986,0.4613649845123291,6.139973402023315,1173.0,1221.8740053050399
industrial_changeover,3772,755,2,Order2,755,2.4580000000000002e-05,-0.008230140432715416,1183.0,1177.0,5.368426322937012,0.42647218704223633,5.794898509979248,1173.0,1221.8145695364237
industrial_changeover,3777,756,2,Order2,756,2.4480000000000003e-05,-0.008716820739209652,1177.0,1177.0,5.598883628845215,0.4329807758331299,6.031864404678345,1173.0,1221.755291005291
industrial_changeover,3782,757,2,Order2,757,2.4380000000000004e-05,0.03326840419322252,1208.0,1177.0,5.519507646560669,0.4237668514251709,5.94327449798584,1173.0,1221.6961690885073
industrial_changeover,3787,758,2,Order2,758,2.428e-05,0.015929419081658125,1177.0,1177.0,5.626967430114746,0.45992445945739746,6.0868918895721436,1173.0,1221.637203166227
industrial_changeover,3792,759,2,Order2,759,2.4180000000000002e-05,-0.0044734267285093665,1174.0,1177.0,5.526224851608276,0.4541449546813965,5.980369806289673,1173.0,1221.578392621871
industrial_changeover,3797,760,2,Order2,760,2.4080000000000003e-05,0.04816536605358124,1225.0,1177.0,5.452154159545898,0.41573548316955566,5.867889642715454,1173.0,1221.5197368421052
industrial_changeover,3802,761,2,Order2,761,2.398e-05,-0.01975926384329796,1173.0,1177.0,5.524149417877197,0.42608141899108887,5.950230836868286,1173.0,1221.46123521682
industrial_changeover,3807,762,2,Order2,762,2.3880000000000002e-05,-0.0039099822752177715,1172.0,1177.0,5.209806442260742,0.43404603004455566,5.643852472305298,1173.0,1221.4028871391076
industrial_changeover,3812,763,2,Order2,763,2.3780000000000003e-05,-0.012383778113871813,1185.0,1177.0,5.349313974380493,0.42117762565612793,5.770491600036621,1173.0,1221.3446920052425
industrial_changeover,3817,764,2,Order2,764,2.3680000000000004e-05,0.004642092972062528,1184.0,1177.0,5.249891519546509,0.4608488082885742,5.710740327835083,1173.0,1221.2866492146597
industrial_changeover,3822,765,2,Order2,765,2.358e-05,-0.005621074233204126,1177.0,1177.0,5.5884411334991455,0.4403371810913086,6.028778314590454,1173.0,1221.2287581699347
industrial_changeover,3827,766,2,Order2,766,2.3480000000000002e-05,-0.0035878605558536947,1177.0,1177.0,5.388027906417847,0.4285697937011719,5.8165977001190186,1173.0,1221.1710182767624
industrial_changeover,3832,767,2,Order2,767,2.3380000000000003e-05,0.005489412462338805,1173.0,1177.0,5.494807481765747,0.4267125129699707,5.921519994735718,1173.0,1221.1134289439374
industrial_changeover,3837,768,2,Order2,768,2.328e-05,0.011693106265738606,1183.0,1177.0,5.461269855499268,0.42654991149902344,5.887819766998291,1173.0,1221.0559895833333
industrial_changeover,3842,769,2,Order2,769,2.318e-05,0.03369208611547947,1207.0,1177.0,5.5428221225738525,0.4496324062347412,5.992454528808594,1173.0,1220.998699609883
industrial_changeover,3847,770,2,Order2,770,2.3080000000000003e-05,-0.024456876795738935,1173.0,1177.0,5.624494314193726,0.4575316905975342,6.08202600479126,1173.0,1220.9415584415585
industrial_changeover,3852,771,2,Order2,771,2.298e-05,0.019587263464927673,1176.0,1177.0,5.637391567230225,0.44019269943237305,6.077584266662598,1173.0,1220.8845654993515
industrial_changeover,3857,772,2,Order2,772,2.288e-05,-0.0011319104523863643,1184.0,1177.0,5.582381963729858,0.4604828357696533,6.042864799499512,1173.0,1220.8277202072538
industrial_changeover,3862,773,2,Order2,773,2.2780000000000002e-05,-0.0006191900611156598,1174.0,1177.0,5.2716264724731445,0.4111325740814209,5.682759046554565,1173.0,1220.771021992238
industrial_changeover,3867,774,2,Order2,774,2.268e-05,0.0025529793929308653,1173.0,1177.0,5.226557731628418,0.4463958740234375,5.6729536056518555,1173.0,1220.7144702842377
industrial_changeover,3872,775,2,Order2,775,2.258e-05,0.009041215060278773,1176.0,1177.0,5.293758153915405,0.42203593254089355,5.715794086456299,1173.0,1220.6580645161291
industrial_changeover,3877,776,2,Order2,776,2.248e-05,-0.004483558004721999,1174.0,1177.0,5.418260097503662,0.41718411445617676,5.835444211959839,1173.0,1220.6018041237114
industrial_changeover,3882,777,2,Order2,777,2.2380000000000003e-05,0.008227207232266665,1177.0,1177.0,5.289099931716919,0.4345386028289795,5.723638534545898,1173.0,1220.5456885456886
industrial_changeover,3887,778,2,Order2,778,2.228e-05,0.007429849123582244,1177.0,1177.0,5.305755138397217,0.4148674011230469,5.720622539520264,1173.0,1220.4897172236504
industrial_changeover,3892,779,2,Order2,779,2.218e-05,0.010845857439562678,1177.0,1177.0,5.310523271560669,0.427565336227417,5.738088607788086,1173.0,1220.433889602054
industrial_changeover,3897,780,2,Order2,780,2.2080000000000002e-05,0.06841357424855232,1250.0,1177.0,5.341769695281982,0.4318516254425049,5.773621320724487,1173.0,1220.378205128205
industrial_changeover,3902,781,2,Order2,781,2.198e-05,-0.012212397996336222,1177.0,1177.0,5.351089239120483,0.41956496238708496,5.770654201507568,1173.0,1220.3226632522408
industrial_changeover,3907,782,2,Order2,782,2.188e-05,0.011722660157829523,1184.0,1177.0,5.419691324234009,0.4325692653656006,5.852260589599609,1173.0,1220.26726342711
industrial_changeover,3912,783,2,Order2,783,2.178e-05,-0.012600786751136184,1177.0,1177.0,5.275083541870117,0.41949033737182617,5.694573879241943,1173.0,1220.212005108557
industrial_changeover,3917,784,2,Order2,784,2.168e-05,0.024329752661287785,1184.0,1177.0,5.427989482879639,0.4192328453063965,5.847222328186035,1173.0,1220.156887755102
industrial_changeover,3922,785,2,Order2,785,2.158e-05,-0.013354358728975058,1177.0,1177.0,5.277696847915649,0.4098544120788574,5.687551259994507,1173.0,1220.1019108280254
industrial_changeover,3927,786,2,Order2,786,2.148e-05,0.007203661487437785,1174.0,1177.0,5.238606214523315,0.4345057010650635,5.673111915588379,1173.0,1220.0470737913486
industrial_changeover,3932,787,2,Order2,787,2.138e-05,0.022492564283311367,1204.0,1177.0,5.34375262260437,0.41866588592529297,5.762418508529663,1173.0,1219.992376111817
industrial_changeover,3937,788,2,Order2,788,2.128e-05,0.018889743834733963,1185.0,1177.0,5.458006858825684,0.4451870918273926,5.903193950653076,1173.0,1219.9378172588833
industrial_changeover,3942,789,2,Order2,789,2.118e-05,0.03521088417619467,1241.0,1177.0,5.326897859573364,0.46706295013427734,5.793960809707642,1173.0,1219.8833967046894
industrial_changeover,3947,790,2,Order2,790,2.1079999999999998e-05,0.012812681263312697,1184.0,1177.0,5.379651784896851,0.428635835647583,5.808287620544434,1173.0,1219.8291139240507
industrial_changeover,3952,791,2,Order2,791,2.098e-05,-0.016541166696697474,1174.0,1177.0,5.456154108047485,0.4155731201171875,5.871727228164673,1173.0,1219.7749683944373
industrial_changeover,3957,792,2,Order2,792,2.088e-05,0.016708477400243282,1177.0,1177.0,5.357445478439331,0.42575907707214355,5.783204555511475,1173.0,1219.7209595959596
industrial_changeover,3962,793,2,Order2,793,2.078e-05,-0.023496375419199467,1176.0,1177.0,5.560632228851318,0.42848849296569824,5.989120721817017,1173.0,1219.6670870113494
industrial_changeover,3967,794,2,Order2,794,2.068e-05,0.10447949357330799,1296.0,1177.0,5.425320625305176,0.4190104007720947,5.8443310260772705,1173.0,1219.6133501259446
industrial_changeover,3972,795,2,Order2,795,2.058e-05,0.0010366150527261198,1185.0,1177.0,5.439343214035034,0.43199658393859863,5.871339797973633,1173.0,1219.559748427673
industrial_changeover,3977,796,2,Order2,796,2.048e-05,0.00923902913928032,1177.0,1177.0,5.36100172996521,0.4384310245513916,5.799432754516602,1173.0,1219.5062814070352
industrial_changeover,3982,797,2,Order2,797,2.0379999999999998e-05,-0.022581296507269144,1177.0,1177.0,5.345331430435181,0.43550777435302734,5.780839204788208,1173.0,1219.452948557089
industrial_changeover,3987,798,2,Order2,798,2.028e-05,-0.009203442838042974,1177.0,1177.0,5.3286895751953125,0.41095471382141113,5.739644289016724,1173.0,1219.3997493734337
industrial_changeover,3992,799,2,Order2,799,2.018e-05,0.002479595714248717,1177.0,1177.0,5.223183631896973,0.4607994556427002,5.683983087539673,1173.0,1219.3466833541927
industrial_changeover,3997,800,2,Order2,800,2.0079999999999997e-05,-0.012565742712467909,1173.0,1177.0,5.452841758728027,0.47301340103149414,5.9258551597595215,1173.0,1219.29375
industrial_changeover,4002,801,2,Order2,801,1.998e-05,0.0028259261744096875,1173.0,1177.0,5.341325998306274,0.42142295837402344,5.762748956680298,1173.0,1219.2409488139824
industrial_changeover,4007,802,2,Order2,802,1.988e-05,0.007410051301121712,1187.0,1177.0,5.28393816947937,0.41578030586242676,5.699718475341797,1173.0,1219.1882793017455
industrial_changeover,4012,803,2,Order2,803,1.9779999999999997e-05,-0.004616035264916718,1177.0,1177.0,5.3658506870269775,0.4243321418762207,5.790182828903198,1173.0,1219.1357409713573
industrial_changeover,4017,804,2,Order2,804,1.9679999999999998e-05,-0.010676609817892313,1172.0,1177.0,5.3435587882995605,0.4207782745361328,5.764337062835693,1173.0,1219.0833333333333
industrial_changeover,4022,805,2,Order2,805,1.958e-05,0.004377614823170006,1183.0,1177.0,5.4302146434783936,0.43055248260498047,5.860767126083374,1173.0,1219.0310559006211
industrial_changeover,4027,806,2,Order2,806,1.948e-05,0.04475117102265358,1205.0,1177.0,5.515880346298218,0.4229562282562256,5.938836574554443,1173.0,1218.9789081885856
industrial_changeover,4032,807,2,Order2,807,1.9379999999999997e-05,-0.003990168566815555,1205.0,1177.0,5.873097896575928,0.44812560081481934,6.321223497390747,1173.0,1218.9268897149939
industrial_changeover,4037,808,2,Order2,808,1.928e-05,0.00974988448433578,1188.0,1177.0,5.326029300689697,0.4355194568634033,5.761548757553101,1173.0,1218.875
industrial_changeover,4042,809,2,Order2,809,1.918e-05,-0.011577950557693839,1174.0,1177.0,5.322965860366821,0.4131736755371094,5.736139535903931,1173.0,1218.823238566131
industrial_changeover,4047,810,2,Order2,810,1.9079999999999997e-05,-0.0038228605990298092,1177.0,1177.0,5.206997871398926,0.42078709602355957,5.627784967422485,1173.0,1218.7716049382716
industrial_changeover,4052,811,2,Order2,811,1.8979999999999998e-05,0.009578807046636939,1184.0,1177.0,5.484484910964966,0.43733954429626465,5.9218244552612305,1173.0,1218.7200986436499
industrial_changeover,4057,812,2,Order2,812,1.888e-05,-0.005273757386021316,1173.0,1177.0,5.551758766174316,0.42462825775146484,5.976387023925781,1173.0,1218.6687192118227
industrial_changeover,4062,813,2,Order2,813,1.8779999999999996e-05,0.0069507204461842775,1184.0,1177.0,5.348530292510986,0.42568302154541016,5.7742133140563965,1173.0,1218.6174661746618
industrial_changeover,4067,814,2,Order2,814,1.8679999999999997e-05,0.03312008921056986,1207.0,1177.0,5.375329971313477,0.42160534858703613,5.796935319900513,1173.0,1218.566339066339
industrial_changeover,4072,815,2,Order2,815,1.8579999999999998e-05,-0.017769240774214268,1173.0,1177.0,5.455812692642212,0.41182899475097656,5.8676416873931885,1173.0,1218.515337423313
industrial_changeover,4077,816,2,Order2,816,1.8479999999999996e-05,0.004741981974802911,1176.0,1177.0,5.429527521133423,0.4384186267852783,5.867946147918701,1173.0,1218.4644607843138
industrial_changeover,4082,817,2,Order2,817,1.8379999999999997e-05,0.00639646069612354,1173.0,1177.0,5.500725030899048,0.43525004386901855,5.935975074768066,1173.0,1218.4137086903304
industrial_changeover,4087,818,2,Order2,818,1.8279999999999998e-05,-0.0030019719270057976,1177.0,1177.0,5.248612880706787,0.4240074157714844,5.6726202964782715,1173.0,1218.3630806845965
industrial_changeover,4092,819,2,Order2,819,1.8179999999999995e-05,-0.013128680177032948,1174.0,1177.0,5.551022291183472,0.4689905643463135,6.020012855529785,1173.0,1218.3125763125763
industrial_changeover,4097,820,2,Order2,820,1.8079999999999996e-05,0.006107290042564273,1184.0,1177.0,5.339973449707031,0.41582345962524414,5.755796909332275,1173.0,1218.2621951219512
industrial_changeover,4102,821,2,Order2,821,1.7979999999999997e-05,0.009216649690642953,1184.0,1177.0,5.283861398696899,0.4302341938018799,5.714095592498779,1173.0,1218.2119366626066
industrial_changeover,4107,822,2,Order2,822,1.7879999999999998e-05,-0.006591707235202193,1174.0,1177.0,5.307754039764404,0.412639856338501,5.720393896102905,1173.0,1218.161800486618
industrial_changeover,4112,823,2,Order2,823,1.7779999999999996e-05,0.004820849862881005,1188.0,1177.0,5.4067511558532715,0.4578242301940918,5.864575386047363,1173.0,1218.1117861482383
industrial_changeover,4117,824,2,Order2,824,1.7679999999999997e-05,-0.009388930862769485,1173.0,1177.0,5.524524688720703,0.433974027633667,5.95849871635437,1173.0,1218.0618932038835
industrial_changeover,4122,825,2,Order2,825,1.7579999999999998e-05,0.016058162786066532,1188.0,1177.0,5.318591833114624,0.4241187572479248,5.742710590362549,1173.0,1218.0121212121212
industrial_changeover,4127,826,2,Order2,826,1.7479999999999995e-05,0.012457121862098575,1174.0,1177.0,5.393472194671631,0.42426633834838867,5.8177385330200195,1173.0,1217.9624697336562
industrial_changeover,4132,827,2,Order2,827,1.7379999999999996e-05,0.0114736114628613,1184.0,1177.0,5.369110584259033,0.42200493812561035,5.7911155223846436,1173.0,1217.912938331318
industrial_changeover,4137,828,2,Order2,828,1.7279999999999997e-05,0.044864680618047714,1225.0,1177.0,5.446306943893433,0.4236335754394531,5.869940519332886,1173.0,1217.8635265700484
industrial_changeover,4142,829,2,Order2,829,1.7179999999999995e-05,-0.02074455749243498,1174.0,1177.0,5.388503789901733,0.4251110553741455,5.813614845275879,1173.0,1217.814234016888
industrial_changeover,4147,830,2,Order2,830,1.7079999999999996e-05,-0.017363601364195347,1177.0,1177.0,5.4995903968811035,0.4293661117553711,5.928956508636475,1173.0,1217.7650602409637
industrial_changeover,4152,831,2,Order2,831,1.6979999999999997e-05,0.0007346898782998323,1177.0,1177.0,5.6180970668792725,0.45613765716552734,6.0742347240448,1173.0,1217.7160048134776
industrial_changeover,4157,832,2,Order2,832,1.6879999999999994e-05,0.0027238294715061784,1173.0,1177.0,5.23372745513916,0.41358232498168945,5.64730978012085,1173.0,1217.6670673076924
industrial_changeover,4162,833,2,Order2,833,1.6779999999999995e-05,-0.012019636342301965,1184.0,1177.0,5.334686279296875,0.4086422920227051,5.74332857131958,1173.0,1217.6182472989196
industrial_changeover,4167,834,2,Order2,834,1.6679999999999996e-05,0.011117395013570786,1177.0,1177.0,5.201873064041138,0.40683627128601074,5.608709335327148,1173.0,1217.5695443645084
industrial_changeover,4172,835,2,Order2,835,1.6579999999999997e-05,0.006735412054695189,1184.0,1177.0,5.358334064483643,0.44194746017456055,5.800281524658203,1173.0,1217.5209580838323
industrial_changeover,4177,836,2,Order2,836,1.6479999999999995e-05,-0.016087388154119253,1173.0,1177.0,5.880473375320435,0.42601871490478516,6.30649209022522,1173.0,1217.4724880382776
industrial_changeover,4182,837,2,Order2,837,1.6379999999999996e-05,0.007159801898524165,1177.0,1177.0,5.387627840042114,0.43246960639953613,5.82009744644165,1173.0,1217.4241338112306
industrial_changeover,4187,838,2,Order2,838,1.6279999999999997e-05,0.00811796891503036,1184.0,1177.0,5.488910436630249,0.4195561408996582,5.908466577529907,1173.0,1217.3758949880669
industrial_changeover,4192,839,2,Order2,839,1.6180000000000008e-05,0.004115714691579342,1176.0,1177.0,5.511548042297363,0.44516515731811523,5.9567131996154785,1173.0,1217.3277711561382
industrial_changeover,4197,840,2,Order2,840,1.6080000000000005e-05,-0.012395472265779972,1185.0,1177.0,5.505906105041504,0.4556570053100586,5.9615631103515625,1173.0,1217.279761904762
industrial_changeover,4202,841,2,Order2,841,1.5980000000000006e-05,0.012897595064714551,1188.0,1177.0,5.634108066558838,0.440248966217041,6.074357032775879,1173.0,1217.231866825208
industrial_changeover,4207,842,2,Order2,842,1.5880000000000007e-05,0.0066853954922407866,1174.0,1177.0,5.62268590927124,0.4560859203338623,6.0787718296051025,1173.0,1217.1840855106889
industrial_changeover,4212,843,2,Order2,843,1.5780000000000005e-05,0.0008096573874354362,1185.0,1177.0,5.326728582382202,0.4141349792480469,5.740863561630249,1173.0,1217.1364175563465
industrial_changeover,4217,844,2,Order2,844,1.5680000000000006e-05,0.006753314170055091,1188.0,1177.0,5.394765377044678,0.41648411750793457,5.811249494552612,1173.0,1217.0888625592418
industrial_changeover,4222,845,2,Order2,845,1.5580000000000007e-05,-0.0052475364645943046,1187.0,1177.0,5.297396898269653,0.41692519187927246,5.714322090148926,1173.0,1217.0414201183432
industrial_changeover,4227,846,2,Order2,846,1.5480000000000004e-05,0.009236940648406744,1184.0,1177.0,5.373802185058594,0.45427846908569336,5.828080654144287,1173.0,1216.9940898345153
industrial_changeover,4232,847,2,Order2,847,1.5380000000000005e-05,0.003682984795887023,1188.0,1177.0,5.612267255783081,0.46515750885009766,6.077424764633179,1173.0,1216.9468713105077
industrial_changeover,4237,848,2,Order2,848,1.5280000000000006e-05,0.002374960866291076,1176.0,1177.0,5.24922776222229,0.41367101669311523,5.662898778915405,1173.0,1216.8997641509434
industrial_changeover,4242,849,2,Order2,849,1.5180000000000005e-05,-0.001219627243699506,1173.0,1177.0,5.376963376998901,0.41459107398986816,5.7915544509887695,1173.0,1216.8527679623087
industrial_changeover,4247,850,2,Order2,850,1.5080000000000005e-05,0.0005373276508180425,1174.0,1177.0,5.381614685058594,0.4251222610473633,5.806736946105957,1173.0,1216.8058823529411
industrial_changeover,4252,851,2,Order2,851,1.4980000000000006e-05,-0.010403374675661325,1188.0,1177.0,5.445607900619507,0.4316976070404053,5.877305507659912,1173.0,1216.75910693302
industrial_changeover,4257,852,2,Order2,852,1.4880000000000005e-05,-0.004272869089618325,1173.0,1177.0,5.5147693157196045,0.46666669845581055,5.981436014175415,1173.0,1216.712441314554
industrial_changeover,4262,853,2,Order2,853,1.4780000000000004e-05,0.009151703212410212,1188.0,1177.0,5.564794301986694,0.44272732734680176,6.007521629333496,1173.0,1216.6658851113716
industrial_changeover,4267,854,2,Order2,854,1.4680000000000005e-05,0.018815441988408566,1207.0,1177.0,5.6002020835876465,0.43778300285339355,6.03798508644104,1173.0,1216.61943793911
industrial_changeover,4272,855,2,Order2,855,1.4580000000000004e-05,-0.0067400464322417974,1174.0,1177.0,5.288210391998291,0.4263756275177002,5.714586019515991,1173.0,1216.5730994152048
industrial_changeover,4277,856,2,Order2,856,1.4480000000000005e-05,0.01645931275561452,1183.0,1177.0,5.237565279006958,0.4194645881652832,5.657029867172241,1173.0,1216.5268691588785
industrial_changeover,4282,857,2,Order2,857,1.4380000000000005e-05,-0.003698697837535292,1177.0,1177.0,5.184516191482544,0.4074573516845703,5.591973543167114,1173.0,1216.4807467911319
industrial_changeover,4287,858,2,Order2,858,1.4280000000000004e-05,0.0019753724336624146,1185.0,1177.0,5.305403232574463,0.4331331253051758,5.738536357879639,1173.0,1216.4347319347319
industrial_changeover,4292,859,2,Order2,859,1.4180000000000005e-05,-0.0018975915445480496,1176.0,1177.0,5.549638509750366,0.4626646041870117,6.012303113937378,1173.0,1216.3888242142025
industrial_changeover,4297,860,2,Order2,860,1.4080000000000004e-05,-0.002293580095283687,1177.0,1177.0,5.336443185806274,0.43146300315856934,5.767906188964844,1173.0,1216.343023255814
industrial_changeover,4302,861,2,Order2,861,1.3980000000000003e-05,0.009105108678340912,1176.0,1177.0,5.620213270187378,0.4408237934112549,6.061037063598633,1173.0,1216.2973286875726
industrial_changeover,4307,862,2,Order2,862,1.3880000000000004e-05,-0.0013085183454677463,1174.0,1177.0,5.428832292556763,0.43022871017456055,5.859061002731323,1173.0,1216.251740139211
industrial_changeover,4312,863,2,Order2,863,1.3780000000000004e-05,-0.014218358555808663,1176.0,1177.0,5.507117748260498,0.4354979991912842,5.942615747451782,1173.0,1216.2062572421785
industrial_changeover,4317,864,2,Order2,864,1.3680000000000005e-05,0.006542197777889669,1176.0,1177.0,5.426618576049805,0.43824315071105957,5.864861726760864,1173.0,1216.1608796296296
industrial_changeover,4322,865,2,Order2,865,1.3580000000000004e-05,-0.008614981081336737,1177.0,1177.0,5.490992784500122,0.43253326416015625,5.923526048660278,1173.0,1216.1156069364163
industrial_changeover,4327,866,2,Order2,866,1.3480000000000003e-05,0.16019393503665924,1347.0,1177.0,5.731837034225464,0.44092512130737305,6.172762155532837,1173.0,1216.070438799076
industrial_changeover,4332,867,2,Order2,867,1.3380000000000004e-05,-0.01845805160701275,1177.0,1177.0,5.327830791473389,0.4216902256011963,5.749521017074585,1173.0,1216.0253748558248
industrial_changeover,4337,868,2,Order2,868,1.3280000000000003e-05,-0.005701251095160842,1177.0,1177.0,5.293092489242554,0.4294016361236572,5.722494125366211,1173.0,1215.9804147465438
industrial_changeover,4342,869,2,Order2,869,1.3180000000000004e-05,-0.007499314146116376,1173.0,1177.0,5.162925720214844,0.4102487564086914,5.573174476623535,1173.0,1215.9355581127734
industrial_changeover,4347,870,2,Order2,870,1.3080000000000004e-05,0.008139459881931543,1185.0,1177.0,5.449280261993408,0.4266049861907959,5.875885248184204,1173.0,1215.8908045977012
industrial_changeover,4352,871,2,Order2,871,1.2980000000000003e-05,0.0012747004220727831,1183.0,1177.0,5.4903154373168945,0.42773008346557617,5.918045520782471,1173.0,1215.8461538461538
industrial_changeover,4357,872,2,Order2,872,1.2880000000000004e-05,-0.010020408779382706,1174.0,1177.0,5.335063219070435,0.4362947940826416,5.771358013153076,1173.0,1215.801605504587
industrial_changeover,4362,873,2,Order2,873,1.2780000000000003e-05,-0.009758951840922236,1176.0,1177.0,5.593583583831787,0.4359908103942871,6.029574394226074,1173.0,1215.7571592210768
industrial_changeover,4367,874,2,Order2,874,1.2680000000000002e-05,-0.013098029419779778,1184.0,1177.0,5.463670969009399,0.45059776306152344,5.914268732070923,1173.0,1215.712814645309
industrial_changeover,4372,875,2,Order2,875,1.2580000000000003e-05,0.001732908422127366,1174.0,1177.0,5.571320295333862,0.4424316883087158,6.013751983642578,1173.0,1215.6685714285713
industrial_changeover,4377,876,2,Order2,876,1.2480000000000002e-05,0.01828607637435198,1183.0,1177.0,5.4927449226379395,0.44367361068725586,5.936418533325195,1173.0,1215.6244292237443
industrial_changeover,4382,877,2,Order2,877,1.2380000000000003e-05,0.0043373111402615905,1184.0,1177.0,5.577306509017944,0.4428732395172119,6.020179748535156,1173.0,1215.5803876852908
industrial_changeover,4387,878,2,Order2,878,1.2280000000000003e-05,0.006462067598477006,1184.0,1177.0,5.3155529499053955,0.44869518280029297,5.7642481327056885,1173.0,1215.5364464692484
industrial_changeover,4392,879,2,Order2,879,1.2180000000000002e-05,0.01586866332218051,1188.0,1177.0,5.358480215072632,0.4421854019165039,5.800665616989136,1173.0,1215.4926052332196
industrial_changeover,4397,880,2,Order2,880,1.2080000000000003e-05,-0.006064635002985597,1184.0,1177.0,5.17664909362793,0.43071627616882324,5.607365369796753,1173.0,1215.4488636363637
industrial_changeover,4402,881,2,Order2,881,1.1980000000000002e-05,0.10031100548803806,1289.0,1177.0,5.429630517959595,0.432877779006958,5.862508296966553,1173.0,1215.405221339387
industrial_changeover,4407,882,2,Order2,882,1.1880000000000001e-05,-0.009206489194184542,1177.0,1177.0,5.462177753448486,0.4701805114746094,5.932358264923096,1173.0,1215.3616780045352
industrial_changeover,4412,883,2,Order2,883,1.1780000000000002e-05,0.0018246113613713533,1183.0,1177.0,5.372610569000244,0.4414346218109131,5.814045190811157,1173.0,1215.3182332955832
industrial_changeover,4417,884,2,Order2,884,1.1680000000000002e-05,0.021355892065912485,1207.0,1177.0,5.333873987197876,0.4289538860321045,5.7628278732299805,1173.0,1215.274886877828
industrial_changeover,4422,885,2,Order2,885,1.1580000000000003e-05,0.01171785849146545,1185.0,1177.0,5.368797779083252,0.4308617115020752,5.799659490585327,1173.0,1215.231638418079
industrial_changeover,4427,886,2,Order2,886,1.1480000000000002e-05,-0.0014170397480484098,1177.0,1177.0,5.598257541656494,0.4566490650177002,6.054906606674194,1173.0,1215.1884875846501
industrial_changeover,4432,887,2,Order2,887,1.1380000000000001e-05,0.01673963386565447,1188.0,1177.0,5.536760330200195,0.441058874130249,5.977819204330444,1173.0,1215.1454340473506
industrial_changeover,4437,888,2,Order2,888,1.1280000000000002e-05,0.052504885010421276,1241.0,1177.0,5.51274561882019,0.4137606620788574,5.926506280899048,1173.0,1215.1024774774776
industrial_changeover,4442,889,2,Order2,889,1.1180000000000001e-05,0.025211780797690153,1214.0,1177.0,5.7695887088775635,0.4227628707885742,6.192351579666138,1173.0,1215.0596175478065
industrial_changeover,4447,890,2,Order2,890,1.1080000000000002e-05,0.011466751573607326,1184.0,1177.0,5.24010705947876,0.4247732162475586,5.664880275726318,1173.0,1215.0168539325844
industrial_changeover,4452,891,2,Order2,891,1.0980000000000002e-05,-0.009275599615648389,1173.0,1177.0,5.512083053588867,0.41749143600463867,5.929574489593506,1173.0,1214.9741863075196
industrial_changeover,4457,892,2,Order2,892,1.0880000000000001e-05,0.009328929241746664,1173.0,1177.0,5.3365254402160645,0.4147067070007324,5.751232147216797,1173.0,1214.9316143497758
industrial_changeover,4462,893,2,Order2,893,1.0780000000000002e-05,0.005366723169572651,1173.0,1177.0,5.33131742477417,0.4434075355529785,5.774724960327148,1173.0,1214.8891377379618
industrial_changeover,4467,894,2,Order2,894,1.0680000000000001e-05,-0.001477891782997176,1183.0,1177.0,5.471743583679199,0.46003103256225586,5.931774616241455,1173.0,1214.8467561521252
industrial_changeover,4472,895,2,Order2,895,1.058e-05,0.010404747445136309,1183.0,1177.0,5.287200450897217,0.441009521484375,5.728209972381592,1173.0,1214.804469273743
industrial_changeover,4477,896,2,Order2,896,1.0480000000000001e-05,0.01587974838912487,1184.0,1177.0,5.5116188526153564,0.4368312358856201,5.948450088500977,1173.0,1214.7622767857142
industrial_changeover,4482,897,2,Order2,897,1.038e-05,0.008897335268557072,1183.0,1177.0,5.455689191818237,0.43141818046569824,5.8871073722839355,1173.0,1214.7201783723524
industrial_changeover,4487,898,2,Order2,898,1.0280000000000002e-05,0.005897138500586152,1174.0,1177.0,5.5711894035339355,0.4438357353210449,6.0150251388549805,1173.0,1214.6781737193764
industrial_changeover,4492,899,2,Order2,899,1.018e-05,-1.3840894098393619e-05,1177.0,1177.0,5.441068172454834,0.43711304664611816,5.878181219100952,1173.0,1214.6362625139043
industrial_changeover,4497,900,2,Order2,900,1.008e-05,0.007944445125758648,1177.0,1177.0,5.493915557861328,0.4388260841369629,5.932741641998291,1173.0,1214.5944444444444
industrial_changeover,4502,901,2,Order2,901,1e-05,0.0029637598199769855,1183.0,1177.0,5.505767345428467,0.4114651679992676,5.917232513427734,1173.0,1214.5527192008879
industrial_changeover,4507,902,2,Order2,902,1e-05,0.05277759023010731,1245.0,1177.0,5.321122646331787,0.43381524085998535,5.7549378871917725,1173.0,1214.511086474501
industrial_changeover,4512,903,2,Order2,903,1e-05,-0.01220960053615272,1177.0,1177.0,5.298614740371704,0.4045848846435547,5.703199625015259,1173.0,1214.469545957918
industrial_changeover,4517,904,2,Order2,904,1e-05,-0.0017768482503015548,1185.0,1177.0,5.399203062057495,0.42476868629455566,5.823971748352051,1173.0,1214.4280973451328
industrial_changeover,4522,905,2,Order2,905,1e-05,-0.006093391217291355,1174.0,1177.0,5.47887396812439,0.4438624382019043,5.922736406326294,1173.0,1214.3867403314916
industrial_changeover,4527,906,2,Order2,906,1e-05,0.10098431631922722,1290.0,1177.0,5.308335781097412,0.41529321670532227,5.723628997802734,1173.0,1214.3454746136865
industrial_changeover,4532,907,2,Order2,907,1e-05,-0.01526157115586102,1173.0,1177.0,5.216355323791504,0.4419841766357422,5.658339500427246,1173.0,1214.3042998897465
industrial_changeover,4537,908,2,Order2,908,1e-05,-0.0017439206421840936,1177.0,1177.0,5.3989527225494385,0.44031357765197754,5.839266300201416,1173.0,1214.2632158590309
industrial_changeover,4542,909,2,Order2,909,1e-05,-0.015134323621168733,1177.0,1177.0,5.346647024154663,0.43315839767456055,5.779805421829224,1173.0,1214.2222222222222
industrial_changeover,4547,910,2,Order2,910,1e-05,-0.0019944433588534594,1176.0,1177.0,5.334095478057861,0.4283578395843506,5.762453317642212,1173.0,1214.1813186813188
industrial_changeover,4552,911,2,Order2,911,1e-05,0.012495764764025807,1176.0,1177.0,5.4697511196136475,0.4283480644226074,5.898099184036255,1173.0,1214.1405049396267
industrial_changeover,4557,912,2,Order2,912,1e-05,-0.004919242230243981,1173.0,1177.0,5.584641218185425,0.4552321434020996,6.039873361587524,1173.0,1214.0997807017543
industrial_changeover,4562,913,2,Order2,913,1e-05,0.0017007033457048237,1184.0,1177.0,5.308603048324585,0.4119448661804199,5.720547914505005,1173.0,1214.0591456736036
industrial_changeover,4567,914,2,Order2,914,1e-05,0.001304365083342418,1184.0,1177.0,5.238305330276489,0.42061662673950195,5.658921957015991,1173.0,1214.0185995623633
industrial_changeover,4572,915,2,Order2,915,1e-05,-0.005350565770640969,1177.0,1177.0,5.211649656295776,0.40965938568115234,5.621309041976929,1173.0,1213.9781420765028
industrial_changeover,4577,916,2,Order2,916,1e-05,-0.015106879873201251,1174.0,1177.0,5.7059032917022705,0.4687988758087158,6.174702167510986,1173.0,1213.9377729257642
industrial_changeover,4582,917,2,Order2,917,1e-05,-0.009752275422215462,1188.0,1177.0,5.337942361831665,0.4287075996398926,5.766649961471558,1173.0,1213.8974918211559
industrial_changeover,4587,918,2,Order2,918,1e-05,-0.0026571318740025163,1177.0,1177.0,5.3620765209198,0.4282512664794922,5.790327787399292,1173.0,1213.8572984749455
industrial_changeover,4592,919,2,Order2,919,1e-05,-0.007494359044358134,1176.0,1177.0,5.395775079727173,0.43002820014953613,5.825803279876709,1173.0,1213.8171926006528
industrial_changeover,4597,920,2,Order2,920,1e-05,-0.009052656823769212,1177.0,1177.0,5.447364568710327,0.43251538276672363,5.879879951477051,1173.0,1213.7771739130435
industrial_changeover,4602,921,2,Order2,921,1e-05,-0.003944519907236099,1174.0,1177.0,5.4722065925598145,0.43582797050476074,5.908034563064575,1173.0,1213.7372421281216
industrial_changeover,4607,922,2,Order2,922,1e-05,-0.005911443382501602,1177.0,1177.0,5.362515211105347,0.44169068336486816,5.804205894470215,1173.0,1213.6973969631235
industrial_changeover,4612,923,2,Order2,923,1e-05,0.0032860219944268465,1184.0,1177.0,5.640908718109131,0.45221686363220215,6.093125581741333,1173.0,1213.6576381365114
industrial_changeover,4617,924,2,Order2,924,1e-05,-0.0075054733315482736,1174.0,1177.0,5.808794260025024,0.4487342834472656,6.25752854347229,1173.0,1213.6179653679653
industrial_changeover,4622,925,2,Order2,925,1e-05,0.010793299181386828,1188.0,1177.0,5.229334354400635,0.4548928737640381,5.684227228164673,1173.0,1213.5783783783784
industrial_changeover,4627,926,2,Order2,926,1e-05,0.002709832217078656,1176.0,1177.0,5.281532287597656,0.44399070739746094,5.725522994995117,1173.0,1213.5388768898488
industrial_changeover,4632,927,2,Order2,927,1e-05,-0.01053358311764896,1177.0,1177.0,5.16167950630188,0.43495750427246094,5.596637010574341,1173.0,1213.4994606256741
industrial_changeover,4637,928,2,Order2,928,1e-05,0.00179990372271277,1177.0,1177.0,5.5033533573150635,0.4333155155181885,5.936668872833252,1173.0,1213.4601293103449
industrial_changeover,4642,929,2,Order2,929,1e-05,0.01479782466776669,1184.0,1177.0,5.452560901641846,0.4163963794708252,5.868957281112671,1173.0,1213.4208826695371
industrial_changeover,4647,930,2,Order2,930,1e-05,-0.009333649417385459,1173.0,1177.0,5.294213056564331,0.41976475715637207,5.713977813720703,1173.0,1213.3817204301076
industrial_changeover,4652,931,2,Order2,931,1e-05,0.002343179890885949,1205.0,1177.0,5.394360780715942,0.41022729873657227,5.804588079452515,1173.0,1213.342642320086
industrial_changeover,4657,932,2,Order2,932,1e-05,-0.016301351599395275,1177.0,1177.0,5.315827369689941,0.42362093925476074,5.739448308944702,1173.0,1213.3036480686694
industrial_changeover,4662,933,2,Order2,933,1e-05,0.007440052693709731,1174.0,1177.0,5.485119104385376,0.42166781425476074,5.906786918640137,1173.0,1213.2647374062165
industrial_changeover,4667,934,2,Order2,934,1e-05,0.0004322131135268137,1177.0,1177.0,5.593121767044067,0.43857288360595703,6.031694650650024,1173.0,1213.2259100642398
industrial_changeover,4672,935,2,Order2,935,1e-05,0.008082299027591944,1185.0,1177.0,5.648270845413208,0.45126819610595703,6.099539041519165,1173.0,1213.1871657754011
industrial_changeover,4677,936,2,Order2,936,1e-05,0.0013884128129575402,1173.0,1177.0,5.286242485046387,0.4162442684173584,5.702486753463745,1173.0,1213.1485042735044
industrial_changeover,4682,937,2,Order2,937,1e-05,0.002065531734842807,1174.0,1177.0,5.248594760894775,0.4183948040008545,5.66698956489563,1173.0,1213.1099252934898
industrial_changeover,4687,938,2,Order2,938,1e-05,0.01523186662234366,1177.0,1177.0,5.1886749267578125,0.4028325080871582,5.591507434844971,1173.0,1213.0714285714287
industrial_changeover,4692,939,2,Order2,939,1e-05,0.0344858281314373,1207.0,1177.0,5.346336841583252,0.4270961284637451,5.773432970046997,1173.0,1213.0330138445154
industrial_changeover,4697,940,2,Order2,940,1e-05,-0.005731818499043584,1173.0,1177.0,5.317028522491455,0.43427348136901855,5.751302003860474,1173.0,1212.9946808510638
industrial_changeover,4702,941,2,Order2,941,1e-05,0.0350048765540123,1207.0,1177.0,5.425555229187012,0.41112446784973145,5.836679697036743,1173.0,1212.9564293304995
industrial_changeover,4707,942,2,Order2,942,1e-05,0.002396588446572423,1184.0,1177.0,5.362278461456299,0.4387059211730957,5.8009843826293945,1173.0,1212.9182590233545
industrial_changeover,4712,943,2,Order2,943,1e-05,-0.00270282500423491,1177.0,1177.0,5.328114748001099,0.4273836612701416,5.75549840927124,1173.0,1212.880169671262
industrial_changeover,4717,944,2,Order2,944,1e-05,0.02187496656551957,1204.0,1177.0,5.52422571182251,0.4480156898498535,5.972241401672363,1173.0,1212.8421610169491
industrial_changeover,4722,945,2,Order2,945,1e-05,-0.0015609234396833926,1173.0,1177.0,5.606424808502197,0.44225406646728516,6.048678874969482,1173.0,1212.8042328042327
industrial_changeover,4727,946,2,Order2,946,1e-05,0.00953025626949966,1184.0,1177.0,5.396319627761841,0.42656397819519043,5.822883605957031,1173.0,1212.7663847780127
industrial_changeover,4732,947,2,Order2,947,1e-05,-0.005204403656534851,1174.0,1177.0,5.662942886352539,0.4190254211425781,6.081968307495117,1173.0,1212.7286166842662
industrial_changeover,4737,948,2,Order2,948,1e-05,0.004589092102833092,1173.0,1177.0,5.266249656677246,0.4138939380645752,5.680143594741821,1173.0,1212.6909282700421
industrial_changeover,4742,949,2,Order2,949,1e-05,-0.008689215406775475,1177.0,1177.0,5.264545440673828,0.4075906276702881,5.672136068344116,1173.0,1212.6533192834563
industrial_changeover,4747,950,2,Order2,950,1e-05,-0.002781105227768421,1173.0,1177.0,5.186413764953613,0.41284632682800293,5.599260091781616,1173.0,1212.6157894736841
industrial_changeover,4752,951,2,Order2,951,1e-05,0.0025047488161362708,1184.0,1177.0,5.3156561851501465,0.4174060821533203,5.733062267303467,1173.0,1212.578338590957
industrial_changeover,4757,952,2,Order2,952,1e-05,-0.006183096207678318,1174.0,1177.0,5.5285351276397705,0.4048757553100586,5.933410882949829,1173.0,1212.5409663865546
industrial_changeover,4762,953,2,Order2,953,1e-05,0.008499583695083857,1184.0,1177.0,5.263361930847168,0.4118845462799072,5.675246477127075,1173.0,1212.5036726128017
industrial_changeover,4767,954,2,Order2,954,1e-05,-0.011736120330169797,1174.0,1177.0,5.383256673812866,0.41798901557922363,5.80124568939209,1173.0,1212.4664570230607
industrial_changeover,4772,955,2,Order2,955,1e-05,0.014093699399381876,1184.0,1177.0,5.428112506866455,0.42040586471557617,5.848518371582031,1173.0,1212.4293193717278
industrial_changeover,4777,956,2,Order2,956,1e-05,0.010727257700636983,1184.0,1177.0,5.449153661727905,0.4363844394683838,5.885538101196289,1173.0,1212.392259414226
industrial_changeover,4782,957,2,Order2,957,1e-05,0.009252051124349236,1184.0,1177.0,5.561105489730835,0.46056604385375977,6.021671533584595,1173.0,1212.355276907001
industrial_changeover,4787,958,2,Order2,958,1e-05,0.09478607214987278,1266.0,1177.0,5.363054275512695,0.4385979175567627,5.801652193069458,1173.0,1212.3183716075157
industrial_changeover,4792,959,2,Order2,959,1e-05,-0.003936531371437013,1173.0,1177.0,5.684474229812622,0.43514394760131836,6.11961817741394,1173.0,1212.281543274244
industrial_changeover,4797,960,2,Order2,960,1e-05,0.07490089908242226,1254.0,1177.0,5.425567388534546,0.4248631000518799,5.850430488586426,1173.0,1212.2447916666667
industrial_changeover,4802,961,2,Order2,961,1e-05,-0.020908761769533157,1184.0,1177.0,5.337866544723511,0.4176027774810791,5.75546932220459,1173.0,1212.2081165452653
industrial_changeover,4807,962,2,Order2,962,1e-05,0.0014301782357506454,1177.0,1177.0,5.202257394790649,0.41219663619995117,5.614454030990601,1173.0,1212.1715176715177
industrial_changeover,4812,963,2,Order2,963,1e-05,0.00919297058135271,1177.0,1177.0,5.648351192474365,0.43417930603027344,6.082530498504639,1173.0,1212.134994807892
industrial_changeover,4817,964,2,Order2,964,1e-05,-0.014839947456493974,1177.0,1177.0,5.579450607299805,0.4331934452056885,6.012644052505493,1173.0,1212.0985477178424
industrial_changeover,4822,965,2,Order2,965,1e-05,0.025680928025394678,1204.0,1177.0,5.365077495574951,0.4384493827819824,5.803526878356934,1173.0,1212.062176165803
industrial_changeover,4827,966,2,Order2,966,1e-05,-0.008398999692872167,1173.0,1177.0,5.547701835632324,0.454883337020874,6.002585172653198,1173.0,1212.0258799171843
industrial_changeover,4832,967,2,Order2,967,1e-05,0.011344240279868245,1177.0,1177.0,5.5702879428863525,0.4544820785522461,6.024770021438599,1173.0,1211.9896587383662
industrial_changeover,4837,968,2,Order2,968,1e-05,0.010179619072005153,1185.0,1177.0,5.445882081985474,0.43392348289489746,5.879805564880371,1173.0,1211.9535123966941
industrial_changeover,4842,969,2,Order2,969,1e-05,-0.00347709160996601,1188.0,1177.0,5.490227699279785,0.43242740631103516,5.92265510559082,1173.0,1211.9174406604748
industrial_changeover,4847,970,2,Order2,970,1e-05,0.01858940999954939,1187.0,1177.0,5.518920183181763,0.4309060573577881,5.949826240539551,1173.0,1211.881443298969
industrial_changeover,4852,971,2,Order2,971,1e-05,0.020211866591125727,1207.0,1177.0,5.3538289070129395,0.4246647357940674,5.778493642807007,1173.0,1211.8455200823894
industrial_changeover,4857,972,2,Order2,972,1e-05,0.004769569030031562,1172.0,1177.0,5.239747762680054,0.42394137382507324,5.663689136505127,1173.0,1211.809670781893
industrial_changeover,4862,973,2,Order2,973,1e-05,0.01833678362891078,1184.0,1177.0,5.314269065856934,0.4045143127441406,5.718783378601074,1173.0,1211.7738951695787
industrial_changeover,4867,974,2,Order2,974,1e-05,0.007770179538056254,1184.0,1177.0,5.286114454269409,0.44011831283569336,5.7262327671051025,1173.0,1211.7381930184804
industrial_changeover,4872,975,2,Order2,975,1e-05,0.003902220749296248,1184.0,1177.0,5.481070518493652,0.40990638732910156,5.890976905822754,1173.0,1211.702564102564
industrial_changeover,4877,976,2,Order2,976,1e-05,0.0010041229252237827,1184.0,1177.0,5.345667362213135,0.41866374015808105,5.764331102371216,1173.0,1211.6670081967213
industrial_changeover,4882,977,2,Order2,977,1e-05,0.02145908772945404,1203.0,1177.0,5.382474660873413,0.4257056713104248,5.808180332183838,1173.0,1211.6315250767657
industrial_changeover,4887,978,2,Order2,978,1e-05,0.00546115287579596,1173.0,1177.0,5.470492601394653,0.4371933937072754,5.907685995101929,1173.0,1211.5961145194274
industrial_changeover,4892,979,2,Order2,979,1e-05,0.005133343627676368,1176.0,1177.0,5.539402961730957,0.43087315559387207,5.970276117324829,1173.0,1211.5607763023493
industrial_changeover,4897,980,2,Order2,980,1e-05,-0.01062510209158063,1173.0,1177.0,5.425918817520142,0.4289278984069824,5.854846715927124,1173.0,1211.5255102040817
industrial_changeover,4902,981,2,Order2,981,1e-05,0.003644918790087104,1173.0,1177.0,5.314840078353882,0.4153907299041748,5.730230808258057,1173.0,1211.4903160040774
industrial_changeover,4907,982,2,Order2,982,1e-05,0.00500341912265867,1184.0,1177.0,5.441884756088257,0.4218430519104004,5.863727807998657,1173.0,1211.4551934826884
industrial_changeover,4912,983,2,Order2,983,1e-05,-0.006436712923459709,1174.0,1177.0,5.324141979217529,0.4196958541870117,5.743837833404541,1173.0,1211.4201424211597
industrial_changeover,4917,984,2,Order2,984,1e-05,0.011467589531093836,1177.0,1177.0,5.369773626327515,0.4202897548675537,5.790063381195068,1173.0,1211.385162601626
industrial_changeover,4922,985,2,Order2,985,1e-05,-0.011164254741743207,1174.0,1177.0,5.272057056427002,0.4534618854522705,5.7255189418792725,1173.0,1211.3502538071066
industrial_changeover,4927,986,2,Order2,986,1e-05,0.014391368255019188,1205.0,1177.0,5.666442632675171,0.48439455032348633,6.150837182998657,1173.0,1211.3154158215011
industrial_changeover,4932,987,2,Order2,987,1e-05,0.005381275434046984,1184.0,1177.0,5.518179416656494,0.4467813968658447,5.964960813522339,1173.0,1211.2806484295845
industrial_changeover,4937,988,2,Order2,988,1e-05,-0.006976817734539509,1174.0,1177.0,5.383552074432373,0.4231553077697754,5.806707382202148,1173.0,1211.245951417004
industrial_changeover,4942,989,2,Order2,989,1e-05,0.018801672384142876,1188.0,1177.0,5.429680109024048,0.42018604278564453,5.849866151809692,1173.0,1211.211324570273
industrial_changeover,4947,990,2,Order2,990,1e-05,-0.0050862031057477,1173.0,1177.0,5.495856046676636,0.42955899238586426,5.9254150390625,1173.0,1211.1767676767677
industrial_changeover,4952,991,2,Order2,991,1e-05,0.012002315139397979,1184.0,1177.0,5.596811532974243,0.4478330612182617,6.044644594192505,1173.0,1211.1422805247225
industrial_changeover,4957,992,2,Order2,992,1e-05,0.03958826791495085,1208.0,1177.0,5.6396026611328125,0.45215368270874023,6.091756343841553,1173.0,1211.1078629032259
industrial_changeover,4962,993,2,Order2,993,1e-05,0.01257968065328896,1184.0,1177.0,5.6129772663116455,0.4395630359649658,6.052540302276611,1173.0,1211.0735146022155
industrial_changeover,4967,994,2,Order2,994,1e-05,0.001096085150493309,1183.0,1177.0,5.537071466445923,0.409745454788208,5.946816921234131,1173.0,1211.039235412475
industrial_changeover,4972,995,2,Order2,995,1e-05,0.0043031846871599555,1184.0,1177.0,5.4415717124938965,0.4114208221435547,5.852992534637451,1173.0,1211.0050251256282
industrial_changeover,4977,996,2,Order2,996,1e-05,0.007430847967043519,1184.0,1177.0,5.2482688426971436,0.42740464210510254,5.675673484802246,1173.0,1210.9708835341366
industrial_changeover,4982,997,2,Order2,997,1e-05,-0.008449087617918849,1173.0,1177.0,5.157330751419067,0.46752476692199707,5.6248555183410645,1173.0,1210.936810431294
industrial_changeover,4987,998,2,Order2,998,1e-05,-0.0015986720682121813,1185.0,1177.0,5.541399955749512,0.48268842697143555,6.024088382720947,1173.0,1210.9028056112224
industrial_changeover,4992,999,2,Order2,999,1e-05,0.008099124766886234,1185.0,1177.0,5.460853338241577,0.4099409580230713,5.870794296264648,1173.0,1210.868868868869
industrial_changeover,4997,1000,2,Order2,1000,1e-05,0.0028964573284611106,1183.0,1177.0,5.421727180480957,0.4222254753112793,5.843952655792236,1173.0,1210.835
