variant_name,epoch,round_id,round_pos,instance_id,instance_occurrence,lr,train_loss,train_rollout_cmax,current_objective,train_time_sec,eval_time_sec,cycle_time_sec,running_cb,running_ca
industrial_changeover,5,1,5,Order5,1,9.992e-05,0.08563705161213875,1492.0,1504.0,9.042803525924683,1.2315316200256348,10.274335145950317,1504.0,1504.0
industrial_changeover,10,2,5,Order5,2,9.982e-05,-0.0502341091632843,1410.0,1462.0,15.552474975585938,1.1907246112823486,16.743199586868286,1462.0,1483.0
industrial_changeover,15,3,5,Order5,3,9.972e-05,-0.03633547201752663,1426.0,1440.0,15.535099506378174,1.1887383460998535,16.723837852478027,1440.0,1468.6666666666667
industrial_changeover,20,4,5,Order5,4,9.962e-05,-0.07838093861937523,1330.0,1492.0,15.824729681015015,1.2166662216186523,17.041395902633667,1440.0,1474.5
industrial_changeover,25,5,5,Order5,5,9.952e-05,-0.08668055012822151,1336.0,1399.0,15.640592098236084,1.202977180480957,16.84356927871704,1399.0,1459.4
industrial_changeover,30,6,5,Order5,6,9.942000000000001e-05,-0.12205380387604237,1373.0,1324.0,15.636099100112915,1.1913375854492188,16.827436685562134,1324.0,1436.8333333333333
industrial_changeover,35,7,5,Order5,7,9.932e-05,0.004102578037418425,1508.0,1448.0,15.771668672561646,1.2018203735351562,16.9734890460968,1324.0,1438.4285714285713
industrial_changeover,40,8,5,Order5,8,9.922e-05,-0.08718523010611534,1322.0,1387.0,15.455402851104736,1.1959993839263916,16.651402235031128,1324.0,1432.0
industrial_changeover,45,9,5,Order5,9,9.912e-05,-0.10295514017343521,1322.0,1377.0,15.714086771011353,1.1868772506713867,16.90096402168274,1324.0,1425.888888888889
industrial_changeover,50,10,5,Order5,10,9.902e-05,-0.16452762484550476,1247.0,1314.0,15.694246053695679,1.1982362270355225,16.8924822807312,1314.0,1414.7
industrial_changeover,55,11,5,Order5,11,9.892e-05,-0.1387193575501442,1271.0,1314.0,15.818338871002197,1.182581901550293,17.00092077255249,1314.0,1405.5454545454545
industrial_changeover,60,12,5,Order5,12,9.882e-05,-0.04403263051062822,1356.0,1306.0,15.665822744369507,1.1907052993774414,16.85652804374695,1306.0,1397.25
industrial_changeover,65,13,5,Order5,13,9.872e-05,-0.1792176365852356,1356.0,1356.0,15.9620201587677,1.2872238159179688,17.24924397468567,1306.0,1394.076923076923
industrial_changeover,70,14,5,Order5,14,9.862e-05,-0.04433043021708727,1396.0,1353.0,16.589272260665894,1.2492210865020752,17.83849334716797,1306.0,1391.142857142857
industrial_changeover,75,15,5,Order5,15,9.852e-05,-0.14496975392103195,1261.0,1353.0,16.32725691795349,1.2028868198394775,17.53014373779297,1306.0,1388.6
industrial_changeover,80,16,5,Order5,16,9.842e-05,-0.014340309891849756,1449.0,1448.0,16.120479822158813,1.208399772644043,17.328879594802856,1306.0,1392.3125
industrial_changeover,85,17,5,Order5,17,9.832000000000001e-05,-0.13459747284650803,1294.0,1448.0,16.354795932769775,1.205484390258789,17.560280323028564,1306.0,1395.5882352941176
industrial_changeover,90,18,5,Order5,18,9.822e-05,-0.16695823520421982,1301.0,1448.0,16.404834747314453,1.2456457614898682,17.65048050880432,1306.0,1398.5
industrial_changeover,95,19,5,Order5,19,9.812e-05,0.13564224913716316,1559.0,1448.0,16.034507751464844,1.2510037422180176,17.28551149368286,1306.0,1401.1052631578948
industrial_changeover,100,20,5,Order5,20,9.802e-05,-0.024548291228711605,1420.0,1483.0,12.048002004623413,1.1986443996429443,13.246646404266357,1306.0,1405.2
industrial_changeover,105,21,5,Order5,21,9.792e-05,-0.09354892373085022,1387.0,1483.0,15.998104333877563,1.2326154708862305,17.230719804763794,1306.0,1408.904761904762
industrial_changeover,110,22,5,Order5,22,9.782e-05,0.04776420071721077,1467.0,1483.0,16.075705766677856,1.294506311416626,17.370212078094482,1306.0,1412.2727272727273
industrial_changeover,115,23,5,Order5,23,9.772e-05,-0.17820392921566963,1301.0,1483.0,15.977877378463745,1.193312644958496,17.17119002342224,1306.0,1415.3478260869565
industrial_changeover,120,24,5,Order5,24,9.762e-05,0.039446002803742886,1445.0,1483.0,15.822291135787964,1.2048909664154053,17.02718210220337,1306.0,1418.1666666666667
industrial_changeover,125,25,5,Order5,25,9.752e-05,-0.010922000044956803,1527.0,1483.0,15.968895196914673,1.2350883483886719,17.203983545303345,1306.0,1420.76
industrial_changeover,130,26,5,Order5,26,9.742e-05,-0.034791331738233566,1423.0,1483.0,16.080312490463257,1.2004132270812988,17.280725717544556,1306.0,1423.1538461538462
industrial_changeover,135,27,5,Order5,27,9.732e-05,-0.11570767872035503,1432.0,1483.0,15.96374249458313,1.221956491470337,17.185698986053467,1306.0,1425.3703703703704
industrial_changeover,140,28,5,Order5,28,9.722e-05,0.06175130978226662,1538.0,1483.0,15.898706912994385,1.2482452392578125,17.146952152252197,1306.0,1427.4285714285713
industrial_changeover,145,29,5,Order5,29,9.712e-05,-0.026087225414812565,1508.0,1483.0,16.06224513053894,1.2590398788452148,17.321285009384155,1306.0,1429.344827586207
industrial_changeover,150,30,5,Order5,30,9.702e-05,0.010517373448237777,1522.0,1483.0,16.159199476242065,1.2167036533355713,17.375903129577637,1306.0,1431.1333333333334
industrial_changeover,155,31,5,Order5,31,9.692e-05,-0.008109275018796325,1372.0,1471.0,15.947793006896973,1.2219948768615723,17.169787883758545,1306.0,1432.4193548387098
industrial_changeover,160,32,5,Order5,32,9.682e-05,-0.07545060105621815,1379.0,1471.0,16.25966238975525,1.226332426071167,17.485994815826416,1306.0,1433.625
industrial_changeover,165,33,5,Order5,33,9.672e-05,-0.08587336726486683,1381.0,1483.0,15.990521669387817,1.2166855335235596,17.207207202911377,1306.0,1435.121212121212
industrial_changeover,170,34,5,Order5,34,9.661999999999999e-05,0.02941859047859907,1443.0,1483.0,15.71384882926941,1.1853671073913574,16.899215936660767,1306.0,1436.5294117647059
industrial_changeover,175,35,5,Order5,35,9.652e-05,-0.08734496682882309,1445.0,1483.0,15.815281629562378,1.2065324783325195,17.021814107894897,1306.0,1437.857142857143
industrial_changeover,180,36,5,Order5,36,9.642e-05,-0.019899803679436445,1461.0,1471.0,15.781638145446777,1.196885347366333,16.97852349281311,1306.0,1438.7777777777778
industrial_changeover,185,37,5,Order5,37,9.632000000000001e-05,-0.05795351229608059,1386.0,1432.0,15.707513570785522,1.207056999206543,16.914570569992065,1306.0,1438.5945945945946
industrial_changeover,190,38,5,Order5,38,9.622e-05,-0.011893006740137935,1490.0,1447.0,15.73903512954712,1.2070066928863525,16.94604182243347,1306.0,1438.8157894736842
industrial_changeover,195,39,5,Order5,39,9.612000000000001e-05,-0.05425396282225847,1399.0,1389.0,15.84199571609497,1.2107627391815186,17.05275845527649,1306.0,1437.5384615384614
industrial_changeover,200,40,5,Order5,40,9.601999999999999e-05,-0.0826388243585825,1342.0,1389.0,12.202548742294312,1.1971402168273926,13.399688959121704,1306.0,1436.325
industrial_changeover,205,41,5,Order5,41,9.592e-05,0.0009938431612681597,1388.0,1389.0,16.27373433113098,1.2429816722869873,17.51671600341797,1306.0,1435.1707317073171
industrial_changeover,210,42,5,Order5,42,9.582000000000001e-05,-0.06610300578176975,1509.0,1447.0,15.901488780975342,1.2172589302062988,17.11874771118164,1306.0,1435.452380952381
industrial_changeover,215,43,5,Order5,43,9.572000000000001e-05,-0.10051466338336468,1293.0,1389.0,16.11340856552124,1.3012127876281738,17.414621353149414,1306.0,1434.3720930232557
industrial_changeover,220,44,5,Order5,44,9.562000000000001e-05,-0.08610342815518379,1381.0,1389.0,16.17153549194336,1.2254343032836914,17.39696979522705,1306.0,1433.340909090909
industrial_changeover,225,45,5,Order5,45,9.552000000000001e-05,-0.06829436682164669,1444.0,1447.0,16.09518051147461,1.209303617477417,17.304484128952026,1306.0,1433.6444444444444
industrial_changeover,230,46,5,Order5,46,9.542e-05,-0.003095405932981521,1459.0,1477.0,16.08713436126709,1.2081222534179688,17.29525661468506,1306.0,1434.5869565217392
industrial_changeover,235,47,5,Order5,47,9.532000000000002e-05,-0.024517524521797895,1509.0,1432.0,15.861478805541992,1.1982336044311523,17.059712409973145,1306.0,1434.531914893617
industrial_changeover,240,48,5,Order5,48,9.522000000000001e-05,-0.0723226610571146,1475.0,1540.0,15.926790952682495,1.2360568046569824,17.162847757339478,1306.0,1436.7291666666667
industrial_changeover,245,49,5,Order5,49,9.512000000000001e-05,-0.11011727340519428,1299.0,1540.0,15.811625003814697,1.2073338031768799,17.018958806991577,1306.0,1438.8367346938776
industrial_changeover,250,50,5,Order5,50,9.502000000000001e-05,0.024412733502686024,1470.0,1477.0,15.73306679725647,1.203726053237915,16.936792850494385,1306.0,1439.6
industrial_changeover,255,51,5,Order5,51,9.492e-05,-0.10196273773908615,1386.0,1540.0,15.696401596069336,1.1925342082977295,16.888935804367065,1306.0,1441.5686274509803
industrial_changeover,260,52,5,Order5,52,9.482e-05,0.018802477978169918,1492.0,1540.0,16.14195966720581,1.259138584136963,17.401098251342773,1306.0,1443.4615384615386
industrial_changeover,265,53,5,Order5,53,9.472000000000001e-05,-0.10284876264631748,1388.0,1540.0,15.840925693511963,1.206073522567749,17.046999216079712,1306.0,1445.2830188679245
industrial_changeover,270,54,5,Order5,54,9.462000000000001e-05,-0.13475343212485313,1303.0,1540.0,16.270384311676025,1.2338953018188477,17.504279613494873,1306.0,1447.037037037037
industrial_changeover,275,55,5,Order5,55,9.452000000000001e-05,-0.11934972740709782,1477.0,1540.0,15.696905612945557,1.1824595928192139,16.87936520576477,1306.0,1448.7272727272727
industrial_changeover,280,56,5,Order5,56,9.442000000000001e-05,-0.044760290533304214,1388.0,1540.0,16.023701906204224,1.2064247131347656,17.23012661933899,1306.0,1450.357142857143
industrial_changeover,285,57,5,Order5,57,9.432e-05,0.008035894017666578,1422.0,1540.0,16.30617594718933,1.2944753170013428,17.600651264190674,1306.0,1451.9298245614036
industrial_changeover,290,58,5,Order5,58,9.422e-05,0.057884677313268185,1426.0,1540.0,16.136879682540894,1.2360649108886719,17.372944593429565,1306.0,1453.448275862069
industrial_changeover,295,59,5,Order5,59,9.412000000000001e-05,-0.16026127710938454,1299.0,1540.0,15.904430866241455,1.2325530052185059,17.13698387145996,1306.0,1454.915254237288
industrial_changeover,300,60,5,Order5,60,9.402000000000001e-05,-0.08914629556238651,1296.0,1540.0,16.072495698928833,1.2452726364135742,17.317768335342407,1306.0,1456.3333333333333
industrial_changeover,305,61,5,Order5,61,9.392000000000001e-05,-0.16002023965120316,1383.0,1540.0,15.627118587493896,1.1898536682128906,16.816972255706787,1306.0,1457.704918032787
industrial_changeover,310,62,5,Order5,62,9.382e-05,0.005463273264467716,1403.0,1540.0,15.819855690002441,1.2356791496276855,17.055534839630127,1306.0,1459.032258064516
industrial_changeover,315,63,5,Order5,63,9.372e-05,-0.0983371902257204,1481.0,1540.0,15.814996242523193,1.2143278121948242,17.029324054718018,1306.0,1460.3174603174602
industrial_changeover,320,64,5,Order5,64,9.362e-05,-0.03739803098142147,1371.0,1540.0,15.745018482208252,1.187258243560791,16.932276725769043,1306.0,1461.5625
industrial_changeover,325,65,5,Order5,65,9.352000000000001e-05,-0.07389426976442337,1280.0,1540.0,15.863814353942871,1.1963253021240234,17.060139656066895,1306.0,1462.7692307692307
industrial_changeover,330,66,5,Order5,66,9.342000000000001e-05,-0.06952819228172302,1416.0,1540.0,15.938228845596313,1.2534329891204834,17.191661834716797,1306.0,1463.939393939394
industrial_changeover,335,67,5,Order5,67,9.332000000000001e-05,-0.028065327554941177,1407.0,1540.0,15.6971595287323,1.2022058963775635,16.899365425109863,1306.0,1465.0746268656717
industrial_changeover,340,68,5,Order5,68,9.322e-05,-0.10987416841089725,1399.0,1540.0,15.893507719039917,1.219515085220337,17.113022804260254,1306.0,1466.1764705882354
industrial_changeover,345,69,5,Order5,69,9.312e-05,0.036671110428869724,1406.0,1447.0,15.800431251525879,1.2351012229919434,17.035532474517822,1306.0,1465.8985507246377
industrial_changeover,350,70,5,Order5,70,9.302e-05,-0.027742478996515274,1443.0,1447.0,16.030902862548828,1.2151405811309814,17.24604344367981,1306.0,1465.6285714285714
industrial_changeover,355,71,5,Order5,71,9.292000000000001e-05,0.019277697429060936,1482.0,1447.0,15.95388150215149,1.2312254905700684,17.185106992721558,1306.0,1465.3661971830986
industrial_changeover,360,72,5,Order5,72,9.282000000000001e-05,-0.07773038372397423,1351.0,1324.0,15.915984630584717,1.2024903297424316,17.11847496032715,1306.0,1463.4027777777778
industrial_changeover,365,73,5,Order5,73,9.272e-05,-0.04368749726563692,1475.0,1324.0,15.7947359085083,1.2249834537506104,17.01971936225891,1306.0,1461.4931506849316
industrial_changeover,370,74,5,Order5,74,9.262e-05,-0.1039692685008049,1263.0,1324.0,15.893058061599731,1.2146096229553223,17.107667684555054,1306.0,1459.6351351351352
industrial_changeover,375,75,5,Order5,75,9.252e-05,-0.05427620839327574,1306.0,1324.0,15.958950519561768,1.2204203605651855,17.179370880126953,1306.0,1457.8266666666666
industrial_changeover,380,76,5,Order5,76,9.242000000000001e-05,-0.0036896695964969695,1462.0,1448.0,15.798009872436523,1.1977345943450928,16.995744466781616,1306.0,1457.6973684210527
industrial_changeover,385,77,5,Order5,77,9.232000000000001e-05,-0.10411249101161957,1281.0,1448.0,15.782782554626465,1.2060606479644775,16.988843202590942,1306.0,1457.5714285714287
industrial_changeover,390,78,5,Order5,78,9.222000000000001e-05,-0.04237778764218092,1280.0,1324.0,16.006242513656616,1.2364883422851562,17.242730855941772,1306.0,1455.8589743589744
industrial_changeover,395,79,5,Order5,79,9.212e-05,-0.026549473870545626,1475.0,1324.0,16.03336524963379,1.2070918083190918,17.24045705795288,1306.0,1454.1898734177216
industrial_changeover,400,80,5,Order5,80,9.202e-05,-0.02453561034053564,1446.0,1324.0,15.968932867050171,1.2050960063934326,17.174028873443604,1306.0,1452.5625
industrial_changeover,405,81,5,Order5,81,9.192e-05,0.013718303060159087,1490.0,1417.0,16.22301483154297,1.2355737686157227,17.45858860015869,1306.0,1452.1234567901236
industrial_changeover,410,82,5,Order5,82,9.182000000000001e-05,0.06900610588490963,1527.0,1382.0,16.322274446487427,1.2759926319122314,17.598267078399658,1306.0,1451.2682926829268
industrial_changeover,415,83,5,Order5,83,9.172000000000001e-05,-0.007879459066316485,1357.0,1415.0,15.822473287582397,1.2201383113861084,17.042611598968506,1306.0,1450.8313253012047
industrial_changeover,420,84,5,Order5,84,9.162000000000001e-05,-0.09020355343818665,1371.0,1416.0,16.414153337478638,1.274360179901123,17.68851351737976,1306.0,1450.4166666666667
industrial_changeover,425,85,5,Order5,85,9.152e-05,-0.09578357450664043,1264.0,1385.0,16.22590684890747,1.2516343593597412,17.477541208267212,1306.0,1449.6470588235295
industrial_changeover,430,86,5,Order5,86,9.142e-05,-0.034828982315957546,1480.0,1351.0,15.945667028427124,1.1938507556915283,17.139517784118652,1306.0,1448.5
industrial_changeover,435,87,5,Order5,87,9.132e-05,-0.0738602727651596,1341.0,1334.0,16.183928728103638,1.2340128421783447,17.417941570281982,1306.0,1447.183908045977
industrial_changeover,440,88,5,Order5,88,9.122000000000001e-05,-0.038505980744957924,1444.0,1385.0,15.95897889137268,1.2245938777923584,17.18357276916504,1306.0,1446.4772727272727
industrial_changeover,445,89,5,Order5,89,9.112000000000001e-05,-0.05447991285473108,1288.0,1319.0,15.726783275604248,1.1924221515655518,16.9192054271698,1306.0,1445.0449438202247
industrial_changeover,450,90,5,Order5,90,9.102e-05,-0.07572458125650883,1356.0,1322.0,15.927560091018677,1.2420361042022705,17.169596195220947,1306.0,1443.6777777777777
industrial_changeover,455,91,5,Order5,91,9.092e-05,0.04220733977854252,1444.0,1322.0,15.86342477798462,1.2205607891082764,17.083985567092896,1306.0,1442.3406593406594
industrial_changeover,460,92,5,Order5,92,9.082e-05,-0.06490523554384708,1308.0,1358.0,15.829175233840942,1.2015953063964844,17.030770540237427,1306.0,1441.4239130434783
industrial_changeover,465,93,5,Order5,93,9.072e-05,0.019823923241347075,1455.0,1358.0,15.820555686950684,1.2015049457550049,17.02206063270569,1306.0,1440.52688172043
industrial_changeover,470,94,5,Order5,94,9.062000000000001e-05,0.002936233824584633,1515.0,1322.0,15.719918251037598,1.225677490234375,16.945595741271973,1306.0,1439.2659574468084
industrial_changeover,475,95,5,Order5,95,9.052000000000001e-05,0.003280734468717128,1369.0,1322.0,15.585087299346924,1.1993236541748047,16.78441095352173,1306.0,1438.0315789473684
industrial_changeover,480,96,5,Order5,96,9.042e-05,0.0039577363058924675,1477.0,1358.0,15.7601478099823,1.217010259628296,16.977158069610596,1306.0,1437.1979166666667
industrial_changeover,485,97,5,Order5,97,9.032e-05,0.0539804557338357,1490.0,1369.0,16.05328369140625,1.2107913494110107,17.26407504081726,1306.0,1436.4948453608247
industrial_changeover,490,98,5,Order5,98,9.022e-05,0.02256078226491809,1417.0,1374.0,16.02272391319275,1.222872018814087,17.245595932006836,1306.0,1435.857142857143
industrial_changeover,495,99,5,Order5,99,9.012e-05,-0.15053445845842361,1345.0,1377.0,15.850351095199585,1.2310762405395508,17.081427335739136,1306.0,1435.2626262626263
industrial_changeover,500,100,5,Order5,100,9.002000000000001e-05,-0.01452902378514409,1387.0,1377.0,16.21991276741028,1.2447936534881592,17.464706420898438,1306.0,1434.68
industrial_changeover,505,101,5,Order5,101,8.992e-05,0.022125533781945705,1371.0,1330.0,15.853869199752808,1.2945384979248047,17.148407697677612,1306.0,1433.6435643564357
industrial_changeover,510,102,5,Order5,102,8.982e-05,0.0005809485010104254,1416.0,1330.0,16.19550919532776,1.2331030368804932,17.428612232208252,1306.0,1432.6274509803923
industrial_changeover,515,103,5,Order5,103,8.972e-05,-0.03053286112844944,1397.0,1330.0,16.03923225402832,1.221282720565796,17.260514974594116,1306.0,1431.631067961165
industrial_changeover,520,104,5,Order5,104,8.962e-05,-0.12400613352656364,1461.0,1282.0,16.134313344955444,1.249558448791504,17.38387179374695,1282.0,1430.1923076923076
industrial_changeover,525,105,5,Order5,105,8.952000000000001e-05,0.01741977222263813,1371.0,1349.0,16.02234935760498,1.225287914276123,17.247637271881104,1282.0,1429.4190476190477
industrial_changeover,530,106,5,Order5,106,8.942000000000001e-05,-0.01900500664487481,1515.0,1282.0,15.730202913284302,1.2075414657592773,16.93774437904358,1282.0,1428.0283018867924
industrial_changeover,535,107,5,Order5,107,8.932e-05,-0.0014268708182498813,1390.0,1376.0,16.336683988571167,1.22713303565979,17.563817024230957,1282.0,1427.5420560747664
industrial_changeover,540,108,5,Order5,108,8.922e-05,-0.03892323188483715,1428.0,1376.0,16.153162240982056,1.2604916095733643,17.41365385055542,1282.0,1427.0648148148148
industrial_changeover,545,109,5,Order5,109,8.912e-05,-0.07834095507860184,1322.0,1377.0,15.79167103767395,1.2104730606079102,17.00214409828186,1282.0,1426.605504587156
industrial_changeover,550,110,5,Order5,110,8.902e-05,-0.03450352419167757,1302.0,1376.0,16.052045345306396,1.2135143280029297,17.265559673309326,1282.0,1426.1454545454546
industrial_changeover,555,111,5,Order5,111,8.892000000000001e-05,0.014367469120770693,1316.0,1376.0,16.128844022750854,1.2174203395843506,17.346264362335205,1282.0,1425.6936936936936
industrial_changeover,560,112,5,Order5,112,8.882000000000001e-05,-0.012417157413437963,1490.0,1376.0,15.666460275650024,1.2556438446044922,16.922104120254517,1282.0,1425.25
industrial_changeover,565,113,5,Order5,113,8.872e-05,-0.03147158958017826,1299.0,1376.0,15.841620445251465,1.2098872661590576,17.051507711410522,1282.0,1424.8141592920354
industrial_changeover,570,114,5,Order5,114,8.862e-05,-0.07236586511135101,1287.0,1377.0,15.553120613098145,1.198021650314331,16.751142263412476,1282.0,1424.3947368421052
industrial_changeover,575,115,5,Order5,115,8.852e-05,-0.011131224688142538,1410.0,1377.0,15.810396432876587,1.2040867805480957,17.014483213424683,1282.0,1423.982608695652
industrial_changeover,580,116,5,Order5,116,8.842e-05,0.00463335367385298,1379.0,1301.0,15.74950122833252,1.2034704685211182,16.952971696853638,1282.0,1422.9224137931035
industrial_changeover,585,117,5,Order5,117,8.832000000000001e-05,0.0036198687157593668,1482.0,1301.0,15.550920009613037,1.188530683517456,16.739450693130493,1282.0,1421.8803418803418
industrial_changeover,590,118,5,Order5,118,8.822e-05,-0.03206439130008221,1371.0,1330.0,15.601712465286255,1.1944975852966309,16.796210050582886,1282.0,1421.1016949152543
industrial_changeover,595,119,5,Order5,119,8.812e-05,-0.05966724641621113,1319.0,1330.0,15.674777507781982,1.192474365234375,16.867251873016357,1282.0,1420.3361344537816
industrial_changeover,600,120,5,Order5,120,8.802e-05,-0.09159895218908787,1288.0,1301.0,15.61979627609253,1.2130725383758545,16.832868814468384,1282.0,1419.3416666666667
industrial_changeover,605,121,5,Order5,121,8.792e-05,-0.05496954172849655,1413.0,1327.0,15.581536769866943,1.199547290802002,16.781084060668945,1282.0,1418.5785123966941
industrial_changeover,610,122,5,Order5,122,8.782e-05,-0.015732034109532833,1296.0,1327.0,15.736910581588745,1.19553804397583,16.932448625564575,1282.0,1417.827868852459
industrial_changeover,615,123,5,Order5,123,8.772000000000001e-05,-0.13499822095036507,1290.0,1327.0,15.575413465499878,1.1810352802276611,16.75644874572754,1282.0,1417.0894308943089
industrial_changeover,620,124,5,Order5,124,8.762e-05,-0.004501383635215461,1483.0,1327.0,15.69274377822876,1.2039885520935059,16.896732330322266,1282.0,1416.3629032258063
industrial_changeover,625,125,5,Order5,125,8.752e-05,-0.07742767781019211,1340.0,1327.0,15.708076477050781,1.1842472553253174,16.8923237323761,1282.0,1415.648
industrial_changeover,630,126,5,Order5,126,8.742e-05,-0.03873837273567915,1358.0,1327.0,15.54591965675354,1.1876153945922852,16.733535051345825,1282.0,1414.9444444444443
industrial_changeover,635,127,5,Order5,127,8.732e-05,0.07151632942259312,1427.0,1327.0,15.553187370300293,1.1853158473968506,16.738503217697144,1282.0,1414.251968503937
industrial_changeover,640,128,5,Order5,128,8.722e-05,-0.11350151896476746,1330.0,1327.0,15.836610317230225,1.240891456604004,17.07750177383423,1282.0,1413.5703125
industrial_changeover,645,129,5,Order5,129,8.712e-05,0.09472131356596947,1505.0,1327.0,15.598464250564575,1.1871888637542725,16.785653114318848,1282.0,1412.8992248062016
industrial_changeover,650,130,5,Order5,130,8.702e-05,-0.06568067893385887,1265.0,1327.0,15.634882688522339,1.2051749229431152,16.840057611465454,1282.0,1412.2384615384615
industrial_changeover,655,131,5,Order5,131,8.692e-05,-0.05801587551832199,1387.0,1327.0,15.583978414535522,1.1981887817382812,16.782167196273804,1282.0,1411.5877862595419
industrial_changeover,660,132,5,Order5,132,8.682e-05,-0.021792035549879074,1353.0,1327.0,15.697652101516724,1.2139017581939697,16.911553859710693,1282.0,1410.9469696969697
industrial_changeover,665,133,5,Order5,133,8.672e-05,-0.031817760318517685,1442.0,1327.0,15.57956862449646,1.1843650341033936,16.763933658599854,1282.0,1410.3157894736842
industrial_changeover,670,134,5,Order5,134,8.662000000000001e-05,-0.14145130664110184,1319.0,1327.0,15.657240390777588,1.1977288722991943,16.854969263076782,1282.0,1409.6940298507463
industrial_changeover,675,135,5,Order5,135,8.652e-05,-0.06230755802243948,1353.0,1327.0,15.749587535858154,1.1999497413635254,16.94953727722168,1282.0,1409.0814814814814
industrial_changeover,680,136,5,Order5,136,8.642e-05,-0.04611093085259199,1302.0,1327.0,15.652400970458984,1.1907625198364258,16.84316349029541,1282.0,1408.4779411764705
industrial_changeover,685,137,5,Order5,137,8.632e-05,-0.0690692588686943,1245.0,1327.0,15.621383666992188,1.2002894878387451,16.821673154830933,1282.0,1407.8832116788321
industrial_changeover,690,138,5,Order5,138,8.622e-05,-0.1469976119697094,1325.0,1327.0,15.623272180557251,1.198195457458496,16.821467638015747,1282.0,1407.2971014492753
industrial_changeover,695,139,5,Order5,139,8.612e-05,-0.06881302036345005,1414.0,1327.0,15.543427467346191,1.1855268478393555,16.728954315185547,1282.0,1406.7194244604316
industrial_changeover,700,140,5,Order5,140,8.602e-05,-0.01992454892024398,1306.0,1327.0,15.897045135498047,1.2504045963287354,17.147449731826782,1282.0,1406.15
industrial_changeover,705,141,5,Order5,141,8.592e-05,-0.03413229435682297,1386.0,1327.0,15.726992130279541,1.2459259033203125,16.972918033599854,1282.0,1405.5886524822695
industrial_changeover,710,142,5,Order5,142,8.582e-05,-0.04838664270937443,1371.0,1327.0,15.617595195770264,1.1949224472045898,16.812517642974854,1282.0,1405.0352112676057
industrial_changeover,715,143,5,Order5,143,8.572e-05,-0.03840808942914009,1324.0,1327.0,15.655374526977539,1.2015044689178467,16.856878995895386,1282.0,1404.4895104895104
industrial_changeover,720,144,5,Order5,144,8.562e-05,-0.03591325134038925,1318.0,1327.0,15.691526651382446,1.1915903091430664,16.883116960525513,1282.0,1403.951388888889
industrial_changeover,725,145,5,Order5,145,8.552e-05,-0.003675526415463537,1353.0,1327.0,15.670692682266235,1.193260908126831,16.863953590393066,1282.0,1403.4206896551725
industrial_changeover,730,146,5,Order5,146,8.542e-05,0.02245936682447791,1399.0,1327.0,15.504626035690308,1.1807749271392822,16.68540096282959,1282.0,1402.8972602739725
industrial_changeover,735,147,5,Order5,147,8.532e-05,-0.002732238033786416,1379.0,1336.0,15.513128757476807,1.1865136623382568,16.699642419815063,1282.0,1402.4421768707482
industrial_changeover,740,148,5,Order5,148,8.522000000000001e-05,-0.12223654985427856,1262.0,1336.0,15.90086841583252,1.2581095695495605,17.15897798538208,1282.0,1401.9932432432433
industrial_changeover,745,149,5,Order5,149,8.512e-05,-0.02200625976547599,1356.0,1336.0,15.632614850997925,1.1935713291168213,16.826186180114746,1282.0,1401.5503355704698
industrial_changeover,750,150,5,Order5,150,8.502000000000001e-05,-0.0493101654574275,1262.0,1339.0,15.688324451446533,1.2098543643951416,16.898178815841675,1282.0,1401.1333333333334
industrial_changeover,755,151,5,Order5,151,8.492e-05,-0.11089067719876766,1263.0,1339.0,15.70467209815979,1.2006585597991943,16.905330657958984,1282.0,1400.7218543046358
industrial_changeover,760,152,5,Order5,152,8.482e-05,0.024671743623912334,1470.0,1339.0,15.721312999725342,1.2021253108978271,16.92343831062317,1282.0,1400.3157894736842
industrial_changeover,765,153,5,Order5,153,8.472e-05,-0.0335421422496438,1372.0,1339.0,15.55740237236023,1.2082295417785645,16.765631914138794,1282.0,1399.9150326797385
industrial_changeover,770,154,5,Order5,154,8.462000000000001e-05,-0.0484389029443264,1383.0,1339.0,15.611776113510132,1.2117977142333984,16.82357382774353,1282.0,1399.5194805194806
industrial_changeover,775,155,5,Order5,155,8.452e-05,0.041508808732032776,1470.0,1339.0,15.481868743896484,1.1833698749542236,16.665238618850708,1282.0,1399.1290322580646
industrial_changeover,780,156,5,Order5,156,8.442000000000001e-05,-0.010042587295174599,1371.0,1339.0,15.705695152282715,1.2478363513946533,16.953531503677368,1282.0,1398.7435897435898
industrial_changeover,785,157,5,Order5,157,8.431999999999999e-05,-0.04025535099208355,1379.0,1358.0,15.630388736724854,1.1893510818481445,16.819739818572998,1282.0,1398.4840764331211
industrial_changeover,790,158,5,Order5,158,8.422e-05,-0.07467048242688179,1400.0,1339.0,15.618236303329468,1.1998038291931152,16.818040132522583,1282.0,1398.107594936709
industrial_changeover,795,159,5,Order5,159,8.412e-05,0.05216448754072189,1399.0,1339.0,15.59243631362915,1.1919100284576416,16.784346342086792,1282.0,1397.7358490566037
industrial_changeover,800,160,5,Order5,160,8.402000000000001e-05,-0.07234516181051731,1319.0,1339.0,15.683644771575928,1.194821834564209,16.878466606140137,1282.0,1397.36875
industrial_changeover,805,161,5,Order5,161,8.392e-05,-0.1156226322054863,1325.0,1336.0,15.589031457901001,1.1952860355377197,16.78431749343872,1282.0,1396.9875776397516
industrial_changeover,810,162,5,Order5,162,8.382000000000001e-05,-0.12350272387266159,1383.0,1336.0,15.744922876358032,1.193112850189209,16.93803572654724,1282.0,1396.611111111111
industrial_changeover,815,163,5,Order5,163,8.372e-05,0.07785463705658913,1357.0,1327.0,15.58454704284668,1.200495719909668,16.785042762756348,1282.0,1396.1840490797547
industrial_changeover,820,164,5,Order5,164,8.362000000000002e-05,-0.00662270316388458,1410.0,1327.0,15.791409730911255,1.2098591327667236,17.00126886367798,1282.0,1395.7621951219512
industrial_changeover,825,165,5,Order5,165,8.352e-05,-0.025700148195028305,1353.0,1327.0,15.64627194404602,1.1943063735961914,16.840578317642212,1282.0,1395.3454545454545
industrial_changeover,830,166,5,Order5,166,8.342000000000001e-05,0.011453741928562522,1370.0,1327.0,15.526166439056396,1.192824125289917,16.718990564346313,1282.0,1394.933734939759
industrial_changeover,835,167,5,Order5,167,8.332e-05,-0.0018984025227837265,1498.0,1327.0,15.820586919784546,1.2031919956207275,17.023778915405273,1282.0,1394.5269461077844
industrial_changeover,840,168,5,Order5,168,8.322e-05,-0.1076755877584219,1299.0,1336.0,15.696834087371826,1.1935875415802002,16.890421628952026,1282.0,1394.1785714285713
industrial_changeover,845,169,5,Order5,169,8.312e-05,-0.033831954933702946,1358.0,1336.0,15.650317668914795,1.2080278396606445,16.85834550857544,1282.0,1393.8343195266273
industrial_changeover,850,170,5,Order5,170,8.302000000000001e-05,0.04974732920527458,1428.0,1336.0,15.834238767623901,1.2430438995361328,17.077282667160034,1282.0,1393.4941176470588
industrial_changeover,855,171,5,Order5,171,8.292e-05,0.02049174439162016,1444.0,1336.0,15.579598426818848,1.1943280696868896,16.773926496505737,1282.0,1393.157894736842
industrial_changeover,860,172,5,Order5,172,8.282000000000001e-05,-0.026157344691455364,1280.0,1336.0,15.727774143218994,1.19693922996521,16.924713373184204,1282.0,1392.8255813953488
industrial_changeover,865,173,5,Order5,173,8.272e-05,0.021571807097643614,1417.0,1336.0,15.71434235572815,1.2191390991210938,16.933481454849243,1282.0,1392.4971098265896
industrial_changeover,870,174,5,Order5,174,8.262e-05,-0.061013687402009964,1336.0,1336.0,15.598213195800781,1.197913646697998,16.79612684249878,1282.0,1392.1724137931035
industrial_changeover,875,175,5,Order5,175,8.252e-05,-0.12499228678643703,1330.0,1336.0,15.494965076446533,1.2359271049499512,16.730892181396484,1282.0,1391.8514285714286
industrial_changeover,880,176,5,Order5,176,8.242000000000001e-05,0.025893832556903362,1445.0,1336.0,15.65369987487793,1.2704334259033203,16.92413330078125,1282.0,1391.534090909091
industrial_changeover,885,177,5,Order5,177,8.232e-05,0.07276649959385395,1445.0,1336.0,15.483529329299927,1.2006020545959473,16.684131383895874,1282.0,1391.2203389830509
industrial_changeover,890,178,5,Order5,178,8.222000000000001e-05,0.005127900862134993,1388.0,1336.0,15.659043312072754,1.1889052391052246,16.84794855117798,1282.0,1390.9101123595506
industrial_changeover,895,179,5,Order5,179,8.212e-05,-0.12386608123779297,1271.0,1336.0,15.634514093399048,1.1932005882263184,16.827714681625366,1282.0,1390.6033519553073
industrial_changeover,900,180,5,Order5,180,8.202e-05,-0.06941211596131325,1288.0,1336.0,15.608529806137085,1.1843843460083008,16.792914152145386,1282.0,1390.3
industrial_changeover,905,181,5,Order5,181,8.192e-05,0.021371300797909498,1399.0,1336.0,15.461345911026001,1.2009248733520508,16.66227078437805,1282.0,1390.0
industrial_changeover,910,182,5,Order5,182,8.182000000000001e-05,-0.09783930517733097,1294.0,1336.0,15.7113356590271,1.2054224014282227,16.916758060455322,1282.0,1389.7032967032967
industrial_changeover,915,183,5,Order5,183,8.172000000000001e-05,-0.03745096269994974,1315.0,1336.0,15.605571508407593,1.2012507915496826,16.806822299957275,1282.0,1389.4098360655737
industrial_changeover,920,184,5,Order5,184,8.162000000000001e-05,0.050791957415640354,1422.0,1336.0,15.627127170562744,1.189455270767212,16.816582441329956,1282.0,1389.1195652173913
industrial_changeover,925,185,5,Order5,185,8.152e-05,-0.013665554113686085,1334.0,1336.0,15.569327592849731,1.188856601715088,16.75818419456482,1282.0,1388.8324324324324
industrial_changeover,930,186,5,Order5,186,8.142e-05,-0.011671155923977494,1361.0,1336.0,15.85867691040039,1.21380615234375,17.07248306274414,1282.0,1388.5483870967741
industrial_changeover,935,187,5,Order5,187,8.132e-05,-0.010544124525040388,1335.0,1327.0,15.53045392036438,1.1951260566711426,16.725579977035522,1282.0,1388.2192513368984
industrial_changeover,940,188,5,Order5,188,8.122000000000001e-05,-0.042579286731779575,1505.0,1327.0,15.64035153388977,1.1983377933502197,16.83868932723999,1282.0,1387.8936170212767
industrial_changeover,945,189,5,Order5,189,8.112000000000001e-05,-0.05560210905969143,1232.0,1327.0,15.838658332824707,1.2015905380249023,17.04024887084961,1282.0,1387.5714285714287
industrial_changeover,950,190,5,Order5,190,8.102000000000001e-05,-0.0832574050873518,1325.0,1327.0,15.587689399719238,1.1873879432678223,16.77507734298706,1282.0,1387.2526315789473
industrial_changeover,955,191,5,Order5,191,8.092e-05,-0.028297624550759792,1289.0,1327.0,15.72461223602295,1.1995437145233154,16.924155950546265,1282.0,1386.9371727748692
industrial_changeover,960,192,5,Order5,192,8.082e-05,0.08343010395765305,1470.0,1327.0,15.614426612854004,1.2061398029327393,16.820566415786743,1282.0,1386.625
industrial_changeover,965,193,5,Order5,193,8.072000000000001e-05,-0.10876883380115032,1261.0,1327.0,15.61501669883728,1.192835807800293,16.807852506637573,1282.0,1386.3160621761658
industrial_changeover,970,194,5,Order5,194,8.062000000000001e-05,-0.01352088456042111,1399.0,1327.0,15.67532753944397,1.19712233543396,16.87244987487793,1282.0,1386.0103092783504
industrial_changeover,975,195,5,Order5,195,8.052000000000001e-05,0.007452829275280237,1299.0,1327.0,15.65494418144226,1.2089893817901611,16.863933563232422,1282.0,1385.7076923076922
industrial_changeover,980,196,5,Order5,196,8.042e-05,-0.009932669578120112,1371.0,1336.0,15.658874273300171,1.201955795288086,16.860830068588257,1282.0,1385.454081632653
industrial_changeover,985,197,5,Order5,197,8.032e-05,0.012309901881963015,1382.0,1336.0,15.622485876083374,1.2448155879974365,16.86730146408081,1282.0,1385.2030456852792
industrial_changeover,990,198,5,Order5,198,8.022e-05,-0.07663093321025372,1280.0,1336.0,15.666563272476196,1.1849477291107178,16.851511001586914,1282.0,1384.9545454545455
industrial_changeover,995,199,5,Order5,199,8.012000000000001e-05,-0.12381310574710369,1232.0,1327.0,15.574381589889526,1.1825854778289795,16.756967067718506,1282.0,1384.6633165829146
industrial_changeover,1000,200,5,Order5,200,8.002000000000001e-05,0.00023052218602970243,1290.0,1327.0,15.67814302444458,1.206209421157837,16.884352445602417,1282.0,1384.375
industrial_changeover,1005,201,5,Order5,201,7.992000000000001e-05,-0.08012690581381321,1288.0,1336.0,15.68468713760376,1.1987552642822266,16.883442401885986,1282.0,1384.134328358209
industrial_changeover,1010,202,5,Order5,202,7.982e-05,0.01137261069379747,1475.0,1336.0,15.678216218948364,1.191188097000122,16.869404315948486,1282.0,1383.8960396039604
industrial_changeover,1015,203,5,Order5,203,7.972e-05,-0.05665344372391701,1291.0,1336.0,15.707523584365845,1.191983938217163,16.899507522583008,1282.0,1383.6600985221676
industrial_changeover,1020,204,5,Order5,204,7.962e-05,-0.1560155525803566,1345.0,1336.0,15.69486117362976,1.1935842037200928,16.888445377349854,1282.0,1383.4264705882354
industrial_changeover,1025,205,5,Order5,205,7.952000000000001e-05,0.09966160356998444,1407.0,1336.0,15.8424391746521,1.2029495239257812,17.04538869857788,1282.0,1383.1951219512196
industrial_changeover,1030,206,5,Order5,206,7.942000000000001e-05,0.05422622058540583,1362.0,1336.0,15.696274280548096,1.1866939067840576,16.882968187332153,1282.0,1382.9660194174758
industrial_changeover,1035,207,5,Order5,207,7.932e-05,-0.07460069842636585,1315.0,1336.0,15.716288805007935,1.2018206119537354,16.91810941696167,1282.0,1382.7391304347825
industrial_changeover,1040,208,5,Order5,208,7.922e-05,-0.09834139794111252,1403.0,1336.0,15.71408462524414,1.2570829391479492,16.97116756439209,1282.0,1382.514423076923
industrial_changeover,1045,209,5,Order5,209,7.912e-05,-0.07713021151721478,1330.0,1336.0,15.618001222610474,1.1873040199279785,16.805305242538452,1282.0,1382.2918660287082
industrial_changeover,1050,210,5,Order5,210,7.902e-05,0.014331844635307789,1302.0,1336.0,15.585846662521362,1.185382604598999,16.77122926712036,1282.0,1382.0714285714287
industrial_changeover,1055,211,5,Order5,211,7.892000000000001e-05,0.05106156039983034,1444.0,1336.0,15.765260696411133,1.2075247764587402,16.972785472869873,1282.0,1381.8530805687203
industrial_changeover,1060,212,5,Order5,212,7.882000000000001e-05,0.006282964372076094,1399.0,1336.0,15.595933437347412,1.1902060508728027,16.786139488220215,1282.0,1381.6367924528302
industrial_changeover,1065,213,5,Order5,213,7.872e-05,-0.0371578112244606,1294.0,1336.0,15.667765140533447,1.189237117767334,16.85700225830078,1282.0,1381.4225352112676
industrial_changeover,1070,214,5,Order5,214,7.862e-05,-0.03563063498586416,1356.0,1336.0,15.628068685531616,1.1864817142486572,16.814550399780273,1282.0,1381.2102803738317
industrial_changeover,1075,215,5,Order5,215,7.852e-05,-0.0030290737631730735,1285.0,1336.0,15.661071062088013,1.1887428760528564,16.84981393814087,1282.0,1381.0
industrial_changeover,1080,216,5,Order5,216,7.842e-05,-0.041456869803369045,1354.0,1336.0,15.684748411178589,1.203578233718872,16.88832664489746,1282.0,1380.7916666666667
industrial_changeover,1085,217,5,Order5,217,7.832000000000001e-05,0.027009401004761457,1335.0,1336.0,15.703675031661987,1.27107834815979,16.974753379821777,1282.0,1380.5852534562212
industrial_changeover,1090,218,5,Order5,218,7.822e-05,-0.013756915926933289,1301.0,1336.0,15.6451416015625,1.1920459270477295,16.83718752861023,1282.0,1380.380733944954
industrial_changeover,1095,219,5,Order5,219,7.812e-05,0.030696865171194077,1413.0,1336.0,15.773699283599854,1.2017602920532227,16.975459575653076,1282.0,1380.1780821917807
industrial_changeover,1100,220,5,Order5,220,7.802e-05,0.014861751347780228,1418.0,1336.0,15.707869291305542,1.1847178936004639,16.892587184906006,1282.0,1379.9772727272727
industrial_changeover,1105,221,5,Order5,221,7.792e-05,-0.09426389262080193,1238.0,1336.0,15.776722431182861,1.1945819854736328,16.971304416656494,1282.0,1379.7782805429865
industrial_changeover,1110,222,5,Order5,222,7.782000000000001e-05,-0.0993264727294445,1318.0,1336.0,15.62354850769043,1.1871814727783203,16.81072998046875,1282.0,1379.581081081081
industrial_changeover,1115,223,5,Order5,223,7.772000000000001e-05,-0.002605776651762426,1371.0,1336.0,15.815869331359863,1.2712559700012207,17.087125301361084,1282.0,1379.3856502242152
industrial_changeover,1120,224,5,Order5,224,7.762e-05,-0.1255271639674902,1231.0,1336.0,15.843549966812134,1.2009222507476807,17.044472217559814,1282.0,1379.1919642857142
industrial_changeover,1125,225,5,Order5,225,7.752e-05,0.04974439553916454,1428.0,1336.0,15.63075065612793,1.191504716873169,16.8222553730011,1282.0,1379.0
industrial_changeover,1130,226,5,Order5,226,7.742e-05,-0.021605575922876596,1323.0,1336.0,15.569645166397095,1.199763536453247,16.769408702850342,1282.0,1378.8097345132744
industrial_changeover,1135,227,5,Order5,227,7.732e-05,-0.03981103841215372,1351.0,1336.0,15.7890944480896,1.2049622535705566,16.994056701660156,1282.0,1378.6211453744493
industrial_changeover,1140,228,5,Order5,228,7.722000000000001e-05,-0.015525519382208586,1380.0,1336.0,15.588696241378784,1.219062328338623,16.807758569717407,1282.0,1378.4342105263158
industrial_changeover,1145,229,5,Order5,229,7.712000000000001e-05,-0.014624015893787146,1282.0,1336.0,15.590588331222534,1.1877610683441162,16.77834939956665,1282.0,1378.2489082969432
industrial_changeover,1150,230,5,Order5,230,7.702e-05,0.013376888819038868,1413.0,1336.0,15.6983060836792,1.2154645919799805,16.91377067565918,1282.0,1378.0652173913043
industrial_changeover,1155,231,5,Order5,231,7.692e-05,-0.02454596245661378,1259.0,1336.0,15.576083898544312,1.1894245147705078,16.76550841331482,1282.0,1377.8831168831168
industrial_changeover,1160,232,5,Order5,232,7.682e-05,-0.09973987191915512,1315.0,1336.0,15.667246580123901,1.2018146514892578,16.86906123161316,1282.0,1377.7025862068965
industrial_changeover,1165,233,5,Order5,233,7.672e-05,0.03442779742181301,1462.0,1336.0,15.757716178894043,1.1891751289367676,16.94689130783081,1282.0,1377.5236051502145
industrial_changeover,1170,234,5,Order5,234,7.662000000000001e-05,-0.039248290471732616,1291.0,1336.0,15.549062252044678,1.196291208267212,16.74535346031189,1282.0,1377.3461538461538
industrial_changeover,1175,235,5,Order5,235,7.652e-05,-0.07757862657308578,1328.0,1336.0,15.913222074508667,1.2037665843963623,17.11698865890503,1282.0,1377.1702127659576
industrial_changeover,1180,236,5,Order5,236,7.642e-05,0.04419351555407047,1452.0,1336.0,16.436981201171875,1.2883834838867188,17.725364685058594,1282.0,1376.9957627118645
industrial_changeover,1185,237,5,Order5,237,7.632e-05,-0.08273359201848507,1341.0,1336.0,15.897358179092407,1.217618703842163,17.11497688293457,1282.0,1376.8227848101267
industrial_changeover,1190,238,5,Order5,238,7.622e-05,0.008022672729566693,1369.0,1336.0,15.939438343048096,1.229773759841919,17.169212102890015,1282.0,1376.6512605042017
industrial_changeover,1195,239,5,Order5,239,7.612e-05,0.04543048515915871,1379.0,1336.0,16.048396110534668,1.2298238277435303,17.2782199382782,1282.0,1376.4811715481171
industrial_changeover,1200,240,5,Order5,240,7.602000000000001e-05,0.011863179737702012,1323.0,1336.0,16.16388440132141,1.2379508018493652,17.401835203170776,1282.0,1376.3125
industrial_changeover,1205,241,5,Order5,241,7.592e-05,-0.09307029843330383,1320.0,1336.0,16.05052924156189,1.2160003185272217,17.26652956008911,1282.0,1376.1452282157677
industrial_changeover,1210,242,5,Order5,242,7.582e-05,-0.013105898629873991,1289.0,1336.0,16.184378147125244,1.2284483909606934,17.412826538085938,1282.0,1375.9793388429753
industrial_changeover,1215,243,5,Order5,243,7.572e-05,0.017957048024982214,1358.0,1336.0,15.850789308547974,1.214799165725708,17.06558847427368,1282.0,1375.8148148148148
industrial_changeover,1220,244,5,Order5,244,7.562e-05,-0.028358357027173042,1345.0,1336.0,16.29844641685486,1.2463338375091553,17.544780254364014,1282.0,1375.6516393442623
industrial_changeover,1225,245,5,Order5,245,7.552e-05,-0.015689905732870102,1356.0,1336.0,15.799170732498169,1.2208325862884521,17.02000331878662,1282.0,1375.4897959183672
industrial_changeover,1230,246,5,Order5,246,7.542e-05,-0.042024132795631886,1315.0,1336.0,16.013573169708252,1.2158944606781006,17.229467630386353,1282.0,1375.3292682926829
industrial_changeover,1235,247,5,Order5,247,7.532e-05,-0.026841153390705585,1320.0,1336.0,15.877568483352661,1.20289945602417,17.08046793937683,1282.0,1375.17004048583
industrial_changeover,1240,248,5,Order5,248,7.522e-05,0.013164039002731442,1365.0,1336.0,15.98467230796814,1.2200899124145508,17.20476222038269,1282.0,1375.0120967741937
industrial_changeover,1245,249,5,Order5,249,7.512e-05,-0.052949716337025166,1315.0,1336.0,16.18453574180603,1.2508611679077148,17.435396909713745,1282.0,1374.855421686747
industrial_changeover,1250,250,5,Order5,250,7.502e-05,-0.08081606402993202,1269.0,1336.0,15.698158264160156,1.1877658367156982,16.885924100875854,1282.0,1374.7
industrial_changeover,1255,251,5,Order5,251,7.492000000000001e-05,0.07290991023182869,1399.0,1336.0,15.70273494720459,1.2000501155853271,16.902785062789917,1282.0,1374.5458167330678
industrial_changeover,1260,252,5,Order5,252,7.482e-05,-0.14146915823221207,1231.0,1336.0,15.819549560546875,1.214353084564209,17.033902645111084,1282.0,1374.392857142857
industrial_changeover,1265,253,5,Order5,253,7.472e-05,0.0008706767403054982,1308.0,1336.0,15.682399034500122,1.2545549869537354,16.936954021453857,1282.0,1374.2411067193675
industrial_changeover,1270,254,5,Order5,254,7.462e-05,-0.1112311277538538,1238.0,1336.0,15.957176208496094,1.2059600353240967,17.16313624382019,1282.0,1374.0905511811025
industrial_changeover,1275,255,5,Order5,255,7.452e-05,-0.010565934935584664,1327.0,1336.0,15.767918825149536,1.2165794372558594,16.984498262405396,1282.0,1373.9411764705883
industrial_changeover,1280,256,5,Order5,256,7.442e-05,0.004268065560609102,1336.0,1336.0,15.586787939071655,1.1787331104278564,16.76552104949951,1282.0,1373.79296875
industrial_changeover,1285,257,5,Order5,257,7.432e-05,-0.02666726941242814,1329.0,1336.0,15.711392402648926,1.2057693004608154,16.91716170310974,1282.0,1373.645914396887
industrial_changeover,1290,258,5,Order5,258,7.422e-05,-0.007575370720587671,1327.0,1336.0,15.689223527908325,1.189314842224121,16.878538370132446,1282.0,1373.5
industrial_changeover,1295,259,5,Order5,259,7.412000000000002e-05,-0.06793601997196674,1305.0,1336.0,15.705594539642334,1.1921501159667969,16.89774465560913,1282.0,1373.3552123552124
industrial_changeover,1300,260,5,Order5,260,7.402e-05,-0.004081531544215977,1322.0,1336.0,15.586148738861084,1.2067277431488037,16.792876482009888,1282.0,1373.2115384615386
industrial_changeover,1305,261,5,Order5,261,7.392000000000001e-05,0.0519114313647151,1492.0,1336.0,15.684703350067139,1.203087329864502,16.88779067993164,1282.0,1373.0689655172414
industrial_changeover,1310,262,5,Order5,262,7.382e-05,0.024309413973242044,1334.0,1336.0,15.671653985977173,1.1906394958496094,16.862293481826782,1282.0,1372.9274809160306
industrial_changeover,1315,263,5,Order5,263,7.372e-05,0.036391496658325195,1370.0,1336.0,15.736872673034668,1.1919639110565186,16.928836584091187,1282.0,1372.787072243346
industrial_changeover,1320,264,5,Order5,264,7.362e-05,-0.10172062739729881,1271.0,1336.0,15.686275482177734,1.1991851329803467,16.88546061515808,1282.0,1372.6477272727273
industrial_changeover,1325,265,5,Order5,265,7.352000000000001e-05,-0.06764484010636806,1299.0,1336.0,15.412416696548462,1.192915678024292,16.605332374572754,1282.0,1372.5094339622642
industrial_changeover,1330,266,5,Order5,266,7.342e-05,-0.02705485885962844,1335.0,1336.0,15.71572470664978,1.197232961654663,16.912957668304443,1282.0,1372.3721804511279
industrial_changeover,1335,267,5,Order5,267,7.332000000000001e-05,0.006407124223187566,1388.0,1336.0,15.540873050689697,1.2003211975097656,16.741194248199463,1282.0,1372.2359550561798
industrial_changeover,1340,268,5,Order5,268,7.322e-05,0.005086539196781814,1336.0,1336.0,15.835814237594604,1.1899805068969727,17.025794744491577,1282.0,1372.1007462686566
industrial_changeover,1345,269,5,Order5,269,7.312e-05,0.0007343223696807399,1354.0,1336.0,15.578117370605469,1.1870205402374268,16.765137910842896,1282.0,1371.9665427509294
industrial_changeover,1350,270,5,Order5,270,7.302e-05,-0.025083805434405804,1342.0,1336.0,15.656022310256958,1.1843047142028809,16.84032702445984,1282.0,1371.8333333333333
industrial_changeover,1355,271,5,Order5,271,7.292000000000001e-05,-0.04166532773524523,1336.0,1336.0,15.724267482757568,1.2079284191131592,16.932195901870728,1282.0,1371.70110701107
industrial_changeover,1360,272,5,Order5,272,7.282e-05,-0.010893602855503559,1323.0,1336.0,15.539192199707031,1.2008697986602783,16.74006199836731,1282.0,1371.5698529411766
industrial_changeover,1365,273,5,Order5,273,7.272000000000001e-05,-0.16873720660805702,1249.0,1336.0,15.716529607772827,1.190429449081421,16.906959056854248,1282.0,1371.4395604395604
industrial_changeover,1370,274,5,Order5,274,7.261999999999999e-05,0.021226534619927406,1352.0,1335.0,15.782416105270386,1.2043571472167969,16.986773252487183,1282.0,1371.3065693430658
industrial_changeover,1375,275,5,Order5,275,7.252e-05,0.022561068646609783,1372.0,1335.0,15.497251033782959,1.1952323913574219,16.69248342514038,1282.0,1371.1745454545455
industrial_changeover,1380,276,5,Order5,276,7.242e-05,-0.030282385647296906,1334.0,1335.0,15.702476263046265,1.194525957107544,16.89700222015381,1282.0,1371.0434782608695
industrial_changeover,1385,277,5,Order5,277,7.232000000000001e-05,-0.07408104091882706,1223.0,1335.0,15.539069652557373,1.1874299049377441,16.726499557495117,1282.0,1370.9133574007221
industrial_changeover,1390,278,5,Order5,278,7.222e-05,-0.03934067580848932,1316.0,1336.0,15.710767269134521,1.19454026222229,16.90530753135681,1282.0,1370.7877697841727
industrial_changeover,1395,279,5,Order5,279,7.212000000000001e-05,0.033419587649405,1334.0,1335.0,15.674718856811523,1.1970338821411133,16.871752738952637,1282.0,1370.6594982078852
industrial_changeover,1400,280,5,Order5,280,7.202e-05,-0.005026978440582752,1359.0,1336.0,15.458617687225342,1.2063417434692383,16.66495943069458,1282.0,1370.5357142857142
industrial_changeover,1405,281,5,Order5,281,7.192000000000002e-05,-0.036006879061460495,1300.0,1336.0,15.700496196746826,1.2010612487792969,16.901557445526123,1282.0,1370.4128113879003
industrial_changeover,1410,282,5,Order5,282,7.182e-05,-0.05194317549467087,1320.0,1336.0,15.74245285987854,1.227733850479126,16.970186710357666,1282.0,1370.290780141844
industrial_changeover,1415,283,5,Order5,283,7.172000000000001e-05,-0.1139338780194521,1252.0,1336.0,15.665748357772827,1.2055079936981201,16.871256351470947,1282.0,1370.1696113074204
industrial_changeover,1420,284,5,Order5,284,7.162e-05,0.014174639014527202,1322.0,1336.0,15.639923572540283,1.1981143951416016,16.838037967681885,1282.0,1370.0492957746478
industrial_changeover,1425,285,5,Order5,285,7.152e-05,0.03573187626898289,1417.0,1336.0,15.679211854934692,1.200859785079956,16.88007164001465,1282.0,1369.9298245614036
industrial_changeover,1430,286,5,Order5,286,7.142e-05,0.010866207536309958,1319.0,1336.0,15.560083866119385,1.2032089233398438,16.76329278945923,1282.0,1369.811188811189
industrial_changeover,1435,287,5,Order5,287,7.132000000000002e-05,-0.04628154169768095,1335.0,1336.0,15.861863613128662,1.1983115673065186,17.06017518043518,1282.0,1369.6933797909408
industrial_changeover,1440,288,5,Order5,288,7.122e-05,0.04750794265419245,1334.0,1336.0,15.604489803314209,1.1893773078918457,16.793867111206055,1282.0,1369.576388888889
industrial_changeover,1445,289,5,Order5,289,7.112000000000001e-05,-0.01831223862245679,1336.0,1336.0,15.716061353683472,1.1974728107452393,16.91353416442871,1282.0,1369.4602076124568
industrial_changeover,1450,290,5,Order5,290,7.102e-05,-0.06645231321454048,1279.0,1336.0,15.787680864334106,1.2142765522003174,17.001957416534424,1282.0,1369.344827586207
industrial_changeover,1455,291,5,Order5,291,7.092e-05,0.04052209947258234,1335.0,1336.0,15.672550678253174,1.1926188468933105,16.865169525146484,1282.0,1369.230240549828
industrial_changeover,1460,292,5,Order5,292,7.082e-05,-0.049013128504157066,1338.0,1336.0,15.607205390930176,1.2016429901123047,16.80884838104248,1282.0,1369.1164383561643
industrial_changeover,1465,293,5,Order5,293,7.072000000000001e-05,0.013416377361863852,1358.0,1336.0,15.727575540542603,1.2167847156524658,16.94436025619507,1282.0,1369.0034129692833
industrial_changeover,1470,294,5,Order5,294,7.062e-05,0.02341266255825758,1370.0,1336.0,15.759315013885498,1.191868543624878,16.951183557510376,1282.0,1368.891156462585
industrial_changeover,1475,295,5,Order5,295,7.052000000000001e-05,-0.008066692156717181,1319.0,1336.0,15.703663349151611,1.1983706951141357,16.902034044265747,1282.0,1368.7796610169491
industrial_changeover,1480,296,5,Order5,296,7.042e-05,-0.037982034496963024,1334.0,1336.0,15.735733985900879,1.1922252178192139,16.927959203720093,1282.0,1368.668918918919
industrial_changeover,1485,297,5,Order5,297,7.032e-05,-0.041999964974820614,1334.0,1336.0,15.562942028045654,1.1951005458831787,16.758042573928833,1282.0,1368.5589225589226
industrial_changeover,1490,298,5,Order5,298,7.022e-05,0.004483225638978183,1335.0,1336.0,15.646119117736816,1.1916611194610596,16.837780237197876,1282.0,1368.4496644295302
industrial_changeover,1495,299,5,Order5,299,7.012000000000001e-05,-0.0679516289383173,1338.0,1336.0,15.703409910202026,1.2191987037658691,16.922608613967896,1282.0,1368.3411371237457
industrial_changeover,1500,300,5,Order5,300,7.002e-05,0.01123273535631597,1334.0,1336.0,15.653377532958984,1.186258316040039,16.839635848999023,1282.0,1368.2333333333333
industrial_changeover,1505,301,5,Order5,301,6.992000000000001e-05,-0.0536097502335906,1320.0,1336.0,15.553030490875244,1.2009284496307373,16.75395894050598,1282.0,1368.126245847176
industrial_changeover,1510,302,5,Order5,302,6.981999999999999e-05,0.022495162207633257,1334.0,1336.0,15.69979214668274,1.1922800540924072,16.892072200775146,1282.0,1368.0198675496688
industrial_changeover,1515,303,5,Order5,303,6.972e-05,-0.05663402285426855,1315.0,1336.0,15.629777193069458,1.1930968761444092,16.822874069213867,1282.0,1367.9141914191418
industrial_changeover,1520,304,5,Order5,304,6.962e-05,0.004048372386023402,1361.0,1339.0,15.763017177581787,1.189418077468872,16.95243525505066,1282.0,1367.8190789473683
industrial_changeover,1525,305,5,Order5,305,6.952000000000001e-05,-0.06387083232402802,1302.0,1339.0,15.686664342880249,1.2010304927825928,16.887694835662842,1282.0,1367.7245901639344
industrial_changeover,1530,306,5,Order5,306,6.942e-05,0.002908606023993343,1335.0,1339.0,15.803042888641357,1.191422700881958,16.994465589523315,1282.0,1367.6307189542483
industrial_changeover,1535,307,5,Order5,307,6.932000000000001e-05,-0.08712003566324711,1272.0,1338.0,15.593433856964111,1.2510170936584473,16.84445095062256,1282.0,1367.5342019543973
industrial_changeover,1540,308,5,Order5,308,6.921999999999999e-05,0.014995996141806245,1320.0,1338.0,15.688239097595215,1.199730396270752,16.887969493865967,1282.0,1367.4383116883116
industrial_changeover,1545,309,5,Order5,309,6.912e-05,0.015569980954751372,1319.0,1338.0,15.858798265457153,1.2066149711608887,17.065413236618042,1282.0,1367.3430420711975
industrial_changeover,1550,310,5,Order5,310,6.902e-05,-0.059346417896449566,1339.0,1361.0,15.655733346939087,1.203284740447998,16.859018087387085,1282.0,1367.3225806451612
industrial_changeover,1555,311,5,Order5,311,6.892000000000001e-05,-0.0211810152977705,1335.0,1361.0,15.717978239059448,1.1922752857208252,16.910253524780273,1282.0,1367.3022508038584
industrial_changeover,1560,312,5,Order5,312,6.882e-05,0.04699412174522877,1359.0,1338.0,15.592088460922241,1.1995823383331299,16.79167079925537,1282.0,1367.2083333333333
industrial_changeover,1565,313,5,Order5,313,6.872e-05,-0.03219204302877188,1335.0,1338.0,15.621655225753784,1.1867892742156982,16.808444499969482,1282.0,1367.115015974441
industrial_changeover,1570,314,5,Order5,314,6.861999999999999e-05,0.006272763013839722,1335.0,1339.0,15.701856851577759,1.1926863193511963,16.894543170928955,1282.0,1367.0254777070063
industrial_changeover,1575,315,5,Order5,315,6.852e-05,0.01805217145010829,1361.0,1338.0,15.730743169784546,1.1958775520324707,16.926620721817017,1282.0,1366.9333333333334
industrial_changeover,1580,316,5,Order5,316,6.842e-05,0.0015888526977505535,1335.0,1338.0,15.657026290893555,1.1928865909576416,16.849912881851196,1282.0,1366.8417721518988
industrial_changeover,1585,317,5,Order5,317,6.832000000000001e-05,0.006792219704948366,1361.0,1338.0,15.681405782699585,1.198653221130371,16.880059003829956,1282.0,1366.750788643533
industrial_changeover,1590,318,5,Order5,318,6.822e-05,0.024625428020954132,1350.0,1335.0,15.69884467124939,1.2712621688842773,16.970106840133667,1282.0,1366.6509433962265
industrial_changeover,1595,319,5,Order5,319,6.812e-05,-0.03613516595214605,1334.0,1336.0,15.659876346588135,1.1991899013519287,16.859066247940063,1282.0,1366.5548589341693
industrial_changeover,1600,320,5,Order5,320,6.802e-05,-0.027800978161394596,1370.0,1335.0,15.619678974151611,1.198894739151001,16.818573713302612,1282.0,1366.45625
industrial_changeover,1605,321,5,Order5,321,6.792e-05,-0.004355722572654486,1374.0,1335.0,15.665595769882202,1.1971092224121094,16.86270499229431,1282.0,1366.3582554517134
industrial_changeover,1610,322,5,Order5,322,6.782000000000001e-05,0.04584208782762289,1383.0,1335.0,15.526853322982788,1.246488332748413,16.7733416557312,1282.0,1366.2608695652175
industrial_changeover,1615,323,5,Order5,323,6.772000000000001e-05,-0.0017487184959463775,1362.0,1336.0,15.625348091125488,1.1839590072631836,16.809307098388672,1282.0,1366.1671826625386
industrial_changeover,1620,324,5,Order5,324,6.762e-05,-0.014241094700992107,1338.0,1336.0,15.707024574279785,1.202728033065796,16.90975260734558,1282.0,1366.0740740740741
industrial_changeover,1625,325,5,Order5,325,6.752e-05,0.02376162027940154,1358.0,1336.0,15.733867168426514,1.2365028858184814,16.970370054244995,1282.0,1365.9815384615385
industrial_changeover,1630,326,5,Order5,326,6.742e-05,-0.01524300454184413,1335.0,1336.0,15.559600830078125,1.19437575340271,16.753976583480835,1282.0,1365.8895705521472
industrial_changeover,1635,327,5,Order5,327,6.732e-05,-0.029281226452440023,1335.0,1339.0,15.750404357910156,1.1975629329681396,16.947967290878296,1282.0,1365.8073394495414
industrial_changeover,1640,328,5,Order5,328,6.722000000000001e-05,0.003242300357669592,1339.0,1339.0,15.83466386795044,1.2027146816253662,17.037378549575806,1282.0,1365.7256097560976
industrial_changeover,1645,329,5,Order5,329,6.712000000000001e-05,-0.048160793259739876,1304.0,1339.0,15.662123680114746,1.1961994171142578,16.858323097229004,1282.0,1365.644376899696
industrial_changeover,1650,330,5,Order5,330,6.702e-05,0.01577645167708397,1361.0,1336.0,15.667972564697266,1.2044813632965088,16.872453927993774,1282.0,1365.5545454545454
industrial_changeover,1655,331,5,Order5,331,6.692e-05,0.0006399700796464458,1339.0,1336.0,15.78891110420227,1.2260863780975342,17.014997482299805,1282.0,1365.4652567975832
industrial_changeover,1660,332,5,Order5,332,6.682e-05,-0.02499417820945382,1339.0,1336.0,15.710270166397095,1.2030065059661865,16.91327667236328,1282.0,1365.3765060240964
industrial_changeover,1665,333,5,Order5,333,6.672e-05,-0.008255194872617722,1418.0,1336.0,15.57002568244934,1.1927709579467773,16.762796640396118,1282.0,1365.2882882882882
industrial_changeover,1670,334,5,Order5,334,6.662000000000001e-05,-0.0496747987344861,1318.0,1336.0,15.77455997467041,1.1977109909057617,16.972270965576172,1282.0,1365.2005988023952
industrial_changeover,1675,335,5,Order5,335,6.652000000000001e-05,-0.050483712926506996,1336.0,1336.0,15.58633017539978,1.1887600421905518,16.775090217590332,1282.0,1365.113432835821
industrial_changeover,1680,336,5,Order5,336,6.642e-05,-0.04298176430165768,1339.0,1336.0,15.71443223953247,1.1980726718902588,16.91250491142273,1282.0,1365.0267857142858
industrial_changeover,1685,337,5,Order5,337,6.632e-05,-0.019982479978352785,1336.0,1336.0,15.735642194747925,1.211162805557251,16.946805000305176,1282.0,1364.940652818991
industrial_changeover,1690,338,5,Order5,338,6.622e-05,-0.011908395448699594,1420.0,1336.0,15.613171339035034,1.1928963661193848,16.80606770515442,1282.0,1364.8550295857988
industrial_changeover,1695,339,5,Order5,339,6.612000000000001e-05,0.052331797778606415,1358.0,1336.0,15.744439125061035,1.2055206298828125,16.949959754943848,1282.0,1364.7699115044247
industrial_changeover,1700,340,5,Order5,340,6.602000000000001e-05,-0.012136920588091016,1355.0,1336.0,15.716592073440552,1.209136724472046,16.925728797912598,1282.0,1364.6852941176471
industrial_changeover,1705,341,5,Order5,341,6.592e-05,-0.05380806978791952,1334.0,1336.0,15.548623323440552,1.184570550918579,16.73319387435913,1282.0,1364.6011730205278
industrial_changeover,1710,342,5,Order5,342,6.582e-05,-0.041920674964785576,1338.0,1335.0,15.691972017288208,1.1348662376403809,16.82683825492859,1282.0,1364.514619883041
industrial_changeover,1715,343,5,Order5,343,6.572e-05,-0.0004929410933982581,1325.0,1335.0,15.663421154022217,1.1964528560638428,16.85987401008606,1282.0,1364.4285714285713
industrial_changeover,1720,344,5,Order5,344,6.562e-05,-0.07465846464037895,1305.0,1336.0,15.742032289505005,1.1853022575378418,16.927334547042847,1282.0,1364.3459302325582
industrial_changeover,1725,345,5,Order5,345,6.552000000000001e-05,-0.02254810417070985,1335.0,1336.0,15.668972969055176,1.2217891216278076,16.890762090682983,1282.0,1364.263768115942
industrial_changeover,1730,346,5,Order5,346,6.542000000000001e-05,-0.0028823738102801144,1339.0,1335.0,15.535253047943115,1.1990396976470947,16.73429274559021,1282.0,1364.179190751445
industrial_changeover,1735,347,5,Order5,347,6.532e-05,-0.0006724923005094752,1322.0,1336.0,15.823214054107666,1.2006127834320068,17.023826837539673,1282.0,1364.0979827089336
industrial_changeover,1740,348,5,Order5,348,6.522e-05,-0.04404275491833687,1335.0,1336.0,15.707159519195557,1.2534563541412354,16.960615873336792,1282.0,1364.0172413793102
industrial_changeover,1745,349,5,Order5,349,6.512e-05,-0.019813938066363335,1339.0,1336.0,15.692532062530518,1.1981391906738281,16.890671253204346,1282.0,1363.9369627507162
industrial_changeover,1750,350,5,Order5,350,6.502e-05,-0.04382657911628485,1322.0,1336.0,15.837422370910645,1.2093369960784912,17.046759366989136,1282.0,1363.857142857143
industrial_changeover,1755,351,5,Order5,351,6.492000000000001e-05,-0.014453856507316232,1354.0,1336.0,15.581430435180664,1.190556526184082,16.771986961364746,1282.0,1363.7777777777778
industrial_changeover,1760,352,5,Order5,352,6.482e-05,-0.04459075536578894,1312.0,1336.0,15.586523294448853,1.2026753425598145,16.789198637008667,1282.0,1363.6988636363637
industrial_changeover,1765,353,5,Order5,353,6.472e-05,-0.03084330866113305,1318.0,1336.0,15.786892890930176,1.213545560836792,17.000438451766968,1282.0,1363.6203966005667
industrial_changeover,1770,354,5,Order5,354,6.462e-05,0.020045846700668335,1358.0,1336.0,15.659228801727295,1.2596259117126465,16.91885471343994,1282.0,1363.542372881356
industrial_changeover,1775,355,5,Order5,355,6.452e-05,-0.03160250652581453,1334.0,1336.0,15.843371152877808,1.2302606105804443,17.073631763458252,1282.0,1363.4647887323943
industrial_changeover,1780,356,5,Order5,356,6.442e-05,-0.006522606476210058,1355.0,1336.0,15.639291286468506,1.1843855381011963,16.823676824569702,1282.0,1363.387640449438
industrial_changeover,1785,357,5,Order5,357,6.432000000000001e-05,-0.006254360196180642,1335.0,1336.0,15.493919372558594,1.1961369514465332,16.690056324005127,1282.0,1363.310924369748
industrial_changeover,1790,358,5,Order5,358,6.422e-05,-0.022068980615586042,1319.0,1336.0,15.743164539337158,1.1929609775543213,16.93612551689148,1282.0,1363.2346368715084
industrial_changeover,1795,359,5,Order5,359,6.412e-05,0.024978286121040583,1335.0,1336.0,15.696723699569702,1.1963703632354736,16.893094062805176,1282.0,1363.1587743732591
industrial_changeover,1800,360,5,Order5,360,6.402e-05,-0.011599549558013678,1334.0,1336.0,15.638400316238403,1.2474489212036133,16.885849237442017,1282.0,1363.0833333333333
industrial_changeover,1805,361,5,Order5,361,6.392e-05,-0.043506672605872154,1316.0,1336.0,15.750081539154053,1.1978154182434082,16.94789695739746,1282.0,1363.0083102493074
industrial_changeover,1810,362,5,Order5,362,6.382e-05,0.003636895737145096,1416.0,1336.0,15.618343114852905,1.1901178359985352,16.80846095085144,1282.0,1362.9337016574586
industrial_changeover,1815,363,5,Order5,363,6.372e-05,-0.010257032699882984,1338.0,1336.0,16.25514531135559,1.2164459228515625,17.471591234207153,1282.0,1362.8595041322315
industrial_changeover,1820,364,5,Order5,364,6.362e-05,-0.05145316384732723,1309.0,1336.0,6.7278733253479,0.48421168327331543,7.212085008621216,1282.0,1362.7857142857142
industrial_changeover,1825,365,5,Order5,365,6.352e-05,-0.047778502106666565,1308.0,1336.0,6.217081308364868,0.4820084571838379,6.699089765548706,1282.0,1362.7123287671234
industrial_changeover,1830,366,5,Order5,366,6.342e-05,0.02800311567261815,1411.0,1336.0,6.093948841094971,0.4996376037597656,6.593586444854736,1282.0,1362.639344262295
industrial_changeover,1835,367,5,Order5,367,6.332e-05,-0.0407492620870471,1308.0,1336.0,6.189632415771484,0.5227258205413818,6.712358236312866,1282.0,1362.566757493188
industrial_changeover,1840,368,5,Order5,368,6.322000000000001e-05,-0.026726048905402422,1297.0,1336.0,6.477258920669556,0.4828188419342041,6.96007776260376,1282.0,1362.4945652173913
industrial_changeover,1845,369,5,Order5,369,6.312e-05,-0.04377326741814613,1369.0,1336.0,6.167569637298584,0.4953293800354004,6.662899017333984,1282.0,1362.4227642276423
industrial_changeover,1850,370,5,Order5,370,6.302e-05,-0.048333799466490746,1319.0,1336.0,6.200445652008057,0.49311351776123047,6.693559169769287,1282.0,1362.3513513513512
industrial_changeover,1855,371,5,Order5,371,6.292e-05,-0.037154036574065685,1238.0,1336.0,6.259247064590454,0.5036985874176025,6.762945652008057,1282.0,1362.2803234501348
industrial_changeover,1860,372,5,Order5,372,6.282e-05,-0.07917214743793011,1272.0,1336.0,6.32874059677124,0.508002519607544,6.836743116378784,1282.0,1362.2096774193549
industrial_changeover,1865,373,5,Order5,373,6.272e-05,0.019927385728806257,1339.0,1336.0,6.326358318328857,0.48854684829711914,6.814905166625977,1282.0,1362.1394101876676
industrial_changeover,1870,374,5,Order5,374,6.262000000000001e-05,-0.03388806711882353,1334.0,1358.0,6.263779640197754,0.5019412040710449,6.765720844268799,1282.0,1362.1283422459894
industrial_changeover,1875,375,5,Order5,375,6.252e-05,-0.07958892360329628,1238.0,1335.0,6.357408285140991,0.495621919631958,6.853030204772949,1282.0,1362.056
industrial_changeover,1880,376,5,Order5,376,6.242e-05,0.009904964594170451,1359.0,1358.0,6.2123353481292725,0.5019986629486084,6.714334011077881,1282.0,1362.0452127659576
industrial_changeover,1885,377,5,Order5,377,6.232e-05,-0.03917514346539974,1336.0,1335.0,6.127519607543945,0.5039596557617188,6.631479263305664,1282.0,1361.973474801061
industrial_changeover,1890,378,5,Order5,378,6.222e-05,0.024493838660418987,1362.0,1335.0,6.074093580245972,0.534801721572876,6.608895301818848,1282.0,1361.9021164021165
industrial_changeover,1895,379,5,Order5,379,6.212e-05,-0.005243621882982552,1320.0,1335.0,6.364495038986206,0.5014219284057617,6.865916967391968,1282.0,1361.831134564644
industrial_changeover,1900,380,5,Order5,380,6.202e-05,-0.03980714920908213,1339.0,1335.0,6.292496919631958,0.5033206939697266,6.795817613601685,1282.0,1361.7605263157895
industrial_changeover,1905,381,5,Order5,381,6.192e-05,-0.038809437304735184,1335.0,1335.0,6.351779460906982,0.4807415008544922,6.832520961761475,1282.0,1361.6902887139108
industrial_changeover,1910,382,5,Order5,382,6.182000000000001e-05,0.03637009207159281,1374.0,1335.0,6.271589040756226,0.5009479522705078,6.772536993026733,1282.0,1361.6204188481674
industrial_changeover,1915,383,5,Order5,383,6.172e-05,-0.01427405048161745,1334.0,1335.0,6.591291666030884,0.5243909358978271,7.115682601928711,1282.0,1361.55091383812
industrial_changeover,1920,384,5,Order5,384,6.162000000000001e-05,-0.055052876472473145,1339.0,1336.0,6.629740238189697,0.5367276668548584,7.166467905044556,1282.0,1361.484375
industrial_changeover,1925,385,5,Order5,385,6.152e-05,0.004392518661916256,1342.0,1336.0,6.40315055847168,0.5149617195129395,6.918112277984619,1282.0,1361.418181818182
industrial_changeover,1930,386,5,Order5,386,6.142e-05,-0.028305143117904663,1371.0,1336.0,6.419166088104248,0.5171420574188232,6.936308145523071,1282.0,1361.3523316062176
industrial_changeover,1935,387,5,Order5,387,6.132e-05,0.02516642166301608,1362.0,1335.0,6.224811553955078,0.49820399284362793,6.723015546798706,1282.0,1361.2842377260981
industrial_changeover,1940,388,5,Order5,388,6.122000000000001e-05,-0.0467445058748126,1328.0,1336.0,6.228118896484375,0.48999500274658203,6.718113899230957,1282.0,1361.2190721649486
industrial_changeover,1945,389,5,Order5,389,6.112e-05,-0.07137015834450722,1272.0,1336.0,6.032840251922607,0.4715125560760498,6.504352807998657,1282.0,1361.1542416452442
industrial_changeover,1950,390,5,Order5,390,6.102000000000001e-05,0.0497379545122385,1339.0,1336.0,6.459459543228149,0.5049295425415039,6.964389085769653,1282.0,1361.0897435897436
industrial_changeover,1955,391,5,Order5,391,6.092e-05,-0.07403708808124065,1320.0,1336.0,6.6214823722839355,0.5543351173400879,7.175817489624023,1282.0,1361.0255754475704
industrial_changeover,1960,392,5,Order5,392,6.082000000000001e-05,-0.04940703418105841,1275.0,1336.0,6.165736436843872,0.4890556335449219,6.654792070388794,1282.0,1360.9617346938776
industrial_changeover,1965,393,5,Order5,393,6.072e-05,-0.05393546260893345,1278.0,1336.0,6.271737813949585,0.49834656715393066,6.770084381103516,1282.0,1360.8982188295165
industrial_changeover,1970,394,5,Order5,394,6.062000000000001e-05,0.04038234241306782,1387.0,1336.0,6.331806421279907,0.5109922885894775,6.842798709869385,1282.0,1360.8350253807107
industrial_changeover,1975,395,5,Order5,395,6.0519999999999997e-05,0.017428939696401358,1379.0,1336.0,6.5215981006622314,0.5128128528594971,7.0344109535217285,1282.0,1360.7721518987341
industrial_changeover,1980,396,5,Order5,396,6.042000000000001e-05,-0.020889919716864824,1339.0,1336.0,6.5407586097717285,0.5125532150268555,7.053311824798584,1282.0,1360.709595959596
industrial_changeover,1985,397,5,Order5,397,6.032e-05,-0.021537976805120707,1322.0,1336.0,6.726469039916992,0.5015261173248291,7.227995157241821,1282.0,1360.647355163728
industrial_changeover,1990,398,5,Order5,398,6.022000000000001e-05,-0.038590896874666214,1279.0,1336.0,6.510608673095703,0.5278916358947754,7.0385003089904785,1282.0,1360.5854271356784
industrial_changeover,1995,399,5,Order5,399,6.012e-05,-0.014065355062484741,1334.0,1336.0,6.270465612411499,0.5041427612304688,6.774608373641968,1282.0,1360.5238095238096
industrial_changeover,2000,400,5,Order5,400,6.002000000000001e-05,-0.030477105639874935,1272.0,1336.0,6.229962348937988,0.49205589294433594,6.722018241882324,1282.0,1360.4625
industrial_changeover,2005,401,5,Order5,401,5.9919999999999996e-05,-0.009857811266556382,1361.0,1336.0,6.187378883361816,0.498124361038208,6.685503244400024,1282.0,1360.4014962593517
industrial_changeover,2010,402,5,Order5,402,5.982000000000001e-05,-0.024123386945575476,1323.0,1336.0,6.342000722885132,0.5617706775665283,6.90377140045166,1282.0,1360.3407960199006
industrial_changeover,2015,403,5,Order5,403,5.972e-05,-0.04956161603331566,1335.0,1336.0,6.391179323196411,0.5072095394134521,6.898388862609863,1282.0,1360.2803970223324
industrial_changeover,2020,404,5,Order5,404,5.962000000000001e-05,-0.0181771251372993,1350.0,1336.0,6.237613201141357,0.5476038455963135,6.785217046737671,1282.0,1360.220297029703
industrial_changeover,2025,405,5,Order5,405,5.952e-05,-0.09074357710778713,1296.0,1336.0,6.378464937210083,0.4988830089569092,6.877347946166992,1282.0,1360.1604938271605
industrial_changeover,2030,406,5,Order5,406,5.942000000000001e-05,0.023608176037669182,1322.0,1336.0,6.373028516769409,0.5048239231109619,6.877852439880371,1282.0,1360.1009852216748
industrial_changeover,2035,407,5,Order5,407,5.9319999999999994e-05,0.007755542988888919,1335.0,1336.0,6.418383836746216,0.511969804763794,6.93035364151001,1282.0,1360.041769041769
industrial_changeover,2040,408,5,Order5,408,5.9220000000000006e-05,-0.02005488844588399,1335.0,1336.0,6.562047958374023,0.5135793685913086,7.075627326965332,1282.0,1359.9828431372548
industrial_changeover,2045,409,5,Order5,409,5.9119999999999996e-05,-0.03286431543529034,1318.0,1336.0,6.4971747398376465,0.51100754737854,7.0081822872161865,1282.0,1359.924205378973
industrial_changeover,2050,410,5,Order5,410,5.902000000000001e-05,0.0017349142581224442,1342.0,1336.0,6.224716663360596,0.4832346439361572,6.707951307296753,1282.0,1359.8658536585365
industrial_changeover,2055,411,5,Order5,411,5.892e-05,-0.004213442443870008,1340.0,1336.0,6.212578058242798,0.4988124370574951,6.711390495300293,1282.0,1359.807785888078
industrial_changeover,2060,412,5,Order5,412,5.882000000000001e-05,0.05103547032922506,1404.0,1336.0,6.0993170738220215,0.48836398124694824,6.58768105506897,1282.0,1359.75
industrial_changeover,2065,413,5,Order5,413,5.872e-05,0.0013105184771120548,1335.0,1336.0,6.543203353881836,0.5342204570770264,7.077423810958862,1282.0,1359.6924939467312
industrial_changeover,2070,414,5,Order5,414,5.862000000000001e-05,-0.061961036175489426,1318.0,1336.0,6.467221260070801,0.517021656036377,6.984242916107178,1282.0,1359.6352657004832
industrial_changeover,2075,415,5,Order5,415,5.8519999999999995e-05,-0.059541539289057255,1272.0,1336.0,6.219079256057739,0.4905364513397217,6.709615707397461,1282.0,1359.578313253012
industrial_changeover,2080,416,5,Order5,416,5.8420000000000006e-05,0.11754494346678257,1492.0,1336.0,6.223860025405884,0.49997448921203613,6.72383451461792,1282.0,1359.5216346153845
industrial_changeover,2085,417,5,Order5,417,5.832e-05,-0.0546831339597702,1322.0,1336.0,6.279730319976807,0.5120983123779297,6.791828632354736,1282.0,1359.4652278177457
industrial_changeover,2090,418,5,Order5,418,5.822000000000001e-05,-0.04959363862872124,1334.0,1336.0,6.504008054733276,0.5303409099578857,7.034348964691162,1282.0,1359.409090909091
industrial_changeover,2095,419,5,Order5,419,5.812e-05,-0.01744592236354947,1318.0,1336.0,6.4876158237457275,0.5105228424072266,6.998138666152954,1282.0,1359.3532219570407
industrial_changeover,2100,420,5,Order5,420,5.802000000000001e-05,-0.016110450960695744,1335.0,1336.0,6.444321632385254,0.5216631889343262,6.96598482131958,1282.0,1359.297619047619
industrial_changeover,2105,421,5,Order5,421,5.7919999999999994e-05,-0.016746343113482,1339.0,1336.0,6.56876802444458,0.5008516311645508,7.069619655609131,1282.0,1359.2422802850356
industrial_changeover,2110,422,5,Order5,422,5.7820000000000005e-05,0.019613053649663925,1334.0,1336.0,6.151667594909668,0.48519110679626465,6.636858701705933,1282.0,1359.1872037914693
industrial_changeover,2115,423,5,Order5,423,5.7719999999999996e-05,-0.06364365108311176,1359.0,1336.0,6.1144630908966064,0.4879629611968994,6.602426052093506,1282.0,1359.1323877068558
industrial_changeover,2120,424,5,Order5,424,5.762000000000001e-05,-0.008151949616149068,1323.0,1335.0,6.039045333862305,0.48003196716308594,6.519077301025391,1282.0,1359.0754716981132
industrial_changeover,2125,425,5,Order5,425,5.752e-05,0.037001509219408035,1387.0,1335.0,6.345366954803467,0.5611202716827393,6.906487226486206,1282.0,1359.0188235294117
industrial_changeover,2130,426,5,Order5,426,5.742000000000001e-05,-0.027309080585837364,1318.0,1336.0,6.400017261505127,0.5083467960357666,6.9083640575408936,1282.0,1358.9647887323943
industrial_changeover,2135,427,5,Order5,427,5.731999999999999e-05,-0.0013248823815956712,1338.0,1336.0,6.330124855041504,0.5002684593200684,6.830393314361572,1282.0,1358.9110070257611
industrial_changeover,2140,428,5,Order5,428,5.7220000000000004e-05,-0.03133606165647507,1320.0,1336.0,6.363120079040527,0.5092470645904541,6.8723671436309814,1282.0,1358.857476635514
industrial_changeover,2145,429,5,Order5,429,5.7119999999999995e-05,-0.08160047419369221,1248.0,1336.0,6.342218637466431,0.5030198097229004,6.845238447189331,1282.0,1358.8041958041958
industrial_changeover,2150,430,5,Order5,430,5.7020000000000006e-05,-0.06907850503921509,1319.0,1336.0,6.416967391967773,0.5289530754089355,6.945920467376709,1282.0,1358.7511627906977
industrial_changeover,2155,431,5,Order5,431,5.692e-05,0.017985955346375704,1322.0,1336.0,6.394509792327881,0.513298511505127,6.907808303833008,1282.0,1358.6983758700696
industrial_changeover,2160,432,5,Order5,432,5.682000000000001e-05,-0.03302270360291004,1334.0,1336.0,6.502017021179199,0.517143964767456,7.019160985946655,1282.0,1358.6458333333333
industrial_changeover,2165,433,5,Order5,433,5.671999999999999e-05,-0.038788857869803905,1325.0,1336.0,6.514585494995117,0.5192720890045166,7.033857583999634,1282.0,1358.593533487298
industrial_changeover,2170,434,5,Order5,434,5.6620000000000003e-05,-0.04551081545650959,1318.0,1335.0,6.196979761123657,0.49539971351623535,6.692379474639893,1282.0,1358.5391705069123
industrial_changeover,2175,435,5,Order5,435,5.6519999999999994e-05,0.027807475067675114,1336.0,1335.0,6.386724472045898,0.48792147636413574,6.874645948410034,1282.0,1358.4850574712643
industrial_changeover,2180,436,5,Order5,436,5.6420000000000005e-05,-0.05487433448433876,1334.0,1335.0,6.137210369110107,0.5021629333496094,6.639373302459717,1282.0,1358.4311926605506
industrial_changeover,2185,437,5,Order5,437,5.6319999999999996e-05,-0.012825836427509785,1336.0,1335.0,6.653151273727417,0.5048341751098633,7.15798544883728,1282.0,1358.3775743707095
industrial_changeover,2190,438,5,Order5,438,5.622000000000001e-05,-0.04437614046037197,1323.0,1335.0,6.205703258514404,0.5373969078063965,6.743100166320801,1282.0,1358.324200913242
industrial_changeover,2195,439,5,Order5,439,5.612e-05,0.016392907593399286,1339.0,1335.0,6.265181064605713,0.5042691230773926,6.7694501876831055,1282.0,1358.2710706150342
industrial_changeover,2200,440,5,Order5,440,5.602000000000001e-05,0.007856473326683044,1338.0,1335.0,6.281609058380127,0.5055334568023682,6.787142515182495,1282.0,1358.2181818181818
industrial_changeover,2205,441,5,Order5,441,5.591999999999999e-05,-0.1050832848995924,1275.0,1335.0,6.428951740264893,0.5222012996673584,6.951153039932251,1282.0,1358.1655328798186
industrial_changeover,2210,442,5,Order5,442,5.5820000000000004e-05,-0.035601708106696606,1335.0,1336.0,6.400270462036133,0.49832677841186523,6.898597240447998,1282.0,1358.1153846153845
industrial_changeover,2215,443,5,Order5,443,5.5719999999999995e-05,0.016866765916347504,1338.0,1336.0,6.328940153121948,0.4918525218963623,6.8207926750183105,1282.0,1358.0654627539504
industrial_changeover,2220,444,5,Order5,444,5.5620000000000006e-05,-0.023618893697857857,1335.0,1336.0,6.421236515045166,0.5381178855895996,6.959354400634766,1282.0,1358.0157657657658
industrial_changeover,2225,445,5,Order5,445,5.5520000000000004e-05,-0.018075771164149046,1358.0,1336.0,6.402403354644775,0.48645877838134766,6.888862133026123,1282.0,1357.9662921348315
industrial_changeover,2230,446,5,Order5,446,5.542000000000001e-05,-0.03298790846019983,1335.0,1336.0,6.246564149856567,0.502042293548584,6.748606443405151,1282.0,1357.9170403587443
industrial_changeover,2235,447,5,Order5,447,5.5320000000000006e-05,0.027180770877748728,1359.0,1336.0,6.209215879440308,0.4790968894958496,6.688312768936157,1282.0,1357.8680089485458
industrial_changeover,2240,448,5,Order5,448,5.522e-05,-0.03886755649000406,1334.0,1336.0,6.3546788692474365,0.5096588134765625,6.864337682723999,1282.0,1357.8191964285713
industrial_changeover,2245,449,5,Order5,449,5.512000000000001e-05,-0.040007744915783405,1309.0,1336.0,6.203457593917847,0.500032901763916,6.703490495681763,1282.0,1357.770601336303
industrial_changeover,2250,450,5,Order5,450,5.5020000000000005e-05,-0.0212984555400908,1339.0,1336.0,6.229543685913086,0.4869241714477539,6.71646785736084,1282.0,1357.7222222222222
industrial_changeover,2255,451,5,Order5,451,5.492e-05,-0.018005335237830877,1336.0,1336.0,6.25691819190979,0.4901754856109619,6.747093677520752,1282.0,1357.6740576496675
industrial_changeover,2260,452,5,Order5,452,5.482000000000001e-05,0.0014609177596867085,1338.0,1336.0,6.277530670166016,0.538726806640625,6.816257476806641,1282.0,1357.6261061946902
industrial_changeover,2265,453,5,Order5,453,5.4720000000000005e-05,-0.0023787440732121468,1323.0,1336.0,6.4163618087768555,0.5185248851776123,6.934886693954468,1282.0,1357.5783664459161
industrial_changeover,2270,454,5,Order5,454,5.462e-05,0.0005200166342547163,1335.0,1336.0,6.365536689758301,0.5235569477081299,6.889093637466431,1282.0,1357.5308370044054
industrial_changeover,2275,455,5,Order5,455,5.4520000000000007e-05,-0.023527525831013918,1338.0,1336.0,6.475723505020142,0.5041894912719727,6.979912996292114,1282.0,1357.4835164835165
industrial_changeover,2280,456,5,Order5,456,5.4420000000000004e-05,-0.012217415496706963,1356.0,1336.0,6.633512735366821,0.5152115821838379,7.148724317550659,1282.0,1357.436403508772
industrial_changeover,2285,457,5,Order5,457,5.432e-05,0.002098618249874562,1336.0,1336.0,6.215654134750366,0.4952223300933838,6.71087646484375,1282.0,1357.3894967177243
industrial_changeover,2290,458,5,Order5,458,5.4220000000000006e-05,-0.017336486373096704,1334.0,1336.0,6.25740647315979,0.4860243797302246,6.743430852890015,1282.0,1357.3427947598254
industrial_changeover,2295,459,5,Order5,459,5.4120000000000004e-05,0.007833686657249928,1362.0,1336.0,6.019270420074463,0.4709780216217041,6.490248441696167,1282.0,1357.2962962962963
industrial_changeover,2300,460,5,Order5,460,5.402e-05,-0.02961880713701248,1334.0,1336.0,6.327942609786987,0.5410270690917969,6.868969678878784,1282.0,1357.25
industrial_changeover,2305,461,5,Order5,461,5.3920000000000006e-05,-0.06961152702569962,1279.0,1336.0,6.232214450836182,0.5315136909484863,6.763728141784668,1282.0,1357.2039045553145
industrial_changeover,2310,462,5,Order5,462,5.382e-05,-0.0029297416913323104,1323.0,1336.0,6.323446035385132,0.5240278244018555,6.847473859786987,1282.0,1357.1580086580086
industrial_changeover,2315,463,5,Order5,463,5.372e-05,-0.05684472993016243,1338.0,1336.0,6.283259868621826,0.5235521793365479,6.806812047958374,1282.0,1357.1123110151188
industrial_changeover,2320,464,5,Order5,464,5.3620000000000005e-05,-0.03872077912092209,1270.0,1335.0,6.356768846511841,0.5064663887023926,6.863235235214233,1282.0,1357.0646551724137
industrial_changeover,2325,465,5,Order5,465,5.352e-05,-0.03128009056672454,1329.0,1336.0,6.26536226272583,0.5082435607910156,6.773605823516846,1282.0,1357.0193548387097
industrial_changeover,2330,466,5,Order5,466,5.342e-05,-0.029947753064334393,1319.0,1335.0,6.531564474105835,0.5069901943206787,7.038554668426514,1282.0,1356.9721030042917
industrial_changeover,2335,467,5,Order5,467,5.3320000000000004e-05,0.006754539208486676,1323.0,1336.0,6.599595069885254,0.49802327156066895,7.097618341445923,1282.0,1356.9271948608136
industrial_changeover,2340,468,5,Order5,468,5.322e-05,-0.010164944920688868,1338.0,1336.0,6.61071515083313,0.5284743309020996,7.1391894817352295,1282.0,1356.8824786324785
industrial_changeover,2345,469,5,Order5,469,5.3120000000000006e-05,0.0021395160001702607,1335.0,1336.0,6.322863578796387,0.5151662826538086,6.838029861450195,1282.0,1356.8379530916845
industrial_changeover,2350,470,5,Order5,470,5.3020000000000004e-05,-0.0029225947218947113,1334.0,1336.0,6.178542613983154,0.5039057731628418,6.682448387145996,1282.0,1356.7936170212765
industrial_changeover,2355,471,5,Order5,471,5.292e-05,-0.0009149705583695322,1319.0,1336.0,6.065952301025391,0.5180826187133789,6.5840349197387695,1282.0,1356.7494692144373
industrial_changeover,2360,472,5,Order5,472,5.2820000000000006e-05,0.01430844678543508,1359.0,1336.0,6.185474872589111,0.5222806930541992,6.7077555656433105,1282.0,1356.7055084745762
industrial_changeover,2365,473,5,Order5,473,5.2720000000000003e-05,0.014130022143945098,1374.0,1336.0,6.380944013595581,0.5505647659301758,6.931508779525757,1282.0,1356.661733615222
industrial_changeover,2370,474,5,Order5,474,5.262e-05,-0.010249755810946226,1338.0,1336.0,6.176990270614624,0.49837803840637207,6.675368309020996,1282.0,1356.6181434599157
industrial_changeover,2375,475,5,Order5,475,5.2520000000000005e-05,-0.02022195653989911,1332.0,1336.0,6.279490232467651,0.5039417743682861,6.7834320068359375,1282.0,1356.5747368421053
industrial_changeover,2380,476,5,Order5,476,5.242e-05,0.010114239994436502,1334.0,1336.0,6.2595438957214355,0.4957263469696045,6.75527024269104,1282.0,1356.531512605042
industrial_changeover,2385,477,5,Order5,477,5.232e-05,0.003205286746378988,1334.0,1336.0,6.3103179931640625,0.503331184387207,6.8136491775512695,1282.0,1356.4884696016773
industrial_changeover,2390,478,5,Order5,478,5.2220000000000005e-05,-0.008092107949778438,1371.0,1336.0,6.387264251708984,0.4944946765899658,6.88175892829895,1282.0,1356.4456066945606
industrial_changeover,2395,479,5,Order5,479,5.212e-05,-0.03045807732269168,1322.0,1335.0,6.376982927322388,0.5092988014221191,6.886281728744507,1282.0,1356.400835073069
industrial_changeover,2400,480,5,Order5,480,5.202e-05,-0.026109776459634304,1298.0,1334.0,6.257797718048096,0.48462677001953125,6.742424488067627,1282.0,1356.3541666666667
industrial_changeover,2405,481,5,Order5,481,5.1920000000000004e-05,-0.05436632223427296,1319.0,1336.0,6.261493682861328,0.4905078411102295,6.752001523971558,1282.0,1356.3118503118503
industrial_changeover,2410,482,5,Order5,482,5.182e-05,0.016624895855784416,1336.0,1335.0,6.1462578773498535,0.4811699390411377,6.627427816390991,1282.0,1356.2676348547718
industrial_changeover,2415,483,5,Order5,483,5.172e-05,-0.012030971003696322,1319.0,1335.0,6.125494956970215,0.5093591213226318,6.634854078292847,1282.0,1356.223602484472
industrial_changeover,2420,484,5,Order5,484,5.1620000000000004e-05,0.018874963279813528,1389.0,1335.0,6.318511486053467,0.533607006072998,6.852118492126465,1282.0,1356.1797520661157
industrial_changeover,2425,485,5,Order5,485,5.152e-05,0.004382857121527195,1327.0,1334.0,6.3962883949279785,0.49219608306884766,6.888484477996826,1282.0,1356.1340206185566
industrial_changeover,2430,486,5,Order5,486,5.142e-05,-0.03974318038672209,1325.0,1334.0,6.230768918991089,0.5022537708282471,6.733022689819336,1282.0,1356.0884773662551
industrial_changeover,2435,487,5,Order5,487,5.132e-05,0.013497655978426337,1338.0,1334.0,6.233481168746948,0.4846465587615967,6.718127727508545,1282.0,1356.0431211498974
industrial_changeover,2440,488,5,Order5,488,5.122e-05,-0.012993037467822433,1318.0,1334.0,6.278862237930298,0.4940974712371826,6.7729597091674805,1282.0,1355.997950819672
industrial_changeover,2445,489,5,Order5,489,5.112e-05,-0.02301614871248603,1366.0,1335.0,6.348412036895752,0.520782470703125,6.869194507598877,1282.0,1355.9550102249489
industrial_changeover,2450,490,5,Order5,490,5.102e-05,-0.0014765636005904526,1358.0,1335.0,6.277603387832642,0.505363941192627,6.7829673290252686,1282.0,1355.9122448979592
industrial_changeover,2455,491,5,Order5,491,5.092e-05,-0.027297749649733305,1334.0,1336.0,6.629828214645386,0.5215945243835449,7.151422739028931,1282.0,1355.8716904276985
industrial_changeover,2460,492,5,Order5,492,5.082e-05,0.011180543107911944,1379.0,1336.0,6.117173910140991,0.5119001865386963,6.6290740966796875,1282.0,1355.831300813008
industrial_changeover,2465,493,5,Order5,493,5.072e-05,-0.02007081639021635,1339.0,1336.0,6.188152551651001,0.5082106590270996,6.696363210678101,1282.0,1355.7910750507099
industrial_changeover,2470,494,5,Order5,494,5.062e-05,-0.014364688890054822,1319.0,1336.0,6.10506010055542,0.48541855812072754,6.5904786586761475,1282.0,1355.751012145749
industrial_changeover,2475,495,5,Order5,495,5.052e-05,-0.0137341667432338,1323.0,1336.0,6.3809356689453125,0.5220515727996826,6.902987241744995,1282.0,1355.7111111111112
industrial_changeover,2480,496,5,Order5,496,5.042e-05,-0.032951124012470245,1305.0,1336.0,6.408035516738892,0.5068809986114502,6.914916515350342,1282.0,1355.671370967742
industrial_changeover,2485,497,5,Order5,497,5.032e-05,-0.0039095282554626465,1323.0,1336.0,6.227884292602539,0.4946928024291992,6.722577095031738,1282.0,1355.6317907444668
industrial_changeover,2490,498,5,Order5,498,5.0220000000000004e-05,-0.015993769746273756,1318.0,1336.0,6.424113988876343,0.5027227401733398,6.926836729049683,1282.0,1355.5923694779117
industrial_changeover,2495,499,5,Order5,499,5.012e-05,-0.031266880221664906,1305.0,1336.0,6.356997013092041,0.4963052272796631,6.853302240371704,1282.0,1355.5531062124248
industrial_changeover,2500,500,5,Order5,500,5.002e-05,0.057970503345131874,1422.0,1336.0,6.451634407043457,0.5220630168914795,6.9736974239349365,1282.0,1355.514
industrial_changeover,2505,501,5,Order5,501,4.992e-05,-0.04058449249714613,1319.0,1336.0,6.538287401199341,0.5141587257385254,7.052446126937866,1282.0,1355.4750499001996
industrial_changeover,2510,502,5,Order5,502,4.982e-05,-0.011766997398808599,1319.0,1336.0,6.466912269592285,0.5183868408203125,6.985299110412598,1282.0,1355.4362549800796
industrial_changeover,2515,503,5,Order5,503,4.972e-05,0.005324402824044228,1336.0,1336.0,6.468374490737915,0.5370972156524658,7.005471706390381,1282.0,1355.3976143141153
industrial_changeover,2520,504,5,Order5,504,4.962e-05,-0.03785416204482317,1327.0,1336.0,6.252531051635742,0.49563026428222656,6.748161315917969,1282.0,1355.359126984127
industrial_changeover,2525,505,5,Order5,505,4.952e-05,0.006248626741580665,1341.0,1336.0,6.260745525360107,0.4951026439666748,6.755848169326782,1282.0,1355.3207920792079
industrial_changeover,2530,506,5,Order5,506,4.942e-05,-0.03173273894935846,1318.0,1336.0,6.155937910079956,0.47556591033935547,6.6315038204193115,1282.0,1355.2826086956522
industrial_changeover,2535,507,5,Order5,507,4.932e-05,-0.005699213943444192,1351.0,1336.0,6.315276145935059,0.5072124004364014,6.82248854637146,1282.0,1355.2445759368836
industrial_changeover,2540,508,5,Order5,508,4.922e-05,-0.012121968436986208,1331.0,1336.0,6.326725482940674,0.4824333190917969,6.809158802032471,1282.0,1355.2066929133857
industrial_changeover,2545,509,5,Order5,509,4.912e-05,-0.024218578822910786,1335.0,1336.0,6.313358783721924,0.5056872367858887,6.8190460205078125,1282.0,1355.1689587426326
industrial_changeover,2550,510,5,Order5,510,4.902e-05,-0.00034485955256968737,1335.0,1336.0,6.280068397521973,0.4919915199279785,6.772059917449951,1282.0,1355.1313725490197
industrial_changeover,2555,511,5,Order5,511,4.892e-05,-0.013508094474673271,1338.0,1336.0,6.437478303909302,0.5259943008422852,6.963472604751587,1282.0,1355.0939334637965
industrial_changeover,2560,512,5,Order5,512,4.882e-05,-0.0067832706263288856,1315.0,1336.0,6.504091739654541,0.5276322364807129,7.031723976135254,1282.0,1355.056640625
industrial_changeover,2565,513,5,Order5,513,4.872e-05,-0.015918534249067307,1351.0,1336.0,6.486803293228149,0.5049004554748535,6.991703748703003,1282.0,1355.0194931773879
industrial_changeover,2570,514,5,Order5,514,4.862e-05,0.013607114320620894,1334.0,1336.0,6.357885360717773,0.4944450855255127,6.852330446243286,1282.0,1354.9824902723735
industrial_changeover,2575,515,5,Order5,515,4.8519999999999996e-05,0.0029384043300524354,1386.0,1336.0,6.470629930496216,0.5179808139801025,6.988610744476318,1282.0,1354.9456310679611
industrial_changeover,2580,516,5,Order5,516,4.842e-05,-0.02110298490151763,1323.0,1336.0,6.305129766464233,0.4935429096221924,6.798672676086426,1282.0,1354.9089147286822
industrial_changeover,2585,517,5,Order5,517,4.832e-05,-0.013440623413771391,1334.0,1336.0,6.176508903503418,0.4996318817138672,6.676140785217285,1282.0,1354.872340425532
industrial_changeover,2590,518,5,Order5,518,4.8219999999999996e-05,-0.014515202958136797,1328.0,1334.0,6.028724431991577,0.5244054794311523,6.5531299114227295,1282.0,1354.8320463320463
industrial_changeover,2595,519,5,Order5,519,4.812e-05,-0.014235805254429579,1323.0,1335.0,6.3080244064331055,0.5557265281677246,6.86375093460083,1282.0,1354.7938342967245
industrial_changeover,2600,520,5,Order5,520,4.802e-05,-0.04224561993032694,1312.0,1334.0,6.17426609992981,0.5034003257751465,6.677666425704956,1282.0,1354.753846153846
industrial_changeover,2605,521,5,Order5,521,4.7919999999999995e-05,-0.027143766172230244,1319.0,1334.0,6.311630010604858,0.5055351257324219,6.81716513633728,1282.0,1354.7140115163147
industrial_changeover,2610,522,5,Order5,522,4.782e-05,-0.0021475809044204652,1323.0,1334.0,6.30155873298645,0.5492298603057861,6.850788593292236,1282.0,1354.6743295019157
industrial_changeover,2615,523,5,Order5,523,4.772e-05,-0.02151900576427579,1338.0,1334.0,6.241505146026611,0.5095703601837158,6.751075506210327,1282.0,1354.6347992351816
industrial_changeover,2620,524,5,Order5,524,4.7619999999999995e-05,-0.06452918983995914,1319.0,1334.0,6.319279670715332,0.5231249332427979,6.84240460395813,1282.0,1354.5954198473282
industrial_changeover,2625,525,5,Order5,525,4.752e-05,0.009855304844677448,1336.0,1334.0,6.31277322769165,0.5031070709228516,6.815880298614502,1282.0,1354.5561904761905
industrial_changeover,2630,526,5,Order5,526,4.7419999999999997e-05,-0.013412299333140254,1312.0,1334.0,6.41635274887085,0.5046677589416504,6.9210205078125,1282.0,1354.5171102661598
industrial_changeover,2635,527,5,Order5,527,4.732e-05,-0.005637022317387164,1322.0,1334.0,6.444910526275635,0.5194759368896484,6.964386463165283,1282.0,1354.4781783681215
industrial_changeover,2640,528,5,Order5,528,4.722e-05,0.003701039240695536,1358.0,1334.0,6.182919979095459,0.48912763595581055,6.6720476150512695,1282.0,1354.439393939394
industrial_changeover,2645,529,5,Order5,529,4.7119999999999996e-05,0.048610773868858814,1457.0,1336.0,6.125843286514282,0.48067474365234375,6.606518030166626,1282.0,1354.4045368620039
industrial_changeover,2650,530,5,Order5,530,4.702e-05,-0.01524480152875185,1336.0,1334.0,6.232504606246948,0.514244556427002,6.74674916267395,1282.0,1354.366037735849
industrial_changeover,2655,531,5,Order5,531,4.692e-05,5.7582838053349406e-05,1331.0,1334.0,6.458414077758789,0.510441780090332,6.968855857849121,1282.0,1354.3276836158193
industrial_changeover,2660,532,5,Order5,532,4.6819999999999996e-05,-0.022891507018357515,1323.0,1334.0,6.356109142303467,0.5197830200195312,6.875892162322998,1282.0,1354.2894736842106
industrial_changeover,2665,533,5,Order5,533,4.672e-05,-0.0027369383024051785,1338.0,1334.0,6.3750364780426025,0.49504828453063965,6.870084762573242,1282.0,1354.2514071294559
industrial_changeover,2670,534,5,Order5,534,4.662e-05,-0.019963625818490982,1329.0,1334.0,6.521839618682861,0.5082626342773438,7.030102252960205,1282.0,1354.2134831460673
industrial_changeover,2675,535,5,Order5,535,4.6519999999999995e-05,0.015413546934723854,1334.0,1334.0,6.329487323760986,0.5100176334381104,6.839504957199097,1282.0,1354.1757009345795
industrial_changeover,2680,536,5,Order5,536,4.642e-05,-0.02645018743351102,1358.0,1335.0,6.221147775650024,0.5050811767578125,6.726228952407837,1282.0,1354.1399253731342
industrial_changeover,2685,537,5,Order5,537,4.632e-05,0.06820941343903542,1422.0,1335.0,6.1926703453063965,0.4937763214111328,6.686446666717529,1282.0,1354.1042830540036
industrial_changeover,2690,538,5,Order5,538,4.622000000000001e-05,0.04689846932888031,1410.0,1335.0,6.529463529586792,0.5232203006744385,7.0526838302612305,1282.0,1354.0687732342008
industrial_changeover,2695,539,5,Order5,539,4.6120000000000006e-05,-0.01738671539351344,1335.0,1334.0,6.287866115570068,0.5022072792053223,6.790073394775391,1282.0,1354.0315398886828
industrial_changeover,2700,540,5,Order5,540,4.602000000000001e-05,-0.012182114645838737,1318.0,1334.0,6.13897442817688,0.5185565948486328,6.657531023025513,1282.0,1353.9944444444445
industrial_changeover,2705,541,5,Order5,541,4.592000000000001e-05,-0.02179545257240534,1351.0,1334.0,6.123517274856567,0.5048000812530518,6.628317356109619,1282.0,1353.9574861367837
industrial_changeover,2710,542,5,Order5,542,4.5820000000000005e-05,-0.017340137623250484,1313.0,1334.0,6.451009273529053,0.510535478591919,6.961544752120972,1282.0,1353.920664206642
industrial_changeover,2715,543,5,Order5,543,4.572000000000001e-05,-0.008732868358492851,1335.0,1334.0,6.424530029296875,0.5300216674804688,6.954551696777344,1282.0,1353.8839779005525
industrial_changeover,2720,544,5,Order5,544,4.562000000000001e-05,-0.027957725804299116,1350.0,1334.0,6.330473184585571,0.5024964809417725,6.832969665527344,1282.0,1353.8474264705883
industrial_changeover,2725,545,5,Order5,545,4.5520000000000005e-05,0.029063927475363016,1341.0,1334.0,6.253042936325073,0.5074489116668701,6.760491847991943,1282.0,1353.811009174312
industrial_changeover,2730,546,5,Order5,546,4.542000000000001e-05,-0.03173705097287893,1331.0,1335.0,6.188122272491455,0.5012640953063965,6.689386367797852,1282.0,1353.7765567765568
industrial_changeover,2735,547,5,Order5,547,4.5320000000000007e-05,-0.009570107096806169,1320.0,1334.0,6.329326629638672,0.4924337863922119,6.821760416030884,1282.0,1353.7404021937843
industrial_changeover,2740,548,5,Order5,548,4.5220000000000004e-05,-0.03494805656373501,1304.0,1334.0,6.403824329376221,0.48967790603637695,6.893502235412598,1282.0,1353.7043795620439
industrial_changeover,2745,549,5,Order5,549,4.512000000000001e-05,-0.018789955880492926,1323.0,1335.0,6.2150962352752686,0.49597883224487305,6.711075067520142,1282.0,1353.6703096539163
industrial_changeover,2750,550,5,Order5,550,4.5020000000000006e-05,-0.0006400682614184916,1338.0,1335.0,6.362823247909546,0.5104129314422607,6.873236179351807,1282.0,1353.6363636363637
industrial_changeover,2755,551,5,Order5,551,4.4920000000000004e-05,0.0020102810813114047,1335.0,1335.0,6.14624285697937,0.4973740577697754,6.6436169147491455,1282.0,1353.6025408348457
industrial_changeover,2760,552,5,Order5,552,4.482000000000001e-05,0.01462395186536014,1361.0,1335.0,6.1214213371276855,0.4976165294647217,6.619037866592407,1282.0,1353.5688405797102
industrial_changeover,2765,553,5,Order5,553,4.4720000000000006e-05,-0.05841577332466841,1281.0,1335.0,6.10573148727417,0.4774763584136963,6.583207845687866,1282.0,1353.5352622061482
industrial_changeover,2770,554,5,Order5,554,4.462e-05,-0.06603783182799816,1356.0,1336.0,6.397930145263672,0.5281767845153809,6.926106929779053,1282.0,1353.5036101083033
industrial_changeover,2775,555,5,Order5,555,4.452000000000001e-05,-0.02640981739386916,1309.0,1335.0,6.599713087081909,0.5152318477630615,7.114944934844971,1282.0,1353.4702702702702
industrial_changeover,2780,556,5,Order5,556,4.4420000000000005e-05,-0.005851358990184963,1320.0,1335.0,6.192889213562012,0.4749162197113037,6.667805433273315,1282.0,1353.4370503597122
industrial_changeover,2785,557,5,Order5,557,4.432000000000001e-05,-0.04423485603183508,1318.0,1335.0,6.214057683944702,0.5002431869506836,6.714300870895386,1282.0,1353.4039497307
industrial_changeover,2790,558,5,Order5,558,4.422000000000001e-05,-0.01470899791456759,1323.0,1334.0,6.298062086105347,0.4888145923614502,6.786876678466797,1282.0,1353.36917562724
industrial_changeover,2795,559,5,Order5,559,4.4120000000000004e-05,0.0570312412455678,1422.0,1334.0,6.250787019729614,0.49582624435424805,6.746613264083862,1282.0,1353.3345259391772
industrial_changeover,2800,560,5,Order5,560,4.402000000000001e-05,0.06937575526535511,1455.0,1335.0,6.359823226928711,0.5415096282958984,6.901332855224609,1282.0,1353.3017857142856
industrial_changeover,2805,561,5,Order5,561,4.3920000000000006e-05,-0.025977655313909054,1328.0,1334.0,6.318006753921509,0.5097477436065674,6.827754497528076,1282.0,1353.2673796791444
industrial_changeover,2810,562,5,Order5,562,4.3820000000000004e-05,-0.0009136239095823839,1354.0,1335.0,6.379079580307007,0.48126649856567383,6.860346078872681,1282.0,1353.2348754448399
industrial_changeover,2815,563,5,Order5,563,4.372000000000001e-05,-0.04692977387458086,1329.0,1335.0,6.213528871536255,0.49123334884643555,6.70476222038269,1282.0,1353.202486678508
industrial_changeover,2820,564,5,Order5,564,4.3620000000000006e-05,0.02726466115564108,1371.0,1335.0,6.1772215366363525,0.485795259475708,6.6630167961120605,1282.0,1353.1702127659576
industrial_changeover,2825,565,5,Order5,565,4.3520000000000003e-05,-0.003389120101928711,1338.0,1335.0,6.0642406940460205,0.4745619297027588,6.538802623748779,1282.0,1353.1380530973452
industrial_changeover,2830,566,5,Order5,566,4.342000000000001e-05,-0.062226809561252594,1319.0,1335.0,6.760364055633545,0.5271029472351074,7.287467002868652,1282.0,1353.1060070671379
industrial_changeover,2835,567,5,Order5,567,4.3320000000000005e-05,0.07114562951028347,1422.0,1334.0,6.216543674468994,0.4859893321990967,6.702533006668091,1282.0,1353.0723104056437
industrial_changeover,2840,568,5,Order5,568,4.322e-05,-0.007417040527798235,1339.0,1334.0,6.1433939933776855,0.4987633228302002,6.642157316207886,1282.0,1353.0387323943662
industrial_changeover,2845,569,5,Order5,569,4.312000000000001e-05,-0.04171568062156439,1334.0,1334.0,6.24538779258728,0.49022936820983887,6.735617160797119,1282.0,1353.005272407733
industrial_changeover,2850,570,5,Order5,570,4.3020000000000005e-05,0.004159501404501498,1318.0,1334.0,6.241457223892212,0.5116195678710938,6.753076791763306,1282.0,1352.9719298245614
industrial_changeover,2855,571,5,Order5,571,4.292e-05,-0.014844298362731934,1322.0,1334.0,6.384423017501831,0.4880995750427246,6.872522592544556,1282.0,1352.938704028021
industrial_changeover,2860,572,5,Order5,572,4.282000000000001e-05,-0.02708148630335927,1339.0,1334.0,6.431084871292114,0.5017542839050293,6.9328391551971436,1282.0,1352.9055944055945
industrial_changeover,2865,573,5,Order5,573,4.2720000000000004e-05,-0.017496899235993624,1339.0,1335.0,6.708896636962891,0.5209155082702637,7.229812145233154,1282.0,1352.874345549738
industrial_changeover,2870,574,5,Order5,574,4.262e-05,-0.01111265760846436,1336.0,1335.0,6.277403354644775,0.5045664310455322,6.781969785690308,1282.0,1352.8432055749129
industrial_changeover,2875,575,5,Order5,575,4.2520000000000006e-05,-0.07808792404830456,1239.0,1334.0,6.171675205230713,0.49636411666870117,6.668039321899414,1282.0,1352.8104347826088
industrial_changeover,2880,576,5,Order5,576,4.2420000000000004e-05,0.0012381854467093945,1320.0,1335.0,6.065866231918335,0.47170186042785645,6.537568092346191,1282.0,1352.779513888889
industrial_changeover,2885,577,5,Order5,577,4.232e-05,0.00048059909750008956,1338.0,1334.0,6.602120637893677,0.4912834167480469,7.093404054641724,1282.0,1352.7469670710573
industrial_changeover,2890,578,5,Order5,578,4.2220000000000006e-05,-0.004250119556672871,1336.0,1334.0,6.717422723770142,0.48688268661499023,7.204305410385132,1282.0,1352.7145328719723
industrial_changeover,2895,579,5,Order5,579,4.212e-05,-0.021365131717175245,1330.0,1334.0,6.129857778549194,0.4846618175506592,6.6145195960998535,1282.0,1352.6822107081175
industrial_changeover,2900,580,5,Order5,580,4.202e-05,-0.00210486922878772,1339.0,1334.0,6.3328728675842285,0.4943656921386719,6.8272385597229,1282.0,1352.65
industrial_changeover,2905,581,5,Order5,581,4.1920000000000005e-05,0.007014292990788817,1336.0,1334.0,6.2986345291137695,0.4885578155517578,6.787192344665527,1282.0,1352.617900172117
industrial_changeover,2910,582,5,Order5,582,4.182e-05,0.013438499299809337,1370.0,1334.0,6.374972105026245,0.49980926513671875,6.874781370162964,1282.0,1352.585910652921
industrial_changeover,2915,583,5,Order5,583,4.172e-05,0.004113557399250567,1338.0,1334.0,6.292648077011108,0.486635684967041,6.779283761978149,1282.0,1352.5540308747857
industrial_changeover,2920,584,5,Order5,584,4.1620000000000005e-05,-0.020304935052990913,1339.0,1334.0,6.43719744682312,0.5069870948791504,6.9441845417022705,1282.0,1352.5222602739725
industrial_changeover,2925,585,5,Order5,585,4.152e-05,-0.06982720084488392,1318.0,1334.0,6.586679697036743,0.5137612819671631,7.100440979003906,1282.0,1352.4905982905982
industrial_changeover,2930,586,5,Order5,586,4.142000000000001e-05,0.001185944740427658,1335.0,1334.0,6.13814640045166,0.5101108551025391,6.648257255554199,1282.0,1352.4590443686006
industrial_changeover,2935,587,5,Order5,587,4.1320000000000004e-05,-0.020585145335644484,1334.0,1334.0,6.27332329750061,0.5011849403381348,6.774508237838745,1282.0,1352.427597955707
industrial_changeover,2940,588,5,Order5,588,4.122e-05,0.025810344144701958,1369.0,1334.0,6.117523193359375,0.47401952743530273,6.591542720794678,1282.0,1352.3962585034014
industrial_changeover,2945,589,5,Order5,589,4.1120000000000006e-05,-0.020197087433189154,1335.0,1334.0,6.617382764816284,0.5161838531494141,7.133566617965698,1282.0,1352.365025466893
industrial_changeover,2950,590,5,Order5,590,4.1020000000000004e-05,0.0006790016632294282,1326.0,1334.0,6.246135473251343,0.501028299331665,6.747163772583008,1282.0,1352.3338983050849
industrial_changeover,2955,591,5,Order5,591,4.092e-05,-0.03032307792454958,1316.0,1334.0,6.310176610946655,0.48272252082824707,6.792899131774902,1282.0,1352.3028764805415
industrial_changeover,2960,592,5,Order5,592,4.0820000000000006e-05,-0.00979404617100954,1319.0,1334.0,6.2814671993255615,0.49287867546081543,6.774345874786377,1282.0,1352.2719594594594
industrial_changeover,2965,593,5,Order5,593,4.072e-05,-0.0177431283518672,1339.0,1335.0,6.297616481781006,0.4989283084869385,6.796544790267944,1282.0,1352.2428330522766
industrial_changeover,2970,594,5,Order5,594,4.062e-05,-0.017540451604872942,1323.0,1335.0,6.547394752502441,0.504906415939331,7.0523011684417725,1282.0,1352.2138047138046
industrial_changeover,2975,595,5,Order5,595,4.0520000000000005e-05,-0.01755651691928506,1336.0,1335.0,6.509141206741333,0.4997889995574951,7.008930206298828,1282.0,1352.18487394958
industrial_changeover,2980,596,5,Order5,596,4.042e-05,-0.012929353164508939,1335.0,1335.0,6.454377174377441,0.5081837177276611,6.9625608921051025,1282.0,1352.1560402684563
industrial_changeover,2985,597,5,Order5,597,4.032e-05,0.013098415918648243,1362.0,1334.0,6.3950395584106445,0.5309736728668213,6.926013231277466,1282.0,1352.1256281407036
industrial_changeover,2990,598,5,Order5,598,4.0220000000000005e-05,0.006126596941612661,1335.0,1334.0,6.150679111480713,0.5066454410552979,6.657324552536011,1282.0,1352.0953177257525
industrial_changeover,2995,599,5,Order5,599,4.012e-05,0.0003697777137858793,1336.0,1335.0,6.322472095489502,0.5077919960021973,6.830264091491699,1282.0,1352.0667779632722
industrial_changeover,3000,600,5,Order5,600,4.002e-05,-0.06385316513478756,1275.0,1335.0,6.147268772125244,0.4752466678619385,6.622515439987183,1282.0,1352.0383333333334
industrial_changeover,3005,601,5,Order5,601,3.9920000000000004e-05,-0.0236946321092546,1338.0,1335.0,6.410163402557373,0.5128247737884521,6.922988176345825,1282.0,1352.009983361065
industrial_changeover,3010,602,5,Order5,602,3.982e-05,0.0054047362646088,1338.0,1335.0,6.285723924636841,0.49086570739746094,6.776589632034302,1282.0,1351.9817275747507
industrial_changeover,3015,603,5,Order5,603,3.972e-05,-0.009481305256485939,1334.0,1334.0,6.064866304397583,0.4889488220214844,6.553815126419067,1282.0,1351.9519071310117
industrial_changeover,3020,604,5,Order5,604,3.9620000000000004e-05,-0.026570384856313467,1319.0,1334.0,6.276542663574219,0.49368882179260254,6.770231485366821,1282.0,1351.9221854304635
industrial_changeover,3025,605,5,Order5,605,3.952e-05,-0.01789468200877309,1319.0,1334.0,6.274997711181641,0.4861321449279785,6.761129856109619,1282.0,1351.892561983471
industrial_changeover,3030,606,5,Order5,606,3.942e-05,-0.011210463242605329,1336.0,1334.0,6.335419178009033,0.49978208541870117,6.835201263427734,1282.0,1351.8630363036305
industrial_changeover,3035,607,5,Order5,607,3.932e-05,-0.0062208411982283,1357.0,1334.0,6.386605978012085,0.5099775791168213,6.896583557128906,1282.0,1351.833607907743
industrial_changeover,3040,608,5,Order5,608,3.922e-05,-0.011044073849916458,1320.0,1334.0,6.350510597229004,0.5007166862487793,6.851227283477783,1282.0,1351.8042763157894
industrial_changeover,3045,609,5,Order5,609,3.912e-05,-0.03291006572544575,1339.0,1334.0,6.324965476989746,0.5113198757171631,6.836285352706909,1282.0,1351.7750410509032
industrial_changeover,3050,610,5,Order5,610,3.902e-05,0.01566030876711011,1338.0,1334.0,6.425128221511841,0.5126333236694336,6.937761545181274,1282.0,1351.7459016393443
industrial_changeover,3055,611,5,Order5,611,3.892e-05,-0.03488593362271786,1334.0,1334.0,6.098578453063965,0.475665807723999,6.574244260787964,1282.0,1351.7168576104746
industrial_changeover,3060,612,5,Order5,612,3.882e-05,-0.0481531098484993,1333.0,1335.0,6.048399209976196,0.5011532306671143,6.5495524406433105,1282.0,1351.68954248366
industrial_changeover,3065,613,5,Order5,613,3.872e-05,-0.03099482972174883,1340.0,1335.0,6.358703374862671,0.5233008861541748,6.882004261016846,1282.0,1351.662316476346
industrial_changeover,3070,614,5,Order5,614,3.862e-05,-0.013151092454791069,1338.0,1335.0,6.328664541244507,0.4923369884490967,6.8210015296936035,1282.0,1351.6351791530944
industrial_changeover,3075,615,5,Order5,615,3.8520000000000004e-05,-0.04697546735405922,1272.0,1335.0,6.534211158752441,0.521580696105957,7.055791854858398,1282.0,1351.6081300813007
industrial_changeover,3080,616,5,Order5,616,3.842e-05,0.0038551102625206113,1328.0,1335.0,6.394211769104004,0.49881482124328613,6.89302659034729,1282.0,1351.5811688311687
industrial_changeover,3085,617,5,Order5,617,3.832e-05,0.04896868672221899,1422.0,1335.0,6.402912616729736,0.5099105834960938,6.91282320022583,1282.0,1351.554294975689
industrial_changeover,3090,618,5,Order5,618,3.822e-05,-0.0697826687246561,1318.0,1335.0,6.5417633056640625,0.528174638748169,7.0699379444122314,1282.0,1351.527508090615
industrial_changeover,3095,619,5,Order5,619,3.812e-05,0.039221336133778095,1338.0,1335.0,6.5794336795806885,0.528700590133667,7.1081342697143555,1282.0,1351.5008077544426
industrial_changeover,3100,620,5,Order5,620,3.802e-05,-0.019351314287632704,1319.0,1335.0,6.5425355434417725,0.50374436378479,7.0462799072265625,1282.0,1351.4741935483871
industrial_changeover,3105,621,5,Order5,621,3.792e-05,0.016346690244972706,1338.0,1335.0,6.287412166595459,0.49430370330810547,6.7817158699035645,1282.0,1351.4476650563606
industrial_changeover,3110,622,5,Order5,622,3.782e-05,-0.06211968045681715,1282.0,1335.0,6.108232259750366,0.4915914535522461,6.599823713302612,1282.0,1351.4212218649518
industrial_changeover,3115,623,5,Order5,623,3.772e-05,-0.014654270373284817,1315.0,1335.0,6.110286474227905,0.4802665710449219,6.590553045272827,1282.0,1351.3948635634029
industrial_changeover,3120,624,5,Order5,624,3.762e-05,-0.03742234501987696,1271.0,1335.0,6.440950870513916,0.4926152229309082,6.933566093444824,1282.0,1351.3685897435898
industrial_changeover,3125,625,5,Order5,625,3.752e-05,0.005762592772953212,1323.0,1335.0,6.469274520874023,0.5131025314331055,6.982377052307129,1282.0,1351.3424
industrial_changeover,3130,626,5,Order5,626,3.742e-05,-0.056370798498392105,1282.0,1335.0,6.219871997833252,0.5011200904846191,6.720992088317871,1282.0,1351.3162939297124
industrial_changeover,3135,627,5,Order5,627,3.732e-05,-0.008346864487975836,1323.0,1335.0,6.257681131362915,0.50846266746521,6.766143798828125,1282.0,1351.2902711323763
industrial_changeover,3140,628,5,Order5,628,3.722e-05,0.006961802719160914,1335.0,1334.0,6.384321928024292,0.5006158351898193,6.884937763214111,1282.0,1351.2627388535032
industrial_changeover,3145,629,5,Order5,629,3.712e-05,-0.016982913948595524,1326.0,1335.0,6.428696155548096,0.5296328067779541,6.95832896232605,1282.0,1351.2368839427663
industrial_changeover,3150,630,5,Order5,630,3.702e-05,0.0022132868180051446,1335.0,1335.0,6.49030065536499,0.5407726764678955,7.031073331832886,1282.0,1351.2111111111112
industrial_changeover,3155,631,5,Order5,631,3.692e-05,0.00428179872687906,1335.0,1335.0,6.484890699386597,0.5361025333404541,7.020993232727051,1282.0,1351.1854199683044
industrial_changeover,3160,632,5,Order5,632,3.6819999999999996e-05,-0.031741623766720295,1319.0,1335.0,6.497982025146484,0.5070626735687256,7.00504469871521,1282.0,1351.1598101265822
industrial_changeover,3165,633,5,Order5,633,3.672e-05,-0.04122490156441927,1282.0,1335.0,6.290045261383057,0.5142614841461182,6.804306745529175,1282.0,1351.134281200632
industrial_changeover,3170,634,5,Order5,634,3.662e-05,-0.02103353338316083,1320.0,1335.0,6.190240144729614,0.48236536979675293,6.672605514526367,1282.0,1351.108832807571
industrial_changeover,3175,635,5,Order5,635,3.6519999999999996e-05,0.0050124566769227386,1339.0,1335.0,6.138290166854858,0.4832484722137451,6.6215386390686035,1282.0,1351.083464566929
industrial_changeover,3180,636,5,Order5,636,3.642e-05,-0.0015082159370649606,1335.0,1335.0,6.385595798492432,0.5262653827667236,6.911861181259155,1282.0,1351.058176100629
industrial_changeover,3185,637,5,Order5,637,3.632e-05,0.017880892381072044,1357.0,1335.0,6.646620512008667,0.5283770561218262,7.174997568130493,1282.0,1351.032967032967
industrial_changeover,3190,638,5,Order5,638,3.6219999999999995e-05,-0.024762036744505167,1316.0,1335.0,6.253594398498535,0.5071637630462646,6.7607581615448,1282.0,1351.0078369905957
industrial_changeover,3195,639,5,Order5,639,3.612e-05,0.0014615117106586695,1316.0,1335.0,6.308272123336792,0.518944501876831,6.827216625213623,1282.0,1350.982785602504
industrial_changeover,3200,640,5,Order5,640,3.602e-05,-0.039862035773694515,1323.0,1335.0,6.3672730922698975,0.500922441482544,6.868195533752441,1282.0,1350.9578125
industrial_changeover,3205,641,5,Order5,641,3.5919999999999995e-05,0.021995223127305508,1323.0,1319.0,6.525012254714966,0.5685317516326904,7.093544006347656,1282.0,1350.9079563182527
industrial_changeover,3210,642,5,Order5,642,3.582e-05,0.022943999152630568,1369.0,1319.0,6.453734874725342,0.5117051601409912,6.965440034866333,1282.0,1350.8582554517134
industrial_changeover,3215,643,5,Order5,643,3.572e-05,-0.01899343030527234,1312.0,1319.0,6.416244983673096,0.4971897602081299,6.913434743881226,1282.0,1350.8087091757386
industrial_changeover,3220,644,5,Order5,644,3.562e-05,-0.006344316294416785,1325.0,1319.0,6.258924722671509,0.4975440502166748,6.756468772888184,1282.0,1350.7593167701864
industrial_changeover,3225,645,5,Order5,645,3.552e-05,-0.010193803813308477,1319.0,1319.0,6.1877195835113525,0.49027252197265625,6.677992105484009,1282.0,1350.7100775193799
industrial_changeover,3230,646,5,Order5,646,3.5419999999999996e-05,-0.034933848306536674,1320.0,1319.0,6.157002925872803,0.47284817695617676,6.6298511028289795,1282.0,1350.6609907120744
industrial_changeover,3235,647,5,Order5,647,3.532e-05,-0.0013653075438924134,1322.0,1319.0,6.254985094070435,0.4926278591156006,6.747612953186035,1282.0,1350.6120556414219
industrial_changeover,3240,648,5,Order5,648,3.522e-05,-0.027764052618294954,1322.0,1319.0,6.242255687713623,0.5534186363220215,6.7956743240356445,1282.0,1350.5632716049383
industrial_changeover,3245,649,5,Order5,649,3.5119999999999996e-05,-0.026888216845691204,1304.0,1319.0,6.233348846435547,0.49272584915161133,6.726074695587158,1282.0,1350.5146379044684
industrial_changeover,3250,650,5,Order5,650,3.502e-05,-0.04251185432076454,1305.0,1319.0,6.418011903762817,0.5107145309448242,6.928726434707642,1282.0,1350.466153846154
industrial_changeover,3255,651,5,Order5,651,3.492e-05,-0.015235122526064515,1337.0,1319.0,6.359010696411133,0.5015623569488525,6.860573053359985,1282.0,1350.4178187403993
industrial_changeover,3260,652,5,Order5,652,3.4819999999999995e-05,-0.006819785223342478,1308.0,1319.0,6.462120771408081,0.5502161979675293,7.01233696937561,1282.0,1350.3696319018404
industrial_changeover,3265,653,5,Order5,653,3.472e-05,-0.005406125681474805,1323.0,1319.0,6.37009859085083,0.533735990524292,6.903834581375122,1282.0,1350.3215926493108
industrial_changeover,3270,654,5,Order5,654,3.462e-05,-0.0011379902134649456,1323.0,1319.0,6.432137966156006,0.49000048637390137,6.922138452529907,1282.0,1350.2737003058105
industrial_changeover,3275,655,5,Order5,655,3.4519999999999995e-05,-0.0009830367635004222,1339.0,1319.0,6.527378082275391,0.5359680652618408,7.0633461475372314,1282.0,1350.2259541984733
industrial_changeover,3280,656,5,Order5,656,3.442e-05,-0.03181107435375452,1279.0,1319.0,6.186813116073608,0.49121832847595215,6.6780314445495605,1282.0,1350.1783536585365
industrial_changeover,3285,657,5,Order5,657,3.432e-05,-0.023120127618312836,1304.0,1319.0,6.055683851242065,0.4754774570465088,6.531161308288574,1282.0,1350.130898021309
industrial_changeover,3290,658,5,Order5,658,3.4219999999999994e-05,-0.04459852632135153,1274.0,1319.0,6.070029258728027,0.4822273254394531,6.5522565841674805,1282.0,1350.0835866261398
industrial_changeover,3295,659,5,Order5,659,3.412e-05,-0.0009513583790976554,1313.0,1319.0,6.324379920959473,0.5422511100769043,6.866631031036377,1282.0,1350.0364188163885
industrial_changeover,3300,660,5,Order5,660,3.4019999999999996e-05,-0.017051298171281815,1318.0,1319.0,6.444436311721802,0.5250718593597412,6.969508171081543,1282.0,1349.989393939394
industrial_changeover,3305,661,5,Order5,661,3.3919999999999994e-05,0.007811000221408904,1320.0,1319.0,6.493721008300781,0.5004007816314697,6.994121789932251,1282.0,1349.9425113464447
industrial_changeover,3310,662,5,Order5,662,3.382e-05,0.00817146897315979,1327.0,1319.0,6.451154470443726,0.5044267177581787,6.955581188201904,1282.0,1349.8957703927492
industrial_changeover,3315,663,5,Order5,663,3.372000000000001e-05,-0.018234177492558956,1315.0,1319.0,6.52521824836731,0.5267813205718994,7.051999568939209,1282.0,1349.8491704374057
industrial_changeover,3320,664,5,Order5,664,3.362000000000001e-05,0.0060436633648350835,1326.0,1319.0,6.5710601806640625,0.5332424640655518,7.104302644729614,1282.0,1349.8027108433735
industrial_changeover,3325,665,5,Order5,665,3.3520000000000004e-05,0.005791981937363744,1355.0,1319.0,6.565094470977783,0.5402305126190186,7.105324983596802,1282.0,1349.7563909774435
industrial_changeover,3330,666,5,Order5,666,3.342000000000001e-05,0.016510159242898226,1355.0,1319.0,6.612395524978638,0.5240123271942139,7.136407852172852,1282.0,1349.71021021021
industrial_changeover,3335,667,5,Order5,667,3.3320000000000006e-05,-0.03632786311209202,1308.0,1319.0,6.587587833404541,0.49186110496520996,7.079448938369751,1282.0,1349.664167916042
industrial_changeover,3340,668,5,Order5,668,3.3220000000000004e-05,0.05899292882531881,1416.0,1319.0,6.22345495223999,0.49139404296875,6.71484899520874,1282.0,1349.618263473054
industrial_changeover,3345,669,5,Order5,669,3.312000000000001e-05,-0.0025623837136663496,1316.0,1319.0,6.301378965377808,0.484393835067749,6.785772800445557,1282.0,1349.5724962630793
industrial_changeover,3350,670,5,Order5,670,3.3020000000000006e-05,-0.043752907775342464,1305.0,1319.0,6.145853757858276,0.4907824993133545,6.636636257171631,1282.0,1349.5268656716419
industrial_changeover,3355,671,5,Order5,671,3.292e-05,-0.002036267949733883,1319.0,1319.0,6.265791893005371,0.5544049739837646,6.820196866989136,1282.0,1349.4813710879284
industrial_changeover,3360,672,5,Order5,672,3.282000000000001e-05,0.0206964616663754,1335.0,1319.0,6.149625778198242,0.49644899368286133,6.6460747718811035,1282.0,1349.436011904762
industrial_changeover,3365,673,5,Order5,673,3.2720000000000005e-05,-0.007975529646500945,1352.0,1319.0,6.189890384674072,0.4925093650817871,6.682399749755859,1282.0,1349.3907875185735
industrial_changeover,3370,674,5,Order5,674,3.262e-05,0.022542877588421106,1335.0,1319.0,6.278961181640625,0.49407052993774414,6.773031711578369,1282.0,1349.345697329377
industrial_changeover,3375,675,5,Order5,675,3.252000000000001e-05,-0.03582650888711214,1319.0,1319.0,6.450336694717407,0.49019384384155273,6.94053053855896,1282.0,1349.3007407407408
industrial_changeover,3380,676,5,Order5,676,3.2420000000000005e-05,0.0006438799173338339,1319.0,1319.0,6.384353160858154,0.4990255832672119,6.883378744125366,1282.0,1349.2559171597634
industrial_changeover,3385,677,5,Order5,677,3.232000000000001e-05,-0.007618841947987676,1320.0,1319.0,6.351557970046997,0.5016744136810303,6.853232383728027,1282.0,1349.2112259970459
industrial_changeover,3390,678,5,Order5,678,3.2220000000000007e-05,-0.013602937571704388,1346.0,1319.0,6.714534282684326,0.5237767696380615,7.238311052322388,1282.0,1349.1666666666667
industrial_changeover,3395,679,5,Order5,679,3.2120000000000004e-05,-0.015876663848757744,1305.0,1319.0,6.288536071777344,0.5116157531738281,6.800151824951172,1282.0,1349.122238586156
industrial_changeover,3400,680,5,Order5,680,3.202000000000001e-05,-0.0061961853643879294,1318.0,1319.0,6.130942344665527,0.48792386054992676,6.618866205215454,1282.0,1349.0779411764706
industrial_changeover,3405,681,5,Order5,681,3.1920000000000006e-05,0.004511605598963797,1326.0,1319.0,6.142279624938965,0.48705530166625977,6.629334926605225,1282.0,1349.0337738619678
industrial_changeover,3410,682,5,Order5,682,3.1820000000000004e-05,0.01213915622793138,1339.0,1319.0,6.32174015045166,0.537456750869751,6.859196901321411,1282.0,1348.9897360703812
industrial_changeover,3415,683,5,Order5,683,3.172000000000001e-05,0.0064316034549847245,1323.0,1319.0,6.328561305999756,0.4989967346191406,6.8275580406188965,1282.0,1348.9458272327965
industrial_changeover,3420,684,5,Order5,684,3.1620000000000006e-05,0.010299347806721926,1335.0,1319.0,6.2354302406311035,0.4985015392303467,6.73393177986145,1282.0,1348.9020467836258
industrial_changeover,3425,685,5,Order5,685,3.152e-05,0.0014696189609821886,1336.0,1319.0,6.346590280532837,0.4954688549041748,6.842059135437012,1282.0,1348.8583941605839
industrial_changeover,3430,686,5,Order5,686,3.142000000000001e-05,-0.01658469531685114,1319.0,1319.0,6.358874797821045,0.5049834251403809,6.863858222961426,1282.0,1348.8148688046647
industrial_changeover,3435,687,5,Order5,687,3.1320000000000005e-05,-0.015506758587434888,1308.0,1319.0,6.3834452629089355,0.5039029121398926,6.887348175048828,1282.0,1348.7714701601165
industrial_changeover,3440,688,5,Order5,688,3.122e-05,-0.04373389948159456,1272.0,1319.0,6.283867835998535,0.5306813716888428,6.814549207687378,1282.0,1348.7281976744187
industrial_changeover,3445,689,5,Order5,689,3.112000000000001e-05,-0.05212354753166437,1275.0,1319.0,6.393732309341431,0.5144596099853516,6.908191919326782,1282.0,1348.6850507982583
industrial_changeover,3450,690,5,Order5,690,3.1020000000000005e-05,-0.0007083678356138989,1335.0,1319.0,6.389410495758057,0.5156741142272949,6.905084609985352,1282.0,1348.6420289855073
industrial_changeover,3455,691,5,Order5,691,3.092e-05,0.06281579844653606,1417.0,1319.0,6.204647541046143,0.5023086071014404,6.706956148147583,1282.0,1348.5991316931982
industrial_changeover,3460,692,5,Order5,692,3.0820000000000006e-05,-0.022804394830018282,1323.0,1319.0,6.3026511669158936,0.5020792484283447,6.804730415344238,1282.0,1348.5563583815028
industrial_changeover,3465,693,5,Order5,693,3.0720000000000004e-05,0.0004971059825038537,1319.0,1319.0,6.111520290374756,0.4768075942993164,6.588327884674072,1282.0,1348.5137085137085
industrial_changeover,3470,694,5,Order5,694,3.062e-05,-0.012072528712451458,1323.0,1319.0,6.371126413345337,0.5211663246154785,6.892292737960815,1282.0,1348.471181556196
industrial_changeover,3475,695,5,Order5,695,3.0520000000000006e-05,-0.004181223921477795,1305.0,1319.0,6.865615367889404,0.5211312770843506,7.386746644973755,1282.0,1348.4287769784173
industrial_changeover,3480,696,5,Order5,696,3.0420000000000004e-05,0.0011415313056204468,1336.0,1319.0,6.289574384689331,0.4811866283416748,6.770761013031006,1282.0,1348.3864942528735
industrial_changeover,3485,697,5,Order5,697,3.0320000000000004e-05,-0.009239905280992389,1326.0,1319.0,6.211844444274902,0.493863582611084,6.705708026885986,1282.0,1348.3443328550932
industrial_changeover,3490,698,5,Order5,698,3.0220000000000005e-05,-0.035710922442376614,1272.0,1319.0,6.31247878074646,0.4895210266113281,6.801999807357788,1282.0,1348.3022922636103
industrial_changeover,3495,699,5,Order5,699,3.0120000000000003e-05,-0.02909614471718669,1325.0,1319.0,6.403645753860474,0.5215957164764404,6.925241470336914,1282.0,1348.2603719599429
industrial_changeover,3500,700,5,Order5,700,3.0020000000000004e-05,-0.03694270923733711,1271.0,1319.0,6.362439393997192,0.5109648704528809,6.873404264450073,1282.0,1348.2185714285715
industrial_changeover,3505,701,5,Order5,701,2.9920000000000005e-05,-0.00039452144119422883,1319.0,1319.0,6.325254917144775,0.5071227550506592,6.832377672195435,1282.0,1348.1768901569187
industrial_changeover,3510,702,5,Order5,702,2.9820000000000002e-05,-0.0010603278933558613,1336.0,1319.0,6.443246126174927,0.5071029663085938,6.9503490924835205,1282.0,1348.1353276353277
industrial_changeover,3515,703,5,Order5,703,2.9720000000000003e-05,0.01671603973954916,1338.0,1319.0,6.447657108306885,0.5757668018341064,7.023423910140991,1282.0,1348.0938833570412
industrial_changeover,3520,704,5,Order5,704,2.9620000000000004e-05,0.010423230705782771,1338.0,1319.0,6.149043798446655,0.5022785663604736,6.651322364807129,1282.0,1348.0525568181818
industrial_changeover,3525,705,5,Order5,705,2.9520000000000002e-05,-0.023331831209361553,1308.0,1319.0,6.136747121810913,0.5004892349243164,6.6372363567352295,1282.0,1348.0113475177304
industrial_changeover,3530,706,5,Order5,706,2.9420000000000003e-05,-0.01049119234085083,1316.0,1319.0,6.177962064743042,0.5426831245422363,6.720645189285278,1282.0,1347.970254957507
industrial_changeover,3535,707,5,Order5,707,2.9320000000000004e-05,-0.008069524774327874,1326.0,1319.0,6.435010671615601,0.4922652244567871,6.927275896072388,1282.0,1347.92927864215
industrial_changeover,3540,708,5,Order5,708,2.922e-05,0.023253428284078836,1351.0,1319.0,6.259947776794434,0.49051666259765625,6.75046443939209,1282.0,1347.888418079096
industrial_changeover,3545,709,5,Order5,709,2.9120000000000002e-05,-0.01684147445484996,1319.0,1319.0,6.354355335235596,0.49518442153930664,6.849539756774902,1282.0,1347.8476727785614
industrial_changeover,3550,710,5,Order5,710,2.9020000000000003e-05,-0.013514720369130373,1320.0,1319.0,6.357659339904785,0.514427661895752,6.872087001800537,1282.0,1347.807042253521
industrial_changeover,3555,711,5,Order5,711,2.8920000000000004e-05,0.035105856135487556,1351.0,1319.0,6.425282955169678,0.49943995475769043,6.924722909927368,1282.0,1347.7665260196907
industrial_changeover,3560,712,5,Order5,712,2.8820000000000002e-05,-0.017105604987591505,1339.0,1319.0,6.35892391204834,0.49563026428222656,6.854554176330566,1282.0,1347.7261235955057
industrial_changeover,3565,713,5,Order5,713,2.8720000000000003e-05,-0.043342046439647675,1272.0,1319.0,6.680571556091309,0.5151565074920654,7.195728063583374,1282.0,1347.6858345021037
industrial_changeover,3570,714,5,Order5,714,2.8620000000000004e-05,-0.010897437576204538,1319.0,1319.0,6.15929913520813,0.5310828685760498,6.69038200378418,1282.0,1347.6456582633052
industrial_changeover,3575,715,5,Order5,715,2.852e-05,-0.007061365409754217,1320.0,1336.0,6.093371629714966,0.5179252624511719,6.611296892166138,1282.0,1347.6293706293707
industrial_changeover,3580,716,5,Order5,716,2.8420000000000002e-05,-0.0138195448089391,1323.0,1319.0,6.084577322006226,0.4935426712036133,6.578119993209839,1282.0,1347.5893854748604
industrial_changeover,3585,717,5,Order5,717,2.8320000000000003e-05,-0.001115701801609248,1323.0,1319.0,6.266043663024902,0.5064191818237305,6.772462844848633,1282.0,1347.549511854951
industrial_changeover,3590,718,5,Order5,718,2.822e-05,-0.018990763928741217,1326.0,1319.0,6.374109506607056,0.5389063358306885,6.913015842437744,1282.0,1347.5097493036212
industrial_changeover,3595,719,5,Order5,719,2.8120000000000002e-05,0.011357595445588231,1334.0,1336.0,6.188431978225708,0.4867360591888428,6.675168037414551,1282.0,1347.4937413073712
industrial_changeover,3600,720,5,Order5,720,2.8020000000000003e-05,-0.043434216640889645,1275.0,1336.0,6.285440444946289,0.48477625846862793,6.770216703414917,1282.0,1347.4777777777779
industrial_changeover,3605,721,5,Order5,721,2.792e-05,-0.04580786172300577,1304.0,1319.0,6.2266716957092285,0.4951009750366211,6.72177267074585,1282.0,1347.4382801664356
industrial_changeover,3610,722,5,Order5,722,2.782e-05,-0.013877531746402383,1315.0,1319.0,6.387298107147217,0.4937911033630371,6.881089210510254,1282.0,1347.398891966759
industrial_changeover,3615,723,5,Order5,723,2.7720000000000002e-05,0.011633781250566244,1327.0,1319.0,6.296539783477783,0.4929325580596924,6.789472341537476,1282.0,1347.3596127247579
industrial_changeover,3620,724,5,Order5,724,2.762e-05,-0.061823674477636814,1275.0,1319.0,6.395207166671753,0.507824182510376,6.903031349182129,1282.0,1347.3204419889503
industrial_changeover,3625,725,5,Order5,725,2.752e-05,0.024003397207707167,1326.0,1319.0,6.771939277648926,0.5601658821105957,7.3321051597595215,1282.0,1347.2813793103448
industrial_changeover,3630,726,5,Order5,726,2.7420000000000002e-05,-0.012625224888324738,1323.0,1319.0,6.3126304149627686,0.4844372272491455,6.797067642211914,1282.0,1347.2424242424242
industrial_changeover,3635,727,5,Order5,727,2.7320000000000003e-05,0.006960041238926351,1324.0,1319.0,6.231994152069092,0.48093485832214355,6.712929010391235,1282.0,1347.203576341128
industrial_changeover,3640,728,5,Order5,728,2.722e-05,-0.02502298168838024,1305.0,1319.0,6.1948511600494385,0.4826774597167969,6.677528619766235,1282.0,1347.1648351648353
industrial_changeover,3645,729,5,Order5,729,2.712e-05,-0.030018843710422516,1271.0,1319.0,6.626946687698364,0.5178124904632568,7.144759178161621,1282.0,1347.1262002743483
industrial_changeover,3650,730,5,Order5,730,2.7020000000000002e-05,-0.008184093981981277,1335.0,1319.0,6.514187574386597,0.5434346199035645,7.057622194290161,1282.0,1347.0876712328768
industrial_changeover,3655,731,5,Order5,731,2.692e-05,0.006297841086052358,1335.0,1319.0,6.280380487442017,0.5008881092071533,6.78126859664917,1282.0,1347.0492476060192
industrial_changeover,3660,732,5,Order5,732,2.682e-05,0.0045100467978045344,1335.0,1319.0,6.39558482170105,0.5066831111907959,6.902267932891846,1282.0,1347.0109289617487
industrial_changeover,3665,733,5,Order5,733,2.672e-05,-0.015661146258935332,1319.0,1319.0,6.45866847038269,0.5144026279449463,6.973071098327637,1282.0,1346.9727148703955
industrial_changeover,3670,734,5,Order5,734,2.662e-05,0.025104581844061613,1338.0,1336.0,6.4449782371521,0.5016608238220215,6.946639060974121,1282.0,1346.957765667575
industrial_changeover,3675,735,5,Order5,735,2.652e-05,-0.062474386766552925,1272.0,1319.0,6.520963668823242,0.5114541053771973,7.0324177742004395,1282.0,1346.9197278911565
industrial_changeover,3680,736,5,Order5,736,2.642e-05,0.019096783362329006,1324.0,1319.0,6.5382771492004395,0.5127973556518555,7.051074504852295,1282.0,1346.8817934782608
industrial_changeover,3685,737,5,Order5,737,2.632e-05,-0.03786700498312712,1272.0,1319.0,6.630201578140259,0.5074584484100342,7.137660026550293,1282.0,1346.843962008141
industrial_changeover,3690,738,5,Order5,738,2.622e-05,-0.04404896963387728,1271.0,1319.0,6.386997699737549,0.4930448532104492,6.880042552947998,1282.0,1346.8062330623306
industrial_changeover,3695,739,5,Order5,739,2.612e-05,0.008951797848567367,1319.0,1319.0,6.1366047859191895,0.47885942459106445,6.615464210510254,1282.0,1346.7686062246278
industrial_changeover,3700,740,5,Order5,740,2.602e-05,0.011344375554472208,1339.0,1319.0,6.0291924476623535,0.510239839553833,6.5394322872161865,1282.0,1346.7310810810811
industrial_changeover,3705,741,5,Order5,741,2.592e-05,-0.034537152387201786,1272.0,1319.0,6.410597562789917,0.549206018447876,6.959803581237793,1282.0,1346.693657219973
industrial_changeover,3710,742,5,Order5,742,2.582e-05,-0.009825944434851408,1334.0,1319.0,6.447272777557373,0.48467397689819336,6.931946754455566,1282.0,1346.6563342318059
industrial_changeover,3715,743,5,Order5,743,2.572e-05,-0.018454579170793295,1319.0,1319.0,6.331823348999023,0.49971532821655273,6.831538677215576,1282.0,1346.6191117092867
industrial_changeover,3720,744,5,Order5,744,2.562e-05,-0.03556037228554487,1271.0,1319.0,6.314702033996582,0.4939882755279541,6.808690309524536,1282.0,1346.5819892473119
industrial_changeover,3725,745,5,Order5,745,2.552e-05,0.005193997058086097,1323.0,1319.0,6.329529523849487,0.5115351676940918,6.841064691543579,1282.0,1346.544966442953
industrial_changeover,3730,746,5,Order5,746,2.542e-05,-0.02885221317410469,1304.0,1319.0,6.368299961090088,0.49773120880126953,6.866031169891357,1282.0,1346.5080428954423
industrial_changeover,3735,747,5,Order5,747,2.5319999999999998e-05,0.0007570116576971486,1313.0,1319.0,6.317458629608154,0.5031812191009521,6.8206398487091064,1282.0,1346.471218206158
industrial_changeover,3740,748,5,Order5,748,2.522e-05,-0.013188157929107547,1323.0,1319.0,6.484333515167236,0.5098083019256592,6.9941418170928955,1282.0,1346.4344919786097
industrial_changeover,3745,749,5,Order5,749,2.512e-05,0.007453891099430621,1327.0,1319.0,6.254815340042114,0.48813867568969727,6.7429540157318115,1282.0,1346.3978638184246
industrial_changeover,3750,750,5,Order5,750,2.5019999999999998e-05,-0.013724271208047867,1319.0,1319.0,6.178943634033203,0.4804553985595703,6.659399032592773,1282.0,1346.3613333333333
industrial_changeover,3755,751,5,Order5,751,2.492e-05,-0.005729083903133869,1315.0,1319.0,6.077401876449585,0.4736671447753906,6.551069021224976,1282.0,1346.3249001331558
industrial_changeover,3760,752,5,Order5,752,2.482e-05,0.02342346217483282,1355.0,1319.0,6.220203161239624,0.5298686027526855,6.75007176399231,1282.0,1346.2885638297873
industrial_changeover,3765,753,5,Order5,753,2.4719999999999997e-05,-0.025968855246901512,1323.0,1319.0,6.359395265579224,0.542351245880127,6.901746511459351,1282.0,1346.2523240371845
industrial_changeover,3770,754,5,Order5,754,2.4619999999999998e-05,-0.005844894447363913,1303.0,1319.0,6.221364259719849,0.4929795265197754,6.714343786239624,1282.0,1346.2161803713527
industrial_changeover,3775,755,5,Order5,755,2.452e-05,-0.013509820215404034,1318.0,1319.0,6.320189476013184,0.4982001781463623,6.818389654159546,1282.0,1346.180132450331
industrial_changeover,3780,756,5,Order5,756,2.442e-05,-0.005830304347909987,1306.0,1319.0,6.424736022949219,0.5006000995635986,6.925336122512817,1282.0,1346.1441798941798
industrial_changeover,3785,757,5,Order5,757,2.4319999999999998e-05,-0.05150480382144451,1255.0,1319.0,6.545960187911987,0.5366420745849609,7.082602262496948,1282.0,1346.108322324967
industrial_changeover,3790,758,5,Order5,758,2.422e-05,-0.025660288520157337,1272.0,1319.0,6.5894646644592285,0.5032258033752441,7.092690467834473,1282.0,1346.0725593667546
industrial_changeover,3795,759,5,Order5,759,2.412e-05,-0.003392362443264574,1305.0,1319.0,6.4313225746154785,0.5019042491912842,6.933226823806763,1282.0,1346.0368906455863
industrial_changeover,3800,760,5,Order5,760,2.4019999999999997e-05,-0.0088847316801548,1318.0,1319.0,6.5906195640563965,0.5302588939666748,7.120878458023071,1282.0,1346.0013157894737
industrial_changeover,3805,761,5,Order5,761,2.3919999999999998e-05,0.003337899746838957,1327.0,1319.0,6.3460469245910645,0.5049691200256348,6.851016044616699,1282.0,1345.9658344283837
industrial_changeover,3810,762,5,Order5,762,2.382e-05,-0.029666290152817965,1304.0,1319.0,6.2307960987091064,0.4826829433441162,6.713479042053223,1282.0,1345.9304461942256
industrial_changeover,3815,763,5,Order5,763,2.3719999999999997e-05,0.015838873106986284,1320.0,1319.0,6.156538009643555,0.4897477626800537,6.646285772323608,1282.0,1345.8951507208387
industrial_changeover,3820,764,5,Order5,764,2.3619999999999997e-05,-0.01734989881515503,1305.0,1319.0,6.478093385696411,0.49697327613830566,6.975066661834717,1282.0,1345.859947643979
industrial_changeover,3825,765,5,Order5,765,2.352e-05,-0.0030784491100348532,1308.0,1319.0,6.569813251495361,0.5477452278137207,7.117558479309082,1282.0,1345.8248366013072
industrial_changeover,3830,766,5,Order5,766,2.3419999999999996e-05,-0.027297466527670622,1272.0,1319.0,6.244908809661865,0.47951793670654297,6.724426746368408,1282.0,1345.789817232376
industrial_changeover,3835,767,5,Order5,767,2.3319999999999997e-05,-0.03748116549104452,1275.0,1319.0,6.422746896743774,0.49399328231811523,6.91674017906189,1282.0,1345.754889178618
industrial_changeover,3840,768,5,Order5,768,2.3219999999999998e-05,0.006871597724966705,1308.0,1319.0,6.327913045883179,0.4943206310272217,6.8222336769104,1282.0,1345.7200520833333
industrial_changeover,3845,769,5,Order5,769,2.312e-05,-0.04511105176061392,1309.0,1319.0,6.427547216415405,0.5092239379882812,6.9367711544036865,1282.0,1345.6853055916774
industrial_changeover,3850,770,5,Order5,770,2.3019999999999996e-05,-0.013551917858421803,1271.0,1308.0,6.553248405456543,0.5218579769134521,7.075106382369995,1282.0,1345.6363636363637
industrial_changeover,3855,771,5,Order5,771,2.2919999999999997e-05,0.027862554416060448,1345.0,1319.0,6.513591289520264,0.5325484275817871,7.046139717102051,1282.0,1345.6018158236056
industrial_changeover,3860,772,5,Order5,772,2.282e-05,-0.03967238962650299,1274.0,1319.0,6.602048635482788,0.5238540172576904,7.1259026527404785,1282.0,1345.5673575129533
industrial_changeover,3865,773,5,Order5,773,2.2719999999999996e-05,0.03326966613531113,1339.0,1319.0,6.27488899230957,0.4855048656463623,6.760393857955933,1282.0,1345.5329883570505
industrial_changeover,3870,774,5,Order5,774,2.2619999999999997e-05,-0.02197399642318487,1275.0,1308.0,6.174682378768921,0.47850966453552246,6.653192043304443,1282.0,1345.484496124031
industrial_changeover,3875,775,5,Order5,775,2.2519999999999998e-05,-0.007422379101626575,1310.0,1308.0,6.174870014190674,0.5019965171813965,6.67686653137207,1282.0,1345.4361290322581
industrial_changeover,3880,776,5,Order5,776,2.2419999999999995e-05,-0.03984172269701958,1275.0,1308.0,6.643234968185425,0.539086103439331,7.182321071624756,1282.0,1345.3878865979382
industrial_changeover,3885,777,5,Order5,777,2.2319999999999996e-05,-0.021441434044390917,1272.0,1319.0,6.245711326599121,0.49323153495788574,6.738942861557007,1282.0,1345.3539253539254
industrial_changeover,3890,778,5,Order5,778,2.2219999999999997e-05,-0.0038499420043081045,1307.0,1308.0,6.292122840881348,0.49353456497192383,6.7856574058532715,1282.0,1345.305912596401
industrial_changeover,3895,779,5,Order5,779,2.2119999999999995e-05,-0.005494519718922675,1306.0,1308.0,6.152596712112427,0.5116233825683594,6.664220094680786,1282.0,1345.258023106547
industrial_changeover,3900,780,5,Order5,780,2.2019999999999996e-05,-0.012360677355900407,1322.0,1319.0,6.360244274139404,0.5114665031433105,6.871710777282715,1282.0,1345.224358974359
industrial_changeover,3905,781,5,Order5,781,2.1919999999999997e-05,-0.03124099923297763,1275.0,1319.0,6.307433128356934,0.5071146488189697,6.814547777175903,1282.0,1345.190781049936
industrial_changeover,3910,782,5,Order5,782,2.1819999999999994e-05,0.026432649698108435,1346.0,1319.0,6.3363800048828125,0.4925711154937744,6.828951120376587,1282.0,1345.1572890025575
industrial_changeover,3915,783,5,Order5,783,2.1719999999999995e-05,-0.032344057224690914,1275.0,1308.0,6.372615814208984,0.4920220375061035,6.864637851715088,1282.0,1345.1098339719028
industrial_changeover,3920,784,5,Order5,784,2.1619999999999996e-05,0.011104106204584241,1319.0,1308.0,6.327308654785156,0.49454712867736816,6.821855783462524,1282.0,1345.0625
industrial_changeover,3925,785,5,Order5,785,2.1519999999999997e-05,0.002104306418914348,1316.0,1308.0,6.225444555282593,0.49273228645324707,6.71817684173584,1282.0,1345.0152866242038
industrial_changeover,3930,786,5,Order5,786,2.1419999999999995e-05,-0.008740810677409172,1306.0,1308.0,6.185652256011963,0.48438215255737305,6.670034408569336,1282.0,1344.968193384224
industrial_changeover,3935,787,5,Order5,787,2.1319999999999996e-05,-0.06578877381980419,1236.0,1308.0,6.380061626434326,0.5139636993408203,6.8940253257751465,1282.0,1344.9212198221094
industrial_changeover,3940,788,5,Order5,788,2.1220000000000007e-05,0.05718148220330477,1397.0,1308.0,6.616525411605835,0.4877171516418457,7.104242563247681,1282.0,1344.8743654822335
industrial_changeover,3945,789,5,Order5,789,2.1120000000000008e-05,-0.014053890714421868,1326.0,1308.0,6.247203350067139,0.4981522560119629,6.745355606079102,1282.0,1344.8276299112802
industrial_changeover,3950,790,5,Order5,790,2.1020000000000005e-05,0.025230078026652336,1351.0,1308.0,6.309261798858643,0.4887659549713135,6.798027753829956,1282.0,1344.7810126582278
industrial_changeover,3955,791,5,Order5,791,2.0920000000000006e-05,-0.03207568917423487,1272.0,1308.0,6.349429130554199,0.5105452537536621,6.859974384307861,1282.0,1344.7345132743362
industrial_changeover,3960,792,5,Order5,792,2.0820000000000007e-05,0.018600380048155785,1326.0,1308.0,6.622895240783691,0.5370583534240723,7.159953594207764,1282.0,1344.6881313131314
industrial_changeover,3965,793,5,Order5,793,2.0720000000000005e-05,-0.027423406019806862,1307.0,1308.0,6.42026948928833,0.49605298042297363,6.916322469711304,1282.0,1344.641866330391
industrial_changeover,3970,794,5,Order5,794,2.0620000000000006e-05,-0.04246722534298897,1305.0,1308.0,6.298960447311401,0.5006520748138428,6.799612522125244,1282.0,1344.595717884131
industrial_changeover,3975,795,5,Order5,795,2.0520000000000007e-05,0.01080491067841649,1323.0,1308.0,6.5309154987335205,0.5151565074920654,7.046072006225586,1282.0,1344.5496855345912
industrial_changeover,3980,796,5,Order5,796,2.0420000000000004e-05,0.01712651178240776,1351.0,1308.0,6.228351593017578,0.4843170642852783,6.7126686573028564,1282.0,1344.5037688442212
industrial_changeover,3985,797,5,Order5,797,2.0320000000000005e-05,0.03278310317546129,1371.0,1308.0,6.240429162979126,0.49276256561279297,6.733191728591919,1282.0,1344.4579673776661
industrial_changeover,3990,798,5,Order5,798,2.0220000000000006e-05,-0.02989215962588787,1275.0,1308.0,6.1399009227752686,0.4783668518066406,6.618267774581909,1282.0,1344.4122807017543
industrial_changeover,3995,799,5,Order5,799,2.0120000000000004e-05,-0.014391289791092277,1309.0,1308.0,6.193844556808472,0.4841115474700928,6.6779561042785645,1282.0,1344.3667083854818
industrial_changeover,4000,800,5,Order5,800,2.0020000000000005e-05,-0.016939133871346712,1300.0,1308.0,6.27245020866394,0.5260345935821533,6.798484802246094,1282.0,1344.32125
industrial_changeover,4005,801,5,Order5,801,1.9920000000000006e-05,-0.014562400756403804,1308.0,1308.0,6.207310676574707,0.48972010612487793,6.697030782699585,1282.0,1344.2759051186017
industrial_changeover,4010,802,5,Order5,802,1.9820000000000007e-05,-0.015819373074918985,1306.0,1308.0,6.268017530441284,0.49393200874328613,6.76194953918457,1282.0,1344.2306733167081
industrial_changeover,4015,803,5,Order5,803,1.9720000000000004e-05,-0.0070295981131494045,1305.0,1308.0,6.363081455230713,0.4943976402282715,6.857479095458984,1282.0,1344.1855541718555
industrial_changeover,4020,804,5,Order5,804,1.9620000000000005e-05,-0.0036688148975372314,1324.0,1308.0,6.339168548583984,0.5002961158752441,6.8394646644592285,1282.0,1344.1405472636816
industrial_changeover,4025,805,5,Order5,805,1.9520000000000006e-05,-0.03677958436310291,1256.0,1308.0,6.481368780136108,0.5175237655639648,6.998892545700073,1282.0,1344.095652173913
industrial_changeover,4030,806,5,Order5,806,1.9420000000000004e-05,0.03217240422964096,1366.0,1308.0,6.434469699859619,0.4885249137878418,6.922994613647461,1282.0,1344.0508684863523
industrial_changeover,4035,807,5,Order5,807,1.9320000000000005e-05,-0.015018468024209142,1320.0,1308.0,6.538601875305176,0.5182883739471436,7.056890249252319,1282.0,1344.006195786865
industrial_changeover,4040,808,5,Order5,808,1.9220000000000006e-05,0.006699364050291479,1324.0,1308.0,6.20015549659729,0.4889261722564697,6.68908166885376,1282.0,1343.9616336633662
industrial_changeover,4045,809,5,Order5,809,1.9120000000000003e-05,0.008791967760771513,1330.0,1308.0,6.306551694869995,0.48354077339172363,6.790092468261719,1282.0,1343.9171817058098
industrial_changeover,4050,810,5,Order5,810,1.9020000000000004e-05,-0.015219074906781316,1303.0,1308.0,6.138997316360474,0.4774818420410156,6.616479158401489,1282.0,1343.8728395061728
industrial_changeover,4055,811,5,Order5,811,1.8920000000000005e-05,0.024969960562884808,1350.0,1308.0,6.282500505447388,0.5090365409851074,6.791537046432495,1282.0,1343.8286066584465
industrial_changeover,4060,812,5,Order5,812,1.8820000000000003e-05,-0.012492853216826916,1309.0,1308.0,6.545544862747192,0.488025426864624,7.033570289611816,1282.0,1343.7844827586207
industrial_changeover,4065,813,5,Order5,813,1.8720000000000004e-05,0.0008156641124514863,1305.0,1308.0,6.261487245559692,0.5164575576782227,6.777944803237915,1282.0,1343.740467404674
industrial_changeover,4070,814,5,Order5,814,1.8620000000000005e-05,-0.03532647993415594,1305.0,1308.0,6.248783111572266,0.4961662292480469,6.7449493408203125,1282.0,1343.69656019656
industrial_changeover,4075,815,5,Order5,815,1.8520000000000006e-05,0.0011524237343110144,1308.0,1308.0,6.520104646682739,0.5097687244415283,7.029873371124268,1282.0,1343.6527607361963
industrial_changeover,4080,816,5,Order5,816,1.8420000000000003e-05,-0.042241908609867096,1252.0,1308.0,6.367891073226929,0.5208821296691895,6.888773202896118,1282.0,1343.609068627451
industrial_changeover,4085,817,5,Order5,817,1.8320000000000004e-05,0.0015209536941256374,1316.0,1308.0,6.302753448486328,0.5106265544891357,6.813380002975464,1282.0,1343.5654834761322
industrial_changeover,4090,818,5,Order5,818,1.8220000000000005e-05,-0.049674599431455135,1272.0,1308.0,6.428419351577759,0.5129969120025635,6.941416263580322,1282.0,1343.5220048899755
industrial_changeover,4095,819,5,Order5,819,1.8120000000000003e-05,-0.04379400331526995,1271.0,1308.0,6.254424333572388,0.5288097858428955,6.783234119415283,1282.0,1343.4786324786326
industrial_changeover,4100,820,5,Order5,820,1.8020000000000004e-05,0.007211304386146367,1309.0,1308.0,6.17223334312439,0.4899771213531494,6.662210464477539,1282.0,1343.4353658536586
industrial_changeover,4105,821,5,Order5,821,1.7920000000000005e-05,-0.014760448597371578,1305.0,1308.0,6.045385360717773,0.4904301166534424,6.535815477371216,1282.0,1343.3922046285018
industrial_changeover,4110,822,5,Order5,822,1.7820000000000002e-05,0.0317827882245183,1345.0,1308.0,6.394665241241455,0.49525880813598633,6.889924049377441,1282.0,1343.3491484184915
industrial_changeover,4115,823,5,Order5,823,1.7720000000000003e-05,-0.019223244860768318,1313.0,1308.0,6.195736885070801,0.5094857215881348,6.7052226066589355,1282.0,1343.3061968408263
industrial_changeover,4120,824,5,Order5,824,1.7620000000000004e-05,-0.005677121924236417,1308.0,1308.0,6.329035997390747,0.5049021244049072,6.833938121795654,1282.0,1343.263349514563
industrial_changeover,4125,825,5,Order5,825,1.752e-05,-0.04029879719018936,1251.0,1308.0,6.3945207595825195,0.5125343799591064,6.907055139541626,1282.0,1343.220606060606
industrial_changeover,4130,826,5,Order5,826,1.7420000000000003e-05,-0.02317368471994996,1275.0,1308.0,6.299543857574463,0.4905390739440918,6.790082931518555,1282.0,1343.177966101695
industrial_changeover,4135,827,5,Order5,827,1.7320000000000004e-05,-0.03481113538146019,1272.0,1308.0,6.311645984649658,0.4967992305755615,6.80844521522522,1282.0,1343.1354292623942
industrial_changeover,4140,828,5,Order5,828,1.722e-05,0.06717711500823498,1420.0,1308.0,6.2592058181762695,0.4974970817565918,6.756702899932861,1282.0,1343.092995169082
industrial_changeover,4145,829,5,Order5,829,1.7120000000000002e-05,0.029818044044077396,1387.0,1308.0,6.450453996658325,0.4931671619415283,6.9436211585998535,1282.0,1343.0506634499397
industrial_changeover,4150,830,5,Order5,830,1.7020000000000003e-05,-0.011015740456059575,1313.0,1308.0,6.5080201625823975,0.5515007972717285,7.059520959854126,1282.0,1343.0084337349397
industrial_changeover,4155,831,5,Order5,831,1.6920000000000004e-05,-0.009542640065774322,1305.0,1308.0,6.160212993621826,0.4865736961364746,6.646786689758301,1282.0,1342.9663056558363
industrial_changeover,4160,832,5,Order5,832,1.682e-05,0.03400669898837805,1351.0,1308.0,6.086772203445435,0.4888293743133545,6.575601577758789,1282.0,1342.9242788461538
industrial_changeover,4165,833,5,Order5,833,1.6720000000000003e-05,-0.03761660400778055,1270.0,1308.0,6.127345561981201,0.4962441921234131,6.623589754104614,1282.0,1342.8823529411766
industrial_changeover,4170,834,5,Order5,834,1.6620000000000004e-05,-0.0015543477784376591,1305.0,1308.0,6.330788850784302,0.5282192230224609,6.859008073806763,1282.0,1342.8405275779376
industrial_changeover,4175,835,5,Order5,835,1.652e-05,-0.04227448347955942,1275.0,1308.0,6.449662446975708,0.5609984397888184,7.010660886764526,1282.0,1342.7988023952096
industrial_changeover,4180,836,5,Order5,836,1.6420000000000002e-05,0.03570386581122875,1352.0,1308.0,6.298532724380493,0.49712467193603516,6.795657396316528,1282.0,1342.7571770334928
industrial_changeover,4185,837,5,Order5,837,1.6320000000000003e-05,-0.00844802032224834,1304.0,1308.0,6.453424453735352,0.5206851959228516,6.974109649658203,1282.0,1342.715651135006
industrial_changeover,4190,838,5,Order5,838,1.622e-05,-0.002801004739012569,1308.0,1308.0,6.490436553955078,0.5082480907440186,6.998684644699097,1282.0,1342.6742243436754
industrial_changeover,4195,839,5,Order5,839,1.612e-05,0.03515210095793009,1352.0,1308.0,6.572082281112671,0.5066721439361572,7.078754425048828,1282.0,1342.632896305125
industrial_changeover,4200,840,5,Order5,840,1.6020000000000002e-05,-0.010109108639881015,1319.0,1308.0,6.514232873916626,0.5122685432434082,7.026501417160034,1282.0,1342.5916666666667
industrial_changeover,4205,841,5,Order5,841,1.592e-05,-0.014302557799965143,1274.0,1308.0,6.407103538513184,0.5226917266845703,6.929795265197754,1282.0,1342.550535077289
industrial_changeover,4210,842,5,Order5,842,1.582e-05,-0.04124601650983095,1272.0,1308.0,6.4292521476745605,0.5165374279022217,6.945789575576782,1282.0,1342.5095011876485
industrial_changeover,4215,843,5,Order5,843,1.5720000000000002e-05,-0.008291398175060749,1306.0,1308.0,6.096783876419067,0.4747579097747803,6.571541786193848,1282.0,1342.4685646500593
industrial_changeover,4220,844,5,Order5,844,1.5620000000000003e-05,-0.024010874330997467,1305.0,1308.0,6.168286561965942,0.5030484199523926,6.671334981918335,1282.0,1342.4277251184835
industrial_changeover,4225,845,5,Order5,845,1.552e-05,-0.02264035027474165,1272.0,1308.0,6.066503524780273,0.4935030937194824,6.560006618499756,1282.0,1342.3869822485208
industrial_changeover,4230,846,5,Order5,846,1.542e-05,-0.011185226729139686,1306.0,1308.0,6.450807094573975,0.49360013008117676,6.944407224655151,1282.0,1342.3463356973996
industrial_changeover,4235,847,5,Order5,847,1.5320000000000002e-05,-0.0006612771248910576,1319.0,1308.0,6.3540239334106445,0.5323677062988281,6.886391639709473,1282.0,1342.3057851239669
industrial_changeover,4240,848,5,Order5,848,1.5220000000000002e-05,0.008877752115949988,1323.0,1308.0,6.224850654602051,0.4980940818786621,6.722944736480713,1282.0,1342.2653301886792
industrial_changeover,4245,849,5,Order5,849,1.5120000000000001e-05,0.007941993186250329,1324.0,1308.0,6.242966175079346,0.4954688549041748,6.7384350299835205,1282.0,1342.2249705535924
industrial_changeover,4250,850,5,Order5,850,1.502e-05,-0.004588801180943847,1327.0,1308.0,6.317415714263916,0.5034370422363281,6.820852756500244,1282.0,1342.184705882353
industrial_changeover,4255,851,5,Order5,851,1.4920000000000001e-05,-0.011331885820254683,1308.0,1308.0,6.516069173812866,0.5104520320892334,7.0265212059021,1282.0,1342.144535840188
industrial_changeover,4260,852,5,Order5,852,1.482e-05,-0.010657250881195068,1304.0,1308.0,6.636267900466919,0.521113395690918,7.157381296157837,1282.0,1342.1044600938967
industrial_changeover,4265,853,5,Order5,853,1.472e-05,0.017068793065845966,1352.0,1308.0,6.385027647018433,0.5183162689208984,6.903343915939331,1282.0,1342.0644783118405
industrial_changeover,4270,854,5,Order5,854,1.462e-05,-0.0005380398215493187,1323.0,1308.0,6.271483421325684,0.47987937927246094,6.7513628005981445,1282.0,1342.0245901639344
industrial_changeover,4275,855,5,Order5,855,1.452e-05,0.010591641766950488,1316.0,1308.0,6.1582417488098145,0.4981217384338379,6.656363487243652,1282.0,1341.9847953216374
industrial_changeover,4280,856,5,Order5,856,1.4420000000000001e-05,0.0006674336036667228,1308.0,1308.0,6.066556930541992,0.4790184497833252,6.545575380325317,1282.0,1341.9450934579438
industrial_changeover,4285,857,5,Order5,857,1.432e-05,0.008252694737166166,1341.0,1308.0,6.349656105041504,0.5152559280395508,6.864912033081055,1282.0,1341.9054842473745
industrial_changeover,4290,858,5,Order5,858,1.422e-05,0.00440786883700639,1323.0,1308.0,6.234961986541748,0.515887975692749,6.750849962234497,1282.0,1341.8659673659674
industrial_changeover,4295,859,5,Order5,859,1.412e-05,0.0019983385573141277,1313.0,1308.0,6.269374847412109,0.5022947788238525,6.771669626235962,1282.0,1341.8265424912688
industrial_changeover,4300,860,5,Order5,860,1.402e-05,-0.0041904839454218745,1305.0,1308.0,6.4627649784088135,0.5036084651947021,6.966373443603516,1282.0,1341.7872093023257
industrial_changeover,4305,861,5,Order5,861,1.3919999999999999e-05,-0.01061593578197062,1296.0,1308.0,6.438828945159912,0.49797701835632324,6.936805963516235,1282.0,1341.7479674796748
industrial_changeover,4310,862,5,Order5,862,1.382e-05,-0.009595168521627784,1316.0,1308.0,6.530071020126343,0.5221951007843018,7.0522661209106445,1282.0,1341.7088167053364
industrial_changeover,4315,863,5,Order5,863,1.3719999999999999e-05,-0.05446053482592106,1236.0,1308.0,6.38167929649353,0.5152602195739746,6.896939516067505,1282.0,1341.6697566628043
industrial_changeover,4320,864,5,Order5,864,1.362e-05,0.03003550972789526,1352.0,1308.0,6.380961894989014,0.49978137016296387,6.8807432651519775,1282.0,1341.630787037037
industrial_changeover,4325,865,5,Order5,865,1.352e-05,-0.013333182549104095,1309.0,1308.0,6.551846504211426,0.5188138484954834,7.070660352706909,1282.0,1341.591907514451
industrial_changeover,4330,866,5,Order5,866,1.3419999999999999e-05,-0.05753491632640362,1271.0,1308.0,6.277146577835083,0.5022759437561035,6.7794225215911865,1282.0,1341.55311778291
industrial_changeover,4335,867,5,Order5,867,1.332e-05,-0.0016616381471976638,1319.0,1308.0,6.232770919799805,0.5184695720672607,6.751240491867065,1282.0,1341.5144175317187
industrial_changeover,4340,868,5,Order5,868,1.3219999999999999e-05,0.002523984177969396,1323.0,1308.0,6.140216827392578,0.49973607063293457,6.639952898025513,1282.0,1341.475806451613
industrial_changeover,4345,869,5,Order5,869,1.312e-05,-0.0023094271891750395,1305.0,1308.0,6.432497024536133,0.521343469619751,6.953840494155884,1282.0,1341.4372842347525
industrial_changeover,4350,870,5,Order5,870,1.3019999999999999e-05,-0.009069316321983933,1304.0,1308.0,6.407026052474976,0.5326321125030518,6.939658164978027,1282.0,1341.3988505747127
industrial_changeover,4355,871,5,Order5,871,1.2919999999999998e-05,0.004528961842879653,1327.0,1308.0,6.373379945755005,0.5007832050323486,6.8741631507873535,1282.0,1341.3605051664754
industrial_changeover,4360,872,5,Order5,872,1.282e-05,-0.00961641175672412,1316.0,1308.0,6.332737922668457,0.5151381492614746,6.847876071929932,1282.0,1341.322247706422
industrial_changeover,4365,873,5,Order5,873,1.2719999999999998e-05,0.056839472614228725,1421.0,1308.0,6.389732122421265,0.5068068504333496,6.896538972854614,1282.0,1341.2840778923253
industrial_changeover,4370,874,5,Order5,874,1.2619999999999998e-05,-0.020733117125928402,1303.0,1308.0,6.592158317565918,0.5126438140869141,7.104802131652832,1282.0,1341.245995423341
industrial_changeover,4375,875,5,Order5,875,1.2519999999999999e-05,0.018213222734630108,1323.0,1308.0,6.507426500320435,0.5361835956573486,7.043610095977783,1282.0,1341.208
industrial_changeover,4380,876,5,Order5,876,1.2419999999999998e-05,-0.030215321574360132,1275.0,1308.0,6.548532485961914,0.5489568710327148,7.097489356994629,1282.0,1341.170091324201
industrial_changeover,4385,877,5,Order5,877,1.2319999999999999e-05,-0.012592686340212822,1308.0,1308.0,6.613509654998779,0.5031254291534424,7.116635084152222,1282.0,1341.1322690992017
industrial_changeover,4390,878,5,Order5,878,1.2219999999999998e-05,0.009409536141902208,1324.0,1308.0,6.410417556762695,0.49726343154907227,6.907680988311768,1282.0,1341.0945330296126
industrial_changeover,4395,879,5,Order5,879,1.2119999999999997e-05,-0.014426687499508262,1315.0,1308.0,6.2750563621521,0.47859811782836914,6.753654479980469,1282.0,1341.056882821388
industrial_changeover,4400,880,5,Order5,880,1.2019999999999998e-05,-0.012592061655595899,1309.0,1308.0,6.215156078338623,0.511279821395874,6.726435899734497,1282.0,1341.019318181818
industrial_changeover,4405,881,5,Order5,881,1.1919999999999998e-05,-0.016591656021773815,1316.0,1308.0,6.466593265533447,0.4998021125793457,6.966395378112793,1282.0,1340.9818388195233
industrial_changeover,4410,882,5,Order5,882,1.1819999999999997e-05,-0.015311638824641705,1304.0,1308.0,6.689715385437012,0.5090651512145996,7.198780536651611,1282.0,1340.9444444444443
industrial_changeover,4415,883,5,Order5,883,1.1719999999999998e-05,0.0006882420420879498,1324.0,1308.0,6.188770771026611,0.48822879791259766,6.676999568939209,1282.0,1340.9071347678369
industrial_changeover,4420,884,5,Order5,884,1.1619999999999997e-05,-0.03246126789599657,1275.0,1308.0,6.458391427993774,0.505906343460083,6.964297771453857,1282.0,1340.8699095022625
industrial_changeover,4425,885,5,Order5,885,1.1519999999999998e-05,0.02580138249322772,1353.0,1308.0,6.55791163444519,0.5067586898803711,7.0646703243255615,1282.0,1340.8327683615819
industrial_changeover,4430,886,5,Order5,886,1.1419999999999997e-05,-0.00424730044323951,1306.0,1308.0,6.598567008972168,0.5090758800506592,7.107642889022827,1282.0,1340.7957110609482
industrial_changeover,4435,887,5,Order5,887,1.1319999999999997e-05,0.042333703488111496,1371.0,1308.0,6.508364677429199,0.5467731952667236,7.055137872695923,1282.0,1340.7587373167983
industrial_changeover,4440,888,5,Order5,888,1.1219999999999998e-05,-0.04132819268852472,1270.0,1308.0,6.517971754074097,0.5216808319091797,7.039652585983276,1282.0,1340.7218468468468
industrial_changeover,4445,889,5,Order5,889,1.1119999999999997e-05,-0.05267365649342537,1251.0,1308.0,6.337575674057007,0.47904443740844727,6.816620111465454,1282.0,1340.6850393700788
industrial_changeover,4450,890,5,Order5,890,1.1019999999999998e-05,-0.0036768147838301957,1309.0,1308.0,6.25606632232666,0.4962468147277832,6.752313137054443,1282.0,1340.6483146067417
industrial_changeover,4455,891,5,Order5,891,1.0919999999999997e-05,-0.029254676774144173,1272.0,1308.0,6.119477987289429,0.47739267349243164,6.59687066078186,1282.0,1340.611672278339
industrial_changeover,4460,892,5,Order5,892,1.0819999999999996e-05,0.006774884182959795,1312.0,1308.0,6.758993864059448,0.5312163829803467,7.290210247039795,1282.0,1340.5751121076232
industrial_changeover,4465,893,5,Order5,893,1.0719999999999997e-05,-0.010248811217024922,1304.0,1308.0,6.2456138134002686,0.4754657745361328,6.721079587936401,1282.0,1340.538633818589
industrial_changeover,4470,894,5,Order5,894,1.0619999999999997e-05,-0.0108980773948133,1304.0,1308.0,6.22832727432251,0.49246954917907715,6.720796823501587,1282.0,1340.5022371364653
industrial_changeover,4475,895,5,Order5,895,1.0519999999999996e-05,-0.017243279609829187,1271.0,1308.0,6.446832180023193,0.5116372108459473,6.958469390869141,1282.0,1340.4659217877095
industrial_changeover,4480,896,5,Order5,896,1.0419999999999997e-05,-0.0036773979081772268,1304.0,1308.0,6.337387323379517,0.5114414691925049,6.8488287925720215,1282.0,1340.4296875
industrial_changeover,4485,897,5,Order5,897,1.0319999999999996e-05,0.013561195228248835,1326.0,1308.0,6.55488395690918,0.539421796798706,7.094305753707886,1282.0,1340.3935340022297
industrial_changeover,4490,898,5,Order5,898,1.0219999999999997e-05,-0.005874874768778682,1304.0,1308.0,6.390281915664673,0.5205795764923096,6.910861492156982,1282.0,1340.357461024499
industrial_changeover,4495,899,5,Order5,899,1.0119999999999996e-05,-0.02592676505446434,1274.0,1308.0,6.536198139190674,0.5315313339233398,7.067729473114014,1282.0,1340.321468298109
industrial_changeover,4500,900,5,Order5,900,1.0019999999999996e-05,-0.003641735762357712,1306.0,1308.0,6.621485471725464,0.5178351402282715,7.139320611953735,1282.0,1340.2855555555554
industrial_changeover,4505,901,5,Order5,901,1e-05,-0.011453387327492237,1305.0,1308.0,6.269627094268799,0.5325336456298828,6.802160739898682,1282.0,1340.2497225305217
industrial_changeover,4510,902,5,Order5,902,1e-05,-0.021995183546096087,1308.0,1308.0,6.208175897598267,0.4854249954223633,6.69360089302063,1282.0,1340.2139689578714
industrial_changeover,4515,903,5,Order5,903,1e-05,0.015814509242773056,1351.0,1308.0,6.075647592544556,0.48003482818603516,6.555682420730591,1282.0,1340.1782945736434
industrial_changeover,4520,904,5,Order5,904,1e-05,-0.004787919577211142,1308.0,1308.0,6.588961839675903,0.5079736709594727,7.096935510635376,1282.0,1340.1426991150443
industrial_changeover,4525,905,5,Order5,905,1e-05,0.042926667258143425,1394.0,1308.0,6.430035352706909,0.559051513671875,6.989086866378784,1282.0,1340.107182320442
industrial_changeover,4530,906,5,Order5,906,1e-05,-0.01187765784561634,1323.0,1308.0,6.192479610443115,0.4943258762359619,6.686805486679077,1282.0,1340.0717439293599
industrial_changeover,4535,907,5,Order5,907,1e-05,-0.00785685726441443,1313.0,1308.0,6.408783197402954,0.4980318546295166,6.906815052032471,1282.0,1340.0363836824697
industrial_changeover,4540,908,5,Order5,908,1e-05,0.0008958791731856763,1335.0,1308.0,6.286018133163452,0.5198547840118408,6.805872917175293,1282.0,1340.0011013215858
industrial_changeover,4545,909,5,Order5,909,1e-05,-0.0447855805978179,1271.0,1308.0,6.351701498031616,0.5261168479919434,6.87781834602356,1282.0,1339.965896589659
industrial_changeover,4550,910,5,Order5,910,1e-05,-0.028359032701700926,1272.0,1308.0,6.347509145736694,0.48796606063842773,6.835475206375122,1282.0,1339.9307692307693
industrial_changeover,4555,911,5,Order5,911,1e-05,-0.019473977852612734,1275.0,1308.0,6.303926467895508,0.5377428531646729,6.841669321060181,1282.0,1339.8957189901207
industrial_changeover,4560,912,5,Order5,912,1e-05,-0.0069033276522532105,1315.0,1308.0,6.373729944229126,0.5025539398193359,6.876283884048462,1282.0,1339.860745614035
industrial_changeover,4565,913,5,Order5,913,1e-05,0.02915962692350149,1355.0,1308.0,6.20903468132019,0.49620723724365234,6.705241918563843,1282.0,1339.8258488499453
industrial_changeover,4570,914,5,Order5,914,1e-05,0.026388610247522593,1369.0,1308.0,6.245650291442871,0.5202524662017822,6.765902757644653,1282.0,1339.7910284463894
industrial_changeover,4575,915,5,Order5,915,1e-05,-0.022412643302232027,1305.0,1308.0,6.141906023025513,0.4895322322845459,6.631438255310059,1282.0,1339.7562841530055
industrial_changeover,4580,916,5,Order5,916,1e-05,0.02216847939416766,1355.0,1308.0,6.384150981903076,0.5468153953552246,6.930966377258301,1282.0,1339.721615720524
industrial_changeover,4585,917,5,Order5,917,1e-05,-0.008316862862557173,1319.0,1308.0,6.335106372833252,0.5053319931030273,6.840438365936279,1282.0,1339.6870229007634
industrial_changeover,4590,918,5,Order5,918,1e-05,-0.026343826670199633,1272.0,1308.0,6.331815481185913,0.5068948268890381,6.838710308074951,1282.0,1339.652505446623
industrial_changeover,4595,919,5,Order5,919,1e-05,-0.018265025224536657,1304.0,1308.0,6.4796812534332275,0.49337005615234375,6.973051309585571,1282.0,1339.6180631120783
industrial_changeover,4600,920,5,Order5,920,1e-05,-0.00850850366987288,1308.0,1308.0,6.49636173248291,0.5024573802947998,6.99881911277771,1282.0,1339.583695652174
industrial_changeover,4605,921,5,Order5,921,1e-05,-0.011120438342913985,1308.0,1308.0,6.62222957611084,0.5101070404052734,7.132336616516113,1282.0,1339.5494028230185
industrial_changeover,4610,922,5,Order5,922,1e-05,-0.004082403378561139,1308.0,1308.0,6.44115424156189,0.5153803825378418,6.9565346240997314,1282.0,1339.5151843817787
industrial_changeover,4615,923,5,Order5,923,1e-05,-0.0032102357945404947,1308.0,1308.0,6.559645175933838,0.5132606029510498,7.072905778884888,1282.0,1339.4810400866738
industrial_changeover,4620,924,5,Order5,924,1e-05,-0.0027048533083871007,1315.0,1308.0,6.236865520477295,0.49816441535949707,6.735029935836792,1282.0,1339.4469696969697
industrial_changeover,4625,925,5,Order5,925,1e-05,-0.042704385705292225,1251.0,1308.0,6.27351450920105,0.49291229248046875,6.7664268016815186,1282.0,1339.412972972973
industrial_changeover,4630,926,5,Order5,926,1e-05,-0.015781895723193884,1304.0,1308.0,6.145639896392822,0.4857449531555176,6.63138484954834,1282.0,1339.379049676026
industrial_changeover,4635,927,5,Order5,927,1e-05,-0.008579689543694258,1305.0,1308.0,6.460066556930542,0.537250280380249,6.997316837310791,1282.0,1339.3451995685004
industrial_changeover,4640,928,5,Order5,928,1e-05,0.03878487925976515,1352.0,1308.0,6.350246429443359,0.5407719612121582,6.891018390655518,1282.0,1339.311422413793
industrial_changeover,4645,929,5,Order5,929,1e-05,0.0016679131076671183,1322.0,1308.0,6.113473653793335,0.5016036033630371,6.615077257156372,1282.0,1339.2777179763186
industrial_changeover,4650,930,5,Order5,930,1e-05,0.07055611163377762,1415.0,1308.0,6.223466157913208,0.4912571907043457,6.714723348617554,1282.0,1339.2440860215054
industrial_changeover,4655,931,5,Order5,931,1e-05,0.016014673281461,1382.0,1308.0,6.230375051498413,0.49847936630249023,6.728854417800903,1282.0,1339.2105263157894
industrial_changeover,4660,932,5,Order5,932,1e-05,-0.03210862912237644,1271.0,1308.0,6.274187803268433,0.4843933582305908,6.758581161499023,1282.0,1339.1770386266094
industrial_changeover,4665,933,5,Order5,933,1e-05,0.00920487754046917,1320.0,1308.0,6.3762006759643555,0.507282018661499,6.8834826946258545,1282.0,1339.1436227224008
industrial_changeover,4670,934,5,Order5,934,1e-05,-0.028162183240056038,1275.0,1308.0,6.381532430648804,0.5135581493377686,6.895090579986572,1282.0,1339.110278372591
industrial_changeover,4675,935,5,Order5,935,1e-05,-0.0007791712268954143,1308.0,1308.0,6.523024082183838,0.5254194736480713,7.048443555831909,1282.0,1339.0770053475935
industrial_changeover,4680,936,5,Order5,936,1e-05,-0.030095387250185013,1271.0,1308.0,6.099354028701782,0.4731454849243164,6.572499513626099,1282.0,1339.0438034188035
industrial_changeover,4685,937,5,Order5,937,1e-05,0.002083481289446354,1304.0,1308.0,6.189429044723511,0.497194766998291,6.686623811721802,1282.0,1339.0106723585911
industrial_changeover,4690,938,5,Order5,938,1e-05,0.0007494287128793076,1309.0,1308.0,6.106977939605713,0.48795604705810547,6.594933986663818,1282.0,1338.9776119402984
industrial_changeover,4695,939,5,Order5,939,1e-05,0.012736116535961628,1327.0,1308.0,6.444193363189697,0.5185647010803223,6.9627580642700195,1282.0,1338.944621938232
industrial_changeover,4700,940,5,Order5,940,1e-05,-0.01836006296798587,1272.0,1308.0,6.557786226272583,0.5847294330596924,7.142515659332275,1282.0,1338.9117021276595
industrial_changeover,4705,941,5,Order5,941,1e-05,-0.011921999277547002,1308.0,1308.0,6.262134790420532,0.5106737613677979,6.77280855178833,1282.0,1338.8788522848033
industrial_changeover,4710,942,5,Order5,942,1e-05,0.009971077321097255,1323.0,1308.0,6.321763277053833,0.51239013671875,6.834153413772583,1282.0,1338.8460721868364
industrial_changeover,4715,943,5,Order5,943,1e-05,-0.026897013187408447,1275.0,1308.0,6.32719612121582,0.49760937690734863,6.824805498123169,1282.0,1338.813361611877
industrial_changeover,4720,944,5,Order5,944,1e-05,-0.022629208397120237,1272.0,1308.0,6.4812071323394775,0.5090334415435791,6.990240573883057,1282.0,1338.780720338983
industrial_changeover,4725,945,5,Order5,945,1e-05,0.0003340411712997593,1313.0,1308.0,6.429054021835327,0.5007951259613037,6.929849147796631,1282.0,1338.7481481481482
industrial_changeover,4730,946,5,Order5,946,1e-05,-0.005107288132421672,1313.0,1308.0,6.477163791656494,0.5329058170318604,7.0100696086883545,1282.0,1338.715644820296
industrial_changeover,4735,947,5,Order5,947,1e-05,0.021622910629957914,1343.0,1308.0,6.517557621002197,0.49242401123046875,7.009981632232666,1282.0,1338.6832101372756
industrial_changeover,4740,948,5,Order5,948,1e-05,0.01921044196933508,1346.0,1308.0,6.1718361377716064,0.4912252426147461,6.6630613803863525,1282.0,1338.6508438818566
industrial_changeover,4745,949,5,Order5,949,1e-05,-0.030343749094754457,1275.0,1308.0,6.0975987911224365,0.4851827621459961,6.582781553268433,1282.0,1338.618545837724
industrial_changeover,4750,950,5,Order5,950,1e-05,-0.0056994997430592775,1313.0,1308.0,6.298396348953247,0.4977703094482422,6.796166658401489,1282.0,1338.5863157894737
industrial_changeover,4755,951,5,Order5,951,1e-05,-0.011413638014346361,1316.0,1308.0,6.452811241149902,0.5502066612243652,7.003017902374268,1282.0,1338.5541535226077
industrial_changeover,4760,952,5,Order5,952,1e-05,0.05158836767077446,1387.0,1308.0,6.212472915649414,0.48186564445495605,6.69433856010437,1282.0,1338.5220588235295
industrial_changeover,4765,953,5,Order5,953,1e-05,-0.015084132552146912,1315.0,1308.0,6.256750583648682,0.5028541088104248,6.7596046924591064,1282.0,1338.4900314795384
industrial_changeover,4770,954,5,Order5,954,1e-05,-0.057704840786755085,1236.0,1308.0,6.272761821746826,0.5025129318237305,6.775274753570557,1282.0,1338.458071278826
industrial_changeover,4775,955,5,Order5,955,1e-05,0.0016072553407866508,1308.0,1308.0,6.36313009262085,0.49900269508361816,6.862132787704468,1282.0,1338.4261780104712
industrial_changeover,4780,956,5,Order5,956,1e-05,-0.004357586265541613,1306.0,1308.0,6.48131799697876,0.48927760124206543,6.970595598220825,1282.0,1338.3943514644352
industrial_changeover,4785,957,5,Order5,957,1e-05,-0.022087140008807182,1275.0,1308.0,6.411162853240967,0.5032188892364502,6.914381742477417,1282.0,1338.362591431557
industrial_changeover,4790,958,5,Order5,958,1e-05,-0.031399838626384735,1272.0,1308.0,6.630289793014526,0.5076417922973633,7.13793158531189,1282.0,1338.330897703549
industrial_changeover,4795,959,5,Order5,959,1e-05,-0.024826706387102604,1271.0,1308.0,6.294578313827515,0.48026084899902344,6.774839162826538,1282.0,1338.2992700729926
industrial_changeover,4800,960,5,Order5,960,1e-05,0.012859178939834237,1355.0,1308.0,6.224458932876587,0.47728633880615234,6.701745271682739,1282.0,1338.2677083333333
industrial_changeover,4805,961,5,Order5,961,1e-05,-0.0689582098275423,1236.0,1308.0,6.103149652481079,0.46936798095703125,6.57251763343811,1282.0,1338.236212278876
industrial_changeover,4810,962,5,Order5,962,1e-05,0.002484388998709619,1308.0,1308.0,6.328489065170288,0.5314183235168457,6.859907388687134,1282.0,1338.2047817047817
industrial_changeover,4815,963,5,Order5,963,1e-05,0.020030456595122814,1352.0,1308.0,6.34030294418335,0.515557050704956,6.855859994888306,1282.0,1338.1734164070613
industrial_changeover,4820,964,5,Order5,964,1e-05,-0.008471121778711677,1302.0,1308.0,6.211001634597778,0.4820671081542969,6.693068742752075,1282.0,1338.1421161825726
industrial_changeover,4825,965,5,Order5,965,1e-05,-0.0046445392072200775,1322.0,1308.0,6.343940734863281,0.5159938335418701,6.859934568405151,1282.0,1338.1108808290155
industrial_changeover,4830,966,5,Order5,966,1e-05,-0.0265488694421947,1272.0,1308.0,6.500772714614868,0.5213930606842041,7.022165775299072,1282.0,1338.0797101449275
industrial_changeover,4835,967,5,Order5,967,1e-05,0.005276558571495116,1305.0,1308.0,6.508957147598267,0.5297403335571289,7.0386974811553955,1282.0,1338.0486039296795
industrial_changeover,4840,968,5,Order5,968,1e-05,0.01616678573191166,1354.0,1308.0,6.662686586380005,0.5373528003692627,7.200039386749268,1282.0,1338.017561983471
industrial_changeover,4845,969,5,Order5,969,1e-05,-0.05434539634734392,1251.0,1308.0,6.531250238418579,0.5158040523529053,7.047054290771484,1282.0,1337.9865841073272
industrial_changeover,4850,970,5,Order5,970,1e-05,-0.0020005886326543987,1308.0,1308.0,6.559480667114258,0.5242824554443359,7.083763122558594,1282.0,1337.9556701030929
industrial_changeover,4855,971,5,Order5,971,1e-05,-0.025955600664019585,1275.0,1308.0,6.30399489402771,0.5000441074371338,6.804039001464844,1282.0,1337.9248197734294
industrial_changeover,4860,972,5,Order5,972,1e-05,0.018795218784362078,1327.0,1308.0,6.220751523971558,0.4901998043060303,6.710951328277588,1282.0,1337.8940329218108
industrial_changeover,4865,973,5,Order5,973,1e-05,0.0035818570759147406,1316.0,1308.0,6.068410873413086,0.4862980842590332,6.554708957672119,1282.0,1337.863309352518
industrial_changeover,4870,974,5,Order5,974,1e-05,-0.00635209702886641,1309.0,1308.0,6.333075284957886,0.5177528858184814,6.850828170776367,1282.0,1337.8326488706366
industrial_changeover,4875,975,5,Order5,975,1e-05,-0.008519124006852508,1320.0,1308.0,6.357892990112305,0.4912302494049072,6.849123239517212,1282.0,1337.8020512820513
industrial_changeover,4880,976,5,Order5,976,1e-05,0.02523441193625331,1351.0,1308.0,6.329517364501953,0.5036137104034424,6.8331310749053955,1282.0,1337.7715163934427
industrial_changeover,4885,977,5,Order5,977,1e-05,-0.01770008262246847,1275.0,1308.0,6.348486423492432,0.4972085952758789,6.8456950187683105,1282.0,1337.7410440122826
industrial_changeover,4890,978,5,Order5,978,1e-05,0.009391878265887499,1304.0,1308.0,6.186172008514404,0.4920365810394287,6.678208589553833,1282.0,1337.7106339468303
industrial_changeover,4895,979,5,Order5,979,1e-05,0.009698566049337387,1340.0,1308.0,6.376361131668091,0.4966726303100586,6.873033761978149,1282.0,1337.6802860061287
industrial_changeover,4900,980,5,Order5,980,1e-05,-0.0018813993083313107,1304.0,1308.0,6.401532411575317,0.4953267574310303,6.896859169006348,1282.0,1337.65
industrial_changeover,4905,981,5,Order5,981,1e-05,-0.02186535159125924,1274.0,1308.0,6.338707208633423,0.5214688777923584,6.860176086425781,1282.0,1337.6197757390419
industrial_changeover,4910,982,5,Order5,982,1e-05,-0.029442626051604748,1275.0,1308.0,6.38088321685791,0.4802994728088379,6.861182689666748,1282.0,1337.5896130346232
industrial_changeover,4915,983,5,Order5,983,1e-05,-0.02505687577649951,1272.0,1308.0,6.274854421615601,0.48269224166870117,6.757546663284302,1282.0,1337.559511698881
industrial_changeover,4920,984,5,Order5,984,1e-05,-0.003018953080754727,1305.0,1308.0,6.130175828933716,0.47400927543640137,6.604185104370117,1282.0,1337.5294715447155
industrial_changeover,4925,985,5,Order5,985,1e-05,-0.040827819146215916,1272.0,1308.0,6.3209617137908936,0.5306253433227539,6.8515870571136475,1282.0,1337.4994923857869
industrial_changeover,4930,986,5,Order5,986,1e-05,-0.034802380949258804,1272.0,1308.0,6.57827091217041,0.5148749351501465,7.093145847320557,1282.0,1337.4695740365112
industrial_changeover,4935,987,5,Order5,987,1e-05,0.06444363668560982,1404.0,1308.0,6.206878185272217,0.5053184032440186,6.712196588516235,1282.0,1337.4397163120568
industrial_changeover,4940,988,5,Order5,988,1e-05,-0.00048726166278356686,1323.0,1308.0,6.381468296051025,0.5001928806304932,6.8816611766815186,1282.0,1337.40991902834
industrial_changeover,4945,989,5,Order5,989,1e-05,-0.025754996109753847,1272.0,1308.0,6.307426691055298,0.5377469062805176,6.845173597335815,1282.0,1337.3801820020221
industrial_changeover,4950,990,5,Order5,990,1e-05,-0.003913181368261576,1308.0,1308.0,6.491961717605591,0.5198371410369873,7.011798858642578,1282.0,1337.350505050505
industrial_changeover,4955,991,5,Order5,991,1e-05,-0.02412264095619321,1272.0,1308.0,6.422662734985352,0.49727749824523926,6.919940233230591,1282.0,1337.3208879919273
industrial_changeover,4960,992,5,Order5,992,1e-05,-0.014169833390042186,1272.0,1308.0,6.58164381980896,0.5325298309326172,7.114173650741577,1282.0,1337.2913306451612
industrial_changeover,4965,993,5,Order5,993,1e-05,-0.0013268882757984102,1316.0,1308.0,6.600278854370117,0.5010695457458496,7.101348400115967,1282.0,1337.2618328298086
industrial_changeover,4970,994,5,Order5,994,1e-05,-0.01692224619910121,1308.0,1308.0,6.277203321456909,0.5212883949279785,6.798491716384888,1282.0,1337.2323943661972
industrial_changeover,4975,995,5,Order5,995,1e-05,0.006985088926739991,1323.0,1308.0,6.07551121711731,0.4788680076599121,6.554379224777222,1282.0,1337.203015075377
industrial_changeover,4980,996,5,Order5,996,1e-05,-0.014395934529602528,1305.0,1308.0,6.14945650100708,0.48964858055114746,6.6391050815582275,1282.0,1337.1736947791164
industrial_changeover,4985,997,5,Order5,997,1e-05,0.05878469627350569,1404.0,1308.0,6.481719017028809,0.503018856048584,6.984737873077393,1282.0,1337.1444332998997
industrial_changeover,4990,998,5,Order5,998,1e-05,-0.0012915348925162107,1318.0,1308.0,6.206571578979492,0.5156495571136475,6.72222113609314,1282.0,1337.1152304609218
industrial_changeover,4995,999,5,Order5,999,1e-05,0.019701443146914244,1341.0,1308.0,6.402841806411743,0.48305416107177734,6.8858959674835205,1282.0,1337.0860860860862
industrial_changeover,5000,1000,5,Order5,1000,1e-05,-0.036071546375751495,1272.0,1308.0,6.286298036575317,0.5045568943023682,6.7908549308776855,1282.0,1337.057
